cluster,app,keyword,popularity,competitiveness,num_apps,rank,importance
art-creatif,Sketchar,그림,63,78,239,7,14.62
art-creatif,Sketchar,artworkout,62,97,250,72,7.49
art-creatif,Sketchar,drawing,61,95,248,39,8.43
art-creatif,Sketchar,draw,60,98,248,44,8.07
art-creatif,Sketchar,sketchbook,60,95,248,30,8.84
art-creatif,Sketchar,ar drawing,60,87,247,19,9.98
art-creatif,Sketchar,simply draw,60,91,248,53,7.74
art-creatif,Sketchar,krita,52,86,246,107,5.81
art-creatif,Sketchar,sketch,51,97,248,15,9.10
art-creatif,Sketchar,lern app,50,92,248,47,6.62
art-creatif,Sketchar,drawing projector,49,84,248,26,7.49
art-creatif,Sketchar,voi,48,93,246,218,4.72
art-creatif,Sketchar,ar drawing sketch paint,46,83,245,45,6.15
art-creatif,Sketchar,рисовать,45,87,250,31,6.58
art-creatif,Sketchar,draw things,45,95,248,144,4.76
art-creatif,Sketchar,앱,42,81,246,31,6.14
art-creatif,Sketchar,drawing apps free,41,82,247,212,4.05
art-creatif,Sketchar,trace drawing app,30,,248,158,3.12
art-creatif,Sketchar,paar app,28,92,244,143,2.97
art-creatif,Sketchar,learn to draw free,27,84,234,33,3.89
art-creatif,Sketchar,ar drawing free,24,84,248,12,4.59
art-creatif,Sketchar,ドローイング,23,46,250,7,5.34
art-creatif,Sketchar,ensi,14,82,248,111,1.55
art-creatif,Sketchar,drawing vibe,13,,208,11,2.56
art-creatif,Sketchar,adobe draw,9,58,245,202,0.90
art-creatif,Sketchar,sketch app,9,93,244,33,1.30
art-creatif,Sketchar,ar draw,9,93,247,18,1.52
art-creatif,Sketchar,how to draw,9,96,249,227,0.88
art-creatif,Sketchar,ardrawing,9,81,239,69,1.10
art-creatif,Sketchar,dessins,8,44,240,19,1.33
art-creatif,Sketchar,lightbox trace,8,58,206,13,1.49
art-creatif,Sketchar,drawly,8,92,249,223,0.78
art-creatif,Sketchar,art drawing,7,88,247,214,0.69
art-creatif,Sketchar,draw app,7,91,247,208,0.69
art-creatif,Sketchar,sketch up,7,58,241,193,0.70
art-creatif,Sketchar,drawing desk,7,78,248,85,0.82
art-creatif,Sketchar,tayasui sketches,7,70,241,238,0.68
art-creatif,Sketchar,trace table,7,74,149,109,0.78
art-creatif,Sketchar,sketch ar,6,65,247,1,6.00
art-creatif,Sketchar,aprender a dibujar,6,89,248,106,0.67
art-creatif,Sketchar,arworkout,6,93,249,51,0.78
art-creatif,Sketchar,ar draw sketch,6,94,243,43,0.81
art-creatif,Sketchar,ar sketch,6,90,249,7,1.39
art-creatif,Sketchar,ar trace,6,93,249,214,0.59
art-creatif,Sketchar,draw something classic,5,95,173,49,0.66
art-creatif,Sketchar,ve,5,93,222,10,1.02
art-creatif,Sketchar,ar kit,5,58,241,170,0.51
art-creatif,Sketchar,draw on video,5,,216,30,0.74
art-creatif,Sketchar,drawing apps for ipad,5,91,247,198,0.50
art-creatif,Sketchar,sketchers,5,85,250,129,0.54
art-creatif,Sketchar,sketcher,5,58,247,2,2.29
art-creatif,Sketchar,outline drawing,5,79,248,203,0.50
art-creatif,Sketchar,how to apps,5,,221,90,0.58
art-creatif,Sketchar,drawing design,5,,248,18,0.84
art-creatif,Sketchar,plan drawing,5,,221,27,0.76
art-creatif,Sketchar,ar app,5,70,247,7,1.16
art-creatif,Sketchar,ar learning,5,50,243,37,0.70
art-creatif,Sketchar,drying,5,83,247,198,0.50
art-creatif,Sketchar,sketchar,5,66,248,1,5.00
art-creatif,Sketchar,zeichen,5,85,151,2,2.29
art-creatif,Sketchar,finger draw,5,67,193,16,0.87
art-creatif,Sketchar,pixel draw,5,79,211,58,0.63
art-creatif,Sketchar,pixel art drawing,5,69,234,34,0.71
art-creatif,Sketchar,free ar apps,5,85,250,2,2.29
art-creatif,Sketchar,angry birds ar isle of pigs,5,86,197,15,0.89
art-creatif,Sketchar,de trace,5,40,245,188,0.50
art-creatif,Sketchar,how to design,5,40,235,76,0.60
art-creatif,Sketchar,design in ar,5,25,247,55,0.64
art-creatif,Sketchar,art sketch,5,87,246,141,0.53
art-creatif,Sketchar,camera lucida,5,,192,10,1.02
art-creatif,Sketchar,应用,5,88,239,28,0.75
art-creatif,Sketchar,dumb ways to draw,5,,207,14,0.91
art-creatif,Sketchar,drawing story,5,83,248,17,0.86
art-creatif,Sketchar,ar paint,5,70,247,163,0.52
art-creatif,Sketchar,write on pictures app,5,,189,91,0.58
art-creatif,Sketchar,learn drawing,5,96,248,33,0.72
art-creatif,Sketchar,рисовать на фото,5,88,250,123,0.54
art-creatif,Sketchar,drawing tutorials,5,93,245,63,0.62
art-creatif,Sketchar,ipad drawing app,5,84,243,144,0.53
art-creatif,Sketchar,paper.io,5,100,244,158,0.52
art-creatif,Sketchar,dessiner,5,64,245,2,2.29
art-creatif,Sketchar,art inspiration,5,91,218,208,0.50
art-creatif,Sketchar,hand drawing,5,66,249,142,0.53
art-creatif,Sketchar,drawing lessons step by step,5,13,240,71,0.61
art-creatif,Sketchar,museum pool,5,59,247,2,2.29
art-creatif,Sketchar,how to draw cartoon,5,57,231,167,0.52
art-creatif,Sketchar,sketch art,5,84,247,16,0.87
art-creatif,Sketchar,drawing tablet,5,92,247,149,0.53
art-creatif,Sketchar,sketch tutorial,5,,218,39,0.69
art-creatif,Sketchar,how to draw kawaii,5,50,237,97,0.57
art-creatif,Sketchar,draw learn,5,95,250,12,0.96
art-creatif,Sketchar,рисование для детей,5,74,249,106,0.56
art-creatif,Sketchar,how to draw cartoons,5,52,227,137,0.53
art-creatif,Sketchar,drawing battle,5,41,224,16,0.87
art-creatif,Sketchar,artist app,5,66,246,30,0.74
art-creatif,Sketchar,drawing tutorial,5,87,245,216,0.49
art-creatif,Sketchar,pen draw,5,69,249,52,0.65
art-creatif,Sketchar,stretch book,5,,208,80,0.59
art-creatif,Sketchar,draw weapons,5,30,246,161,0.52
art-creatif,Sketchar,sketch school,5,62,247,152,0.52
art-creatif,Sketchar,приложения,5,97,244,228,0.49
art-creatif,Sketchar,草图,5,43,249,240,0.48
art-creatif,Sketchar,multiplayer drawing,5,79,190,14,0.91
art-creatif,Sketchar,скетч,5,84,250,4,1.49
art-creatif,Sketchar,畫圖,5,65,246,11,0.98
art-creatif,Sketchar,drawing app kids,5,59,229,58,0.63
art-creatif,Sketchar,sketch ideas,5,52,250,1,5.00
art-creatif,Sketchar,draw everything,5,48,241,7,1.16
art-creatif,Sketchar,autodraw,5,,249,8,1.10
art-creatif,Sketchar,pixel painter,5,56,228,205,0.50
art-creatif,Sketchar,draw your weapon,5,,204,14,0.91
art-creatif,Sketchar,house drawing,5,,231,25,0.77
art-creatif,Sketchar,drawing effect,5,43,238,149,0.53
art-creatif,Sketchar,sketch a day,5,47,247,161,0.52
art-creatif,Sketchar,doodle desk,5,36,197,184,0.51
art-creatif,Sketchar,sketch master,5,47,244,171,0.51
art-creatif,Sketchar,drawing prompts,5,45,248,241,0.48
art-creatif,Sketchar,drawing cartoons 2,5,,212,24,0.78
art-creatif,Sketchar,realistic drawing,5,,248,19,0.83
art-creatif,Sketchar,繪圖app,5,80,250,12,0.96
art-creatif,Sketchar,sketch maker,5,89,242,235,0.49
art-creatif,Sketchar,con la,5,86,246,218,0.49
art-creatif,Sketchar,dying,5,95,246,133,0.54
art-creatif,Sketchar,sketchen,5,84,250,88,0.58
art-creatif,Sketchar,предложения,5,87,249,231,0.49
art-creatif,Sketchar,скечбук,5,87,241,29,0.74
art-creatif,Sketchar,learn to sketch,5,85,248,6,1.24
art-creatif,Sketchar,lern-app,5,46,246,31,0.73
art-creatif,Sketchar,draw generator,5,,231,7,1.16
art-creatif,Sketchar,pocket art,5,,200,12,0.96
art-creatif,Sketchar,someth,5,54,190,163,0.52
art-creatif,Sketchar,drawing references,5,43,249,217,0.49
art-creatif,Sketchar,drawing idea,5,50,249,29,0.74
art-creatif,Sketchar,unicorn drawing,5,,226,23,0.79
art-creatif,Sketchar,drawing tools,5,74,228,20,0.82
art-creatif,Sketchar,desenhe,5,76,248,20,0.82
art-creatif,Sketchar,somethin,5,54,191,166,0.52
art-creatif,Sketchar,draw icon,5,33,247,64,0.62
art-creatif,Sketchar,icon draw,5,33,245,40,0.69
art-creatif,Sketchar,pixilart art,5,52,235,158,0.52
art-creatif,Sketchar,pixe design,5,45,246,156,0.52
art-creatif,Sketchar,animator pixelable,5,2,249,201,0.50
art-creatif,Sketchar,design pixelart,5,61,220,75,0.60
art-creatif,Sketchar,tool pixilart,5,4,248,190,0.50
art-creatif,Sketchar,pixelable texture,5,43,228,44,0.67
art-creatif,Sketchar,graphics ap,5,87,245,50,0.65
art-creatif,Sketchar,anti stress drawing,5,32,246,71,0.61
art-creatif,Sketchar,ap graphic,5,88,244,42,0.68
art-creatif,Sketchar,ap graphics,5,44,247,41,0.68
art-creatif,Sketchar,modern drawing,5,40,247,52,0.65
art-creatif,Sketchar,Drawings Pad,5,40,240,135,0.54
art-creatif,Sketchar,hexa one line drawing,5,47,247,209,0.50
art-creatif,Sketchar,learning to draw,5,88,248,154,0.52
art-creatif,Sketchar,noteit drawing,5,45,246,204,0.50
art-creatif,Sketchar,how to sketch,5,92,246,19,0.83
art-creatif,Sketchar,learn to design,5,45,244,92,0.58
art-creatif,Sketchar,name draw,5,,208,24,0.78
art-creatif,Sketchar,paint & learn,5,45,249,160,0.52
art-creatif,Sketchar,3d designing games,5,64,233,224,0.49
art-creatif,Sketchar,3d drawing & 3d modeling,5,43,248,121,0.55
art-creatif,Sketchar,desenho,5,80,240,100,0.57
art-creatif,Sketchar,drawing apps pencil art apps,5,92,248,246,0.48
art-creatif,Sketchar,Loveit Widget: Note-it Drawing,5,65,203,11,0.98
art-creatif,Sketchar,artist academy,5,34,249,225,0.49
art-creatif,Sketchar,sketching and drawing app,5,92,248,174,0.51
art-creatif,Sketchar,how to learn,5,72,239,93,0.57
art-creatif,Sketchar,drawings organizer,5,32,249,196,0.50
art-creatif,Sketchar,appropriate,5,89,248,188,0.50
art-creatif,Sketchar,how to crochet,5,67,223,108,0.56
art-creatif,Sketchar,image to sketch,5,42,247,124,0.54
art-creatif,Sketchar,app to draw,5,37,249,51,0.65
art-creatif,Sketchar,how to draw naruto,5,40,233,100,0.57
art-creatif,Sketchar,ứng dụng tập thể dục,5,88,247,15,0.89
art-creatif,Sketchar,miro mural app,5,68,246,184,0.51
art-creatif,Sketchar,draw draws,5,32,249,78,0.59
art-creatif,Sketchar,Draw It - Draw One Part,5,51,196,25,0.77
art-creatif,Sketchar,drawing practice,5,86,247,205,0.50
art-creatif,Sketchar,art drawing Dream,5,51,239,55,0.64
art-creatif,Sketchar,image to drawing,5,43,248,4,1.49
art-creatif,Sketchar,drawing for adults,5,,248,39,0.69
art-creatif,Sketchar,painting draw,5,35,237,225,0.49
art-creatif,Sketchar,screenart charging animations,5,,229,40,0.69
art-creatif,Sketchar,Drawing with Text,5,65,246,11,0.98
art-creatif,Sketchar,drawing text,5,74,246,124,0.54
art-creatif,Sketchar,learn something new everyday,5,78,248,238,0.48
art-creatif,Sketchar,в,5,84,231,63,0.62
art-creatif,Sketchar,children drawing,5,64,224,7,1.16
art-creatif,Sketchar,sketch me!,5,54,202,21,0.81
art-creatif,Sketchar,sketch studio,5,44,236,199,0.50
art-creatif,Sketchar,drawing editing apps,5,82,248,241,0.48
art-creatif,Sketchar,drawing station,5,40,249,222,0.49
art-creatif,Sketchar,ar arts,5,40,243,87,0.58
art-creatif,Sketchar,drawing step by step,5,96,247,111,0.55
art-creatif,Sketchar,sketchart,5,84,249,1,5.00
art-creatif,Sketchar,ai profilbilder bild erstellen,5,88,238,118,0.55
art-creatif,Sketchar,child drawing,5,62,220,6,1.24
art-creatif,Sketchar,ऐप,5,79,238,68,0.61
art-creatif,Sketchar,how to draw: simple lessons,5,89,244,154,0.52
art-creatif,Sketchar,drawplan,5,,211,20,0.82
art-creatif,Sketchar,teach how to draw,5,80,248,157,0.52
art-creatif,Sketchar,ipad to imac,5,68,243,94,0.57
art-creatif,Sketchar,iphone to imac,5,54,247,84,0.59
art-creatif,Sketchar,sketch ai,5,72,243,24,0.78
art-creatif,Sketchar,sketchai,5,52,247,12,0.96
art-creatif,Sketchar,art drawing game,5,71,249,33,0.72
art-creatif,Sketchar,skecth ai,5,64,246,17,0.86
art-creatif,Sketchar,art sketcher,5,87,247,127,0.54
art-creatif,Sketchar,drawing guide,5,87,248,71,0.61
art-creatif,Sketchar,dibujar y colorear,5,,248,245,0.48
art-creatif,Sketchar,draw for me,5,61,205,8,1.10
art-creatif,Sketchar,art learning game,5,40,244,112,0.55
art-creatif,Sketchar,drawing drills,5,40,249,118,0.55
art-creatif,Sketchar,drawing tactics,5,71,246,78,0.59
art-creatif,Sketchar,drawing sketches,5,80,242,32,0.73
art-creatif,Sketchar,drawapp,5,89,248,38,0.70
art-creatif,Sketchar,ar drawing sketch,5,92,245,73,0.60
art-creatif,Sketchar,monster drawing,5,46,192,23,0.79
art-creatif,Sketchar,ar drawing apps,5,90,247,8,1.10
art-creatif,Sketchar,draw easy trace to sketch,5,85,247,152,0.52
art-creatif,Sketchar,how to draw characters,5,45,234,125,0.54
art-creatif,Sketchar,how to draw mario,5,47,235,150,0.52
art-creatif,Sketchar,how to draw marvel,5,47,233,104,0.56
art-creatif,Sketchar,how to draw lessons,5,40,234,137,0.53
art-creatif,Sketchar,cartoon draw,5,84,243,136,0.53
art-creatif,Sketchar,drawing in steps,5,40,250,96,0.57
art-creatif,Sketchar,drawing with images,5,76,226,2,2.29
art-creatif,Sketchar,A.I. drawing,5,53,238,18,0.84
art-creatif,Sketchar,instagram draw,5,32,242,93,0.57
art-creatif,Sketchar,artwork out,5,96,248,79,0.59
art-creatif,Sketchar,Cartoon Drawing Step By Step,5,37,243,157,0.52
art-creatif,Sketchar,Artistic Drawing,5,32,244,104,0.56
art-creatif,Sketchar,chill drawing,5,10,250,122,0.55
art-creatif,Sketchar,learn drawing tutorials,5,86,241,15,0.89
art-creatif,Sketchar,al drawing,5,86,247,20,0.82
art-creatif,Sketchar,midriff sculpting app,5,47,245,30,0.74
art-creatif,Sketchar,ar drawing anime,5,66,247,61,0.63
art-creatif,Sketchar,draw ideas,5,69,247,114,0.55
art-creatif,Sketchar,trace sketch,5,67,249,224,0.49
art-creatif,Sketchar,应用商城,5,67,239,120,0.55
art-creatif,Sketchar,al draw,5,84,246,64,0.62
art-creatif,Sketchar,art scholl,5,78,233,196,0.50
art-creatif,Sketchar,trace doodle,5,33,63,14,0.91
art-creatif,Sketchar,Drawing  Desk,5,63,248,58,0.63
art-creatif,Sketchar,real time drawing,5,40,248,75,0.60
art-creatif,Sketchar,kits mobile app,5,86,246,62,0.62
art-creatif,Sketchar,teaching art,5,40,250,248,0.48
art-creatif,Sketchar,draw paint sketch,5,32,239,114,0.55
art-creatif,Sketchar,Draw whiteboard,5,73,244,207,0.50
art-creatif,Sketchar,draw prompt,5,34,212,9,1.06
art-creatif,Sketchar,drawing prompt,5,44,249,153,0.52
art-creatif,Sketchar,draww,5,94,249,7,1.16
art-creatif,Sketchar,pixart app,5,93,244,89,0.58
art-creatif,Sketchar,ar drawing app,5,81,248,96,0.57
art-creatif,Sketchar,Realtime Drawing,5,47,248,37,0.70
art-creatif,Sketchar,artr drawing,5,53,248,3,1.74
art-creatif,Sketchar,sketch'art,5,47,237,17,0.86
art-creatif,Sketchar,drawing help,5,90,247,27,0.76
art-creatif,Sketchar,drawing analyse,5,40,249,22,0.80
art-creatif,Sketchar,drawing analyser,5,40,247,27,0.76
art-creatif,Sketchar,ai drawing analyser,5,40,241,163,0.52
art-creatif,Sketchar,group drawing app,5,71,244,49,0.66
art-creatif,Sketchar,realtime sketching,5,40,246,102,0.56
art-creatif,Sketchar,real-time sketching,5,40,247,126,0.54
art-creatif,Sketchar,real-time drawing,5,43,246,29,0.74
art-creatif,Sketchar,remote drawing,5,43,243,42,0.68
art-creatif,Sketchar,realtime ai drawing,5,45,239,148,0.53
art-creatif,Sketchar,learn design,5,71,223,7,1.16
art-creatif,Sketchar,procreate stamps,5,,250,240,0.48
art-creatif,Sketchar,bu-jo,5,49,145,31,0.73
art-creatif,Sketchar,ar drawing for kids,5,86,249,73,0.60
art-creatif,Sketchar,drawing sheets,5,69,224,7,1.16
art-creatif,Sketchar,learn drawing kids,5,40,248,108,0.56
art-creatif,Sketchar,learn painting,5,81,205,46,0.67
art-creatif,Sketchar,AI Sketch App,5,76,235,48,0.66
art-creatif,Sketchar,AI Sketching,5,40,243,213,0.49
art-creatif,Sketchar,sketch to photo ai,5,66,245,121,0.55
art-creatif,Sketchar,3 in raw,5,90,37,6,1.24
art-creatif,Sketchar,draw with ai,5,66,244,69,0.61
art-creatif,Sketchar,sketch shapes,5,40,239,225,0.49
art-creatif,Sketchar,ar drawing kids,5,87,249,116,0.55
art-creatif,Sketchar,howtodraw,5,68,242,106,0.56
art-creatif,Sketchar,3d design for illustrators,5,46,245,241,0.48
art-creatif,Sketchar,drawing fun,5,32,245,230,0.49
art-creatif,Sketchar,Best AR Home Design Apps,5,46,245,205,0.50
art-creatif,Sketchar,white board drawing app,5,66,205,7,1.16
art-creatif,Sketchar,ar drawing: paint,5,76,233,26,0.76
art-creatif,Sketchar,drawing: paint,5,32,239,150,0.52
art-creatif,Sketchar,drawify,5,68,248,6,1.24
art-creatif,Sketchar,pixen,5,62,232,187,0.51
art-creatif,Sketchar,ar draw to sketch photo,5,60,241,19,0.83
art-creatif,Sketchar,kiddo drawing,5,56,224,7,1.16
art-creatif,Sketchar,ar sketching,5,83,249,7,1.16
art-creatif,Sketchar,drawing animator,5,74,235,203,0.50
art-creatif,Sketchar,doodle mover,5,91,231,41,0.68
art-creatif,Sketchar,drawing mover,5,40,242,94,0.57
art-creatif,Sketchar,sketches mover,5,23,209,2,2.29
art-creatif,Sketchar,animate my drawinh,5,45,221,14,0.91
art-creatif,Sketchar,animate my drawing,5,76,247,155,0.52
art-creatif,Sketchar,animate my sketches,5,22,214,11,0.98
art-creatif,Sketchar,moving drawing,5,73,248,238,0.48
art-creatif,Sketchar,kids sketch app,5,44,242,39,0.69
art-creatif,Sketchar,kids sketches app,5,45,241,68,0.61
art-creatif,Sketchar,kid sketches app,5,32,243,95,0.57
art-creatif,Sketchar,art skills,5,40,249,190,0.50
art-creatif,Sketchar,Learn to Draw : AR Sketch,5,82,239,3,1.74
art-creatif,Sketchar,'em,5,97,242,47,0.66
art-creatif,Sketchar,dream drawing,5,58,241,215,0.49
art-creatif,Sketchar,draw activities,5,43,249,170,0.51
art-creatif,Sketchar,draw prompts,5,60,247,219,0.49
art-creatif,Sketchar,guided drawing,5,93,250,199,0.50
art-creatif,Sketchar,Drawing activities,5,38,214,2,2.29
art-creatif,Sketchar,Learning draw,5,93,246,38,0.70
art-creatif,Sketchar,Learn drawing game,5,44,246,85,0.58
art-creatif,Sketchar,Learn to draw game,5,91,249,195,0.50
art-creatif,Sketchar,Game Learn to draw,5,46,243,62,0.62
art-creatif,Sketchar,Learn to draw tutorial,5,91,237,93,0.57
art-creatif,Sketchar,draw tutorial,5,88,247,9,1.06
art-creatif,Sketchar,How to draw for beginners,5,46,239,95,0.57
art-creatif,Sketchar,Learn the art of drawing,5,46,243,26,0.76
art-creatif,Sketchar,Make drawing,5,,227,11,0.98
art-creatif,Sketchar,Srawing,5,88,248,36,0.70
art-creatif,Sketchar,draw drills,5,45,249,174,0.51
art-creatif,Sketchar,Draw A Widget,5,80,243,166,0.52
art-creatif,Sketchar,scribble ai drawing,5,40,234,132,0.54
art-creatif,Sketchar,animate drawings tool,5,43,247,166,0.52
art-creatif,Sketchar,transform drawing,5,46,246,93,0.57
art-creatif,Sketchar,imagination drawing,5,40,244,50,0.65
art-creatif,Sketchar,8 bit draw,5,48,225,53,0.64
art-creatif,Sketchar,draw on tv,5,95,215,7,1.16
art-creatif,Sketchar,Pixel emoji,5,51,239,212,0.49
art-creatif,Sketchar,fun to draw,5,44,247,91,0.58
art-creatif,Sketchar,draw home,5,74,226,13,0.93
art-creatif,Sketchar,charades draw,5,39,186,32,0.73
art-creatif,Sketchar,anime drawing pad,5,40,239,122,0.55
art-creatif,Sketchar,drawing school,5,62,245,27,0.76
art-creatif,Sketchar,artworkout learn,5,49,248,127,0.54
art-creatif,Sketchar,ipad sketch app,5,52,223,140,0.53
art-creatif,Sketchar,traz,5,43,246,160,0.52
art-creatif,Sketchar,pencil to sketch,5,42,240,158,0.52
art-creatif,Sketchar,drawing creator,5,43,246,96,0.57
art-creatif,Sketchar,weapon drawing,5,24,243,147,0.53
art-creatif,Sketchar,drawing weapon,5,20,244,75,0.60
art-creatif,Sketchar,ar drawings,5,82,246,194,0.50
art-creatif,Sketchar,appopriate,5,86,249,156,0.52
art-creatif,Sketchar,3d art draw,5,42,244,84,0.59
art-creatif,Sketchar,paint 3d draw,5,87,242,129,0.54
art-creatif,Sketchar,art pro +,5,82,235,118,0.55
art-creatif,Sketchar,skech.,5,40,239,231,0.49
art-creatif,Sketchar,tracing and drawing,5,85,250,236,0.49
art-creatif,Sketchar,tracing and drawing games,5,46,246,132,0.54
art-creatif,Sketchar,line drawing extraction,5,40,244,60,0.63
art-creatif,Sketchar,draw ar picture,5,74,237,69,0.61
art-creatif,Sketchar,ar sketchh,5,40,244,32,0.73
art-creatif,Sketchar,sketch image,5,75,240,167,0.52
art-creatif,Sketchar,draw image,5,73,245,153,0.52
art-creatif,Sketchar,pixel art draw,5,57,221,10,1.02
art-creatif,Sketchar,graphviz,5,96,239,88,0.58
art-creatif,Sketchar,do something,5,26,63,11,0.98
art-creatif,Sketchar,emma chamberlan,5,89,248,40,0.69
art-creatif,Sketchar,emma chamberlain,5,89,249,47,0.66
art-creatif,Sketchar,pro.create for ipad,5,91,245,139,0.53
art-creatif,Sketchar,easydraw,5,96,247,187,0.51
art-creatif,Sketchar,learn ho to draw,5,2,229,17,0.86
art-creatif,Sketchar,sketch extractor,5,47,246,118,0.55
art-creatif,Sketchar,ar drawing: sketch & paint art,5,85,242,7,1.16
art-creatif,Sketchar,coco - ar drawing app,5,43,241,1,5.00
art-creatif,Sketchar,realitme,5,37,199,177,0.51
art-creatif,Sketchar,draw with pencil,5,42,240,80,0.59
art-creatif,Sketchar,drawing with pencil,5,40,242,35,0.71
art-creatif,Sketchar,sketching with pencil,5,40,247,126,0.54
art-creatif,Sketchar,sketch with pencil,5,40,239,108,0.56
art-creatif,Sketchar,sketching canvas,5,59,247,153,0.52
art-creatif,Sketchar,shared sketching,5,48,247,144,0.53
art-creatif,Sketchar,share draw,5,48,239,185,0.51
art-creatif,Sketchar,share drawing,5,40,246,133,0.54
art-creatif,Sketchar,share sketching,5,40,249,109,0.56
art-creatif,Sketchar,collaborate draw,5,47,242,197,0.50
art-creatif,Sketchar,collaborate drawing,5,48,240,108,0.56
art-creatif,Sketchar,collaborate sketching,5,40,245,223,0.49
art-creatif,Sketchar,canvas sketching,5,59,247,121,0.55
art-creatif,Sketchar,brush sketching,5,40,248,186,0.51
art-creatif,Sketchar,draw with brush,5,40,243,86,0.58
art-creatif,Sketchar,sketch with brush,5,40,243,79,0.59
art-creatif,Sketchar,drawing with brush,5,40,246,32,0.73
art-creatif,Sketchar,draw with fineliner,5,43,249,31,0.73
art-creatif,Sketchar,sketch with fineliner,5,40,247,73,0.60
art-creatif,Sketchar,sketching with fineliner,5,40,250,131,0.54
art-creatif,Sketchar,draw with pen,5,69,245,156,0.52
art-creatif,Sketchar,drawing with pen,5,76,247,68,0.61
art-creatif,Sketchar,sketching with watercolor,5,40,248,42,0.68
art-creatif,Sketchar,sketching art,5,40,242,127,0.54
art-creatif,Sketchar,draw wireframe,5,32,249,99,0.57
art-creatif,Sketchar,draw architecture,5,40,248,104,0.56
art-creatif,Sketchar,creative sketching,5,40,245,182,0.51
art-creatif,Sketchar,draw mockup,5,40,250,103,0.56
art-creatif,Sketchar,draw illustration,5,40,246,208,0.50
art-creatif,Sketchar,drawing illustration,5,42,246,95,0.57
art-creatif,Sketchar,sketching illustration,5,61,246,184,0.51
art-creatif,Sketchar,paperless drawing,5,40,250,59,0.63
art-creatif,Sketchar,paperless draw,5,32,249,82,0.59
art-creatif,Sketchar,for procreate,5,56,245,62,0.62
art-creatif,Sketchar,artwork finder,5,41,226,26,0.76
art-creatif,Sketchar,روکو,5,74,250,160,0.52
art-creatif,Sketchar,doodle sketch,5,,195,35,0.71
art-creatif,Sketchar,paper paint,5,,225,89,0.58
art-creatif,Sketchar,ar cam,5,75,219,88,0.58
art-creatif,Sketchar,convert to drawing,5,42,244,24,0.78
art-creatif,Sketchar,doodle pad draw,5,69,204,52,0.65
art-creatif,Sketchar,3d sketch pad,5,,57,29,0.74
art-creatif,Sketchar,painting kit,5,,210,21,0.81
art-creatif,Sketchar,simply draw: learn to draw,5,95,249,197,0.50
art-creatif,Sketchar,face to sketch,5,47,244,80,0.59
art-creatif,Sketchar,drawpop,5,89,233,19,0.83
art-creatif,Sketchar,drawing gallery,5,44,246,67,0.61
art-creatif,Sketchar,paint and learn,5,31,199,40,0.69
art-creatif,Sketchar,trace paint,5,40,242,230,0.49
art-creatif,Sketchar,how to fix,5,66,228,41,0.68
art-creatif,Sketchar,learn to earn,5,,80,35,0.71
art-creatif,Sketchar,procreaete,5,95,247,92,0.58
art-creatif,Sketchar,learn i.t,5,87,247,19,0.83
art-creatif,Sketchar,art colouring: drawing apps,5,51,248,91,0.58
art-creatif,Sketchar,draw games! kids drawing apps,5,46,245,49,0.66
art-creatif,Sketchar,drawing apps procreate draw it,5,64,249,10,1.02
art-creatif,Sketchar,drawme - drawing apps,5,38,245,8,1.10
art-creatif,Sketchar,paint book - drawing apps,5,56,243,71,0.61
art-creatif,Sketchar,ai pencil sketch,5,55,213,6,1.24
art-creatif,Sketchar,sketch ai: pencil photo sketch,5,44,247,168,0.51
art-creatif,Sketchar,draw to video,5,88,213,34,0.71
art-creatif,Sketchar,draw to live,5,79,244,45,0.67
art-creatif,Sketchar,animal drawing,5,,235,208,0.50
art-creatif,Sketchar,drawing into art,5,40,244,20,0.82
art-creatif,Sketchar,convert drawing to ai,5,40,243,70,0.61
art-creatif,Sketchar,asrm draw,5,44,250,146,0.53
art-creatif,Sketchar,asrm drawing,5,40,248,83,0.59
art-creatif,Sketchar,feather: draw in 3d,5,90,247,60,0.63
art-creatif,Sketchar,wand - ai canvas,5,,220,55,0.64
art-creatif,Sketchar,sketch,5,,166,23,0.79
art-creatif,Sketchar,educational learning apps,5,,246,123,0.54
art-creatif,Sketchar,draw anime: paint & sketch app,5,61,250,7,1.16
art-creatif,Sketchar,learn with,5,43,225,196,0.50
art-creatif,Sketchar,french curve,5,,205,31,0.73
art-creatif,Sketchar,kid draw,5,,207,45,0.67
art-creatif,Sketchar,kid draw analysis,5,42,249,227,0.49
art-creatif,Sketchar,simply%20draw,5,76,249,149,0.53
art-creatif,Sketchar,ar%20drawing,5,40,244,11,0.98
art-creatif,Sketchar,drawing%20for%20kids,5,74,203,6,1.24
art-creatif,Sketchar,seaart%20ai,5,56,208,63,0.62
art-creatif,Sketchar,drawing%20app%20for%20kids,5,46,247,11,0.98
art-creatif,Sketchar,draw%20with%20me,5,45,246,34,0.71
art-creatif,Sketchar,drawing%20apps%20for%20free,5,35,248,9,1.06
art-creatif,Sketchar,draw%20app,5,35,248,3,1.74
art-creatif,Sketchar,doodle%20buddy,5,88,214,20,0.82
art-creatif,Sketchar,drawing%20for%20kids%20free,5,84,250,77,0.60
art-creatif,Sketchar,how%20to%20draw,5,85,210,4,1.49
art-creatif,Sketchar,draw%20with%20friends,5,85,188,17,0.86
art-creatif,Sketchar,drawing%20editor,5,86,229,3,1.74
art-creatif,Sketchar,draw%20one%20part,5,44,249,102,0.56
art-creatif,Sketchar,draw%20one%20line,5,86,234,10,1.02
art-creatif,Sketchar,doodle%20magic,5,87,203,15,0.89
art-creatif,Sketchar,draw%20story,5,42,248,24,0.78
art-creatif,Sketchar,free%20drawing%20app,5,32,249,16,0.87
art-creatif,Sketchar,paint%203d,5,84,216,52,0.65
art-creatif,Sketchar,drawing%20grid,5,84,229,12,0.96
art-creatif,Sketchar,ar%20draw,5,40,242,27,0.76
art-creatif,Sketchar,drawing%20apps%20for%20ipad,5,43,245,8,1.10
art-creatif,Sketchar,draw%20easy,5,40,245,216,0.49
art-creatif,Sketchar,simple%20draw,5,40,248,219,0.49
art-creatif,Sketchar,drawing%20pad,5,91,249,49,0.66
art-creatif,Sketchar,drawing%20tutorial,5,42,243,32,0.73
art-creatif,Sketchar,drawing%20for%20kids%3A,5,86,206,7,1.16
art-creatif,Sketchar,canvas layout app,5,58,245,197,0.50
art-creatif,Sketchar,artup app,5,54,245,186,0.51
art-creatif,Sketchar,drawing%20for%20kids%20games,5,59,249,134,0.54
art-creatif,Sketchar,sketch%20school,5,72,211,3,1.74
art-creatif,Sketchar,autodesk%20sketchbook,5,53,231,15,0.89
art-creatif,Sketchar,sketches%20school,5,37,200,14,0.91
art-creatif,Sketchar,digital%20drawing,5,58,244,87,0.58
art-creatif,Sketchar,draw%20pad,5,76,207,28,0.75
art-creatif,Sketchar,draw%20and%20guess,5,73,244,74,0.60
art-creatif,Sketchar,draw%20pictures,5,32,247,216,0.49
art-creatif,Sketchar,neon%20drawing,5,39,209,9,1.06
art-creatif,Sketchar,learn%20how%20to%20draw,5,71,221,11,0.98
art-creatif,Sketchar,doodle%20art,5,29,189,49,0.66
art-creatif,Sketchar,sketch%20art,5,40,243,92,0.58
art-creatif,Sketchar,learn%20to%20draw,5,73,221,11,0.98
art-creatif,Sketchar,ar%20sketch,5,62,240,5,1.34
art-creatif,Sketchar,drawing%20apps%20free,5,36,249,3,1.74
art-creatif,Sketchar,ar%20drawing%20app,5,45,242,5,1.34
art-creatif,Sketchar,art%20drawing,5,37,207,6,1.24
art-creatif,Sketchar,sketch%20pad,5,77,225,27,0.76
art-creatif,Sketchar,drawing%20animation,5,74,228,5,1.34
art-creatif,Sketchar,drawing%20editing%20apps,5,62,245,5,1.34
art-creatif,Sketchar,drawing%20game,5,74,212,8,1.10
art-creatif,Sketchar,paint%20ai,5,40,227,26,0.76
art-creatif,Sketchar,comic%20draw,5,72,212,9,1.06
art-creatif,Sketchar,drawing%20apps%20kids,5,75,247,16,0.87
art-creatif,Sketchar,anime%20style,5,66,222,131,0.54
art-creatif,Sketchar,trace%20drawing,5,40,247,108,0.56
art-creatif,Sketchar,free%20painting%20apps,5,73,247,70,0.61
art-creatif,Sketchar,draw%20anime,5,71,226,7,1.16
art-creatif,Sketchar,drawing%20apps%20pencil%20art%20apps,5,79,247,8,1.10
art-creatif,Sketchar,draw%20things,5,73,212,19,0.83
art-creatif,Sketchar,virtual artist,5,42,243,167,0.52
art-creatif,Sketchar,kuru kuru kururin,5,,225,42,0.68
art-creatif,Sketchar,drawing to ai,5,46,237,109,0.56
art-creatif,Sketchar,spiral draw,5,,217,7,1.16
art-creatif,Sketchar,drawing%20ai,5,66,247,25,0.77
art-creatif,Sketchar,anime%20drawing,5,40,232,210,0.50
art-creatif,Sketchar,free%20drawing,5,42,250,86,0.58
art-creatif,Sketchar,drawing%20kids,5,,208,7,1.16
art-creatif,Sketchar,drawing%20lessons,5,40,246,69,0.61
art-creatif,Sketchar,drawing%20apps,5,40,248,11,0.98
art-creatif,Sketchar,geometry%20ai,5,,215,43,0.68
art-creatif,Sketchar,free%20drawing%20apps%20for%20kids,5,,247,57,0.63
art-creatif,Sketchar,drawing%20app,5,40,248,14,0.91
art-creatif,Sketchar,sketch%20app,5,40,235,41,0.68
art-creatif,Sketchar,drawing%20tablet,5,40,249,92,0.58
art-creatif,Sketchar,learn%20drawing,5,40,246,16,0.87
art-creatif,Sketchar,Drawing%20%20Book,5,42,249,27,0.76
art-creatif,Sketchar,drawing%20book,5,43,249,126,0.54
art-creatif,Sketchar,drawing%20apps%20for%20kids,5,42,247,21,0.81
art-creatif,Sketchar,infinite%20painter,5,40,246,242,0.48
art-creatif,Sketchar,easy%20pose,5,41,246,173,0.51
art-creatif,Sketchar,drawing%20projector,5,40,247,74,0.60
art-creatif,Sketchar,tracing%20projector,5,,232,19,0.83
art-creatif,Sketchar,ar learning app,5,47,242,13,0.93
art-creatif,Sketchar,how to forget,5,,231,26,0.76
art-creatif,Sketchar,tv drawing,5,,212,6,1.24
art-creatif,Sketchar,firedraw,5,,227,38,0.70
art-creatif,Sketchar,sketch art journal,5,40,245,182,0.51
art-creatif,Sketchar,draw learning,5,,236,10,1.02
art-creatif,Sketchar,free ar app,5,82,249,6,1.24
art-creatif,Sketchar,how tpo,5,,235,203,0.50
art-creatif,Sketchar,how do i look,5,,221,32,0.73
art-creatif,Sketchar,draw-to-video,5,40,241,165,0.52
art-creatif,Sketchar,how to flirt,5,,215,77,0.60
art-creatif,Sketchar,paper mache,5,,212,209,0.50
art-creatif,Sketchar,ai pencil sketch maker,5,,205,11,0.98
art-creatif,Sketchar,ai pencil sketchp,5,,209,8,1.10
art-creatif,Sketchar,learn to draw together,5,,237,61,0.63
art-creatif,Sketchar,ink crosshatching,5,,229,19,0.83
art-creatif,Sketchar,drawing app  architecture,5,42,248,16,0.87
art-creatif,Sketchar,wet folding,5,,199,19,0.83
art-creatif,Sketchar,drawing tutor,5,40,247,43,0.68
art-creatif,Sketchar,doodle peek,5,,213,17,0.86
art-creatif,Sketchar,scancreate,5,,231,3,1.74
art-creatif,Sketchar,technical sketch,5,,224,16,0.87
art-creatif,Sketchar,3d modeling app: sculpt & draw,5,47,243,79,0.59
art-creatif,Sketchar,drawing lots,5,47,245,123,0.54
art-creatif,Sketchar,anime ar drawing,5,47,248,98,0.57
art-creatif,Sketchar,how to memorize,5,,233,54,0.64
art-creatif,Sketchar,anime ar drawing pro,5,40,241,40,0.69
art-creatif,Sketchar,drawing meet,5,47,248,233,0.49
art-creatif,Sketchar,ar drawgin,5,45,235,6,1.24
art-creatif,Sketchar,cute anime ar drawing,5,40,238,68,0.61
art-creatif,Sketchar,anime are drawing,5,40,230,49,0.66
art-creatif,Sketchar,trace sketch drawing,5,40,244,174,0.51
art-creatif,Sketchar,ar drawing: sketch & trace,5,90,246,114,0.55
art-creatif,Sketchar,ar drawing: sketch - trace,5,88,240,22,0.80
art-creatif,Sketchar,trace draw phonescreen,5,,220,8,1.10
art-creatif,Sketchar,on-screen sketch,5,,195,4,1.49
art-creatif,Sketchar,trace and sketch - drawing,5,78,245,197,0.50
art-creatif,Sketchar,draw on paper using phone,5,,222,13,0.93
art-creatif,Sketchar,kids drawing and tracing app,5,52,246,25,0.77
art-creatif,Sketchar,transparency drawing,5,,237,16,0.87
art-creatif,Sketchar,opacity drawing,5,,249,115,0.55
art-creatif,Sketchar,draw over,5,84,249,7,1.16
art-creatif,Sketchar,sketch on top,5,,224,19,0.83
art-creatif,Sketchar,simulated ar drawing,5,40,237,38,0.70
art-creatif,Sketchar,digital tracing paper,5,,248,98,0.57
art-creatif,Sketchar,ar drwaing,5,81,240,202,0.50
art-creatif,Sketchar,ar drawing art,5,79,244,3,1.74
art-creatif,Sketchar,ar drazing,5,45,240,4,1.49
art-creatif,Sketchar,are drawing,5,81,247,18,0.84
art-creatif,Sketchar,ar drawing art sketch,5,79,238,3,1.74
art-creatif,Sketchar,write and draw,5,,208,14,0.91
art-creatif,Sketchar,drawing reference finder,5,,226,4,1.49
art-creatif,Sketchar,art appsart apps,5,,247,122,0.55
art-creatif,Sketchar,dibuhar,5,94,250,155,0.52
art-creatif,Sketchar,drawing for,5,60,243,26,0.76
art-creatif,Sketchar,drawing apps for child,5,,226,7,1.16
art-creatif,Sketchar,ar drawing: sketch & art,5,86,240,8,1.10
art-creatif,Sketchar,beamart,5,,220,135,0.54
art-creatif,Sketchar,how to draw anime ar drawing,5,72,233,44,0.67
art-creatif,Sketchar,white board drawing,5,,222,11,0.98
art-creatif,Sketchar,ar drawing for free,5,86,248,13,0.93
art-creatif,Sketchar,learn figma,5,,224,5,1.34
art-creatif,Sketchar,glow spinner: finger draw art,5,,196,17,0.86
art-creatif,Sketchar,digital drawing ai,5,,200,5,1.34
art-creatif,Sketchar,3d artist,5,,196,81,0.59
art-creatif,Sketchar,ar drawing: sketch – trace,5,89,239,26,0.76
art-creatif,Sketchar,sketch trace,5,87,248,167,0.52
art-creatif,Sketchar,drawing manga,5,,211,18,0.84
art-creatif,Sketchar,draw windows,5,57,250,21,0.81
art-creatif,Sketchar,ar drawing how to draw sketch,5,68,242,17,0.86
art-creatif,Sketchar,draw in air,5,79,248,48,0.66
art-creatif,Sketchar,drawing for kids - ask2color,5,,224,13,0.93
art-creatif,Sketchar,https://dwgtools.mystrikingly.com,5,,227,33,0.72
art-creatif,Sketchar,forget things,5,,245,208,0.50
art-creatif,Sketchar,ar drawing tutorial,5,84,240,8,1.10
art-creatif,Sketchar,soulmate sketching,5,,223,6,1.24
art-creatif,Sketchar,ar drawi,5,94,247,98,0.57
art-creatif,Sketchar,sketch projector: art trace,5,40,244,206,0.50
art-creatif,Sketchar,trace & sketch ar: projector,5,76,245,180,0.51
art-creatif,Sketchar,trace & sketch ar,5,78,242,167,0.52
art-creatif,Sketchar,drawing lightbox,5,,213,18,0.84
art-creatif,Sketchar,nterior sketche,5,,214,1,5.00
art-creatif,Sketchar,astra soulmate draw,5,73,246,187,0.51
art-creatif,Sketchar,paper sketch draw,5,48,243,49,0.66
art-creatif,Sketchar,paper sketch draws,5,48,242,49,0.66
art-creatif,Sketchar,sketch draw creates,5,44,242,88,0.58
art-creatif,Sketchar,paper sketch draw creates,5,42,240,103,0.56
art-creatif,Sketchar,paper sketch draw create,5,67,240,60,0.63
art-creatif,Sketchar,craion kids drawings analysi,5,,232,7,1.16
art-creatif,Sketchar,twinkle art save kid,5,,225,17,0.86
art-creatif,Sketchar,twinkle art save kids artwork,5,,226,15,0.89
art-creatif,Sketchar,you doodle draws,5,,202,89,0.58
art-creatif,Sketchar,kidsgallery save kids,5,,219,17,0.86
art-creatif,Sketchar,sketch drawing book,5,,223,6,1.24
art-creatif,Sketchar,sketch drawing books,5,42,242,125,0.54
art-creatif,Sketchar,sketch practice,5,40,239,96,0.57
art-creatif,Sketchar,tutorial draw,5,43,242,176,0.51
art-creatif,Sketchar,sketcg,5,92,248,16,0.87
art-creatif,Sketchar,sketch to animation,5,50,249,152,0.52
art-creatif,Sketchar,ar sketch anime: trace drawing,5,90,250,75,0.60
art-creatif,Sketchar,portraits rêvés 2,5,,206,22,0.80
art-creatif,Sketchar,sketch painting effect,5,40,234,188,0.50
art-creatif,Sketchar,anime style drawing,5,40,231,148,0.53
art-creatif,Sketchar,how things work,5,,200,17,0.86
art-creatif,Sketchar,calming drawing app,5,32,248,23,0.79
art-creatif,Sketchar,drawing app to relax,5,32,248,19,0.83
art-creatif,Sketchar,app with,5,,247,38,0.70
art-creatif,Sketchar,with design,5,,241,221,0.49
art-creatif,Sketchar,pic with,5,,216,186,0.51
art-creatif,Sketchar,design with,5,54,240,218,0.49
art-creatif,Sketchar,hexagon grid generator,5,,228,39,0.69
art-creatif,Sketchar,face sketch,5,,200,29,0.74
art-creatif,Sketchar,drawing to life,5,44,248,198,0.50
art-creatif,Sketchar,ar drawing: sketch & paint,5,89,248,19,0.83
art-creatif,Sketchar,paint and paper,5,68,243,156,0.52
art-creatif,Sketchar,animate child drawing,5,50,246,150,0.52
art-creatif,Sketchar,drawing to animation,5,80,245,195,0.50
art-creatif,Sketchar,children animation drawing,5,,218,4,1.49
art-creatif,Sketchar,bring drawings to life,5,,227,3,1.74
art-creatif,Sketchar,kids drawing animation app,5,,220,9,1.06
art-creatif,Sketchar,photo to sketch drawing,5,45,237,223,0.49
art-creatif,Sketchar,drawing daily,5,,227,3,1.74
art-creatif,Sketchar,ink draw,5,,212,19,0.83
art-creatif,Sketchar,draw lockscreen,5,,207,37,0.70
art-creatif,Sketchar,hoe to,5,,230,169,0.51
art-creatif,Sketchar,how to draw animeç,5,,222,2,2.29
art-creatif,Sketchar,how to shuffle,5,,229,30,0.74
art-creatif,Sketchar,draw for partner,5,46,248,146,0.53
art-creatif,Sketchar,33. draw for girlfriend,5,44,246,108,0.56
art-creatif,Sketchar,42. love drawing app,5,42,245,13,0.93
art-creatif,Sketchar,49. draw and send app,5,69,246,25,0.77
art-creatif,Sketchar,54. draw hearts app,5,46,237,31,0.73
art-creatif,Sketchar,75. send drawing to girlfriend instantly,5,40,247,84,0.59
art-creatif,Sketchar,79.  app to send drawings to partner,5,40,248,24,0.78
art-creatif,Sketchar,love drawing app,5,40,249,44,0.67
art-creatif,Sketchar,drawing note app,5,40,242,142,0.53
art-creatif,Sketchar,draw and send app,5,70,243,21,0.81
art-creatif,Sketchar,draw hearts app,5,46,236,65,0.62
art-creatif,Sketchar,send drawing to girlfriend instantly,5,40,248,55,0.64
art-creatif,Sketchar,couple app with drawing,5,40,244,47,0.66
art-creatif,Sketchar,draw for my boyfriend app,5,40,245,17,0.86
art-creatif,Sketchar,draw for my girlfriend app,5,40,243,20,0.82
art-creatif,Sketchar,app to send drawings to partner,5,40,249,30,0.74
art-creatif,Sketchar,love drawing send to partner,5,45,248,40,0.69
art-creatif,Sketchar,couple app drawing,5,40,247,91,0.58
art-creatif,Sketchar,drawing widget app,5,40,246,143,0.53
art-creatif,Sketchar,send sketch app,5,40,234,81,0.59
art-creatif,Sketchar,draw and share app,5,74,240,10,1.02
art-creatif,Sketchar,digital drawing send,5,40,247,88,0.58
art-creatif,Sketchar,personal drawing app,5,40,248,15,0.89
art-creatif,Sketchar,canvas send drawing,5,40,250,93,0.57
art-creatif,Sketchar,draw share widget,5,40,242,182,0.51
art-creatif,Sketchar,draw simulator,5,,227,8,1.10
art-creatif,Sketchar,ar drawing  trace and sketch  tracing,5,90,242,110,0.56
art-creatif,Sketchar,projector drawing,5,84,247,75,0.60
art-creatif,Sketchar,ar projector sketch,5,40,245,112,0.55
art-creatif,Sketchar,overlay picture to draw,5,46,245,218,0.49
art-creatif,Sketchar,transparent camera drawing,5,40,249,176,0.51
art-creatif,Sketchar,opacity drawing tool,5,40,247,49,0.66
art-creatif,Sketchar,draw on top of screen,5,42,246,142,0.53
art-creatif,Sketchar,face anatomy drawing,5,40,245,56,0.64
art-creatif,Sketchar,drawing proportions guide,5,49,249,239,0.48
art-creatif,Sketchar,image overlay for drawing,5,40,245,92,0.58
art-creatif,Sketchar,drawing head angles,5,48,247,87,0.58
art-creatif,Sketchar,sketching proportions,5,48,250,188,0.50
art-creatif,Sketchar,draw anime eyes step by step,5,40,235,147,0.53
art-creatif,Sketchar,realistic head drawing,5,40,249,41,0.68
art-creatif,Sketchar,sketch assistant,5,40,240,234,0.49
art-creatif,Sketchar,cute aesthetic drawing,5,40,248,145,0.53
art-creatif,Sketchar,kawaii sketch ar,5,40,242,44,0.67
art-creatif,Sketchar,minimalist sketch ar,5,40,247,22,0.80
art-creatif,Sketchar,continuous line drawing,5,40,248,154,0.52
art-creatif,Sketchar,quick draw quick draw duel fast draw fas,5,46,242,93,0.57
art-creatif,Sketchar,avec application,5,75,246,8,1.10
art-creatif,Sketchar,pictrace: ar drawing & sketch,5,76,250,6,1.24
art-creatif,Sketchar,ar drawing & sketch,5,94,236,49,0.66
art-creatif,Sketchar,ar drawing & sketchablueprint maker,5,82,239,6,1.24
art-creatif,Sketchar,aari embroidery artist hub,5,,230,43,0.68
art-creatif,Sketchar,animock: 3d mockup animator,5,,214,94,0.57
art-creatif,Sketchar,ar drawing kuromi,5,88,250,41,0.68
art-creatif,Sketchar,ar sketching and painting tool,5,66,242,8,1.10
art-creatif,Sketchar,artist draw 3d,5,44,244,74,0.60
art-creatif,Sketchar,sketch editor,5,,232,103,0.56
art-creatif,Sketchar,doodletime: timelapse sketches,5,,198,24,0.78
art-creatif,Sketchar,draw it all,5,,198,11,0.98
art-creatif,Sketchar,draw quarium,5,,200,15,0.89
art-creatif,Sketchar,draw up,5,,216,24,0.78
art-creatif,Sketchar,draw zozo battle 3d,5,,240,49,0.66
art-creatif,Sketchar,drawing desk:learn how to draw,5,,215,11,0.98
art-creatif,Sketchar,drawing lesson zombie fan,5,44,245,42,0.68
art-creatif,Sketchar,drawing vibe: learn to draw,5,78,250,106,0.56
art-creatif,Sketchar,drawing therapy,5,40,243,158,0.52
art-creatif,Sketchar,graphic game,5,,228,146,0.53
art-creatif,Sketchar,graphic kit,5,,236,31,0.73
art-creatif,Sketchar,learning how to spell,5,,224,108,0.56
art-creatif,Sketchar,lesson draw human face,5,,226,3,1.74
art-creatif,Sketchar,paintforce painting estimator,5,,208,41,0.68
art-creatif,Sketchar,plott-creativity into reality,5,,211,26,0.76
art-creatif,Sketchar,raw app,5,,221,185,0.51
art-creatif,Sketchar,sketch n guess,5,,250,146,0.53
art-creatif,Sketchar,sketch w friends,5,,205,11,0.98
art-creatif,Sketchar,teach drawing step by step,5,,228,5,1.34
art-creatif,Sketchar,sketch create,5,,226,28,0.75
art-creatif,Sketchar,sketch make,5,,222,31,0.73
art-creatif,Sketchar,sketch craft,5,40,237,180,0.51
art-creatif,Sketchar,sketch worksheet,5,40,246,227,0.49
art-creatif,Sketchar,trace create,5,84,208,34,0.71
art-creatif,Sketchar,print sketch,5,,207,29,0.74
art-creatif,Sketchar,sketch print,5,,205,24,0.78
art-creatif,Sketchar,softspace,5,,221,3,1.74
art-creatif,Sketchar,draw complicated,5,,216,3,1.74
art-creatif,Sketchar,3d modeling  design: shapeyard sketch  s,5,,228,42,0.68
art-creatif,Sketchar,crayon draw,5,,215,17,0.86
art-creatif,Sketchar,convert drawing,5,,229,4,1.49
art-creatif,Sketchar,convert drawings,5,,234,14,0.91
art-creatif,Sketchar,create drawing,5,,241,60,0.63
art-creatif,Sketchar,creator drawing,5,42,244,145,0.53
art-creatif,Sketchar,generate drawing,5,,226,29,0.74
art-creatif,Sketchar,make drawings,5,43,245,202,0.50
art-creatif,Sketchar,make printable art,5,,224,23,0.79
art-creatif,Sketchar,transform drawings,5,40,247,141,0.53
art-creatif,Sketchar,turn drawing,5,,248,142,0.53
art-creatif,Sketchar,learn to draw-drawing for kids,5,,246,89,0.58
art-creatif,Sketchar,learn to draw-drawing for kids & toddler,5,,246,147,0.53
art-creatif,Sketchar,learn paint,5,,240,17,0.86
art-creatif,Sketchar,drawing catalog,5,,221,3,1.74
art-creatif,Sketchar,drawing diary,5,50,248,63,0.62
art-creatif,Sketchar,drawing finder,5,,218,4,1.49
art-creatif,Sketchar,drawing list,5,,222,6,1.24
art-creatif,Sketchar,tutorial reviews easy review strength ca,5,,208,12,0.96
art-creatif,Sketchar,inkigo ai,5,,227,214,0.49
art-creatif,Sketchar,Drawing lesson app,5,40,245,16,0.87
art-creatif,Sketchar,mod relationship check scorecard,5,78,213,20,0.82
art-creatif,Sketchar,tutorial life stories,5,64,215,45,0.67
art-creatif,Sketchar,relationship check scorecard ipad shortc,5,,184,12,0.96
art-creatif,Sketchar,questions couple beginners,5,,220,15,0.89
art-creatif,Sketchar,acrylic painting,5,,225,157,0.52
art-creatif,Sketchar,sketching practice log,5,,209,6,1.24
art-creatif,Sketchar,figure drawing log,5,40,247,221,0.49
art-creatif,Sketchar,review miya siren,5,,210,20,0.82
art-creatif,Sketchar,draw plate,5,,216,4,1.49
art-creatif,Sketchar,draw plate cards,5,,234,6,1.24
art-creatif,Sketchar,drawing mockup app,5,40,246,22,0.80
art-creatif,Sketchar,drawing mockups,5,40,248,98,0.57
art-creatif,Sketchar,drawing mockup,5,40,248,150,0.52
art-creatif,Sketchar,visualize drawing,5,40,249,32,0.73
art-creatif,Sketchar,drawing framing,5,40,247,211,0.49
art-creatif,Sketchar,framing drawing,5,40,249,201,0.50
art-creatif,Sketchar,drawing in room,5,42,249,32,0.73
art-creatif,Sketchar,drawing in rooms,5,40,249,40,0.69
art-creatif,Sketchar,drawing on canvas,5,58,244,228,0.49
art-creatif,Sketchar,preview drawing in rooms,5,40,247,69,0.61
art-creatif,Sketchar,visualize drawing in room,5,40,249,23,0.79
art-creatif,Sketchar,visualize drawing on wall,5,40,249,107,0.56
art-creatif,Sketchar,showcase drawing in room,5,40,249,89,0.58
art-creatif,Sketchar,showcase drawing in rooms,5,40,247,42,0.68
art-creatif,Sketchar,stage drawing in room,5,40,248,46,0.67
art-creatif,Sketchar,stage drawing on wall,5,40,249,189,0.50
art-creatif,Sketchar,calculators zepp inspired,5,,216,11,0.98
art-creatif,Sketchar,place art on wall ar,5,42,247,50,0.65
art-creatif,Sketchar,sketchebook,5,,248,45,0.67
art-creatif,Sketchar,drawing lens,5,,219,8,1.10
art-creatif,Sketchar,draw with camera,5,63,249,85,0.58
art-creatif,Sketchar,dibujo facil,5,,233,9,1.06
art-creatif,Sketchar,dreamer: astra soulmate sketch,5,,235,10,1.02
art-creatif,Sketchar,learn to draw - drawing gor kids,5,40,245,68,0.61
art-creatif,Sketchar,learn to draw - drawing for kids,5,,246,89,0.58
art-creatif,Sketchar,step by step sketches,5,,210,56,0.64
art-creatif,Sketchar,step-by-step sketches,5,,205,47,0.66
art-creatif,Sketchar,trace & draw,5,83,248,142,0.53
art-creatif,Sketchar,drawabox,5,82,248,10,1.02
art-creatif,Sketchar,kids ai drawing,5,40,242,200,0.50
art-creatif,Sketchar,drawing projector & ar draw,5,62,243,72,0.60
art-creatif,Sketchar,ar drawing: trace any photo,5,44,243,204,0.50
art-creatif,Sketchar,oneline drawing,5,,219,33,0.72
art-creatif,Sketchar,drawing coach,5,,225,6,1.24
art-creatif,Sketchar,drawing feedback,5,40,249,114,0.55
art-creatif,Sketchar,sync draw 3d,5,,232,15,0.89
art-creatif,Sketchar,line drawing practice,5,,226,6,1.24
art-creatif,Sketchar,ar drawing trace,5,74,245,183,0.51
art-creatif,Sketchar,drawfloor,5,,221,19,0.83
art-creatif,Sketchar,tactile buildable with,5,,248,218,0.49
art-creatif,Sketchar,kit designer,5,,229,141,0.53
art-creatif,Sketchar,ar draw sketching,5,83,236,15,0.89
art-creatif,Sketchar,ar drawing how to,5,,226,6,1.24
art-creatif,Sketchar,ar drawing sketch ai,5,,241,3,1.74
art-creatif,Sketchar,ar trace & draw,5,,233,23,0.79
art-creatif,Sketchar,learn to draw &,5,,240,12,0.96
art-creatif,Sketchar,drawing projector app,5,,218,19,0.83
art-creatif,Sketchar,k3d reader,5,,225,63,0.62
art-creatif,Sketchar,grzegorz bednarski,5,,204,9,1.06
art-creatif,Sketchar,elevation drawing,5,,219,5,1.34
art-creatif,Sketchar,eye drawing,5,,224,22,0.80
art-creatif,Sketchar,dragon drawing,5,,246,104,0.56
art-creatif,Sketchar,skull drawing,5,,213,4,1.49
art-creatif,Sketchar,horse drawing,5,,245,75,0.60
art-creatif,Sketchar,shark drawing,5,,224,3,1.74
art-creatif,Sketchar,draw hand drawing,5,,219,7,1.16
art-creatif,Sketchar,turtle drawing,5,,223,3,1.74
art-creatif,Sketchar,airplane drawing,5,,221,6,1.24
art-creatif,Sketchar,sun drawing,5,,231,5,1.34
art-creatif,Sketchar,fox drawing,5,,248,187,0.51
art-creatif,Sketchar,bear drawing,5,,205,8,1.10
art-creatif,Sketchar,deer drawing,5,,226,5,1.34
art-creatif,Sketchar,draw house drawing,5,,220,4,1.49
art-creatif,Sketchar,mountain drawing,5,,218,4,1.49
art-creatif,Sketchar,snowflake drawing,5,,210,3,1.74
art-creatif,Sketchar,tiger drawing,5,,224,4,1.49
art-creatif,Sketchar,spider drawing,5,,214,19,0.83
art-creatif,Sketchar,star drawing,5,,223,13,0.93
art-creatif,Sketchar,draw cartoon drawing,5,,224,22,0.80
art-creatif,Sketchar,sunset drawing,5,,233,8,1.10
art-creatif,Sketchar,owl drawing,5,,220,5,1.34
art-creatif,Sketchar,dolphin drawing,5,,212,6,1.24
art-creatif,Sketchar,cloud drawing,5,,222,3,1.74
art-creatif,Sketchar,ghost drawing,5,,214,3,1.74
art-creatif,Sketchar,cute drawing ideas,5,,228,7,1.16
art-creatif,Sketchar,giraffe drawing,5,,217,3,1.74
art-creatif,Sketchar,eagle drawing,5,,216,4,1.49
art-creatif,Sketchar,meme drawing,5,,215,25,0.77
art-creatif,Sketchar,draw meme,5,,195,5,1.34
art-creatif,Sketchar,whale drawing,5,,214,3,1.74
art-creatif,Sketchar,ladybug drawing,5,,219,6,1.24
art-creatif,Sketchar,wave drawing,5,,250,227,0.49
art-creatif,Sketchar,castle drawing,5,,203,2,2.29
art-creatif,Sketchar,robot drawing,5,,213,4,1.49
art-creatif,Sketchar,koi drawing,5,,237,6,1.24
art-creatif,Sketchar,planet drawing,5,,249,95,0.57
art-creatif,Sketchar,cherry blossom drawing,5,,223,6,1.24
art-creatif,Sketchar,starfish drawing,5,,249,104,0.56
art-creatif,Sketchar,squirrel drawing,5,,248,171,0.51
art-creatif,Sketchar,flower drawing tutorial,5,,229,17,0.86
art-creatif,Sketchar,cute drawing images,5,,226,10,1.02
art-creatif,Sketchar,draw line art,5,,230,19,0.83
art-creatif,Sketchar,ar繪畫,5,46,199,33,0.72
art-creatif,Sketchar,ar繪圖,5,51,248,7,1.16
art-creatif,Sketchar,ar畫畫,5,54,242,33,0.72
art-creatif,Sketchar,idea drawing,5,,246,79,0.59
art-creatif,Sketchar,drawing suggestions,5,,217,2,2.29
art-creatif,Sketchar,cute drawing to draw,5,,231,9,1.06
art-creatif,Sketchar,website wireframe tool,5,,220,21,0.81
art-creatif,Sketchar,easiest drawings to draw,5,,249,98,0.57
art-creatif,Sketchar,dog how to draw,5,,216,10,1.02
art-creatif,Sketchar,cool drawings to draw,5,,212,4,1.49
art-creatif,Sketchar,butterflies how to draw,5,,226,7,1.16
art-creatif,Sketchar,drawing app app,5,,242,4,1.49
art-creatif,Sketchar,pro ar,5,,245,162,0.52
art-creatif,Sketchar,learn how draw,5,64,234,54,0.64
art-creatif,Sketchar,ar drawing control,5,,237,31,0.73
art-creatif,Sketchar,gesture drawing,5,,250,196,0.50
art-creatif,Sketchar,ar drawing: trace sketch paint,5,,238,54,0.64
art-creatif,Sketchar,drawing projector: ar sketch,5,,243,73,0.60
art-creatif,Sketchar,ar trace: drawing sketch paint,5,,239,67,0.61
art-creatif,Sketchar,ar sketch: drawing trace paint,5,,237,84,0.59
art-creatif,Sketchar,ar drawi̇ng,5,,228,50,0.65
art-creatif,Sketchar,draw & paint for beginners,5,,250,132,0.54
art-creatif,Sketchar,sketch to design,5,,246,26,0.76
art-creatif,Sketchar,step-by step drawing lessons,5,,243,116,0.55
art-creatif,Sketchar,cute drawing:,5,,244,118,0.55
art-creatif,Sketchar,cute drawing: trace & color,5,,247,217,0.49
art-creatif,Sketchar,drawing books,5,,245,158,0.52
art-creatif,Sketchar,vẽ,,69,248,51,
art-creatif,Sketchar,lightbox%20trace,,,237,4,
art-creatif,Sketchar,drawing%20apps%20for%20kids%20free,,,247,21,
art-creatif,Sketchar,drawing%20tutorials,,40,245,70,
art-creatif,Sketchar,draw%20things%20ai%20generation,,44,246,45,
art-creatif,Sketchar,draw%20ai,,40,247,168,
art-creatif,Sketchar,simple%20drawing,,40,249,38,
art-creatif,Sketchar,guess%20the%20drawing,,46,247,74,
art-creatif,Sketchar,step%20by%20step%20drawing,,40,245,105,
art-creatif,Sketchar,free%20drawing%20apps,,35,250,17,
art-creatif,Sketchar,draw%20on%20photo,,37,239,197,
art-creatif,Sketchar,juegos%20de%20pintar%20gratis,,,243,39,
art-creatif,Sketchar,draw%20with%20buddies,,73,248,74,
art-creatif,Sketchar,drawing%20apps%20tracing,,40,247,22,
art-creatif,Sketchar,pro and con,,40,245,241,
art-creatif,Sketchar,mobile design app,,,239,67,
art-creatif,Sketchar,opular  ar drawing anime,,42,228,27,
art-creatif,Sketchar,how to app,,,226,87,
art-creatif,Sketchar,ard drawing,,82,247,62,
art-creatif,Sketchar,craion kids drawings analysis,,,234,4,
art-creatif,Sketchar,twinkle art save kids,,,226,22,
art-creatif,Sketchar,twinkle art save,,,227,14,
art-creatif,Sketchar,twinkle art save kids artworks,,,226,14,
art-creatif,Sketchar,pic to drawing],,42,244,124,
art-creatif,Sketchar,[turn pictures into drawing,,40,247,109,
art-creatif,Sketchar,39. love sketch,,40,247,85,
art-creatif,Sketchar,43. draw note,,40,246,144,
art-creatif,Sketchar,81.  draw for my girlfriend app,,40,244,13,
art-creatif,Sketchar,78.  couple app with drawing,,40,246,47,
art-creatif,Sketchar,82.  draw for my boyfriend app,,40,244,17,
art-creatif,Sketchar,86.  love drawing send to partner,,45,249,37,
art-creatif,Sketchar,126. couple app drawing,,40,247,60,
art-creatif,Sketchar,loomis method,,26,250,157,
art-creatif,Sketchar,sketching practice,,,209,13,
art-creatif,Sketchar,sketching tutorial,,,202,14,
art-creatif,Sketchar,pencil sketch 2 -draft effects,,,196,36,
art-creatif,Sketchar,realtime drawing : quick paint,,,208,10,
art-creatif,Sketchar,learn to draw steps,,40,240,181,
art-creatif,Sketchar,tutorial is calculator net reliable redd,,,221,21,
art-creatif,Sketchar,portrait drawing log,,,201,12,
art-creatif,Sketchar,canvas mockup app,,40,248,201,
art-creatif,Sketchar,drawing visualizer,,74,246,158,
art-creatif,Sketchar,drawing in gallery,,40,246,61,
art-creatif,Sketchar,drawing in frame,,40,248,60,
art-creatif,Sketchar,preview drawing in room,,40,247,113,
art-creatif,Sketchar,visualize drawing in rooms,,40,248,43,
art-creatif,Sketchar,display painting in room,,40,248,154,
art-creatif,Sketchar,drawing warm up,,,246,55,
art-creatif,Sketchar,qewie,,,164,41,
art-creatif,Sketchar,trace pictures to draw app,,,235,23,
art-creatif,Sketchar,draw lion drawing,,,217,13,
art-creatif,Sketchar,moon drawing,,,226,7,
art-creatif,Sketchar,drawing eyes,,,223,18,
art-creatif,Sketchar,drawsy: ar draw for sketching,,,250,149,
art-creatif,Sketchar,looksmax drawing,,,249,146,
art-creatif,Sketchar,ar drawimng,,,234,10,
art-creatif,Sketchar,ar sketck,,,241,40,
art-creatif,Sketchar,sketch to render,,,244,39,
art-creatif,Sketchar,design: shapeyard sketch,,,249,223,
art-creatif,TayasuiSketches,ibis paint x,68,91,247,101,7.68
art-creatif,TayasuiSketches,dessin,62,86,242,14,11.29
art-creatif,TayasuiSketches,sketchbook,60,95,248,129,6.47
art-creatif,TayasuiSketches,ibis paint,60,93,246,228,5.86
art-creatif,TayasuiSketches,ibis,56,95,240,181,5.69
art-creatif,TayasuiSketches,clip studio paint,54,79,249,12,10.33
art-creatif,TayasuiSketches,ترو كولر,46,64,248,178,4.69
art-creatif,TayasuiSketches,تروكولر,45,66,246,24,7.02
art-creatif,TayasuiSketches,art set,44,86,247,156,4.59
art-creatif,TayasuiSketches,페인트,30,85,239,235,2.92
art-creatif,TayasuiSketches,ドローイング,23,46,250,240,2.23
art-creatif,TayasuiSketches,문신,22,58,183,56,2.80
art-creatif,TayasuiSketches,美術,21,40,242,60,2.64
art-creatif,TayasuiSketches,絵画,21,43,248,126,2.28
art-creatif,TayasuiSketches,미술,18,89,242,168,1.85
art-creatif,TayasuiSketches,筆,17,,249,105,1.91
art-creatif,TayasuiSketches,ar zeichnen,10,79,173,19,1.66
art-creatif,TayasuiSketches,sketches,9,75,242,4,2.68
art-creatif,TayasuiSketches,proiettore,9,42,240,134,0.96
art-creatif,TayasuiSketches,ibi,8,,250,244,0.77
art-creatif,TayasuiSketches,drawing desk,7,78,248,197,0.70
art-creatif,TayasuiSketches,tayasui sketches,7,70,241,3,2.44
art-creatif,TayasuiSketches,tux paint,7,88,248,184,0.71
art-creatif,TayasuiSketches,ng,6,75,242,203,0.60
art-creatif,TayasuiSketches,tracing projector,6,72,250,219,0.59
art-creatif,TayasuiSketches,watercolor,5,57,250,1,5.00
art-creatif,TayasuiSketches,watercolor painting,5,70,248,1,5.00
art-creatif,TayasuiSketches,oil painting effect,5,,193,119,0.55
art-creatif,TayasuiSketches,art painting,5,65,247,53,0.64
art-creatif,TayasuiSketches,photo to watercolor,5,45,248,27,0.76
art-creatif,TayasuiSketches,watercolor effect,5,53,248,16,0.87
art-creatif,TayasuiSketches,watercolor photo,5,45,248,71,0.61
art-creatif,TayasuiSketches,tayasui,5,,59,2,2.29
art-creatif,TayasuiSketches,water color,5,100,248,5,1.34
art-creatif,TayasuiSketches,shading,5,89,245,152,0.52
art-creatif,TayasuiSketches,digital painting,5,92,248,8,1.10
art-creatif,TayasuiSketches,painting app,5,94,247,74,0.60
art-creatif,TayasuiSketches,3d painting,5,55,242,125,0.54
art-creatif,TayasuiSketches,panting,5,83,235,140,0.53
art-creatif,TayasuiSketches,drawing notepad,5,,207,19,0.83
art-creatif,TayasuiSketches,watercolor logo maker,5,46,242,128,0.54
art-creatif,TayasuiSketches,brashes,5,60,246,238,0.48
art-creatif,TayasuiSketches,watercolor filter,5,70,208,7,1.16
art-creatif,TayasuiSketches,pix paint,5,32,246,64,0.62
art-creatif,TayasuiSketches,paint rush,5,47,243,224,0.49
art-creatif,TayasuiSketches,zeichnen,5,90,250,141,0.53
art-creatif,TayasuiSketches,watercolour,5,50,234,1,5.00
art-creatif,TayasuiSketches,dazzle,5,69,247,156,0.52
art-creatif,TayasuiSketches,digitales,5,50,246,69,0.61
art-creatif,TayasuiSketches,zeichenbrett,5,72,197,16,0.87
art-creatif,TayasuiSketches,free airbrush app,5,,218,67,0.61
art-creatif,TayasuiSketches,sketchnote,5,67,243,167,0.52
art-creatif,TayasuiSketches,黑板,5,44,235,112,0.55
art-creatif,TayasuiSketches,繪畫,5,60,245,118,0.55
art-creatif,TayasuiSketches,art school,5,68,250,107,0.56
art-creatif,TayasuiSketches,stretch book,5,,208,110,0.56
art-creatif,TayasuiSketches,绘画,5,86,248,97,0.57
art-creatif,TayasuiSketches,эскиз,5,42,244,123,0.54
art-creatif,TayasuiSketches,sketch school,5,62,247,221,0.49
art-creatif,TayasuiSketches,line paint,5,40,249,104,0.56
art-creatif,TayasuiSketches,tuyau,5,48,203,77,0.60
art-creatif,TayasuiSketches,水彩画,5,54,242,3,1.74
art-creatif,TayasuiSketches,草图,5,43,249,118,0.55
art-creatif,TayasuiSketches,скетч,5,84,250,54,0.64
art-creatif,TayasuiSketches,畫圖,5,65,246,33,0.72
art-creatif,TayasuiSketches,art paint,5,82,248,12,0.96
art-creatif,TayasuiSketches,art journal,5,66,248,34,0.71
art-creatif,TayasuiSketches,brush script,5,68,186,5,1.34
art-creatif,TayasuiSketches,paint mixer,5,42,220,56,0.64
art-creatif,TayasuiSketches,ink brush,5,52,243,147,0.53
art-creatif,TayasuiSketches,painterly,5,74,228,5,1.34
art-creatif,TayasuiSketches,watercolour logo,5,49,221,57,0.63
art-creatif,TayasuiSketches,magic paint,5,52,241,218,0.49
art-creatif,TayasuiSketches,插画,5,66,245,30,0.74
art-creatif,TayasuiSketches,画笔,5,90,246,68,0.61
art-creatif,TayasuiSketches,手绘,5,62,241,44,0.67
art-creatif,TayasuiSketches,繪圖app,5,80,250,140,0.53
art-creatif,TayasuiSketches,digital doctor,5,92,245,148,0.53
art-creatif,TayasuiSketches,epaper,5,56,236,217,0.49
art-creatif,TayasuiSketches,dying,5,95,246,222,0.49
art-creatif,TayasuiSketches,design notebook,5,83,247,100,0.57
art-creatif,TayasuiSketches,art & design,5,48,237,172,0.51
art-creatif,TayasuiSketches,color & paint,5,52,243,110,0.56
art-creatif,TayasuiSketches,скечбук,5,87,241,41,0.68
art-creatif,TayasuiSketches,art class,5,96,211,19,0.83
art-creatif,TayasuiSketches,water paint,5,65,234,2,2.29
art-creatif,TayasuiSketches,paintbook,5,32,243,30,0.74
art-creatif,TayasuiSketches,painting book,5,77,250,140,0.53
art-creatif,TayasuiSketches,coloring drawing,5,86,248,14,0.91
art-creatif,TayasuiSketches,stylo,5,,155,33,0.72
art-creatif,TayasuiSketches,工具,5,89,230,226,0.49
art-creatif,TayasuiSketches,silhouette art,5,54,246,26,0.76
art-creatif,TayasuiSketches,windows paint,5,,223,48,0.66
art-creatif,TayasuiSketches,flow pencil,5,40,246,201,0.50
art-creatif,TayasuiSketches,pixelart tool,5,42,214,53,0.64
art-creatif,TayasuiSketches,foto paint,5,86,245,60,0.63
art-creatif,TayasuiSketches,illustrations studio,5,68,209,30,0.74
art-creatif,TayasuiSketches,paint maker,5,42,249,124,0.54
art-creatif,TayasuiSketches,paint pixilart,5,77,245,241,0.48
art-creatif,TayasuiSketches,design paint,5,85,248,119,0.55
art-creatif,TayasuiSketches,tool pixelart,5,40,214,54,0.64
art-creatif,TayasuiSketches,by color pixelable,5,40,248,236,0.49
art-creatif,TayasuiSketches,dotable paint,5,37,208,35,0.71
art-creatif,TayasuiSketches,editor paint,5,40,238,120,0.55
art-creatif,TayasuiSketches,tool pixel art,5,40,216,41,0.68
art-creatif,TayasuiSketches,app halftone,5,30,241,123,0.54
art-creatif,TayasuiSketches,color pop dope,5,49,237,193,0.50
art-creatif,TayasuiSketches,graphic graphic,5,44,239,203,0.50
art-creatif,TayasuiSketches,graphic graphics,5,43,241,228,0.49
art-creatif,TayasuiSketches,graphics graphic,5,44,241,231,0.49
art-creatif,TayasuiSketches,graphics graphics,5,44,242,126,0.54
art-creatif,TayasuiSketches,one tap art,5,82,194,18,0.84
art-creatif,TayasuiSketches,digital art book,5,58,240,43,0.68
art-creatif,TayasuiSketches,autudesk,5,58,176,97,0.57
art-creatif,TayasuiSketches,Drawings Pad,5,40,240,172,0.51
art-creatif,TayasuiSketches,painting supplies,5,13,248,57,0.63
art-creatif,TayasuiSketches,notas colores,5,87,249,85,0.58
art-creatif,TayasuiSketches,flag painter,5,51,190,102,0.56
art-creatif,TayasuiSketches,paint & learn,5,45,249,227,0.49
art-creatif,TayasuiSketches,toddler painting,5,64,249,231,0.49
art-creatif,TayasuiSketches,paintbox,5,89,213,48,0.66
art-creatif,TayasuiSketches,desenhar,5,73,235,14,0.91
art-creatif,TayasuiSketches,infinite paper,5,60,249,6,1.24
art-creatif,TayasuiSketches,Create painting,5,59,245,12,0.96
art-creatif,TayasuiSketches,digital notepad,5,49,221,196,0.50
art-creatif,TayasuiSketches,make digital painting,5,40,245,5,1.34
art-creatif,TayasuiSketches,تطابق,5,45,249,181,0.51
art-creatif,TayasuiSketches,digital paint,5,89,226,4,1.49
art-creatif,TayasuiSketches,painting draw,5,35,237,112,0.55
art-creatif,TayasuiSketches,watercolor art,5,54,249,2,2.29
art-creatif,TayasuiSketches,notas colorido,5,87,248,126,0.54
art-creatif,TayasuiSketches,watercolor logomaker,5,52,225,25,0.77
art-creatif,TayasuiSketches,painting style,5,40,242,235,0.49
art-creatif,TayasuiSketches,Learn adobe,5,86,237,52,0.65
art-creatif,TayasuiSketches,create a reel,5,,243,205,0.50
art-creatif,TayasuiSketches,ebook designer,5,56,239,201,0.50
art-creatif,TayasuiSketches,ai绘画免费,5,57,244,108,0.56
art-creatif,TayasuiSketches,ai繪圖,5,55,227,227,0.49
art-creatif,TayasuiSketches,드로잉,5,64,239,68,0.61
art-creatif,TayasuiSketches,dessin a colorier gratuit,5,40,250,43,0.68
art-creatif,TayasuiSketches,coloring with stylus pen,5,66,247,237,0.49
art-creatif,TayasuiSketches,child drawign,5,49,222,22,0.80
art-creatif,TayasuiSketches,painiting,5,91,247,244,0.48
art-creatif,TayasuiSketches,butterfly painting,5,40,245,95,0.57
art-creatif,TayasuiSketches,zen paint,5,,212,99,0.57
art-creatif,TayasuiSketches,waterlogue photo to painting,5,43,248,19,0.83
art-creatif,TayasuiSketches,acrylic painting techniques,5,45,245,9,1.06
art-creatif,TayasuiSketches,creating art,5,43,234,232,0.49
art-creatif,TayasuiSketches,pointing,5,90,237,192,0.50
art-creatif,TayasuiSketches,A.I. drawing,5,53,238,181,0.51
art-creatif,TayasuiSketches,sketch color,5,40,244,198,0.50
art-creatif,TayasuiSketches,creative canvas,5,87,247,191,0.50
art-creatif,TayasuiSketches,creative brush,5,33,241,118,0.55
art-creatif,TayasuiSketches,doctor brush,5,45,178,43,0.68
art-creatif,TayasuiSketches,draw piant,5,32,228,165,0.52
art-creatif,TayasuiSketches,art scholl,5,78,233,13,0.93
art-creatif,TayasuiSketches,Drawing  Desk,5,63,248,143,0.53
art-creatif,TayasuiSketches,sktechbok,5,40,236,45,0.67
art-creatif,TayasuiSketches,Canvas Artist,5,85,245,151,0.52
art-creatif,TayasuiSketches,ứng dụng y tế,5,86,248,133,0.54
art-creatif,TayasuiSketches,draw paint sketch,5,32,239,92,0.58
art-creatif,TayasuiSketches,art teaching aids,5,43,248,213,0.49
art-creatif,TayasuiSketches,watercolor portrait,5,49,246,6,1.24
art-creatif,TayasuiSketches,watercolor pet photo,5,87,244,22,0.80
art-creatif,TayasuiSketches,watercolor pet portrait,5,40,247,48,0.66
art-creatif,TayasuiSketches,draw prompt,5,34,212,45,0.67
art-creatif,TayasuiSketches,artr drawing,5,53,248,165,0.52
art-creatif,TayasuiSketches,sketch'art,5,47,237,141,0.53
art-creatif,TayasuiSketches,Sketch Notebook,5,40,233,65,0.62
art-creatif,TayasuiSketches,learn design,5,71,223,105,0.56
art-creatif,TayasuiSketches,procreate stamps,5,,250,175,0.51
art-creatif,TayasuiSketches,learn painting,5,81,205,52,0.65
art-creatif,TayasuiSketches,painting digital art,5,63,241,13,0.93
art-creatif,TayasuiSketches,color pint,5,94,231,128,0.54
art-creatif,TayasuiSketches,white board drawing app,5,66,205,40,0.69
art-creatif,TayasuiSketches,drawing: paint,5,32,239,70,0.61
art-creatif,TayasuiSketches,แอพวาดรูป,5,,65,40,0.69
art-creatif,TayasuiSketches,animated sketches,5,40,237,222,0.49
art-creatif,TayasuiSketches,art skills,5,40,249,221,0.49
art-creatif,TayasuiSketches,Foti,5,88,243,229,0.49
art-creatif,TayasuiSketches,ifoto,5,68,246,196,0.50
art-creatif,TayasuiSketches,brushes procreate,5,40,243,138,0.53
art-creatif,TayasuiSketches,notebook digital,5,87,246,87,0.58
art-creatif,TayasuiSketches,예술,5,46,234,96,0.57
art-creatif,TayasuiSketches,لرسم,5,,238,66,0.62
art-creatif,TayasuiSketches,create colorful,5,40,239,98,0.57
art-creatif,TayasuiSketches,appopriate,5,86,249,217,0.49
art-creatif,TayasuiSketches,depict,5,50,245,33,0.72
art-creatif,TayasuiSketches,trying,5,97,247,200,0.50
art-creatif,TayasuiSketches,-painting book,5,45,245,210,0.50
art-creatif,TayasuiSketches,-painting,5,50,182,23,0.79
art-creatif,TayasuiSketches,color -painting,5,89,227,141,0.53
art-creatif,TayasuiSketches,paint color design,5,68,246,173,0.51
art-creatif,TayasuiSketches,paint 3d draw,5,87,242,89,0.58
art-creatif,TayasuiSketches,art brush,5,75,238,87,0.58
art-creatif,TayasuiSketches,ogr,5,96,248,235,0.49
art-creatif,TayasuiSketches,art pro +,5,82,235,76,0.60
art-creatif,TayasuiSketches,inhg,5,84,249,203,0.50
art-creatif,TayasuiSketches,avery paint match,5,42,222,37,0.70
art-creatif,TayasuiSketches,drawing brushes,5,40,234,84,0.59
art-creatif,TayasuiSketches,ar sketchh,5,40,244,234,0.49
art-creatif,TayasuiSketches,airbrush lab,5,60,242,139,0.53
art-creatif,TayasuiSketches,artmaker,5,97,235,174,0.51
art-creatif,TayasuiSketches,art craft,5,89,237,138,0.53
art-creatif,TayasuiSketches,paint ipad,5,81,242,37,0.70
art-creatif,TayasuiSketches,easydraw,5,96,247,204,0.50
art-creatif,TayasuiSketches,ar drawing: sketch & paint art,5,85,242,175,0.51
art-creatif,TayasuiSketches,write canvas,5,81,245,161,0.52
art-creatif,TayasuiSketches,writing canvas,5,78,247,146,0.53
art-creatif,TayasuiSketches,capture canvas,5,40,246,139,0.53
art-creatif,TayasuiSketches,canvas write,5,81,245,181,0.51
art-creatif,TayasuiSketches,brush drawing,5,43,237,62,0.62
art-creatif,TayasuiSketches,brush draw,5,63,233,73,0.60
art-creatif,TayasuiSketches,brush sketch,5,40,233,21,0.81
art-creatif,TayasuiSketches,brush write,5,40,243,114,0.55
art-creatif,TayasuiSketches,brush writing,5,40,242,225,0.49
art-creatif,TayasuiSketches,brush note,5,42,242,3,1.74
art-creatif,TayasuiSketches,brush book,5,42,238,26,0.76
art-creatif,TayasuiSketches,brush idea,5,82,244,138,0.53
art-creatif,TayasuiSketches,brush capture,5,63,249,142,0.53
art-creatif,TayasuiSketches,brush paper,5,40,239,12,0.96
art-creatif,TayasuiSketches,drawing with brush,5,40,246,50,0.65
art-creatif,TayasuiSketches,capture with brush,5,55,246,87,0.58
art-creatif,TayasuiSketches,paper with brush,5,40,242,36,0.70
art-creatif,TayasuiSketches,fineliner draw,5,40,249,202,0.50
art-creatif,TayasuiSketches,fineliner drawing,5,40,247,76,0.60
art-creatif,TayasuiSketches,fineliner sketching,5,52,247,158,0.52
art-creatif,TayasuiSketches,fineliner capture,5,32,247,36,0.70
art-creatif,TayasuiSketches,drawing with fineliner,5,49,248,180,0.51
art-creatif,TayasuiSketches,capture with fineliner,5,58,247,207,0.50
art-creatif,TayasuiSketches,paper with fineliner,5,42,249,113,0.55
art-creatif,TayasuiSketches,fineliner pen,5,40,245,237,0.49
art-creatif,TayasuiSketches,watercolor brush,5,43,238,1,5.00
art-creatif,TayasuiSketches,draw with watercolor,5,40,249,1,5.00
art-creatif,TayasuiSketches,drawing with watercolor,5,40,249,1,5.00
art-creatif,TayasuiSketches,sketch with watercolor,5,43,246,1,5.00
art-creatif,TayasuiSketches,sketching with watercolor,5,40,248,1,5.00
art-creatif,TayasuiSketches,write with watercolor,5,71,248,1,5.00
art-creatif,TayasuiSketches,writing with watercolor,5,70,249,2,2.29
art-creatif,TayasuiSketches,note with watercolor,5,87,246,1,5.00
art-creatif,TayasuiSketches,book with watercolor,5,87,250,1,5.00
art-creatif,TayasuiSketches,idea with watercolor,5,40,249,1,5.00
art-creatif,TayasuiSketches,paper with watercolor,5,42,247,1,5.00
art-creatif,TayasuiSketches,capture with watercolor,5,42,250,2,2.29
art-creatif,TayasuiSketches,art note,5,83,247,22,0.80
art-creatif,TayasuiSketches,for procreate,5,56,245,101,0.56
art-creatif,TayasuiSketches,ipix,5,,229,110,0.56
art-creatif,TayasuiSketches,paper paint,5,,225,79,0.59
art-creatif,TayasuiSketches,watercolor image,5,,242,3,1.74
art-creatif,TayasuiSketches,painting tutorial,5,55,196,28,0.75
art-creatif,TayasuiSketches,create 3d art,5,44,238,117,0.55
art-creatif,TayasuiSketches,trace paint,5,40,242,67,0.61
art-creatif,TayasuiSketches,color paint ai,5,,228,152,0.52
art-creatif,TayasuiSketches,ibia,5,,208,50,0.65
art-creatif,TayasuiSketches,waterpaint,5,43,250,1,5.00
art-creatif,TayasuiSketches,paintapp,5,80,238,46,0.67
art-creatif,TayasuiSketches,water coloring,5,,250,1,5.00
art-creatif,TayasuiSketches,paint animal,5,,240,151,0.52
art-creatif,TayasuiSketches,learn i.t,5,87,247,166,0.52
art-creatif,TayasuiSketches,art colouring: drawing apps,5,51,248,49,0.66
art-creatif,TayasuiSketches,paint book - drawing apps,5,56,243,98,0.57
art-creatif,TayasuiSketches,draw in 3d,5,48,246,214,0.49
art-creatif,TayasuiSketches,ai pencil sketch,5,55,213,51,0.65
art-creatif,TayasuiSketches,aqua paint,5,40,250,63,0.62
art-creatif,TayasuiSketches,paint master,5,73,225,66,0.62
art-creatif,TayasuiSketches,paint image,5,,213,131,0.54
art-creatif,TayasuiSketches,painting id,5,88,250,74,0.60
art-creatif,TayasuiSketches,r.e.p.o,5,96,248,244,0.48
art-creatif,TayasuiSketches,make illustration,5,,219,42,0.68
art-creatif,TayasuiSketches,coloring by water,5,,240,184,0.51
art-creatif,TayasuiSketches,color trace,5,87,231,103,0.56
art-creatif,TayasuiSketches,watermarkpen - picture eraser,5,,237,183,0.51
art-creatif,TayasuiSketches,waterlit,5,90,224,16,0.87
art-creatif,TayasuiSketches,design coloring,5,,212,129,0.54
art-creatif,TayasuiSketches,ipad screen draw,5,,198,23,0.79
art-creatif,TayasuiSketches,watercolor blending guide,5,,219,1,5.00
art-creatif,TayasuiSketches,watercolor blending,5,40,250,1,5.00
art-creatif,TayasuiSketches,watercolour mixing,5,,223,7,1.16
art-creatif,TayasuiSketches,watercolour mixer,5,40,250,18,0.84
art-creatif,TayasuiSketches,convert to watercolor,5,,217,1,5.00
art-creatif,TayasuiSketches,art%20coloring,5,73,224,51,0.65
art-creatif,TayasuiSketches,brushes%20for%20procreate,5,40,246,230,0.49
art-creatif,TayasuiSketches,doodle%20buddy,5,88,214,19,0.83
art-creatif,TayasuiSketches,tools%20for%20procreate,5,67,222,93,0.57
art-creatif,TayasuiSketches,color%20note%20free,5,71,249,245,0.48
art-creatif,TayasuiSketches,free%20drawing%20app,5,32,249,122,0.55
art-creatif,TayasuiSketches,digital%20art%20free,5,85,249,91,0.58
art-creatif,TayasuiSketches,drawing%20grid,5,84,229,46,0.67
art-creatif,TayasuiSketches,cad%20drawing,5,40,249,191,0.50
art-creatif,TayasuiSketches,turn%20photo%20into%20drawing,5,64,217,17,0.86
art-creatif,TayasuiSketches,ipad%20coloring,5,62,182,26,0.76
art-creatif,TayasuiSketches,airbrush%20app%20free,5,65,246,43,0.68
art-creatif,TayasuiSketches,canvas%20drawing,5,83,226,25,0.77
art-creatif,TayasuiSketches,magic%20brush,5,80,235,143,0.53
art-creatif,TayasuiSketches,autodesk%20sketchbook,5,53,231,125,0.54
art-creatif,TayasuiSketches,sketches%20school,5,37,200,11,0.98
art-creatif,TayasuiSketches,ink%20hunter,5,53,231,56,0.64
art-creatif,TayasuiSketches,digital%20drawing,5,58,244,47,0.66
art-creatif,TayasuiSketches,draw%20pad,5,76,207,39,0.69
art-creatif,TayasuiSketches,paint%20app,5,74,191,35,0.71
art-creatif,TayasuiSketches,painting%20app,5,69,215,15,0.89
art-creatif,TayasuiSketches,oil%20painting%20color%20by%20number,5,30,213,26,0.76
art-creatif,TayasuiSketches,watercolor%20painting,5,54,228,1,5.00
art-creatif,TayasuiSketches,water%20color,5,49,172,19,0.83
art-creatif,TayasuiSketches,paint%20ai,5,40,227,94,0.57
art-creatif,TayasuiSketches,line%20drawing,5,20,88,3,1.74
art-creatif,TayasuiSketches,trace%20drawing,5,40,247,150,0.52
art-creatif,TayasuiSketches,free%20painting%20apps,5,73,247,24,0.78
art-creatif,TayasuiSketches,oil%20painting,5,87,239,83,0.59
art-creatif,TayasuiSketches,painting%20drawing,5,54,203,9,1.06
art-creatif,TayasuiSketches,tracing%20paper,5,,249,68,0.61
art-creatif,TayasuiSketches,tux%20paint,5,,221,95,0.57
art-creatif,TayasuiSketches,linea%20sketch,5,40,247,1,5.00
art-creatif,TayasuiSketches,vector%20drawing,5,40,245,190,0.50
art-creatif,TayasuiSketches,apple%20drawing,5,,211,3,1.74
art-creatif,TayasuiSketches,photo%20to%20watercolor,5,93,243,6,1.24
art-creatif,TayasuiSketches,infinite%20painter,5,40,246,47,0.66
art-creatif,TayasuiSketches,drawing%20projector,5,40,247,65,0.62
art-creatif,TayasuiSketches,wing ai:,5,50,242,217,0.49
art-creatif,TayasuiSketches,clean paper,5,,243,203,0.50
art-creatif,TayasuiSketches,ai pencil sketch maker,5,,205,47,0.66
art-creatif,TayasuiSketches,ai pencil sketchp,5,,209,41,0.68
art-creatif,TayasuiSketches,string art color - pro,5,,216,34,0.71
art-creatif,TayasuiSketches,https://apps.apple.com/us/app/airbrush-f,5,,189,16,0.87
art-creatif,TayasuiSketches,resin cure time calculator,5,,241,75,0.60
art-creatif,TayasuiSketches,npotepad,5,,236,225,0.49
art-creatif,TayasuiSketches,watermark tool,5,,216,158,0.52
art-creatif,TayasuiSketches,scribble refine,5,32,247,245,0.48
art-creatif,TayasuiSketches,notebook sketch,5,,194,62,0.62
art-creatif,TayasuiSketches,ink crosshatching,5,,229,36,0.70
art-creatif,TayasuiSketches,wet folding,5,,199,42,0.68
art-creatif,TayasuiSketches,watercolor guide,5,,249,1,5.00
art-creatif,TayasuiSketches,paint si,5,,196,23,0.79
art-creatif,TayasuiSketches,trace and sketch - drawing,5,78,245,241,0.48
art-creatif,TayasuiSketches,tracingpaper,5,,247,231,0.49
art-creatif,TayasuiSketches,digital tracing paper,5,,248,42,0.68
art-creatif,TayasuiSketches,ar drazing,5,45,240,221,0.49
art-creatif,TayasuiSketches,sketch & paint,5,81,249,36,0.70
art-creatif,TayasuiSketches,رسم الانمي,5,51,229,54,0.64
art-creatif,TayasuiSketches,art appsart apps,5,,247,102,0.56
art-creatif,TayasuiSketches,dibuhar,5,94,250,166,0.52
art-creatif,TayasuiSketches,kleshy,5,,248,46,0.67
art-creatif,TayasuiSketches,drybrush technique guide,5,,210,6,1.24
art-creatif,TayasuiSketches,miniature inventory manager,5,40,250,188,0.50
art-creatif,TayasuiSketches,graph paper notes,5,,207,176,0.51
art-creatif,TayasuiSketches,sketch projector: art trace,5,40,244,106,0.56
art-creatif,TayasuiSketches,trace & sketch ar: projector,5,76,245,218,0.49
art-creatif,TayasuiSketches,trace & sketch ar,5,78,242,219,0.49
art-creatif,TayasuiSketches,app tapscanner maker,5,,242,54,0.64
art-creatif,TayasuiSketches,paper sketch draw,5,48,243,222,0.49
art-creatif,TayasuiSketches,paper sketch draws,5,48,242,132,0.54
art-creatif,TayasuiSketches,paper sketch draw creates,5,42,240,178,0.51
art-creatif,TayasuiSketches,color draw paints,5,,246,245,0.48
art-creatif,TayasuiSketches,sketch drawing book,5,,223,109,0.56
art-creatif,TayasuiSketches,sketch drawing books,5,42,242,234,0.49
art-creatif,TayasuiSketches,aesthetic hula,5,,228,88,0.58
art-creatif,TayasuiSketches,sketch painting effect,5,40,234,79,0.59
art-creatif,TayasuiSketches,paint dry time,5,,208,57,0.63
art-creatif,TayasuiSketches,primer dry time,5,,217,73,0.60
art-creatif,TayasuiSketches,pigment chart,5,42,250,78,0.59
art-creatif,TayasuiSketches,generate watermark,5,,219,112,0.55
art-creatif,TayasuiSketches,wet film thickness,5,,218,189,0.50
art-creatif,TayasuiSketches,paint and paper,5,68,243,5,1.34
art-creatif,TayasuiSketches,ink well keeper,5,,216,122,0.55
art-creatif,TayasuiSketches,ink draw,5,,212,51,0.65
art-creatif,TayasuiSketches,ar notess app,5,,220,123,0.54
art-creatif,TayasuiSketches,water quality journal app,5,,233,16,0.87
art-creatif,TayasuiSketches,canvas send drawing,5,40,250,101,0.56
art-creatif,TayasuiSketches,water visuals,5,42,245,79,0.59
art-creatif,TayasuiSketches,water remower,5,,220,7,1.16
art-creatif,TayasuiSketches,ar projector sketch,5,40,245,219,0.49
art-creatif,TayasuiSketches,canvas outline projector,5,40,249,246,0.48
art-creatif,TayasuiSketches,glass painting trace,5,40,249,16,0.87
art-creatif,TayasuiSketches,como dibujar rostros,5,36,113,29,0.74
art-creatif,TayasuiSketches,charcoal face drawing,5,40,249,172,0.51
art-creatif,TayasuiSketches,color study: simplify painting,5,,227,5,1.34
art-creatif,TayasuiSketches,la r digital,5,,249,174,0.51
art-creatif,TayasuiSketches,paint n draw,5,,248,55,0.64
art-creatif,TayasuiSketches,paintforce painting estimator,5,,208,137,0.53
art-creatif,TayasuiSketches,sketch-notes,5,,198,60,0.63
art-creatif,TayasuiSketches,coloring sketch,5,87,250,227,0.49
art-creatif,TayasuiSketches,coloring trace,5,,241,61,0.63
art-creatif,TayasuiSketches,coloring create,5,,231,208,0.50
art-creatif,TayasuiSketches,art create,5,,233,75,0.60
art-creatif,TayasuiSketches,book sketch,5,,238,64,0.62
art-creatif,TayasuiSketches,book trace,5,57,245,86,0.58
art-creatif,TayasuiSketches,trace create,5,84,208,21,0.81
art-creatif,TayasuiSketches,trace color,5,,249,229,0.49
art-creatif,TayasuiSketches,graphics desgn,5,49,242,225,0.49
art-creatif,TayasuiSketches,ar rawing projector,5,44,249,172,0.51
art-creatif,TayasuiSketches,procreate anime,5,,216,157,0.52
art-creatif,TayasuiSketches,procreate watercolor,5,,215,3,1.74
art-creatif,TayasuiSketches,watercolor brushes,5,,203,1,5.00
art-creatif,TayasuiSketches,procreate grass brush,5,,216,35,0.71
art-creatif,TayasuiSketches,create coloring book,5,,226,86,0.58
art-creatif,TayasuiSketches,create sketch,5,40,243,134,0.54
art-creatif,TayasuiSketches,painting quote app,5,,189,15,0.89
art-creatif,TayasuiSketches,learn paint,5,,240,219,0.49
art-creatif,TayasuiSketches,glaze - oil painting studio,5,,200,21,0.81
art-creatif,TayasuiSketches,worry tutorial,5,38,229,22,0.80
art-creatif,TayasuiSketches,acrylic painting tutorials,5,45,244,16,0.87
art-creatif,TayasuiSketches,digital drawing brushes,5,40,243,31,0.73
art-creatif,TayasuiSketches,detalied instruction,5,,220,17,0.86
art-creatif,TayasuiSketches,fossil plates,5,,213,40,0.69
art-creatif,TayasuiSketches,tutorial sharing memories with,5,47,219,37,0.70
art-creatif,TayasuiSketches,acrylic painting,5,,225,20,0.82
art-creatif,TayasuiSketches,watercolor painting log,5,,209,1,5.00
art-creatif,TayasuiSketches,oil painting log,5,,126,14,0.91
art-creatif,TayasuiSketches,sketching practice log,5,,209,72,0.60
art-creatif,TayasuiSketches,pottery fix sharecare,5,,202,60,0.63
art-creatif,TayasuiSketches,canon genuine ink,5,,226,104,0.56
art-creatif,TayasuiSketches,lumiere shareme,5,,221,41,0.68
art-creatif,TayasuiSketches,lumiere shareme xingtu,5,,219,45,0.67
art-creatif,TayasuiSketches,painting preview app,5,43,244,20,0.82
art-creatif,TayasuiSketches,canvas preview app,5,42,239,208,0.50
art-creatif,TayasuiSketches,painting visualizer app,5,40,243,41,0.68
art-creatif,TayasuiSketches,showcase canvas,5,42,248,125,0.54
art-creatif,TayasuiSketches,painting mockup studio,5,72,245,227,0.49
art-creatif,TayasuiSketches,display painting in rooms,5,40,247,47,0.66
art-creatif,TayasuiSketches,ink divinity privates,5,,224,100,0.57
art-creatif,TayasuiSketches,share watermark,5,,211,140,0.53
art-creatif,TayasuiSketches,sketchebook,5,,248,110,0.56
art-creatif,TayasuiSketches,dibujo facil,5,,233,108,0.56
art-creatif,TayasuiSketches,dibujos anime,5,,209,87,0.58
art-creatif,TayasuiSketches,trace & draw,5,83,248,246,0.48
art-creatif,TayasuiSketches,drawing projector & ar draw,5,62,243,199,0.50
art-creatif,TayasuiSketches,apple pencil practice,5,,249,159,0.52
art-creatif,TayasuiSketches,airbrush paint,5,,247,23,0.79
art-creatif,TayasuiSketches,glass painting,5,,184,19,0.83
art-creatif,TayasuiSketches,painting estimate app,5,,204,24,0.78
art-creatif,TayasuiSketches,ar projector tracing &,5,,246,154,0.52
art-creatif,TayasuiSketches,ar trace & draw,5,,233,177,0.51
art-creatif,TayasuiSketches,simplify painting,5,,194,24,0.78
art-creatif,TayasuiSketches,drawing projector app,5,,218,29,0.74
art-creatif,TayasuiSketches,jiwoo shin,5,,213,23,0.79
art-creatif,TayasuiSketches,christoffer hoel,5,,188,28,0.75
art-creatif,TayasuiSketches,ai4res srl,5,,206,25,0.77
art-creatif,TayasuiSketches,animal sketch paint coloring,5,,233,35,0.71
art-creatif,TayasuiSketches,cloud drawing,5,,222,20,0.82
art-creatif,TayasuiSketches,tulip drawing,5,,218,19,0.83
art-creatif,TayasuiSketches,boat drawing,5,,215,17,0.86
art-creatif,TayasuiSketches,starfish drawing,5,,249,159,0.52
art-creatif,TayasuiSketches,watermelon drawing,5,,217,5,1.34
art-creatif,TayasuiSketches,ar繪畫,5,46,199,99,0.57
art-creatif,TayasuiSketches,ar繪圖,5,51,248,69,0.61
art-creatif,TayasuiSketches,ar畫畫,5,54,242,139,0.53
art-creatif,TayasuiSketches,素描app,5,59,250,98,0.57
art-creatif,TayasuiSketches,ar素描,5,53,118,61,0.63
art-creatif,TayasuiSketches,sherwin williams paint colors,5,,194,36,0.70
art-creatif,TayasuiSketches,sherwin william paint,5,,186,51,0.65
art-creatif,TayasuiSketches,3d pad,5,,245,244,0.48
art-creatif,TayasuiSketches,diamond painting diy,5,,248,235,0.49
art-creatif,TayasuiSketches,3d driwing,5,,228,182,0.51
art-creatif,TayasuiSketches,ar sketch: drawing trace paint,5,,237,234,0.49
art-creatif,TayasuiSketches,cute drawing: trace & color,5,,247,79,0.59
art-creatif,TayasuiSketches,painting ideas,,,227,36,
art-creatif,TayasuiSketches,美术,,57,248,157,
art-creatif,TayasuiSketches,插畫,,60,238,29,
art-creatif,TayasuiSketches,brush sets,,22,221,73,
art-creatif,TayasuiSketches,drawing  desk:,,,152,15,
art-creatif,TayasuiSketches,笔,,,247,211,
art-creatif,TayasuiSketches,lightbox%20trace,,,237,35,
art-creatif,TayasuiSketches,finger%20paint,,,210,14,
art-creatif,TayasuiSketches,color%20mixing,,,229,94,
art-creatif,TayasuiSketches,free%20drawing%20apps,,35,250,121,
art-creatif,TayasuiSketches,painting%20apps,,61,246,19,
art-creatif,TayasuiSketches,paint%20visualizer,,,214,36,
art-creatif,TayasuiSketches,fx%20stencil,,,217,95,
art-creatif,TayasuiSketches,paint recipe log,,,223,80,
art-creatif,TayasuiSketches,52. paint for girlfriend,,40,247,123,
art-creatif,TayasuiSketches,73.  couple app draw and receive,,25,249,7,
art-creatif,TayasuiSketches,book art,,,236,137,
art-creatif,TayasuiSketches,magiccan,,,200,46,
art-creatif,TayasuiSketches,watercolor techniques guide,,40,249,1,
art-creatif,TayasuiSketches,digital drawing brushes studio,,54,241,50,
art-creatif,TayasuiSketches,acrylic painting tutorials beginner,,47,248,12,
art-creatif,TayasuiSketches,acrylic painting log,,,207,32,
art-creatif,TayasuiSketches,portrait drawing log,,,201,31,
art-creatif,TayasuiSketches,epson colorworks print,,,224,168,
art-creatif,TayasuiSketches,painting mockup app,,40,247,28,
art-creatif,TayasuiSketches,painting framing mockup,,40,250,165,
art-creatif,TayasuiSketches,painting on canvas,,86,245,141,
art-creatif,TayasuiSketches,display painting in room,,40,248,28,
art-creatif,TayasuiSketches,project image to trace painting,,,211,9,
art-creatif,TayasuiSketches,ai watercolor photo,,40,243,28,
art-creatif,TayasuiSketches,ar sketck,,,241,213,
art-creatif,KnittingChart,my chart app,60,,249,189,6.05
art-creatif,KnittingChart,the pattern,54,75,249,157,5.62
art-creatif,KnittingChart,ravelry,53,92,250,14,9.65
art-creatif,KnittingChart,crochet,47,79,250,13,8.76
art-creatif,KnittingChart,yarnpal,42,71,249,215,4.14
art-creatif,KnittingChart,knit,28,78,250,31,4.09
art-creatif,KnittingChart,crochet row counter,23,66,249,54,2.95
art-creatif,KnittingChart,skribbl,12,90,249,95,1.37
art-creatif,KnittingChart,knitting row counter,11,66,246,137,1.17
art-creatif,KnittingChart,raverly,11,,48,7,2.55
art-creatif,KnittingChart,chart builder,9,72,250,205,0.89
art-creatif,KnittingChart,stitch fiddle,8,59,249,3,2.79
art-creatif,KnittingChart,patternator,7,91,173,168,0.72
art-creatif,KnittingChart,crochet patterns,7,70,250,26,1.07
art-creatif,KnittingChart,ribblr,7,,21,7,1.62
art-creatif,KnittingChart,pie chart maker,6,43,188,25,0.93
art-creatif,KnittingChart,crochet counter,6,68,248,171,0.62
art-creatif,KnittingChart,crochet chart,6,75,245,4,1.79
art-creatif,KnittingChart,knitting,5,78,250,8,1.10
art-creatif,KnittingChart,magic needle,5,,74,36,0.70
art-creatif,KnittingChart,stitch pictures,5,74,198,156,0.52
art-creatif,KnittingChart,7colors,5,89,247,112,0.55
art-creatif,KnittingChart,pie chart,5,95,165,45,0.67
art-creatif,KnittingChart,cross stitch masters,5,30,213,130,0.54
art-creatif,KnittingChart,chart pattern,5,58,249,16,0.87
art-creatif,KnittingChart,chart app,5,85,241,115,0.55
art-creatif,KnittingChart,chart creator,5,95,243,49,0.66
art-creatif,KnittingChart,cross stitching,5,48,197,158,0.52
art-creatif,KnittingChart,graf,5,88,243,105,0.56
art-creatif,KnittingChart,utmb,5,91,245,89,0.58
art-creatif,KnittingChart,yarn inventory,5,76,226,51,0.65
art-creatif,KnittingChart,embroidery pattern,5,57,224,24,0.78
art-creatif,KnittingChart,stitch calculator,5,,220,15,0.89
art-creatif,KnittingChart,stitch counter,5,61,250,14,0.91
art-creatif,KnittingChart,knitting patterns,5,66,248,3,1.74
art-creatif,KnittingChart,crochet pattern maker,5,65,250,1,5.00
art-creatif,KnittingChart,knitting chart,5,49,246,1,5.00
art-creatif,KnittingChart,knit row counter,5,58,233,9,1.06
art-creatif,KnittingChart,knitting pattern,5,77,248,2,2.29
art-creatif,KnittingChart,crochet pattern,5,75,244,4,1.49
art-creatif,KnittingChart,filet crochet,5,,223,3,1.74
art-creatif,KnittingChart,crochet pattern creator,5,,227,6,1.24
art-creatif,KnittingChart,loom knitting,5,,216,3,1.74
art-creatif,KnittingChart,tapestry crochet,5,58,229,3,1.74
art-creatif,KnittingChart,knitting pattern maker,5,66,249,1,5.00
art-creatif,KnittingChart,knitting calculator,5,48,249,241,0.48
art-creatif,KnittingChart,knitting app,5,57,248,152,0.52
art-creatif,KnittingChart,crocheting,5,72,215,21,0.81
art-creatif,KnittingChart,create chart,5,85,243,76,0.60
art-creatif,KnittingChart,rivalry,5,,92,4,1.49
art-creatif,KnittingChart,knitcompanion knitting more,5,25,240,13,0.93
art-creatif,KnittingChart,knitting needle gauge,5,,203,4,1.49
art-creatif,KnittingChart,pattern creator,5,67,234,12,0.96
art-creatif,KnittingChart,Chart Maker +,5,40,241,43,0.68
art-creatif,KnittingChart,knitcompanion,5,,205,4,1.49
art-creatif,KnittingChart,cross-stich,5,40,232,155,0.52
art-creatif,KnittingChart,vintage charts,5,40,241,48,0.66
art-creatif,KnittingChart,kaleidoscope cover,5,10,208,8,1.10
art-creatif,KnittingChart,vane,5,69,227,78,0.59
art-creatif,KnittingChart,Knitting and Crocheting,5,68,243,196,0.50
art-creatif,KnittingChart,knit pattern,5,64,248,1,5.00
art-creatif,KnittingChart,sectional chart,5,68,201,189,0.50
art-creatif,KnittingChart,crochet app,5,59,248,73,0.60
art-creatif,KnittingChart,stitch images,5,48,216,83,0.59
art-creatif,KnittingChart,make chart,5,53,246,59,0.63
art-creatif,KnittingChart,wooly,5,,210,15,0.89
art-creatif,KnittingChart,c2c,5,64,125,68,0.61
art-creatif,KnittingChart,crossstitch,5,45,227,180,0.51
art-creatif,KnittingChart,crochet stitch counter,5,57,227,13,0.93
art-creatif,KnittingChart,stitching pattern,5,40,223,41,0.68
art-creatif,KnittingChart,sew pattern,5,40,216,18,0.84
art-creatif,KnittingChart,sew patterns,5,57,209,31,0.73
art-creatif,KnittingChart,Knitting Counter App,5,61,243,84,0.59
art-creatif,KnittingChart,create quilt,5,40,200,75,0.60
art-creatif,KnittingChart,quilt designs,5,32,214,61,0.63
art-creatif,KnittingChart,作成アプリ,5,47,217,166,0.52
art-creatif,KnittingChart,quilting app,5,34,206,112,0.55
art-creatif,KnittingChart,granny square,5,53,58,16,0.87
art-creatif,KnittingChart,kitting,5,65,249,8,1.10
art-creatif,KnittingChart,kitting patterns,5,75,193,5,1.34
art-creatif,KnittingChart,patterns tracker,5,79,232,10,1.02
art-creatif,KnittingChart,panorama stitching,5,54,196,101,0.56
art-creatif,KnittingChart,quilting patterns,5,43,221,62,0.62
art-creatif,KnittingChart,knitting row,5,50,245,107,0.56
art-creatif,KnittingChart,chartplotter,5,60,192,23,0.79
art-creatif,KnittingChart,kneet,5,69,244,12,0.96
art-creatif,KnittingChart,daily bag planner,5,36,237,80,0.59
art-creatif,KnittingChart,crotchet,5,40,208,13,0.93
art-creatif,KnittingChart,string art patterns,5,25,211,14,0.91
art-creatif,KnittingChart,knit puzzle,5,88,237,127,0.54
art-creatif,KnittingChart,chart a,5,97,240,17,0.86
art-creatif,KnittingChart,chart pal,5,33,58,1,5.00
art-creatif,KnittingChart,chart patterns,5,85,249,17,0.86
art-creatif,KnittingChart,crochet tracker,5,65,250,168,0.51
art-creatif,KnittingChart,crochet count,5,31,224,10,1.02
art-creatif,KnittingChart,knit patterns,5,55,244,22,0.80
art-creatif,KnittingChart,the pattertn,5,69,242,99,0.57
art-creatif,KnittingChart,pie chart planner,5,,214,8,1.10
art-creatif,KnittingChart,văn,5,,246,133,0.54
art-creatif,KnittingChart,crowshed,5,,210,13,0.93
art-creatif,KnittingChart,crochet instructions,5,,216,36,0.70
art-creatif,KnittingChart,raveler,5,66,92,10,1.02
art-creatif,KnittingChart,find patterns,5,,213,70,0.61
art-creatif,KnittingChart,easy crochet,5,,222,30,0.74
art-creatif,KnittingChart,cross stitch converter,5,42,205,168,0.51
art-creatif,KnittingChart,chartdetector,5,89,189,15,0.89
art-creatif,KnittingChart,draw chart,5,,48,1,5.00
art-creatif,KnittingChart,pdf photo grid maker,5,,9,4,1.49
art-creatif,KnittingChart,pdf grid maker,5,,9,3,1.74
art-creatif,KnittingChart,snellen chart app,5,,207,4,1.49
art-creatif,KnittingChart,chart assistant,5,,212,5,1.34
art-creatif,KnittingChart,crochet helper,5,68,220,36,0.70
art-creatif,KnittingChart,seam ripper,5,,239,126,0.54
art-creatif,KnittingChart,bias tape maker,5,,238,18,0.84
art-creatif,KnittingChart,hem gauge,5,,233,1,5.00
art-creatif,KnittingChart,stitch%20counter,5,40,245,75,0.60
art-creatif,KnittingChart,pie%20chart%20maker,5,54,202,2,2.29
art-creatif,KnittingChart,chart%20builder,5,84,223,18,0.84
art-creatif,KnittingChart,knitting%20row%20counter,5,78,212,11,0.98
art-creatif,KnittingChart,knit%20row%20counter,5,55,218,13,0.93
art-creatif,KnittingChart,crochet%20patterns,5,75,226,22,0.80
art-creatif,KnittingChart,satisfying%20coloring,5,76,240,66,0.62
art-creatif,KnittingChart,knit%20counter,5,40,244,71,0.61
art-creatif,KnittingChart,pattern habit,5,28,186,8,1.10
art-creatif,KnittingChart,chart%20gpt,5,66,245,103,0.56
art-creatif,KnittingChart,knitting%20chart,5,71,248,1,5.00
art-creatif,KnittingChart,chart%20a%C4%B1,5,62,248,39,0.69
art-creatif,KnittingChart,chart%20maker,5,66,242,22,0.80
art-creatif,KnittingChart,sentara%20mychart,5,68,233,77,0.60
art-creatif,KnittingChart,yarn%20buddy,5,56,227,116,0.55
art-creatif,KnittingChart,crochet%20row%20counter,5,57,226,10,1.02
art-creatif,KnittingChart,create gantt chart,5,96,218,13,0.93
art-creatif,KnittingChart,crochet pattern generator,5,,232,12,0.96
art-creatif,KnittingChart,avery%20labels,5,,218,178,0.51
art-creatif,KnittingChart,row%20counter,5,40,245,70,0.61
art-creatif,KnittingChart,crochet%20counter,5,,244,105,0.56
art-creatif,KnittingChart,spiral%20betty,5,85,228,14,0.91
art-creatif,KnittingChart,cross%20stitch,5,,237,24,0.78
art-creatif,KnittingChart,cute%20planner,5,83,243,39,0.69
art-creatif,KnittingChart,screenshot%20stitching,5,,228,46,0.67
art-creatif,KnittingChart,chart builderr,5,,194,16,0.87
art-creatif,KnittingChart,chart builde,5,,203,29,0.74
art-creatif,KnittingChart,crochet maker,5,,215,20,0.82
art-creatif,KnittingChart,crotchet row counter,5,40,239,8,1.10
art-creatif,KnittingChart,knitting stitch counter,5,,245,157,0.52
art-creatif,KnittingChart,knitting diy,5,,211,7,1.16
art-creatif,KnittingChart,crochet stich calculator,5,,201,10,1.02
art-creatif,KnittingChart,crochet calculator,5,66,250,17,0.86
art-creatif,KnittingChart,knitting dimension calculator,5,,231,3,1.74
art-creatif,KnittingChart,crochet stitch marker,5,56,226,22,0.80
art-creatif,KnittingChart,stitch marker,5,,215,85,0.58
art-creatif,KnittingChart,pattern organizer,5,62,246,60,0.63
art-creatif,KnittingChart,knitting organizer,5,,213,7,1.16
art-creatif,KnittingChart,knitting tools,5,,219,20,0.82
art-creatif,KnittingChart,quilting design,5,,229,141,0.53
art-creatif,KnittingChart,design a quilt,5,,221,81,0.59
art-creatif,KnittingChart,quilt pattern maker,5,,227,56,0.64
art-creatif,KnittingChart,quilting pattern maker,5,,243,159,0.52
art-creatif,KnittingChart,crochet stitch counter ares,5,,234,18,0.84
art-creatif,KnittingChart,crochet calculators,5,,239,3,1.74
art-creatif,KnittingChart,crochet row calculator,5,,249,35,0.71
art-creatif,KnittingChart,crochet tutorials,5,68,211,49,0.66
art-creatif,KnittingChart,crochet pattern design,5,,245,69,0.61
art-creatif,KnittingChart,crochet pattern designer,5,,228,17,0.86
art-creatif,KnittingChart,cross stitching pattern maker,5,42,220,24,0.78
art-creatif,KnittingChart,fuse bead pattern maker,5,,179,22,0.80
art-creatif,KnittingChart,yarn organizer,5,,241,71,0.61
art-creatif,KnittingChart,knitting beginner,5,,226,24,0.78
art-creatif,KnittingChart,crochet guide,5,55,214,37,0.70
art-creatif,KnittingChart,amazon crafts,5,,194,12,0.96
art-creatif,KnittingChart,quiltspace,5,,209,24,0.78
art-creatif,KnittingChart,chart generator,5,70,244,61,0.63
art-creatif,KnittingChart,yarn craze,5,,231,64,0.62
art-creatif,KnittingChart,torx size chart,5,,228,9,1.06
art-creatif,KnittingChart,knitting tool,5,,212,9,1.06
art-creatif,KnittingChart,string art ideas,5,,225,31,0.73
art-creatif,KnittingChart,bule chart,5,87,232,65,0.62
art-creatif,KnittingChart,tranding chart,5,,239,141,0.53
art-creatif,KnittingChart,knitting log,5,40,245,126,0.54
art-creatif,KnittingChart,crochet tips,5,,214,66,0.62
art-creatif,KnittingChart,kinship diagram,5,,218,55,0.64
art-creatif,KnittingChart,craftybox,5,76,207,63,0.62
art-creatif,KnittingChart,macramé knot guide,5,,180,90,0.58
art-creatif,KnittingChart,widget google spreadsheets,5,,222,28,0.75
art-creatif,KnittingChart,pattern identifier,5,,219,161,0.52
art-creatif,KnittingChart,size chart pro,5,89,244,73,0.60
art-creatif,KnittingChart,unique heatmap,5,,230,19,0.83
art-creatif,KnittingChart,chart  scanner  ai  pattern  support,5,55,245,96,0.57
art-creatif,KnittingChart,crochet making,5,,214,3,1.74
art-creatif,KnittingChart,knitting pattern reader,5,80,217,2,2.29
art-creatif,KnittingChart,coreteh pattern maker,5,,237,15,0.89
art-creatif,KnittingChart,grid of thermometers,5,57,235,104,0.56
art-creatif,KnittingChart,crochet pattern reader,5,,248,65,0.62
art-creatif,KnittingChart,ingredient stock tracker,5,,239,15,0.89
art-creatif,KnittingChart,double knitting,5,,249,218,0.49
art-creatif,KnittingChart,https://apps.apple.com/us/app/pdf-creato,5,,228,57,0.63
art-creatif,KnittingChart,charts identifier,5,,202,4,1.49
art-creatif,KnittingChart,chart identifier,5,,217,3,1.74
art-creatif,KnittingChart,wool craze -yarn color sort 3d,5,,241,139,0.53
art-creatif,KnittingChart,knitt,5,,210,10,1.02
art-creatif,KnittingChart,seating chart maker,5,64,208,20,0.82
art-creatif,KnittingChart,yarnzle stitch,5,,211,45,0.67
art-creatif,KnittingChart,crochet patterns ai,5,40,246,101,0.56
art-creatif,KnittingChart,yarn crafts,5,,230,74,0.60
art-creatif,KnittingChart,candle burn test tracker,5,,212,36,0.70
art-creatif,KnittingChart,chart pattern identifier,5,,235,1,5.00
art-creatif,KnittingChart,row counter/,5,,226,75,0.60
art-creatif,KnittingChart,craft identifier,5,55,233,135,0.54
art-creatif,KnittingChart,cross stitch pattern creator,5,,221,22,0.80
art-creatif,KnittingChart,crochet & knitting,5,70,224,30,0.74
art-creatif,KnittingChart,kintting,5,,245,7,1.16
art-creatif,KnittingChart,vinyl mint,5,,232,9,1.06
art-creatif,KnittingChart,stitchcollage,5,,231,24,0.78
art-creatif,KnittingChart,collage mixgram tracker,5,,232,92,0.58
art-creatif,KnittingChart,loopsy crochet scanner,5,82,248,33,0.72
art-creatif,KnittingChart,stitch world editor,5,,241,97,0.57
art-creatif,KnittingChart,quilting pattern designer,5,,225,21,0.81
art-creatif,KnittingChart,stitchmate,5,,240,31,0.73
art-creatif,KnittingChart,seamless pattern maker,5,,249,61,0.63
art-creatif,KnittingChart,crochet knitting,5,57,232,29,0.74
art-creatif,KnittingChart,valentine cricut,5,,211,17,0.86
art-creatif,KnittingChart,cricut joy,5,,205,64,0.62
art-creatif,KnittingChart,peachy layout,5,,223,20,0.82
art-creatif,KnittingChart,cross stitch embroidery art,5,,211,59,0.63
art-creatif,KnittingChart,metal gauge chart,5,,232,1,5.00
art-creatif,KnittingChart,rivet size chart,5,,232,4,1.49
art-creatif,KnittingChart,sheet plastic gauge,5,,235,4,1.49
art-creatif,KnittingChart,kumihimo patterns,5,,225,4,1.49
art-creatif,KnittingChart,needlepoint patterns,5,,211,17,0.86
art-creatif,KnittingChart,crewel patterns,5,,237,9,1.06
art-creatif,KnittingChart,punch needle patterns,5,,239,17,0.86
art-creatif,KnittingChart,yarn yardage calculator,5,40,240,21,0.81
art-creatif,KnittingChart,sweater patterns,5,,210,13,0.93
art-creatif,KnittingChart,sock patterns,5,,205,4,1.49
art-creatif,KnittingChart,hat patterns,5,,201,18,0.84
art-creatif,KnittingChart,euchre pegboard,5,,211,19,0.83
art-creatif,KnittingChart,needle size guide,5,,226,11,0.98
art-creatif,KnittingChart,pdf shart,5,88,250,27,0.76
art-creatif,KnittingChart,gauge calculator knitting,5,,225,3,1.74
art-creatif,KnittingChart,knot tying calculator,5,,235,21,0.81
art-creatif,KnittingChart,holding pattern,5,,67,9,1.06
art-creatif,KnittingChart,knitting gauge calculator,5,49,248,42,0.68
art-creatif,KnittingChart,hat size chart,5,,149,5,1.34
art-creatif,KnittingChart,needle gauge converter,5,,208,64,0.62
art-creatif,KnittingChart,yarn weight converter fiber,5,,230,2,2.29
art-creatif,KnittingChart,loom warp calculator,5,,236,49,0.66
art-creatif,KnittingChart,macrame knot counter,5,,228,71,0.61
art-creatif,KnittingChart,pattern grading calculator sewing,5,,235,128,0.54
art-creatif,KnittingChart,quilting ruler,5,,211,34,0.71
art-creatif,KnittingChart,chain spacing,5,,229,9,1.06
art-creatif,KnittingChart,pattern scaler,5,,222,38,0.70
art-creatif,KnittingChart,loom calc,5,,225,12,0.96
art-creatif,KnittingChart,comparison chart,5,88,239,22,0.80
art-creatif,KnittingChart,size chart,5,37,217,16,0.87
art-creatif,KnittingChart,necklace size,5,26,219,12,0.96
art-creatif,KnittingChart,crochet pattern make,5,,232,3,1.74
art-creatif,KnittingChart,doxie journal,5,,224,106,0.56
art-creatif,KnittingChart,yarn sort,5,,240,107,0.56
art-creatif,KnittingChart,kaleidoscope patterns,5,43,201,173,0.51
art-creatif,KnittingChart,pattern flow,5,49,243,211,0.49
art-creatif,KnittingChart,amigurumi pattern maker,5,,237,30,0.74
art-creatif,KnittingChart,pattern maker cross stitch,5,40,238,126,0.54
art-creatif,KnittingChart,x-stitch,5,,215,139,0.53
art-creatif,KnittingChart,knitting tracker,5,64,227,24,0.78
art-creatif,KnittingChart,embroidery pattern transfer,5,87,247,85,0.58
art-creatif,KnittingChart,crochet yarl,5,,217,31,0.73
art-creatif,KnittingChart,stitch tracker,5,51,229,62,0.62
art-creatif,KnittingChart,kite crochet,5,,228,19,0.83
art-creatif,KnittingChart,browse ravelry pattern database,5,,250,16,0.87
art-creatif,KnittingChart,yarn - ask to understand,5,,236,109,0.56
art-creatif,KnittingChart,stitch identifier,5,,231,131,0.54
art-creatif,KnittingChart,sewing tracker,5,50,225,79,0.59
art-creatif,KnittingChart,chart view,5,,193,19,0.83
art-creatif,KnittingChart,yarnly,5,,236,177,0.51
art-creatif,KnittingChart,crochet catalog,5,42,244,110,0.56
art-creatif,KnittingChart,crochet diary,5,,248,170,0.51
art-creatif,KnittingChart,crochet list,5,57,223,3,1.74
art-creatif,KnittingChart,crochet log,5,,218,14,0.91
art-creatif,KnittingChart,crochet for beginner,5,,219,53,0.64
art-creatif,KnittingChart,crochet pattern counter,5,40,241,49,0.66
art-creatif,KnittingChart,free knitting row counter,5,61,245,207,0.50
art-creatif,KnittingChart,yarn row counter widget,5,40,246,152,0.52
art-creatif,KnittingChart,crochet row tracker,5,40,246,99,0.57
art-creatif,KnittingChart,knitted,5,73,217,68,0.61
art-creatif,KnittingChart,knit together,5,,225,20,0.82
art-creatif,KnittingChart,loop knit,5,,206,32,0.73
art-creatif,KnittingChart,blade defect logger,5,,223,128,0.54
art-creatif,KnittingChart,endodontic chart app,5,,225,9,1.06
art-creatif,KnittingChart,weaving patterns,5,,215,36,0.70
art-creatif,KnittingChart,sheep care log,5,,207,86,0.58
art-creatif,KnittingChart,stained glass log,5,,250,244,0.48
art-creatif,KnittingChart,wire wrapping log,5,,219,48,0.66
art-creatif,KnittingChart,loom knitting log,5,,237,225,0.49
art-creatif,KnittingChart,dyeing yarn log,5,,226,38,0.70
art-creatif,KnittingChart,yarn stash inventory,5,,212,49,0.66
art-creatif,KnittingChart,kostenlos pivo calx,5,,199,54,0.64
art-creatif,KnittingChart,heirloom quick,5,,220,57,0.63
art-creatif,KnittingChart,source square circles,5,,221,77,0.60
art-creatif,KnittingChart,pattern maker for cross stich,5,,243,34,0.71
art-creatif,KnittingChart,pattern maker for cross stichs,5,,246,107,0.56
art-creatif,KnittingChart,criss stitch,5,27,213,79,0.59
art-creatif,KnittingChart,yarn row counter,5,,232,61,0.63
art-creatif,KnittingChart,embroidery charts,5,,208,1,5.00
art-creatif,KnittingChart,kinitting,5,,243,10,1.02
art-creatif,KnittingChart,my row counter: knit & crochet,5,,219,4,1.49
art-creatif,KnittingChart,sewing pattern organizer,5,64,225,14,0.91
art-creatif,KnittingChart,knitting project tracker,5,65,247,207,0.50
art-creatif,KnittingChart,yarnbiew,5,,216,19,0.83
art-creatif,KnittingChart,crochett,5,,213,20,0.82
art-creatif,KnittingChart,yarny,5,,227,56,0.64
art-creatif,KnittingChart,zprad,5,,212,44,0.67
art-creatif,KnittingChart,crochet & patterns,5,44,242,173,0.51
art-creatif,KnittingChart,crochet made easy,5,41,246,120,0.55
art-creatif,KnittingChart,sewing pattern & guide,5,71,222,31,0.73
art-creatif,KnittingChart,yarnpal - crochet & patterns learn proje,5,33,243,202,0.50
art-creatif,KnittingChart,knitting converter,5,,245,67,0.61
art-creatif,KnittingChart,knitting inventory,5,,210,5,1.34
art-creatif,KnittingChart,embroidery tracker,5,,230,17,0.86
art-creatif,KnittingChart,embroidery thread converter,5,,224,12,0.96
art-creatif,KnittingChart,crochet knitting wool skein skeins fiber,5,,218,2,2.29
art-creatif,KnittingChart,crochet blanket,5,,244,168,0.51
art-creatif,KnittingChart,knitting pattern tracker,5,64,246,29,0.74
art-creatif,KnittingChart,row counter for knitting,5,,217,24,0.78
art-creatif,KnittingChart,my row counter  knit & crochet,5,,219,5,1.34
art-creatif,KnittingChart,thread chart,5,32,245,103,0.56
art-creatif,KnittingChart,crochet made,5,,218,6,1.24
art-creatif,KnittingChart,dycut,5,,220,57,0.63
art-creatif,KnittingChart,tunisian crochet,5,,223,17,0.86
art-creatif,KnittingChart,granny square patterns,5,,185,13,0.93
art-creatif,KnittingChart,crochet ideas,5,,215,16,0.87
art-creatif,KnittingChart,embroidery chart,5,,219,1,5.00
art-creatif,KnittingChart,yarnpal - crochet for beginner,5,38,250,130,0.54
art-creatif,KnittingChart,the patteren,5,67,249,241,0.48
art-creatif,KnittingChart,embroidery pattern viewer,5,,245,60,0.63
art-creatif,KnittingChart,cross stitch pattern offline,5,,241,150,0.52
art-creatif,KnittingChart,pattern counter app,5,,242,53,0.64
art-creatif,KnittingChart,crochet gauge calculator,5,,248,51,0.65
art-creatif,KnittingChart,pedigree chart maker,5,,245,22,0.80
art-creatif,KnittingChart,node link diagram maker,5,,248,240,0.48
art-creatif,KnittingChart,pro knitting patterns,5,,238,41,0.68
art-creatif,KnittingChart,best knitting patterns,5,,243,46,0.67
art-creatif,KnittingChart,crochet patterns tracker,5,,246,103,0.56
art-creatif,KnittingChart,tappestry,5,,187,22,0.80
art-creatif,KnittingChart,knitting companion,5,,243,100,0.57
art-creatif,KnittingChart,allknit knitting assistant,5,,246,105,0.56
art-creatif,KnittingChart,mnemosina knitting patterns,5,,248,34,0.71
art-creatif,KnittingChart,amiashi -knitting assistant-,5,,246,82,0.59
art-creatif,KnittingChart,cast along: knitting math,5,,248,225,0.49
art-creatif,KnittingChart,knitting - pattern editor,5,,245,15,0.89
art-creatif,KnittingChart,knitting counter for watch,5,,243,48,0.66
art-creatif,KnittingChart,knitlog : knitting tracker,5,,247,93,0.57
art-creatif,KnittingChart,crochet & knitting: yarnflow,5,,243,184,0.51
art-creatif,KnittingChart,crochet & knitting - amimo,5,,246,160,0.52
art-creatif,KnittingChart,knitting genius - knit easy!,5,,249,182,0.51
art-creatif,KnittingChart,knitting - crochet row counter,5,,242,40,0.69
art-creatif,KnittingChart,knitting row counter & tracker,5,,243,111,0.55
art-creatif,KnittingChart,cross stitch chart,5,,238,101,0.56
art-creatif,KnittingChart,crochet chart maker,5,,250,4,1.49
art-creatif,KnittingChart,crochet graph maker,5,,250,19,0.83
art-creatif,KnittingChart,crochet hook,5,,246,244,0.48
art-creatif,KnittingChart,knit patter,5,,238,46,0.67
art-creatif,KnittingChart,"Graph Maker,0,57,205,53,0.00
art-creatif,KnittingChart,grid companion,,,13,5,
art-creatif,KnittingChart,knitting row counter/,,,217,11,
art-creatif,KnittingChart,"crochet",,,211,77,
art-creatif,KnittingChart,"crochet pattern maker",,57,244,51,
art-creatif,KnittingChart,svg%20maker,,,239,52,
art-creatif,KnittingChart,thread out: knit jam 3d,,,227,49,
art-creatif,KnittingChart,dive log pdf,,,220,37,
art-creatif,KnittingChart,chart paterns,,,248,139,
art-creatif,KnittingChart,knitting needle size,,,245,194,
art-creatif,KnittingChart,knitting pattern calculator,,,223,3,
art-creatif,KnittingChart,stitch count calculator,,,230,10,
art-creatif,KnittingChart,thread pitch identifier,,,234,71,
art-creatif,KnittingChart,stitch counter knitting,,,244,67,
art-creatif,KnittingChart,embroidery counter,,,220,37,
art-creatif,KnittingChart,polygon pattern,,40,204,161,
art-creatif,KnittingChart,crochet amigurumi patterns,,42,239,144,
art-creatif,KnittingChart,knitting row tracker,,40,247,90,
art-creatif,KnittingChart,row counter watch,,40,250,211,
art-creatif,KnittingChart,crochet stitch dictionary guide,,40,243,107,
art-creatif,KnittingChart,embroidery pattern transfer tool,,62,248,45,
art-creatif,KnittingChart,crochet row,,51,247,107,
art-creatif,KnittingChart,knitted together,,,226,49,
art-creatif,KnittingChart,fleece fiber grade,,,219,37,
art-creatif,KnittingChart,industrial roller log,,91,219,45,
art-creatif,KnittingChart,goat care log,,,205,42,
art-creatif,KnittingChart,spinning yarn log,,,224,65,
art-creatif,KnittingChart,material list creator,,,224,87,
art-creatif,KnittingChart,china pattern identifier,,,238,9,
art-creatif,KnittingChart,pattern visualizer,,,247,79,
art-creatif,KnittingChart,organization chart maker offline,,,245,41,
art-creatif,KnittingChart,sunburst diagram maker,,,249,232,
art-creatif,KnittingChart,chart maker offline,,,242,39,
art-creatif,KnittingChart,knitting tech,,,245,217,
art-creatif,KnittingChart,knitting folio,,,247,122,
art-creatif,KnittingChart,knitting assistant,,,245,213,
art-creatif,KnittingChart,knitting membership,,,246,243,
art-creatif,KnittingChart,knitting buddy 2,,,248,6,
art-creatif,KnittingChart,my knitting journal,,,246,35,
art-creatif,KnittingChart,knitting rows counter,,,243,67,
art-creatif,KnittingChart,knitting patterns lite,,,239,28,
art-creatif,KnittingChart,knitandnote: knitting app,,,249,40,
art-creatif,KnittingChart,knitting stitch calculator,,,245,65,
art-creatif,KnittingChart,knitting tortoise stickers,,,247,149,
art-creatif,KnittingChart,love of knitting magazine,,,234,134,
art-creatif,KnittingChart,looma: knitting row counter,,,243,60,
art-creatif,KnittingChart,knit it: knitting tutorials,,,235,121,
art-creatif,KnittingChart,rowkeeper - knitting tracker,,,248,70,
art-creatif,KnittingChart,knitcompanion knitting & more,,,249,4,
art-creatif,KnittingChart,rownest: knitting row counter,,,244,51,
art-creatif,KnittingChart,knitted - knitting diary app,,,244,78,
art-creatif,KnittingChart,yarnie - knitting row counter,,,244,58,
art-creatif,PocketCrochet,crochet,47,79,250,27,7.11
art-creatif,PocketCrochet,raverly,11,,48,40,1.51
art-creatif,PocketCrochet,fleur,9,73,250,77,1.07
art-creatif,PocketCrochet,crochet chart,6,75,245,158,0.62
art-creatif,PocketCrochet,crochet stitches,5,63,249,245,0.48
art-creatif,PocketCrochet,crochet pattern,5,75,244,57,0.63
art-creatif,PocketCrochet,filet crochet,5,,223,13,0.93
art-creatif,PocketCrochet,crochet pattern creator,5,,227,67,0.61
art-creatif,PocketCrochet,crochet amigurumi,5,41,248,193,0.50
art-creatif,PocketCrochet,tapestry crochet,5,58,229,23,0.79
art-creatif,PocketCrochet,crocheting,5,72,215,16,0.87
art-creatif,PocketCrochet,kaleidoscope cover,5,10,208,184,0.51
art-creatif,PocketCrochet,pocket crochet,5,,185,1,5.00
art-creatif,PocketCrochet,how to crochet,5,67,223,19,0.83
art-creatif,PocketCrochet,yarn buddy,5,54,246,41,0.68
art-creatif,PocketCrochet,crochet app,5,59,248,13,0.93
art-creatif,PocketCrochet,crochet stitch counter,5,57,227,42,0.68
art-creatif,PocketCrochet,quilting app,5,34,206,129,0.54
art-creatif,PocketCrochet,granny square,5,53,58,33,0.72
art-creatif,PocketCrochet,crochet magazine,5,49,195,19,0.83
art-creatif,PocketCrochet,knot tying app,5,,209,122,0.55
art-creatif,PocketCrochet,learn crochet,5,43,248,76,0.60
art-creatif,PocketCrochet,fluer,5,72,184,104,0.56
art-creatif,PocketCrochet,crotchet,5,40,208,19,0.83
art-creatif,PocketCrochet,crochet count,5,31,224,21,0.81
art-creatif,PocketCrochet,crowshed,5,,210,23,0.79
art-creatif,PocketCrochet,crochet instructions,5,,216,12,0.96
art-creatif,PocketCrochet,easy crochet,5,,222,23,0.79
art-creatif,PocketCrochet,cricut machine,5,43,213,166,0.52
art-creatif,PocketCrochet,crochet helper,5,68,220,15,0.89
art-creatif,PocketCrochet,knit%20row%20counter,5,55,218,171,0.51
art-creatif,PocketCrochet,crochet%20patterns,5,75,226,29,0.74
art-creatif,PocketCrochet,cricut%20explore%20air%202,5,32,244,123,0.54
art-creatif,PocketCrochet,yarn%20buddy,5,56,227,103,0.56
art-creatif,PocketCrochet,crochet%20row%20counter,5,57,226,24,0.78
art-creatif,PocketCrochet,crochet pattern generator,5,,232,50,0.65
art-creatif,PocketCrochet,crochet%20counter,5,,244,164,0.52
art-creatif,PocketCrochet,spiral%20betty,5,85,228,89,0.58
art-creatif,PocketCrochet,crochet ai,5,53,249,61,0.63
art-creatif,PocketCrochet,crochet maker,5,,215,31,0.73
art-creatif,PocketCrochet,made in canada kids app,5,,200,47,0.66
art-creatif,PocketCrochet,made in canada app,5,,212,69,0.61
art-creatif,PocketCrochet,crochet stich calculator,5,,201,38,0.70
art-creatif,PocketCrochet,crochet stitch calculator,5,49,225,63,0.62
art-creatif,PocketCrochet,crochet calculator,5,66,250,95,0.57
art-creatif,PocketCrochet,knitting dimension calculator,5,,231,157,0.52
art-creatif,PocketCrochet,crochet stitch marker,5,56,226,68,0.61
art-creatif,PocketCrochet,knitting organizer,5,,213,169,0.51
art-creatif,PocketCrochet,crochet stitch counter ares,5,,234,73,0.60
art-creatif,PocketCrochet,crochet calculators,5,,239,6,1.24
art-creatif,PocketCrochet,crochet row calculator,5,,249,59,0.63
art-creatif,PocketCrochet,stitch generator,5,,231,191,0.50
art-creatif,PocketCrochet,crochet tutorials,5,68,211,21,0.81
art-creatif,PocketCrochet,crochet pattern design,5,,245,94,0.57
art-creatif,PocketCrochet,crochet pattern designer,5,,228,28,0.75
art-creatif,PocketCrochet,yarn organizer,5,,241,158,0.52
art-creatif,PocketCrochet,crochet beginner,5,70,245,130,0.54
art-creatif,PocketCrochet,crochet guide,5,55,214,24,0.78
art-creatif,PocketCrochet,yarn craze,5,,231,152,0.52
art-creatif,PocketCrochet,design for cricut machine,5,42,227,60,0.63
art-creatif,PocketCrochet,crochet tips,5,,214,22,0.80
art-creatif,PocketCrochet,crochet making,5,,214,35,0.71
art-creatif,PocketCrochet,flwur,5,,239,68,0.61
art-creatif,PocketCrochet,knitting & crochet,5,,219,123,0.54
art-creatif,PocketCrochet,fkeur,5,,238,148,0.53
art-creatif,PocketCrochet,yarnzle stitch,5,,211,143,0.53
art-creatif,PocketCrochet,crochet patterns ai,5,40,246,62,0.62
art-creatif,PocketCrochet,crochet & knitting,5,70,224,126,0.54
art-creatif,PocketCrochet,app fleur,5,,249,5,1.34
art-creatif,PocketCrochet,fleur free,5,,243,107,0.56
art-creatif,PocketCrochet,loopsy crochet scanner,5,82,248,51,0.65
art-creatif,PocketCrochet,valentine cricut,5,,211,121,0.55
art-creatif,PocketCrochet,cricut joy,5,,205,85,0.58
art-creatif,PocketCrochet,kumihimo patterns,5,,225,161,0.52
art-creatif,PocketCrochet,crewel patterns,5,,237,166,0.52
art-creatif,PocketCrochet,needle size guide,5,,226,118,0.55
art-creatif,PocketCrochet,crochet hook size,5,,215,19,0.83
art-creatif,PocketCrochet,yarn weight converter fiber,5,,230,78,0.59
art-creatif,PocketCrochet,crochet timer,5,,250,5,1.34
art-creatif,PocketCrochet,crochet pattern make,5,,232,47,0.66
art-creatif,PocketCrochet,amigurumi pattern maker,5,,237,212,0.49
art-creatif,PocketCrochet,youtube crochet,5,,229,20,0.82
art-creatif,PocketCrochet,knot counter,5,,221,104,0.56
art-creatif,PocketCrochet,crochet yarl,5,,217,16,0.87
art-creatif,PocketCrochet,kite crochet,5,,228,43,0.68
art-creatif,PocketCrochet,yarn - ask to understand,5,,236,83,0.59
art-creatif,PocketCrochet,crochet catalog,5,42,244,48,0.66
art-creatif,PocketCrochet,crochet diary,5,,248,49,0.66
art-creatif,PocketCrochet,crochet finder,5,,220,8,1.10
art-creatif,PocketCrochet,crochet journal,5,,232,6,1.24
art-creatif,PocketCrochet,crochet list,5,57,223,14,0.91
art-creatif,PocketCrochet,crochet log,5,,218,19,0.83
art-creatif,PocketCrochet,crochet for beginner,5,,219,33,0.72
art-creatif,PocketCrochet,crochet pattern counter,5,40,241,150,0.52
art-creatif,PocketCrochet,crochet row tracker,5,40,246,92,0.58
art-creatif,PocketCrochet,knit together,5,,225,220,0.49
art-creatif,PocketCrochet,gewerbliche handwerker app,5,,198,26,0.76
art-creatif,PocketCrochet,dyeing yarn log,5,,226,185,0.51
art-creatif,PocketCrochet,review barros time,5,,214,93,0.57
art-creatif,PocketCrochet,heirloom quick,5,,220,138,0.53
art-creatif,PocketCrochet,yarnie: crochet & knitting,5,,241,240,0.48
art-creatif,PocketCrochet,handmade craf,5,,205,48,0.66
art-creatif,PocketCrochet,fleer,5,82,248,118,0.55
art-creatif,PocketCrochet,my row counter: knit & crochet,5,,219,52,0.65
art-creatif,PocketCrochet,yarnbuddy,5,,248,28,0.75
art-creatif,PocketCrochet,crochett,5,,213,10,1.02
art-creatif,PocketCrochet,crochet & patterns,5,44,242,161,0.52
art-creatif,PocketCrochet,crochet made easy,5,41,246,113,0.55
art-creatif,PocketCrochet,yarnpal - crochet & patterns learn proje,5,33,243,181,0.51
art-creatif,PocketCrochet,crochet knitting wool skein skeins fiber,5,,218,64,0.62
art-creatif,PocketCrochet,crochet blanket,5,,244,59,0.63
art-creatif,PocketCrochet,row counter for knitting,5,,217,172,0.51
art-creatif,PocketCrochet,my row counter  knit & crochet,5,,219,120,0.55
art-creatif,PocketCrochet,crochet made,5,,218,13,0.93
art-creatif,PocketCrochet,esign: mia,5,,250,180,0.51
art-creatif,PocketCrochet,tunisian crochet,5,,223,4,1.49
art-creatif,PocketCrochet,crochet hairstyles,5,,195,19,0.83
art-creatif,PocketCrochet,crochet ideas,5,,215,23,0.79
art-creatif,PocketCrochet,yarnpal - crochet for beginner,5,38,250,68,0.61
art-creatif,PocketCrochet,crochet gauge calculator,5,,248,78,0.59
art-creatif,PocketCrochet,crochet patterns tracker,5,,246,83,0.59
art-creatif,PocketCrochet,knot guide app,5,,234,198,0.50
art-creatif,PocketCrochet,crochet stitch,5,66,248,227,0.49
art-creatif,PocketCrochet,amiashi -knitting assistant-,5,,246,133,0.54
art-creatif,PocketCrochet,crochet & knitting: yarnflow,5,,243,152,0.52
art-creatif,PocketCrochet,crochet & knitting - amimo,5,,246,75,0.60
art-creatif,PocketCrochet,knitting - crochet row counter,5,,242,237,0.49
art-creatif,PocketCrochet,crochet graph maker,5,,250,171,0.51
art-creatif,PocketCrochet,crochet project,5,,247,82,0.59
art-creatif,PocketCrochet,crochet hook,5,,246,90,0.58
art-creatif,PocketCrochet,"crochet",,,211,9,
art-creatif,PocketCrochet,"crochet pattern maker",,57,244,121,
art-creatif,PocketCrochet,crochet pattern calculator,,,225,47,
art-creatif,PocketCrochet,crochet gauge,,,213,16,
art-creatif,PocketCrochet,crochet inspo,,,225,17,
art-creatif,PocketCrochet,crochet planner,,,226,5,
art-creatif,PocketCrochet,crochet amigurumi patterns,,42,239,122,
art-creatif,PocketCrochet,crochet stitch dictionary guide,,40,243,193,
art-creatif,PocketCrochet,crochet row,,51,247,166,
art-creatif,PocketCrochet,industrial roller log,,91,219,126,
art-creatif,PocketCrochet,spinning yarn log,,,224,158,
art-creatif,PocketCrochet,knitting tortoise stickers,,,247,243,
art-creatif,PocketCrochet,knitting & crochet helper,,,249,157,
art-creatif,CrossStitch,hobby lobby,63,81,102,94,7.22
art-creatif,CrossStitch,ポンタ,61,40,248,237,5.92
art-creatif,CrossStitch,ibis,56,95,240,223,5.49
art-creatif,CrossStitch,ravelry,53,92,250,117,5.82
art-creatif,CrossStitch,stich,35,93,238,131,3.77
art-creatif,CrossStitch,labi,27,70,245,205,2.68
art-creatif,CrossStitch,tricot,11,53,188,118,1.21
art-creatif,CrossStitch,dazzly,9,58,74,48,1.19
art-creatif,CrossStitch,cross stitch pattern maker,9,52,248,32,1.31
art-creatif,CrossStitch,patchwork,9,51,109,86,1.05
art-creatif,CrossStitch,dmc,8,,214,206,0.79
art-creatif,CrossStitch,ponto,7,86,247,113,0.77
art-creatif,CrossStitch,tapestry,6,58,220,24,0.94
art-creatif,CrossStitch,punto de cruz,6,,92,6,1.48
art-creatif,CrossStitch,stitchly,6,47,250,13,1.12
art-creatif,CrossStitch,screen stitch,5,40,222,73,0.60
art-creatif,CrossStitch,stitch it,5,48,244,192,0.50
art-creatif,CrossStitch,bracelet,5,57,213,74,0.60
art-creatif,CrossStitch,jeu en groupe,5,52,249,56,0.64
art-creatif,CrossStitch,ornamental,5,49,237,185,0.51
art-creatif,CrossStitch,embroidery,5,79,247,27,0.76
art-creatif,CrossStitch,cross stitch,5,57,248,137,0.53
art-creatif,CrossStitch,cross stitch magazine,5,49,234,55,0.64
art-creatif,CrossStitch,cross stitch maker,5,47,241,11,0.98
art-creatif,CrossStitch,cross stitch pattern,5,56,241,18,0.84
art-creatif,CrossStitch,point de croix,5,34,70,5,1.34
art-creatif,CrossStitch,cross stich,5,42,242,80,0.59
art-creatif,CrossStitch,embroidery digitizing services,5,73,248,13,0.93
art-creatif,CrossStitch,magic needle,5,,74,22,0.80
art-creatif,CrossStitch,stitching by number,5,40,245,101,0.56
art-creatif,CrossStitch,hand embroidery,5,91,246,168,0.51
art-creatif,CrossStitch,stitching with a hoop,5,56,245,86,0.58
art-creatif,CrossStitch,embroidery hoop,5,59,218,13,0.93
art-creatif,CrossStitch,stitch pictures,5,74,198,65,0.62
art-creatif,CrossStitch,crossing,5,93,239,152,0.52
art-creatif,CrossStitch,cross stitch patterns,5,50,244,78,0.59
art-creatif,CrossStitch,embroidery digitizing,5,,204,27,0.76
art-creatif,CrossStitch,embroidery thread,5,70,213,33,0.72
art-creatif,CrossStitch,embroidery calculator,5,,219,44,0.67
art-creatif,CrossStitch,cross stitch masters,5,30,213,47,0.66
art-creatif,CrossStitch,cross stitching,5,48,197,36,0.70
art-creatif,CrossStitch,design patterns,5,54,241,78,0.59
art-creatif,CrossStitch,cross stitch saga,5,,210,23,0.79
art-creatif,CrossStitch,graf,5,88,243,212,0.49
art-creatif,CrossStitch,fiddle,5,56,250,216,0.49
art-creatif,CrossStitch,patrón,5,,82,54,0.64
art-creatif,CrossStitch,stitches,5,56,238,164,0.52
art-creatif,CrossStitch,作家助手,5,46,219,160,0.52
art-creatif,CrossStitch,embroidery pattern,5,57,224,9,1.06
art-creatif,CrossStitch,刺青,5,81,207,54,0.64
art-creatif,CrossStitch,embroidery design app,5,,240,21,0.81
art-creatif,CrossStitch,stitch calculator,5,,220,81,0.59
art-creatif,CrossStitch,filet crochet,5,,223,184,0.51
art-creatif,CrossStitch,crochet pattern creator,5,,227,117,0.55
art-creatif,CrossStitch,tapestry crochet,5,58,229,94,0.57
art-creatif,CrossStitch,crosses,5,46,230,151,0.52
art-creatif,CrossStitch,cross stitch calculator,5,47,244,66,0.62
art-creatif,CrossStitch,crocheting,5,72,215,148,0.53
art-creatif,CrossStitch,perler beads,5,,91,83,0.59
art-creatif,CrossStitch,pattern creator,5,67,234,141,0.53
art-creatif,CrossStitch,criss,5,96,249,176,0.51
art-creatif,CrossStitch,gruppe,5,86,241,94,0.57
art-creatif,CrossStitch,motifs,5,46,163,27,0.76
art-creatif,CrossStitch,Chart Maker +,5,40,241,133,0.54
art-creatif,CrossStitch,cross-stitch,5,54,240,34,0.71
art-creatif,CrossStitch,cross-stich,5,40,232,33,0.72
art-creatif,CrossStitch,desenhe,5,76,248,193,0.50
art-creatif,CrossStitch,row keeper,5,33,6,5,1.34
art-creatif,CrossStitch,artwork pixlable,5,9,43,7,1.16
art-creatif,CrossStitch,maker colouring,5,45,241,189,0.50
art-creatif,CrossStitch,desenhar,5,73,235,160,0.52
art-creatif,CrossStitch,how to crochet,5,67,223,212,0.49
art-creatif,CrossStitch,passatempo,5,54,156,48,0.66
art-creatif,CrossStitch,cross sum,5,78,247,155,0.52
art-creatif,CrossStitch,stitch images,5,48,216,98,0.57
art-creatif,CrossStitch,patreon com,5,82,190,182,0.51
art-creatif,CrossStitch,auto stitch screenshot,5,40,241,227,0.49
art-creatif,CrossStitch,perlypop,5,38,46,38,0.70
art-creatif,CrossStitch,patreon,5,83,76,65,0.62
art-creatif,CrossStitch,crossstitch,5,45,227,53,0.64
art-creatif,CrossStitch,컬러링북,5,81,236,221,0.49
art-creatif,CrossStitch,컬러링북 색칠하기,5,82,229,199,0.50
art-creatif,CrossStitch,parton,5,96,79,68,0.61
art-creatif,CrossStitch,취미톡,5,70,176,77,0.60
art-creatif,CrossStitch,동호회,5,77,230,22,0.80
art-creatif,CrossStitch,crochet stitch counter,5,57,227,53,0.64
art-creatif,CrossStitch,stitching pattern,5,40,223,43,0.68
art-creatif,CrossStitch,tailor stitch,5,51,243,164,0.52
art-creatif,CrossStitch,ponto cruz,5,,70,3,1.74
art-creatif,CrossStitch,모임,5,98,184,120,0.55
art-creatif,CrossStitch,sew pattern,5,40,216,93,0.57
art-creatif,CrossStitch,sew patterns,5,57,209,126,0.54
art-creatif,CrossStitch,bracelet making,5,,198,89,0.58
art-creatif,CrossStitch,Embroidery art,5,38,27,3,1.74
art-creatif,CrossStitch,quilt designs,5,32,214,130,0.54
art-creatif,CrossStitch,quilt design,5,49,221,97,0.57
art-creatif,CrossStitch,emroidery design,5,46,72,15,0.89
art-creatif,CrossStitch,Embroider designs,5,69,246,16,0.87
art-creatif,CrossStitch,emroidery,5,64,176,32,0.73
art-creatif,CrossStitch,- [x] Stitch Photos,5,40,243,143,0.53
art-creatif,CrossStitch,pal world,5,47,198,169,0.51
art-creatif,CrossStitch,painting tools,5,,218,70,0.61
art-creatif,CrossStitch,kitting patterns,5,75,193,170,0.51
art-creatif,CrossStitch,knot tying app,5,,209,132,0.54
art-creatif,CrossStitch,learn embroidery,5,43,247,34,0.71
art-creatif,CrossStitch,quilting patterns,5,43,221,203,0.50
art-creatif,CrossStitch,bracelet maker,5,,187,78,0.59
art-creatif,CrossStitch,desenha,5,83,241,165,0.52
art-creatif,CrossStitch,image stitcher,5,43,236,159,0.52
art-creatif,CrossStitch,stitch app,5,54,245,53,0.64
art-creatif,CrossStitch,图案游戏,5,41,235,76,0.60
art-creatif,CrossStitch,hobby log,5,70,246,225,0.49
art-creatif,CrossStitch,pixel art colorimng,5,57,231,116,0.55
art-creatif,CrossStitch,hobby companion,5,66,11,2,2.29
art-creatif,CrossStitch,cross-stitching,5,38,233,15,0.89
art-creatif,CrossStitch,chart pal,5,33,58,24,0.78
art-creatif,CrossStitch,pixl art,5,87,238,149,0.53
art-creatif,CrossStitch,the pattertn,5,69,242,160,0.52
art-creatif,CrossStitch,lifestyle patterns,5,40,247,178,0.51
art-creatif,CrossStitch,painting kit,5,,210,124,0.54
art-creatif,CrossStitch,dazling,5,61,201,192,0.50
art-creatif,CrossStitch,raveler,5,66,92,29,0.74
art-creatif,CrossStitch,dmc thread,5,,121,100,0.57
art-creatif,CrossStitch,cross stitch thread,5,40,229,50,0.65
art-creatif,CrossStitch,cross stitch converter,5,42,205,28,0.75
art-creatif,CrossStitch,art coloring book,5,,237,193,0.50
art-creatif,CrossStitch,patter,5,78,194,181,0.51
art-creatif,CrossStitch,draw chart,5,,48,16,0.87
art-creatif,CrossStitch,ibia,5,,208,81,0.59
art-creatif,CrossStitch,chart-maker,5,97,210,63,0.62
art-creatif,CrossStitch,pattern color,5,,216,50,0.65
art-creatif,CrossStitch,coloring pattern,5,,215,27,0.76
art-creatif,CrossStitch,stitch-kit,5,,37,3,1.74
art-creatif,CrossStitch,sitch,5,66,245,161,0.52
art-creatif,CrossStitch,stitch kit,5,31,210,7,1.16
art-creatif,CrossStitch,stitch%20counter,5,40,245,228,0.49
art-creatif,CrossStitch,pic%20merger,5,38,209,206,0.50
art-creatif,CrossStitch,bend%20app,5,53,248,217,0.49
art-creatif,CrossStitch,group camping,5,64,210,173,0.51
art-creatif,CrossStitch,crochet pattern generator,5,,232,226,0.49
art-creatif,CrossStitch,cross%20stitch,5,,237,26,0.76
art-creatif,CrossStitch,abc%20animals,5,,224,188,0.50
art-creatif,CrossStitch,screenshot%20stitching,5,,228,200,0.50
art-creatif,CrossStitch,crochet maker,5,,215,170,0.51
art-creatif,CrossStitch,crochet stitch calculator,5,49,225,72,0.60
art-creatif,CrossStitch,crochet stitch marker,5,56,226,116,0.55
art-creatif,CrossStitch,stitch marker,5,,215,54,0.64
art-creatif,CrossStitch,quilt designer,5,70,208,78,0.59
art-creatif,CrossStitch,design a quilt,5,,221,133,0.54
art-creatif,CrossStitch,quilt pattern maker,5,,227,180,0.51
art-creatif,CrossStitch,quilting pattern maker,5,,243,216,0.49
art-creatif,CrossStitch,crochet stitch counter ares,5,,234,142,0.53
art-creatif,CrossStitch,tapestry making,5,,208,10,1.02
art-creatif,CrossStitch,crochet pattern designer,5,,228,122,0.55
art-creatif,CrossStitch,cross stitcha,5,,207,38,0.70
art-creatif,CrossStitch,cross stitching pattern maker,5,42,220,15,0.89
art-creatif,CrossStitch,dotterly,5,,31,5,1.34
art-creatif,CrossStitch,string art ideas,5,,225,99,0.57
art-creatif,CrossStitch,sewing pattern tracker,5,40,248,234,0.49
art-creatif,CrossStitch,floss cross,5,35,62,2,2.29
art-creatif,CrossStitch,knitting pattern reader,5,80,217,75,0.60
art-creatif,CrossStitch,coreteh pattern maker,5,,237,139,0.53
art-creatif,CrossStitch,ibrush,5,78,208,80,0.59
art-creatif,CrossStitch,knitting & crochet,5,,219,140,0.53
art-creatif,CrossStitch,sewing needle identifier,5,,236,123,0.54
art-creatif,CrossStitch,my dpdp,5,,227,194,0.50
art-creatif,CrossStitch,stitch design,5,,248,49,0.66
art-creatif,CrossStitch,cruza,5,44,230,95,0.57
art-creatif,CrossStitch,chart pattern identifier,5,,235,125,0.54
art-creatif,CrossStitch,cross stitch pattern creator,5,,221,31,0.73
art-creatif,CrossStitch,stitchcollage,5,,231,66,0.62
art-creatif,CrossStitch,pic stitch ios,5,,190,54,0.64
art-creatif,CrossStitch,stitch world editor,5,,241,228,0.49
art-creatif,CrossStitch,stitch color editor,5,,209,128,0.54
art-creatif,CrossStitch,stitch screenshots editor,5,,220,151,0.52
art-creatif,CrossStitch,pro photo stitcher,5,,197,133,0.54
art-creatif,CrossStitch,quilting pattern designer,5,,225,72,0.60
art-creatif,CrossStitch,stitchmate,5,,240,105,0.56
art-creatif,CrossStitch,seamless pattern maker,5,,249,92,0.58
art-creatif,CrossStitch,cross stitch embroidery art,5,,211,9,1.06
art-creatif,CrossStitch,needlepoint patterns,5,,211,42,0.68
art-creatif,CrossStitch,crewel patterns,5,,237,182,0.51
art-creatif,CrossStitch,punch needle patterns,5,,239,233,0.49
art-creatif,CrossStitch,needle size guide,5,,226,109,0.56
art-creatif,CrossStitch,cross stitch counter,5,,220,50,0.65
art-creatif,CrossStitch,needle gauge converter,5,,208,137,0.53
art-creatif,CrossStitch,pattern grading calculator sewing,5,,235,225,0.49
art-creatif,CrossStitch,chain spacing,5,,229,195,0.50
art-creatif,CrossStitch,embroidery count,5,,246,41,0.68
art-creatif,CrossStitch,complete dress pattern ideas,5,62,249,116,0.55
art-creatif,CrossStitch,crochet pattern make,5,,232,214,0.49
art-creatif,CrossStitch,cross app,5,58,244,167,0.52
art-creatif,CrossStitch,amigurumi pattern maker,5,,237,47,0.66
art-creatif,CrossStitch,pattern maker cross stitch,5,40,238,10,1.02
art-creatif,CrossStitch,cross stitcgh,5,,244,150,0.52
art-creatif,CrossStitch,x-stitch,5,,215,50,0.65
art-creatif,CrossStitch,embroidery pattern transfer,5,87,247,13,0.93
art-creatif,CrossStitch,stitch tracker,5,51,229,59,0.63
art-creatif,CrossStitch,kite crochet,5,,228,223,0.49
art-creatif,CrossStitch,aari embroidery artist hub,5,,230,28,0.75
art-creatif,CrossStitch,fiddling,5,,114,27,0.76
art-creatif,CrossStitch,stitch switch,5,38,249,68,0.61
art-creatif,CrossStitch,kittning,5,,200,106,0.56
art-creatif,CrossStitch,mobile embroidery,5,,216,13,0.93
art-creatif,CrossStitch,embroidery ai,5,,230,77,0.60
art-creatif,CrossStitch,аирбраш,5,,205,51,0.65
art-creatif,CrossStitch,crochet list,5,57,223,223,0.49
art-creatif,CrossStitch,AI 信息图制作工具,5,,246,224,0.49
art-creatif,CrossStitch,pattern maker for cross stich,5,,243,9,1.06
art-creatif,CrossStitch,pattern maker for cross stichs,5,,246,21,0.81
art-creatif,CrossStitch,criss stitch,5,27,213,36,0.70
art-creatif,CrossStitch,embroidery charts,5,,208,7,1.16
art-creatif,CrossStitch,stitch craft maker,5,40,249,31,0.73
art-creatif,CrossStitch,my row counter: knit & crochet,5,,219,129,0.54
art-creatif,CrossStitch,sewing pattern organizer,5,64,225,168,0.51
art-creatif,CrossStitch,sewing pattern & guide,5,71,222,96,0.57
art-creatif,CrossStitch,cross stitch game,5,,221,68,0.61
art-creatif,CrossStitch,stutch fix,5,,53,46,0.67
art-creatif,CrossStitch,embroidery tracker,5,,230,28,0.75
art-creatif,CrossStitch,embroidery thread converter,5,,224,16,0.87
art-creatif,CrossStitch,embroidery chart,5,,219,4,1.49
art-creatif,CrossStitch,embroidery pattern viewer,5,,245,13,0.93
art-creatif,CrossStitch,cross stitch pattern offline,5,,241,23,0.79
art-creatif,CrossStitch,stitch counter offline,5,,246,126,0.54
art-creatif,CrossStitch,sewing pattern app,5,,249,228,0.49
art-creatif,CrossStitch,fiddle.art,5,,249,125,0.54
art-creatif,CrossStitch,tappestry,5,,187,38,0.70
art-creatif,CrossStitch,编织,5,,188,101,0.56
art-creatif,CrossStitch,cross stitch chart,5,,238,45,0.67
art-creatif,CrossStitch,knit patter,5,,238,179,0.51
art-creatif,CrossStitch,"Graph Maker,0,57,205,138,0.00
art-creatif,CrossStitch,포스터,,46,240,84,
art-creatif,CrossStitch,photo%20stitch,,39,247,40,
art-creatif,CrossStitch,pic stitch collages,,,188,159,
art-creatif,CrossStitch,pic stitch collage,,,192,181,
art-creatif,CrossStitch,crochet pattern calculator,,,225,127,
art-creatif,CrossStitch,stitch count calculator,,,230,63,
art-creatif,CrossStitch,crochet gauge,,,213,123,
art-creatif,CrossStitch,stitch counter knitting,,,244,239,
art-creatif,CrossStitch,embroidery counter,,,220,58,
art-creatif,CrossStitch,stitch switch: ai sewing maker,,,219,35,
art-creatif,CrossStitch,embroidery pattern transfer tool,,62,248,18,
art-creatif,CrossStitch,embroidery tool,,43,248,41,
art-creatif,CrossStitch,sewing idea,,,219,119,
art-creatif,CrossStitch,stitche,,58,239,57,
art-creatif,CrossStitch,markup maker,,,230,80,
art-creatif,CrossStitch,needlepoint pattern,,,250,90,
art-creatif,CrossStitch,knitting stitch calculator,,,245,93,
art-creatif,CrossStitch,peekie,,,37,25,