cluster,app,keyword,popularity,competitiveness,num_apps,rank,importance
bien-etre-cible,AffirmationsHealth,affırm,72,82,250,245,6.95
bien-etre-cible,AffirmationsHealth,bewell,21,59,244,194,2.11
bien-etre-cible,AffirmationsHealth,louise hay affirmation meditations,8,70,244,167,0.82
bien-etre-cible,AffirmationsHealth,self confidence affirmations,7,42,237,33,1.01
bien-etre-cible,AffirmationsHealth,affirmation app,5,79,248,89,0.58
bien-etre-cible,AffirmationsHealth,free affirmations,5,78,249,92,0.58
bien-etre-cible,AffirmationsHealth,anxiety release,5,51,248,80,0.59
bien-etre-cible,AffirmationsHealth,unique daily affirmations,5,79,248,167,0.52
bien-etre-cible,AffirmationsHealth,confidential,5,87,243,228,0.49
bien-etre-cible,AffirmationsHealth,confid,5,42,240,222,0.49
bien-etre-cible,AffirmationsHealth,affirmationen,5,76,243,29,0.74
bien-etre-cible,AffirmationsHealth,self affirmations,5,83,247,240,0.48
bien-etre-cible,AffirmationsHealth,gratitude affirmations,5,47,245,77,0.60
bien-etre-cible,AffirmationsHealth,positive affirmations sleep,5,40,242,68,0.61
bien-etre-cible,AffirmationsHealth,subliminal affirmations,5,45,249,154,0.52
bien-etre-cible,AffirmationsHealth,affirm it,5,76,244,136,0.53
bien-etre-cible,AffirmationsHealth,my affirmations,5,84,248,114,0.55
bien-etre-cible,AffirmationsHealth,confidence boosters,5,44,239,129,0.54
bien-etre-cible,AffirmationsHealth,affirmations for kids,5,70,250,157,0.52
bien-etre-cible,AffirmationsHealth,affirmations widget,5,86,249,233,0.49
bien-etre-cible,AffirmationsHealth,positive affirmations app free,5,77,248,199,0.50
bien-etre-cible,AffirmationsHealth,money affirmations,5,49,248,89,0.58
bien-etre-cible,AffirmationsHealth,audio affirmations,5,88,249,83,0.59
bien-etre-cible,AffirmationsHealth,depression anxiety,5,43,242,223,0.49
bien-etre-cible,AffirmationsHealth,free positive affirmations,5,76,250,234,0.49
bien-etre-cible,AffirmationsHealth,i am positive affirmations,5,76,238,56,0.64
bien-etre-cible,AffirmationsHealth,affirmation maker,5,80,250,249,0.48
bien-etre-cible,AffirmationsHealth,anxi,5,58,243,69,0.61
bien-etre-cible,AffirmationsHealth,affirmations daily motivation free,5,76,245,240,0.48
bien-etre-cible,AffirmationsHealth,anxieties,5,92,248,240,0.48
bien-etre-cible,AffirmationsHealth,law of attraction toolbox,5,,250,192,0.50
bien-etre-cible,AffirmationsHealth,affirmations reminders,5,63,239,33,0.72
bien-etre-cible,AffirmationsHealth,stress anxiety,5,95,248,230,0.49
bien-etre-cible,AffirmationsHealth,bible affirmations,5,78,250,214,0.49
bien-etre-cible,AffirmationsHealth,affirmation quote,5,47,243,85,0.58
bien-etre-cible,AffirmationsHealth,i am - daily affirmations reminders for self care,5,76,242,68,0.61
bien-etre-cible,AffirmationsHealth,health wellness affirmation,5,45,244,30,0.74
bien-etre-cible,AffirmationsHealth,happiness affirmations,5,40,241,38,0.70
bien-etre-cible,AffirmationsHealth,I Am - Daily Affirmations,5,77,249,63,0.62
bien-etre-cible,AffirmationsHealth,love affirmations,5,40,243,42,0.68
bien-etre-cible,AffirmationsHealth,"Anxiety",5,40,240,63,0.62
bien-etre-cible,AffirmationsHealth,daily affirmations by rise,5,40,242,71,0.61
bien-etre-cible,AffirmationsHealth,affirmations for couples,5,40,244,7,1.16
bien-etre-cible,AffirmationsHealth,manifest positive affirmations,5,42,240,108,0.56
bien-etre-cible,AffirmationsHealth,positive affirmations quotes,5,40,241,85,0.58
bien-etre-cible,AffirmationsHealth,positive affirmations app fre,5,75,244,90,0.58
bien-etre-cible,AffirmationsHealth,dhar,5,71,111,79,0.59
bien-etre-cible,AffirmationsHealth,Positive: Affirmations  Quotes,5,40,241,55,0.64
bien-etre-cible,AffirmationsHealth,affirmations motivation,5,42,244,134,0.54
bien-etre-cible,AffirmationsHealth,dhar man,5,,71,36,0.70
bien-etre-cible,AffirmationsHealth,happy affirmations,5,40,242,26,0.76
bien-etre-cible,AffirmationsHealth,anixety,5,94,247,185,0.51
bien-etre-cible,AffirmationsHealth,affirmacion,5,40,249,57,0.63
bien-etre-cible,AffirmationsHealth,healthy affirm,5,48,245,4,1.49
bien-etre-cible,AffirmationsHealth,happy affirm,5,75,242,119,0.55
bien-etre-cible,AffirmationsHealth,pregnancy affirmations,5,50,250,174,0.51
bien-etre-cible,AffirmationsHealth,affirmations for mental health,5,62,249,69,0.61
bien-etre-cible,AffirmationsHealth,confidemce,5,57,250,244,0.48
bien-etre-cible,AffirmationsHealth,affirmations for women,5,84,249,72,0.60
bien-etre-cible,AffirmationsHealth,daily affirmations for anxiety,5,40,244,17,0.86
bien-etre-cible,AffirmationsHealth,daily affirmations for naxiety,5,64,242,11,0.98
bien-etre-cible,AffirmationsHealth,daily affirmations for work,5,42,241,52,0.65
bien-etre-cible,AffirmationsHealth,affirmative,5,89,249,141,0.53
bien-etre-cible,AffirmationsHealth,affirmate,5,50,247,67,0.61
bien-etre-cible,AffirmationsHealth,I affirm,5,58,248,21,0.81
bien-etre-cible,AffirmationsHealth,motivate affirmations,5,42,243,92,0.58
bien-etre-cible,AffirmationsHealth,ambition,5,56,249,71,0.61
bien-etre-cible,AffirmationsHealth,Afirmation,5,63,245,136,0.53
bien-etre-cible,AffirmationsHealth,affirmations positive,5,45,236,140,0.53
bien-etre-cible,AffirmationsHealth,affirmations for motivation,5,,241,88,0.58
bien-etre-cible,AffirmationsHealth,anti-anxiety,5,47,242,153,0.52
bien-etre-cible,AffirmationsHealth,new affirmation of the day,5,79,241,208,0.50
bien-etre-cible,AffirmationsHealth,new motivational affirmations,5,40,245,56,0.64
bien-etre-cible,AffirmationsHealth,believe daily affirmations,5,27,218,182,0.51
bien-etre-cible,AffirmationsHealth,anxty,5,95,247,81,0.59
bien-etre-cible,AffirmationsHealth,affirmations to attract love,5,40,240,17,0.86
bien-etre-cible,AffirmationsHealth,new affirmations of the day,5,40,247,30,0.74
bien-etre-cible,AffirmationsHealth,affirmations for self care,5,40,244,71,0.61
bien-etre-cible,AffirmationsHealth,affirmation of the day,5,84,250,243,0.48
bien-etre-cible,AffirmationsHealth,new confidence affirmations,5,40,247,8,1.10
bien-etre-cible,AffirmationsHealth,adhd affirmations,5,38,249,149,0.53
bien-etre-cible,AffirmationsHealth,affirmation free,5,79,250,211,0.49
bien-etre-cible,AffirmationsHealth,headspace health,5,70,243,37,0.70
bien-etre-cible,AffirmationsHealth,affirmations and visualization,5,40,245,28,0.75
bien-etre-cible,AffirmationsHealth,positive daily affirmations free,5,76,243,167,0.52
bien-etre-cible,AffirmationsHealth,i am positive affirmation,5,77,247,188,0.50
bien-etre-cible,AffirmationsHealth,affirms,5,75,250,23,0.79
bien-etre-cible,AffirmationsHealth,anxiety anxiety,5,40,239,109,0.56
bien-etre-cible,AffirmationsHealth,Affirmation cards,5,85,250,224,0.49
bien-etre-cible,AffirmationsHealth,affirmations recorder,5,40,248,45,0.67
bien-etre-cible,AffirmationsHealth,record affirmations,5,45,249,122,0.55
bien-etre-cible,AffirmationsHealth,confidence affirmation,5,40,241,8,1.10
bien-etre-cible,AffirmationsHealth,affirma,5,97,250,63,0.62
bien-etre-cible,AffirmationsHealth,self-esteem booster,5,43,236,226,0.49
bien-etre-cible,AffirmationsHealth,affirmations on lock screen,5,80,250,41,0.68
bien-etre-cible,AffirmationsHealth,positive affirmation app,5,78,246,133,0.54
bien-etre-cible,AffirmationsHealth,Daily Affirmations App: I Am,5,74,242,60,0.63
bien-etre-cible,AffirmationsHealth,Affirmations - Daily Self-Love,5,75,243,150,0.52
bien-etre-cible,AffirmationsHealth,Affirmations. I am Positive,5,75,238,43,0.68
bien-etre-cible,AffirmationsHealth,affirmations for women free,5,77,250,28,0.75
bien-etre-cible,AffirmationsHealth,affirmations are here,5,40,248,17,0.86
bien-etre-cible,AffirmationsHealth,Mood Mantra Self Affirmations,5,40,247,49,0.66
bien-etre-cible,AffirmationsHealth,Self affirmations & widgets,5,40,244,56,0.64
bien-etre-cible,AffirmationsHealth,Morning Affirmations Widget,5,40,245,49,0.66
bien-etre-cible,AffirmationsHealth,graditude affirmations,5,40,246,68,0.61
bien-etre-cible,AffirmationsHealth,Self-Love affirmations,5,44,239,97,0.57
bien-etre-cible,AffirmationsHealth,relationship affirmations,5,40,250,17,0.86
bien-etre-cible,AffirmationsHealth,self care daily affirmations,5,40,239,112,0.55
bien-etre-cible,AffirmationsHealth,daily affirmation & motivation,5,82,245,213,0.49
bien-etre-cible,AffirmationsHealth,affirmation book,5,40,244,70,0.61
bien-etre-cible,AffirmationsHealth,affirmations widgets,5,45,246,41,0.68
bien-etre-cible,AffirmationsHealth,stresses release,5,37,139,33,0.72
bien-etre-cible,AffirmationsHealth,I am - Positive Affirmations,5,77,235,96,0.57
bien-etre-cible,AffirmationsHealth,affirmationwidget,5,81,250,218,0.49
bien-etre-cible,AffirmationsHealth,Positive Affirmations Reminders,5,77,240,86,0.58
bien-etre-cible,AffirmationsHealth,affirmations maker,5,40,243,6,1.24
bien-etre-cible,AffirmationsHealth,affirmation for women,5,40,244,90,0.58
bien-etre-cible,AffirmationsHealth,affirmation for women free,5,78,250,115,0.55
bien-etre-cible,AffirmationsHealth,affirmation widge,5,46,250,94,0.57
bien-etre-cible,AffirmationsHealth,affirmations homescreen,5,40,247,15,0.89
bien-etre-cible,AffirmationsHealth,homescreen affirmations,5,77,247,22,0.80
bien-etre-cible,AffirmationsHealth,home affirmations,5,40,245,7,1.16
bien-etre-cible,AffirmationsHealth,home screen affirmations,5,79,249,172,0.51
bien-etre-cible,AffirmationsHealth,custom affirmations,5,79,250,189,0.50
bien-etre-cible,AffirmationsHealth,affirmations home,5,40,246,14,0.91
bien-etre-cible,AffirmationsHealth,Affirmations & Widgets,5,44,243,26,0.76
bien-etre-cible,AffirmationsHealth,Vision Board affirmations,5,40,241,100,0.57
bien-etre-cible,AffirmationsHealth,success affirmations,5,42,242,24,0.78
bien-etre-cible,AffirmationsHealth,naxiety,5,93,248,226,0.49
bien-etre-cible,AffirmationsHealth,AM affirmations,5,49,243,57,0.63
bien-etre-cible,AffirmationsHealth,night affirmations,5,48,240,29,0.74
bien-etre-cible,AffirmationsHealth,weekly affirmations,5,66,246,25,0.77
bien-etre-cible,AffirmationsHealth,personalized affirmation,5,46,248,70,0.61
bien-etre-cible,AffirmationsHealth,affirmtion widget,5,42,246,82,0.59
bien-etre-cible,AffirmationsHealth,affirmations for women\,5,42,245,20,0.82
bien-etre-cible,AffirmationsHealth,personal affirmations,5,45,244,23,0.79
bien-etre-cible,AffirmationsHealth,personalised affirmations,5,40,247,6,1.24
bien-etre-cible,AffirmationsHealth,Couples Affirmations,5,46,248,5,1.34
bien-etre-cible,AffirmationsHealth,app release,5,66,236,61,0.63
bien-etre-cible,AffirmationsHealth,anxety,5,93,247,163,0.52
bien-etre-cible,AffirmationsHealth,custom affirmation,5,48,247,91,0.58
bien-etre-cible,AffirmationsHealth,personal affirmation,5,48,246,127,0.54
bien-etre-cible,AffirmationsHealth,morning affirmations for women,5,40,247,64,0.62
bien-etre-cible,AffirmationsHealth,anxiety affirmations,5,78,250,5,1.34
bien-etre-cible,AffirmationsHealth,affirmations foe women,5,42,247,31,0.73
bien-etre-cible,AffirmationsHealth,affirmation sessions,5,45,248,68,0.61
bien-etre-cible,AffirmationsHealth,affirmation session,5,45,248,96,0.57
bien-etre-cible,AffirmationsHealth,affirmation practice,5,45,249,130,0.54
bien-etre-cible,AffirmationsHealth,affirmations for woman,5,73,250,130,0.54
bien-etre-cible,AffirmationsHealth,uplifting affirmations,5,42,246,39,0.69
bien-etre-cible,AffirmationsHealth,affirmations for men,5,85,250,37,0.70
bien-etre-cible,AffirmationsHealth,I AM Affirmations Daily,5,77,239,86,0.58
bien-etre-cible,AffirmationsHealth,innertune listen affirmations,5,77,246,51,0.65
bien-etre-cible,AffirmationsHealth,my affirmation,5,47,239,142,0.53
bien-etre-cible,AffirmationsHealth,#positive daily affirmations,5,77,240,168,0.51
bien-etre-cible,AffirmationsHealth,affirming,5,48,247,48,0.66
bien-etre-cible,AffirmationsHealth,affirm: manifest affirmations,5,42,247,78,0.59
bien-etre-cible,AffirmationsHealth,affirm - Manifest Affirmations,5,42,248,80,0.59
bien-etre-cible,AffirmationsHealth,axiety,5,42,239,152,0.52
bien-etre-cible,AffirmationsHealth,affirmations vision board,5,40,243,100,0.57
bien-etre-cible,AffirmationsHealth,afwrmation,5,79,249,185,0.51
bien-etre-cible,AffirmationsHealth,anxiexty,5,93,247,105,0.56
bien-etre-cible,AffirmationsHealth,affirmation challenge,5,40,249,91,0.58
bien-etre-cible,AffirmationsHealth,Affirmations for self-esteem,5,67,215,147,0.53
bien-etre-cible,AffirmationsHealth,Affirmation for tapping,5,40,242,125,0.54
bien-etre-cible,AffirmationsHealth,Affirmations for tapping,5,42,243,14,0.91
bien-etre-cible,AffirmationsHealth,Affirmations mindfulness,5,40,243,94,0.57
bien-etre-cible,AffirmationsHealth,personalized affirmations,5,45,245,10,1.02
bien-etre-cible,AffirmationsHealth,affirmation generator,5,47,250,195,0.50
bien-etre-cible,AffirmationsHealth,create affirmations,5,77,249,51,0.65
bien-etre-cible,AffirmationsHealth,make affirmations,5,43,241,31,0.73
bien-etre-cible,AffirmationsHealth,self-help affirmations,5,40,240,40,0.69
bien-etre-cible,AffirmationsHealth,psychological affirmations,5,42,246,14,0.91
bien-etre-cible,AffirmationsHealth,affirmations for trauma,5,42,243,31,0.73
bien-etre-cible,AffirmationsHealth,healing affirmations,5,40,243,17,0.86
bien-etre-cible,AffirmationsHealth,Affirmations francais,5,40,249,3,1.74
bien-etre-cible,AffirmationsHealth,mental health affirmations,5,78,248,67,0.61
bien-etre-cible,AffirmationsHealth,affirmations positive quotes,5,44,241,75,0.60
bien-etre-cible,AffirmationsHealth,cbt affirmation,5,40,248,45,0.67
bien-etre-cible,AffirmationsHealth,Affirmations teenagers,5,42,244,5,1.34
bien-etre-cible,AffirmationsHealth,Affirmations depression,5,40,246,3,1.74
bien-etre-cible,AffirmationsHealth,Affirmations pain,5,38,245,20,0.82
bien-etre-cible,AffirmationsHealth,unique affirmations,5,42,214,74,0.60
bien-etre-cible,AffirmationsHealth,funny affirmations,5,78,249,153,0.52
bien-etre-cible,AffirmationsHealth,psychology affirmation,5,40,249,94,0.57
bien-etre-cible,AffirmationsHealth,affirmations positive quote,5,44,241,77,0.60
bien-etre-cible,AffirmationsHealth,innertune affirmations,5,76,249,24,0.78
bien-etre-cible,AffirmationsHealth,Affirmations Positive Quotes - iam,5,76,242,39,0.69
bien-etre-cible,AffirmationsHealth,Affirmations Positive Quotes : iam,5,76,242,66,0.62
bien-etre-cible,AffirmationsHealth,Affirmations Positive Quotes - affirm,5,41,239,43,0.68
bien-etre-cible,AffirmationsHealth,Affirmations Positive Quotes - soul,5,40,243,53,0.64
bien-etre-cible,AffirmationsHealth,Affirmations Positive Quotes - i am,5,76,240,31,0.73
bien-etre-cible,AffirmationsHealth,widget affirmations,5,80,250,83,0.59
bien-etre-cible,AffirmationsHealth,affirmations daily manifest,5,40,241,198,0.50
bien-etre-cible,AffirmationsHealth,quotes positive affirmations,5,42,241,64,0.62
bien-etre-cible,AffirmationsHealth,affirmations quotes,5,47,244,48,0.66
bien-etre-cible,AffirmationsHealth,affirmations love quotes,5,40,244,31,0.73
bien-etre-cible,AffirmationsHealth,affirmations daily quotes,5,45,245,133,0.54
bien-etre-cible,AffirmationsHealth,Daily Affirmations & Quotes,5,45,239,54,0.64
bien-etre-cible,AffirmationsHealth,Daily Affirmations for Self-Confidence,5,60,221,205,0.50
bien-etre-cible,AffirmationsHealth,mantra affirmations,5,43,248,117,0.55
bien-etre-cible,AffirmationsHealth,Anxiety Disorders,5,45,242,134,0.54
bien-etre-cible,AffirmationsHealth,quotes and affirmations,5,45,243,22,0.80
bien-etre-cible,AffirmationsHealth,affırmations,5,49,246,92,0.58
bien-etre-cible,AffirmationsHealth,affirmations & positive quotes,5,48,243,38,0.70
bien-etre-cible,AffirmationsHealth,affirmations board,5,40,245,18,0.84
bien-etre-cible,AffirmationsHealth,affirmation note,5,40,247,86,0.58
bien-etre-cible,AffirmationsHealth,reminder affirmation,5,40,239,166,0.52
bien-etre-cible,AffirmationsHealth,reminder affirmation widget,5,42,244,133,0.54
bien-etre-cible,AffirmationsHealth,affirmations for morning,5,42,242,69,0.61
bien-etre-cible,AffirmationsHealth,affırmation,5,43,247,85,0.58
bien-etre-cible,AffirmationsHealth,how to use affirmations,5,40,246,8,1.10
bien-etre-cible,AffirmationsHealth,affirmations mindful,5,43,239,90,0.58
bien-etre-cible,AffirmationsHealth,affirmations ai,5,49,246,41,0.68
bien-etre-cible,AffirmationsHealth,motivational affirmations,5,42,243,82,0.59
bien-etre-cible,AffirmationsHealth,Affirmation Habit,5,40,250,123,0.54
bien-etre-cible,AffirmationsHealth,everyday affirmation,5,40,248,126,0.54
bien-etre-cible,AffirmationsHealth,Women Daily Affirmations,5,77,249,57,0.63
bien-etre-cible,AffirmationsHealth,stress and anxiety app,5,40,243,140,0.53
bien-etre-cible,AffirmationsHealth,Mindset Affirmations,5,40,247,97,0.57
bien-etre-cible,AffirmationsHealth,empowering affirmations,5,40,246,19,0.83
bien-etre-cible,AffirmationsHealth,guided affirmation,5,44,248,126,0.54
bien-etre-cible,AffirmationsHealth,abundance affirmations,5,40,243,65,0.62
bien-etre-cible,AffirmationsHealth,SELF HELP Affirmations,5,44,239,31,0.73
bien-etre-cible,AffirmationsHealth,affimirmations,5,40,244,60,0.63
bien-etre-cible,AffirmationsHealth,i am .  daily affirmations,5,77,241,143,0.53
bien-etre-cible,AffirmationsHealth,daily positive affirmations !,5,76,241,141,0.53
bien-etre-cible,AffirmationsHealth,aura - daily affirmations,5,48,242,98,0.57
bien-etre-cible,AffirmationsHealth,affirmation ai,5,44,246,166,0.52
bien-etre-cible,AffirmationsHealth,anxiety therap,5,49,247,214,0.49
bien-etre-cible,AffirmationsHealth,uplift daily affirmations,5,42,241,61,0.63
bien-etre-cible,AffirmationsHealth,affirmations & daily reminders,5,82,240,56,0.64
bien-etre-cible,AffirmationsHealth,positive: daily affirmations,5,80,237,165,0.52
bien-etre-cible,AffirmationsHealth,my daily affirmations,5,77,240,61,0.63
bien-etre-cible,AffirmationsHealth,daily motivation • affirmations,5,62,241,225,0.49
bien-etre-cible,AffirmationsHealth,daily affirmations and quotes,5,48,245,163,0.52
bien-etre-cible,AffirmationsHealth,devotional affirmations,5,42,248,43,0.68
bien-etre-cible,AffirmationsHealth,anxeity,5,93,247,175,0.51
bien-etre-cible,AffirmationsHealth,inntertune affirmations,5,43,244,5,1.34
bien-etre-cible,AffirmationsHealth,affirmations self care self improvement,5,40,241,110,0.56
bien-etre-cible,AffirmationsHealth,wealth affirmations,5,76,214,158,0.52
bien-etre-cible,AffirmationsHealth,self-affirmation tracker,5,40,247,181,0.51
bien-etre-cible,AffirmationsHealth,motivation daily affirmations,5,,241,237,0.49
bien-etre-cible,AffirmationsHealth,affirmations and meditations,5,43,243,13,0.93
bien-etre-cible,AffirmationsHealth,affirmations & mindfulness,5,42,243,91,0.58
bien-etre-cible,AffirmationsHealth,affirmation coach,5,40,249,142,0.53
bien-etre-cible,AffirmationsHealth,snxiety,5,93,248,172,0.51
bien-etre-cible,AffirmationsHealth,affirmations for parents,5,40,243,9,1.06
bien-etre-cible,AffirmationsHealth,anxiaity,5,93,248,86,0.58
bien-etre-cible,AffirmationsHealth,cbticoach,5,40,247,100,0.57
bien-etre-cible,AffirmationsHealth,affirmation tracker,5,79,250,242,0.48
bien-etre-cible,AffirmationsHealth,today affirmation,5,40,248,138,0.53
bien-etre-cible,AffirmationsHealth,wellness affirmation,5,40,249,16,0.87
bien-etre-cible,AffirmationsHealth,reflect affirmation,5,40,246,81,0.59
bien-etre-cible,AffirmationsHealth,living affirmation,5,40,249,165,0.52
bien-etre-cible,AffirmationsHealth,affirmation training,5,40,249,97,0.57
bien-etre-cible,AffirmationsHealth,innertune living,5,43,248,168,0.51
bien-etre-cible,AffirmationsHealth,innertune affirmation,5,42,250,227,0.49
bien-etre-cible,AffirmationsHealth,positive: affirmations,5,40,234,86,0.58
bien-etre-cible,AffirmationsHealth,anxiaty relief,5,94,247,216,0.49
bien-etre-cible,AffirmationsHealth,ultamize daily affirmations,5,42,239,48,0.66
bien-etre-cible,AffirmationsHealth,affimration,5,79,249,199,0.50
bien-etre-cible,AffirmationsHealth,zodiac affirmations,5,,246,34,0.71
bien-etre-cible,AffirmationsHealth,visual affirmations,5,40,247,11,0.98
bien-etre-cible,AffirmationsHealth,trauma affirmations,5,,248,18,0.84
bien-etre-cible,AffirmationsHealth,affırmatıons,5,42,242,98,0.57
bien-etre-cible,AffirmationsHealth,law of attraction: affirmations,5,40,243,43,0.68
bien-etre-cible,AffirmationsHealth,i am uplifting affirmations,5,40,241,30,0.74
bien-etre-cible,AffirmationsHealth,self love & daily affirmations,5,77,241,100,0.57
bien-etre-cible,AffirmationsHealth,affirmations for manifestation,5,40,248,91,0.58
bien-etre-cible,AffirmationsHealth,self-improvement affirmations,5,40,240,95,0.57
bien-etre-cible,AffirmationsHealth,uplift: i am affirmations,5,40,240,16,0.87
bien-etre-cible,AffirmationsHealth,curated affirmations,5,40,246,9,1.06
bien-etre-cible,AffirmationsHealth,affirmations for mindfulness,5,42,242,66,0.62
bien-etre-cible,AffirmationsHealth,powerfull affirmations,5,40,241,22,0.80
bien-etre-cible,AffirmationsHealth,powerful affirmations,5,43,238,28,0.75
bien-etre-cible,AffirmationsHealth,affirmations for self growth,5,40,243,71,0.61
bien-etre-cible,AffirmationsHealth,affirmations for stress,5,40,243,8,1.10
bien-etre-cible,AffirmationsHealth,affirmations to attract happyness,5,40,244,18,0.84
bien-etre-cible,AffirmationsHealth,affirmations to attract happiness,5,40,244,19,0.83
bien-etre-cible,AffirmationsHealth,affirmations for positivity,5,42,239,72,0.60
bien-etre-cible,AffirmationsHealth,top affirmations,5,,208,82,0.59
bien-etre-cible,AffirmationsHealth,top daily affirmations,5,42,244,52,0.65
bien-etre-cible,AffirmationsHealth,pep talk affirmations,5,,212,73,0.60
bien-etre-cible,AffirmationsHealth,i am affirmations and mantra,5,78,242,42,0.68
bien-etre-cible,AffirmationsHealth,affirmations peptalk,5,,211,70,0.61
bien-etre-cible,AffirmationsHealth,solace - breakup affirmations,5,42,248,92,0.58
bien-etre-cible,AffirmationsHealth,parent affirmations,5,,211,90,0.58
bien-etre-cible,AffirmationsHealth,girl affirmations,5,44,245,8,1.10
bien-etre-cible,AffirmationsHealth,affirmations girls,5,,205,67,0.61
bien-etre-cible,AffirmationsHealth,girl affirmation,5,44,248,173,0.51
bien-etre-cible,AffirmationsHealth,pink affirmations,5,84,248,4,1.49
bien-etre-cible,AffirmationsHealth,positive affirmantions,5,79,249,66,0.62
bien-etre-cible,AffirmationsHealth,affirmations%20for%20women%20free,5,40,242,20,0.82
bien-etre-cible,AffirmationsHealth,daily%20affirmations%20for%20women,5,42,245,43,0.68
bien-etre-cible,AffirmationsHealth,affirmations for self love,5,40,238,66,0.62
bien-etre-cible,AffirmationsHealth,daily%20affirmations,5,42,243,91,0.58
bien-etre-cible,AffirmationsHealth,positive%3A%20daily%20affirmations,5,46,241,76,0.60
bien-etre-cible,AffirmationsHealth,affirmations%20free,5,40,247,33,0.72
bien-etre-cible,AffirmationsHealth,innertune%20affirmations,5,43,247,47,0.66
bien-etre-cible,AffirmationsHealth,positive%20affirmations,5,42,239,54,0.64
bien-etre-cible,AffirmationsHealth,positive%3A%20affirmations,5,42,237,27,0.76
bien-etre-cible,AffirmationsHealth,daily%20affirmations%20free,5,42,246,187,0.51
bien-etre-cible,AffirmationsHealth,i%20am%20affirmations,5,40,242,33,0.72
bien-etre-cible,AffirmationsHealth,i%20am%20daily%20affirmations,5,40,244,30,0.74
bien-etre-cible,AffirmationsHealth,affirmation%20widget,5,42,247,204,0.50
bien-etre-cible,AffirmationsHealth,365 daily affirmations,5,42,245,65,0.62
bien-etre-cible,AffirmationsHealth,affirmation music,5,43,245,61,0.63
bien-etre-cible,AffirmationsHealth,daily mantra iam affirmations,5,78,245,74,0.60
bien-etre-cible,AffirmationsHealth,journal and affirmations,5,42,246,39,0.69
bien-etre-cible,AffirmationsHealth,affirmation notifications,5,40,249,48,0.66
bien-etre-cible,AffirmationsHealth,badass affirmation cards,5,40,244,42,0.68
bien-etre-cible,AffirmationsHealth,bold affirmations,5,40,249,16,0.87
bien-etre-cible,AffirmationsHealth,raw affirmations,5,40,249,5,1.34
bien-etre-cible,AffirmationsHealth,grit affirmations,5,40,248,8,1.10
bien-etre-cible,AffirmationsHealth,affirmations routine,5,40,245,24,0.78
bien-etre-cible,AffirmationsHealth,raw affirmations & discipline,5,40,241,21,0.81
bien-etre-cible,AffirmationsHealth,affirmations boost,5,40,242,10,1.02
bien-etre-cible,AffirmationsHealth,affirmation boost,5,40,246,103,0.56
bien-etre-cible,AffirmationsHealth,breathing affirmations anxiety calm slee,5,,244,11,0.98
bien-etre-cible,AffirmationsHealth,affirmations,5,47,238,6,1.24
bien-etre-cible,AffirmationsHealth,anxiaty,5,93,248,172,0.51
bien-etre-cible,AffirmationsHealth,unhinged affirmations,5,40,248,4,1.49
bien-etre-cible,AffirmationsHealth,aniexity,5,93,247,91,0.58
bien-etre-cible,AffirmationsHealth,affirmations generator,5,,236,79,0.59
bien-etre-cible,AffirmationsHealth,daily parents affirmations,5,42,244,43,0.68
bien-etre-cible,AffirmationsHealth,daily parent affirmations,5,44,250,53,0.64
bien-etre-cible,AffirmationsHealth,motivation affirmations,5,64,244,147,0.53
bien-etre-cible,AffirmationsHealth,daily affirmations ai,5,45,244,87,0.58
bien-etre-cible,AffirmationsHealth,ai daily affirmations,5,49,245,91,0.58
bien-etre-cible,AffirmationsHealth,anxitty,5,93,247,90,0.58
bien-etre-cible,AffirmationsHealth,positive affirmations with ai,5,42,241,20,0.82
bien-etre-cible,AffirmationsHealth,positive affirmations ai,5,45,244,67,0.61
bien-etre-cible,AffirmationsHealth,daily affirmations positive,5,78,237,170,0.51
bien-etre-cible,AffirmationsHealth,approval seeking,5,40,250,236,0.49
bien-etre-cible,AffirmationsHealth,women affirmations,5,79,250,188,0.50
bien-etre-cible,AffirmationsHealth,voice affirmations,5,54,246,26,0.76
bien-etre-cible,AffirmationsHealth,affirmations & journal,5,49,247,27,0.76
bien-etre-cible,AffirmationsHealth,guided affirmations for sleep,5,69,211,123,0.54
bien-etre-cible,AffirmationsHealth,affırmatıon,5,42,245,97,0.57
bien-etre-cible,AffirmationsHealth,unique daily affirmations,5,78,248,169,0.51
bien-etre-cible,AffirmationsHealth,affirmations for anxiety,5,42,244,2,2.29
bien-etre-cible,AffirmationsHealth,affirmations journal,5,46,247,23,0.79
bien-etre-cible,AffirmationsHealth,mood based affirmations,5,42,247,14,0.91
bien-etre-cible,AffirmationsHealth,stress & anxiety,5,54,243,104,0.56
bien-etre-cible,AffirmationsHealth,affirmifi,5,40,249,32,0.73
bien-etre-cible,AffirmationsHealth,astrology affirmations,5,,225,167,0.52
bien-etre-cible,AffirmationsHealth,calm anxiety & stress,5,47,244,165,0.52
bien-etre-cible,AffirmationsHealth,success affirmation,5,40,247,194,0.50
bien-etre-cible,AffirmationsHealth,glow - daily affirmations,5,81,250,64,0.62
bien-etre-cible,AffirmationsHealth,anxieety,5,93,247,113,0.55
bien-etre-cible,AffirmationsHealth,glow daily affirmations,5,78,249,127,0.54
bien-etre-cible,AffirmationsHealth,career confidence affirmations,5,54,246,3,1.74
bien-etre-cible,AffirmationsHealth,affirmations of the day,5,78,250,39,0.69
bien-etre-cible,AffirmationsHealth,stoic affirmations,5,40,249,119,0.55
bien-etre-cible,AffirmationsHealth,positive affirmations daily app,5,78,243,177,0.51
bien-etre-cible,AffirmationsHealth,daily wheel of affirmations,5,48,244,55,0.64
bien-etre-cible,AffirmationsHealth,glow daily affirmation,5,78,246,151,0.52
bien-etre-cible,AffirmationsHealth,affirmations  mindset  motivation  self-,5,42,245,105,0.56
bien-etre-cible,AffirmationsHealth,higher: daily gita affirmations,5,40,247,92,0.58
bien-etre-cible,AffirmationsHealth,daily affirmations - glow,5,45,242,48,0.66
bien-etre-cible,AffirmationsHealth,emotion tracking affirmations,5,46,247,3,1.74
bien-etre-cible,AffirmationsHealth,be well / bewell,5,43,228,135,0.54
bien-etre-cible,AffirmationsHealth,affirmations daily quotes positive min,5,77,241,67,0.61
bien-etre-cible,AffirmationsHealth,affirmations q,5,42,244,10,1.02
bien-etre-cible,AffirmationsHealth,stress  anxiety & hot flash,5,47,244,176,0.51
bien-etre-cible,AffirmationsHealth,not alone affirmations,5,40,243,16,0.87
bien-etre-cible,AffirmationsHealth,affirmations music,5,,214,72,0.60
bien-etre-cible,AffirmationsHealth,crystal affirmations,5,,236,182,0.51
bien-etre-cible,AffirmationsHealth,affira,5,83,250,232,0.49
bien-etre-cible,AffirmationsHealth,anxity,5,91,247,168,0.51
bien-etre-cible,AffirmationsHealth,gleam: charisma & confidence,5,42,249,28,0.75
bien-etre-cible,AffirmationsHealth,men affirmations,5,,235,75,0.60
bien-etre-cible,AffirmationsHealth,affirmations sleep,5,,223,181,0.51
bien-etre-cible,AffirmationsHealth,affirmation wake up,5,,248,138,0.53
bien-etre-cible,AffirmationsHealth,self affi,5,,207,163,0.52
bien-etre-cible,AffirmationsHealth,confidene,5,55,250,218,0.49
bien-etre-cible,AffirmationsHealth,daily gratitude & affirmations,5,75,247,221,0.49
bien-etre-cible,AffirmationsHealth,affirmation power,5,47,244,152,0.52
bien-etre-cible,AffirmationsHealth,daily affirmation flow,5,,246,207,0.50
bien-etre-cible,AffirmationsHealth,mindful daily affirmations,5,80,248,165,0.52
bien-etre-cible,AffirmationsHealth,affirmations timer,5,40,245,5,1.34
bien-etre-cible,AffirmationsHealth,affirmations tracker,5,75,249,15,0.89
bien-etre-cible,AffirmationsHealth,affirmations coach,5,,219,107,0.56
bien-etre-cible,AffirmationsHealth,affirmations sounds,5,,220,88,0.58
bien-etre-cible,AffirmationsHealth,affirmations calc,5,40,247,17,0.86
bien-etre-cible,AffirmationsHealth,affirmations counter,5,79,250,192,0.50
bien-etre-cible,AffirmationsHealth,affirmations log,5,40,246,8,1.10
bien-etre-cible,AffirmationsHealth,affirmations meter,5,40,248,6,1.24
bien-etre-cible,AffirmationsHealth,affirmations tool,5,40,246,8,1.10
bien-etre-cible,AffirmationsHealth,motivation & affirmations,5,,243,69,0.61
bien-etre-cible,AffirmationsHealth,spoken affirmations,5,40,243,33,0.72
bien-etre-cible,AffirmationsHealth,daily affirmations glow,5,,212,113,0.55
bien-etre-cible,AffirmationsHealth,anxiety iphone,5,,239,100,0.57
bien-etre-cible,AffirmationsHealth,anxiety iphone app,5,40,244,104,0.56
bien-etre-cible,AffirmationsHealth,free anxiety iphone,5,40,249,75,0.60
bien-etre-cible,AffirmationsHealth,affirmquest.io,5,,249,33,0.72
bien-etre-cible,AffirmationsHealth,affirmquest,5,,228,172,0.51
bien-etre-cible,AffirmationsHealth,affirmationsmanifestation audio,5,,249,241,0.48
bien-etre-cible,AffirmationsHealth,money affirmations affirmations,5,,214,133,0.54
bien-etre-cible,AffirmationsHealth,health affirmations,5,40,239,1,5.00
bien-etre-cible,AffirmationsHealth,beauty affirmations,5,,244,11,0.98
bien-etre-cible,AffirmationsHealth,affirmations for ptsd,5,25,210,155,0.52
bien-etre-cible,AffirmationsHealth,self-worth affirmations,5,,241,62,0.62
bien-etre-cible,AffirmationsHealth,hopeful affirmations,5,,230,97,0.57
bien-etre-cible,AffirmationsHealth,affirmations after breakup,5,,231,131,0.54
bien-etre-cible,AffirmationsHealth,affirmations breakup,5,,244,16,0.87
bien-etre-cible,AffirmationsHealth,affirmations anxiet,5,,244,1,5.00
bien-etre-cible,AffirmationsHealth,affirmations anxiety,5,,246,2,2.29
bien-etre-cible,AffirmationsHealth,affirmations trauma,5,,216,131,0.54
bien-etre-cible,AffirmationsHealth,affirmations for young adults,5,,227,100,0.57
bien-etre-cible,AffirmationsHealth,affirmations for teens,5,,241,11,0.98
bien-etre-cible,AffirmationsHealth,affirmations for boys,5,,224,170,0.51
bien-etre-cible,AffirmationsHealth,affirmations for girls,5,,247,24,0.78
bien-etre-cible,AffirmationsHealth,affirmations for depression,5,,218,55,0.64
bien-etre-cible,AffirmationsHealth,affirmations for imposter syndrome,5,,230,104,0.56
bien-etre-cible,AffirmationsHealth,affirmations for health,5,,238,29,0.74
bien-etre-cible,AffirmationsHealth,affirmations for menal health,5,,218,103,0.56
bien-etre-cible,AffirmationsHealth,affirmations for calm,5,,219,71,0.61
bien-etre-cible,AffirmationsHealth,affirmations for love,5,,241,19,0.83
bien-etre-cible,AffirmationsHealth,cptsd affirmations,5,,213,150,0.52
bien-etre-cible,AffirmationsHealth,rejection sensitivity affirmations,5,,231,118,0.55
bien-etre-cible,AffirmationsHealth,affirmations for man,5,,250,209,0.50
bien-etre-cible,AffirmationsHealth,affirmations for chronic pain,5,,228,191,0.50
bien-etre-cible,AffirmationsHealth,affirmations mental,5,,246,54,0.64
bien-etre-cible,AffirmationsHealth,affirmations health,5,,238,1,5.00
bien-etre-cible,AffirmationsHealth,affirmations well-being,5,,217,25,0.77
bien-etre-cible,AffirmationsHealth,affirmation creator,5,,223,212,0.49
bien-etre-cible,AffirmationsHealth,positive: affirmations quotes,5,,242,48,0.66
bien-etre-cible,AffirmationsHealth,affirmations  daily affirmations  positi,5,75,237,103,0.56
bien-etre-cible,AffirmationsHealth,confience,5,55,250,245,0.48
bien-etre-cible,AffirmationsHealth,travelhive,5,,250,94,0.57
bien-etre-cible,AffirmationsHealth,afirmation carrer,5,,249,248,0.48
bien-etre-cible,AffirmationsHealth,affirmation career,5,,245,163,0.52
bien-etre-cible,AffirmationsHealth,affirmation monet,5,,209,94,0.57
bien-etre-cible,AffirmationsHealth,affirmation money,5,,246,219,0.49
bien-etre-cible,AffirmationsHealth,affirmation block,5,,249,83,0.59
bien-etre-cible,AffirmationsHealth,affirmations block,5,,248,2,2.29
bien-etre-cible,AffirmationsHealth,mindful affirmation breather,,,247,166,
bien-etre-cible,AffirmationsHealth,self esteem affirmations english,,40,238,64,
bien-etre-cible,AffirmationsHealth,affirmations helper,,40,244,9,
bien-etre-cible,AffirmationsHealth,digital affirmations,,40,248,8,
bien-etre-cible,AffirmationsHealth,easy affirmations,,40,244,9,
bien-etre-cible,AffirmationsHealth,evening affirmations,,40,248,35,
bien-etre-cible,AffirmationsHealth,confidence affirmations,,40,244,4,
bien-etre-cible,AffirmationsHealth,self worth affirmations,,40,239,35,
bien-etre-cible,AffirmationsHealth,affirmations for confidence,,42,240,9,
bien-etre-cible,AffirmationsHealth,affirmations board',,,222,108,
bien-etre-cible,AffirmationsHealth,affirmations app free,,,246,32,
bien-etre-cible,AffirmationsHealth,affirmations gratis,,,247,40,
bien-etre-cible,AffirmationsHealth,affirmations no ads,,,248,8,
bien-etre-cible,AffirmationsHealth,grief loss resentment bereavement affirmations app,,,250,17,
bien-etre-cible,AffirmationsHealth,daily i am affirmations,,,247,61,
bien-etre-cible,SelfLove,confide,16,97,249,30,2.36
bien-etre-cible,SelfLove,self love,5,72,250,5,1.34
bien-etre-cible,SelfLove,confide app,5,86,250,27,0.76
bien-etre-cible,SelfLove,confide inc,5,94,247,7,1.16
bien-etre-cible,SelfLove,thoughts,5,91,250,57,0.63
bien-etre-cible,SelfLove,self love quotes,5,73,250,21,0.81
bien-etre-cible,SelfLove,sel,5,75,249,22,0.80
bien-etre-cible,SelfLove,self talk,5,78,249,158,0.52
bien-etre-cible,SelfLove,confidence booster,5,48,249,21,0.81
bien-etre-cible,SelfLove,esteem,5,73,249,86,0.58
bien-etre-cible,SelfLove,self love affirmations,5,81,250,27,0.76
bien-etre-cible,SelfLove,self compassion,5,69,242,17,0.86
bien-etre-cible,SelfLove,self inc,5,100,250,157,0.52
bien-etre-cible,SelfLove,confidence app,5,50,250,5,1.34
bien-etre-cible,SelfLove,change your life,5,64,250,119,0.55
bien-etre-cible,SelfLove,negative thinking,5,50,250,183,0.51
bien-etre-cible,SelfLove,confidence building,5,20,249,29,0.74
bien-etre-cible,SelfLove,self acceptance,5,52,250,11,0.98
bien-etre-cible,SelfLove,learn self acceptance,5,46,250,15,0.89
bien-etre-cible,SelfLove,learn self compassion,5,84,249,159,0.52
bien-etre-cible,SelfLove,self compassion course,5,36,249,114,0.55
bien-etre-cible,SelfLove,self-love,5,80,247,5,1.34
bien-etre-cible,SelfLove,self-love routines,5,67,249,26,0.76
bien-etre-cible,SelfLove,supportive,5,96,248,29,0.74
bien-etre-cible,SelfLove,self love routine,5,76,249,41,0.68
bien-etre-cible,SelfLove,inner confidence,5,51,249,49,0.66
bien-etre-cible,SelfLove,self love routines,5,78,248,30,0.74
bien-etre-cible,SelfLove,daily self love,5,78,250,36,0.70
bien-etre-cible,SelfLove,make me better - improve personality & motivation,5,49,249,78,0.59
bien-etre-cible,SelfLove,the power of positive thinking - complete book,5,7,249,102,0.56
bien-etre-cible,SelfLove,improve your social behaviour,5,30,250,73,0.60
bien-etre-cible,SelfLove,how to deal with jealousy,5,14,250,33,0.72
bien-etre-cible,SelfLove,learn to be assertive,5,0,231,9,1.06
bien-etre-cible,SelfLove,the power of one - welfare foundation,5,0,222,100,0.57
bien-etre-cible,SelfLove,confidence tracking,5,70,249,27,0.76
bien-etre-cible,SelfLove,self builder,5,91,249,217,0.49
bien-etre-cible,SelfLove,ثقة,5,93,248,94,0.57
bien-etre-cible,SelfLove,stop negative thoughts,5,78,248,146,0.53
bien-etre-cible,SelfLove,promotes,5,84,249,216,0.49
bien-etre-cible,SelfLove,Talk Change,5,93,248,76,0.60
bien-etre-cible,SelfLove,beliefs,5,60,246,21,0.81
bien-etre-cible,SelfLove,self-esteem booster,5,70,250,16,0.87
bien-etre-cible,SelfLove,Affirmations - Daily Self-Love,5,78,250,25,0.77
bien-etre-cible,SelfLove,Self Love - Daily Affirmations,5,56,228,57,0.63
bien-etre-cible,SelfLove,confidence in bikini body,5,32,241,95,0.57
bien-etre-cible,SelfLove,manifastation,5,15,248,45,0.67
bien-etre-cible,SelfLove,therapeutic self-talk,5,,250,210,0.50
bien-etre-cible,SelfLove,self-talk,5,82,250,164,0.52
bien-etre-cible,SelfLove,grow confidence,5,45,250,25,0.77
bien-etre-cible,SelfLove,alleviate self-doubt,5,,250,72,0.60
bien-etre-cible,SelfLove,self-doubt,5,86,250,53,0.64
bien-etre-cible,SelfLove,trust issues,5,56,248,188,0.50
bien-etre-cible,SelfLove,body confidence,5,56,250,225,0.49
bien-etre-cible,SelfLove,self-understanding,5,70,250,42,0.68
bien-etre-cible,SelfLove,talk psychologist,5,,211,147,0.53
bien-etre-cible,SelfLove,talk to psychologist,5,,250,108,0.56
bien-etre-cible,SelfLove,self doubt,5,29,247,23,0.79
bien-etre-cible,SelfLove,build self confidence,5,67,250,12,0.96
bien-etre-cible,SelfLove,better and self,5,77,250,207,0.50
bien-etre-cible,SelfLove,better & self,5,20,204,22,0.80
bien-etre-cible,SelfLove,true self,5,97,249,91,0.58
bien-etre-cible,SelfLove,affirmations self respect,5,,249,141,0.53
bien-etre-cible,SelfLove,思春期テスト,,20,199,2,
bien-etre-cible,SelfLove,3 seguidos,,51,247,230,
bien-etre-cible,SelfLove,आत्म सम्मान,,88,249,17,
bien-etre-cible,SelfLove,काउंसलिंग,,45,203,69,
bien-etre-cible,Subliminal,mob,51,82,248,198,5.10
bien-etre-cible,Subliminal,manifest,45,76,250,38,6.26
bien-etre-cible,Subliminal,manifestation,27,82,249,7,6.26
bien-etre-cible,Subliminal,hypnobox,15,46,187,122,1.64
bien-etre-cible,Subliminal,subliminal,9,58,214,2,4.13
bien-etre-cible,Subliminal,love quotes and sayings,5,70,183,123,0.54
bien-etre-cible,Subliminal,selfishbabe,5,54,31,17,0.86
bien-etre-cible,Subliminal,abundance,5,42,247,73,0.60
bien-etre-cible,Subliminal,law of attraction,5,57,245,37,0.70
bien-etre-cible,Subliminal,confide inc,5,46,247,183,0.51
bien-etre-cible,Subliminal,vibreur,5,42,235,168,0.51
bien-etre-cible,Subliminal,positiva,5,55,247,86,0.58
bien-etre-cible,Subliminal,laws of attraction,5,43,237,47,0.66
bien-etre-cible,Subliminal,subliminal affirmations,5,45,249,5,1.34
bien-etre-cible,Subliminal,manifestation apps,5,71,250,54,0.64
bien-etre-cible,Subliminal,self care for women,5,54,245,239,0.48
bien-etre-cible,Subliminal,positive vibes,5,74,247,236,0.49
bien-etre-cible,Subliminal,manifesting,5,81,248,8,1.10
bien-etre-cible,Subliminal,subliminal weight loss,5,40,236,16,0.87
bien-etre-cible,Subliminal,positive affirmations app free,5,77,248,120,0.55
bien-etre-cible,Subliminal,money manifestation,5,48,247,61,0.63
bien-etre-cible,Subliminal,manifestations,5,62,248,190,0.50
bien-etre-cible,Subliminal,iform,5,54,247,184,0.51
bien-etre-cible,Subliminal,manifest goals,5,44,243,89,0.58
bien-etre-cible,Subliminal,manifest money,5,36,202,26,0.76
bien-etre-cible,Subliminal,estilista personal,5,45,248,154,0.52
bien-etre-cible,Subliminal,health motivation,5,71,221,170,0.51
bien-etre-cible,Subliminal,positive mindset,5,85,249,122,0.55
bien-etre-cible,Subliminal,subconscious,5,55,250,16,0.87
bien-etre-cible,Subliminal,mindset training,5,62,243,99,0.57
bien-etre-cible,Subliminal,subliminal vision boards,5,40,241,14,0.91
bien-etre-cible,Subliminal,instaspy,5,95,195,90,0.58
bien-etre-cible,Subliminal,motivational thoughts,5,40,247,104,0.56
bien-etre-cible,Subliminal,negative thinking,5,40,237,161,0.52
bien-etre-cible,Subliminal,law of attraction toolbox app,5,27,225,5,1.34
bien-etre-cible,Subliminal,subliminal maker,5,47,179,8,1.10
bien-etre-cible,Subliminal,peace sign,5,57,236,210,0.50
bien-etre-cible,Subliminal,subconscious mind,5,51,246,170,0.51
bien-etre-cible,Subliminal,money better,5,47,95,37,0.70
bien-etre-cible,Subliminal,Higher Self,5,53,220,14,0.91
bien-etre-cible,Subliminal,self-confidence,5,49,235,35,0.71
bien-etre-cible,Subliminal,manifest law of attraction app,5,40,239,93,0.57
bien-etre-cible,Subliminal,manifest affirmations,5,88,249,20,0.82
bien-etre-cible,Subliminal,motivational quotes free,5,74,249,7,1.16
bien-etre-cible,Subliminal,quote of life,5,40,238,98,0.57
bien-etre-cible,Subliminal,affirmation journal,5,93,248,19,0.83
bien-etre-cible,Subliminal,think positive,5,48,226,187,0.51
bien-etre-cible,Subliminal,mindset coach,5,56,246,202,0.50
bien-etre-cible,Subliminal,law of assumption,5,42,250,185,0.51
bien-etre-cible,Subliminal,daily-affirmation,5,75,243,227,0.49
bien-etre-cible,Subliminal,free everything,5,55,247,56,0.64
bien-etre-cible,Subliminal,manifest positive affirmations,5,42,240,187,0.51
bien-etre-cible,Subliminal,money health,5,59,244,175,0.51
bien-etre-cible,Subliminal,high vibration,5,40,228,81,0.59
bien-etre-cible,Subliminal,subconcious,5,40,248,13,0.93
bien-etre-cible,Subliminal,peace love,5,86,241,171,0.51
bien-etre-cible,Subliminal,law of ttraction,5,40,243,34,0.71
bien-etre-cible,Subliminal,mindsex sexual,5,40,250,217,0.49
bien-etre-cible,Subliminal,manifest it now,5,,247,101,0.56
bien-etre-cible,Subliminal,healthy affirm,5,48,245,132,0.54
bien-etre-cible,Subliminal,self pause,5,32,248,96,0.57
bien-etre-cible,Subliminal,شن انطيب,5,79,249,93,0.57
bien-etre-cible,Subliminal,positive life,5,53,242,19,0.83
bien-etre-cible,Subliminal,inner health,5,40,248,148,0.53
bien-etre-cible,Subliminal,positive thought,5,73,241,73,0.60
bien-etre-cible,Subliminal,daily motivations,5,75,243,7,1.16
bien-etre-cible,Subliminal,new motivational affirmations,5,40,245,238,0.48
bien-etre-cible,Subliminal,believe daily affirmations,5,27,218,63,0.62
bien-etre-cible,Subliminal,affirmations to attract love,5,40,240,97,0.57
bien-etre-cible,Subliminal,success life,5,52,243,56,0.64
bien-etre-cible,Subliminal,& vibrating,5,40,238,237,0.49
bien-etre-cible,Subliminal,positivity+,5,44,247,72,0.60
bien-etre-cible,Subliminal,law of vibration,5,40,224,12,0.96
bien-etre-cible,Subliminal,power of intention,5,86,245,111,0.55
bien-etre-cible,Subliminal,positive daily affirmations free,5,76,243,145,0.53
bien-etre-cible,Subliminal,rich mindset,5,50,246,246,0.48
bien-etre-cible,Subliminal,love manifestation,5,40,246,41,0.68
bien-etre-cible,Subliminal,attract love,5,50,237,44,0.67
bien-etre-cible,Subliminal,attract money,5,54,235,22,0.80
bien-etre-cible,Subliminal,new motivation quotes,5,77,246,244,0.48
bien-etre-cible,Subliminal,mindset for success,5,48,242,40,0.69
bien-etre-cible,Subliminal,affirmations are here,5,40,248,218,0.49
bien-etre-cible,Subliminal,Abundance mindset,5,46,247,13,0.93
bien-etre-cible,Subliminal,Success mindset,5,49,244,35,0.71
bien-etre-cible,Subliminal,Morning Mindset,5,49,250,154,0.52
bien-etre-cible,Subliminal,powerful subliminal audio,5,,250,3,1.74
bien-etre-cible,Subliminal,PEAKS - secrets of champions,5,51,250,29,0.74
bien-etre-cible,Subliminal,mental strengthen,5,40,249,144,0.53
bien-etre-cible,Subliminal,Good mindset,5,63,249,166,0.52
bien-etre-cible,Subliminal,self hypnosis sleep,5,40,225,146,0.53
bien-etre-cible,Subliminal,Positive Quotes Daily 4+,5,9,202,144,0.53
bien-etre-cible,Subliminal,refocusd,5,46,250,130,0.54
bien-etre-cible,Subliminal,success affirmations,5,42,242,133,0.54
bien-etre-cible,Subliminal,manifesation,5,70,249,7,1.16
bien-etre-cible,Subliminal,manifest your dreams,5,72,229,28,0.75
bien-etre-cible,Subliminal,positive daily manifestations,5,42,248,86,0.58
bien-etre-cible,Subliminal,manifest success,5,40,248,8,1.10
bien-etre-cible,Subliminal,manifastation,5,72,250,7,1.16
bien-etre-cible,Subliminal,manifast,5,76,250,38,0.70
bien-etre-cible,Subliminal,money manifestations,5,49,248,28,0.75
bien-etre-cible,Subliminal,attract wealth,5,43,239,16,0.87
bien-etre-cible,Subliminal,subliminal vison,5,38,175,9,1.06
bien-etre-cible,Subliminal,subliminal vision,5,40,228,2,2.29
bien-etre-cible,Subliminal,Daily Mindful Action Prompt,5,42,248,219,0.49
bien-etre-cible,Subliminal,affirmation sessions,5,45,248,221,0.49
bien-etre-cible,Subliminal,affirmation session,5,45,248,206,0.50
bien-etre-cible,Subliminal,innertune listen affirmations,5,77,246,245,0.48
bien-etre-cible,Subliminal,subliminals,5,55,244,6,1.24
bien-etre-cible,Subliminal,law of abundance,5,56,163,13,0.93
bien-etre-cible,Subliminal,vmanifest,5,76,250,92,0.58
bien-etre-cible,Subliminal,morning inspirational quotes,5,70,69,2,2.29
bien-etre-cible,Subliminal,everythinkg,5,59,223,196,0.50
bien-etre-cible,Subliminal,manifest dream,5,39,229,45,0.67
bien-etre-cible,Subliminal,manefest,5,76,250,45,0.67
bien-etre-cible,Subliminal,positive daily life,5,71,140,8,1.10
bien-etre-cible,Subliminal,manifest affirmation,5,48,246,159,0.52
bien-etre-cible,Subliminal,mind shift motivation,5,64,235,36,0.70
bien-etre-cible,Subliminal,motivap,5,40,234,38,0.70
bien-etre-cible,Subliminal,mindset inspiration,5,40,249,82,0.59
bien-etre-cible,Subliminal,mindset transformation,5,42,248,80,0.59
bien-etre-cible,Subliminal,growth and development,5,69,241,117,0.55
bien-etre-cible,Subliminal,Affirmations for self-esteem,5,67,215,88,0.58
bien-etre-cible,Subliminal,psychological affirmations,5,42,246,208,0.50
bien-etre-cible,Subliminal,mindset positive,5,40,244,27,0.76
bien-etre-cible,Subliminal,mindset change,5,47,248,47,0.66
bien-etre-cible,Subliminal,Hypnotherapy affirmation,5,42,246,194,0.50
bien-etre-cible,Subliminal,cbt affirmation,5,40,248,168,0.51
bien-etre-cible,Subliminal,unique affirmations,5,42,214,25,0.77
bien-etre-cible,Subliminal,psychology affirmation,5,40,249,133,0.54
bien-etre-cible,Subliminal,new affirmation app,5,73,216,16,0.87
bien-etre-cible,Subliminal,quote machine,5,,7,2,2.29
bien-etre-cible,Subliminal,anxiety relief quotes,5,53,31,2,2.29
bien-etre-cible,Subliminal,Daily Affirmations for Self-Confidence,5,60,221,83,0.59
bien-etre-cible,Subliminal,attractive meter,5,55,241,233,0.49
bien-etre-cible,Subliminal,how attractive,5,61,216,60,0.63
bien-etre-cible,Subliminal,personaldevelopment,5,48,247,214,0.49
bien-etre-cible,Subliminal,subliminal affirmation,5,43,247,5,1.34
bien-etre-cible,Subliminal,change my perspective,5,40,249,221,0.49
bien-etre-cible,Subliminal,Manifest - Law of Attraction,5,44,247,58,0.63
bien-etre-cible,Subliminal,stay positive,5,67,217,139,0.53
bien-etre-cible,Subliminal,attracts,5,81,206,163,0.52
bien-etre-cible,Subliminal,fitness board,5,49,235,76,0.60
bien-etre-cible,Subliminal,Manisfestation,5,72,250,7,1.16
bien-etre-cible,Subliminal,abundancw,5,42,247,90,0.58
bien-etre-cible,Subliminal,how to manifest,5,55,246,127,0.54
bien-etre-cible,Subliminal,Manifestation Guide,5,44,249,235,0.49
bien-etre-cible,Subliminal,conscious manifestation,5,40,249,66,0.62
bien-etre-cible,Subliminal,law of attraction coach,5,40,243,35,0.71
bien-etre-cible,Subliminal,law of attraction daily practices,5,40,245,37,0.70
bien-etre-cible,Subliminal,manifestation techniques,5,43,250,110,0.56
bien-etre-cible,Subliminal,subconscious mind training,5,40,247,47,0.66
bien-etre-cible,Subliminal,subconscious reprogramming,5,43,249,96,0.57
bien-etre-cible,Subliminal,app for law of attraction,5,40,238,74,0.60
bien-etre-cible,Subliminal,app for mindset,5,42,249,148,0.53
bien-etre-cible,Subliminal,advanced manifestation techniques,5,43,250,175,0.51
bien-etre-cible,Subliminal,does manifestation really work?,5,40,249,107,0.56
bien-etre-cible,Subliminal,improve my mindset,5,46,249,99,0.57
bien-etre-cible,Subliminal,manifestation for introverts,5,40,247,115,0.55
bien-etre-cible,Subliminal,manifestation myths debunked,5,40,250,80,0.59
bien-etre-cible,Subliminal,self-actualization exercises,5,40,248,246,0.48
bien-etre-cible,Subliminal,subconscious mind programming techniques,5,40,250,118,0.55
bien-etre-cible,Subliminal,transform your mindset,5,48,250,187,0.51
bien-etre-cible,Subliminal,love attraction,5,35,240,35,0.71
bien-etre-cible,Subliminal,mind manifestation,5,40,248,146,0.53
bien-etre-cible,Subliminal,Mindset shift,5,54,229,42,0.68
bien-etre-cible,Subliminal,mindsdet,5,42,249,187,0.51
bien-etre-cible,Subliminal,generative affirmations,5,15,13,1,5.00
bien-etre-cible,Subliminal,Mindset Affirmations,5,40,247,46,0.67
bien-etre-cible,Subliminal,abundance affirmations,5,40,243,63,0.62
bien-etre-cible,Subliminal,happy quotes maker,5,84,49,17,0.86
bien-etre-cible,Subliminal,affirmations better,5,55,81,5,1.34
bien-etre-cible,Subliminal,better mindset,5,40,250,190,0.50
bien-etre-cible,Subliminal,mainfest,5,70,221,14,0.91
bien-etre-cible,Subliminal,selft development,5,42,246,220,0.49
bien-etre-cible,Subliminal,daily positive affirmations !,5,76,241,140,0.53
bien-etre-cible,Subliminal,manifest new life,5,64,249,246,0.48
bien-etre-cible,Subliminal,manifest wealth,5,20,31,11,0.98
bien-etre-cible,Subliminal,menifest,5,58,250,38,0.70
bien-etre-cible,Subliminal,improve confidence,5,49,245,90,0.58
bien-etre-cible,Subliminal,positive mental habits,5,43,248,211,0.49
bien-etre-cible,Subliminal,self thought,5,66,213,56,0.64
bien-etre-cible,Subliminal,manifest affırmations,5,40,249,72,0.60
bien-etre-cible,Subliminal,positive vision,5,47,236,165,0.52
bien-etre-cible,Subliminal,manifestation journal 2025,5,40,249,165,0.52
bien-etre-cible,Subliminal,wealth affirmations,5,76,214,61,0.63
bien-etre-cible,Subliminal,moneyfesting,5,71,247,8,1.10
bien-etre-cible,Subliminal,attractivity,5,36,198,113,0.55
bien-etre-cible,Subliminal,manifest & affirm,5,45,226,59,0.63
bien-etre-cible,Subliminal,thoughtx,5,47,236,230,0.49
bien-etre-cible,Subliminal,mindset stories,5,42,250,121,0.55
bien-etre-cible,Subliminal,subsconscious,5,40,250,14,0.91
bien-etre-cible,Subliminal,affirmation coach,5,40,249,113,0.55
bien-etre-cible,Subliminal,dreams manifestation,5,40,236,106,0.56
bien-etre-cible,Subliminal,mindset widget,5,43,250,161,0.52
bien-etre-cible,Subliminal,living affirmation,5,40,249,248,0.48
bien-etre-cible,Subliminal,affirmation training,5,40,249,119,0.55
bien-etre-cible,Subliminal,innertune living,5,43,248,87,0.58
bien-etre-cible,Subliminal,innertune reflect,5,40,247,95,0.57
bien-etre-cible,Subliminal,innertune affirmation,5,42,250,191,0.50
bien-etre-cible,Subliminal,jungian test,5,,218,168,0.51
bien-etre-cible,Subliminal,personal positivity coach,5,42,249,97,0.57
bien-etre-cible,Subliminal,money peace,5,47,243,143,0.53
bien-etre-cible,Subliminal,develop self,5,40,242,193,0.50
bien-etre-cible,Subliminal,369 manifest,5,,97,21,0.81
bien-etre-cible,Subliminal,manifestar,5,45,249,101,0.56
bien-etre-cible,Subliminal,manifest law of attraction,5,40,206,36,0.70
bien-etre-cible,Subliminal,mindset growth,5,44,248,173,0.51
bien-etre-cible,Subliminal,negativethinking,5,40,235,133,0.54
bien-etre-cible,Subliminal,dreamfits,5,78,213,14,0.91
bien-etre-cible,Subliminal,balanced mindset,5,40,249,200,0.50
bien-etre-cible,Subliminal,law of attaction,5,,163,9,1.06
bien-etre-cible,Subliminal,manifest positive,5,40,246,12,0.96
bien-etre-cible,Subliminal,law of attraction: affirmations,5,40,243,66,0.62
bien-etre-cible,Subliminal,attraction law,5,40,224,39,0.69
bien-etre-cible,Subliminal,affirmations for manifestation,5,40,248,102,0.56
bien-etre-cible,Subliminal,i am attract & manifest,5,40,246,45,0.67
bien-etre-cible,Subliminal,affirmations for positivity,5,42,239,227,0.49
bien-etre-cible,Subliminal,top affirmations,5,,208,67,0.61
bien-etre-cible,Subliminal,pep talk affirmations,5,,212,127,0.54
bien-etre-cible,Subliminal,affirmations peptalk,5,,211,31,0.73
bien-etre-cible,Subliminal,neurorelease,5,59,249,244,0.48
bien-etre-cible,Subliminal,feedwalk,5,,225,86,0.58
bien-etre-cible,Subliminal,positive affırmations,5,44,245,173,0.51
bien-etre-cible,Subliminal,parent affirmations,5,,211,139,0.53
bien-etre-cible,Subliminal,selef development,5,40,246,51,0.65
bien-etre-cible,Subliminal,manifested,5,50,249,9,1.06
bien-etre-cible,Subliminal,manifestme,5,,227,22,0.80
bien-etre-cible,Subliminal,birth manifestation,5,,249,249,0.48
bien-etre-cible,Subliminal,mindset for labor,5,,250,76,0.60
bien-etre-cible,Subliminal,affirmations girls,5,,205,121,0.55
bien-etre-cible,Subliminal,girl manifest,5,,191,15,0.89
bien-etre-cible,Subliminal,get rid negative thoghts,5,40,250,85,0.58
bien-etre-cible,Subliminal,get rid negative thoughts,5,40,250,79,0.59
bien-etre-cible,Subliminal,manifest%20affirmations,5,69,229,30,0.74
bien-etre-cible,Subliminal,positive%20affirmations%20daily%20free,5,51,231,100,0.57
bien-etre-cible,Subliminal,mind%20and%20body,5,62,211,55,0.64
bien-etre-cible,Subliminal,law%20of%20attraction,5,40,231,30,0.74
bien-etre-cible,Subliminal,free%20daily%20affirmation,5,53,243,159,0.52
bien-etre-cible,Subliminal,how%20attractive%20am%20i,5,30,32,9,1.06
bien-etre-cible,Subliminal,astral%20projection,5,53,223,66,0.62
bien-etre-cible,Subliminal,ten%20percent%20happier%20meditation,5,45,241,17,0.86
bien-etre-cible,Subliminal,affirmations%20free,5,40,247,155,0.52
bien-etre-cible,Subliminal,innertune%20affirmations,5,43,247,94,0.57
bien-etre-cible,Subliminal,fear pattern analyzer,5,40,250,189,0.50
bien-etre-cible,Subliminal,inspirational%20quotes,5,,211,138,0.53
bien-etre-cible,Subliminal,tony%20robbins,5,,226,35,0.71
bien-etre-cible,Subliminal,affirmation%20widget,5,42,247,161,0.52
bien-etre-cible,Subliminal,hypnosis%20for%20weight%20loss,5,,158,154,0.52
bien-etre-cible,Subliminal,change mindset,5,,230,38,0.70
bien-etre-cible,Subliminal,evolutionary astrology,5,66,245,212,0.49
bien-etre-cible,Subliminal,hypnozio mindset,5,,211,140,0.53
bien-etre-cible,Subliminal,the secret of law of attraction,5,24,197,82,0.59
bien-etre-cible,Subliminal,manifestation tool,5,,249,135,0.54
bien-etre-cible,Subliminal,understanding the law of attraction,5,,223,40,0.69
bien-etre-cible,Subliminal,badass affirmations,5,,213,95,0.57
bien-etre-cible,Subliminal,power mindset,5,,216,20,0.82
bien-etre-cible,Subliminal,raw affirmations & discipline,5,40,241,168,0.51
bien-etre-cible,Subliminal,mindset boost,5,42,250,60,0.63
bien-etre-cible,Subliminal,get rid of insecurities,5,40,249,125,0.54
bien-etre-cible,Subliminal,breathing affirmations anxiety calm slee,5,,244,228,0.49
bien-etre-cible,Subliminal,manifestation habit,5,40,249,198,0.50
bien-etre-cible,Subliminal,affirmations generator,5,,236,159,0.52
bien-etre-cible,Subliminal,mindsetcoach,5,40,244,161,0.52
bien-etre-cible,Subliminal,morning manifestation,5,,230,24,0.78
bien-etre-cible,Subliminal,pillow method,5,,242,81,0.59
bien-etre-cible,Subliminal,positive affirmations ai,5,45,244,243,0.48
bien-etre-cible,Subliminal,sky manifestation club,5,91,249,204,0.50
bien-etre-cible,Subliminal,period relief,5,,102,101,0.56
bien-etre-cible,Subliminal,fear of failure,5,45,248,110,0.56
bien-etre-cible,Subliminal,mindset improver,5,47,248,53,0.64
bien-etre-cible,Subliminal,uplift mindset,5,40,248,29,0.74
bien-etre-cible,Subliminal,positive mindset coach,5,43,247,59,0.63
bien-etre-cible,Subliminal,motivation  dailyquotes,5,80,239,226,0.49
bien-etre-cible,Subliminal,affirmifi,5,40,249,244,0.48
bien-etre-cible,Subliminal,hypnosis self care,5,,155,91,0.58
bien-etre-cible,Subliminal,hypno box,5,41,250,197,0.50
bien-etre-cible,Subliminal,vision manifest,5,57,244,35,0.71
bien-etre-cible,Subliminal,visual manifestation,5,40,244,236,0.49
bien-etre-cible,Subliminal,walking manifestation,5,,245,56,0.64
bien-etre-cible,Subliminal,manifestaion,5,73,250,7,1.16
bien-etre-cible,Subliminal,intrusive thoughts help,5,44,249,227,0.49
bien-etre-cible,Subliminal,everythink,5,,233,74,0.60
bien-etre-cible,Subliminal,5 secs everyday,5,,231,50,0.65
bien-etre-cible,Subliminal,reduce mental clutter,5,,236,52,0.65
bien-etre-cible,Subliminal,money affirmation,5,51,244,81,0.59
bien-etre-cible,Subliminal,success affirmation,5,40,247,43,0.68
bien-etre-cible,Subliminal,hypnosis weightloss,5,,163,121,0.55
bien-etre-cible,Subliminal,manifesting money,5,,215,49,0.66
bien-etre-cible,Subliminal,1 day life reset protocol,5,42,250,187,0.51
bien-etre-cible,Subliminal,self improvemtn,5,,238,71,0.61
bien-etre-cible,Subliminal,mesmerize visual ios,5,,218,46,0.67
bien-etre-cible,Subliminal,self improvement  mindset,5,49,247,235,0.49
bien-etre-cible,Subliminal,wealth affirmation,5,,196,19,0.83
bien-etre-cible,Subliminal,mindset notes,5,,230,41,0.68
bien-etre-cible,Subliminal,penguin mindset,5,,176,15,0.89
bien-etre-cible,Subliminal,manifesting things,5,,238,18,0.84
bien-etre-cible,Subliminal,sigma motivation,5,,231,49,0.66
bien-etre-cible,Subliminal,tasbeeh unlock,5,,226,36,0.70
bien-etre-cible,Subliminal,crystal affirmations,5,,236,227,0.49
bien-etre-cible,Subliminal,level up your life app for women,5,48,248,153,0.52
bien-etre-cible,Subliminal,reset my mindset girl,5,40,250,155,0.52
bien-etre-cible,Subliminal,level up my life woman,5,40,247,129,0.54
bien-etre-cible,Subliminal,a i law,5,46,247,83,0.59
bien-etre-cible,Subliminal,manifest now,5,,235,12,0.96
bien-etre-cible,Subliminal,selimprovement,5,46,246,131,0.54
bien-etre-cible,Subliminal,deeptash\,5,,221,13,0.93
bien-etre-cible,Subliminal,sickdays,5,68,212,30,0.74
bien-etre-cible,Subliminal,men affirmations,5,,235,217,0.49
bien-etre-cible,Subliminal,affirmations sleep,5,,223,90,0.58
bien-etre-cible,Subliminal,affirmation wake up,5,,248,209,0.50
bien-etre-cible,Subliminal,affirmation: law of attraction,5,44,241,40,0.69
bien-etre-cible,Subliminal,affirmation: positive you,5,,207,46,0.67
bien-etre-cible,Subliminal,brainflow: affirmation videos,5,,238,35,0.71
bien-etre-cible,Subliminal,meaningful messages,5,39,188,13,0.93
bien-etre-cible,Subliminal,instar affirmation creator,5,,221,37,0.70
bien-etre-cible,Subliminal,law fitness,5,,247,85,0.58
bien-etre-cible,Subliminal,lifestyle of fitness,5,,221,158,0.52
bien-etre-cible,Subliminal,listen affirmation: growth ai,5,,238,136,0.53
bien-etre-cible,Subliminal,meditation with peggy gaines,5,,238,97,0.57
bien-etre-cible,Subliminal,mood gems: gamified meditation,5,,230,86,0.58
bien-etre-cible,Subliminal,health mindset,5,40,248,53,0.64
bien-etre-cible,Subliminal,delight others,5,,210,22,0.80
bien-etre-cible,Subliminal,expectations pressure,5,,229,84,0.59
bien-etre-cible,Subliminal,quit boba,5,,232,68,0.61
bien-etre-cible,Subliminal,sunday reset,5,,219,39,0.69
bien-etre-cible,Subliminal,top garden tips online reminder coach,5,40,248,218,0.49
bien-etre-cible,Subliminal,immer,5,,235,149,0.53
bien-etre-cible,Subliminal,affirmations coach,5,,219,27,0.76
bien-etre-cible,Subliminal,affirmations sounds,5,,220,44,0.67
bien-etre-cible,Subliminal,quantum health game,5,,230,101,0.56
bien-etre-cible,Subliminal,feel - daily manifest,5,48,221,36,0.70
bien-etre-cible,Subliminal,message share spirit,5,,208,28,0.75
bien-etre-cible,Subliminal,reminds voice worries,5,,224,153,0.52
bien-etre-cible,Subliminal,overcome fear of failure,5,40,248,129,0.54
bien-etre-cible,Subliminal,carwash quotes,5,,219,138,0.53
bien-etre-cible,Subliminal,remind gentle game,5,,219,39,0.69
bien-etre-cible,Subliminal,homescreen daily remind stay,5,41,223,68,0.61
bien-etre-cible,Subliminal,nudge occasions gentle,5,,228,27,0.76
bien-etre-cible,Subliminal,daily affirmations glow,5,,212,61,0.63
bien-etre-cible,Subliminal,stories alternatives remind,5,,230,42,0.68
bien-etre-cible,Subliminal,nudge emotional keeper,5,,230,30,0.74
bien-etre-cible,Subliminal,voice emotional gentle,5,,234,35,0.71
bien-etre-cible,Subliminal,mod remind gentle,5,,225,35,0.71
bien-etre-cible,Subliminal,nudge emotional have,5,,235,36,0.70
bien-etre-cible,Subliminal,review connection nudge subscription,5,,227,26,0.76
bien-etre-cible,Subliminal,lifes story notification,5,,220,52,0.65
bien-etre-cible,Subliminal,reliefmix,5,,208,94,0.57
bien-etre-cible,Subliminal,message srt reshoot,5,,209,52,0.65
bien-etre-cible,Subliminal,tarot connects bumblebee,5,,231,147,0.53
bien-etre-cible,Subliminal,one breath unlock daily,5,,238,91,0.58
bien-etre-cible,Subliminal,slow purpose,5,41,226,26,0.76
bien-etre-cible,Subliminal,inner dans,5,,229,2,2.29
bien-etre-cible,Subliminal,hear enneagram kindred,5,,221,81,0.59
bien-etre-cible,Subliminal,affirmquest.io,5,,249,157,0.52
bien-etre-cible,Subliminal,affirmquest,5,,228,11,0.98
bien-etre-cible,Subliminal,manifest lovemanifest love,5,,245,95,0.57
bien-etre-cible,Subliminal,money affirmations affirmations,5,,214,66,0.62
bien-etre-cible,Subliminal,mentalism tricks,5,,163,15,0.89
bien-etre-cible,Subliminal,affirmations for ptsd,5,25,210,43,0.68
bien-etre-cible,Subliminal,hopeful affirmations,5,,230,20,0.82
bien-etre-cible,Subliminal,affirmations after breakup,5,,231,32,0.73
bien-etre-cible,Subliminal,affirmations trauma,5,,216,9,1.06
bien-etre-cible,Subliminal,mindset reset,5,,250,87,0.58
bien-etre-cible,Subliminal,affirmations for young adults,5,,227,39,0.69
bien-etre-cible,Subliminal,affirmations for boys,5,,224,49,0.66
bien-etre-cible,Subliminal,affirmations for depression,5,,218,50,0.65
bien-etre-cible,Subliminal,affirmations for imposter syndrome,5,,230,29,0.74
bien-etre-cible,Subliminal,affirmations for love,5,,241,213,0.49
bien-etre-cible,Subliminal,cptsd affirmations,5,,213,23,0.79
bien-etre-cible,Subliminal,rejection sensitivity affirmations,5,,231,51,0.65
bien-etre-cible,Subliminal,affirmations for chronic pain,5,,228,31,0.73
bien-etre-cible,Subliminal,affirmations for menta,5,,227,6,1.24
bien-etre-cible,Subliminal,affirmations for mental,5,,223,45,0.67
bien-etre-cible,Subliminal,affirmations mental health,5,,233,82,0.59
bien-etre-cible,Subliminal,affirmations well-being,5,,217,24,0.78
bien-etre-cible,Subliminal,affirmation creator,5,,223,126,0.54
bien-etre-cible,Subliminal,affirmation self love,5,,218,93,0.57
bien-etre-cible,Subliminal,minfest,5,,250,16,0.87
bien-etre-cible,Subliminal,extreme vibrator,5,,211,168,0.51
bien-etre-cible,Subliminal,stream of consciousness dictation,5,,221,15,0.89
bien-etre-cible,Subliminal,mindfit knowledge base formål  knowledge,5,,229,35,0.71
bien-etre-cible,Subliminal,manifestation gratis,5,,249,34,0.71
bien-etre-cible,Subliminal,verena manifest,5,,248,233,0.49
bien-etre-cible,Subliminal,manifistation,5,59,249,7,1.16
bien-etre-cible,Subliminal,abundancia,5,,217,138,0.53
bien-etre-cible,Subliminal,afirmation carrer,5,,249,89,0.58
bien-etre-cible,Subliminal,affirmation money,5,,246,66,0.62
bien-etre-cible,Subliminal,am i attractive or delusional,5,,250,70,0.61
bien-etre-cible,Subliminal,manifestation mastery course,,40,250,126,
bien-etre-cible,Subliminal,mindset coaching for success,,40,250,85,
bien-etre-cible,Subliminal,quantum manifestation techniques,,40,250,61,
bien-etre-cible,Subliminal,building a manifestation ritual,,40,250,241,
bien-etre-cible,Subliminal,law of attraction for beginners,,40,243,68,
bien-etre-cible,Subliminal,manifestation blockages,,40,250,108,
bien-etre-cible,Subliminal,lucid%20dreaming,,,238,159,
bien-etre-cible,Subliminal,webster%20dictionary,,,232,57,
bien-etre-cible,Subliminal,jungian tools for inner work,,,221,34,
bien-etre-cible,Subliminal,why do i feel stuck in life,,40,250,208,
bien-etre-cible,Subliminal,manifest 369,,,107,21,
bien-etre-cible,Subliminal,weekly intention,,,213,7,
bien-etre-cible,Subliminal,enneagram coach,,,230,60,
bien-etre-cible,Subliminal,mindful affirmation breather,,,247,195,
bien-etre-cible,Subliminal,confidence knowing,,,213,31,
bien-etre-cible,Subliminal,easy manifestation,,40,249,161,
bien-etre-cible,Subliminal,free manifestation,,55,249,124,
bien-etre-cible,Subliminal,promise shift,,,224,16,
bien-etre-cible,Subliminal,gentle reminds connection,,,228,30,
bien-etre-cible,Subliminal,encourages nudge,,,200,21,
bien-etre-cible,Subliminal,emotional mod good,,,233,31,
bien-etre-cible,Subliminal,gentle shares remind,,,227,18,
bien-etre-cible,Subliminal,nudge good emotional,,,231,49,
bien-etre-cible,Subliminal,nudge checkin emotional,,,234,44,
bien-etre-cible,Subliminal,affirmations app free,,,246,205,
bien-etre-cible,Subliminal,manifestation free,,,250,29,
bien-etre-cible,Subliminal,manifest life,,,246,10,
bien-etre-cible,Subliminal,i am attractive money,,,66,11,
bien-etre-cible,VisionBoard,louise hay,14,68,23,7,3.25
bien-etre-cible,VisionBoard,subliminal,9,58,214,119,0.99
bien-etre-cible,VisionBoard,vision board,8,100,247,13,1.49
bien-etre-cible,VisionBoard,vision board app,5,100,244,21,0.81
bien-etre-cible,VisionBoard,positiva,5,55,247,138,0.53
bien-etre-cible,VisionBoard,laws of attraction,5,43,237,26,0.76
bien-etre-cible,VisionBoard,vision board maker,5,53,248,47,0.66
bien-etre-cible,VisionBoard,visualization board,5,40,246,32,0.73
bien-etre-cible,VisionBoard,vision boards,5,48,245,42,0.68
bien-etre-cible,VisionBoard,abraham hicks,5,34,27,10,1.02
bien-etre-cible,VisionBoard,visionboard,5,100,239,15,0.89
bien-etre-cible,VisionBoard,manifestation board,5,40,247,20,0.82
bien-etre-cible,VisionBoard,mind movie,5,44,248,9,1.06
bien-etre-cible,VisionBoard,dream vision board,5,47,241,40,0.69
bien-etre-cible,VisionBoard,vision board collage,5,46,247,30,0.74
bien-etre-cible,VisionBoard,vision board maker free,5,98,248,11,0.98
bien-etre-cible,VisionBoard,vision board creator,5,97,246,29,0.74
bien-etre-cible,VisionBoard,manifestations,5,62,248,238,0.48
bien-etre-cible,VisionBoard,dream board maker,5,,248,70,0.61
bien-etre-cible,VisionBoard,visual board,5,40,248,120,0.55
bien-etre-cible,VisionBoard,manifest goals,5,44,243,11,0.98
bien-etre-cible,VisionBoard,manifest money,5,36,202,82,0.59
bien-etre-cible,VisionBoard,vision board free,5,40,246,22,0.80
bien-etre-cible,VisionBoard,digital vision board,5,45,248,166,0.52
bien-etre-cible,VisionBoard,free vision board,5,40,247,14,0.91
bien-etre-cible,VisionBoard,subliminal vision boards,5,40,241,2,2.29
bien-etre-cible,VisionBoard,manifestation vision board,5,40,243,7,1.16
bien-etre-cible,VisionBoard,law of attraction toolbox app,5,27,225,66,0.62
bien-etre-cible,VisionBoard,subliminal maker,5,47,179,173,0.51
bien-etre-cible,VisionBoard,ouija board app,5,40,242,110,0.56
bien-etre-cible,VisionBoard,visión,5,86,244,46,0.67
bien-etre-cible,VisionBoard,motivation help,5,40,245,219,0.49
bien-etre-cible,VisionBoard,virtual vision board,5,40,247,35,0.71
bien-etre-cible,VisionBoard,manifest law of attraction app,5,40,239,72,0.60
bien-etre-cible,VisionBoard,board lite-,5,88,240,30,0.74
bien-etre-cible,VisionBoard,pixel of,5,44,235,130,0.54
bien-etre-cible,VisionBoard,produc pixel,5,3,245,160,0.52
bien-etre-cible,VisionBoard,product pixel,5,42,243,34,0.71
bien-etre-cible,VisionBoard,of pixel,5,47,236,145,0.53
bien-etre-cible,VisionBoard,law of assumption,5,42,250,56,0.64
bien-etre-cible,VisionBoard,nextboard,5,39,190,47,0.66
bien-etre-cible,VisionBoard,gratitude board,5,47,248,78,0.59
bien-etre-cible,VisionBoard,board class,5,77,205,22,0.80
bien-etre-cible,VisionBoard,insight meditations planet,5,54,226,207,0.50
bien-etre-cible,VisionBoard,gratitude vision board,5,40,242,13,0.93
bien-etre-cible,VisionBoard,Vison board maker,5,100,248,34,0.71
bien-etre-cible,VisionBoard,manifest it now,5,,247,122,0.55
bien-etre-cible,VisionBoard,large display,5,21,207,116,0.55
bien-etre-cible,VisionBoard,clairvoyant,5,,205,71,0.61
bien-etre-cible,VisionBoard,vision board daily,5,40,243,36,0.70
bien-etre-cible,VisionBoard,vision board goals,5,40,240,23,0.79
bien-etre-cible,VisionBoard,digital visionboard,5,42,248,179,0.51
bien-etre-cible,VisionBoard,display board,5,31,217,38,0.70
bien-etre-cible,VisionBoard,board !,5,40,231,80,0.59
bien-etre-cible,VisionBoard,Manifesty,5,48,169,158,0.52
bien-etre-cible,VisionBoard,Vision board ideas,5,40,235,28,0.75
bien-etre-cible,VisionBoard,love manifestation,5,40,246,246,0.48
bien-etre-cible,VisionBoard,vision board pictures,5,40,242,53,0.64
bien-etre-cible,VisionBoard,family board,5,88,221,74,0.60
bien-etre-cible,VisionBoard,Inspiration board app,5,41,239,115,0.55
bien-etre-cible,VisionBoard,visuals board,5,47,242,109,0.56
bien-etre-cible,VisionBoard,visual board for autism,5,28,216,30,0.74
bien-etre-cible,VisionBoard,aac visuals board,5,31,248,122,0.55
bien-etre-cible,VisionBoard,visuals board for autism,5,43,215,26,0.76
bien-etre-cible,VisionBoard,self hel,5,93,245,226,0.49
bien-etre-cible,VisionBoard,dream boards,5,43,246,17,0.86
bien-etre-cible,VisionBoard,vision board widget,5,50,248,178,0.51
bien-etre-cible,VisionBoard,goal help,5,64,246,239,0.48
bien-etre-cible,VisionBoard,new board,5,87,239,1,5.00
bien-etre-cible,VisionBoard,Busy board,5,78,247,15,0.89
bien-etre-cible,VisionBoard,Vision Board affirmations,5,40,241,14,0.91
bien-etre-cible,VisionBoard,vision bord,5,98,247,11,0.98
bien-etre-cible,VisionBoard,to do board,5,87,241,224,0.49
bien-etre-cible,VisionBoard,manifest your dreams,5,72,229,40,0.69
bien-etre-cible,VisionBoard,manifest dreams,5,55,242,44,0.67
bien-etre-cible,VisionBoard,manifestation boards,5,40,249,22,0.80
bien-etre-cible,VisionBoard,visionus,5,82,148,138,0.53
bien-etre-cible,VisionBoard,money manifestations,5,49,248,160,0.52
bien-etre-cible,VisionBoard,subliminal vison,5,38,175,53,0.64
bien-etre-cible,VisionBoard,subliminal vision,5,40,228,11,0.98
bien-etre-cible,VisionBoard,manifest prompt,5,40,249,187,0.51
bien-etre-cible,VisionBoard,2024 vision board,5,40,240,11,0.98
bien-etre-cible,VisionBoard,vision boare,5,98,245,11,0.98
bien-etre-cible,VisionBoard,vision board 2024,5,40,242,13,0.93
bien-etre-cible,VisionBoard,vision 2024,5,48,242,84,0.59
bien-etre-cible,VisionBoard,subliminals,5,55,244,142,0.53
bien-etre-cible,VisionBoard,affirm believe manifest,5,40,250,205,0.50
bien-etre-cible,VisionBoard,manifest dream,5,39,229,14,0.91
bien-etre-cible,VisionBoard,dreammate,5,,231,118,0.55
bien-etre-cible,VisionBoard,affirmations vision board,5,40,243,13,0.93
bien-etre-cible,VisionBoard,subliminal affirmation,5,43,247,80,0.59
bien-etre-cible,VisionBoard,Manifest - Law of Attraction,5,44,247,78,0.59
bien-etre-cible,VisionBoard,affirmations board,5,40,245,78,0.59
bien-etre-cible,VisionBoard,dream visualizer,5,64,227,153,0.52
bien-etre-cible,VisionBoard,how to manifest,5,55,246,85,0.58
bien-etre-cible,VisionBoard,Manifestation Guide,5,44,249,116,0.55
bien-etre-cible,VisionBoard,Manifesting Miracles,5,40,248,222,0.49
bien-etre-cible,VisionBoard,conscious manifestation,5,40,249,27,0.76
bien-etre-cible,VisionBoard,daily manifestation rituals,5,40,249,176,0.51
bien-etre-cible,VisionBoard,law of attraction daily practices,5,40,245,153,0.52
bien-etre-cible,VisionBoard,manifestation techniques,5,43,250,64,0.62
bien-etre-cible,VisionBoard,app for law of attraction,5,40,238,54,0.64
bien-etre-cible,VisionBoard,advanced manifestation techniques,5,43,250,155,0.52
bien-etre-cible,VisionBoard,does manifestation really work?,5,40,249,183,0.51
bien-etre-cible,VisionBoard,manifest my dreams,5,40,244,22,0.80
bien-etre-cible,VisionBoard,manifestation for introverts,5,40,247,45,0.67
bien-etre-cible,VisionBoard,manifestation myths debunked,5,40,250,42,0.68
bien-etre-cible,VisionBoard,mind manifestation,5,40,248,134,0.54
bien-etre-cible,VisionBoard,mind manifested,5,40,246,220,0.49
bien-etre-cible,VisionBoard,life board,5,68,243,149,0.53
bien-etre-cible,VisionBoard,mainfest,5,70,221,95,0.57
bien-etre-cible,VisionBoard,dreamvid,5,97,198,166,0.52
bien-etre-cible,VisionBoard,visioning,5,47,248,153,0.52
bien-etre-cible,VisionBoard,no screen kids,5,70,223,196,0.50
bien-etre-cible,VisionBoard,vision bot,5,100,248,13,0.93
bien-etre-cible,VisionBoard,positive board,5,40,239,175,0.51
bien-etre-cible,VisionBoard,dreams board,5,40,243,31,0.73
bien-etre-cible,VisionBoard,manifestation journal 2025,5,40,249,44,0.67
bien-etre-cible,VisionBoard,attractivity,5,36,198,180,0.51
bien-etre-cible,VisionBoard,manifest & affirm,5,45,226,180,0.51
bien-etre-cible,VisionBoard,white board team,5,,187,86,0.58
bien-etre-cible,VisionBoard,dreams manifestation,5,40,236,13,0.93
bien-etre-cible,VisionBoard,ai vision board,5,51,248,131,0.54
bien-etre-cible,VisionBoard,everyday manifest,5,40,247,126,0.54
bien-etre-cible,VisionBoard,today manifest,5,40,245,159,0.52
bien-etre-cible,VisionBoard,manifest training,5,40,250,232,0.49
bien-etre-cible,VisionBoard,create vision board,5,43,242,17,0.86
bien-etre-cible,VisionBoard,scripting manifestation,5,48,233,2,2.29
bien-etre-cible,VisionBoard,manifest law of attraction,5,40,206,69,0.61
bien-etre-cible,VisionBoard,law of attaction,5,,163,32,0.73
bien-etre-cible,VisionBoard,law of attraction: affirmations,5,40,243,111,0.55
bien-etre-cible,VisionBoard,attraction law,5,40,224,44,0.67
bien-etre-cible,VisionBoard,i am manifest,5,40,248,239,0.48
bien-etre-cible,VisionBoard,affirmations for manifestation,5,40,248,169,0.51
bien-etre-cible,VisionBoard,i am attract & manifest,5,40,246,233,0.49
bien-etre-cible,VisionBoard,vision board note,5,,238,18,0.84
bien-etre-cible,VisionBoard,44 pixels,5,,198,14,0.91
bien-etre-cible,VisionBoard,manifestme,5,,227,27,0.76
bien-etre-cible,VisionBoard,birth manifestation,5,,249,149,0.53
bien-etre-cible,VisionBoard,girl manifest,5,,191,17,0.86
bien-etre-cible,VisionBoard,vision11,5,,235,212,0.49
bien-etre-cible,VisionBoard,collage board,5,47,194,120,0.55
bien-etre-cible,VisionBoard,pocket%20insight,5,66,242,52,0.65
bien-etre-cible,VisionBoard,manifest%20affirmations,5,69,229,69,0.61
bien-etre-cible,VisionBoard,lucid%20dream,5,75,229,135,0.54
bien-etre-cible,VisionBoard,vision%20board%20free,5,40,248,36,0.70
bien-etre-cible,VisionBoard,law%20of%20attraction,5,40,231,56,0.64
bien-etre-cible,VisionBoard,dream%20board,5,87,247,86,0.58
bien-etre-cible,VisionBoard,free%20vision%20board%20app,5,53,247,54,0.64
bien-etre-cible,VisionBoard,vision%20board,5,40,241,51,0.65
bien-etre-cible,VisionBoard,focus%20genie,5,,224,148,0.53
bien-etre-cible,VisionBoard,manifestation tool,5,,249,95,0.57
bien-etre-cible,VisionBoard,understanding the law of attraction,5,,223,34,0.71
bien-etre-cible,VisionBoard,manifestation game,5,,250,3,1.74
bien-etre-cible,VisionBoard,dreams unfold,5,,234,27,0.76
bien-etre-cible,VisionBoard,manifestation habit,5,40,249,236,0.49
bien-etre-cible,VisionBoard,morning manifestation,5,,230,11,0.98
bien-etre-cible,VisionBoard,visual age,5,,218,56,0.64
bien-etre-cible,VisionBoard,pillow method,5,,242,59,0.63
bien-etre-cible,VisionBoard,sky manifestation club,5,91,249,49,0.66
bien-etre-cible,VisionBoard,visionaries,5,47,243,153,0.52
bien-etre-cible,VisionBoard,visionarie,5,40,241,222,0.49
bien-etre-cible,VisionBoard,vision boardard,5,,243,10,1.02
bien-etre-cible,VisionBoard,lucid dreaming coach,5,,226,73,0.60
bien-etre-cible,VisionBoard,vision manifest,5,57,244,6,1.24
bien-etre-cible,VisionBoard,visual manifestation,5,40,244,40,0.69
bien-etre-cible,VisionBoard,walking manifestation,5,,245,36,0.70
bien-etre-cible,VisionBoard,manifestation song,5,,237,25,0.77
bien-etre-cible,VisionBoard,board vision,5,44,240,21,0.81
bien-etre-cible,VisionBoard,vision board ai,5,45,243,59,0.63
bien-etre-cible,VisionBoard,realize your dream,5,,229,24,0.78
bien-etre-cible,VisionBoard,lumoly-visionarybox unlimited,5,28,250,159,0.52
bien-etre-cible,VisionBoard,affirmation apps similar to manifest,5,72,249,234,0.49
bien-etre-cible,VisionBoard,manifest future,5,,247,187,0.51
bien-etre-cible,VisionBoard,manifest intention,5,,247,133,0.54
bien-etre-cible,VisionBoard,halo vision board,5,40,225,5,1.34
bien-etre-cible,VisionBoard,vision board pinterest,5,86,233,25,0.77
bien-etre-cible,VisionBoard,manifesting money,5,,215,21,0.81
bien-etre-cible,VisionBoard,voneir dream,5,,223,200,0.50
bien-etre-cible,VisionBoard,mesmerize visual app,5,,167,94,0.57
bien-etre-cible,VisionBoard,vision board maker | manifest,5,44,242,13,0.93
bien-etre-cible,VisionBoard,motivation board,5,43,243,97,0.57
bien-etre-cible,VisionBoard,manifesting things,5,,238,79,0.59
bien-etre-cible,VisionBoard,vision board app for women,5,40,244,15,0.89
bien-etre-cible,VisionBoard,ai manifestation journal,5,40,248,189,0.50
bien-etre-cible,VisionBoard,manifest now,5,,235,30,0.74
bien-etre-cible,VisionBoard,lucid dreaming app,5,53,217,184,0.51
bien-etre-cible,VisionBoard,deeptash\,5,,221,119,0.55
bien-etre-cible,VisionBoard,affirmation: law of attraction,5,44,241,59,0.63
bien-etre-cible,VisionBoard,brainflow: affirmation videos,5,,238,129,0.54
bien-etre-cible,VisionBoard,copilot vision,5,,205,145,0.53
bien-etre-cible,VisionBoard,follow wish,5,,181,88,0.58
bien-etre-cible,VisionBoard,guided hallucinations,5,,214,58,0.63
bien-etre-cible,VisionBoard,lite hollow bone of healing,5,,232,129,0.54
bien-etre-cible,VisionBoard,manifest board,5,40,244,7,1.16
bien-etre-cible,VisionBoard,minimal vision board,5,47,243,5,1.34
bien-etre-cible,VisionBoard,the alternative board,5,,194,37,0.70
bien-etre-cible,VisionBoard,manifestation bord,5,40,249,14,0.91
bien-etre-cible,VisionBoard,board detailed,5,40,245,91,0.58
bien-etre-cible,VisionBoard,board layout,5,44,245,201,0.50
bien-etre-cible,VisionBoard,board succeed,5,40,245,84,0.59
bien-etre-cible,VisionBoard,vision board 2026,5,,246,51,0.65
bien-etre-cible,VisionBoard,briefing board,5,39,187,89,0.58
bien-etre-cible,VisionBoard,feel - daily manifest,5,48,221,67,0.61
bien-etre-cible,VisionBoard,message share spirit,5,,208,156,0.52
bien-etre-cible,VisionBoard,digital manifestation,5,86,246,7,1.16
bien-etre-cible,VisionBoard,vision dashboard,5,,218,90,0.58
bien-etre-cible,VisionBoard,homescreen daily remind stay,5,41,223,184,0.51
bien-etre-cible,VisionBoard,relationship individually destiny,5,,231,202,0.50
bien-etre-cible,VisionBoard,vision therapy app,5,,238,133,0.54
bien-etre-cible,VisionBoard,presence with people,5,,238,129,0.54
bien-etre-cible,VisionBoard,affirmquest,5,,228,120,0.55
bien-etre-cible,VisionBoard,manifest dream job,5,,246,59,0.63
bien-etre-cible,VisionBoard,vision board  maker,5,,249,37,0.70
bien-etre-cible,VisionBoard,vision boar,5,,250,14,0.91
bien-etre-cible,VisionBoard,oblique strategies ritual,5,,215,97,0.57
bien-etre-cible,VisionBoard,whisper board,5,,185,148,0.53
bien-etre-cible,VisionBoard,lcd projector,5,,207,106,0.56
bien-etre-cible,VisionBoard,manifestation gratis,5,,249,36,0.70
bien-etre-cible,VisionBoard,manifest anythinf,5,,248,143,0.53
bien-etre-cible,VisionBoard,apraxia board,5,,249,237,0.49
bien-etre-cible,VisionBoard,vision board images,5,,242,25,0.77
bien-etre-cible,VisionBoard,lumina manifestation,5,,208,10,1.02
bien-etre-cible,VisionBoard,verena manifest,5,,248,112,0.55
bien-etre-cible,VisionBoard,soulmate manifestation,5,,244,178,0.51
bien-etre-cible,VisionBoard,affirmation board,5,,241,45,0.67
bien-etre-cible,VisionBoard,manifest anythingg,5,,247,174,0.51
bien-etre-cible,VisionBoard,homescreen people with four,5,,247,220,0.49
bien-etre-cible,VisionBoard,reality shifting app,5,,248,189,0.50
bien-etre-cible,VisionBoard,manifestation mastery course,,40,250,56,
bien-etre-cible,VisionBoard,building a manifestation ritual,,40,250,214,
bien-etre-cible,VisionBoard,law of attraction for beginners,,40,243,37,
bien-etre-cible,VisionBoard,manifestation blockages,,40,250,46,
bien-etre-cible,VisionBoard,"vision",,68,246,16,
bien-etre-cible,VisionBoard,webster%20dictionary,,,232,227,
bien-etre-cible,VisionBoard,manifestation%20journal,,40,249,139,
bien-etre-cible,VisionBoard,board',,52,234,65,
bien-etre-cible,VisionBoard,manifest prompts,,,249,155,
bien-etre-cible,VisionBoard,weekly intention,,,213,51,
bien-etre-cible,VisionBoard,easy manifestation,,40,249,97,
bien-etre-cible,VisionBoard,free manifestation,,55,249,139,
bien-etre-cible,VisionBoard,vision binder,,,215,50,
bien-etre-cible,VisionBoard,affirmations board',,,222,18,
bien-etre-cible,VisionBoard,manifestation free,,,250,23,
bien-etre-cible,VisionBoard,articulation board,,40,247,139,
bien-etre-cible,VisionBoard,nonverbal board,,,249,173,
bien-etre-cible,VisionBoard,brand board,,,240,222,
bien-etre-cible,AheadEmotions,mental health,49,88,247,19,8.15
bien-etre-cible,AheadEmotions,fifa companion app,20,81,195,83,2.35
bien-etre-cible,AheadEmotions,vent now,9,62,250,2,4.13
bien-etre-cible,AheadEmotions,ichill,8,,29,6,1.98
bien-etre-cible,AheadEmotions,minddoc,8,56,249,193,0.80
bien-etre-cible,AheadEmotions,ahead app,8,55,244,1,8.00
bien-etre-cible,AheadEmotions,emotion,7,58,245,13,1.31
bien-etre-cible,AheadEmotions,anxiety,6,97,248,9,1.27
bien-etre-cible,AheadEmotions,ahead,6,77,247,1,6.00
bien-etre-cible,AheadEmotions,anxiety app,5,94,248,8,1.10
bien-etre-cible,AheadEmotions,emotions,5,64,243,8,1.10
bien-etre-cible,AheadEmotions,stress management,5,95,247,1,5.00
bien-etre-cible,AheadEmotions,anger relief,5,52,249,76,0.60
bien-etre-cible,AheadEmotions,anger,5,56,249,2,2.29
bien-etre-cible,AheadEmotions,emotion app,5,,236,5,1.34
bien-etre-cible,AheadEmotions,self help app,5,74,248,165,0.52
bien-etre-cible,AheadEmotions,for anxiety,5,95,246,34,0.71
bien-etre-cible,AheadEmotions,mood coach,5,,219,6,1.24
bien-etre-cible,AheadEmotions,emotional,5,62,244,2,2.29
bien-etre-cible,AheadEmotions,emotional intelligence,5,59,248,3,1.74
bien-etre-cible,AheadEmotions,anxiety coach,5,64,248,20,0.82
bien-etre-cible,AheadEmotions,emotional health,5,55,250,2,2.29
bien-etre-cible,AheadEmotions,kids emotions,5,48,246,4,1.49
bien-etre-cible,AheadEmotions,emotion recognition,5,,220,5,1.34
bien-etre-cible,AheadEmotions,emotions tracker,5,49,246,7,1.16
bien-etre-cible,AheadEmotions,learn emotions,5,47,234,39,0.69
bien-etre-cible,AheadEmotions,sesame street breathe,5,,66,21,0.81
bien-etre-cible,AheadEmotions,procrastinator,5,,236,199,0.50
bien-etre-cible,AheadEmotions,anger issues,5,43,250,1,5.00
bien-etre-cible,AheadEmotions,how i feel,5,48,132,108,0.56
bien-etre-cible,AheadEmotions,anxieties,5,92,248,8,1.10
bien-etre-cible,AheadEmotions,overhead,5,58,178,145,0.53
bien-etre-cible,AheadEmotions,emotion track,5,52,246,159,0.52
bien-etre-cible,AheadEmotions,manage cbt,5,40,245,195,0.50
bien-etre-cible,AheadEmotions,mental heatlh,5,78,248,21,0.81
bien-etre-cible,AheadEmotions,Mental-Health,5,78,248,21,0.81
bien-etre-cible,AheadEmotions,يعيش لاليجا,5,90,249,76,0.60
bien-etre-cible,AheadEmotions,نتيجة الليغا,5,89,270,84,0.59
bien-etre-cible,AheadEmotions,confidence tracking,5,45,247,41,0.68
bien-etre-cible,AheadEmotions,confidence tracker,5,44,250,156,0.52
bien-etre-cible,AheadEmotions,quit anger,5,44,172,3,1.74
bien-etre-cible,AheadEmotions,anger test,5,50,248,120,0.55
bien-etre-cible,AheadEmotions,Anger Management journal,5,40,250,23,0.79
bien-etre-cible,AheadEmotions,mood control,5,41,80,27,0.76
bien-etre-cible,AheadEmotions,shmoody,5,79,40,36,0.70
bien-etre-cible,AheadEmotions,anixety,5,94,247,9,1.06
bien-etre-cible,AheadEmotions,manage emotions,5,53,245,19,0.83
bien-etre-cible,AheadEmotions,mental healthcare,5,74,248,20,0.82
bien-etre-cible,AheadEmotions,mood links,5,,191,11,0.98
bien-etre-cible,AheadEmotions,control anger,5,92,248,1,5.00
bien-etre-cible,AheadEmotions,emotions control,5,69,247,8,1.10
bien-etre-cible,AheadEmotions,ahead manage,5,46,248,2,2.29
bien-etre-cible,AheadEmotions,mental heallth,5,78,248,21,0.81
bien-etre-cible,AheadEmotions,anger management app,5,45,250,1,5.00
bien-etre-cible,AheadEmotions,anxietey,5,95,248,8,1.10
bien-etre-cible,AheadEmotions,anxty,5,95,247,8,1.10
bien-etre-cible,AheadEmotions,angerapp,5,46,250,1,5.00
bien-etre-cible,AheadEmotions,anger app,5,40,250,2,2.29
bien-etre-cible,AheadEmotions,care anxiety,5,40,247,151,0.52
bien-etre-cible,AheadEmotions,anxiety traccker,5,40,243,238,0.48
bien-etre-cible,AheadEmotions,حاد,5,62,249,91,0.58
bien-etre-cible,AheadEmotions,emotional fitness,5,57,247,25,0.77
bien-etre-cible,AheadEmotions,Mental Health Education,5,45,232,127,0.54
bien-etre-cible,AheadEmotions,whiteflag,5,39,18,13,0.93
bien-etre-cible,AheadEmotions,self care emotional support,5,42,245,153,0.52
bien-etre-cible,AheadEmotions,Emotions Coach,5,44,248,2,2.29
bien-etre-cible,AheadEmotions,managing stress,5,28,241,118,0.55
bien-etre-cible,AheadEmotions,stress solutions,5,46,242,12,0.96
bien-etre-cible,AheadEmotions,confidence self workout,5,46,238,226,0.49
bien-etre-cible,AheadEmotions,emotional tracker,5,47,248,4,1.49
bien-etre-cible,AheadEmotions,naxiety,5,93,248,9,1.06
bien-etre-cible,AheadEmotions,Test Your Intelligence,5,70,43,9,1.06
bien-etre-cible,AheadEmotions,anger tracker,5,51,247,3,1.74
bien-etre-cible,AheadEmotions,metal heath,5,78,248,20,0.82
bien-etre-cible,AheadEmotions,ahead emotions coach,5,40,247,1,5.00
bien-etre-cible,AheadEmotions,Self-Care App,5,83,248,10,1.02
bien-etre-cible,AheadEmotions,anxety,5,93,247,8,1.10
bien-etre-cible,AheadEmotions,emotion coach,5,45,250,23,0.79
bien-etre-cible,AheadEmotions,ental health,5,88,247,19,0.83
bien-etre-cible,AheadEmotions,self relief,5,87,238,115,0.55
bien-etre-cible,AheadEmotions,health emotion,5,60,232,1,5.00
bien-etre-cible,AheadEmotions,how am i feeling,5,38,164,135,0.54
bien-etre-cible,AheadEmotions,anxioty,5,93,248,9,1.06
bien-etre-cible,AheadEmotions,headtohead,5,46,70,13,0.93
bien-etre-cible,AheadEmotions,kide emotion management,5,40,248,22,0.80
bien-etre-cible,AheadEmotions,stress manangement,5,93,247,1,5.00
bien-etre-cible,AheadEmotions,Stress Manage,5,54,242,162,0.52
bien-etre-cible,AheadEmotions,anxietycoach,5,65,249,11,0.98
bien-etre-cible,AheadEmotions,track emoiton,5,46,247,150,0.52
bien-etre-cible,AheadEmotions,track emotion,5,40,248,142,0.53
bien-etre-cible,AheadEmotions,anxiexty,5,93,247,7,1.16
bien-etre-cible,AheadEmotions,coach anger,5,41,249,4,1.49
bien-etre-cible,AheadEmotions,ahead emotions,5,40,246,1,5.00
bien-etre-cible,AheadEmotions,anxiety meter,5,93,247,9,1.06
bien-etre-cible,AheadEmotions,emotional self-care,5,46,247,105,0.56
bien-etre-cible,AheadEmotions,relationship mood tracker,5,52,231,108,0.56
bien-etre-cible,AheadEmotions,focushero,5,49,249,7,1.16
bien-etre-cible,AheadEmotions,procrastination solution,5,9,245,17,0.86
bien-etre-cible,AheadEmotions,emotional inteligenve,5,47,248,3,1.74
bien-etre-cible,AheadEmotions,emotional intelligence test,5,56,197,3,1.74
bien-etre-cible,AheadEmotions,how we fell,5,69,124,15,0.89
bien-etre-cible,AheadEmotions,mwntal health,5,78,248,20,0.82
bien-etre-cible,AheadEmotions,mood pattern,5,,230,185,0.51
bien-etre-cible,AheadEmotions,a.h.,5,86,248,181,0.51
bien-etre-cible,AheadEmotions,daily management,5,35,231,148,0.53
bien-etre-cible,AheadEmotions,emotino tracker,5,46,247,82,0.59
bien-etre-cible,AheadEmotions,minddock,5,42,30,8,1.10
bien-etre-cible,AheadEmotions,teach effectively,5,0,250,6,1.24
bien-etre-cible,AheadEmotions,moods trackers,5,43,233,126,0.54
bien-etre-cible,AheadEmotions,track mental,5,32,235,50,0.65
bien-etre-cible,AheadEmotions,mental helth,5,78,247,19,0.83
bien-etre-cible,AheadEmotions,anxiety management app,5,40,250,3,1.74
bien-etre-cible,AheadEmotions,emotional app,5,48,247,3,1.74
bien-etre-cible,AheadEmotions,ahead: emotions coach,5,73,250,1,5.00
bien-etre-cible,AheadEmotions,emtional,5,60,224,2,2.29
bien-etre-cible,AheadEmotions,emtions,5,67,234,8,1.10
bien-etre-cible,AheadEmotions,stress relıef,5,43,242,169,0.51
bien-etre-cible,AheadEmotions,self control social media,5,31,196,161,0.52
bien-etre-cible,AheadEmotions,coffee mood tracker,5,25,234,139,0.53
bien-etre-cible,AheadEmotions,anxeity,5,93,247,9,1.06
bien-etre-cible,AheadEmotions,mental heakth,5,78,248,18,0.84
bien-etre-cible,AheadEmotions,improv coach,5,56,220,79,0.59
bien-etre-cible,AheadEmotions,emotions test,5,64,194,6,1.24
bien-etre-cible,AheadEmotions,anger coach,5,40,250,5,1.34
bien-etre-cible,AheadEmotions,mood support,5,47,191,56,0.64
bien-etre-cible,AheadEmotions,educe anxiety,5,,246,201,0.50
bien-etre-cible,AheadEmotions,anger managemen,5,55,232,27,0.76
bien-etre-cible,AheadEmotions,intelligent chatbot,5,,202,129,0.54
bien-etre-cible,AheadEmotions,pairs yodi relationship coach,5,,21,7,1.16
bien-etre-cible,AheadEmotions,snxiety,5,93,248,9,1.06
bien-etre-cible,AheadEmotions,self-management,5,94,241,229,0.49
bien-etre-cible,AheadEmotions,anxiaity,5,93,248,8,1.10
bien-etre-cible,AheadEmotions,stress companion,5,44,247,113,0.55
bien-etre-cible,AheadEmotions,journal relief,5,40,249,183,0.51
bien-etre-cible,AheadEmotions,relief tracker,5,53,244,237,0.49
bien-etre-cible,AheadEmotions,stress habit,5,42,247,87,0.58
bien-etre-cible,AheadEmotions,for emotional intelligence,5,,246,6,1.24
bien-etre-cible,AheadEmotions,mood changes,5,28,223,95,0.57
bien-etre-cible,AheadEmotions,anxiety relıef,5,44,244,132,0.54
bien-etre-cible,AheadEmotions,stress relief coach,5,40,243,234,0.49
bien-etre-cible,AheadEmotions,fitness motion best app,5,,234,222,0.49
bien-etre-cible,AheadEmotions,emotion intelligence,5,47,248,3,1.74
bien-etre-cible,AheadEmotions,confidence minds,5,46,240,95,0.57
bien-etre-cible,AheadEmotions,confident minds & habits,5,46,248,116,0.55
bien-etre-cible,AheadEmotions,emotionnal,5,,247,2,2.29
bien-etre-cible,AheadEmotions,emotional stress,5,40,244,12,0.96
bien-etre-cible,AheadEmotions,mood trackerü,5,,233,182,0.51
bien-etre-cible,AheadEmotions,mood playlist,5,47,226,151,0.52
bien-etre-cible,AheadEmotions,von%20360,5,59,242,1,5.00
bien-etre-cible,AheadEmotions,emotional%20intelligence,5,44,249,106,0.56
bien-etre-cible,AheadEmotions,flip%20a%20clip,5,40,201,22,0.80
bien-etre-cible,AheadEmotions,love%20nudge,5,48,241,1,5.00
bien-etre-cible,AheadEmotions,ahead%20emotions%20coach,5,49,27,1,5.00
bien-etre-cible,AheadEmotions,ahead%3A%20emotions%20coach,5,50,27,1,5.00
bien-etre-cible,AheadEmotions,monet%20ai,5,63,230,38,0.70
bien-etre-cible,AheadEmotions,emotion thesaurus,5,,194,15,0.89
bien-etre-cible,AheadEmotions,anger reduce,5,42,229,90,0.58
bien-etre-cible,AheadEmotions,anger release,5,22,242,62,0.62
bien-etre-cible,AheadEmotions,anger\,5,47,232,92,0.58
bien-etre-cible,AheadEmotions,anger quit,5,37,134,38,0.70
bien-etre-cible,AheadEmotions,anger manage,5,55,242,26,0.76
bien-etre-cible,AheadEmotions,anger managent,5,68,248,1,5.00
bien-etre-cible,AheadEmotions,mood identifier,5,,189,130,0.54
bien-etre-cible,AheadEmotions,manage anger,5,40,233,24,0.78
bien-etre-cible,AheadEmotions,release anger,5,,117,77,0.60
bien-etre-cible,AheadEmotions,anger calm,5,,229,113,0.55
bien-etre-cible,AheadEmotions,calm anger,5,,234,116,0.55
bien-etre-cible,AheadEmotions,anger venting app,5,44,245,31,0.73
bien-etre-cible,AheadEmotions,anger management therapy,5,40,249,60,0.63
bien-etre-cible,AheadEmotions,anger control,5,44,249,2,2.29
bien-etre-cible,AheadEmotions,anger therapy,5,40,249,110,0.56
bien-etre-cible,AheadEmotions,vent anger,5,36,128,7,1.16
bien-etre-cible,AheadEmotions,simple anger management,5,,250,68,0.61
bien-etre-cible,AheadEmotions,calm down anger,5,40,240,98,0.57
bien-etre-cible,AheadEmotions,aggression predictor,5,,214,10,1.02
bien-etre-cible,AheadEmotions,anger%20management,5,,248,19,0.83
bien-etre-cible,AheadEmotions,reduce anger,5,87,247,64,0.62
bien-etre-cible,AheadEmotions,mental healts,5,79,248,21,0.81
bien-etre-cible,AheadEmotions,anger venting,5,43,205,9,1.06
bien-etre-cible,AheadEmotions,emotional coach,5,53,235,3,1.74
bien-etre-cible,AheadEmotions,emotional companion,5,53,249,2,2.29
bien-etre-cible,AheadEmotions,anger log,5,50,248,170,0.51
bien-etre-cible,AheadEmotions,emotional relief,5,51,230,2,2.29
bien-etre-cible,AheadEmotions,anxiaty,5,93,248,9,1.06
bien-etre-cible,AheadEmotions,stresspal,5,,224,18,0.84
bien-etre-cible,AheadEmotions,emotional intelligence app,5,46,241,11,0.98
bien-etre-cible,AheadEmotions,aniexity,5,93,247,7,1.16
bien-etre-cible,AheadEmotions,intelligence tracker,5,85,246,47,0.66
bien-etre-cible,AheadEmotions,emotional hypersensivitiy,5,45,249,96,0.57
bien-etre-cible,AheadEmotions,mentle health,5,79,245,21,0.81
bien-etre-cible,AheadEmotions,adhd stress,5,59,242,12,0.96
bien-etre-cible,AheadEmotions,ventnow,5,54,249,2,2.29
bien-etre-cible,AheadEmotions,anxitty,5,93,247,8,1.10
bien-etre-cible,AheadEmotions,focus hero: achieve your goals,5,42,250,7,1.16
bien-etre-cible,AheadEmotions,mental health,5,82,249,21,0.81
bien-etre-cible,AheadEmotions,emotion tracke,5,,230,52,0.65
bien-etre-cible,AheadEmotions,emotions trackr,5,49,244,199,0.50
bien-etre-cible,AheadEmotions,stress & anxiety,5,54,243,145,0.53
bien-etre-cible,AheadEmotions,livia: emotional best friends,5,,226,5,1.34
bien-etre-cible,AheadEmotions,emtion,5,,237,5,1.34
bien-etre-cible,AheadEmotions,anger vent,5,40,149,9,1.06
bien-etre-cible,AheadEmotions,anxiety companion,5,40,247,230,0.49
bien-etre-cible,AheadEmotions,pov: timer makes you mad,5,,231,9,1.06
bien-etre-cible,AheadEmotions,flowy emotional companion,5,59,236,2,2.29
bien-etre-cible,AheadEmotions,ahaed,5,63,246,1,5.00
bien-etre-cible,AheadEmotions,daily mental helath,5,,226,118,0.55
bien-etre-cible,AheadEmotions,handle situations,5,,234,9,1.06
bien-etre-cible,AheadEmotions,emotion tracker kids,5,,229,16,0.87
bien-etre-cible,AheadEmotions,anger management kids,5,,249,52,0.65
bien-etre-cible,AheadEmotions,mood tracker simple,5,47,228,181,0.51
bien-etre-cible,AheadEmotions,anxieety,5,93,247,7,1.16
bien-etre-cible,AheadEmotions,panic relife,5,40,244,94,0.57
bien-etre-cible,AheadEmotions,self improvemtn,5,,238,22,0.80
bien-etre-cible,AheadEmotions,anixety test,5,,206,37,0.70
bien-etre-cible,AheadEmotions,intelligent tracker,5,,247,129,0.54
bien-etre-cible,AheadEmotions,overthinking tracker,5,40,249,236,0.49
bien-etre-cible,AheadEmotions,freeze in social situation,5,,217,11,0.98
bien-etre-cible,AheadEmotions,ovrthin,5,40,250,78,0.59
bien-etre-cible,AheadEmotions,etherea,5,,233,11,0.98
bien-etre-cible,AheadEmotions,mood activation system,5,,226,7,1.16
bien-etre-cible,AheadEmotions,emptions,5,,210,7,1.16
bien-etre-cible,AheadEmotions,penguin mindset,5,,176,10,1.02
bien-etre-cible,AheadEmotions,emotions manager,5,54,246,46,0.67
bien-etre-cible,AheadEmotions,anxiety emotion tracker,5,43,248,60,0.63
bien-etre-cible,AheadEmotions,anxiety  emotion tracker,5,43,248,60,0.63
bien-etre-cible,AheadEmotions,how we fel,5,70,124,21,0.81
bien-etre-cible,AheadEmotions,menthal health,5,79,247,19,0.83
bien-etre-cible,AheadEmotions,mood intelligence,5,87,246,52,0.65
bien-etre-cible,AheadEmotions,anxity,5,91,247,9,1.06
bien-etre-cible,AheadEmotions,the vent app,5,,232,180,0.51
bien-etre-cible,AheadEmotions,companion issues,5,24,8,2,2.29
bien-etre-cible,AheadEmotions,emotional regulation kids,5,,250,12,0.96
bien-etre-cible,AheadEmotions,companion now,5,,194,5,1.34
bien-etre-cible,AheadEmotions,emotional tracking,5,47,244,132,0.54
bien-etre-cible,AheadEmotions,built with science plus,5,,213,13,0.93
bien-etre-cible,AheadEmotions,adha tracker,5,,235,120,0.55
bien-etre-cible,AheadEmotions,head start coaching companion,5,,211,15,0.89
bien-etre-cible,AheadEmotions,improve app,5,,229,145,0.53
bien-etre-cible,AheadEmotions,mood harmony,5,,214,80,0.59
bien-etre-cible,AheadEmotions,anger management tracker,5,,249,21,0.81
bien-etre-cible,AheadEmotions,anxiety manager,5,40,245,149,0.53
bien-etre-cible,AheadEmotions,ahdh,5,56,246,49,0.66
bien-etre-cible,AheadEmotions,free trial what gentle iphone,5,58,225,6,1.24
bien-etre-cible,AheadEmotions,stressball,5,,215,105,0.56
bien-etre-cible,AheadEmotions,emotional insight,5,,229,3,1.74
bien-etre-cible,AheadEmotions,daily pay free coach journal,5,,228,73,0.60
bien-etre-cible,AheadEmotions,daily pay free coach game tracker,5,,234,112,0.55
bien-etre-cible,AheadEmotions,daily pay free coach game journal,5,,216,80,0.59
bien-etre-cible,AheadEmotions,daily pay free coach online tracker,5,,234,111,0.55
bien-etre-cible,AheadEmotions,daily pay free coach online journal,5,,227,77,0.60
bien-etre-cible,AheadEmotions,daily pay tracker free app coach,5,,231,167,0.52
bien-etre-cible,AheadEmotions,daily pay tracker free game coach,5,,230,134,0.54
bien-etre-cible,AheadEmotions,top sharings kindreds worry,5,,198,4,1.49
bien-etre-cible,AheadEmotions,emotional connection have review,5,75,232,2,2.29
bien-etre-cible,AheadEmotions,review emotional connection have,5,65,215,2,2.29
bien-etre-cible,AheadEmotions,reviews emotional connection have,5,70,222,2,2.29
bien-etre-cible,AheadEmotions,emotional connection have apk free,5,,210,1,5.00
bien-etre-cible,AheadEmotions,apk emotional connection have,5,71,212,1,5.00
bien-etre-cible,AheadEmotions,emotional connection have shortcut,5,78,248,48,0.66
bien-etre-cible,AheadEmotions,shortcut emotional connection have,5,61,219,2,2.29
bien-etre-cible,AheadEmotions,emotional connection have homescreen,5,54,228,1,5.00
bien-etre-cible,AheadEmotions,emotional connection have ios,5,77,214,3,1.74
bien-etre-cible,AheadEmotions,apk emotional connection have reviews,5,,216,1,5.00
bien-etre-cible,AheadEmotions,review apk emotional connection have,5,,247,121,0.55
bien-etre-cible,AheadEmotions,ios emotional connection have,5,77,210,2,2.29
bien-etre-cible,AheadEmotions,ios emotional connection have app,5,,237,2,2.29
bien-etre-cible,AheadEmotions,top ios emotional connection have,5,,223,1,5.00
bien-etre-cible,AheadEmotions,easy ios emotional connection have,5,,230,2,2.29
bien-etre-cible,AheadEmotions,emotional connection have no ads free,5,,250,65,0.62
bien-etre-cible,AheadEmotions,emotional connection have no ads best,5,,222,2,2.29
bien-etre-cible,AheadEmotions,emotional connection have for work,5,40,238,1,5.00
bien-etre-cible,AheadEmotions,alternatives emotional connection have,5,58,229,2,2.29
bien-etre-cible,AheadEmotions,cheap emotional connection have,5,77,238,2,2.29
bien-etre-cible,AheadEmotions,emotional have nudge,5,84,222,1,5.00
bien-etre-cible,AheadEmotions,top stay have emotional,5,,223,1,5.00
bien-etre-cible,AheadEmotions,emotional connection nudge,5,,240,2,2.29
bien-etre-cible,AheadEmotions,emotional nudge good,5,,231,1,5.00
bien-etre-cible,AheadEmotions,nudge connection emotional,5,,239,2,2.29
bien-etre-cible,AheadEmotions,easy have gentle nudge,5,40,208,3,1.74
bien-etre-cible,AheadEmotions,notification have emotional,5,,227,1,5.00
bien-etre-cible,AheadEmotions,nudge iphone emotional app,5,,226,1,5.00
bien-etre-cible,AheadEmotions,gentle emotional awhile,5,,233,1,5.00
bien-etre-cible,AheadEmotions,gentle emotional nudge,5,40,239,1,5.00
bien-etre-cible,AheadEmotions,gentle emotional nudge game,5,,241,1,5.00
bien-etre-cible,AheadEmotions,top gentle emotional nudge,5,,239,1,5.00
bien-etre-cible,AheadEmotions,cheap nudge emotional,5,,232,1,5.00
bien-etre-cible,AheadEmotions,worry nudge,5,,216,2,2.29
bien-etre-cible,AheadEmotions,worry nudge stay,5,,213,2,2.29
bien-etre-cible,AheadEmotions,connection emotional nudge,5,38,217,2,2.29
bien-etre-cible,AheadEmotions,heard nudge,5,,234,11,0.98
bien-etre-cible,AheadEmotions,heard nudge emotional,5,,231,1,5.00
bien-etre-cible,AheadEmotions,free heard nudge emotional,5,,228,1,5.00
bien-etre-cible,AheadEmotions,top heard nudge emotional,5,,230,1,5.00
bien-etre-cible,AheadEmotions,emotional ipad,5,,233,1,5.00
bien-etre-cible,AheadEmotions,nudge occasions gentle,5,,228,1,5.00
bien-etre-cible,AheadEmotions,stay memos emotional,5,44,250,5,1.34
bien-etre-cible,AheadEmotions,share emotional specials,5,,223,1,5.00
bien-etre-cible,AheadEmotions,free emotional nudge stay,5,,237,1,5.00
bien-etre-cible,AheadEmotions,emotional nudge gentle,5,42,240,1,5.00
bien-etre-cible,AheadEmotions,emotional nudge connection,5,52,220,1,5.00
bien-etre-cible,AheadEmotions,stay have nudge,5,51,229,3,1.74
bien-etre-cible,AheadEmotions,emotional check kindreds,5,,250,205,0.50
bien-etre-cible,AheadEmotions,stay encourages nudge,5,26,200,1,5.00
bien-etre-cible,AheadEmotions,emotional iphone,5,,233,1,5.00
bien-etre-cible,AheadEmotions,free emotional iphone stay,5,,247,61,0.63
bien-etre-cible,AheadEmotions,connection nudge memory,5,,231,5,1.34
bien-etre-cible,AheadEmotions,video nudge emotional,5,,221,1,5.00
bien-etre-cible,AheadEmotions,emotional work gentle,5,,226,1,5.00
bien-etre-cible,AheadEmotions,remind awhile nudge,5,,223,1,5.00
bien-etre-cible,AheadEmotions,nudge emotional keeper,5,,230,1,5.00
bien-etre-cible,AheadEmotions,stay heard emotional game,5,,213,2,2.29
bien-etre-cible,AheadEmotions,free stay heard emotional,5,,250,121,0.55
bien-etre-cible,AheadEmotions,emotional have mod,5,,249,230,0.49
bien-etre-cible,AheadEmotions,top apk emotional widget,5,,231,17,0.86
bien-etre-cible,AheadEmotions,videos nudge emotional,5,,215,1,5.00
bien-etre-cible,AheadEmotions,easy widget emotional,5,,239,1,5.00
bien-etre-cible,AheadEmotions,emotional iphone have app,5,,223,1,5.00
bien-etre-cible,AheadEmotions,free emotional iphone have,5,,227,1,5.00
bien-etre-cible,AheadEmotions,legacy emotional anxiety,5,40,250,6,1.24
bien-etre-cible,AheadEmotions,legacy emotional anxiety game,5,,249,3,1.74
bien-etre-cible,AheadEmotions,top legacy emotional anxiety,5,42,250,2,2.29
bien-etre-cible,AheadEmotions,emotional nudge trial,5,,221,1,5.00
bien-etre-cible,AheadEmotions,connection have nudge,5,,202,3,1.74
bien-etre-cible,AheadEmotions,nudge emotional stay,5,,234,1,5.00
bien-etre-cible,AheadEmotions,emotional notification families,5,,217,1,5.00
bien-etre-cible,AheadEmotions,sleep emotional nudge,5,,229,1,5.00
bien-etre-cible,AheadEmotions,good cheap nudge,5,,195,3,1.74
bien-etre-cible,AheadEmotions,connection nudge emotional,5,,217,2,2.29
bien-etre-cible,AheadEmotions,nudge have work,5,,208,1,5.00
bien-etre-cible,AheadEmotions,nudge worry connection,5,,221,2,2.29
bien-etre-cible,AheadEmotions,notification nudge emotional,5,,237,1,5.00
bien-etre-cible,AheadEmotions,emotional students nudges,5,,222,1,5.00
bien-etre-cible,AheadEmotions,stay emotional nudge,5,,222,1,5.00
bien-etre-cible,AheadEmotions,stay kindred nudge,5,,229,7,1.16
bien-etre-cible,AheadEmotions,emotional ipad mod,5,,204,1,5.00
bien-etre-cible,AheadEmotions,anxiety scorecard,5,,250,152,0.52
bien-etre-cible,AheadEmotions,nudge for beginners,5,61,218,1,5.00
bien-etre-cible,AheadEmotions,mirroring visited nudges,5,,234,7,1.16
bien-etre-cible,AheadEmotions,breath before apps steal,5,,229,16,0.87
bien-etre-cible,AheadEmotions,keep calm streak,5,,247,230,0.49
bien-etre-cible,AheadEmotions,gentles cuenta memory,5,,230,2,2.29
bien-etre-cible,AheadEmotions,emotional connection students,5,,226,1,5.00
bien-etre-cible,AheadEmotions,emotional connection work,5,,236,2,2.29
bien-etre-cible,AheadEmotions,ios emotional connection,5,,240,2,2.29
bien-etre-cible,AheadEmotions,derot:,5,,236,7,1.16
bien-etre-cible,AheadEmotions,procraastination,5,,244,40,0.69
bien-etre-cible,AheadEmotions,improve my mental health,5,,224,54,0.64
bien-etre-cible,AheadEmotions,emotions\,5,,215,3,1.74
bien-etre-cible,AheadEmotions,adhd workout,5,,242,115,0.55
bien-etre-cible,AheadEmotions,anger management course,5,,250,5,1.34
bien-etre-cible,AheadEmotions,improve vision app,5,,235,201,0.50
bien-etre-cible,AheadEmotions,panic relieft,5,,246,132,0.54
bien-etre-cible,AheadEmotions,education companion,5,,242,84,0.59
bien-etre-cible,AheadEmotions,how we fee,5,,131,28,0.75
bien-etre-cible,AheadEmotions,self care adhd,,,242,96,
bien-etre-cible,AheadEmotions,time%20management%20app%20free,,,248,170,
bien-etre-cible,AheadEmotions,inflow%20adhd,,,234,57,
bien-etre-cible,AheadEmotions,dog monitor emotion,,,225,32,
bien-etre-cible,AheadEmotions,betwixt�the mental health game,,42,245,81,
bien-etre-cible,AheadEmotions,stress manager,,,246,1,
bien-etre-cible,AheadEmotions,daily pay free coach tracker,,,235,110,
bien-etre-cible,AheadEmotions,easy mod emotional connection have,,,248,75,
bien-etre-cible,AheadEmotions,my ios emotional connection have,,,214,2,
bien-etre-cible,AheadEmotions,emotional connection have no ads app,,44,245,79,
bien-etre-cible,AheadEmotions,free vs emotional connection have,,,225,2,
bien-etre-cible,AheadEmotions,free awhile emotional,,44,250,212,
bien-etre-cible,AheadEmotions,gentle reminds connection,,,228,10,
bien-etre-cible,AheadEmotions,occasion archive emotional game,,,214,1,
bien-etre-cible,AheadEmotions,stay remind emotional,,44,250,139,
bien-etre-cible,AheadEmotions,cheap good nudge,,,210,3,
bien-etre-cible,AheadEmotions,gentle emotional good,,,233,1,
bien-etre-cible,AheadEmotions,gentle connection emotional,,,226,1,
bien-etre-cible,AheadEmotions,nudge emotional keeper app,,,233,1,
bien-etre-cible,AheadEmotions,emotional mod good,,,233,1,
bien-etre-cible,AheadEmotions,free legacy emotional anxiety,,,248,1,
bien-etre-cible,AheadEmotions,notification emotional share,,,229,1,
bien-etre-cible,AheadEmotions,elearning color prep,,,224,47,
bien-etre-cible,AheadEmotions,educational companion,,,243,72,
bien-etre-cible,Mantra,affirm,72,87,250,52,9.32
bien-etre-cible,Mantra,affırm,72,82,250,77,8.58
bien-etre-cible,Mantra,تويتر,61,92,249,179,6.21
bien-etre-cible,Mantra,توتر,54,97,248,98,6.14
bien-etre-cible,Mantra,motivation,53,78,250,13,9.88
bien-etre-cible,Mantra,ism,52,69,247,35,7.38
bien-etre-cible,Mantra,afirme móvil,50,72,209,120,5.47
bien-etre-cible,Mantra,manifest,45,76,250,13,8.39
bien-etre-cible,Mantra,ياقوت,43,56,250,220,4.23
bien-etre-cible,Mantra,affirmations,38,90,250,3,13.24
bien-etre-cible,Mantra,daily,37,97,247,24,5.78
bien-etre-cible,Mantra,wellness,36,76,248,9,7.60
bien-etre-cible,Mantra,lu,29,86,249,202,2.89
bien-etre-cible,Mantra,motivation app,27,70,247,51,3.51
bien-etre-cible,Mantra,saged,23,66,65,28,3.45
bien-etre-cible,Mantra,developpement personnel,22,54,248,22,3.52
bien-etre-cible,Mantra,モチベーション,22,74,250,146,2.32
bien-etre-cible,Mantra,雨,21,98,246,201,2.10
bien-etre-cible,Mantra,jour,18,78,245,54,2.31
bien-etre-cible,Mantra,appel gratuit,16,95,250,211,1.58
bien-etre-cible,Mantra,rappel pillule,16,59,249,168,1.65
bien-etre-cible,Mantra,positive affirmations app,15,77,245,4,4.47
bien-etre-cible,Mantra,feel good,15,54,245,9,3.17
bien-etre-cible,Mantra,louise hay,14,68,23,9,2.95
bien-etre-cible,Mantra,sante mentale,14,43,248,47,1.85
bien-etre-cible,Mantra,quote,10,88,249,13,1.86
bien-etre-cible,Mantra,positive affirmations,9,86,249,4,2.68
bien-etre-cible,Mantra,subliminal,9,58,214,38,1.25
bien-etre-cible,Mantra,i am affirmations,9,81,249,5,2.41
bien-etre-cible,Mantra,free form,9,87,249,240,0.87
bien-etre-cible,Mantra,iam affirmations,9,76,249,5,2.41
bien-etre-cible,Mantra,louise hay affirmation meditations,8,70,244,52,1.04
bien-etre-cible,Mantra,mindset,8,86,250,13,1.49
bien-etre-cible,Mantra,vision board,8,100,247,12,1.53
bien-etre-cible,Mantra,mantra,8,89,250,1,8.00
bien-etre-cible,Mantra,quotes widget,7,88,249,207,0.69
bien-etre-cible,Mantra,self confidence affirmations,7,42,237,13,1.31
bien-etre-cible,Mantra,sattva meditations mantras,6,,248,5,1.61
bien-etre-cible,Mantra,self help,6,77,250,38,0.83
bien-etre-cible,Mantra,love quotes and sayings,5,70,183,124,0.54
bien-etre-cible,Mantra,inspiration,5,98,243,11,0.98
bien-etre-cible,Mantra,selfishbabe,5,54,31,8,1.10
bien-etre-cible,Mantra,success,5,58,248,11,0.98
bien-etre-cible,Mantra,confidence,5,75,250,7,1.16
bien-etre-cible,Mantra,daily motivation,5,79,249,6,1.24
bien-etre-cible,Mantra,morning motivation,5,79,248,6,1.24
bien-etre-cible,Mantra,style inspiration,5,91,243,132,0.54
bien-etre-cible,Mantra,affirmation app,5,79,248,2,2.29
bien-etre-cible,Mantra,free affirmations,5,78,249,3,1.74
bien-etre-cible,Mantra,inspiring quotes,5,80,243,172,0.51
bien-etre-cible,Mantra,positivity,5,87,248,11,0.98
bien-etre-cible,Mantra,positive thinking,5,87,249,13,0.93
bien-etre-cible,Mantra,daily spiritual quotes,5,79,248,5,1.34
bien-etre-cible,Mantra,spiritual quotes,5,77,249,2,2.29
bien-etre-cible,Mantra,thinkup,5,87,248,5,1.34
bien-etre-cible,Mantra,think up,5,85,249,6,1.24
bien-etre-cible,Mantra,watch quote,5,40,232,72,0.60
bien-etre-cible,Mantra,abundance,5,42,247,2,2.29
bien-etre-cible,Mantra,wellness app,5,46,249,36,0.70
bien-etre-cible,Mantra,daily encouragement,5,76,248,10,1.02
bien-etre-cible,Mantra,daily affirmations,5,88,250,3,1.74
bien-etre-cible,Mantra,words of wisdom,5,81,247,14,0.91
bien-etre-cible,Mantra,句子,5,55,238,38,0.70
bien-etre-cible,Mantra,unique daily affirmations,5,79,248,4,1.49
bien-etre-cible,Mantra,vision board app,5,100,244,12,0.96
bien-etre-cible,Mantra,inspiration app,5,94,236,111,0.55
bien-etre-cible,Mantra,вдохновение,5,87,196,10,1.02
bien-etre-cible,Mantra,аффирмации,5,79,250,2,2.29
bien-etre-cible,Mantra,мотивация,5,67,250,8,1.10
bien-etre-cible,Mantra,daily quotes widget,5,82,247,197,0.50
bien-etre-cible,Mantra,daily positive affirmations,5,77,248,3,1.74
bien-etre-cible,Mantra,think and grow rich,5,59,248,12,0.96
bien-etre-cible,Mantra,alternative airlines,5,,215,78,0.59
bien-etre-cible,Mantra,self confidence,5,76,247,2,2.29
bien-etre-cible,Mantra,positive thoughts,5,83,249,4,1.49
bien-etre-cible,Mantra,motivationapp,5,,219,19,0.83
bien-etre-cible,Mantra,positiva,5,55,247,12,0.96
bien-etre-cible,Mantra,diari,5,65,233,215,0.49
bien-etre-cible,Mantra,frases motivacionales,5,79,249,50,0.65
bien-etre-cible,Mantra,faily,5,47,244,168,0.51
bien-etre-cible,Mantra,laws of attraction,5,43,237,40,0.69
bien-etre-cible,Mantra,vision board maker,5,53,248,13,0.93
bien-etre-cible,Mantra,daily happiness tips,5,46,244,40,0.69
bien-etre-cible,Mantra,affirmationen,5,76,243,1,5.00
bien-etre-cible,Mantra,positive reminders,5,80,250,1,5.00
bien-etre-cible,Mantra,self affirmations,5,83,247,2,2.29
bien-etre-cible,Mantra,reiki timer,5,,198,88,0.58
bien-etre-cible,Mantra,mantras,5,60,248,1,5.00
bien-etre-cible,Mantra,gratitude affirmations,5,47,245,18,0.84
bien-etre-cible,Mantra,цитаты,5,79,250,12,0.96
bien-etre-cible,Mantra,daily affirmations for women,5,80,249,3,1.74
bien-etre-cible,Mantra,afirmaciones positivas,5,79,250,3,1.74
bien-etre-cible,Mantra,positive affirmations sleep,5,40,242,20,0.82
bien-etre-cible,Mantra,daily affirmations for men,5,79,250,4,1.49
bien-etre-cible,Mantra,mindful affirmations,5,87,249,7,1.16
bien-etre-cible,Mantra,affirmations daily motivation,5,46,239,7,1.16
bien-etre-cible,Mantra,subliminal affirmations,5,45,249,40,0.69
bien-etre-cible,Mantra,confidence booster,5,80,242,5,1.34
bien-etre-cible,Mantra,affirm it,5,76,244,143,0.53
bien-etre-cible,Mantra,my affirmations,5,84,248,2,2.29
bien-etre-cible,Mantra,christian affirmations,5,82,248,9,1.06
bien-etre-cible,Mantra,self care for women,5,54,245,60,0.63
bien-etre-cible,Mantra,daily gratitude,5,76,247,94,0.57
bien-etre-cible,Mantra,thankful,5,65,248,105,0.56
bien-etre-cible,Mantra,marigold,5,46,23,16,0.87
bien-etre-cible,Mantra,confidence boosters,5,44,239,6,1.24
bien-etre-cible,Mantra,esteem,5,77,241,218,0.49
bien-etre-cible,Mantra,positive vibes,5,74,247,16,0.87
bien-etre-cible,Mantra,santé mentale,5,49,248,111,0.55
bien-etre-cible,Mantra,louise hay affirmations,5,48,100,58,0.63
bien-etre-cible,Mantra,gratitude journal prompts,5,46,243,135,0.54
bien-etre-cible,Mantra,daily motivation app,5,81,245,9,1.06
bien-etre-cible,Mantra,daily motivational quotes,5,78,249,43,0.68
bien-etre-cible,Mantra,self worth,5,79,247,13,0.93
bien-etre-cible,Mantra,ansiedade,5,57,246,167,0.52
bien-etre-cible,Mantra,dream board,5,52,244,11,0.98
bien-etre-cible,Mantra,abraham hicks,5,34,27,6,1.24
bien-etre-cible,Mantra,affirmations widget,5,86,249,4,1.49
bien-etre-cible,Mantra,manifesting,5,81,248,13,0.93
bien-etre-cible,Mantra,affirmaiton,5,78,250,3,1.74
bien-etre-cible,Mantra,positive self talk,5,79,249,3,1.74
bien-etre-cible,Mantra,positive affirmations app free,5,77,248,4,1.49
bien-etre-cible,Mantra,daily mantra,5,88,249,1,5.00
bien-etre-cible,Mantra,shine app,5,,217,8,1.10
bien-etre-cible,Mantra,money affirmations,5,49,248,40,0.69
bien-etre-cible,Mantra,manifestation journal,5,85,249,13,0.93
bien-etre-cible,Mantra,audio affirmations,5,88,249,3,1.74
bien-etre-cible,Mantra,thankfulness,5,63,210,160,0.52
bien-etre-cible,Mantra,manifestations,5,62,248,111,0.55
bien-etre-cible,Mantra,be happy,5,74,242,2,2.29
bien-etre-cible,Mantra,乐动健康,5,46,241,37,0.70
bien-etre-cible,Mantra,selflove,5,81,249,25,0.77
bien-etre-cible,Mantra,inspirational daily quotes,5,59,234,179,0.51
bien-etre-cible,Mantra,free daily affirmations,5,77,250,4,1.49
bien-etre-cible,Mantra,health motivation,5,71,221,29,0.74
bien-etre-cible,Mantra,positive mindset,5,85,249,18,0.84
bien-etre-cible,Mantra,vision board free,5,40,246,11,0.98
bien-etre-cible,Mantra,digital vision board,5,45,248,11,0.98
bien-etre-cible,Mantra,free vision board,5,40,247,11,0.98
bien-etre-cible,Mantra,binnaz,5,45,176,144,0.53
bien-etre-cible,Mantra,365 gratitude,5,47,250,224,0.49
bien-etre-cible,Mantra,subliminal vision boards,5,40,241,6,1.24
bien-etre-cible,Mantra,aya,5,90,248,141,0.53
bien-etre-cible,Mantra,buddha quotes,5,52,243,16,0.87
bien-etre-cible,Mantra,mudras,5,,57,15,0.89
bien-etre-cible,Mantra,enlightenment,5,78,188,8,1.10
bien-etre-cible,Mantra,ness,5,,228,197,0.50
bien-etre-cible,Mantra,law of attraction toolbox app,5,27,225,12,0.96
bien-etre-cible,Mantra,free positive affirmations,5,76,250,4,1.49
bien-etre-cible,Mantra,i am positive affirmations,5,76,238,4,1.49
bien-etre-cible,Mantra,subliminal maker,5,47,179,12,0.96
bien-etre-cible,Mantra,affirmation audio,5,43,250,12,0.96
bien-etre-cible,Mantra,affirmation maker,5,80,250,9,1.06
bien-etre-cible,Mantra,mudra,5,54,53,14,0.91
bien-etre-cible,Mantra,affirmations app,5,75,249,2,2.29
bien-etre-cible,Mantra,#selflove,5,44,247,12,0.96
bien-etre-cible,Mantra,inspire app,5,50,248,11,0.98
bien-etre-cible,Mantra,harm,5,79,248,238,0.48
bien-etre-cible,Mantra,form von,5,98,248,230,0.49
bien-etre-cible,Mantra,olumlama,5,69,181,2,2.29
bien-etre-cible,Mantra,motivasyon,5,24,250,7,1.16
bien-etre-cible,Mantra,12 step apps,5,50,243,78,0.59
bien-etre-cible,Mantra,每日,5,57,241,230,0.49
bien-etre-cible,Mantra,self acceptance,5,58,239,147,0.53
bien-etre-cible,Mantra,learn self acceptance,5,40,243,78,0.59
bien-etre-cible,Mantra,daily self acceptance,5,40,246,11,0.98
bien-etre-cible,Mantra,motivation help,5,40,245,92,0.58
bien-etre-cible,Mantra,daily self motivation,5,74,246,24,0.78
bien-etre-cible,Mantra,self acceptance for women,5,40,246,44,0.67
bien-etre-cible,Mantra,women’s self acceptance,5,40,247,63,0.62
bien-etre-cible,Mantra,affirmations daily motivation free,5,76,245,4,1.49
bien-etre-cible,Mantra,daily affirmations widget,5,71,249,4,1.49
bien-etre-cible,Mantra,self care woman,5,40,243,35,0.71
bien-etre-cible,Mantra,terapi,5,63,250,13,0.93
bien-etre-cible,Mantra,Higher Self,5,53,220,23,0.79
bien-etre-cible,Mantra,напоминание о лекарствах,5,65,243,183,0.51
bien-etre-cible,Mantra,daily self-care,5,89,249,74,0.60
bien-etre-cible,Mantra,self-confidence,5,49,235,1,5.00
bien-etre-cible,Mantra,positvity,5,78,247,10,1.02
bien-etre-cible,Mantra,‎self esteem,5,40,221,22,0.80
bien-etre-cible,Mantra,daily self love,5,40,246,13,0.93
bien-etre-cible,Mantra,daily manifestation quotes,5,40,249,24,0.78
bien-etre-cible,Mantra,motivation quotes widget,5,79,247,5,1.34
bien-etre-cible,Mantra,daily happiness,5,48,242,35,0.71
bien-etre-cible,Mantra,free daily motivational quotes,5,79,249,170,0.51
bien-etre-cible,Mantra,affirmations reminders,5,63,239,42,0.68
bien-etre-cible,Mantra,morning wishes,5,54,249,45,0.67
bien-etre-cible,Mantra,self-esteem,5,56,234,67,0.61
bien-etre-cible,Mantra,gratitude self-care,5,40,244,228,0.49
bien-etre-cible,Mantra,positive reminder,5,80,249,1,5.00
bien-etre-cible,Mantra,diarly,5,75,244,232,0.49
bien-etre-cible,Mantra,morning gratitude,5,46,250,3,1.74
bien-etre-cible,Mantra,intention,5,57,249,4,1.49
bien-etre-cible,Mantra,manifest affirmations,5,88,249,6,1.24
bien-etre-cible,Mantra,quotes happy,5,40,245,206,0.50
bien-etre-cible,Mantra,self care quotes,5,40,241,105,0.56
bien-etre-cible,Mantra,encouraging word,5,87,150,82,0.59
bien-etre-cible,Mantra,i love you quotes,5,48,221,162,0.52
bien-etre-cible,Mantra,affirmation quote,5,47,243,11,0.98
bien-etre-cible,Mantra,daily motivation quote,5,63,248,111,0.55
bien-etre-cible,Mantra,grateful quotes,5,40,243,118,0.55
bien-etre-cible,Mantra,inspration,5,92,238,11,0.98
bien-etre-cible,Mantra,self motivate,5,40,245,42,0.68
bien-etre-cible,Mantra,always positive,5,44,243,42,0.68
bien-etre-cible,Mantra,positive daily,5,54,243,26,0.76
bien-etre-cible,Mantra,motvation,5,79,250,13,0.93
bien-etre-cible,Mantra,quotes about self,5,40,245,127,0.54
bien-etre-cible,Mantra,strong women quotes,5,47,246,206,0.50
bien-etre-cible,Mantra,inspirasjon,5,90,247,11,0.98
bien-etre-cible,Mantra,放松,5,44,249,191,0.50
bien-etre-cible,Mantra,confidence reminder,5,50,245,31,0.73
bien-etre-cible,Mantra,confident reminder,5,42,245,15,0.89
bien-etre-cible,Mantra,affirmation journal,5,93,248,10,1.02
bien-etre-cible,Mantra,i am - daily affirmations reminders for self care,5,76,242,7,1.16
bien-etre-cible,Mantra,anxiety dairy,5,54,244,214,0.49
bien-etre-cible,Mantra,think positive,5,48,226,134,0.54
bien-etre-cible,Mantra,daily positive,5,84,247,23,0.79
bien-etre-cible,Mantra,health wellness affirmation,5,45,244,5,1.34
bien-etre-cible,Mantra,happiness affirmations,5,40,241,4,1.49
bien-etre-cible,Mantra,I Am - Daily Affirmations,5,77,249,4,1.49
bien-etre-cible,Mantra,grand rising,5,42,52,21,0.81
bien-etre-cible,Mantra,aspire women's meditation,5,40,249,208,0.50
bien-etre-cible,Mantra,daily affirmations widgets,5,77,250,3,1.74
bien-etre-cible,Mantra,yo soy,5,41,82,71,0.61
bien-etre-cible,Mantra,love affirmations,5,40,243,21,0.81
bien-etre-cible,Mantra,law of assumption,5,42,250,6,1.24
bien-etre-cible,Mantra,daily-affirmation,5,75,243,6,1.24
bien-etre-cible,Mantra,daily-motivation,5,77,241,91,0.58
bien-etre-cible,Mantra,daily affirmation motivation,5,75,245,1,5.00
bien-etre-cible,Mantra,daily affirmation motivation free,5,75,247,2,2.29
bien-etre-cible,Mantra,daily affirmations by rise,5,40,242,23,0.79
bien-etre-cible,Mantra,Goodable,5,47,14,13,0.93
bien-etre-cible,Mantra,Felicity,5,52,196,46,0.67
bien-etre-cible,Mantra,be thankful,5,43,233,105,0.56
bien-etre-cible,Mantra,благодарность,5,40,241,17,0.86
bien-etre-cible,Mantra,манифест,5,29,20,5,1.34
bien-etre-cible,Mantra,мантра,5,88,101,1,5.00
bien-etre-cible,Mantra,счастье,5,42,155,18,0.84
bien-etre-cible,Mantra,condivide,5,62,249,7,1.16
bien-etre-cible,Mantra,Tasarım,5,47,244,6,1.24
bien-etre-cible,Mantra,affirmations for couples,5,40,244,27,0.76
bien-etre-cible,Mantra,affirmations daily,5,83,249,2,2.29
bien-etre-cible,Mantra,self hlep,5,76,249,56,0.64
bien-etre-cible,Mantra,self care widget,5,71,209,74,0.60
bien-etre-cible,Mantra,manifest positive affirmations,5,42,240,5,1.34
bien-etre-cible,Mantra,positive affirmations quotes,5,40,241,6,1.24
bien-etre-cible,Mantra,positive affirmations app fre,5,75,244,6,1.24
bien-etre-cible,Mantra,positive daily affirmations,5,84,247,2,2.29
bien-etre-cible,Mantra,positive self care,5,42,246,36,0.70
bien-etre-cible,Mantra,diario privado,5,40,249,134,0.54
bien-etre-cible,Mantra,gelişim,5,47,234,26,0.76
bien-etre-cible,Mantra,günlük burç,5,41,237,6,1.24
bien-etre-cible,Mantra,diario ipad,5,42,242,83,0.59
bien-etre-cible,Mantra,Positive: Affirmations  Quotes,5,40,241,20,0.82
bien-etre-cible,Mantra,diario intimo,5,55,246,94,0.57
bien-etre-cible,Mantra,diario digital,5,40,248,142,0.53
bien-etre-cible,Mantra,free daily affirmation,5,77,250,3,1.74
bien-etre-cible,Mantra,affirmations motivation,5,42,244,10,1.02
bien-etre-cible,Mantra,afirmações diárias,5,76,247,4,1.49
bien-etre-cible,Mantra,afirmações,5,40,247,1,5.00
bien-etre-cible,Mantra,anônimo,5,57,214,94,0.57
bien-etre-cible,Mantra,gratidão,5,46,240,140,0.53
bien-etre-cible,Mantra,anônima,5,91,250,122,0.55
bien-etre-cible,Mantra,affirmaties,5,78,250,3,1.74
bien-etre-cible,Mantra,diárias,5,40,243,1,5.00
bien-etre-cible,Mantra,Vison board maker,5,100,248,13,0.93
bien-etre-cible,Mantra,positive healing,5,39,248,16,0.87
bien-etre-cible,Mantra,happy affirmations,5,40,242,6,1.24
bien-etre-cible,Mantra,words of affirmations,5,79,250,5,1.34
bien-etre-cible,Mantra,positive minsdet,5,40,243,36,0.70
bien-etre-cible,Mantra,i am gratitude,5,40,245,88,0.58
bien-etre-cible,Mantra,i am grateful,5,43,240,19,0.83
bien-etre-cible,Mantra,Daily diary,5,48,238,127,0.54
bien-etre-cible,Mantra,healing quotes,5,77,249,5,1.34
bien-etre-cible,Mantra,salf,5,81,247,195,0.50
bien-etre-cible,Mantra,Motivation du Jour .,5,75,247,8,1.10
bien-etre-cible,Mantra,日语动漫,5,42,244,35,0.71
bien-etre-cible,Mantra,daily affirmation posts,5,40,245,1,5.00
bien-etre-cible,Mantra,goodmind,5,47,249,2,2.29
bien-etre-cible,Mantra,manifest it now,5,,247,13,0.93
bien-etre-cible,Mantra,affirmacion,5,40,249,28,0.75
bien-etre-cible,Mantra,медитаций,5,76,237,193,0.50
bien-etre-cible,Mantra,healthy affirm,5,48,245,10,1.02
bien-etre-cible,Mantra,happy affirm,5,75,242,2,2.29
bien-etre-cible,Mantra,pregnancy affirmations,5,50,250,6,1.24
bien-etre-cible,Mantra,affirmations for mental health,5,62,249,1,5.00
bien-etre-cible,Mantra,good mind,5,66,219,3,1.74
bien-etre-cible,Mantra,self pause,5,32,248,12,0.96
bien-etre-cible,Mantra,#mantra,5,40,236,1,5.00
bien-etre-cible,Mantra,ежедневные аффирмации,5,32,49,2,2.29
bien-etre-cible,Mantra,confidemce,5,57,250,7,1.16
bien-etre-cible,Mantra,físico,5,53,249,221,0.49
bien-etre-cible,Mantra,Lei da Atração,5,36,111,11,0.98
bien-etre-cible,Mantra,manifestação,5,44,250,12,0.96
bien-etre-cible,Mantra,affirmations for women,5,84,249,3,1.74
bien-etre-cible,Mantra,frases diárias,5,78,249,11,0.98
bien-etre-cible,Mantra,diárias lembretes,5,42,250,7,1.16
bien-etre-cible,Mantra,motivação positiva,5,40,249,6,1.24
bien-etre-cible,Mantra,daily affirmations for anxiety,5,40,244,18,0.84
bien-etre-cible,Mantra,daily affirmations for naxiety,5,64,242,24,0.78
bien-etre-cible,Mantra,daily affirmations for work,5,42,241,26,0.76
bien-etre-cible,Mantra,affirmative,5,89,249,4,1.49
bien-etre-cible,Mantra,affirmate,5,50,247,7,1.16
bien-etre-cible,Mantra,I affirm,5,58,248,7,1.16
bien-etre-cible,Mantra,inspired quotes,5,59,220,8,1.10
bien-etre-cible,Mantra,postive,5,77,249,13,0.93
bien-etre-cible,Mantra,motivate affirmations,5,42,243,5,1.34
bien-etre-cible,Mantra,Daily Motivatio‪n‬,5,51,243,18,0.84
bien-etre-cible,Mantra,self affirmation,5,79,249,2,2.29
bien-etre-cible,Mantra,self-affirmation,5,29,242,9,1.06
bien-etre-cible,Mantra,Afirmation,5,63,245,3,1.74
bien-etre-cible,Mantra,affirmations positive,5,45,236,7,1.16
bien-etre-cible,Mantra,daily graditude,5,68,247,30,0.74
bien-etre-cible,Mantra,affirmations for motivation,5,,241,2,2.29
bien-etre-cible,Mantra,new affirmation of the day,5,79,241,2,2.29
bien-etre-cible,Mantra,daily motivations,5,75,243,8,1.10
bien-etre-cible,Mantra,new motivational quotes,5,76,244,199,0.50
bien-etre-cible,Mantra,new motivational affirmations,5,40,245,51,0.65
bien-etre-cible,Mantra,believe daily affirmations,5,27,218,7,1.16
bien-etre-cible,Mantra,anónim,5,80,249,158,0.52
bien-etre-cible,Mantra,affirmations to attract love,5,40,240,19,0.83
bien-etre-cible,Mantra,confidenca,5,58,250,7,1.16
bien-etre-cible,Mantra,new affirmations of the day,5,40,247,38,0.70
bien-etre-cible,Mantra,affirmation for self care,5,42,245,4,1.49
bien-etre-cible,Mantra,affirmations for self care,5,40,244,4,1.49
bien-etre-cible,Mantra,new affirmation for self care,5,42,247,7,1.16
bien-etre-cible,Mantra,affirmation of the day,5,84,250,2,2.29
bien-etre-cible,Mantra,new confidence affirmations,5,40,247,95,0.57
bien-etre-cible,Mantra,daily affirmation widget,5,82,250,3,1.74
bien-etre-cible,Mantra,affirmations for better sleep,5,40,247,80,0.59
bien-etre-cible,Mantra,affirmation for better sleep,5,40,246,103,0.56
bien-etre-cible,Mantra,manifest günlük,5,40,249,1,5.00
bien-etre-cible,Mantra,ежедневно,5,51,231,5,1.34
bien-etre-cible,Mantra,new motivational quotes free,5,75,247,135,0.54
bien-etre-cible,Mantra,鬱,5,83,249,143,0.53
bien-etre-cible,Mantra,well esteemed,5,69,31,7,1.16
bien-etre-cible,Mantra,i an,5,87,248,14,0.91
bien-etre-cible,Mantra,digital visionboard,5,42,248,11,0.98
bien-etre-cible,Mantra,spirit quotes,5,40,247,1,5.00
bien-etre-cible,Mantra,affirmation free,5,79,250,5,1.34
bien-etre-cible,Mantra,i happy,5,65,236,129,0.54
bien-etre-cible,Mantra,positivity+,5,44,247,138,0.53
bien-etre-cible,Mantra,i am naughty,5,90,237,225,0.49
bien-etre-cible,Mantra,旅行日语,5,64,241,64,0.62
bien-etre-cible,Mantra,affirmations and visualization,5,40,245,31,0.73
bien-etre-cible,Mantra,Motivatiom app,5,66,247,110,0.56
bien-etre-cible,Mantra,i am enough,5,83,249,171,0.51
bien-etre-cible,Mantra,alpha male,5,44,117,8,1.10
bien-etre-cible,Mantra,positive daily affirmations free,5,76,243,5,1.34
bien-etre-cible,Mantra,i am positive affirmation,5,77,247,5,1.34
bien-etre-cible,Mantra,affirms,5,75,250,18,0.84
bien-etre-cible,Mantra,daily wellness,5,74,249,48,0.66
bien-etre-cible,Mantra,kendini,5,32,49,4,1.49
bien-etre-cible,Mantra,günlük motivasyon,5,80,249,2,2.29
bien-etre-cible,Mantra,flov,5,28,3,2,2.29
bien-etre-cible,Mantra,self-healing,5,,218,88,0.58
bien-etre-cible,Mantra,Affirmation cards,5,85,250,3,1.74
bien-etre-cible,Mantra,love manifestation,5,40,246,95,0.57
bien-etre-cible,Mantra,happy thoughts,5,50,249,3,1.74
bien-etre-cible,Mantra,new quotes for inspiration,5,40,231,60,0.63
bien-etre-cible,Mantra,new motivation quotes,5,77,246,97,0.57
bien-etre-cible,Mantra,daily affirmarions,5,76,250,3,1.74
bien-etre-cible,Mantra,motivarion,5,65,250,13,0.93
bien-etre-cible,Mantra,record affirmations,5,45,249,5,1.34
bien-etre-cible,Mantra,confidence affirmation,5,40,241,86,0.58
bien-etre-cible,Mantra,iam.affirmations,5,77,250,7,1.16
bien-etre-cible,Mantra,affirma,5,97,250,9,1.06
bien-etre-cible,Mantra,self-esteem booster,5,43,236,3,1.74
bien-etre-cible,Mantra,manifestation affirmations,5,40,250,2,2.29
bien-etre-cible,Mantra,daily gratitude affirmations,5,44,249,5,1.34
bien-etre-cible,Mantra,quotez,5,86,198,52,0.65
bien-etre-cible,Mantra,positive affirmation app,5,78,246,2,2.29
bien-etre-cible,Mantra,watch diary,5,54,247,23,0.79
bien-etre-cible,Mantra,daily manifestation,5,82,248,4,1.49
bien-etre-cible,Mantra,wid,5,,241,178,0.51
bien-etre-cible,Mantra,diorio,5,49,242,55,0.64
bien-etre-cible,Mantra,Daily Affirmations App: I Am,5,74,242,5,1.34
bien-etre-cible,Mantra,Affirmations - Daily Self-Love,5,75,243,4,1.49
bien-etre-cible,Mantra,Affirmations. I am Positive,5,75,238,11,0.98
bien-etre-cible,Mantra,affirmations for women free,5,77,250,1,5.00
bien-etre-cible,Mantra,affirmations are here,5,40,248,38,0.70
bien-etre-cible,Mantra,daily motivation affirmation free,5,76,249,2,2.29
bien-etre-cible,Mantra,motivations affirmation,5,40,245,7,1.16
bien-etre-cible,Mantra,Daily positive reminders,5,57,241,69,0.61
bien-etre-cible,Mantra,Diary help,5,40,245,194,0.50
bien-etre-cible,Mantra,positive diary,5,44,245,30,0.74
bien-etre-cible,Mantra,Positive affirmation reminder,5,77,238,14,0.91
bien-etre-cible,Mantra,daily motivational quotes free,5,75,245,88,0.58
bien-etre-cible,Mantra,Daily Self-love,5,42,245,15,0.89
bien-etre-cible,Mantra,motivation widgets,5,83,245,27,0.76
bien-etre-cible,Mantra,直,5,61,245,111,0.55
bien-etre-cible,Mantra,Mood Mantra Self Affirmations,5,40,247,1,5.00
bien-etre-cible,Mantra,daily affirmation & motivation free,5,79,250,3,1.74
bien-etre-cible,Mantra,i am happy,5,36,138,24,0.78
bien-etre-cible,Mantra,self affirmed,5,76,245,29,0.74
bien-etre-cible,Mantra,beyond body,5,43,103,10,1.02
bien-etre-cible,Mantra,daily positive quotes free quotes widget,5,75,240,153,0.52
bien-etre-cible,Mantra,self-growth through repeating tasks,5,40,249,37,0.70
bien-etre-cible,Mantra,Self affirmations & widgets,5,40,244,22,0.80
bien-etre-cible,Mantra,Affirmation Positive du Jour,5,40,244,8,1.10
bien-etre-cible,Mantra,Positive Affirmation of the Day,5,40,246,14,0.91
bien-etre-cible,Mantra,Morning Affirmations Widget,5,40,245,20,0.82
bien-etre-cible,Mantra,هدوء,5,74,247,71,0.61
bien-etre-cible,Mantra,يوميات,5,81,247,140,0.53
bien-etre-cible,Mantra,utureSelf,5,49,249,118,0.55
bien-etre-cible,Mantra,graditude affirmations,5,40,246,11,0.98
bien-etre-cible,Mantra,positive motivation daily,5,75,246,47,0.66
bien-etre-cible,Mantra,Self-Love affirmations,5,44,239,2,2.29
bien-etre-cible,Mantra,Reminders to think positive,5,40,242,161,0.52
bien-etre-cible,Mantra,motivatoin,5,66,249,13,0.93
bien-etre-cible,Mantra,self care daily affirmations,5,40,239,5,1.34
bien-etre-cible,Mantra,affirmatinos,5,79,250,3,1.74
bien-etre-cible,Mantra,affirmation widget free,5,78,250,4,1.49
bien-etre-cible,Mantra,daily affirmation & motivation,5,82,245,2,2.29
bien-etre-cible,Mantra,affirmation book,5,40,244,34,0.71
bien-etre-cible,Mantra,positive affirmation widget,5,78,249,3,1.74
bien-etre-cible,Mantra,Positive Daily Widget Reminder,5,40,244,244,0.48
bien-etre-cible,Mantra,affirmation widgets,5,85,249,15,0.89
bien-etre-cible,Mantra,Affirmation widget app,5,77,250,4,1.49
bien-etre-cible,Mantra,Daily Positive News,5,31,11,1,5.00
bien-etre-cible,Mantra,每日名言,5,40,245,25,0.77
bien-etre-cible,Mantra,每日语录,5,78,248,8,1.10
bien-etre-cible,Mantra,m-house,5,70,237,66,0.62
bien-etre-cible,Mantra,affirmations widgets,5,45,246,37,0.70
bien-etre-cible,Mantra,free affirmation,5,79,250,4,1.49
bien-etre-cible,Mantra,love inspiration,5,44,240,188,0.50
bien-etre-cible,Mantra,daily quotes app,5,85,245,7,1.16
bien-etre-cible,Mantra,daily qoute,5,78,249,5,1.34
bien-etre-cible,Mantra,daily motivatinon,5,71,245,140,0.53
bien-etre-cible,Mantra,I am - Positive Affirmations,5,77,235,5,1.34
bien-etre-cible,Mantra,manifestation app,5,65,249,9,1.06
bien-etre-cible,Mantra,Daily mindset,5,50,247,181,0.51
bien-etre-cible,Mantra,affirmationwidget,5,81,250,3,1.74
bien-etre-cible,Mantra,affirmation goodming,5,,205,10,1.02
bien-etre-cible,Mantra,daily positive thoughts,5,75,249,2,2.29
bien-etre-cible,Mantra,Positive Affirmations Reminders,5,77,240,9,1.06
bien-etre-cible,Mantra,affirmations maker,5,40,243,52,0.65
bien-etre-cible,Mantra,every day motivation,5,64,248,127,0.54
bien-etre-cible,Mantra,Positive Quotes Daily 4+,5,9,202,9,1.06
bien-etre-cible,Mantra,affirmation for women,5,40,244,9,1.06
bien-etre-cible,Mantra,affirmation for women free,5,78,250,2,2.29
bien-etre-cible,Mantra,affirmation widge,5,46,250,47,0.66
bien-etre-cible,Mantra,affirmations homescreen,5,40,247,34,0.71
bien-etre-cible,Mantra,homescreen affirmations,5,77,247,37,0.70
bien-etre-cible,Mantra,home affirmations,5,40,245,32,0.73
bien-etre-cible,Mantra,home screen affirmations,5,79,249,5,1.34
bien-etre-cible,Mantra,custom affirmations,5,79,250,7,1.16
bien-etre-cible,Mantra,morningaffirmations,5,79,250,6,1.24
bien-etre-cible,Mantra,affirmations home,5,40,246,42,0.68
bien-etre-cible,Mantra,Affirmations & Widgets,5,44,243,31,0.73
bien-etre-cible,Mantra,Vision Board affirmations,5,40,241,156,0.52
bien-etre-cible,Mantra,morning affirmation,5,47,248,27,0.76
bien-etre-cible,Mantra,daily *,5,32,250,72,0.60
bien-etre-cible,Mantra,morning motivtion,5,74,248,7,1.16
bien-etre-cible,Mantra,aesthetic affirmations,5,40,248,191,0.50
bien-etre-cible,Mantra,success affirmations,5,42,242,13,0.93
bien-etre-cible,Mantra,vision bord,5,98,247,12,0.96
bien-etre-cible,Mantra,inspire love,5,91,244,145,0.53
bien-etre-cible,Mantra,生 活,5,71,249,240,0.48
bien-etre-cible,Mantra,loving kindness,5,49,250,182,0.51
bien-etre-cible,Mantra,AM affirmations,5,49,243,5,1.34
bien-etre-cible,Mantra,night affirmations,5,48,240,24,0.78
bien-etre-cible,Mantra,alpha man,5,64,88,6,1.24
bien-etre-cible,Mantra,weekly affirmations,5,66,246,11,0.98
bien-etre-cible,Mantra,positive daily manifestations,5,42,248,6,1.24
bien-etre-cible,Mantra,daily positive messages,5,40,245,44,0.67
bien-etre-cible,Mantra,daily affirmation for women,5,79,248,2,2.29
bien-etre-cible,Mantra,positive widget affirmation,5,43,241,31,0.73
bien-etre-cible,Mantra,dquotes,5,0,231,145,0.53
bien-etre-cible,Mantra,daily qote,5,77,245,5,1.34
bien-etre-cible,Mantra,Affirmation Daily,5,71,246,2,2.29
bien-etre-cible,Mantra,personalized affirmation,5,46,248,90,0.58
bien-etre-cible,Mantra,manifast,5,76,250,13,0.93
bien-etre-cible,Mantra,daily affirmationws,5,77,241,1,5.00
bien-etre-cible,Mantra,affirmtion widget,5,42,246,23,0.79
bien-etre-cible,Mantra,dally,5,58,237,232,0.49
bien-etre-cible,Mantra,وتوقعات,5,50,244,128,0.54
bien-etre-cible,Mantra,dự,5,78,243,23,0.79
bien-etre-cible,Mantra,局,5,63,243,223,0.49
bien-etre-cible,Mantra,affirmations for women\,5,42,245,15,0.89
bien-etre-cible,Mantra,personal affirmations,5,45,244,127,0.54
bien-etre-cible,Mantra,personalised affirmations,5,40,247,95,0.57
bien-etre-cible,Mantra,motivation+ daily quotes,5,80,249,17,0.86
bien-etre-cible,Mantra,House chealing,5,47,26,5,1.34
bien-etre-cible,Mantra,custom affirmation,5,48,247,78,0.59
bien-etre-cible,Mantra,personal affirmation,5,48,246,15,0.89
bien-etre-cible,Mantra,morning affirmations for women,5,40,247,6,1.24
bien-etre-cible,Mantra,anxiety affirmations,5,78,250,1,5.00
bien-etre-cible,Mantra,affirmtion,5,79,250,3,1.74
bien-etre-cible,Mantra,affirmations foe women,5,42,247,6,1.24
bien-etre-cible,Mantra,affirmation sessions,5,45,248,25,0.77
bien-etre-cible,Mantra,affirmation session,5,45,248,22,0.80
bien-etre-cible,Mantra,affirmation practice,5,45,249,14,0.91
bien-etre-cible,Mantra,self estee,5,52,228,20,0.82
bien-etre-cible,Mantra,affirmations for woman,5,73,250,3,1.74
bien-etre-cible,Mantra,uplifting affirmations,5,42,246,44,0.67
bien-etre-cible,Mantra,thanking,5,95,146,114,0.55
bien-etre-cible,Mantra,Anonim sirketi,5,49,234,47,0.66
bien-etre-cible,Mantra,affirmations for men,5,85,250,4,1.49
bien-etre-cible,Mantra,I AM Affirmations Daily,5,77,239,2,2.29
bien-etre-cible,Mantra,vision boare,5,98,245,12,0.96
bien-etre-cible,Mantra,语,5,69,246,169,0.51
bien-etre-cible,Mantra,Daily Mental Health.,5,44,246,223,0.49
bien-etre-cible,Mantra,daily mental,5,64,246,135,0.54
bien-etre-cible,Mantra,innertune listen affirmations,5,77,246,2,2.29
bien-etre-cible,Mantra,daily self,5,56,241,13,0.93
bien-etre-cible,Mantra,positivitiy,5,79,248,8,1.10
bien-etre-cible,Mantra,my affirmation,5,47,239,48,0.66
bien-etre-cible,Mantra,positive me,5,44,240,29,0.74
bien-etre-cible,Mantra,#positive daily affirmations,5,77,240,9,1.06
bien-etre-cible,Mantra,affirm believe manifest,5,40,250,47,0.66
bien-etre-cible,Mantra,affirming,5,48,247,24,0.78
bien-etre-cible,Mantra,vmanifest,5,76,250,13,0.93
bien-etre-cible,Mantra,inspire quote,5,59,190,8,1.10
bien-etre-cible,Mantra,morning inspirational quotes,5,70,69,43,0.68
bien-etre-cible,Mantra,Selfhealing,5,73,248,58,0.63
bien-etre-cible,Mantra,Self Care  Daily,5,61,245,50,0.65
bien-etre-cible,Mantra,self affirm,5,49,244,2,2.29
bien-etre-cible,Mantra,manefest,5,76,250,13,0.93
bien-etre-cible,Mantra,I am daily affirmation,5,81,249,2,2.29
bien-etre-cible,Mantra,manifest affirmation,5,48,246,50,0.65
bien-etre-cible,Mantra,affirm: manifest affirmations,5,42,247,18,0.84
bien-etre-cible,Mantra,self motivaton,5,73,247,4,1.49
bien-etre-cible,Mantra,affirmitions,5,79,250,3,1.74
bien-etre-cible,Mantra,afirmations,5,79,250,3,1.74
bien-etre-cible,Mantra,positive vibe,5,54,240,9,1.06
bien-etre-cible,Mantra,#motivation,5,66,249,13,0.93
bien-etre-cible,Mantra,motivap,5,40,234,8,1.10
bien-etre-cible,Mantra,mindset inspiration,5,40,249,229,0.49
bien-etre-cible,Mantra,mindset: Positive focus quotes,5,36,121,46,0.67
bien-etre-cible,Mantra,affirm - Manifest Affirmations,5,42,248,18,0.84
bien-etre-cible,Mantra,Positive Daily Quote,5,32,241,106,0.56
bien-etre-cible,Mantra,self lovr,5,78,248,210,0.50
bien-etre-cible,Mantra,affirmations vision board,5,40,243,98,0.57
bien-etre-cible,Mantra,free affirmation app,5,77,250,3,1.74
bien-etre-cible,Mantra,self care daily afwrmations,5,42,245,15,0.89
bien-etre-cible,Mantra,afwrmation,5,79,249,3,1.74
bien-etre-cible,Mantra,afwrmation for women,5,46,248,56,0.64
bien-etre-cible,Mantra,afwrmaiton,5,40,245,105,0.56
bien-etre-cible,Mantra,afwrmations for women,5,44,249,27,0.76
bien-etre-cible,Mantra,afwrmations for woman,5,40,245,15,0.89
bien-etre-cible,Mantra,afwrmation free,5,80,249,106,0.56
bien-etre-cible,Mantra,affirmation challenge,5,40,249,33,0.72
bien-etre-cible,Mantra,suvvess,5,42,248,11,0.98
bien-etre-cible,Mantra,(daily,5,40,248,84,0.59
bien-etre-cible,Mantra,(daily care),5,40,248,129,0.54
bien-etre-cible,Mantra,Affirmations for self-esteem,5,67,215,1,5.00
bien-etre-cible,Mantra,Affirmation for tapping,5,40,242,29,0.74
bien-etre-cible,Mantra,Affirmations for tapping,5,42,243,47,0.66
bien-etre-cible,Mantra,Affirmations mindfulness,5,40,243,64,0.62
bien-etre-cible,Mantra,personalized affirmations,5,45,245,128,0.54
bien-etre-cible,Mantra,create affirmations,5,77,249,18,0.84
bien-etre-cible,Mantra,make affirmations,5,43,241,13,0.93
bien-etre-cible,Mantra,self-help affirmations,5,40,240,14,0.91
bien-etre-cible,Mantra,psychological affirmations,5,42,246,64,0.62
bien-etre-cible,Mantra,affirmations for trauma,5,42,243,62,0.62
bien-etre-cible,Mantra,healing affirmations,5,40,243,4,1.49
bien-etre-cible,Mantra,Affirmatii,5,79,250,3,1.74
bien-etre-cible,Mantra,mindset positive,5,40,244,137,0.53
bien-etre-cible,Mantra,mental health affirmations,5,78,248,2,2.29
bien-etre-cible,Mantra,affirmations positive quotes,5,44,241,10,1.02
bien-etre-cible,Mantra,self-worth,5,71,247,8,1.10
bien-etre-cible,Mantra,Hypnotherapy affirmation,5,42,246,151,0.52
bien-etre-cible,Mantra,cbt affirmation,5,40,248,94,0.57
bien-etre-cible,Mantra,Affirmations teenagers,5,42,244,49,0.66
bien-etre-cible,Mantra,gratitude quote,5,53,248,213,0.49
bien-etre-cible,Mantra,Affirmations depression,5,40,246,35,0.71
bien-etre-cible,Mantra,Affirmations pain,5,38,245,40,0.69
bien-etre-cible,Mantra,quote mood,5,36,249,60,0.63
bien-etre-cible,Mantra,unique affirmations,5,42,214,7,1.16
bien-etre-cible,Mantra,funny affirmations,5,78,249,86,0.58
bien-etre-cible,Mantra,famous qutes,5,61,171,24,0.78
bien-etre-cible,Mantra,psychology affirmation,5,40,249,37,0.70
bien-etre-cible,Mantra,new affirmation app,5,73,216,10,1.02
bien-etre-cible,Mantra,Affirmation app for self-love,5,76,244,7,1.16
bien-etre-cible,Mantra,watch-i,5,61,244,135,0.54
bien-etre-cible,Mantra,selfgrowth,5,43,248,13,0.93
bien-etre-cible,Mantra,frases motivadora,5,40,246,35,0.71
bien-etre-cible,Mantra,daily afirmation,5,80,247,2,2.29
bien-etre-cible,Mantra,daily affirmation app,5,83,247,2,2.29
bien-etre-cible,Mantra,daıly affırmatıons,5,42,246,4,1.49
bien-etre-cible,Mantra,daıly affirmations,5,42,247,3,1.74
bien-etre-cible,Mantra,affirm daily,5,50,243,17,0.86
bien-etre-cible,Mantra,affirmation positive quotes,5,40,242,8,1.10
bien-etre-cible,Mantra,affirmations positive quote,5,44,241,11,0.98
bien-etre-cible,Mantra,innertune affirmations,5,76,249,3,1.74
bien-etre-cible,Mantra,Affirmations Positive Quotes - iam,5,76,242,6,1.24
bien-etre-cible,Mantra,Affirmations Positive Quotes : iam,5,76,242,13,0.93
bien-etre-cible,Mantra,Affirmations Positive Quotes - affirm,5,41,239,4,1.49
bien-etre-cible,Mantra,Affirmations Positive Quotes - soul,5,40,243,4,1.49
bien-etre-cible,Mantra,Affirmations Positive Quotes - i am,5,76,240,3,1.74
bien-etre-cible,Mantra,widget affirmations,5,80,250,7,1.16
bien-etre-cible,Mantra,i am positive quotes,5,40,241,41,0.68
bien-etre-cible,Mantra,affirmations daily manifest,5,40,241,8,1.10
bien-etre-cible,Mantra,daily selflove,5,42,247,29,0.74
bien-etre-cible,Mantra,selfLove daily,5,42,246,27,0.76
bien-etre-cible,Mantra,quotes positive affirmations,5,42,241,4,1.49
bien-etre-cible,Mantra,lovely quotes,5,81,179,65,0.62
bien-etre-cible,Mantra,daily uplifting quotes,5,48,201,14,0.91
bien-etre-cible,Mantra,affirmations quotes,5,47,244,20,0.82
bien-etre-cible,Mantra,motivational positive quotes,5,75,201,36,0.70
bien-etre-cible,Mantra,#i am,5,77,236,40,0.69
bien-etre-cible,Mantra,affirmations love quotes,5,40,244,3,1.74
bien-etre-cible,Mantra,affirmations daily quotes,5,45,245,7,1.16
bien-etre-cible,Mantra,Daily Affirmations & Quotes,5,45,239,7,1.16
bien-etre-cible,Mantra,Daily Affirmations for Self-Confidence,5,60,221,2,2.29
bien-etre-cible,Mantra,mind set,5,81,248,13,0.93
bien-etre-cible,Mantra,daily-quotes,5,81,249,5,1.34
bien-etre-cible,Mantra,pozitive affirmation,5,79,250,4,1.49
bien-etre-cible,Mantra,subliminal affirmation,5,43,247,93,0.57
bien-etre-cible,Mantra,mantra affirmationa,5,40,246,3,1.74
bien-etre-cible,Mantra,mantra affirmations,5,43,248,1,5.00
bien-etre-cible,Mantra,meditation and mantra slowdive,5,48,248,135,0.54
bien-etre-cible,Mantra,buddha & buddhism quotes 500!,5,40,245,4,1.49
bien-etre-cible,Mantra,happiness daily,5,40,241,34,0.71
bien-etre-cible,Mantra,positive quotes app,5,80,249,6,1.24
bien-etre-cible,Mantra,quotes and affirmations,5,45,243,20,0.82
bien-etre-cible,Mantra,positive change tools,5,40,250,222,0.49
bien-etre-cible,Mantra,self-motivation,5,45,241,6,1.24
bien-etre-cible,Mantra,stay positive,5,67,217,18,0.84
bien-etre-cible,Mantra,affırmations,5,49,246,7,1.16
bien-etre-cible,Mantra,affirmations & positive quotes,5,48,243,8,1.10
bien-etre-cible,Mantra,Insight Timer–Meditate  Sleep,5,94,242,205,0.50
bien-etre-cible,Mantra,affirmations board,5,40,245,32,0.73
bien-etre-cible,Mantra,affirmation note,5,40,247,36,0.70
bien-etre-cible,Mantra,reminder affirmation,5,40,239,84,0.59
bien-etre-cible,Mantra,reminder affirmation widget,5,42,244,63,0.62
bien-etre-cible,Mantra,moring affirmations,5,78,250,6,1.24
bien-etre-cible,Mantra,"daily diary",5,42,241,90,0.58
bien-etre-cible,Mantra,affirmations for morning,5,42,242,16,0.87
bien-etre-cible,Mantra,thankfull,5,45,183,10,1.02
bien-etre-cible,Mantra,i am healing,5,76,248,21,0.81
bien-etre-cible,Mantra,abundancw,5,42,247,2,2.29
bien-etre-cible,Mantra,affırmation,5,43,247,5,1.34
bien-etre-cible,Mantra,feminist,5,80,43,11,0.98
bien-etre-cible,Mantra,daily manifestation rituals,5,40,249,75,0.60
bien-etre-cible,Mantra,how to use affirmations,5,40,246,36,0.70
bien-etre-cible,Mantra,manifestation for introverts,5,40,247,90,0.58
bien-etre-cible,Mantra,neville goddard,5,41,29,13,0.93
bien-etre-cible,Mantra,happy widget,5,88,229,139,0.53
bien-etre-cible,Mantra,workout reminders,5,70,229,208,0.50
bien-etre-cible,Mantra,Fitspiration,5,42,238,153,0.52
bien-etre-cible,Mantra,affirmations mindful,5,43,239,42,0.68
bien-etre-cible,Mantra,womens wellness,5,,230,89,0.58
bien-etre-cible,Mantra,affirmations ai,5,49,246,95,0.57
bien-etre-cible,Mantra,widget affirmation,5,80,249,7,1.16
bien-etre-cible,Mantra,motivational affirmations,5,42,243,5,1.34
bien-etre-cible,Mantra,Affirmation Habit,5,40,250,29,0.74
bien-etre-cible,Mantra,everyday affirmation,5,40,248,20,0.82
bien-etre-cible,Mantra,mindfulness affirmation,5,40,244,98,0.57
bien-etre-cible,Mantra,Women Daily Affirmations,5,77,249,7,1.16
bien-etre-cible,Mantra,daily manifest,5,54,248,61,0.63
bien-etre-cible,Mantra,Cute love quotes,5,52,181,130,0.54
bien-etre-cible,Mantra,Motivation affirmation,5,45,247,9,1.06
bien-etre-cible,Mantra,Mindset Affirmations,5,40,247,70,0.61
bien-etre-cible,Mantra,frases para status,5,49,248,184,0.51
bien-etre-cible,Mantra,empowering affirmations,5,40,246,42,0.68
bien-etre-cible,Mantra,guided affirmation,5,44,248,33,0.72
bien-etre-cible,Mantra,abundance affirmations,5,40,243,23,0.79
bien-etre-cible,Mantra,SELF HELP Affirmations,5,44,239,4,1.49
bien-etre-cible,Mantra,affirmationswidget,5,79,250,4,1.49
bien-etre-cible,Mantra,manifest widget,5,80,250,165,0.52
bien-etre-cible,Mantra,mainfest,5,70,221,10,1.02
bien-etre-cible,Mantra,gratitude daily,5,77,248,9,1.06
bien-etre-cible,Mantra,quotes motivationals,5,43,178,137,0.53
bien-etre-cible,Mantra,affimirmations,5,40,244,2,2.29
bien-etre-cible,Mantra,dailh,5,92,247,23,0.79
bien-etre-cible,Mantra,i am .  daily affirmations,5,77,241,4,1.49
bien-etre-cible,Mantra,daily positive affirmations !,5,76,241,3,1.74
bien-etre-cible,Mantra,affirmations positive quotes widget,5,39,204,19,0.83
bien-etre-cible,Mantra,gratitude qoutes,5,60,230,3,1.74
bien-etre-cible,Mantra,daily i am,5,40,247,13,0.93
bien-etre-cible,Mantra,am daily,5,53,245,15,0.89
bien-etre-cible,Mantra,dailly affirmations,5,79,250,4,1.49
bien-etre-cible,Mantra,affirmly,5,87,221,4,1.49
bien-etre-cible,Mantra,motivaion,5,64,250,13,0.93
bien-etre-cible,Mantra,aura - daily affirmations,5,48,242,25,0.77
bien-etre-cible,Mantra,affirmation ai,5,44,246,115,0.55
bien-etre-cible,Mantra,affiramtions,5,79,250,3,1.74
bien-etre-cible,Mantra,affirmation-daily,5,47,243,2,2.29
bien-etre-cible,Mantra,menifest,5,58,250,13,0.93
bien-etre-cible,Mantra,women diary,5,49,241,197,0.50
bien-etre-cible,Mantra,confidnece,5,55,250,7,1.16
bien-etre-cible,Mantra,momtra,5,56,196,1,5.00
bien-etre-cible,Mantra,love health,5,63,247,214,0.49
bien-etre-cible,Mantra,moodivation,5,54,233,196,0.50
bien-etre-cible,Mantra,affrimations,5,79,250,3,1.74
bien-etre-cible,Mantra,gratitude self lvoe,5,40,242,76,0.60
bien-etre-cible,Mantra,gratitude self love,5,40,239,127,0.54
bien-etre-cible,Mantra,gratitude & positive focus,5,40,243,114,0.55
bien-etre-cible,Mantra,positive focus & gratitude,5,40,243,106,0.56
bien-etre-cible,Mantra,motivaiton,5,61,250,13,0.93
bien-etre-cible,Mantra,greatfall,5,47,248,142,0.53
bien-etre-cible,Mantra,uplift daily affirmations,5,42,241,3,1.74
bien-etre-cible,Mantra,daily inspiration app,5,54,230,7,1.16
bien-etre-cible,Mantra,screenoff,5,73,231,135,0.54
bien-etre-cible,Mantra,love phrases,5,43,185,87,0.58
bien-etre-cible,Mantra,women's wellness app,5,44,230,69,0.61
bien-etre-cible,Mantra,daily insperation,5,59,248,186,0.51
bien-etre-cible,Mantra,affirmations & daily reminders,5,82,240,12,0.96
bien-etre-cible,Mantra,positive: daily affirmations,5,80,237,10,1.02
bien-etre-cible,Mantra,my daily affirmations,5,77,240,10,1.02
bien-etre-cible,Mantra,vision bot,5,100,248,12,0.96
bien-etre-cible,Mantra,manifest affırmations,5,40,249,54,0.64
bien-etre-cible,Mantra,positive vision,5,47,236,132,0.54
bien-etre-cible,Mantra,daily motivation • affirmations,5,62,241,5,1.34
bien-etre-cible,Mantra,daily motivational quotes 2025,5,57,195,36,0.70
bien-etre-cible,Mantra,daily qoutes,5,81,248,5,1.34
bien-etre-cible,Mantra,daily affirmations and quotes,5,48,245,7,1.16
bien-etre-cible,Mantra,devotional affirmations,5,42,248,50,0.65
bien-etre-cible,Mantra,dialy affirmations,5,79,250,3,1.74
bien-etre-cible,Mantra,self care daily,5,48,242,52,0.65
bien-etre-cible,Mantra,daily lov,5,50,241,73,0.60
bien-etre-cible,Mantra,inntertune affirmations,5,43,244,12,0.96
bien-etre-cible,Mantra,daily affirm,5,47,250,26,0.76
bien-etre-cible,Mantra,daily affırmations,5,44,249,3,1.74
bien-etre-cible,Mantra,daaily motivation,5,44,243,170,0.51
bien-etre-cible,Mantra,inspiration daily,5,44,192,170,0.51
bien-etre-cible,Mantra,affirmations self care self improvement,5,40,241,4,1.49
bien-etre-cible,Mantra,motivation.app,5,,228,23,0.79
bien-etre-cible,Mantra,wealth affirmations,5,76,214,7,1.16
bien-etre-cible,Mantra,insperation,5,93,239,11,0.98
bien-etre-cible,Mantra,moneyfesting,5,71,247,13,0.93
bien-etre-cible,Mantra,daily diary:,5,47,242,87,0.58
bien-etre-cible,Mantra,music motivation,5,28,246,9,1.06
bien-etre-cible,Mantra,self-affirmation tracker,5,40,247,50,0.65
bien-etre-cible,Mantra,motivation daily affirmations,5,,241,4,1.49
bien-etre-cible,Mantra,affirmations and meditations,5,43,243,20,0.82
bien-etre-cible,Mantra,affirmations & mindfulness,5,42,243,29,0.74
bien-etre-cible,Mantra,manifest & affirm,5,45,226,4,1.49
bien-etre-cible,Mantra,gratitude & positivity,5,40,245,176,0.51
bien-etre-cible,Mantra,letter to self affirmation,5,42,245,4,1.49
bien-etre-cible,Mantra,wellness women,5,,250,150,0.52
bien-etre-cible,Mantra,gratitude widget,5,70,250,15,0.89
bien-etre-cible,Mantra,daily affirmationa,5,79,250,3,1.74
bien-etre-cible,Mantra,daily affimations,5,79,250,4,1.49
bien-etre-cible,Mantra,affirmation coach,5,40,249,51,0.65
bien-etre-cible,Mantra,positive influence,5,,11,1,5.00
bien-etre-cible,Mantra,affirmations for parents,5,40,243,67,0.61
bien-etre-cible,Mantra,dietdiary,5,79,243,190,0.50
bien-etre-cible,Mantra,i am ai,5,53,242,187,0.51
bien-etre-cible,Mantra,free diario,5,59,247,83,0.59
bien-etre-cible,Mantra,app daily,5,88,240,58,0.63
bien-etre-cible,Mantra,innertune training,5,40,250,202,0.50
bien-etre-cible,Mantra,everyday manifest,5,40,247,186,0.51
bien-etre-cible,Mantra,today affirmation,5,40,248,15,0.89
bien-etre-cible,Mantra,habit affirmation,5,40,249,95,0.57
bien-etre-cible,Mantra,wellness affirmation,5,40,249,2,2.29
bien-etre-cible,Mantra,wellness manifest,5,48,247,38,0.70
bien-etre-cible,Mantra,reflect affirmation,5,40,246,38,0.70
bien-etre-cible,Mantra,living affirmation,5,40,249,25,0.77
bien-etre-cible,Mantra,affirmation training,5,40,249,11,0.98
bien-etre-cible,Mantra,innertune living,5,43,248,22,0.80
bien-etre-cible,Mantra,innertune affirmation,5,42,250,23,0.79
bien-etre-cible,Mantra,i am mantra,5,87,248,1,5.00
bien-etre-cible,Mantra,i am mantras,5,87,248,1,5.00
bien-etre-cible,Mantra,gymotivation,5,60,237,15,0.89
bien-etre-cible,Mantra,walking with jesus,5,76,247,44,0.67
bien-etre-cible,Mantra,positive: affirmations,5,40,234,22,0.80
bien-etre-cible,Mantra,sucsses,5,,248,11,0.98
bien-etre-cible,Mantra,succsess,5,,248,11,0.98
bien-etre-cible,Mantra,ultamize daily affirmations,5,42,239,3,1.74
bien-etre-cible,Mantra,affimration,5,79,249,3,1.74
bien-etre-cible,Mantra,condifence,5,56,250,7,1.16
bien-etre-cible,Mantra,wellness living achive,5,,236,47,0.66
bien-etre-cible,Mantra,zodiac affirmations,5,,246,94,0.57
bien-etre-cible,Mantra,visual affirmations,5,40,247,56,0.64
bien-etre-cible,Mantra,law of attaction,5,,163,23,0.79
bien-etre-cible,Mantra,positive energy daily,5,,246,9,1.06
bien-etre-cible,Mantra,trauma affirmations,5,,248,133,0.54
bien-etre-cible,Mantra,manifest positive,5,40,246,22,0.80
bien-etre-cible,Mantra,affırmatıons,5,42,242,5,1.34
bien-etre-cible,Mantra,law of attraction: affirmations,5,40,243,100,0.57
bien-etre-cible,Mantra,i am manifest,5,40,248,50,0.65
bien-etre-cible,Mantra,i am uplifting affirmations,5,40,241,10,1.02
bien-etre-cible,Mantra,self love & daily affirmations,5,77,241,1,5.00
bien-etre-cible,Mantra,affirmations for manifestation,5,40,248,35,0.71
bien-etre-cible,Mantra,self-improvement affirmations,5,40,240,33,0.72
bien-etre-cible,Mantra,uplift: i am affirmations,5,40,240,13,0.93
bien-etre-cible,Mantra,curated affirmations,5,40,246,45,0.67
bien-etre-cible,Mantra,i am attract & manifest,5,40,246,55,0.64
bien-etre-cible,Mantra,affirmations for mindfulness,5,42,242,31,0.73
bien-etre-cible,Mantra,powerfull affirmations,5,40,241,14,0.91
bien-etre-cible,Mantra,powerful affirmations,5,43,238,15,0.89
bien-etre-cible,Mantra,affirmations for self growth,5,40,243,5,1.34
bien-etre-cible,Mantra,affirmations for stress,5,40,243,22,0.80
bien-etre-cible,Mantra,affirmations to attract happyness,5,40,244,14,0.91
bien-etre-cible,Mantra,affirmations to attract happiness,5,40,244,8,1.10
bien-etre-cible,Mantra,affirmations for positivity,5,42,239,17,0.86
bien-etre-cible,Mantra,top affirmations,5,,208,1,5.00
bien-etre-cible,Mantra,top daily affirmations,5,42,244,9,1.06
bien-etre-cible,Mantra,pep talk affirmations,5,,212,1,5.00
bien-etre-cible,Mantra,i am affirmations and mantra,5,78,242,1,5.00
bien-etre-cible,Mantra,affirmations peptalk,5,,211,3,1.74
bien-etre-cible,Mantra,adhd affirmation,5,,226,2,2.29
bien-etre-cible,Mantra,sucess,5,37,249,11,0.98
bien-etre-cible,Mantra,feedwalk,5,,225,6,1.24
bien-etre-cible,Mantra,affirmer,5,,212,2,2.29
bien-etre-cible,Mantra,positive affırmations,5,44,245,9,1.06
bien-etre-cible,Mantra,parent affirmations,5,,211,1,5.00
bien-etre-cible,Mantra,girl affirmations,5,44,245,52,0.65
bien-etre-cible,Mantra,spiritual quotes daily,5,,241,96,0.57
bien-etre-cible,Mantra,manifestme,5,,227,11,0.98
bien-etre-cible,Mantra,find its worth,5,44,247,223,0.49
bien-etre-cible,Mantra,aformations,5,79,250,3,1.74
bien-etre-cible,Mantra,afformations,5,79,250,3,1.74
bien-etre-cible,Mantra,affirmations girls,5,,205,3,1.74
bien-etre-cible,Mantra,girl affirmation,5,44,248,117,0.55
bien-etre-cible,Mantra,pink affirmations,5,84,248,131,0.54
bien-etre-cible,Mantra,ayurvedic nuskhe,5,,216,3,1.74
bien-etre-cible,Mantra,self esteem gleam,5,40,240,27,0.76
bien-etre-cible,Mantra,positive affirmantions,5,79,249,3,1.74
bien-etre-cible,Mantra,affirmation dialy,5,42,244,4,1.49
bien-etre-cible,Mantra,daily%20aff%C4%B1rmations,5,40,250,125,0.54
bien-etre-cible,Mantra,daily%20quotes%20free,5,53,236,8,1.10
bien-etre-cible,Mantra,%E6%8F%90%E9%86%92,5,73,249,201,0.50
bien-etre-cible,Mantra,i%20am%20security,5,88,240,24,0.78
bien-etre-cible,Mantra,affirmations%20for%20women%20free,5,40,242,9,1.06
bien-etre-cible,Mantra,daily%20affirmations%20for%20women,5,42,245,5,1.34
bien-etre-cible,Mantra,manifest%20affirmations,5,69,229,4,1.49
bien-etre-cible,Mantra,free%20self%20care%20apps,5,98,248,178,0.51
bien-etre-cible,Mantra,reminder%20%D0%B0%D1%80%D1%80%20free,5,67,249,107,0.56
bien-etre-cible,Mantra,affirmations for self love,5,40,238,13,0.93
bien-etre-cible,Mantra,daily%20affirmations,5,42,243,27,0.76
bien-etre-cible,Mantra,daily%20quotes,5,57,200,11,0.98
bien-etre-cible,Mantra,positive%20affirmations%20daily%20free,5,51,231,4,1.49
bien-etre-cible,Mantra,astra%20tarot,5,75,228,29,0.74
bien-etre-cible,Mantra,free%20daily%20affirmation,5,53,243,1,5.00
bien-etre-cible,Mantra,astral%20projection,5,53,223,25,0.77
bien-etre-cible,Mantra,self%20care%20apps,5,100,245,219,0.49
bien-etre-cible,Mantra,positive%3A%20daily%20affirmations,5,46,241,8,1.10
bien-etre-cible,Mantra,i%20am%20app,5,84,249,107,0.56
bien-etre-cible,Mantra,motivation%20widget,5,75,245,235,0.49
bien-etre-cible,Mantra,daily%20affirmation%20motivation%20free,5,42,247,11,0.98
bien-etre-cible,Mantra,affirmations%20free,5,40,247,2,2.29
bien-etre-cible,Mantra,innertune%20affirmations,5,43,247,51,0.65
bien-etre-cible,Mantra,daily qyotes,5,48,218,13,0.93
bien-etre-cible,Mantra,spiritual affirmation,5,77,248,4,1.49
bien-etre-cible,Mantra,daily affırmatıons,5,43,247,3,1.74
bien-etre-cible,Mantra,daily%20quotes%20widget,5,,202,19,0.83
bien-etre-cible,Mantra,inspirational%20quotes,5,,211,6,1.24
bien-etre-cible,Mantra,self%20care%20app,5,100,245,243,0.48
bien-etre-cible,Mantra,positive%20affirmations,5,42,239,5,1.34
bien-etre-cible,Mantra,positive%3A%20affirmations,5,42,237,11,0.98
bien-etre-cible,Mantra,daily%20affirmations%20free,5,42,246,19,0.83
bien-etre-cible,Mantra,motivational%20quotes,5,,187,26,0.76
bien-etre-cible,Mantra,tony%20robbins,5,,226,20,0.82
bien-etre-cible,Mantra,i%20am%20affirmations,5,40,242,8,1.10
bien-etre-cible,Mantra,i%20am%20daily%20affirmations,5,40,244,3,1.74
bien-etre-cible,Mantra,affirmation%20widget,5,42,247,25,0.77
bien-etre-cible,Mantra,motiveme - daily motivator,5,46,248,99,0.57
bien-etre-cible,Mantra,change mindset,5,,230,92,0.58
bien-etre-cible,Mantra,woman health diary,5,50,245,185,0.51
bien-etre-cible,Mantra,paffirmations,5,79,250,3,1.74
bien-etre-cible,Mantra,morning journal:,5,42,246,30,0.74
bien-etre-cible,Mantra,women self care,5,,222,67,0.61
bien-etre-cible,Mantra,365 daily affirmations,5,42,245,9,1.06
bien-etre-cible,Mantra,motivational quotes pro,5,,175,56,0.64
bien-etre-cible,Mantra,affirmation music,5,43,245,42,0.68
bien-etre-cible,Mantra,daily mantra iam affirmations,5,78,245,1,5.00
bien-etre-cible,Mantra,journal and affirmations,5,42,246,59,0.63
bien-etre-cible,Mantra,daily manifestations,5,40,249,38,0.70
bien-etre-cible,Mantra,stress expending,5,,207,41,0.68
bien-etre-cible,Mantra,daily mood diary,5,34,244,55,0.64
bien-etre-cible,Mantra,affirmation notifications,5,40,249,51,0.65
bien-etre-cible,Mantra,badass affirmation cards,5,40,244,37,0.70
bien-etre-cible,Mantra,badass affirmations,5,,213,2,2.29
bien-etre-cible,Mantra,bold affirmations,5,40,249,48,0.66
bien-etre-cible,Mantra,raw affirmations,5,40,249,196,0.50
bien-etre-cible,Mantra,grit affirmations,5,40,248,75,0.60
bien-etre-cible,Mantra,affirmations routine,5,40,245,6,1.24
bien-etre-cible,Mantra,raw affirmations & discipline,5,40,241,33,0.72
bien-etre-cible,Mantra,affirmations boost,5,40,242,56,0.64
bien-etre-cible,Mantra,affirmation boost,5,40,246,60,0.63
bien-etre-cible,Mantra,breathing affirmations anxiety calm slee,5,,244,15,0.89
bien-etre-cible,Mantra,affirmations,5,47,238,24,0.78
bien-etre-cible,Mantra,unhinged affirmations,5,40,248,55,0.64
bien-etre-cible,Mantra,moviation,5,66,250,13,0.93
bien-etre-cible,Mantra,affirmations generator,5,,236,3,1.74
bien-etre-cible,Mantra,motivation  podcast,5,52,250,123,0.54
bien-etre-cible,Mantra,motivation podcast,5,52,250,123,0.54
bien-etre-cible,Mantra,daily  motivation,5,73,249,5,1.34
bien-etre-cible,Mantra,intenion,5,40,249,4,1.49
bien-etre-cible,Mantra,daily parentsaffirmations,5,44,248,29,0.74
bien-etre-cible,Mantra,daily parents affirmations,5,42,244,52,0.65
bien-etre-cible,Mantra,daily parent affirmations,5,44,250,228,0.49
bien-etre-cible,Mantra,movitiation,5,66,250,13,0.93
bien-etre-cible,Mantra,motivation affirmations,5,64,244,4,1.49
bien-etre-cible,Mantra,affimations,5,79,250,3,1.74
bien-etre-cible,Mantra,daily affirmations ai,5,45,244,59,0.63
bien-etre-cible,Mantra,motivationals widget,5,,215,10,1.02
bien-etre-cible,Mantra,daily notepad,5,,235,221,0.49
bien-etre-cible,Mantra,ai daily affirmations,5,49,245,37,0.70
bien-etre-cible,Mantra,quotes for him,5,,220,109,0.56
bien-etre-cible,Mantra,daily uplift,5,,218,8,1.10
bien-etre-cible,Mantra,daily  motivation quotes,5,,204,21,0.81
bien-etre-cible,Mantra,selfmotivation,5,74,249,4,1.49
bien-etre-cible,Mantra,morning manifestation,5,,230,3,1.74
bien-etre-cible,Mantra,qote,5,,213,12,0.96
bien-etre-cible,Mantra,frases diarias - motivación,5,,249,11,0.98
bien-etre-cible,Mantra,positive affirmations with ai,5,42,241,23,0.79
bien-etre-cible,Mantra,positive affirmations ai,5,45,244,32,0.73
bien-etre-cible,Mantra,self confident,5,70,248,2,2.29
bien-etre-cible,Mantra,motivation clean,5,40,245,238,0.48
bien-etre-cible,Mantra,women's wellness,5,69,219,129,0.54
bien-etre-cible,Mantra,daily affirmations positive,5,78,237,6,1.24
bien-etre-cible,Mantra,welnness,5,,244,9,1.06
bien-etre-cible,Mantra,daily affirmation journal,5,79,247,33,0.72
bien-etre-cible,Mantra,women affirmations,5,79,250,5,1.34
bien-etre-cible,Mantra,voice affirmations,5,54,246,65,0.62
bien-etre-cible,Mantra,affirmations & journal,5,49,247,68,0.61
bien-etre-cible,Mantra,positivibe,5,47,228,203,0.50
bien-etre-cible,Mantra,guided affirmations for sleep,5,69,211,13,0.93
bien-etre-cible,Mantra,affırmatıon,5,42,245,5,1.34
bien-etre-cible,Mantra,unique daily affirmations,5,78,248,4,1.49
bien-etre-cible,Mantra,motivation  dailyquotes,5,80,239,173,0.51
bien-etre-cible,Mantra,motivation  daily quotes,5,79,249,10,1.02
bien-etre-cible,Mantra,inspirational quotes and positive affirm,5,43,242,1,5.00
bien-etre-cible,Mantra,affirmations for anxiety,5,42,244,63,0.62
bien-etre-cible,Mantra,affirmations journal,5,46,247,91,0.58
bien-etre-cible,Mantra,daily positivity app,5,80,249,4,1.49
bien-etre-cible,Mantra,mood based affirmations,5,42,247,48,0.66
bien-etre-cible,Mantra,daily quotew,5,81,247,5,1.34
bien-etre-cible,Mantra,women’s wellness app,5,,224,65,0.62
bien-etre-cible,Mantra,insipiration,5,69,232,8,1.10
bien-etre-cible,Mantra,affirmifi,5,40,249,74,0.60
bien-etre-cible,Mantra,astrology affirmation,5,,229,13,0.93
bien-etre-cible,Mantra,astrology affirmations,5,,225,6,1.24
bien-etre-cible,Mantra,astro affirmations,5,50,249,104,0.56
bien-etre-cible,Mantra,dayily,5,92,245,20,0.82
bien-etre-cible,Mantra,daily:,5,50,245,96,0.57
bien-etre-cible,Mantra,motiviational quotes,5,,230,17,0.86
bien-etre-cible,Mantra,daily success,5,40,247,133,0.54
bien-etre-cible,Mantra,loving kindless,5,34,36,21,0.81
bien-etre-cible,Mantra,walking manifestation,5,,245,12,0.96
bien-etre-cible,Mantra,manifestaion,5,73,250,238,0.48
bien-etre-cible,Mantra,affirmation apps similar to manifest,5,72,249,7,1.16
bien-etre-cible,Mantra,self helf,5,76,250,25,0.77
bien-etre-cible,Mantra,formatto,5,,214,191,0.50
bien-etre-cible,Mantra,5 secs everyday,5,,231,14,0.91
bien-etre-cible,Mantra,daily sants,5,56,247,70,0.61
bien-etre-cible,Mantra,dhiarrhea,5,,216,130,0.54
bien-etre-cible,Mantra,soy free,5,98,247,135,0.54
bien-etre-cible,Mantra,money affirmation,5,51,244,46,0.67
bien-etre-cible,Mantra,success affirmation,5,40,247,23,0.79
bien-etre-cible,Mantra,positive quote widget,5,,242,143,0.53
bien-etre-cible,Mantra,daily mental helath,5,,226,84,0.59
bien-etre-cible,Mantra,glow - daily affirmations,5,81,250,3,1.74
bien-etre-cible,Mantra,quoits,5,,233,49,0.66
bien-etre-cible,Mantra,selv love,5,,245,95,0.57
bien-etre-cible,Mantra,selfworth,5,75,246,11,0.98
bien-etre-cible,Mantra,glow daily affirmations,5,78,249,5,1.34
bien-etre-cible,Mantra,career confidence affirmations,5,54,246,97,0.57
bien-etre-cible,Mantra,affirmations of the day,5,78,250,2,2.29
bien-etre-cible,Mantra,motivational diary,5,42,247,231,0.49
bien-etre-cible,Mantra,selftalk,5,,231,13,0.93
bien-etre-cible,Mantra,i am alive,5,49,250,191,0.50
bien-etre-cible,Mantra,motivation for womens,5,,228,48,0.66
bien-etre-cible,Mantra,sanatan wallpaper status aarti,5,,226,6,1.24
bien-etre-cible,Mantra,stoic affirmations,5,40,249,130,0.54
bien-etre-cible,Mantra,positive affirmations daily app,5,78,243,6,1.24
bien-etre-cible,Mantra,healing frequencies affirmate,5,,248,118,0.55
bien-etre-cible,Mantra,healing frequencies affirmates,5,,247,98,0.57
bien-etre-cible,Mantra,pregnancy affirmation,5,,216,1,5.00
bien-etre-cible,Mantra,daily wheel of affirmations,5,48,244,10,1.02
bien-etre-cible,Mantra,am i hacked,5,,210,60,0.63
bien-etre-cible,Mantra,bold daily actions,5,40,248,4,1.49
bien-etre-cible,Mantra,daily confidence,5,43,246,69,0.61
bien-etre-cible,Mantra,glow daily affirmation,5,78,246,11,0.98
bien-etre-cible,Mantra,dailly,5,75,248,18,0.84
bien-etre-cible,Mantra,affirmations  mindset  motivation  self-,5,42,245,9,1.06
bien-etre-cible,Mantra,daily vision,5,63,248,64,0.62
bien-etre-cible,Mantra,dailt,5,92,246,20,0.82
bien-etre-cible,Mantra,stoic affirmation,5,48,249,150,0.52
bien-etre-cible,Mantra,daily gita quotes & affirmations,5,,221,15,0.89
bien-etre-cible,Mantra,gita quotes & affirmations,5,,226,8,1.10
bien-etre-cible,Mantra,higher: daily gita affirmations,5,40,247,68,0.61
bien-etre-cible,Mantra,wealth affirmation,5,,196,2,2.29
bien-etre-cible,Mantra,daily affirmations - glow,5,45,242,24,0.78
bien-etre-cible,Mantra,affimation,5,79,250,3,1.74
bien-etre-cible,Mantra,affirmations screen lock,5,44,243,99,0.57
bien-etre-cible,Mantra,don’t let me forget,5,,226,4,1.49
bien-etre-cible,Mantra,emotion tracking affirmations,5,46,247,111,0.55
bien-etre-cible,Mantra,daily stoic - tempus,5,52,232,26,0.76
bien-etre-cible,Mantra,daily motivation  affirmations,5,77,242,4,1.49
bien-etre-cible,Mantra,wellness for healing,5,58,230,7,1.16
bien-etre-cible,Mantra,affirmations daily quotes positive min,5,77,241,5,1.34
bien-etre-cible,Mantra,affirmations q,5,42,244,16,0.87
bien-etre-cible,Mantra,success daily routine,5,,247,228,0.49
bien-etre-cible,Mantra,yoga affirmations,5,,250,8,1.10
bien-etre-cible,Mantra,daily  widget,5,,217,26,0.76
bien-etre-cible,Mantra,not alone affirmations,5,40,243,40,0.69
bien-etre-cible,Mantra,women reminder,5,,245,30,0.74
bien-etre-cible,Mantra,ai affirmation generator,5,,236,62,0.62
bien-etre-cible,Mantra,affirmations music,5,,214,7,1.16
bien-etre-cible,Mantra,tasbeeh unlock,5,,226,6,1.24
bien-etre-cible,Mantra,crystal affirmations,5,,236,5,1.34
bien-etre-cible,Mantra,affira,5,83,250,52,0.65
bien-etre-cible,Mantra,level up your life app for women,5,48,248,120,0.55
bien-etre-cible,Mantra,level up my life woman,5,40,247,82,0.59
bien-etre-cible,Mantra,rebuild my life woman,5,40,249,179,0.51
bien-etre-cible,Mantra,i feel stuck and confused,5,40,248,9,1.06
bien-etre-cible,Mantra,i feel stuck in a rut,5,40,249,7,1.16
bien-etre-cible,Mantra,i need consistency,5,40,248,210,0.50
bien-etre-cible,Mantra,no bs self improvement women,5,40,245,83,0.59
bien-etre-cible,Mantra,fitnessmotivation,5,,224,5,1.34
bien-etre-cible,Mantra,wellbness,5,,241,10,1.02
bien-etre-cible,Mantra,mindfulness affirmations,5,40,242,76,0.60
bien-etre-cible,Mantra,wellance,5,60,248,13,0.93
bien-etre-cible,Mantra,manifest now,5,,235,28,0.75
bien-etre-cible,Mantra,interions,5,,206,2,2.29
bien-etre-cible,Mantra,easier say,5,,209,3,1.74
bien-etre-cible,Mantra,deeptash\,5,,221,3,1.74
bien-etre-cible,Mantra,motivation for men,5,,240,78,0.59
bien-etre-cible,Mantra,men affirmations,5,,235,7,1.16
bien-etre-cible,Mantra,affirmations sleep,5,,223,19,0.83
bien-etre-cible,Mantra,happy fitness,5,64,232,25,0.77
bien-etre-cible,Mantra,affirmation wake up,5,,248,8,1.10
bien-etre-cible,Mantra,self affi,5,,207,3,1.74
bien-etre-cible,Mantra,confidene,5,55,250,7,1.16
bien-etre-cible,Mantra,daily gratitude & affirmations,5,75,247,4,1.49
bien-etre-cible,Mantra,affirmation gratitude journal,5,44,241,241,0.48
bien-etre-cible,Mantra,affirmation lock screen,5,69,248,12,0.96
bien-etre-cible,Mantra,affirmation power,5,47,244,27,0.76
bien-etre-cible,Mantra,affirmation: law of attraction,5,44,241,193,0.50
bien-etre-cible,Mantra,affirmation: positive you,5,,207,4,1.49
bien-etre-cible,Mantra,brainflow: affirmation videos,5,,238,5,1.34
bien-etre-cible,Mantra,daily affirmation devotionals,5,,221,14,0.91
bien-etre-cible,Mantra,daily affirmation flow,5,,246,10,1.02
bien-etre-cible,Mantra,definition delight,5,,223,7,1.16
bien-etre-cible,Mantra,e n wellness,5,,242,69,0.61
bien-etre-cible,Mantra,car reminder,5,,224,203,0.50
bien-etre-cible,Mantra,friend of dorothy – wellness,5,,224,6,1.24
bien-etre-cible,Mantra,gita reels: krishna wisdom,5,,235,30,0.74
bien-etre-cible,Mantra,grateful: a gratitude journal,5,57,248,13,0.93
bien-etre-cible,Mantra,heart sutra w/ watch app,5,,223,22,0.80
bien-etre-cible,Mantra,instant quotes boost followers,5,,183,38,0.70
bien-etre-cible,Mantra,instar affirmation creator,5,,221,4,1.49
bien-etre-cible,Mantra,listen affirmation: growth ai,5,,238,21,0.81
bien-etre-cible,Mantra,lockscreen widget quotes,5,,223,113,0.55
bien-etre-cible,Mantra,lumi daily affirmation quote,5,,218,4,1.49
bien-etre-cible,Mantra,luminora: daily calm quotes,5,,210,34,0.71
bien-etre-cible,Mantra,lock screen quote,5,,221,76,0.60
bien-etre-cible,Mantra,mindful daily affirmations,5,80,248,3,1.74
bien-etre-cible,Mantra,mood harmony,5,,214,142,0.53
bien-etre-cible,Mantra,nelymo – daily wellness quests,5,,229,2,2.29
bien-etre-cible,Mantra,delight others,5,,210,6,1.24
bien-etre-cible,Mantra,self_care,5,,215,163,0.52
bien-etre-cible,Mantra,top garden tips online reminder coach,5,40,248,164,0.52
bien-etre-cible,Mantra,grace before meals,5,44,250,236,0.49
bien-etre-cible,Mantra,affirmations timer,5,40,245,24,0.78
bien-etre-cible,Mantra,affirmations coach,5,,219,6,1.24
bien-etre-cible,Mantra,affirmations sounds,5,,220,4,1.49
bien-etre-cible,Mantra,mood reminder,5,,210,35,0.71
bien-etre-cible,Mantra,top daily workout free,5,,244,184,0.51
bien-etre-cible,Mantra,screen diary,5,,248,40,0.69
bien-etre-cible,Mantra,widget easy daily pay reminder best,5,,215,121,0.55
bien-etre-cible,Mantra,positivity app,5,79,250,17,0.86
bien-etre-cible,Mantra,affirmations calc,5,40,247,93,0.57
bien-etre-cible,Mantra,affirmations counter,5,79,250,152,0.52
bien-etre-cible,Mantra,affirmations log,5,40,246,38,0.70
bien-etre-cible,Mantra,affirmations meter,5,40,248,25,0.77
bien-etre-cible,Mantra,affirmations tool,5,40,246,63,0.62
bien-etre-cible,Mantra,service quotes,5,,186,95,0.57
bien-etre-cible,Mantra,good daily reminder apps app best,5,,230,92,0.58
bien-etre-cible,Mantra,motivation & affirmations,5,,243,3,1.74
bien-etre-cible,Mantra,good have gentle nudge,5,44,235,11,0.98
bien-etre-cible,Mantra,homescreen daily remind stay,5,41,223,5,1.34
bien-etre-cible,Mantra,car happy,5,86,242,142,0.53
bien-etre-cible,Mantra,spoken affirmations,5,40,243,4,1.49
bien-etre-cible,Mantra,daily affirmations glow,5,,212,3,1.74
bien-etre-cible,Mantra,trial emotional remind,5,,236,12,0.96
bien-etre-cible,Mantra,prescription connection subscription,5,,226,8,1.10
bien-etre-cible,Mantra,lifes story notification,5,,220,17,0.86
bien-etre-cible,Mantra,stoic mentoring - ai journaling,5,,244,67,0.61
bien-etre-cible,Mantra,tarot connects bumblebee,5,,231,68,0.61
bien-etre-cible,Mantra,calculator mira mental,5,,231,41,0.68
bien-etre-cible,Mantra,dhiarea,5,,239,115,0.55
bien-etre-cible,Mantra,affirmquest.io,5,,249,46,0.67
bien-etre-cible,Mantra,affirmquest,5,,228,1,5.00
bien-etre-cible,Mantra,affirmationsmanifestation audio,5,,249,21,0.81
bien-etre-cible,Mantra,manifest lovemanifest love,5,,245,125,0.54
bien-etre-cible,Mantra,affimrations,5,77,250,3,1.74
bien-etre-cible,Mantra,motivation qoutes,5,,228,46,0.67
bien-etre-cible,Mantra,motivation qouts,5,,229,21,0.81
bien-etre-cible,Mantra,vision board  maker,5,,249,13,0.93
bien-etre-cible,Mantra,money affirmations affirmations,5,,214,10,1.02
bien-etre-cible,Mantra,health affirmations,5,40,239,19,0.83
bien-etre-cible,Mantra,beauty affirmations,5,,244,20,0.82
bien-etre-cible,Mantra,every day affirmations,5,,249,2,2.29
bien-etre-cible,Mantra,prayer prompts journal,5,47,243,127,0.54
bien-etre-cible,Mantra,affirmation alarm,5,84,250,7,1.16
bien-etre-cible,Mantra,selfdiscipline,5,,237,22,0.80
bien-etre-cible,Mantra,affirmations for ptsd,5,25,210,2,2.29
bien-etre-cible,Mantra,self-worth affirmations,5,,241,19,0.83
bien-etre-cible,Mantra,hopeful affirmations,5,,230,2,2.29
bien-etre-cible,Mantra,affirmaciones,5,77,250,3,1.74
bien-etre-cible,Mantra,affirmations after breakup,5,,231,3,1.74
bien-etre-cible,Mantra,affirmations breakup,5,,244,58,0.63
bien-etre-cible,Mantra,affirmations anxiet,5,,244,52,0.65
bien-etre-cible,Mantra,affirmations anxiety,5,,246,78,0.59
bien-etre-cible,Mantra,affirmations trauma,5,,216,3,1.74
bien-etre-cible,Mantra,welness diary,5,,247,159,0.52
bien-etre-cible,Mantra,inspiratino,5,,230,6,1.24
bien-etre-cible,Mantra,motivasyon mesajları,5,,8,1,5.00
bien-etre-cible,Mantra,voice affirmation,5,53,245,104,0.56
bien-etre-cible,Mantra,affirmations for young adults,5,,227,3,1.74
bien-etre-cible,Mantra,affirmations for teens,5,,241,28,0.75
bien-etre-cible,Mantra,affirmations for boys,5,,224,6,1.24
bien-etre-cible,Mantra,affirmations for girls,5,,247,72,0.60
bien-etre-cible,Mantra,affirmations for depression,5,,218,4,1.49
bien-etre-cible,Mantra,affirmations for imposter syndrome,5,,230,1,5.00
bien-etre-cible,Mantra,affirmations for health,5,,238,5,1.34
bien-etre-cible,Mantra,affirmations for menal health,5,,218,3,1.74
bien-etre-cible,Mantra,affirmations for calm,5,,219,5,1.34
bien-etre-cible,Mantra,affirmations for love,5,,241,16,0.87
bien-etre-cible,Mantra,self-care affirmations,5,,229,1,5.00
bien-etre-cible,Mantra,cptsd affirmations,5,,213,2,2.29
bien-etre-cible,Mantra,rejection sensitivity affirmations,5,,231,3,1.74
bien-etre-cible,Mantra,daily positive diary,5,40,249,63,0.62
bien-etre-cible,Mantra,affirmations for man,5,,250,6,1.24
bien-etre-cible,Mantra,affirmations for chronic pain,5,,228,6,1.24
bien-etre-cible,Mantra,affirmation motivation,5,,245,5,1.34
bien-etre-cible,Mantra,afirmaçoes,5,,225,2,2.29
bien-etre-cible,Mantra,affirmations for menta,5,,227,5,1.34
bien-etre-cible,Mantra,affirmations for mental,5,,223,12,0.96
bien-etre-cible,Mantra,affirmations mental,5,,246,21,0.81
bien-etre-cible,Mantra,affirmations health,5,,238,11,0.98
bien-etre-cible,Mantra,affirmations mental health,5,,233,2,2.29
bien-etre-cible,Mantra,affirmations well-being,5,,217,3,1.74
bien-etre-cible,Mantra,affirmation creator,5,,223,4,1.49
bien-etre-cible,Mantra,affirmation self love,5,,218,3,1.74
bien-etre-cible,Mantra,事件提醒,5,,242,235,0.49
bien-etre-cible,Mantra,positive: affirmations quotes,5,,242,10,1.02
bien-etre-cible,Mantra,affirmations  daily affirmations  positi,5,75,237,4,1.49
bien-etre-cible,Mantra,minfest,5,,250,12,0.96
bien-etre-cible,Mantra,adaily affirmations,5,,241,3,1.74
bien-etre-cible,Mantra,confience,5,55,250,9,1.06
bien-etre-cible,Mantra,insprition,5,,235,10,1.02
bien-etre-cible,Mantra,positive widgets & motivation,5,63,240,142,0.53
bien-etre-cible,Mantra,manifest anythinf,5,,248,242,0.48
bien-etre-cible,Mantra,moving quotes,5,,217,120,0.55
bien-etre-cible,Mantra,affirmation board,5,,241,3,1.74
bien-etre-cible,Mantra,daily affirmations app,5,,248,3,1.74
bien-etre-cible,Mantra,travelhive,5,,250,9,1.06
bien-etre-cible,Mantra,afirmation carrer,5,,249,4,1.49
bien-etre-cible,Mantra,affirmation career,5,,245,5,1.34
bien-etre-cible,Mantra,affirmation monet,5,,209,50,0.65
bien-etre-cible,Mantra,affirmation money,5,,246,52,0.65
bien-etre-cible,Mantra,log gratitude,5,,243,218,0.49
bien-etre-cible,Mantra,affirmation block,5,,249,23,0.79
bien-etre-cible,Mantra,affirmations block,5,,248,18,0.84
bien-etre-cible,Mantra,motivatios widget,5,,246,64,0.62
bien-etre-cible,Mantra,motivations widget,5,,250,30,0.74
bien-etre-cible,Mantra,daily affermation,5,76,250,4,1.49
bien-etre-cible,Mantra,am i attractive or delusional,5,,250,101,0.56
bien-etre-cible,Mantra,aya manifest,5,,249,2,2.29
bien-etre-cible,Mantra,daily affirmations and widgets,5,,250,4,1.49
bien-etre-cible,Mantra,diario alimentar,,55,244,109,
bien-etre-cible,Mantra,self-work,,40,247,211,
bien-etre-cible,Mantra,why do i feel stuck in life,,40,250,31,
bien-etre-cible,Mantra,self esteem test,,,210,8,
bien-etre-cible,Mantra,mindful affirmation breather,,,247,59,
bien-etre-cible,Mantra,i'am,,84,240,31,
bien-etre-cible,Mantra,widget easy daily pay best reminder,,,220,153,
bien-etre-cible,Mantra,widget easy daily pay reminder app,,,220,78,
bien-etre-cible,Mantra,self esteem affirmations english,,40,238,2,
bien-etre-cible,Mantra,affirmations helper,,40,244,36,
bien-etre-cible,Mantra,digital affirmations,,40,248,91,
bien-etre-cible,Mantra,easy affirmations,,40,244,46,
bien-etre-cible,Mantra,gentle reminds connection,,,228,2,
bien-etre-cible,Mantra,evening affirmations,,40,248,10,
bien-etre-cible,Mantra,confidence affirmations,,40,244,96,
bien-etre-cible,Mantra,self worth affirmations,,40,239,12,
bien-etre-cible,Mantra,affirmations for confidence,,42,240,28,
bien-etre-cible,Mantra,encourages nudge,,,200,9,
bien-etre-cible,Mantra,917701060,,,191,5,
bien-etre-cible,Mantra,emotional mod good,,,233,12,
bien-etre-cible,Mantra,emotional remind alternatives,,,232,3,
bien-etre-cible,Mantra,gentle shares remind,,,227,2,
bien-etre-cible,Mantra,affirmations board',,,222,11,
bien-etre-cible,Mantra,affirmations app free,,,246,11,
bien-etre-cible,Mantra,affirmations gratis,,,247,1,
bien-etre-cible,Mantra,affirmations no ads,,,248,36,
bien-etre-cible,Mantra,manifestation free,,,250,57,
bien-etre-cible,Mantra,price quote planner,,,233,11,
bien-etre-cible,Mantra,grief loss resentment bereavement affirmations app,,,250,31,
bien-etre-cible,Mantra,moodwidget,,,248,238,
bien-etre-cible,Mantra,daily i am affirmations,,,247,2,
bien-etre-cible,Tangerine,stress watch,54,62,250,185,5.46
bien-etre-cible,Tangerine,fabulous,49,95,249,61,6.13
bien-etre-cible,Tangerine,care:,49,55,243,189,4.94
bien-etre-cible,Tangerine,健康,41,53,236,221,4.03
bien-etre-cible,Tangerine,wellcare,38,68,249,241,3.68
bien-etre-cible,Tangerine,optavia,33,82,248,148,3.47
bien-etre-cible,Tangerine,objectif,24,48,246,217,2.36
bien-etre-cible,Tangerine,n joy app,24,44,248,243,2.32
bien-etre-cible,Tangerine,red herring,20,50,41,28,3.00
bien-etre-cible,Tangerine,onehub wellbeing,19,,249,62,2.37
bien-etre-cible,Tangerine,hábitos diarios,18,40,247,168,1.85
bien-etre-cible,Tangerine,humeur,11,45,246,147,1.16
bien-etre-cible,Tangerine,the fabulous,9,93,245,165,0.93
bien-etre-cible,Tangerine,plan joy,9,72,214,15,1.61
bien-etre-cible,Tangerine,tangerine,8,49,82,3,2.79
bien-etre-cible,Tangerine,autocuidado,8,61,250,137,0.85
bien-etre-cible,Tangerine,the fab story,7,92,245,108,0.78
bien-etre-cible,Tangerine,saude,7,43,245,235,0.68
bien-etre-cible,Tangerine,care planner,6,53,247,82,0.71
bien-etre-cible,Tangerine,health journal,5,71,247,52,0.65
bien-etre-cible,Tangerine,self care,5,79,248,142,0.53
bien-etre-cible,Tangerine,the met,5,57,238,234,0.49
bien-etre-cible,Tangerine,rachel hollis,5,40,250,180,0.51
bien-etre-cible,Tangerine,aloe,5,72,95,36,0.70
bien-etre-cible,Tangerine,self care journal,5,60,246,219,0.49
bien-etre-cible,Tangerine,wellness tracker,5,63,248,5,1.34
bien-etre-cible,Tangerine,owaves,5,64,46,12,0.96
bien-etre-cible,Tangerine,personal goals,5,56,249,108,0.56
bien-etre-cible,Tangerine,self care app,5,73,247,60,0.63
bien-etre-cible,Tangerine,achieve goals,5,40,233,141,0.53
bien-etre-cible,Tangerine,care/of,5,81,246,125,0.54
bien-etre-cible,Tangerine,self care tracker,5,66,248,18,0.84
bien-etre-cible,Tangerine,self care routine,5,48,249,8,1.10
bien-etre-cible,Tangerine,健身记录,5,75,248,240,0.48
bien-etre-cible,Tangerine,carr,5,63,226,70,0.61
bien-etre-cible,Tangerine,情绪,5,,226,19,0.83
bien-etre-cible,Tangerine,self care checklist,5,67,249,16,0.87
bien-etre-cible,Tangerine,financial goals,5,77,249,145,0.53
bien-etre-cible,Tangerine,seld,5,81,221,199,0.50
bien-etre-cible,Tangerine,womaze,5,75,248,79,0.59
bien-etre-cible,Tangerine,reflecty,5,59,250,213,0.49
bien-etre-cible,Tangerine,healthy habits,5,80,245,2,2.29
bien-etre-cible,Tangerine,wellbeing tracker,5,58,247,56,0.64
bien-etre-cible,Tangerine,health and wellbeing diary,5,40,247,58,0.63
bien-etre-cible,Tangerine,wellness journal app,5,63,248,8,1.10
bien-etre-cible,Tangerine,wellness planner app,5,80,248,1,5.00
bien-etre-cible,Tangerine,health wellness journal,5,44,248,69,0.61
bien-etre-cible,Tangerine,self care reminder,5,72,248,8,1.10
bien-etre-cible,Tangerine,stress tracker app,5,63,246,140,0.53
bien-etre-cible,Tangerine,پاسور,5,54,248,198,0.50
bien-etre-cible,Tangerine,produtividade,5,81,236,71,0.61
bien-etre-cible,Tangerine,health goals,5,56,250,2,2.29
bien-etre-cible,Tangerine,my mood tracker,5,,228,189,0.50
bien-etre-cible,Tangerine,build habits goal tracking app,5,55,247,201,0.50
bien-etre-cible,Tangerine,self reminder,5,87,246,40,0.69
bien-etre-cible,Tangerine,wellbeing guide,5,91,245,177,0.51
bien-etre-cible,Tangerine,قص,5,88,249,169,0.51
bien-etre-cible,Tangerine,self care planner,5,79,249,47,0.66
bien-etre-cible,Tangerine,watch goals,5,40,248,6,1.24
bien-etre-cible,Tangerine,wellness journal,5,64,248,8,1.10
bien-etre-cible,Tangerine,wellness diary,5,54,248,102,0.56
bien-etre-cible,Tangerine,emoods wellness tracker,5,68,250,152,0.52
bien-etre-cible,Tangerine,的待办,5,46,231,190,0.50
bien-etre-cible,Tangerine,self acceptance course,5,40,248,232,0.49
bien-etre-cible,Tangerine,daily self acceptance,5,40,246,67,0.61
bien-etre-cible,Tangerine,learn self compassion,5,40,248,224,0.49
bien-etre-cible,Tangerine,self compassion for beginners,5,40,248,205,0.50
bien-etre-cible,Tangerine,self compassion for kids,5,40,247,50,0.65
bien-etre-cible,Tangerine,self acceptance for women,5,40,246,72,0.60
bien-etre-cible,Tangerine,beginner self acceptance,5,40,248,208,0.50
bien-etre-cible,Tangerine,beginner self compassion,5,40,248,234,0.49
bien-etre-cible,Tangerine,course for self compassion,5,40,247,104,0.56
bien-etre-cible,Tangerine,women’s self compassion,5,40,249,37,0.70
bien-etre-cible,Tangerine,self-care therapy,5,40,241,49,0.66
bien-etre-cible,Tangerine,zen habits,5,48,250,166,0.52
bien-etre-cible,Tangerine,química,5,47,249,232,0.49
bien-etre-cible,Tangerine,wellbeing journey,5,49,247,127,0.54
bien-etre-cible,Tangerine,personal well-being coach,5,44,248,101,0.56
bien-etre-cible,Tangerine,well-being transformation,5,40,249,133,0.54
bien-etre-cible,Tangerine,self care routines,5,72,248,112,0.55
bien-etre-cible,Tangerine,self-care routines,5,51,247,40,0.69
bien-etre-cible,Tangerine,self-love routines,5,40,247,64,0.62
bien-etre-cible,Tangerine,sağlık,5,88,250,222,0.49
bien-etre-cible,Tangerine,habio,5,67,250,23,0.79
bien-etre-cible,Tangerine,self love routine,5,40,246,219,0.49
bien-etre-cible,Tangerine,daily self-care,5,89,249,59,0.63
bien-etre-cible,Tangerine,morning tracker,5,44,242,155,0.52
bien-etre-cible,Tangerine,self love routines,5,40,246,168,0.51
bien-etre-cible,Tangerine,self care ritual,5,47,248,50,0.65
bien-etre-cible,Tangerine,self care plan,5,40,246,7,1.16
bien-etre-cible,Tangerine,self care coach,5,42,246,62,0.62
bien-etre-cible,Tangerine,daily self care journal,5,54,248,45,0.67
bien-etre-cible,Tangerine,mental care,5,44,246,130,0.54
bien-etre-cible,Tangerine,mental diary,5,42,249,249,0.48
bien-etre-cible,Tangerine,care reminder,5,56,247,180,0.51
bien-etre-cible,Tangerine,self-care journal,5,54,246,22,0.80
bien-etre-cible,Tangerine,gratitude self-care,5,40,244,242,0.48
bien-etre-cible,Tangerine,self-reflection,5,55,245,238,0.48
bien-etre-cible,Tangerine,cares,5,74,246,146,0.53
bien-etre-cible,Tangerine,daily check in,5,63,249,12,0.96
bien-etre-cible,Tangerine,faboulous,5,88,249,60,0.63
bien-etre-cible,Tangerine,self care quotes,5,40,241,163,0.52
bien-etre-cible,Tangerine,daily wellbeing,5,50,248,78,0.59
bien-etre-cible,Tangerine,self cares,5,72,247,173,0.51
bien-etre-cible,Tangerine,hoạt động,5,75,245,108,0.56
bien-etre-cible,Tangerine,قياس,5,60,247,129,0.54
bien-etre-cible,Tangerine,aa journaling app free,5,57,247,236,0.49
bien-etre-cible,Tangerine,tàng,5,89,142,68,0.61
bien-etre-cible,Tangerine,goal diary,5,47,247,36,0.70
bien-etre-cible,Tangerine,daily mental health tracker,5,47,246,53,0.64
bien-etre-cible,Tangerine,digital selfcare app,5,87,246,7,1.16
bien-etre-cible,Tangerine,self care practice,5,40,246,25,0.77
bien-etre-cible,Tangerine,dad self-care,5,40,248,46,0.67
bien-etre-cible,Tangerine,dad selfcare,5,40,247,68,0.61
bien-etre-cible,Tangerine,selv,5,89,235,63,0.62
bien-etre-cible,Tangerine,sức khoẻ,5,42,249,19,0.83
bien-etre-cible,Tangerine,chăm sóc sức khoẻ,5,44,247,212,0.49
bien-etre-cible,Tangerine,theo dõi sức khoẻ,5,54,247,203,0.50
bien-etre-cible,Tangerine,alan mind,5,49,247,30,0.74
bien-etre-cible,Tangerine,self care diary,5,40,249,16,0.87
bien-etre-cible,Tangerine,self care is for everyone,5,40,245,50,0.65
bien-etre-cible,Tangerine,Sức khỏe,5,86,249,108,0.56
bien-etre-cible,Tangerine,self tracking,5,63,244,28,0.75
bien-etre-cible,Tangerine,self care widget,5,71,209,7,1.16
bien-etre-cible,Tangerine,improve wellbeing,5,42,248,93,0.57
bien-etre-cible,Tangerine,wellbeing tips,5,40,248,98,0.57
bien-etre-cible,Tangerine,digital wellbei,5,49,234,24,0.78
bien-etre-cible,Tangerine,positive self care,5,42,246,76,0.60
bien-etre-cible,Tangerine,care-care,5,49,249,78,0.59
bien-etre-cible,Tangerine,morning habit,5,50,248,226,0.49
bien-etre-cible,Tangerine,mindfully mood,5,43,249,48,0.66
bien-etre-cible,Tangerine,Self Love Tips,5,87,241,202,0.50
bien-etre-cible,Tangerine,planner healthy,5,72,246,184,0.51
bien-etre-cible,Tangerine,self love goal,5,40,245,15,0.89
bien-etre-cible,Tangerine,care reminders,5,59,249,246,0.48
bien-etre-cible,Tangerine,锻炼 计划,5,43,239,141,0.53
bien-etre-cible,Tangerine,stress daily,5,42,245,118,0.55
bien-etre-cible,Tangerine,anxiety self-care,5,40,245,122,0.55
bien-etre-cible,Tangerine,self care daily diary,5,40,248,25,0.77
bien-etre-cible,Tangerine,daily journal & mood tracker,5,54,246,116,0.55
bien-etre-cible,Tangerine,self care challenge,5,49,247,64,0.62
bien-etre-cible,Tangerine,health self-care,5,46,243,6,1.24
bien-etre-cible,Tangerine,cute self-care,5,32,215,17,0.86
bien-etre-cible,Tangerine,tracker self-care,5,40,247,5,1.34
bien-etre-cible,Tangerine,self-care habit,5,47,246,4,1.49
bien-etre-cible,Tangerine,gola,5,61,249,228,0.49
bien-etre-cible,Tangerine,well-being plan,5,84,246,3,1.74
bien-etre-cible,Tangerine,journaling for self care,5,40,249,39,0.69
bien-etre-cible,Tangerine,mood links,5,,191,9,1.06
bien-etre-cible,Tangerine,hábitos tarefas,5,40,250,113,0.55
bien-etre-cible,Tangerine,self-care planner,5,79,249,43,0.68
bien-etre-cible,Tangerine,mood habit,5,44,247,95,0.57
bien-etre-cible,Tangerine,guided self-care,5,44,243,26,0.76
bien-etre-cible,Tangerine,#self,5,54,239,56,0.64
bien-etre-cible,Tangerine,mục tiêu,5,40,247,139,0.53
bien-etre-cible,Tangerine,hábitos diários,5,40,247,92,0.58
bien-etre-cible,Tangerine,self workout,5,52,244,223,0.49
bien-etre-cible,Tangerine,Sleep  Mood & Activity Tracker,5,44,243,136,0.53
bien-etre-cible,Tangerine,mental  care,5,40,245,158,0.52
bien-etre-cible,Tangerine,health &,5,62,247,191,0.50
bien-etre-cible,Tangerine,journal stress,5,40,248,174,0.51
bien-etre-cible,Tangerine,self-care habits,5,42,246,1,5.00
bien-etre-cible,Tangerine,care self,5,42,238,14,0.91
bien-etre-cible,Tangerine,selfcare rituals,5,40,244,33,0.72
bien-etre-cible,Tangerine,plan goals,5,40,243,113,0.55
bien-etre-cible,Tangerine,plan habits,5,40,249,156,0.52
bien-etre-cible,Tangerine,hourlytics,5,47,250,74,0.60
bien-etre-cible,Tangerine,simple to-do app,5,49,199,156,0.52
bien-etre-cible,Tangerine,Daily Self-love,5,42,245,129,0.54
bien-etre-cible,Tangerine,water wellness,5,37,211,93,0.57
bien-etre-cible,Tangerine,to-do list for self-help,5,98,248,12,0.96
bien-etre-cible,Tangerine,repeating tool for self-growth,5,59,250,79,0.59
bien-etre-cible,Tangerine,mental wellness tracker,5,48,248,19,0.83
bien-etre-cible,Tangerine,- daily goal,5,45,243,232,0.49
bien-etre-cible,Tangerine,habits & goals,5,44,241,29,0.74
bien-etre-cible,Tangerine,workout plan journal,5,40,246,190,0.50
bien-etre-cible,Tangerine,mental health habit tracker,5,44,249,56,0.64
bien-etre-cible,Tangerine,self mood tracker,5,49,247,110,0.56
bien-etre-cible,Tangerine,mental health mood tracker,5,31,245,204,0.50
bien-etre-cible,Tangerine,self casre,5,72,248,205,0.50
bien-etre-cible,Tangerine,friends self-care,5,37,211,24,0.78
bien-etre-cible,Tangerine,self care wellness,5,40,247,12,0.96
bien-etre-cible,Tangerine,self care emotional support,5,42,245,84,0.59
bien-etre-cible,Tangerine,việc làm,5,73,216,141,0.53
bien-etre-cible,Tangerine,dailygoals,5,47,243,109,0.56
bien-etre-cible,Tangerine,self care tracker free,5,69,249,7,1.16
bien-etre-cible,Tangerine,Mental health habits,5,40,247,41,0.68
bien-etre-cible,Tangerine,personalized stress management,5,58,209,13,0.93
bien-etre-cible,Tangerine,سلفة,5,48,239,188,0.50
bien-etre-cible,Tangerine,care journal,5,56,243,56,0.64
bien-etre-cible,Tangerine,Mental Relaxation,5,70,223,61,0.63
bien-etre-cible,Tangerine,goal reminders,5,40,247,77,0.60
bien-etre-cible,Tangerine,daily goal reminder,5,44,248,164,0.52
bien-etre-cible,Tangerine,self-care practice,5,43,247,21,0.81
bien-etre-cible,Tangerine,Self-Coaching App,5,49,246,30,0.74
bien-etre-cible,Tangerine,Metas diarias,5,87,237,5,1.34
bien-etre-cible,Tangerine,提示,5,44,234,208,0.50
bien-etre-cible,Tangerine,Self-Care Tips,5,87,245,17,0.86
bien-etre-cible,Tangerine,Evolve: Self-Care & Meditation,5,42,249,49,0.66
bien-etre-cible,Tangerine,Habit & Goal tracker,5,57,241,137,0.53
bien-etre-cible,Tangerine,meet plan,5,85,245,220,0.49
bien-etre-cible,Tangerine,Self-Care App,5,83,248,173,0.51
bien-etre-cible,Tangerine,Self-Care Routine,5,51,247,75,0.60
bien-etre-cible,Tangerine,self care habit,5,48,245,6,1.24
bien-etre-cible,Tangerine,Daily Mindful Action Prompt,5,42,248,160,0.52
bien-etre-cible,Tangerine,mental mood,5,40,244,233,0.49
bien-etre-cible,Tangerine,goal & habit tracking,5,53,244,151,0.52
bien-etre-cible,Tangerine,Custom Self-Care,5,30,246,21,0.81
bien-etre-cible,Tangerine,theo dõi sức khỏe,5,46,240,100,0.57
bien-etre-cible,Tangerine,care habit,5,48,246,11,0.98
bien-etre-cible,Tangerine,Routinery: self-care / Routine,5,60,249,67,0.61
bien-etre-cible,Tangerine,goal planner  goal journal,5,40,249,64,0.62
bien-etre-cible,Tangerine,scribble journey,5,47,249,45,0.67
bien-etre-cible,Tangerine,daily planner 4 mental health,5,45,248,15,0.89
bien-etre-cible,Tangerine,daily planner  mental health,5,44,250,22,0.80
bien-etre-cible,Tangerine,Diario de ánimo,5,63,249,111,0.55
bien-etre-cible,Tangerine,mental health Daily Planner,5,59,235,27,0.76
bien-etre-cible,Tangerine,Daily Planner Mental Health,5,44,249,21,0.81
bien-etre-cible,Tangerine,Daily Mental Health.,5,44,246,102,0.56
bien-etre-cible,Tangerine,Mental Health planner,5,50,250,201,0.50
bien-etre-cible,Tangerine,daily self,5,56,241,61,0.63
bien-etre-cible,Tangerine,welness journal,5,58,248,8,1.10
bien-etre-cible,Tangerine,journal self care,5,40,247,61,0.63
bien-etre-cible,Tangerine,healthy social media,5,88,236,132,0.54
bien-etre-cible,Tangerine,Self Care Daily Planner,5,43,250,71,0.61
bien-etre-cible,Tangerine,Self Care  Daily,5,61,245,37,0.70
bien-etre-cible,Tangerine,health care-healthy,5,63,246,83,0.59
bien-etre-cible,Tangerine,care-healthy,5,62,240,7,1.16
bien-etre-cible,Tangerine,meta habits,5,40,248,157,0.52
bien-etre-cible,Tangerine,wellness planner,5,85,248,3,1.74
bien-etre-cible,Tangerine,aiself care,5,40,239,6,1.24
bien-etre-cible,Tangerine,self care daily afwrmations,5,42,245,39,0.69
bien-etre-cible,Tangerine,(daily care),5,40,248,139,0.53
bien-etre-cible,Tangerine,care),5,62,241,161,0.52
bien-etre-cible,Tangerine,memory aid,5,79,249,9,1.06
bien-etre-cible,Tangerine,tracker & journal,5,52,249,219,0.49
bien-etre-cible,Tangerine,todo goals,5,40,244,114,0.55
bien-etre-cible,Tangerine,Habit wellness,5,40,249,162,0.52
bien-etre-cible,Tangerine,goals journal,5,71,248,44,0.67
bien-etre-cible,Tangerine,suivi humeur,5,44,249,34,0.71
bien-etre-cible,Tangerine,healthy habits Tracker,5,52,248,5,1.34
bien-etre-cible,Tangerine,health journal apps,5,59,247,35,0.71
bien-etre-cible,Tangerine,fabilius,5,87,249,65,0.62
bien-etre-cible,Tangerine,self+care,5,83,241,57,0.63
bien-etre-cible,Tangerine,productive morning,5,43,249,136,0.53
bien-etre-cible,Tangerine,emotional self-care,5,46,247,69,0.61
bien-etre-cible,Tangerine,self-care and well-being,5,40,243,12,0.96
bien-etre-cible,Tangerine,self-care practices,5,40,247,16,0.87
bien-etre-cible,Tangerine,self-help tools,5,96,245,75,0.60
bien-etre-cible,Tangerine,well-being improvement,5,42,247,91,0.58
bien-etre-cible,Tangerine,Self-improvement app,5,78,250,56,0.64
bien-etre-cible,Tangerine,relationship mood tracker,5,52,231,63,0.62
bien-etre-cible,Tangerine,everyday goals,5,40,245,76,0.60
bien-etre-cible,Tangerine,Self-care habit tracker,5,40,247,14,0.91
bien-etre-cible,Tangerine,to self,5,56,245,62,0.62
bien-etre-cible,Tangerine,self-love journey,5,40,244,195,0.50
bien-etre-cible,Tangerine,self-actualization exercises,5,40,248,60,0.63
bien-etre-cible,Tangerine,apple health habit tracker,5,48,247,157,0.52
bien-etre-cible,Tangerine,workout reminders,5,70,229,174,0.51
bien-etre-cible,Tangerine,morning workou,5,47,245,55,0.64
bien-etre-cible,Tangerine,morning workourt,5,44,245,63,0.62
bien-etre-cible,Tangerine,finch self-care,5,80,245,61,0.63
bien-etre-cible,Tangerine,depression self-care,5,81,238,38,0.70
bien-etre-cible,Tangerine,self-care for parents,5,87,248,73,0.60
bien-etre-cible,Tangerine,self development articles,5,40,249,125,0.54
bien-etre-cible,Tangerine,cere,5,52,249,199,0.50
bien-etre-cible,Tangerine,self cate,5,71,248,96,0.57
bien-etre-cible,Tangerine,mục tieu,5,43,245,115,0.55
bien-etre-cible,Tangerine,kure hypnosis,5,34,219,33,0.72
bien-etre-cible,Tangerine,elf care,5,76,246,92,0.58
bien-etre-cible,Tangerine,self care goal setter,5,40,248,2,2.29
bien-etre-cible,Tangerine,self care goals,5,82,247,1,5.00
bien-etre-cible,Tangerine,wellness and habit tracker,5,47,247,24,0.78
bien-etre-cible,Tangerine,mental wellness app,5,75,246,184,0.51
bien-etre-cible,Tangerine,mindset tracker,5,59,231,1,5.00
bien-etre-cible,Tangerine,anime apple watch,5,74,214,66,0.62
bien-etre-cible,Tangerine,anima id,5,40,229,167,0.52
bien-etre-cible,Tangerine,relaxation journal,5,40,249,101,0.56
bien-etre-cible,Tangerine,self care day,5,87,232,40,0.69
bien-etre-cible,Tangerine,mood pattern,5,,230,145,0.53
bien-etre-cible,Tangerine,healthy travel,5,93,229,159,0.52
bien-etre-cible,Tangerine,mental healh tracker,5,48,240,66,0.62
bien-etre-cible,Tangerine,self remind,5,45,199,21,0.81
bien-etre-cible,Tangerine,healthy habitt,5,40,235,79,0.59
bien-etre-cible,Tangerine,personalized goals,5,53,249,48,0.66
bien-etre-cible,Tangerine,animal health?,5,40,243,92,0.58
bien-etre-cible,Tangerine,habbit goal,5,40,237,111,0.55
bien-etre-cible,Tangerine,habitos diarias,5,40,245,136,0.53
bien-etre-cible,Tangerine,careplan,5,70,233,17,0.86
bien-etre-cible,Tangerine,reminders for healthy habits,5,53,250,39,0.69
bien-etre-cible,Tangerine,health productivity,5,46,249,89,0.58
bien-etre-cible,Tangerine,teach effectively,5,0,250,41,0.68
bien-etre-cible,Tangerine,moods trackers,5,43,233,75,0.60
bien-etre-cible,Tangerine,goal plan,5,52,245,174,0.51
bien-etre-cible,Tangerine,simple goal,5,53,239,196,0.50
bien-etre-cible,Tangerine,mental health habit,5,43,249,52,0.65
bien-etre-cible,Tangerine,mental habit,5,45,249,89,0.58
bien-etre-cible,Tangerine,wellbeing insights,5,42,249,71,0.61
bien-etre-cible,Tangerine,wellbeing monitor,5,35,231,45,0.67
bien-etre-cible,Tangerine,wellness on apple watch,5,87,249,186,0.51
bien-etre-cible,Tangerine,self growt,5,44,248,229,0.49
bien-etre-cible,Tangerine,mental health and self care tracker,5,45,245,3,1.74
bien-etre-cible,Tangerine,selfcare tracker,5,62,248,195,0.50
bien-etre-cible,Tangerine,self-care journal: caml mind,5,33,227,10,1.02
bien-etre-cible,Tangerine,self-care journal: calm mind,5,40,249,17,0.86
bien-etre-cible,Tangerine,self care tools,5,,211,15,0.89
bien-etre-cible,Tangerine,mental health diray,5,46,247,208,0.50
bien-etre-cible,Tangerine,self care & positive habits,5,40,244,3,1.74
bien-etre-cible,Tangerine,fitness goqlw,5,68,250,179,0.51
bien-etre-cible,Tangerine,selfie diario,5,62,248,87,0.58
bien-etre-cible,Tangerine,habit building self care coach,5,40,246,20,0.82
bien-etre-cible,Tangerine,ai personal growth self care,5,40,249,213,0.49
bien-etre-cible,Tangerine,healthy habbits,5,65,245,2,2.29
bien-etre-cible,Tangerine,mindfit healthy mind,5,42,247,147,0.53
bien-etre-cible,Tangerine,self-discipline app,5,44,249,45,0.67
bien-etre-cible,Tangerine,sekf care,5,70,248,115,0.55
bien-etre-cible,Tangerine,selfcare diary,5,40,248,10,1.02
bien-etre-cible,Tangerine,mirco learning - life hacks,5,66,248,234,0.49
bien-etre-cible,Tangerine,future goals,5,40,249,150,0.52
bien-etre-cible,Tangerine,coffee mood tracker,5,25,234,68,0.61
bien-etre-cible,Tangerine,self care daily,5,48,242,39,0.69
bien-etre-cible,Tangerine,watch agenda,5,42,245,185,0.51
bien-etre-cible,Tangerine,goal habbit journal,5,40,250,12,0.96
bien-etre-cible,Tangerine,goal habit journal,5,40,246,47,0.66
bien-etre-cible,Tangerine,goaltracker,5,43,242,193,0.50
bien-etre-cible,Tangerine,morning diary,5,40,248,164,0.52
bien-etre-cible,Tangerine,selfcare routines,5,,225,5,1.34
bien-etre-cible,Tangerine,productivity & fitness,5,43,247,201,0.50
bien-etre-cible,Tangerine,mood support,5,47,191,35,0.71
bien-etre-cible,Tangerine,journaling apps for mental health,5,43,245,60,0.63
bien-etre-cible,Tangerine,self-control app,5,42,248,19,0.83
bien-etre-cible,Tangerine,goal & habit tracker,5,54,243,157,0.52
bien-etre-cible,Tangerine,self cara,5,70,247,106,0.56
bien-etre-cible,Tangerine,healthier habits,5,65,245,2,2.29
bien-etre-cible,Tangerine,self care insights,5,40,244,7,1.16
bien-etre-cible,Tangerine,mood tracker self care,5,68,249,115,0.55
bien-etre-cible,Tangerine,self care mood trackers,5,46,244,27,0.76
bien-etre-cible,Tangerine,self care mood tracker,5,45,243,36,0.70
bien-etre-cible,Tangerine,waterroutine,5,,73,11,0.98
bien-etre-cible,Tangerine,water routine,5,,75,34,0.71
bien-etre-cible,Tangerine,self improvement guidance,5,40,248,80,0.59
bien-etre-cible,Tangerine,mood fluctuations,5,46,247,52,0.65
bien-etre-cible,Tangerine,self care ped,5,40,247,7,1.16
bien-etre-cible,Tangerine,stres journal,5,43,249,163,0.52
bien-etre-cible,Tangerine,stress journal tracker,5,40,248,213,0.49
bien-etre-cible,Tangerine,reset journal hrv,5,57,249,117,0.55
bien-etre-cible,Tangerine,daily variability journal,5,60,250,19,0.83
bien-etre-cible,Tangerine,stress tracker journal,5,40,249,203,0.50
bien-etre-cible,Tangerine,daily stress journal,5,57,247,184,0.51
bien-etre-cible,Tangerine,stress health tracker,5,62,245,159,0.52
bien-etre-cible,Tangerine,stress health journal,5,40,249,51,0.65
bien-etre-cible,Tangerine,insomnia moodfit,5,45,248,119,0.55
bien-etre-cible,Tangerine,health journal tracker,5,48,248,73,0.60
bien-etre-cible,Tangerine,yoga mininote,5,40,248,82,0.59
bien-etre-cible,Tangerine,wellness habit,5,44,246,133,0.54
bien-etre-cible,Tangerine,stress habit,5,42,247,61,0.63
bien-etre-cible,Tangerine,daily wellness journal,5,40,247,91,0.58
bien-etre-cible,Tangerine,journal wellness,5,40,247,129,0.54
bien-etre-cible,Tangerine,mood relax,5,87,245,77,0.60
bien-etre-cible,Tangerine,relax mood,5,40,237,184,0.51
bien-etre-cible,Tangerine,study goals,5,49,246,198,0.50
bien-etre-cible,Tangerine,habitio,5,,248,200,0.50
bien-etre-cible,Tangerine,eden self care,5,40,249,126,0.54
bien-etre-cible,Tangerine,mood planner,5,40,247,85,0.58
bien-etre-cible,Tangerine,budget planner & tracker,5,,243,242,0.48
bien-etre-cible,Tangerine,self-care apps,5,64,246,31,0.73
bien-etre-cible,Tangerine,hbt: daily goal,5,44,249,37,0.70
bien-etre-cible,Tangerine,mood changes,5,28,223,112,0.55
bien-etre-cible,Tangerine,3joy,5,,242,131,0.54
bien-etre-cible,Tangerine,juststretch,5,66,235,30,0.74
bien-etre-cible,Tangerine,re: stop overthinking,5,62,250,204,0.50
bien-etre-cible,Tangerine,daily life scenari,5,,250,182,0.51
bien-etre-cible,Tangerine,941222646,5,,240,43,0.68
bien-etre-cible,Tangerine,healthy product,5,82,236,128,0.54
bien-etre-cible,Tangerine,12: tasks and habits,5,40,247,185,0.51
bien-etre-cible,Tangerine,improve well-being,5,45,248,57,0.63
bien-etre-cible,Tangerine,productivity health,5,46,248,64,0.62
bien-etre-cible,Tangerine,mood trackerü,5,,233,52,0.65
bien-etre-cible,Tangerine,stresstracker,5,73,247,188,0.50
bien-etre-cible,Tangerine,ocd distract,5,46,247,70,0.61
bien-etre-cible,Tangerine,mood playlist,5,47,226,142,0.53
bien-etre-cible,Tangerine,street watch,5,,229,142,0.53
bien-etre-cible,Tangerine,to%20do%20lists,5,60,227,220,0.49
bien-etre-cible,Tangerine,check%20list%20daily%20task%20tracker,5,50,250,234,0.49
bien-etre-cible,Tangerine,mood%20tracker%20free,5,46,231,65,0.62
bien-etre-cible,Tangerine,von%20360,5,59,242,44,0.67
bien-etre-cible,Tangerine,daily%20goal%20tracker,5,64,249,203,0.50
bien-etre-cible,Tangerine,self%20care%20tracker,5,75,250,6,1.24
bien-etre-cible,Tangerine,adopt%20me,5,43,238,21,0.81
bien-etre-cible,Tangerine,mental%20health%20journal,5,44,248,167,0.52
bien-etre-cible,Tangerine,healthy%20minds,5,49,250,49,0.66
bien-etre-cible,Tangerine,habit%20now,5,51,233,39,0.69
bien-etre-cible,Tangerine,free%20self%20care%20apps,5,98,248,73,0.60
bien-etre-cible,Tangerine,self%20care,5,87,244,34,0.71
bien-etre-cible,Tangerine,self%20discipline,5,46,239,20,0.82
bien-etre-cible,Tangerine,healthy%20life,5,41,249,90,0.58
bien-etre-cible,Tangerine,mental%20health%20tracker,5,44,244,162,0.52
bien-etre-cible,Tangerine,engage%20wellbeing,5,26,225,55,0.64
bien-etre-cible,Tangerine,self%20care%20apps,5,100,245,11,0.98
bien-etre-cible,Tangerine,navigate%20wellbeing,5,47,249,212,0.49
bien-etre-cible,Tangerine,mood identifier,5,,189,131,0.54
bien-etre-cible,Tangerine,selfcare tools,5,,224,24,0.78
bien-etre-cible,Tangerine,menstrual mindfulness journal,5,,234,85,0.58
bien-etre-cible,Tangerine,stresswatcch,5,42,246,136,0.53
bien-etre-cible,Tangerine,mood calender,5,59,231,133,0.54
bien-etre-cible,Tangerine,daily-goals,5,40,245,194,0.50
bien-etre-cible,Tangerine,reflectprayer journal app,5,,249,124,0.54
bien-etre-cible,Tangerine,self%20care%20app,5,100,245,18,0.84
bien-etre-cible,Tangerine,self%20improvement,5,40,246,99,0.57
bien-etre-cible,Tangerine,walking%20yoga,5,,231,44,0.67
bien-etre-cible,Tangerine,inner%20balance,5,43,248,113,0.55
bien-etre-cible,Tangerine,daylio%20journal,5,46,249,14,0.91
bien-etre-cible,Tangerine,womens health diary,5,,238,203,0.50
bien-etre-cible,Tangerine,self-regulation,5,57,248,110,0.56
bien-etre-cible,Tangerine,maintain heart,5,,234,94,0.57
bien-etre-cible,Tangerine,morning journal:,5,42,246,105,0.56
bien-etre-cible,Tangerine,health journaling,5,63,248,11,0.98
bien-etre-cible,Tangerine,well-being heart,5,44,248,246,0.48
bien-etre-cible,Tangerine,self-care journey,5,50,248,79,0.59
bien-etre-cible,Tangerine,mood plan,5,47,248,40,0.69
bien-etre-cible,Tangerine,zen productivity,5,45,245,122,0.55
bien-etre-cible,Tangerine,daily self-care reminders,5,60,246,3,1.74
bien-etre-cible,Tangerine,ai task manager & planner,5,,243,205,0.50
bien-etre-cible,Tangerine,stress expending,5,,207,152,0.52
bien-etre-cible,Tangerine,zenjournal,5,,215,3,1.74
bien-etre-cible,Tangerine,daily mood diary,5,34,244,69,0.61
bien-etre-cible,Tangerine,practice self care,5,40,246,31,0.73
bien-etre-cible,Tangerine,duolingo for mental health,5,87,249,26,0.76
bien-etre-cible,Tangerine,morning meditations,5,,213,34,0.71
bien-etre-cible,Tangerine,doti - health & habit tracker,5,40,248,25,0.77
bien-etre-cible,Tangerine,self dare,5,71,248,148,0.53
bien-etre-cible,Tangerine,self optimize,5,,225,2,2.29
bien-etre-cible,Tangerine,glowa,5,,236,28,0.75
bien-etre-cible,Tangerine,self care routine tracker,5,40,247,55,0.64
bien-etre-cible,Tangerine,men's self care routine,5,,247,144,0.53
bien-etre-cible,Tangerine,morning mediatiation,5,,209,42,0.68
bien-etre-cible,Tangerine,improve self care,5,74,245,29,0.74
bien-etre-cible,Tangerine,low self worth,5,40,248,231,0.49
bien-etre-cible,Tangerine,health daily planner,5,,242,59,0.63
bien-etre-cible,Tangerine,health task,5,,250,55,0.64
bien-etre-cible,Tangerine,healthy daily habits,5,,219,20,0.82
bien-etre-cible,Tangerine,health habits tracker,5,,246,239,0.48
bien-etre-cible,Tangerine,watch journal,5,56,248,106,0.56
bien-etre-cible,Tangerine,water journal,5,,248,165,0.52
bien-etre-cible,Tangerine,wellme track,5,,249,79,0.59
bien-etre-cible,Tangerine,productive habit,5,54,245,220,0.49
bien-etre-cible,Tangerine,self diary,5,,241,58,0.63
bien-etre-cible,Tangerine,terrahabits,5,47,249,18,0.84
bien-etre-cible,Tangerine,journaling for wellness,5,40,248,34,0.71
bien-etre-cible,Tangerine,wellness journaling,5,44,248,97,0.57
bien-etre-cible,Tangerine,tracker for self care,5,84,248,7,1.16
bien-etre-cible,Tangerine,journal for self care,5,40,247,20,0.82
bien-etre-cible,Tangerine,health & mood tracker,5,,218,11,0.98
bien-etre-cible,Tangerine,health & mood,5,44,245,86,0.58
bien-etre-cible,Tangerine,health and mood tracker,5,,219,14,0.91
bien-etre-cible,Tangerine,stress tracker watch,5,61,243,148,0.53
bien-etre-cible,Tangerine,6747919132,5,,232,28,0.75
bien-etre-cible,Tangerine,self-care routine tracker,5,44,248,27,0.76
bien-etre-cible,Tangerine,wellness retreat planner,5,,218,31,0.73
bien-etre-cible,Tangerine,fabolus,5,87,249,64,0.62
bien-etre-cible,Tangerine,fitness & daily habits app,5,,245,137,0.53
bien-etre-cible,Tangerine,daily relaxation,5,43,241,229,0.49
bien-etre-cible,Tangerine,goal tracker: habits & goals,5,42,243,85,0.58
bien-etre-cible,Tangerine,wellheal,5,55,249,228,0.49
bien-etre-cible,Tangerine,self-care diary,5,,229,4,1.49
bien-etre-cible,Tangerine,self cre,5,,247,88,0.58
bien-etre-cible,Tangerine,habits journal,5,47,249,233,0.49
bien-etre-cible,Tangerine,health to do list,5,,216,42,0.68
bien-etre-cible,Tangerine,healthy desk routine app,5,,232,41,0.68
bien-etre-cible,Tangerine,goals pro,5,45,238,189,0.50
bien-etre-cible,Tangerine,hypnos flow,5,74,220,43,0.68
bien-etre-cible,Tangerine,journal & mental health,5,49,246,97,0.57
bien-etre-cible,Tangerine,adult self care,5,40,243,35,0.71
bien-etre-cible,Tangerine,suivi d’humeur,5,42,248,60,0.63
bien-etre-cible,Tangerine,acheive goals,5,40,233,159,0.52
bien-etre-cible,Tangerine,daily mental helath,5,,226,140,0.53
bien-etre-cible,Tangerine,handle situations,5,,234,21,0.81
bien-etre-cible,Tangerine,thinking patterns log,5,,241,12,0.96
bien-etre-cible,Tangerine,achievement track,5,48,247,191,0.50
bien-etre-cible,Tangerine,habit reminder app,5,,225,33,0.72
bien-etre-cible,Tangerine,habitshift,5,,244,15,0.89
bien-etre-cible,Tangerine,innerswitch,5,59,248,192,0.50
bien-etre-cible,Tangerine,mood tracker simple,5,47,228,94,0.57
bien-etre-cible,Tangerine,allostatic,5,40,244,138,0.53
bien-etre-cible,Tangerine,stress tracker for workdays,5,42,248,140,0.53
bien-etre-cible,Tangerine,finch tracker editor,5,82,249,15,0.89
bien-etre-cible,Tangerine,finch tracker maker,5,82,249,17,0.86
bien-etre-cible,Tangerine,care fidgeter tracker,5,,238,3,1.74
bien-etre-cible,Tangerine,care fidgeter editor,5,,240,14,0.91
bien-etre-cible,Tangerine,daylio journal editor,5,59,249,82,0.59
bien-etre-cible,Tangerine,fitness planner tracker,5,,245,222,0.49
bien-etre-cible,Tangerine,habitsplanner,5,40,247,163,0.52
bien-etre-cible,Tangerine,self-,5,,239,43,0.68
bien-etre-cible,Tangerine,diary self monitorings,5,,234,13,0.93
bien-etre-cible,Tangerine,innernow meditation joys,5,40,248,155,0.52
bien-etre-cible,Tangerine,reduce cortisol,5,,239,123,0.54
bien-etre-cible,Tangerine,wellness goals,5,53,247,3,1.74
bien-etre-cible,Tangerine,selfcare coach,5,40,247,72,0.60
bien-etre-cible,Tangerine,hula hristmas,5,,249,124,0.54
bien-etre-cible,Tangerine,office stress tracker,5,,238,80,0.59
bien-etre-cible,Tangerine,healthy phone use,5,,237,13,0.93
bien-etre-cible,Tangerine,morning plan,5,45,224,31,0.73
bien-etre-cible,Tangerine,daily vitamin reminder,5,,233,95,0.57
bien-etre-cible,Tangerine,hermood ai women wellness,5,,239,49,0.66
bien-etre-cible,Tangerine,ocd recovery plan,5,,228,20,0.82
bien-etre-cible,Tangerine,reassurance seeking tracker,5,40,250,98,0.57
bien-etre-cible,Tangerine,trigger mapping tool,5,,235,18,0.84
bien-etre-cible,Tangerine,to do list journal,5,,227,46,0.67
bien-etre-cible,Tangerine,didit,5,62,178,66,0.62
bien-etre-cible,Tangerine,best apps for tracking health goals,5,,243,14,0.91
bien-etre-cible,Tangerine,ai life coach & habit tracker,5,,249,207,0.50
bien-etre-cible,Tangerine,summer lockin,5,40,249,52,0.65
bien-etre-cible,Tangerine,grow your inner light,5,40,250,227,0.49
bien-etre-cible,Tangerine,daily mental health journal,5,,231,39,0.69
bien-etre-cible,Tangerine,wellness goal,5,,249,13,0.93
bien-etre-cible,Tangerine,habitz tracker,5,48,244,167,0.52
bien-etre-cible,Tangerine,mindphone - digital wellness,5,,240,21,0.81
bien-etre-cible,Tangerine,theo dõi chi tiêu,5,40,230,93,0.57
bien-etre-cible,Tangerine,app theo dõi chi tiêu,5,36,225,101,0.56
bien-etre-cible,Tangerine,kế hoạch chi tiêu,5,40,247,30,0.74
bien-etre-cible,Tangerine,ke hoach chi tieu,5,34,197,19,0.83
bien-etre-cible,Tangerine,stress free planner,5,,236,69,0.61
bien-etre-cible,Tangerine,well water,5,,235,142,0.53
bien-etre-cible,Tangerine,breakup recovery  get over your ex  no c,5,,230,108,0.56
bien-etre-cible,Tangerine,how to fix my routine and feel better,5,43,250,20,0.82
bien-etre-cible,Tangerine,healing girl routine app,5,47,249,19,0.83
bien-etre-cible,Tangerine,aesthetic self improvement app,5,48,249,4,1.49
bien-etre-cible,Tangerine,feminine energy self improvement app,5,40,248,126,0.54
bien-etre-cible,Tangerine,feminine energy daily planner app,5,40,249,23,0.79
bien-etre-cible,Tangerine,romanticize your life routine app,5,44,250,246,0.48
bien-etre-cible,Tangerine,luxury self care routine app,5,42,249,65,0.62
bien-etre-cible,Tangerine,reset my life girl,5,42,249,43,0.68
bien-etre-cible,Tangerine,cant stick to habits help,5,42,242,31,0.73
bien-etre-cible,Tangerine,psychologist habit app women,5,40,250,53,0.64
bien-etre-cible,Tangerine,healing era routine app,5,40,249,31,0.73
bien-etre-cible,Tangerine,lumorae – ai wellness & mind,5,46,247,42,0.68
bien-etre-cible,Tangerine,do list - habits & tasks,5,46,248,229,0.49
bien-etre-cible,Tangerine,plan todo,5,,232,156,0.52
bien-etre-cible,Tangerine,mood journal & tracker,5,50,244,198,0.50
bien-etre-cible,Tangerine,reminder care for,5,73,223,26,0.76
bien-etre-cible,Tangerine,reminder personality empty,5,,222,15,0.89
bien-etre-cible,Tangerine,tiny habbit,5,,243,94,0.57
bien-etre-cible,Tangerine,health goal tracker,5,54,246,17,0.86
bien-etre-cible,Tangerine,習慣アプリ,5,,234,166,0.52
bien-etre-cible,Tangerine,habito rutina,5,,221,16,0.87
bien-etre-cible,Tangerine,day enabling,5,,227,30,0.74
bien-etre-cible,Tangerine,wellcoach,5,,225,14,0.91
bien-etre-cible,Tangerine,routinen aufbauen,5,40,250,116,0.55
bien-etre-cible,Tangerine,care plans,5,44,237,133,0.54
bien-etre-cible,Tangerine,dairy self improvement shift,5,,226,11,0.98
bien-etre-cible,Tangerine,built with science plus,5,,213,40,0.69
bien-etre-cible,Tangerine,curate: for complete wellbeing,5,,226,30,0.74
bien-etre-cible,Tangerine,e n wellness,5,,242,86,0.58
bien-etre-cible,Tangerine,foxtale: anxiety self care pet,5,,247,91,0.58
bien-etre-cible,Tangerine,goal defense,5,47,213,60,0.63
bien-etre-cible,Tangerine,guided wellbeing library,5,,219,22,0.80
bien-etre-cible,Tangerine,healthy indiana plan,5,,224,133,0.54
bien-etre-cible,Tangerine,lifeprogress-make life better,5,44,250,135,0.54
bien-etre-cible,Tangerine,mental health diary: nessy,5,54,247,10,1.02
bien-etre-cible,Tangerine,mood harmony,5,,214,128,0.54
bien-etre-cible,Tangerine,nova rain journal app,5,78,249,54,0.64
bien-etre-cible,Tangerine,selfrell: gamified journal,5,44,250,32,0.73
bien-etre-cible,Tangerine,digital wellbeing report ios,5,,240,60,0.63
bien-etre-cible,Tangerine,self_care,5,,215,19,0.83
bien-etre-cible,Tangerine,self care momo,5,,220,11,0.98
bien-etre-cible,Tangerine,hug your younger self,5,,249,86,0.58
bien-etre-cible,Tangerine,enjoys mental,5,,229,42,0.68
bien-etre-cible,Tangerine,expectations pressure,5,,229,66,0.62
bien-etre-cible,Tangerine,sunday reset,5,,219,20,0.82
bien-etre-cible,Tangerine,daily planner3,5,,236,236,0.49
bien-etre-cible,Tangerine,vitatrack-focus,5,,248,96,0.57
bien-etre-cible,Tangerine,top garden tips online reminder coach,5,40,248,30,0.74
bien-etre-cible,Tangerine,my free easy plant reminders planner fre,5,,243,235,0.49
bien-etre-cible,Tangerine,habits goals,5,31,233,17,0.86
bien-etre-cible,Tangerine,shortcut what gentle iphone,5,54,213,35,0.71
bien-etre-cible,Tangerine,adults share daily review,5,70,236,17,0.86
bien-etre-cible,Tangerine,review adults share daily,5,66,235,17,0.86
bien-etre-cible,Tangerine,adults share daily reviews,5,66,236,15,0.89
bien-etre-cible,Tangerine,reviews adults share daily,5,66,235,17,0.86
bien-etre-cible,Tangerine,trigger based smoking,5,,214,72,0.60
bien-etre-cible,Tangerine,mood reminder,5,,210,7,1.16
bien-etre-cible,Tangerine,lyra health game,5,,229,37,0.70
bien-etre-cible,Tangerine,easy daily pay reminder tracker,5,,238,73,0.60
bien-etre-cible,Tangerine,easy daily pay reminder journal,5,40,246,230,0.49
bien-etre-cible,Tangerine,free daily pay tracker planner,5,,243,96,0.57
bien-etre-cible,Tangerine,daily pay tracker free reminder,5,,242,58,0.63
bien-etre-cible,Tangerine,reviews daily check in journal tracker,5,,241,15,0.89
bien-etre-cible,Tangerine,reviews daily check in journal planner,5,,236,68,0.61
bien-etre-cible,Tangerine,reviews daily check in journal reminder,5,49,249,219,0.49
bien-etre-cible,Tangerine,reddit top daily pay free journal,5,,232,14,0.91
bien-etre-cible,Tangerine,tutorial top daily pay free journal,5,,230,15,0.89
bien-etre-cible,Tangerine,premium top daily pay free journal,5,,231,16,0.87
bien-etre-cible,Tangerine,daily pay tracker free app planner,5,,244,75,0.60
bien-etre-cible,Tangerine,daily pay tracker free game planner,5,,246,77,0.60
bien-etre-cible,Tangerine,daily pay tracker free game journal,5,,247,20,0.82
bien-etre-cible,Tangerine,daily pay tracker free game reminder,5,,241,51,0.65
bien-etre-cible,Tangerine,advance cash tracker reminder free plann,5,,231,47,0.66
bien-etre-cible,Tangerine,tutorial reviews daily check in journal,5,,241,15,0.89
bien-etre-cible,Tangerine,premium adults share daily reddit journa,5,,233,21,0.81
bien-etre-cible,Tangerine,review top daily pay free journal reddit,5,,231,21,0.81
bien-etre-cible,Tangerine,reddit review top daily pay free journal,5,,229,21,0.81
bien-etre-cible,Tangerine,review top daily pay free journal tutori,5,,229,19,0.83
bien-etre-cible,Tangerine,lilia wellness system,5,46,249,73,0.60
bien-etre-cible,Tangerine,memories reddit app game journal,5,55,249,206,0.50
bien-etre-cible,Tangerine,memories app reddit journal,5,,232,43,0.68
bien-etre-cible,Tangerine,reddit hide app android journal,5,,234,24,0.78
bien-etre-cible,Tangerine,sharing reminds message,5,,249,146,0.53
bien-etre-cible,Tangerine,careplan reminders,5,,238,15,0.89
bien-etre-cible,Tangerine,reviews daily checkins,5,,249,112,0.55
bien-etre-cible,Tangerine,vs emotional connection have app,5,,229,60,0.63
bien-etre-cible,Tangerine,subscription have gentle nudge,5,74,228,33,0.72
bien-etre-cible,Tangerine,good daily reminder app planner,5,,235,180,0.51
bien-etre-cible,Tangerine,good daily reminder app journal,5,,232,20,0.82
bien-etre-cible,Tangerine,good daily reminder app game tracker,5,,245,51,0.65
bien-etre-cible,Tangerine,good daily reminder app game planner,5,,235,167,0.52
bien-etre-cible,Tangerine,good daily reminder apps tracker,5,,243,45,0.67
bien-etre-cible,Tangerine,good daily reminder apps planner,5,,236,171,0.51
bien-etre-cible,Tangerine,good daily reminder apps journal,5,,229,19,0.83
bien-etre-cible,Tangerine,good daily reminder apps app best,5,,230,109,0.56
bien-etre-cible,Tangerine,good daily reminder apps app tracker,5,,243,36,0.70
bien-etre-cible,Tangerine,good daily reminder apps app journal,5,,227,14,0.91
bien-etre-cible,Tangerine,stay have emotional,5,,235,27,0.76
bien-etre-cible,Tangerine,nudge reminder daily for anxiety,5,58,250,7,1.16
bien-etre-cible,Tangerine,top nudge iphone emotional,5,,227,29,0.74
bien-etre-cible,Tangerine,gentle emotional nudge,5,40,239,21,0.81
bien-etre-cible,Tangerine,gentle emotional nudge game,5,,241,41,0.68
bien-etre-cible,Tangerine,free gentle emotional nudge,5,,233,26,0.76
bien-etre-cible,Tangerine,top gentle emotional nudge,5,,239,24,0.78
bien-etre-cible,Tangerine,daily remind stay for beginners,5,44,250,144,0.53
bien-etre-cible,Tangerine,heard nudge emotional,5,,231,27,0.76
bien-etre-cible,Tangerine,free heard nudge emotional,5,,228,31,0.73
bien-etre-cible,Tangerine,top heard nudge emotional,5,,230,29,0.74
bien-etre-cible,Tangerine,emotional nudge gentle,5,42,240,22,0.80
bien-etre-cible,Tangerine,emotional nudge connection,5,52,220,31,0.73
bien-etre-cible,Tangerine,remind journals,5,40,248,91,0.58
bien-etre-cible,Tangerine,top emotional stay,5,,232,28,0.75
bien-etre-cible,Tangerine,emotional remind gentle,5,,233,22,0.80
bien-etre-cible,Tangerine,checkins remind emotional,5,,233,40,0.69
bien-etre-cible,Tangerine,alternatives homescreen emotional,5,,250,163,0.52
bien-etre-cible,Tangerine,gentle emotional remind,5,,233,45,0.67
bien-etre-cible,Tangerine,emotional nudge trial,5,,221,27,0.76
bien-etre-cible,Tangerine,easy remind have gentle,5,,248,229,0.49
bien-etre-cible,Tangerine,emotional good stay,5,,225,30,0.74
bien-etre-cible,Tangerine,notification nudge emotional,5,,237,18,0.84
bien-etre-cible,Tangerine,stay emotional nudge,5,,222,26,0.76
bien-etre-cible,Tangerine,intimacy scorecard notification,5,,236,41,0.68
bien-etre-cible,Tangerine,review free lifeline app reminder best,5,,233,5,1.34
bien-etre-cible,Tangerine,reviews free lifeline app reminder best,5,,232,4,1.49
bien-etre-cible,Tangerine,calm before doomscroll,5,,222,31,0.73
bien-etre-cible,Tangerine,water workout,5,,227,192,0.50
bien-etre-cible,Tangerine,heath planner,5,,236,216,0.49
bien-etre-cible,Tangerine,relationship maintenance,5,,237,121,0.55
bien-etre-cible,Tangerine,autopilot eating,5,,230,55,0.64
bien-etre-cible,Tangerine,volume stabilizier,5,,250,74,0.60
bien-etre-cible,Tangerine,daily journal & diary,5,,238,108,0.56
bien-etre-cible,Tangerine,motymate,5,,229,25,0.77
bien-etre-cible,Tangerine,affirmations after breakup,5,,231,106,0.56
bien-etre-cible,Tangerine,welness diary,5,,247,236,0.49
bien-etre-cible,Tangerine,self-care affirmations,5,,229,119,0.55
bien-etre-cible,Tangerine,habut,5,,246,193,0.50
bien-etre-cible,Tangerine,touch relax,5,,213,31,0.73
bien-etre-cible,Tangerine,self care daily tracker,5,,243,11,0.98
bien-etre-cible,Tangerine,goal setting-self care routine,5,46,250,5,1.34
bien-etre-cible,Tangerine,extra personal self care,5,,226,8,1.10
bien-etre-cible,Tangerine,well-being companion,5,,229,35,0.71
bien-etre-cible,Tangerine,daily well-being,5,,232,13,0.93
bien-etre-cible,Tangerine,nagging colorful wheel guide,5,,228,16,0.87
bien-etre-cible,Tangerine,form google forms &,5,,238,197,0.50
bien-etre-cible,Tangerine,health ai&self care,5,80,247,88,0.58
bien-etre-cible,Tangerine,mood tracker christian,5,,230,145,0.53
bien-etre-cible,Tangerine,healthy goal tracker,5,,244,42,0.68
bien-etre-cible,Tangerine,wellness habit tracker,5,,249,87,0.58
bien-etre-cible,Tangerine,self cae,5,,247,79,0.59
bien-etre-cible,Tangerine,bucket tracker,5,,245,54,0.64
bien-etre-cible,Tangerine,سلفة للتمويل,5,53,245,50,0.65
bien-etre-cible,Tangerine,سلفه,5,44,247,95,0.57
bien-etre-cible,Tangerine,سلف,5,47,246,68,0.61
bien-etre-cible,Tangerine,清单与提醒,5,,249,75,0.60
bien-etre-cible,Tangerine,journal kit,5,,247,139,0.53
bien-etre-cible,Tangerine,tsel,5,,246,66,0.62
bien-etre-cible,Tangerine,daily journal & habit tracker,5,30,248,92,0.58
bien-etre-cible,Tangerine,applecat,5,,248,118,0.55
bien-etre-cible,Tangerine,self habit tracker,5,,247,115,0.55
bien-etre-cible,Tangerine,care habit tracker,5,,249,62,0.62
bien-etre-cible,Tangerine,habit tracker care,5,,249,119,0.55
bien-etre-cible,Tangerine,health wellness,,60,238,226,
bien-etre-cible,Tangerine,停止,,40,232,133,
bien-etre-cible,Tangerine,fill%20the%20cup,,51,249,10,
bien-etre-cible,Tangerine,self%20care%20routine%20planner,,,236,19,
bien-etre-cible,Tangerine,journaling%20app,,59,249,86,
bien-etre-cible,Tangerine,wellness%20hub,,,232,25,
bien-etre-cible,Tangerine,inflow%20adhd,,,234,135,
bien-etre-cible,Tangerine,digital wellbeing[55],,49,250,81,
bien-etre-cible,Tangerine,habit notification,,,214,70,
bien-etre-cible,Tangerine,micro self care,,,221,3,
bien-etre-cible,Tangerine,feminine life reset app,,42,248,57,
bien-etre-cible,Tangerine,diario todo,,40,245,147,
bien-etre-cible,Tangerine,micro habi,,,235,13,
bien-etre-cible,Tangerine,mindful noire,,,231,42,
bien-etre-cible,Tangerine,project wellbeing,,,208,32,
bien-etre-cible,Tangerine,intro planner,,,247,30,
bien-etre-cible,Tangerine,free daily pay tracker reminder,,,242,59,
bien-etre-cible,Tangerine,reviews daily check in journal free revi,,56,250,71,
bien-etre-cible,Tangerine,good daily reminder app game journal,,,231,21,
bien-etre-cible,Tangerine,top emotional nudge stay,,,231,39,
bien-etre-cible,Tangerine,emotional widget nudge,,,228,36,
bien-etre-cible,Tangerine,emotional nudge have,,,250,99,
bien-etre-cible,Tangerine,my video compressor tracker,,,234,13,
bien-etre-cible,Tangerine,share daylio,,,209,15,
bien-etre-cible,Tangerine,morning wood tracker,,40,248,17,
bien-etre-cible,Tangerine,manifest journal: kira,,,250,33,
bien-etre-cible,Tangerine,task kit,,,248,85,
bien-etre-cible,Tangerine,goal kit,,,242,9,
bien-etre-cible,Tangerine,anime kit,,,245,223,
bien-etre-cible,Tangerine,self discovery buddy,,,250,34,
bien-etre-cible,Tangerine,smart personal growth journal manifest c,,,250,189,