cluster,app,keyword,popularity,competitiveness,num_apps,rank,importance
diy-design,Hometalk,hobby lobby,63,83,102,63,7.83
diy-design,Hometalk,michaels,62,100,249,118,6.80
diy-design,Hometalk,bilt,61,92,250,147,6.43
diy-design,Hometalk,دس,52,,247,114,5.74
diy-design,Hometalk,diy,41,75,249,6,10.13
diy-design,Hometalk,homegoods,40,79,249,63,4.97
diy-design,Hometalk,craftsy,9,76,247,7,2.09
diy-design,Hometalk,sewing,7,69,248,104,0.79
diy-design,Hometalk,ideas,7,95,248,233,0.68
diy-design,Hometalk,garden ideas,5,49,243,90,0.58
diy-design,Hometalk,home & garden,5,55,241,102,0.56
diy-design,Hometalk,crafts,5,86,241,6,1.24
diy-design,Hometalk,dyi,5,83,207,2,2.29
diy-design,Hometalk,diy app,5,90,250,7,1.16
diy-design,Hometalk,decor matters,5,85,250,29,0.74
diy-design,Hometalk,diy fashion,5,37,247,117,0.55
diy-design,Hometalk,diy crafts,5,51,248,10,1.02
diy-design,Hometalk,crafty,5,,219,24,0.78
diy-design,Hometalk,wikihow,5,47,27,6,1.24
diy-design,Hometalk,backyard ideas,5,55,248,133,0.54
diy-design,Hometalk,yard improvement,5,52,248,57,0.63
diy-design,Hometalk,diy vegetable garden,5,40,240,31,0.73
diy-design,Hometalk,home ideas,5,84,248,230,0.49
diy-design,Hometalk,yard ideas,5,66,244,140,0.53
diy-design,Hometalk,diy ideas,5,87,245,2,2.29
diy-design,Hometalk,craft ideas,5,85,246,1,5.00
diy-design,Hometalk,stitching with a hoop,5,56,245,37,0.70
diy-design,Hometalk,do it yourself,5,62,82,4,1.49
diy-design,Hometalk,diy home,5,84,248,7,1.16
diy-design,Hometalk,home gardening,5,47,240,57,0.63
diy-design,Hometalk,manualidades,5,82,248,154,0.52
diy-design,Hometalk,diy projects,5,57,248,2,2.29
diy-design,Hometalk,decormatters,5,76,51,21,0.81
diy-design,Hometalk,garden repair,5,,247,83,0.59
diy-design,Hometalk,explore craft,5,40,237,149,0.53
diy-design,Hometalk,craftopia,5,79,247,64,0.62
diy-design,Hometalk,ideas app,5,85,246,212,0.49
diy-design,Hometalk,gardening ideas,5,,238,53,0.64
diy-design,Hometalk,diy theme,5,32,248,38,0.70
diy-design,Hometalk,kitchen garden,5,58,245,55,0.64
diy-design,Hometalk,wall craft,5,,196,90,0.58
diy-design,Hometalk,diy home decor ideas,5,52,31,3,1.74
diy-design,Hometalk,landscaping design ideas,5,45,236,225,0.49
diy-design,Hometalk,home remedy,5,45,239,115,0.55
diy-design,Hometalk,graft,5,52,213,70,0.61
diy-design,Hometalk,idea store,5,,207,88,0.58
diy-design,Hometalk,michaels stores,5,81,246,161,0.52
diy-design,Hometalk,工艺,5,49,248,162,0.52
diy-design,Hometalk,stylique,5,45,249,61,0.63
diy-design,Hometalk,crafts for kids,5,63,217,7,1.16
diy-design,Hometalk,country living magazine us,5,,202,23,0.79
diy-design,Hometalk,home craft,5,77,249,38,0.70
diy-design,Hometalk,diy phone cases,5,,247,212,0.49
diy-design,Hometalk,dekor,5,66,247,194,0.50
diy-design,Hometalk,make ideas,5,40,236,85,0.58
diy-design,Hometalk,handy craft,5,35,250,226,0.49
diy-design,Hometalk,slime jars,5,40,246,221,0.49
diy-design,Hometalk,troom easy diy,5,83,59,15,0.89
diy-design,Hometalk,dit videos,5,42,239,139,0.53
diy-design,Hometalk,-diy,5,40,244,24,0.78
diy-design,Hometalk,diy house,5,,250,7,1.16
diy-design,Hometalk,decoration ideas,5,63,233,12,0.96
diy-design,Hometalk,crafto,5,,182,122,0.55
diy-design,Hometalk,couple ideas at home,5,51,249,3,1.74
diy-design,Hometalk,date night decorations,5,40,243,87,0.58
diy-design,Hometalk,diy date night at home,5,40,242,130,0.54
diy-design,Hometalk,home gift ideas for couples,5,40,248,107,0.56
diy-design,Hometalk,home gifts for couples,5,40,249,129,0.54
diy-design,Hometalk,ideas for couples to do at home,5,40,248,99,0.57
diy-design,Hometalk,in home date ideas,5,40,244,92,0.58
diy-design,Hometalk,indoor date ideas at home,5,40,245,89,0.58
diy-design,Hometalk,gardn,5,95,241,196,0.50
diy-design,Hometalk,weapon craft,5,54,240,212,0.49
diy-design,Hometalk,wcrds booster,5,45,250,12,0.96
diy-design,Hometalk,renovate ideas,5,46,248,42,0.68
diy-design,Hometalk,household stuff,5,46,248,41,0.68
diy-design,Hometalk,unusual garden,5,40,247,82,0.59
diy-design,Hometalk,propagation helper,5,40,249,39,0.69
diy-design,Hometalk,diy project,5,51,245,4,1.49
diy-design,Hometalk,skycraft,5,59,245,145,0.53
diy-design,Hometalk,DIY Craft Ideas,5,52,231,8,1.10
diy-design,Hometalk,couple home,5,70,249,245,0.48
diy-design,Hometalk,home hacks,5,42,248,161,0.52
diy-design,Hometalk,auto diy,5,87,246,87,0.58
diy-design,Hometalk,diyers,5,40,231,23,0.79
diy-design,Hometalk,auot diy,5,79,169,22,0.80
diy-design,Hometalk,Craft Pricing,5,55,250,118,0.55
diy-design,Hometalk,crafting\,5,50,234,120,0.55
diy-design,Hometalk,craft things,5,70,247,86,0.58
diy-design,Hometalk,garden savvy,5,,249,175,0.51
diy-design,Hometalk,craft project,5,42,248,162,0.52
diy-design,Hometalk,diy craft,5,46,241,3,1.74
diy-design,Hometalk,kids diy,5,53,244,80,0.59
diy-design,Hometalk,kid diy,5,51,245,115,0.55
diy-design,Hometalk,kitchen renovate,5,72,202,40,0.69
diy-design,Hometalk,collect and craft,5,40,222,140,0.53
diy-design,Hometalk,Diy kitchen,5,50,245,45,0.67
diy-design,Hometalk,decor ideas,5,77,230,20,0.82
diy-design,Hometalk,help organize stuff,5,42,246,71,0.61
diy-design,Hometalk,diy.craft,5,44,238,13,0.93
diy-design,Hometalk,craft hobby,5,34,243,124,0.54
diy-design,Hometalk,hobby log,5,70,246,124,0.54
diy-design,Hometalk,diy repair,5,49,247,122,0.55
diy-design,Hometalk,project diy,5,55,235,28,0.75
diy-design,Hometalk,3d diy,5,58,248,203,0.50
diy-design,Hometalk,art craft diy,5,70,241,80,0.59
diy-design,Hometalk,diy now,5,66,158,6,1.24
diy-design,Hometalk,craft for kids,5,79,214,123,0.54
diy-design,Hometalk,diy activities,5,57,246,26,0.76
diy-design,Hometalk,couple ideas,5,40,243,124,0.54
diy-design,Hometalk,joanns,5,80,154,46,0.67
diy-design,Hometalk,crafting ideas,5,,78,2,2.29
diy-design,Hometalk,craf ideas,5,,94,3,1.74
diy-design,Hometalk,diy home projects,5,,245,7,1.16
diy-design,Hometalk,diy lawn,5,54,250,64,0.62
diy-design,Hometalk,craft instructions,5,,28,3,1.74
diy-design,Hometalk,diy project planner,5,47,250,181,0.51
diy-design,Hometalk,diy furniture,5,63,246,53,0.64
diy-design,Hometalk,furniture diy,5,41,244,70,0.61
diy-design,Hometalk,diy decor,5,,243,7,1.16
diy-design,Hometalk,gardenly,5,64,249,237,0.49
diy-design,Hometalk,remodel backyard,5,,212,12,0.96
diy-design,Hometalk,tv wall unit design,5,,238,183,0.51
diy-design,Hometalk,only lawns,5,44,250,76,0.60
diy-design,Hometalk,yard inspiration,5,40,248,49,0.66
diy-design,Hometalk,diy glamp,5,,225,7,1.16
diy-design,Hometalk,diy tips,5,,212,13,0.93
diy-design,Hometalk,home%20budget,5,71,250,157,0.52
diy-design,Hometalk,redesign%20home,5,85,232,47,0.66
diy-design,Hometalk,tools%20for%20procreate,5,67,222,35,0.71
diy-design,Hometalk,easy%20cleaner,5,46,230,26,0.76
diy-design,Hometalk,project%20color%20by%20the%20home%20depot,5,63,213,28,0.75
diy-design,Hometalk,cozy%20home,5,57,249,228,0.49
diy-design,Hometalk,crochet%20patterns,5,75,226,129,0.54
diy-design,Hometalk,garden%20diary,5,40,245,26,0.76
diy-design,Hometalk,backyard%20design,5,49,209,15,0.89
diy-design,Hometalk,easy%20drawing,5,47,248,195,0.50
diy-design,Hometalk,home%20renovation,5,60,248,226,0.49
diy-design,Hometalk,greetings%20island,5,42,249,214,0.49
diy-design,Hometalk,zen%20garden,5,40,240,96,0.57
diy-design,Hometalk,stud%20f%C4%B1nder,5,52,250,33,0.72
diy-design,Hometalk,garden%20dairy,5,49,247,65,0.62
diy-design,Hometalk,tidy%20home,5,33,226,159,0.52
diy-design,Hometalk,flush it ventin,5,,199,45,0.67
diy-design,Hometalk,christmas village advent calendar,5,,175,32,0.73
diy-design,Hometalk,christmas village advent,5,,174,28,0.75
diy-design,Hometalk,decorate%20house,5,57,250,154,0.52
diy-design,Hometalk,decorar%20casas,5,72,249,50,0.65
diy-design,Hometalk,yard%20design,5,51,245,117,0.55
diy-design,Hometalk,sewing%20patterns,5,,247,177,0.51
diy-design,Hometalk,remodel%3Aai,5,69,250,81,0.59
diy-design,Hometalk,garden%20design,5,42,241,178,0.51
diy-design,Hometalk,diy lighter,5,,245,29,0.74
diy-design,Hometalk,dıy,5,62,248,158,0.52
diy-design,Hometalk,couple garden,5,53,249,57,0.63
diy-design,Hometalk,alone hobbies,5,,193,5,1.34
diy-design,Hometalk,gardening indoor,5,44,247,95,0.57
diy-design,Hometalk,plant homemade fertilizer,5,42,248,40,0.69
diy-design,Hometalk,plant pest remedy,5,40,248,225,0.49
diy-design,Hometalk,handywork,5,,233,26,0.76
diy-design,Hometalk,diy space,5,,242,60,0.63
diy-design,Hometalk,string art ideas,5,,225,18,0.84
diy-design,Hometalk,branch grafting,5,54,248,66,0.62
diy-design,Hometalk,banneton guide,5,40,250,41,0.68
diy-design,Hometalk,crochet tips,5,,214,147,0.53
diy-design,Hometalk,pottery ideas,5,,200,35,0.71
diy-design,Hometalk,craftybox,5,76,207,45,0.67
diy-design,Hometalk,quilt ideas,5,,249,85,0.58
diy-design,Hometalk,home tips,5,,195,19,0.83
diy-design,Hometalk,diy home project planner,5,,211,2,2.29
diy-design,Hometalk,home repair diy guide,5,,244,135,0.54
diy-design,Hometalk,candle scent mixing,5,,222,53,0.64
diy-design,Hometalk,furniture restoration tips,5,,247,41,0.68
diy-design,Hometalk,upcycling projects,5,,206,1,5.00
diy-design,Hometalk,renovation ideas,5,58,247,42,0.68
diy-design,Hometalk,handmade crafts,5,80,235,137,0.53
diy-design,Hometalk,home gardener,5,40,247,37,0.70
diy-design,Hometalk,diy circuit planner,5,,248,44,0.67
diy-design,Hometalk,wood carving guide,5,40,242,190,0.50
diy-design,Hometalk,how to decorate,5,,233,189,0.50
diy-design,Hometalk,bedroom ideas aesthetic,5,,246,147,0.53
diy-design,Hometalk,compost guide,5,,218,3,1.74
diy-design,Hometalk,backyard beekeeping,5,40,245,222,0.49
diy-design,Hometalk,wood sense craft identifier,5,77,247,242,0.48
diy-design,Hometalk,talk with family,5,,208,43,0.68
diy-design,Hometalk,renovation plan,5,43,219,29,0.74
diy-design,Hometalk,dandelion to do,5,40,247,29,0.74
diy-design,Hometalk,balcony container vegetable planner,5,40,246,119,0.55
diy-design,Hometalk,home decor idea,5,,220,191,0.50
diy-design,Hometalk,diy tools,5,38,247,68,0.61
diy-design,Hometalk,sewing guides & ideas,5,69,245,120,0.55
diy-design,Hometalk,valentine cricut,5,,211,46,0.67
diy-design,Hometalk,diy help,5,,162,9,1.06
diy-design,Hometalk,adhesive cure,5,,224,16,0.87
diy-design,Hometalk,primer dry time,5,,217,29,0.74
diy-design,Hometalk,kumihimo patterns,5,,225,81,0.59
diy-design,Hometalk,punch needle patterns,5,,239,168,0.51
diy-design,Hometalk,procjet,5,,248,238,0.48
diy-design,Hometalk,decorhomes,5,,218,107,0.56
diy-design,Hometalk,graduation cap decoration diy,5,,248,29,0.74
diy-design,Hometalk,chain spacing,5,,229,14,0.91
diy-design,Hometalk,diy business,5,87,247,23,0.79
diy-design,Hometalk,live diy,5,,192,16,0.87
diy-design,Hometalk,crochet pattern make,5,,232,128,0.54
diy-design,Hometalk,home gardening companion,5,40,246,77,0.60
diy-design,Hometalk,diy fix guide,5,,244,55,0.64
diy-design,Hometalk,solarpunk garden,5,,249,79,0.59
diy-design,Hometalk,tiered planters,5,43,249,18,0.84
diy-design,Hometalk,grow vegetables home,5,40,243,99,0.57
diy-design,Hometalk,home harvest,5,,195,17,0.86
diy-design,Hometalk,garden status,5,40,243,147,0.53
diy-design,Hometalk,diy guide,5,,241,42,0.68
diy-design,Hometalk,diy home fix,5,,245,36,0.70
diy-design,Hometalk,hoe to,5,,230,22,0.80
diy-design,Hometalk,repair diy,5,,242,128,0.54
diy-design,Hometalk,learn carpentry,5,,205,25,0.77
diy-design,Hometalk,backyard with,5,44,247,27,0.76
diy-design,Hometalk,customizable garden,5,40,248,112,0.55
diy-design,Hometalk,experienced gardeners,5,65,210,27,0.76
diy-design,Hometalk,four tomato pots,5,94,217,32,0.73
diy-design,Hometalk,beds borders,5,40,250,37,0.70
diy-design,Hometalk,pots forget which,5,,226,22,0.80
diy-design,Hometalk,pots forget,5,,226,21,0.81
diy-design,Hometalk,beds pergolas,5,40,250,43,0.68
diy-design,Hometalk,continual harvest,5,40,249,60,0.63
diy-design,Hometalk,conservatory online,5,,214,8,1.10
diy-design,Hometalk,crafting lessons,5,,228,51,0.65
diy-design,Hometalk,bookmark diy,5,,212,4,1.49
diy-design,Hometalk,reference homes,5,,189,69,0.61
diy-design,Hometalk,book craft,5,,236,133,0.54
diy-design,Hometalk,create craft,5,,228,109,0.56
diy-design,Hometalk,make craft,5,,225,97,0.57
diy-design,Hometalk,my garden tips online,5,,246,21,0.81
diy-design,Hometalk,top free garden tips for kids,5,40,245,54,0.64
diy-design,Hometalk,easy free garden tips for kids,5,58,245,1,5.00
diy-design,Hometalk,my free garden tips for kids,5,40,244,121,0.55
diy-design,Hometalk,free garden tips for kids free,5,66,249,57,0.63
diy-design,Hometalk,free garden tips for kids journal app,5,,236,72,0.60
diy-design,Hometalk,free garden tips for kids journal game,5,,244,52,0.65
diy-design,Hometalk,my garden tips online reminder coach,5,40,240,149,0.53
diy-design,Hometalk,easy free garden tips for kids journal r,5,40,244,21,0.81
diy-design,Hometalk,my free garden tips for kids journal rem,5,40,236,175,0.51
diy-design,Hometalk,garden tips online reminder coach online,5,,244,144,0.53
diy-design,Hometalk,my garden tips online reminder coach onl,5,,213,27,0.76
diy-design,Hometalk,my garden tip online,5,40,239,150,0.52
diy-design,Hometalk,garden tip online free,5,40,245,124,0.54
diy-design,Hometalk,garden tip online best,5,49,247,44,0.67
diy-design,Hometalk,top easy free garden tip,5,40,246,39,0.69
diy-design,Hometalk,free garden tip online free,5,40,244,69,0.61
diy-design,Hometalk,top garden tip online free,5,,240,113,0.55
diy-design,Hometalk,my garden tip online free,5,60,245,8,1.10
diy-design,Hometalk,top garden tip online free best,5,40,242,167,0.52
diy-design,Hometalk,my garden tip online free best,5,40,242,177,0.51
diy-design,Hometalk,garden tip online free best free,5,40,245,203,0.50
diy-design,Hometalk,easy free garden tip online journal onli,5,40,245,161,0.52
diy-design,Hometalk,free top garden tip online free best,5,43,247,6,1.24
diy-design,Hometalk,my top garden tip online free best,5,40,246,117,0.55
diy-design,Hometalk,top garden tip online free best free,5,40,246,112,0.55
diy-design,Hometalk,garden tip online free app online game f,5,,218,74,0.60
diy-design,Hometalk,free my top garden tip online free best,5,64,246,38,0.70
diy-design,Hometalk,my top garden tip online free best free,5,64,243,196,0.50
diy-design,Hometalk,free easy free garden tip game best trac,5,,224,28,0.75
diy-design,Hometalk,free my easy free garden tip online jour,5,42,246,66,0.62
diy-design,Hometalk,easy my easy free garden tip online jour,5,62,245,1,5.00
diy-design,Hometalk,top my free garden tip planner free trac,5,40,242,178,0.51
diy-design,Hometalk,easy my free garden tip planner free jou,5,40,245,202,0.50
diy-design,Hometalk,top my top garden tip online free best a,5,40,243,15,0.89
diy-design,Hometalk,free easy garden tip online free best pl,5,40,243,160,0.52
diy-design,Hometalk,interior checklist,5,51,249,129,0.54
diy-design,Hometalk,craft finder,5,,213,40,0.69
diy-design,Hometalk,home projects,5,58,209,5,1.34
diy-design,Hometalk,easy tutorial bumpers plates free,5,,250,78,0.59
diy-design,Hometalk,pottery wheel tips,5,40,247,81,0.59
diy-design,Hometalk,clothes repair tips,5,84,249,124,0.54
diy-design,Hometalk,woodworking joints guide,5,40,247,161,0.52
diy-design,Hometalk,declutter minimal home guide,5,40,250,131,0.54
diy-design,Hometalk,copper yard invoice,5,,248,73,0.60
diy-design,Hometalk,wire wrapping,5,,250,30,0.74
diy-design,Hometalk,macrame knot log,5,77,250,29,0.74
diy-design,Hometalk,loom knitting log,5,,237,186,0.51
diy-design,Hometalk,weaving pattern log,5,,250,55,0.64
diy-design,Hometalk,pottery fix sharecare,5,,202,36,0.70
diy-design,Hometalk,review garden design,5,,245,219,0.49
diy-design,Hometalk,custom plate rack,5,80,250,44,0.67
diy-design,Hometalk,woodworking project,5,49,245,74,0.60
diy-design,Hometalk,crochet made easy,5,41,246,176,0.51
diy-design,Hometalk,upcycling crafts,5,,192,2,2.29
diy-design,Hometalk,parents want chores for beginners,5,,222,70,0.61
diy-design,Hometalk,chores assigned fairly for couples,5,,227,53,0.64
diy-design,Hometalk,backyard makeover,5,,222,46,0.67
diy-design,Hometalk,garden design makeover,5,,221,67,0.61
diy-design,Hometalk,crochet ideas,5,,215,18,0.84
diy-design,Hometalk,gardening decorations,5,40,247,10,1.02
diy-design,Hometalk,patio ideas,5,,201,3,1.74
diy-design,Hometalk,garden & home,5,89,248,169,0.51
diy-design,Hometalk,dwellers with pots,5,,247,120,0.55
diy-design,Hometalk,potted tomato,5,25,248,52,0.65
diy-design,Hometalk,craft tutorials,5,,243,117,0.55
diy-design,Hometalk,swing stand front,5,,248,69,0.61
diy-design,Hometalk,clipart for shirts,5,,248,193,0.50
diy-design,Hometalk,complete diy,5,,164,16,0.87
diy-design,Hometalk,remodel garden,5,,247,112,0.55
diy-design,Hometalk,room remodel garden,5,,249,184,0.51
diy-design,Hometalk,diy ideas  beginner tutorials,5,,243,14,0.91
diy-design,Hometalk,low maintenance landscaping,5,,250,46,0.67
diy-design,Hometalk,thedadlab,,40,250,115,
diy-design,Hometalk,diy craft project,,,31,5,
diy-design,Hometalk,diy craft projects,,,31,5,
diy-design,Hometalk,garden%20planning,,,199,98,
diy-design,Hometalk,diy%20projects,,,244,1,
diy-design,Hometalk,paint recipe log,,,223,8,
diy-design,Hometalk,diy helper,,,245,19,
diy-design,Hometalk,cookflow,,,241,39,
diy-design,Hometalk,crochet inspo,,,225,115,
diy-design,Hometalk,diy feshion,,,242,34,
diy-design,Hometalk,easy free garden tips,,40,246,183,
diy-design,Hometalk,ldeas,,82,239,172,
diy-design,Hometalk,vertical gardening guide,,40,245,154,
diy-design,Hometalk,kids crafts ideas database,,32,245,93,
diy-design,Hometalk,insulation checklist diy,,43,249,27,
diy-design,Hometalk,pottery wheel throwing tutorial,,40,247,79,
diy-design,Hometalk,sewing idea,,,219,38,
diy-design,Hometalk,wood glue guide,,,249,84,
diy-design,Hometalk,sewing pattern grader,,,247,158,
diy-design,Hometalk,sweing,,,247,71,
diy-design,LogoMaker,aı:,78,94,247,187,7.88
diy-design,LogoMaker,adobe express,58,97,246,174,5.93
diy-design,LogoMaker,یوتیوب,55,,248,240,5.33
diy-design,LogoMaker,phomemo,53,53,84,56,6.75
diy-design,LogoMaker,aı video,53,69,243,232,5.16
diy-design,LogoMaker,logo maker,52,98,250,4,15.48
diy-design,LogoMaker,bazaart,52,96,213,98,5.91
diy-design,LogoMaker,esty,50,,247,143,5.29
diy-design,LogoMaker,تابي,50,74,249,191,5.03
diy-design,LogoMaker,aı apps,49,94,248,53,6.32
diy-design,LogoMaker,ترو كولر,46,64,248,149,4.84
diy-design,LogoMaker,تروكولر,45,66,246,96,5.13
diy-design,LogoMaker,camva,44,96,247,8,9.70
diy-design,LogoMaker,camba,44,95,247,98,5.00
diy-design,LogoMaker,勉強計画,42,46,247,15,7.49
diy-design,LogoMaker,etsy com,41,79,240,90,4.74
diy-design,LogoMaker,تصاميم,41,95,249,208,4.07
diy-design,LogoMaker,logo maker free,35,94,250,6,8.65
diy-design,LogoMaker,avery labels,34,97,249,13,6.34
diy-design,LogoMaker,計画,34,60,248,16,5.95
diy-design,LogoMaker,ai logo maker,34,64,249,142,3.61
diy-design,LogoMaker,logo designer free,28,93,249,6,6.92
diy-design,LogoMaker,canva create,26,,247,49,3.41
diy-design,LogoMaker,custom logo maker,24,61,250,5,6.42
diy-design,LogoMaker,piccrew,20,69,248,240,1.94
diy-design,LogoMaker,에이아이,19,86,247,194,1.91
diy-design,LogoMaker,logo design,17,96,246,40,2.34
diy-design,LogoMaker,grafik design,17,66,242,16,2.97
diy-design,LogoMaker,logo generator,17,69,249,107,1.90
diy-design,LogoMaker,로고,15,49,235,9,3.17
diy-design,LogoMaker,logo erstellen,14,43,247,3,4.88
diy-design,LogoMaker,设计,13,93,246,9,2.74
diy-design,LogoMaker,t shirt designer,11,49,245,14,2.00
diy-design,LogoMaker,comptage,10,45,239,72,1.21
diy-design,LogoMaker,picmonkey,9,98,80,58,1.14
diy-design,LogoMaker,make a game,9,81,235,11,1.77
diy-design,LogoMaker,app maker,9,79,241,11,1.77
diy-design,LogoMaker,creador de logos,9,96,250,4,2.68
diy-design,LogoMaker,business logo creator design,9,95,232,6,2.22
diy-design,LogoMaker,joinbrands,9,54,249,139,0.96
diy-design,LogoMaker,hypehype,9,,93,9,1.90
diy-design,LogoMaker,label maker,8,97,250,14,1.46
diy-design,LogoMaker,diseño grafico,8,85,250,12,1.53
diy-design,LogoMaker,carva,8,,248,23,1.26
diy-design,LogoMaker,logos,7,97,250,4,2.08
diy-design,LogoMaker,clothing design,7,68,250,13,1.31
diy-design,LogoMaker,freepik,7,89,65,7,1.62
diy-design,LogoMaker,canva gratis,7,97,246,165,0.72
diy-design,LogoMaker,placeit,6,43,153,113,0.66
diy-design,LogoMaker,logo art,6,59,250,240,0.58
diy-design,LogoMaker,easty,6,,247,134,0.64
diy-design,LogoMaker,etsy business,6,74,246,54,0.77
diy-design,LogoMaker,arvin,6,57,132,97,0.68
diy-design,LogoMaker,branding,5,97,250,25,0.77
diy-design,LogoMaker,starting a business,5,51,247,14,0.91
diy-design,LogoMaker,starting your own business,5,39,187,95,0.57
diy-design,LogoMaker,watercolor,5,57,250,8,1.10
diy-design,LogoMaker,free graphic design,5,93,248,115,0.55
diy-design,LogoMaker,small business apps,5,76,248,5,1.34
diy-design,LogoMaker,business plan,5,57,247,3,1.74
diy-design,LogoMaker,watercolor effect,5,54,248,240,0.48
diy-design,LogoMaker,brochure maker,5,100,250,58,0.63
diy-design,LogoMaker,advertisement maker,5,98,250,150,0.52
diy-design,LogoMaker,create a logo,5,90,247,1,5.00
diy-design,LogoMaker,logo designer logo maker,5,47,239,6,1.24
diy-design,LogoMaker,logo maker shop,5,54,248,4,1.49
diy-design,LogoMaker,logo creator free,5,,248,8,1.10
diy-design,LogoMaker,business logo creator,5,56,247,6,1.24
diy-design,LogoMaker,custom logo,5,65,250,7,1.16
diy-design,LogoMaker,picture design,5,,250,215,0.49
diy-design,LogoMaker,pic monkey,5,100,225,192,0.50
diy-design,LogoMaker,art design,5,92,245,238,0.48
diy-design,LogoMaker,make your own logo,5,42,250,1,5.00
diy-design,LogoMaker,logoscopic,5,100,222,6,1.24
diy-design,LogoMaker,make logo,5,93,248,4,1.49
diy-design,LogoMaker,make a logo,5,95,248,2,2.29
diy-design,LogoMaker,watercolor logo maker,5,46,242,1,5.00
diy-design,LogoMaker,free logo creator,5,94,249,80,0.59
diy-design,LogoMaker,logo app,5,82,248,1,5.00
diy-design,LogoMaker,inkflow,5,,203,13,0.93
diy-design,LogoMaker,creer logo,5,,226,4,1.49
diy-design,LogoMaker,metis,5,74,216,90,0.58
diy-design,LogoMaker,free logo,5,54,249,8,1.10
diy-design,LogoMaker,watercolor filter,5,70,208,15,0.89
diy-design,LogoMaker,videos erstellen,5,96,249,165,0.52
diy-design,LogoMaker,image maker,5,96,246,167,0.52
diy-design,LogoMaker,adobe bridge,5,,172,11,0.98
diy-design,LogoMaker,menu maker,5,97,248,10,1.02
diy-design,LogoMaker,restaurant menu maker,5,49,250,13,0.93
diy-design,LogoMaker,free label maker,5,97,250,3,1.74
diy-design,LogoMaker,label design,5,96,250,2,2.29
diy-design,LogoMaker,logo design maker creator,5,49,241,18,0.84
diy-design,LogoMaker,logotipo,5,97,248,1,5.00
diy-design,LogoMaker,diseño de logos,5,89,246,1,5.00
diy-design,LogoMaker,vintage logo,5,57,247,5,1.34
diy-design,LogoMaker,car logo,5,70,224,55,0.64
diy-design,LogoMaker,erstellen,5,87,246,1,5.00
diy-design,LogoMaker,chibi maker,5,48,227,219,0.49
diy-design,LogoMaker,kostenlose,5,86,250,219,0.49
diy-design,LogoMaker,create app,5,74,246,10,1.02
diy-design,LogoMaker,3d logo maker,5,63,249,4,1.49
diy-design,LogoMaker,video logo maker,5,,239,49,0.66
diy-design,LogoMaker,personal branding,5,54,219,7,1.16
diy-design,LogoMaker,artwork maker,5,44,243,168,0.51
diy-design,LogoMaker,stamp maker,5,55,248,95,0.57
diy-design,LogoMaker,watercolour,5,50,234,15,0.89
diy-design,LogoMaker,создание,5,40,233,2,2.29
diy-design,LogoMaker,designcrowd,5,65,249,155,0.52
diy-design,LogoMaker,business templates,5,97,248,32,0.73
diy-design,LogoMaker,business poster maker,5,,237,31,0.73
diy-design,LogoMaker,logopit plus,5,49,250,12,0.96
diy-design,LogoMaker,address labels,5,54,249,13,0.93
diy-design,LogoMaker,design photo,5,97,247,226,0.49
diy-design,LogoMaker,car logo quiz,5,,201,124,0.54
diy-design,LogoMaker,story cover,5,54,245,210,0.50
diy-design,LogoMaker,mugshot maker,5,37,215,46,0.67
diy-design,LogoMaker,concert poster maker,5,,240,152,0.52
diy-design,LogoMaker,name maker,5,78,249,76,0.60
diy-design,LogoMaker,templates maker,5,57,246,83,0.59
diy-design,LogoMaker,логотип,5,90,246,8,1.10
diy-design,LogoMaker,создать приложение,5,47,250,199,0.50
diy-design,LogoMaker,crear menu,5,97,250,6,1.24
diy-design,LogoMaker,photo logo,5,,248,3,1.74
diy-design,LogoMaker,t-shirt designer,5,69,248,14,0.91
diy-design,LogoMaker,car logos,5,,212,70,0.61
diy-design,LogoMaker,creato,5,81,243,201,0.50
diy-design,LogoMaker,icon creator,5,72,249,154,0.52
diy-design,LogoMaker,pages templates,5,94,212,125,0.54
diy-design,LogoMaker,sign design,5,83,250,150,0.52
diy-design,LogoMaker,canva graphic,5,96,244,159,0.52
diy-design,LogoMaker,tee shirt maker,5,40,246,203,0.50
diy-design,LogoMaker,label creator,5,97,249,7,1.16
diy-design,LogoMaker,logo maker pro,5,54,239,11,0.98
diy-design,LogoMaker,advertisement,5,76,247,12,0.96
diy-design,LogoMaker,edit logo,5,93,247,2,2.29
diy-design,LogoMaker,decal maker,5,,236,9,1.06
diy-design,LogoMaker,qi,5,82,248,248,0.48
diy-design,LogoMaker,company logo maker,5,50,249,10,1.02
diy-design,LogoMaker,patch maker,5,,250,3,1.74
diy-design,LogoMaker,brochure creator,5,,222,66,0.62
diy-design,LogoMaker,logo designing,5,94,247,11,0.98
diy-design,LogoMaker,designer logo,5,50,250,201,0.50
diy-design,LogoMaker,vintage logo maker,5,53,245,7,1.16
diy-design,LogoMaker,infographic,5,100,239,12,0.96
diy-design,LogoMaker,infographic maker,5,98,249,13,0.93
diy-design,LogoMaker,template design,5,47,245,162,0.52
diy-design,LogoMaker,логотипы,5,44,245,3,1.74
diy-design,LogoMaker,logo maker plus,5,49,248,2,2.29
diy-design,LogoMaker,design templates,5,91,244,148,0.53
diy-design,LogoMaker,logo licious,5,,236,6,1.24
diy-design,LogoMaker,oval,5,85,197,12,0.96
diy-design,LogoMaker,roster maker,5,48,239,141,0.53
diy-design,LogoMaker,繪畫,5,60,245,11,0.98
diy-design,LogoMaker,etiquetas,5,100,148,2,2.29
diy-design,LogoMaker,letterhead,5,97,127,104,0.56
diy-design,LogoMaker,portadas,5,95,248,5,1.34
diy-design,LogoMaker,stretch book,5,,208,84,0.59
diy-design,LogoMaker,canvus,5,92,233,21,0.81
diy-design,LogoMaker,seal maker,5,,202,147,0.53
diy-design,LogoMaker,label check,5,95,232,116,0.55
diy-design,LogoMaker,guess brand logos,5,50,182,101,0.56
diy-design,LogoMaker,mock up,5,50,247,13,0.93
diy-design,LogoMaker,create iphone applications,5,87,231,213,0.49
diy-design,LogoMaker,free business card maker,5,57,228,56,0.64
diy-design,LogoMaker,logo video,5,44,248,198,0.50
diy-design,LogoMaker,story highlight cover maker,5,42,225,94,0.57
diy-design,LogoMaker,small app,5,97,216,43,0.68
diy-design,LogoMaker,brand logo,5,58,250,2,2.29
diy-design,LogoMaker,canva logo,5,,249,4,1.49
diy-design,LogoMaker,letterhead maker,5,63,231,9,1.06
diy-design,LogoMaker,add logo,5,97,235,24,0.78
diy-design,LogoMaker,creativity inc,5,,205,65,0.62
diy-design,LogoMaker,iwatermark,5,54,248,138,0.53
diy-design,LogoMaker,logo photo,5,,248,1,5.00
diy-design,LogoMaker,add logo to photo,5,66,250,30,0.74
diy-design,LogoMaker,水彩画,5,54,242,2,2.29
diy-design,LogoMaker,add logo watermark on photos,5,98,249,13,0.93
diy-design,LogoMaker,watermark creator,5,40,229,35,0.71
diy-design,LogoMaker,hatchful,5,53,245,97,0.57
diy-design,LogoMaker,birthday banner,5,84,223,54,0.64
diy-design,LogoMaker,畫圖,5,65,246,168,0.51
diy-design,LogoMaker,tag maker,5,96,250,2,2.29
diy-design,LogoMaker,sign creator,5,96,249,12,0.96
diy-design,LogoMaker,app logo,5,,248,3,1.74
diy-design,LogoMaker,logo auto,5,,236,8,1.10
diy-design,LogoMaker,twitter header,5,40,218,171,0.51
diy-design,LogoMaker,make a menu,5,,234,98,0.57
diy-design,LogoMaker,design flyer,5,92,249,14,0.91
diy-design,LogoMaker,hacer videos gratis,5,,239,227,0.49
diy-design,LogoMaker,logo text,5,46,248,211,0.49
diy-design,LogoMaker,logo fonts,5,48,249,3,1.74
diy-design,LogoMaker,logo brand,5,95,250,2,2.29
diy-design,LogoMaker,ezy logo,5,40,249,185,0.51
diy-design,LogoMaker,eazy logo maker,5,42,244,119,0.55
diy-design,LogoMaker,logo templates,5,56,245,5,1.34
diy-design,LogoMaker,label template,5,,230,34,0.71
diy-design,LogoMaker,logo quizz,5,33,192,159,0.52
diy-design,LogoMaker,clothing logo,5,47,248,116,0.55
diy-design,LogoMaker,event poster,5,91,234,204,0.50
diy-design,LogoMaker,image design,5,97,249,184,0.51
diy-design,LogoMaker,logo free,5,46,248,8,1.10
diy-design,LogoMaker,retro logo,5,43,243,42,0.68
diy-design,LogoMaker,canva photo editor,5,,213,47,0.66
diy-design,LogoMaker,logo creation,5,96,249,5,1.34
diy-design,LogoMaker,logo ideas,5,96,247,124,0.54
diy-design,LogoMaker,crest maker,5,,241,4,1.49
diy-design,LogoMaker,Pro Logo Maker,5,47,240,21,0.81
diy-design,LogoMaker,how to make a logo,5,50,250,5,1.34
diy-design,LogoMaker,company logo,5,49,247,31,0.73
diy-design,LogoMaker,typography maker,5,60,223,134,0.54
diy-design,LogoMaker,picmonkey free,5,98,242,122,0.55
diy-design,LogoMaker,watercolour logo,5,49,221,1,5.00
diy-design,LogoMaker,کتاب,5,74,241,230,0.49
diy-design,LogoMaker,pubg logo maker,5,40,242,155,0.52
diy-design,LogoMaker,license plate maker,5,,223,52,0.65
diy-design,LogoMaker,criador,5,94,248,8,1.10
diy-design,LogoMaker,logo font,5,,249,5,1.34
diy-design,LogoMaker,fortnite logo,5,40,247,78,0.59
diy-design,LogoMaker,graphic design logo maker,5,47,243,15,0.89
diy-design,LogoMaker,erstellen und,5,98,245,131,0.54
diy-design,LogoMaker,erstellen von,5,83,245,102,0.56
diy-design,LogoMaker,Logo Esport Maker,5,53,248,78,0.59
diy-design,LogoMaker,creador de logo,5,93,250,3,1.74
diy-design,LogoMaker,lol logo maker,5,27,243,111,0.55
diy-design,LogoMaker,создания,5,45,231,11,0.98
diy-design,LogoMaker,скечбук,5,87,241,125,0.54
diy-design,LogoMaker,water paint,5,65,234,230,0.49
diy-design,LogoMaker,graphic design maker,5,87,246,134,0.54
diy-design,LogoMaker,dota 2 logo maker,5,40,245,140,0.53
diy-design,LogoMaker,design flat,5,19,67,2,2.29
diy-design,LogoMaker,gaming banner maker,5,43,246,55,0.64
diy-design,LogoMaker,twitter banner,5,40,240,18,0.84
diy-design,LogoMaker,highlightcover,5,41,166,88,0.58
diy-design,LogoMaker,FF Logo Maker,5,46,249,129,0.54
diy-design,LogoMaker,header maker,5,29,244,3,1.74
diy-design,LogoMaker,video graphics cards,5,75,247,92,0.58
diy-design,LogoMaker,graphics maker,5,84,249,133,0.54
diy-design,LogoMaker,logo eraser,5,84,231,27,0.76
diy-design,LogoMaker,logo maker - logo creator,5,36,237,33,0.72
diy-design,LogoMaker,free logo maker templates,5,47,222,14,0.91
diy-design,LogoMaker,logo maker with cool fonts,5,44,243,104,0.56
diy-design,LogoMaker,logo maker vintage,5,43,240,6,1.24
diy-design,LogoMaker,vintage logo maker free,5,48,240,4,1.49
diy-design,LogoMaker,vintage style logo maker,5,44,239,12,0.96
diy-design,LogoMaker,logo maker app,5,57,249,3,1.74
diy-design,LogoMaker,logo maker offline app,5,46,220,16,0.87
diy-design,LogoMaker,logo maker name style,5,44,243,71,0.61
diy-design,LogoMaker,logo maker logo art,5,44,243,25,0.77
diy-design,LogoMaker,logo maker icon maker,5,46,243,41,0.68
diy-design,LogoMaker,logo generator & logo maker,5,49,243,17,0.86
diy-design,LogoMaker,hd logo maker and logo design,5,47,242,33,0.72
diy-design,LogoMaker,logo design art,5,54,246,144,0.53
diy-design,LogoMaker,logo maker & logo design generator,5,47,243,14,0.91
diy-design,LogoMaker,3d logo design services,5,55,250,55,0.64
diy-design,LogoMaker,free logo design template,5,44,242,71,0.61
diy-design,LogoMaker,best logo maker 2021,5,48,243,31,0.73
diy-design,LogoMaker,logo maker & logo creator 2021,5,46,241,12,0.96
diy-design,LogoMaker,blank logo design,5,48,239,27,0.76
diy-design,LogoMaker,3d logo maker animation,5,43,243,141,0.53
diy-design,LogoMaker,best 3d logo maker,5,43,242,125,0.54
diy-design,LogoMaker,3d live logo maker,5,43,244,111,0.55
diy-design,LogoMaker,3d logo maker with animation,5,43,242,126,0.54
diy-design,LogoMaker,brand logo maker offline,5,41,223,8,1.10
diy-design,LogoMaker,instalogo logo creator (lite),5,50,219,11,0.98
diy-design,LogoMaker,music brand logo maker,5,43,241,21,0.81
diy-design,LogoMaker,design logo ideas - best logo,5,65,231,13,0.93
diy-design,LogoMaker,add your own logo,5,40,247,45,0.67
diy-design,LogoMaker,logo builder app,5,48,249,7,1.16
diy-design,LogoMaker,music studio logo maker,5,44,245,52,0.65
diy-design,LogoMaker,business logo maker free offline,5,44,243,11,0.98
diy-design,LogoMaker,3d logo maker professional,5,48,230,19,0.83
diy-design,LogoMaker,professional logo maker app free,5,49,221,29,0.74
diy-design,LogoMaker,graphic design logo creator,5,47,249,7,1.16
diy-design,LogoMaker,page maker,5,,246,88,0.58
diy-design,LogoMaker,app logo changer,5,84,248,95,0.57
diy-design,LogoMaker,site maker,5,66,249,107,0.56
diy-design,LogoMaker,maker create,5,40,237,203,0.50
diy-design,LogoMaker,logo test,5,,226,74,0.60
diy-design,LogoMaker,maken,5,97,246,125,0.54
diy-design,LogoMaker,maak,5,53,246,153,0.52
diy-design,LogoMaker,logo collage,5,,215,21,0.81
diy-design,LogoMaker,graphic card,5,94,250,214,0.49
diy-design,LogoMaker,business card free,5,,244,137,0.53
diy-design,LogoMaker,business maker,5,,249,1,5.00
diy-design,LogoMaker,дизайнер,5,66,246,235,0.49
diy-design,LogoMaker,brand design,5,70,249,19,0.83
diy-design,LogoMaker,best logo maker,5,53,247,12,0.96
diy-design,LogoMaker,make logos,5,94,247,4,1.49
diy-design,LogoMaker,logo maker - logo creator  generator & designer,5,49,244,7,1.16
diy-design,LogoMaker,Slogan generator,5,40,248,126,0.54
diy-design,LogoMaker,logo designer app,5,92,247,13,0.93
diy-design,LogoMaker,name logo,5,53,249,1,5.00
diy-design,LogoMaker,easy logo.,5,87,247,133,0.54
diy-design,LogoMaker,logos maker,5,93,248,3,1.74
diy-design,LogoMaker,logos - maker,5,49,239,14,0.91
diy-design,LogoMaker,quick logo,5,47,247,76,0.60
diy-design,LogoMaker,fresh logo,5,40,248,119,0.55
diy-design,LogoMaker,cool logo,5,53,245,59,0.63
diy-design,LogoMaker,logo creater,5,93,247,9,1.06
diy-design,LogoMaker,logo desig,5,97,247,71,0.61
diy-design,LogoMaker,professional logo maker,5,52,242,15,0.89
diy-design,LogoMaker,abstract logo,5,40,247,230,0.49
diy-design,LogoMaker,logo colors,5,40,241,126,0.54
diy-design,LogoMaker,unique logo,5,48,249,176,0.51
diy-design,LogoMaker,unique logo design,5,68,224,15,0.89
diy-design,LogoMaker,making digital logo,5,25,247,156,0.52
diy-design,LogoMaker,premium logo,5,87,248,123,0.54
diy-design,LogoMaker,cartoon logo maker,5,51,249,24,0.78
diy-design,LogoMaker,logo maker plus",5,49,244,8,1.10
diy-design,LogoMaker,banner designer,5,40,247,101,0.56
diy-design,LogoMaker,logo maker esport,5,50,242,186,0.51
diy-design,LogoMaker,designing logos,5,45,240,67,0.61
diy-design,LogoMaker,stunning logos,5,45,249,67,0.61
diy-design,LogoMaker,logo generator apps,5,54,250,115,0.55
diy-design,LogoMaker,cool logos,5,45,247,87,0.58
diy-design,LogoMaker,buisness logo apps,5,91,249,3,1.74
diy-design,LogoMaker,making logos,5,53,247,8,1.10
diy-design,LogoMaker,unique logos,5,46,249,107,0.56
diy-design,LogoMaker,logo maker tool,5,49,242,46,0.67
diy-design,LogoMaker,3d logos,5,51,249,108,0.56
diy-design,LogoMaker,2d logos,5,87,244,164,0.52
diy-design,LogoMaker,logo makers,5,47,248,3,1.74
diy-design,LogoMaker,text & logo,5,50,246,150,0.52
diy-design,LogoMaker,graphic template,5,54,245,209,0.50
diy-design,LogoMaker,2d logo,5,87,248,109,0.56
diy-design,LogoMaker,logo graphic design,5,51,244,116,0.55
diy-design,LogoMaker,maker logo,5,44,243,112,0.55
diy-design,LogoMaker,logo graphic,5,54,246,195,0.50
diy-design,LogoMaker,logo grahpic,5,40,249,46,0.67
diy-design,LogoMaker,logo effects,5,64,248,17,0.86
diy-design,LogoMaker,easy logos,5,40,244,56,0.64
diy-design,LogoMaker,channel banner,5,,197,6,1.24
diy-design,LogoMaker,collage logo,5,52,250,187,0.51
diy-design,LogoMaker,校对,5,47,246,104,0.56
diy-design,LogoMaker,highlightcovers,5,38,176,17,0.86
diy-design,LogoMaker,insta higlight,5,41,249,120,0.55
diy-design,LogoMaker,mockup creator,5,62,248,13,0.93
diy-design,LogoMaker,uk logo,5,43,222,13,0.93
diy-design,LogoMaker,Business logo maker,5,47,248,4,1.49
diy-design,LogoMaker,Logo Designs,5,97,246,139,0.53
diy-design,LogoMaker,creative maker,5,45,247,115,0.55
diy-design,LogoMaker,Logo Desing,5,92,248,13,0.93
diy-design,LogoMaker,business card builder,5,,220,183,0.51
diy-design,LogoMaker,create graphic design,5,55,247,168,0.51
diy-design,LogoMaker,product background,5,72,250,119,0.55
diy-design,LogoMaker,canva of,5,98,186,76,0.60
diy-design,LogoMaker,editor canva,5,97,244,158,0.52
diy-design,LogoMaker,of canva,5,100,193,74,0.60
diy-design,LogoMaker,template canva,5,98,244,109,0.56
diy-design,LogoMaker,maker canva,5,91,247,87,0.58
diy-design,LogoMaker,designer canva,5,91,248,99,0.57
diy-design,LogoMaker,app templates,5,46,229,136,0.53
diy-design,LogoMaker,maker templates,5,45,243,166,0.52
diy-design,LogoMaker,designer templates,5,40,228,147,0.53
diy-design,LogoMaker,app template,5,74,244,89,0.58
diy-design,LogoMaker,maker template,5,50,239,177,0.51
diy-design,LogoMaker,templates app,5,96,243,211,0.49
diy-design,LogoMaker,maker app,5,96,231,110,0.56
diy-design,LogoMaker,canva maker,5,91,246,106,0.56
diy-design,LogoMaker,designer maker,5,32,241,125,0.54
diy-design,LogoMaker,canva designer,5,91,247,85,0.58
diy-design,LogoMaker,templates designer,5,38,231,116,0.55
diy-design,LogoMaker,template designer,5,48,235,168,0.51
diy-design,LogoMaker,maker designer,5,45,242,115,0.55
diy-design,LogoMaker,editing canva,5,98,241,179,0.51
diy-design,LogoMaker,pics templates,5,95,237,117,0.55
diy-design,LogoMaker,edit canva,5,98,244,165,0.52
diy-design,LogoMaker,templates editing,5,72,228,116,0.55
diy-design,LogoMaker,templates pics,5,60,230,103,0.56
diy-design,LogoMaker,maker ms,5,94,242,36,0.70
diy-design,LogoMaker,maker maker,5,42,243,182,0.51
diy-design,LogoMaker,maker design,5,44,242,186,0.51
diy-design,LogoMaker,maker paint,5,86,244,136,0.53
diy-design,LogoMaker,maker artwork,5,40,242,129,0.54
diy-design,LogoMaker,editor pixe,5,91,40,36,0.70
diy-design,LogoMaker,flyer templates,5,94,247,10,1.02
diy-design,LogoMaker,اللغة الانكليزية,5,78,250,63,0.62
diy-design,LogoMaker,flyer maker  graphic design,5,58,242,118,0.55
diy-design,LogoMaker,kode logo maker,5,45,243,138,0.53
diy-design,LogoMaker,game logo shop,5,40,246,43,0.68
diy-design,LogoMaker,iPad log,5,40,247,176,0.51
diy-design,LogoMaker,graphics template,5,40,240,218,0.49
diy-design,LogoMaker,template graphic,5,40,245,235,0.49
diy-design,LogoMaker,template graphics,5,40,239,224,0.49
diy-design,LogoMaker,maker graphics,5,50,247,100,0.57
diy-design,LogoMaker,ap template,5,81,250,38,0.70
diy-design,LogoMaker,يعيش لاليجا,5,90,249,131,0.54
diy-design,LogoMaker,name dp maker,5,44,200,14,0.91
diy-design,LogoMaker,video card maker,5,40,244,239,0.48
diy-design,LogoMaker,app maken,5,88,241,11,0.98
diy-design,LogoMaker,maker creator,5,40,240,95,0.57
diy-design,LogoMaker,ovel,5,70,245,12,0.96
diy-design,LogoMaker,logo maker design creator,5,51,248,36,0.70
diy-design,LogoMaker,명함 스캐너,5,49,229,40,0.69
diy-design,LogoMaker,maker brochure,5,69,229,23,0.79
diy-design,LogoMaker,design-app,5,40,242,208,0.50
diy-design,LogoMaker,Gamkng Logo maker,5,35,227,12,0.96
diy-design,LogoMaker,maker),5,72,246,181,0.51
diy-design,LogoMaker,gamin logo maker,5,81,231,28,0.75
diy-design,LogoMaker,logo creator - design editor,5,46,243,22,0.80
diy-design,LogoMaker,logomarca,5,44,249,12,0.96
diy-design,LogoMaker,make a company logo,5,40,242,43,0.68
diy-design,LogoMaker,商标设计,5,47,158,29,0.74
diy-design,LogoMaker,logo maker- create a design,5,48,239,25,0.77
diy-design,LogoMaker,edit logos,5,94,249,1,5.00
diy-design,LogoMaker,logo maker & design,5,51,240,25,0.77
diy-design,LogoMaker,лого,5,90,248,10,1.02
diy-design,LogoMaker,esport gaming logo maker,5,52,243,181,0.51
diy-design,LogoMaker,logo maker creator,5,,238,22,0.80
diy-design,LogoMaker,graphic design & logo creator,5,54,242,8,1.10
diy-design,LogoMaker,vintage creator,5,87,244,28,0.75
diy-design,LogoMaker,badge logo,5,40,248,205,0.50
diy-design,LogoMaker,hero maker,5,53,246,11,0.98
diy-design,LogoMaker,basset,5,83,114,59,0.63
diy-design,LogoMaker,graffiti logo,5,45,222,120,0.55
diy-design,LogoMaker,logo maker: vintage,5,43,242,4,1.49
diy-design,LogoMaker,ロゴ作成,5,86,24,10,1.02
diy-design,LogoMaker,Создать логотип,5,91,249,5,1.34
diy-design,LogoMaker,label editor,5,,215,6,1.24
diy-design,LogoMaker,检查,5,52,235,195,0.50
diy-design,LogoMaker,pictures into paintings,5,43,206,206,0.50
diy-design,LogoMaker,영화제작,5,68,229,221,0.49
diy-design,LogoMaker,软件,5,90,241,55,0.64
diy-design,LogoMaker,탭,5,77,242,143,0.53
diy-design,LogoMaker,watermark make,5,46,239,130,0.54
diy-design,LogoMaker,symbol designer,5,52,232,174,0.51
diy-design,LogoMaker,gaming thumbnail banner and logo maker,5,40,238,17,0.86
diy-design,LogoMaker,banner and logo maker,5,44,240,9,1.06
diy-design,LogoMaker,ink maker,5,56,248,146,0.53
diy-design,LogoMaker,highlighting,5,53,244,167,0.52
diy-design,LogoMaker,emplates,5,68,235,90,0.58
diy-design,LogoMaker,watercolor logomaker,5,52,225,1,5.00
diy-design,LogoMaker,cover highlights,5,44,158,63,0.62
diy-design,LogoMaker,banner creator app,5,43,247,172,0.51
diy-design,LogoMaker,Logo Maker: Design Your Brand,5,50,243,12,0.96
diy-design,LogoMaker,create a reel,5,,243,209,0.50
diy-design,LogoMaker,fllyer Maker,5,93,247,10,1.02
diy-design,LogoMaker,무료앱제작,5,36,119,34,0.71
diy-design,LogoMaker,앱제작,5,44,244,181,0.51
diy-design,LogoMaker,small busines,5,56,225,144,0.53
diy-design,LogoMaker,the watermark maker,5,100,250,94,0.57
diy-design,LogoMaker,logo animation,5,,240,22,0.80
diy-design,LogoMaker,gratis app app,5,85,248,181,0.51
diy-design,LogoMaker,标志,5,44,239,196,0.50
diy-design,LogoMaker,yt business,5,93,248,191,0.50
diy-design,LogoMaker,design templaptes,5,42,242,73,0.60
diy-design,LogoMaker,logo maker ai,5,56,249,133,0.54
diy-design,LogoMaker,creative fabrica,5,98,249,9,1.06
diy-design,LogoMaker,Menu Maker: Design Creator,5,45,248,99,0.57
diy-design,LogoMaker,creador de diapositivas,5,93,242,237,0.49
diy-design,LogoMaker,createur de diaporama,5,42,235,145,0.53
diy-design,LogoMaker,logo dalle,5,71,250,117,0.55
diy-design,LogoMaker,tarjeta de presentacion,5,80,199,73,0.60
diy-design,LogoMaker,Menu Maker & Designer,5,48,246,71,0.61
diy-design,LogoMaker,logo music,5,,243,40,0.69
diy-design,LogoMaker,무료로,5,45,220,127,0.54
diy-design,LogoMaker,器,5,53,246,61,0.63
diy-design,LogoMaker,يلقي,5,65,229,78,0.59
diy-design,LogoMaker,Apps Maker,5,81,235,19,0.83
diy-design,LogoMaker,skin logo,5,80,248,45,0.67
diy-design,LogoMaker,branding writer,5,40,250,108,0.56
diy-design,LogoMaker,digital logo creator,5,55,215,22,0.80
diy-design,LogoMaker,logo trivia,5,78,208,117,0.55
diy-design,LogoMaker,作品,5,73,241,139,0.53
diy-design,LogoMaker,adobeexpress,5,,247,176,0.51
diy-design,LogoMaker,template generator,5,51,245,213,0.49
diy-design,LogoMaker,Effect Creator,5,92,216,47,0.66
diy-design,LogoMaker,人工桌面,5,85,248,203,0.50
diy-design,LogoMaker,免费软件,5,91,249,23,0.79
diy-design,LogoMaker,cricut logo,5,35,224,26,0.76
diy-design,LogoMaker,ask a,5,54,241,232,0.49
diy-design,LogoMaker,logo maker\,5,56,233,58,0.63
diy-design,LogoMaker,business reel maker,5,84,247,29,0.74
diy-design,LogoMaker,ailogo,5,59,249,58,0.63
diy-design,LogoMaker,lo.go,5,63,249,5,1.34
diy-design,LogoMaker,ai logo generator - easy logo,5,54,243,183,0.51
diy-design,LogoMaker,logo generate,5,56,248,58,0.63
diy-design,LogoMaker,logo market,5,94,250,4,1.49
diy-design,LogoMaker,brand logo market,5,40,245,25,0.77
diy-design,LogoMaker,create logos,5,96,246,3,1.74
diy-design,LogoMaker,generate logo,5,49,245,164,0.52
diy-design,LogoMaker,instant logo,5,51,213,18,0.84
diy-design,LogoMaker,logo brandd,5,43,227,13,0.93
diy-design,LogoMaker,Design Logos,5,94,248,21,0.81
diy-design,LogoMaker,emroidery design,5,46,72,13,0.93
diy-design,LogoMaker,ailogomaker,5,93,241,74,0.60
diy-design,LogoMaker,logobuilder,5,83,236,9,1.06
diy-design,LogoMaker,logocreator,5,98,248,8,1.10
diy-design,LogoMaker,logodesign,5,97,207,8,1.10
diy-design,LogoMaker,sktechbok,5,40,236,109,0.56
diy-design,LogoMaker,plap,5,51,246,40,0.69
diy-design,LogoMaker,business photo generator,5,63,245,151,0.52
diy-design,LogoMaker,bizzare,5,53,108,82,0.59
diy-design,LogoMaker,Logo AI Maker,5,94,248,7,1.16
diy-design,LogoMaker,gestiona tu negocio,5,73,224,41,0.68
diy-design,LogoMaker,sell on instagram,5,91,14,14,0.91
diy-design,LogoMaker,logo create,5,91,247,20,0.82
diy-design,LogoMaker,create a logo,5,46,241,6,1.24
diy-design,LogoMaker,Logo Tool,5,73,218,14,0.91
diy-design,LogoMaker,Price List Maker - Creator,5,35,50,14,0.91
diy-design,LogoMaker,picmojo,5,98,147,118,0.55
diy-design,LogoMaker,logo creator maker,5,,234,20,0.82
diy-design,LogoMaker,criar logotipo,5,40,247,31,0.73
diy-design,LogoMaker,create aı,5,59,242,164,0.52
diy-design,LogoMaker,logo editr,5,64,239,21,0.81
diy-design,LogoMaker,sport logo maker,5,98,227,17,0.86
diy-design,LogoMaker,creador de menu,5,94,20,16,0.87
diy-design,LogoMaker,ai logo maker free,5,53,248,20,0.82
diy-design,LogoMaker,商标海报,5,43,58,40,0.69
diy-design,LogoMaker,com.brandposter.creater,5,63,244,23,0.79
diy-design,LogoMaker,a logo,5,59,242,16,0.87
diy-design,LogoMaker,ai logo maker create,5,48,244,124,0.54
diy-design,LogoMaker,maker manifest,5,44,247,184,0.51
diy-design,LogoMaker,bazaart free,5,59,145,65,0.62
diy-design,LogoMaker,logo ai logo generator maker,5,50,242,138,0.53
diy-design,LogoMaker,‎Book Cover Maker by Desygne‪r,5,34,41,9,1.06
diy-design,LogoMaker,logo creatot,5,92,249,8,1.10
diy-design,LogoMaker,adress labels,5,47,188,11,0.98
diy-design,LogoMaker,Logo Maker With AI,5,50,246,169,0.51
diy-design,LogoMaker,mural maker,5,74,249,51,0.65
diy-design,LogoMaker,flat design,5,40,120,2,2.29
diy-design,LogoMaker,ai design flat,5,67,7,1,5.00
diy-design,LogoMaker,business pic,5,87,245,186,0.51
diy-design,LogoMaker,Canvas Creator,5,79,238,189,0.50
diy-design,LogoMaker,Canvas Generator,5,58,248,139,0.53
diy-design,LogoMaker,lookadesign,5,92,248,7,1.16
diy-design,LogoMaker,ai poster maker,5,96,249,10,1.02
diy-design,LogoMaker,ai poster generator,5,91,249,14,0.91
diy-design,LogoMaker,bizzart,5,89,102,51,0.65
diy-design,LogoMaker,logo maker & design creator ‣,5,53,242,7,1.16
diy-design,LogoMaker,shipping label maker,5,65,222,37,0.70
diy-design,LogoMaker,arvin ai logo maker,5,,240,34,0.71
diy-design,LogoMaker,gaming logo generator,5,33,227,22,0.80
diy-design,LogoMaker,prompt to logo,5,27,218,21,0.81
diy-design,LogoMaker,text to logo,5,63,247,134,0.54
diy-design,LogoMaker,band logo maker,5,49,242,24,0.78
diy-design,LogoMaker,team logo maker,5,48,250,214,0.49
diy-design,LogoMaker,brand logo creator,5,46,94,14,0.91
diy-design,LogoMaker,poster maker logo creator,5,,235,1,5.00
diy-design,LogoMaker,art pics photo editor faceswap,5,,238,194,0.50
diy-design,LogoMaker,place it,5,50,178,36,0.70
diy-design,LogoMaker,crea poster maker,5,40,34,21,0.81
diy-design,LogoMaker,logo gpt,5,98,250,88,0.58
diy-design,LogoMaker,label editing,5,,115,57,0.63
diy-design,LogoMaker,design invites,5,50,241,171,0.51
diy-design,LogoMaker,letsyshop,5,85,235,141,0.53
diy-design,LogoMaker,Logo Maker  Design Creator,5,49,242,12,0.96
diy-design,LogoMaker,logo identifier,5,50,250,183,0.51
diy-design,LogoMaker,select subject,5,56,242,150,0.52
diy-design,LogoMaker,business name,5,70,203,24,0.78
diy-design,LogoMaker,canva tamplet,5,96,246,185,0.51
diy-design,LogoMaker,畫布,5,,248,46,0.67
diy-design,LogoMaker,business app maker,5,40,246,62,0.62
diy-design,LogoMaker,small business app creator,5,72,245,152,0.52
diy-design,LogoMaker,business flyer poster,5,31,229,67,0.61
diy-design,LogoMaker,print master print scan,5,56,248,178,0.51
diy-design,LogoMaker,printmaster print scan,5,56,248,148,0.53
diy-design,LogoMaker,business card creator maker,5,40,244,153,0.52
diy-design,LogoMaker,軟件,5,85,238,133,0.54
diy-design,LogoMaker,generator loly,5,17,246,6,1.24
diy-design,LogoMaker,mark ai logo,5,90,245,125,0.54
diy-design,LogoMaker,create crosshair,5,2,238,24,0.78
diy-design,LogoMaker,esport logo makefr,5,33,247,101,0.56
diy-design,LogoMaker,nametag,5,97,206,11,0.98
diy-design,LogoMaker,svg logo,5,91,247,223,0.49
diy-design,LogoMaker,logo trace,5,57,249,76,0.60
diy-design,LogoMaker,logo vector,5,87,221,17,0.86
diy-design,LogoMaker,ai logo maker - flux,5,47,246,238,0.48
diy-design,LogoMaker,create logo company,5,24,218,6,1.24
diy-design,LogoMaker,ai logo maker design generator,5,54,246,152,0.52
diy-design,LogoMaker,ai logo maker design,5,50,244,183,0.51
diy-design,LogoMaker,ai logo maker flux,5,25,245,239,0.48
diy-design,LogoMaker,esport logo generator,5,28,225,27,0.76
diy-design,LogoMaker,ai logo maker - flux design,5,28,238,12,0.96
diy-design,LogoMaker,logo maker & ai logo generator,5,57,245,82,0.59
diy-design,LogoMaker,logo maker  ai logo generator,5,51,244,100,0.57
diy-design,LogoMaker,art & design edit photos like a pro,5,73,242,164,0.52
diy-design,LogoMaker,logo maker & ai generator loly,5,28,240,89,0.58
diy-design,LogoMaker,ai logo generator & maker,5,64,243,232,0.49
diy-design,LogoMaker,logo generator & maker,5,59,227,13,0.93
diy-design,LogoMaker,create my logo,5,93,243,27,0.76
diy-design,LogoMaker,create logo with ai,5,43,244,220,0.49
diy-design,LogoMaker,graphic design creator,5,48,243,182,0.51
diy-design,LogoMaker,create logo with text,5,30,240,17,0.86
diy-design,LogoMaker,logo generation,5,89,250,147,0.53
diy-design,LogoMaker,brand graphic,5,40,244,41,0.68
diy-design,LogoMaker,logo & icon,5,44,241,238,0.48
diy-design,LogoMaker,brand picture,5,40,238,111,0.55
diy-design,LogoMaker,book cover maker by desygne‪r,5,77,39,10,1.02
diy-design,LogoMaker,graphic creation,5,42,245,182,0.51
diy-design,LogoMaker,ai logo maker',5,44,244,204,0.50
diy-design,LogoMaker,make my own logo,5,83,230,25,0.77
diy-design,LogoMaker,image and logo generator,5,42,245,48,0.66
diy-design,LogoMaker,image logo generator,5,49,246,206,0.50
diy-design,LogoMaker,logo image generator,5,42,228,18,0.84
diy-design,LogoMaker,logo picture generator,5,42,224,15,0.89
diy-design,LogoMaker,logo photo generator,5,40,217,13,0.93
diy-design,LogoMaker,maker logos,5,69,218,7,1.16
diy-design,LogoMaker,pro create for ipad,5,90,245,93,0.57
diy-design,LogoMaker,logo cretor,5,95,237,9,1.06
diy-design,LogoMaker,logo animator,5,78,212,22,0.80
diy-design,LogoMaker,chatgpt logo,5,96,225,31,0.73
diy-design,LogoMaker,custom branding,5,40,247,93,0.57
diy-design,LogoMaker,instant branding,5,40,248,223,0.49
diy-design,LogoMaker,ai generate logo,5,60,235,126,0.54
diy-design,LogoMaker,ai logo hexa,5,25,247,121,0.55
diy-design,LogoMaker,creador de diseño,5,43,219,206,0.50
diy-design,LogoMaker,logofy,5,25,232,39,0.69
diy-design,LogoMaker,logo craft & ai generator,5,50,246,118,0.55
diy-design,LogoMaker,​clothing design​,5,37,246,40,0.69
diy-design,LogoMaker,write with watercolor,5,71,248,6,1.24
diy-design,LogoMaker,writing with watercolor,5,70,249,10,1.02
diy-design,LogoMaker,idea with watercolor,5,40,249,24,0.78
diy-design,LogoMaker,paper with watercolor,5,42,247,18,0.84
diy-design,LogoMaker,golo logo,5,66,228,7,1.16
diy-design,LogoMaker,font desinger,5,49,218,7,1.16
diy-design,LogoMaker,banner ai,5,81,71,56,0.64
diy-design,LogoMaker,graphic generator,5,77,233,198,0.50
diy-design,LogoMaker,story logo,5,87,249,189,0.50
diy-design,LogoMaker,watercolor image,5,,242,14,0.91
diy-design,LogoMaker,logo maker ai.,5,48,245,160,0.52
diy-design,LogoMaker,ai business card creator,5,,240,42,0.68
diy-design,LogoMaker,ink planner,5,,230,36,0.70
diy-design,LogoMaker,generar logotipo,5,,228,7,1.16
diy-design,LogoMaker,logos from memory,5,,190,13,0.93
diy-design,LogoMaker,vintage photo maker,5,,244,176,0.51
diy-design,LogoMaker,stamps log,5,,74,25,0.77
diy-design,LogoMaker,ai effect maker,5,,232,195,0.50
diy-design,LogoMaker,waterpaint,5,43,248,9,1.06
diy-design,LogoMaker,ai logo maker: make logo ai ai logo make,5,,232,18,0.84
diy-design,LogoMaker,ai logo maker: make logo ai,5,53,247,132,0.54
diy-design,LogoMaker,free apps to make logos,5,,242,3,1.74
diy-design,LogoMaker,ai logo desing,5,,231,88,0.58
diy-design,LogoMaker,image creatpr,5,,237,60,0.63
diy-design,LogoMaker,outline effect,5,28,184,84,0.59
diy-design,LogoMaker,funeral poster maker,5,91,237,175,0.51
diy-design,LogoMaker,logo design generator,5,50,227,11,0.98
diy-design,LogoMaker,create effects,5,,199,80,0.59
diy-design,LogoMaker,作,5,54,236,170,0.51
diy-design,LogoMaker,design.com,5,92,248,228,0.49
diy-design,LogoMaker,game profile logo maker,5,46,243,134,0.54
diy-design,LogoMaker,لغات,5,78,208,114,0.55
diy-design,LogoMaker,marble ink,5,,218,52,0.65
diy-design,LogoMaker,graphic  logo  brand  site  domain  emai,5,59,248,45,0.67
diy-design,LogoMaker,crearer,5,,238,111,0.55
diy-design,LogoMaker,cozycents,5,,222,23,0.79
diy-design,LogoMaker,budgine,5,,242,49,0.66
diy-design,LogoMaker,creaeator,5,87,237,82,0.59
diy-design,LogoMaker,watercolor blending,5,40,248,33,0.72
diy-design,LogoMaker,watercolour mixing,5,,223,12,0.96
diy-design,LogoMaker,watercolour mixer,5,40,248,160,0.52
diy-design,LogoMaker,watercolour mixercustom ringtone maker,5,,235,10,1.02
diy-design,LogoMaker,c maker,5,69,247,112,0.55
diy-design,LogoMaker,cococonote,5,,243,5,1.34
diy-design,LogoMaker,mark logo,5,,216,11,0.98
diy-design,LogoMaker,logo & brand identifier,5,,211,17,0.86
diy-design,LogoMaker,convert to watercolor,5,,217,3,1.74
diy-design,LogoMaker,certificate%20maker,5,38,225,36,0.70
diy-design,LogoMaker,mural%20maker,5,44,248,221,0.49
diy-design,LogoMaker,logo%20creator,5,54,234,14,0.91
diy-design,LogoMaker,watermark%20maker,5,44,237,167,0.52
diy-design,LogoMaker,quote%20maker,5,68,241,16,0.87
diy-design,LogoMaker,business%20logo%20creator%20design,5,56,227,10,1.02
diy-design,LogoMaker,water%20mark%20remover,5,40,213,43,0.68
diy-design,LogoMaker,creative%20fabrica,5,54,239,53,0.64
diy-design,LogoMaker,logo%20maker,5,54,228,6,1.24
diy-design,LogoMaker,graphic%20design%20free,5,59,250,144,0.53
diy-design,LogoMaker,free%20photoshop%20app,5,97,248,214,0.49
diy-design,LogoMaker,flyer%20maker,5,50,244,196,0.50
diy-design,LogoMaker,logo%20maker%20ai,5,53,222,21,0.81
diy-design,LogoMaker,create%20logo,5,52,235,18,0.84
diy-design,LogoMaker,logo%20generator,5,47,228,2,2.29
diy-design,LogoMaker,flashcard%20maker,5,75,230,68,0.61
diy-design,LogoMaker,free%20kitchen%20design,5,58,229,55,0.64
diy-design,LogoMaker,ink%20hunter,5,53,231,12,0.96
diy-design,LogoMaker,sublimation%20designer,5,71,249,120,0.55
diy-design,LogoMaker,logo%20shop,5,37,217,10,1.02
diy-design,LogoMaker,logo%20designer,5,43,246,16,0.87
diy-design,LogoMaker,poster%20maker%20free%20app,5,65,238,71,0.61
diy-design,LogoMaker,word%20design,5,74,219,122,0.55
diy-design,LogoMaker,logo%20editor,5,37,219,16,0.87
diy-design,LogoMaker,logo%20design,5,43,229,9,1.06
diy-design,LogoMaker,Business%20logo%20maker,5,45,247,3,1.74
diy-design,LogoMaker,png%20maker,5,44,229,34,0.71
diy-design,LogoMaker,create%20flyers,5,46,233,41,0.68
diy-design,LogoMaker,brochure%20maker,5,46,243,64,0.62
diy-design,LogoMaker,graphic%20design%20logo%20creator,5,42,235,41,0.68
diy-design,LogoMaker,retirement%20countdown,5,62,231,83,0.59
diy-design,LogoMaker,inkhunter%20try%20tattoo%20designs,5,48,249,243,0.48
diy-design,LogoMaker,stencil%20maker,5,53,237,56,0.64
diy-design,LogoMaker,business%20cards%20creator%20maker,5,44,232,135,0.54
diy-design,LogoMaker,logo  invitation  icon maker,5,,220,27,0.76
diy-design,LogoMaker,website%20maker,5,,248,20,0.82
diy-design,LogoMaker,ai%20logo%20maker,5,88,248,225,0.49
diy-design,LogoMaker,tux%20paint,5,,221,45,0.67
diy-design,LogoMaker,logos%20maker,5,,226,8,1.10
diy-design,LogoMaker,ai%20logo%20maker%20free,5,76,250,198,0.50
diy-design,LogoMaker,monogram%20maker,5,,237,18,0.84
diy-design,LogoMaker,free%20logo%20maker,5,89,250,36,0.70
diy-design,LogoMaker,free%20ai%20logo%20generator,5,40,247,206,0.50
diy-design,LogoMaker,design%20logo,5,,227,17,0.86
diy-design,LogoMaker,website%20builder,5,,215,39,0.69
diy-design,LogoMaker,create%20ai,5,,240,41,0.68
diy-design,LogoMaker,advertisement%20maker,5,42,250,207,0.50
diy-design,LogoMaker,logo%20ai,5,57,247,149,0.53
diy-design,LogoMaker,shot%20designer,5,,222,30,0.74
diy-design,LogoMaker,logo%20maker%20free,5,,231,14,0.91
diy-design,LogoMaker,template & story maker,5,,228,193,0.50
diy-design,LogoMaker,apps llc,5,54,250,240,0.48
diy-design,LogoMaker,small business photo,5,93,246,23,0.79
diy-design,LogoMaker,t-shirt designer - teecraft,5,,223,32,0.73
diy-design,LogoMaker,cartao de visita,5,49,236,41,0.68
diy-design,LogoMaker,cartão visita,5,47,162,9,1.06
diy-design,LogoMaker,small shop,5,,245,26,0.76
diy-design,LogoMaker,agreemnent maker,5,49,244,220,0.49
diy-design,LogoMaker,honest tee,5,,211,23,0.79
diy-design,LogoMaker,padamchand sancheti,5,57,239,73,0.60
diy-design,LogoMaker,t shirt deisgner,5,40,244,14,0.91
diy-design,LogoMaker,ai logo maker - all in one,5,,233,16,0.87
diy-design,LogoMaker,piximize,5,,237,8,1.10
diy-design,LogoMaker,go small,5,61,130,17,0.86
diy-design,LogoMaker,jazb.pk,5,,237,25,0.77
diy-design,LogoMaker,dog translatoraai logo maker,5,,229,21,0.81
diy-design,LogoMaker,graphic design logocreator,5,82,235,15,0.89
diy-design,LogoMaker,ai logo generator maker,5,50,243,231,0.49
diy-design,LogoMaker,create label,5,,217,48,0.66
diy-design,LogoMaker,ai logo genrator,5,,237,55,0.64
diy-design,LogoMaker,watermarkify,5,,250,146,0.53
diy-design,LogoMaker,labrl,5,,237,56,0.64
diy-design,LogoMaker,watermark tool,5,,216,96,0.57
diy-design,LogoMaker,logo svg,5,,221,15,0.89
diy-design,LogoMaker,ai phonee,5,70,243,230,0.49
diy-design,LogoMaker,beer label identifier,5,,226,44,0.67
diy-design,LogoMaker,tip and go,5,,189,97,0.57
diy-design,LogoMaker,poster maker.,5,,222,60,0.63
diy-design,LogoMaker,business picture,5,,233,33,0.72
diy-design,LogoMaker,contact poster maker,5,54,226,90,0.58
diy-design,LogoMaker,sora logo remover,5,,234,16,0.87
diy-design,LogoMaker,coreteh pattern maker,5,,237,9,1.06
diy-design,LogoMaker,flat/log,5,,84,1,5.00
diy-design,LogoMaker,echooser,5,,250,126,0.54
diy-design,LogoMaker,richsign,5,53,248,219,0.49
diy-design,LogoMaker,logo creator shop,5,46,241,9,1.06
diy-design,LogoMaker,custom logos,5,50,249,6,1.24
diy-design,LogoMaker,custom logo design,5,51,242,214,0.49
diy-design,LogoMaker,custom logo designer,5,92,246,13,0.93
diy-design,LogoMaker,custom logo creator,5,54,243,41,0.68
diy-design,LogoMaker,esports ai logo maker,5,,233,62,0.62
diy-design,LogoMaker,logo maker with animation,5,,220,17,0.86
diy-design,LogoMaker,prefessional logo maker,5,43,243,30,0.74
diy-design,LogoMaker,business logo marker,5,92,248,4,1.49
diy-design,LogoMaker,return label generator,5,,245,58,0.63
diy-design,LogoMaker,label generator,5,49,250,112,0.55
diy-design,LogoMaker,samsonite tracker,5,,234,3,1.74
diy-design,LogoMaker,logology,5,,236,19,0.83
diy-design,LogoMaker,templates effects,5,,239,60,0.63
diy-design,LogoMaker,advertisment maker,5,,234,28,0.75
diy-design,LogoMaker,freepic,5,94,249,8,1.10
diy-design,LogoMaker,vinatage art,5,,211,80,0.59
diy-design,LogoMaker,funeral poster making,5,42,230,120,0.55
diy-design,LogoMaker,business card maker - creator,5,,234,44,0.67
diy-design,LogoMaker,business naming tool,5,,237,51,0.65
diy-design,LogoMaker,business creator,5,,231,28,0.75
diy-design,LogoMaker,aı video maker,5,49,244,237,0.49
diy-design,LogoMaker,aı business photo,5,91,248,48,0.66
diy-design,LogoMaker,business branding,5,,247,28,0.75
diy-design,LogoMaker,wikicat,5,,244,24,0.78
diy-design,LogoMaker,aı photoshop,5,,244,228,0.49
diy-design,LogoMaker,logo express,5,,209,13,0.93
diy-design,LogoMaker,free poster maker app,5,,237,109,0.56
diy-design,LogoMaker,for etsy,5,100,243,234,0.49
diy-design,LogoMaker,lw brands  llc,5,,152,63,0.62
diy-design,LogoMaker,brand logo identifier,5,,222,7,1.16
diy-design,LogoMaker,label checker,5,,217,190,0.50
diy-design,LogoMaker,logo make,5,97,248,4,1.49
diy-design,LogoMaker,custom templates,5,,223,109,0.56
diy-design,LogoMaker,inspectorr,5,,174,112,0.55
diy-design,LogoMaker,bazarr,5,92,203,109,0.56
diy-design,LogoMaker,ink create,5,87,244,135,0.54
diy-design,LogoMaker,heraldry design,5,,230,10,1.02
diy-design,LogoMaker,maker app free,5,,246,64,0.62
diy-design,LogoMaker,fly maker,5,,228,168,0.51
diy-design,LogoMaker,pro maker app,5,84,236,54,0.64
diy-design,LogoMaker,creator free,5,,249,144,0.53
diy-design,LogoMaker,photo maker app app,5,,229,171,0.51
diy-design,LogoMaker,photo maker app maker,5,,230,180,0.51
diy-design,LogoMaker,photo maker apps,5,,235,228,0.49
diy-design,LogoMaker,ambisecure biometric maker,5,,237,8,1.10
diy-design,LogoMaker,ca post,5,,110,53,0.64
diy-design,LogoMaker,maker free,5,,242,193,0.50
diy-design,LogoMaker,edition maker,5,,242,104,0.56
diy-design,LogoMaker,app tapscanner maker,5,,242,11,0.98
diy-design,LogoMaker,maker create editor,5,78,241,131,0.54
diy-design,LogoMaker,maker 2go editor,5,,242,61,0.63
diy-design,LogoMaker,tapeacall call maker tracker,5,,223,99,0.57
diy-design,LogoMaker,flyer design maker,5,,239,98,0.57
diy-design,LogoMaker,scanner colorscan maker,5,,239,10,1.02
diy-design,LogoMaker,bezel authenticated maker,5,71,248,237,0.49
diy-design,LogoMaker,admaker,5,,232,231,0.49
diy-design,LogoMaker,名片,5,72,249,123,0.54
diy-design,LogoMaker,impresso video logo,5,,221,17,0.86
diy-design,LogoMaker,impresso video logo makers,5,,223,10,1.02
diy-design,LogoMaker,impresso video logo maker,5,43,243,74,0.60
diy-design,LogoMaker,impresso video logos,5,,230,10,1.02
diy-design,LogoMaker,maker add music photos makes,5,,223,178,0.51
diy-design,LogoMaker,models logos video,5,,233,43,0.68
diy-design,LogoMaker,cap add customs,5,,229,13,0.93
diy-design,LogoMaker,logo maker creators,5,,224,20,0.82
diy-design,LogoMaker,logo maker creator boon,5,,236,18,0.84
diy-design,LogoMaker,maker creator boon,5,46,243,26,0.76
diy-design,LogoMaker,logo maker creator boons,5,,241,10,1.02
diy-design,LogoMaker,maker templates fors,5,,220,48,0.66
diy-design,LogoMaker,maker templates for,5,43,240,28,0.75
diy-design,LogoMaker,logo maker - diseño ia,5,,246,140,0.53
diy-design,LogoMaker,vintage templates,5,,247,37,0.70
diy-design,LogoMaker,generator vintage,5,,225,21,0.81
diy-design,LogoMaker,generator templates,5,,248,176,0.51
diy-design,LogoMaker,for templates,5,,199,122,0.55
diy-design,LogoMaker,creator effects,5,,213,189,0.50
diy-design,LogoMaker,creator templates,5,,242,116,0.55
diy-design,LogoMaker,esti generator,5,,198,14,0.91
diy-design,LogoMaker,esti creator,5,,228,26,0.76
diy-design,LogoMaker,effects creator,5,,210,178,0.51
diy-design,LogoMaker,effects templates,5,,238,59,0.63
diy-design,LogoMaker,templates creator,5,92,246,226,0.49
diy-design,LogoMaker,templates videos,5,,229,165,0.52
diy-design,LogoMaker,templates for canva,5,100,236,67,0.61
diy-design,LogoMaker,ai logo maker app: generator,5,35,243,78,0.59
diy-design,LogoMaker,logomaker: logo creator editor,5,,223,9,1.06
diy-design,LogoMaker,logo maker - ai art design,5,95,243,17,0.86
diy-design,LogoMaker,inshot logo,5,,226,19,0.83
diy-design,LogoMaker,editor logo,5,,230,7,1.16
diy-design,LogoMaker,maker effects,5,,227,140,0.53
diy-design,LogoMaker,body logo,5,,223,20,0.82
diy-design,LogoMaker,slim logo,5,,250,63,0.62
diy-design,LogoMaker,polish logo,5,,247,52,0.65
diy-design,LogoMaker,edit design,5,78,237,214,0.49
diy-design,LogoMaker,retouch logo,5,,250,9,1.06
diy-design,LogoMaker,enhance logo,5,,248,37,0.70
diy-design,LogoMaker,filter logo,5,,228,6,1.24
diy-design,LogoMaker,youcut logo,5,,231,6,1.24
diy-design,LogoMaker,with logo,5,,245,95,0.57
diy-design,LogoMaker,music logo,5,,227,11,0.98
diy-design,LogoMaker,incollage logo,5,100,250,101,0.56
diy-design,LogoMaker,grid logo,5,,249,41,0.68
diy-design,LogoMaker,picture logo,5,,223,5,1.34
diy-design,LogoMaker,layout logo,5,,246,71,0.61
diy-design,LogoMaker,effects design,5,,241,139,0.53
diy-design,LogoMaker,effects logo,5,,225,11,0.98
diy-design,LogoMaker,cam design,5,,238,60,0.63
diy-design,LogoMaker,cam logo,5,,246,48,0.66
diy-design,LogoMaker,editing logo,5,,242,8,1.10
diy-design,LogoMaker,filters logo,5,40,247,47,0.66
diy-design,LogoMaker,background logo,5,,248,113,0.55
diy-design,LogoMaker,eraser logo,5,,225,15,0.89
diy-design,LogoMaker,auto logo,5,,227,13,0.93
diy-design,LogoMaker,removal logo,5,,245,196,0.50
diy-design,LogoMaker,objects logo,5,,249,22,0.80
diy-design,LogoMaker,pic logo,5,,214,7,1.16
diy-design,LogoMaker,generator logo,5,,243,121,0.55
diy-design,LogoMaker,portraits logo,5,,227,10,1.02
diy-design,LogoMaker,and logo,5,,217,22,0.80
diy-design,LogoMaker,pro design,5,,237,194,0.50
diy-design,LogoMaker,picsart logo,5,,249,32,0.73
diy-design,LogoMaker,design effects,5,,242,92,0.58
diy-design,LogoMaker,logo inshot,5,,226,19,0.83
diy-design,LogoMaker,logo peachy,5,,249,27,0.76
diy-design,LogoMaker,logo body,5,,249,65,0.62
diy-design,LogoMaker,logo polish,5,,236,15,0.89
diy-design,LogoMaker,logo edit,5,,248,9,1.06
diy-design,LogoMaker,logo retouch,5,,227,15,0.89
diy-design,LogoMaker,logo enhance,5,,233,7,1.16
diy-design,LogoMaker,logo filter,5,,223,13,0.93
diy-design,LogoMaker,logo youcut,5,,250,24,0.78
diy-design,LogoMaker,logo with,5,,245,112,0.55
diy-design,LogoMaker,logo incollage,5,100,247,143,0.53
diy-design,LogoMaker,logo grid,5,,250,33,0.72
diy-design,LogoMaker,logo picture,5,,222,3,1.74
diy-design,LogoMaker,logo layout,5,98,246,118,0.55
diy-design,LogoMaker,logo vhs,5,,249,80,0.59
diy-design,LogoMaker,logo editing,5,,225,6,1.24
diy-design,LogoMaker,logo filters,5,40,247,28,0.75
diy-design,LogoMaker,logo background,5,,248,208,0.50
diy-design,LogoMaker,logo removal,5,,220,22,0.80
diy-design,LogoMaker,logo objects,5,,233,5,1.34
diy-design,LogoMaker,logo pic,5,,217,12,0.96
diy-design,LogoMaker,logo toontap,5,,218,16,0.87
diy-design,LogoMaker,logo portraits,5,,246,24,0.78
diy-design,LogoMaker,logo anime,5,,221,18,0.84
diy-design,LogoMaker,logo swap,5,,221,12,0.96
diy-design,LogoMaker,logo quick,5,,240,18,0.84
diy-design,LogoMaker,logo and,5,,217,13,0.93
diy-design,LogoMaker,logo pro,5,,242,16,0.87
diy-design,LogoMaker,logo picsart,5,,229,9,1.06
diy-design,LogoMaker,logo maker contractor,5,43,243,21,0.81
diy-design,LogoMaker,primer dry time,5,,217,43,0.68
diy-design,LogoMaker,generate watermark,5,,219,57,0.63
diy-design,LogoMaker,bill generator & templates,5,,232,103,0.56
diy-design,LogoMaker,pill trucker,5,,222,28,0.75
diy-design,LogoMaker,party card maker,5,63,244,173,0.51
diy-design,LogoMaker,ogo maker,5,,248,4,1.49
diy-design,LogoMaker,ad maker for ads & business,5,45,246,134,0.54
diy-design,LogoMaker,makers mark,5,,250,11,0.98
diy-design,LogoMaker,she c,5,85,240,155,0.52
diy-design,LogoMaker,canvas print maker,5,49,245,48,0.66
diy-design,LogoMaker,sigil maker,5,,243,56,0.64
diy-design,LogoMaker,aı picture edito,5,,246,236,0.49
diy-design,LogoMaker,personalized mentor recommendations,5,,232,17,0.86
diy-design,LogoMaker,car livery maker,5,,236,12,0.96
diy-design,LogoMaker,water quality journal app,5,,233,37,0.70
diy-design,LogoMaker,businesstips,5,,173,11,0.98
diy-design,LogoMaker,business card ai,5,,223,142,0.53
diy-design,LogoMaker,afterhours visuals,5,40,249,249,0.48
diy-design,LogoMaker,can log,5,80,215,23,0.79
diy-design,LogoMaker,business menu app,5,,216,11,0.98
diy-design,LogoMaker,stencil maker for wood,5,70,245,116,0.55
diy-design,LogoMaker,design concepts,5,57,225,143,0.53
diy-design,LogoMaker,can visit,5,55,78,7,1.16
diy-design,LogoMaker,biographics consultoria e design ltda,5,,198,33,0.72
diy-design,LogoMaker,brand crush monday llc,5,,238,17,0.86
diy-design,LogoMaker,brandme: sign your images,5,,226,35,0.71
diy-design,LogoMaker,business card designer free,5,,219,84,0.59
diy-design,LogoMaker,canva business,5,,221,11,0.98
diy-design,LogoMaker,canva headshot,5,,218,160,0.52
diy-design,LogoMaker,canva logo maker,5,,235,4,1.49
diy-design,LogoMaker,canva website,5,,175,50,0.65
diy-design,LogoMaker,canvas: template design maker,5,100,250,192,0.50
diy-design,LogoMaker,channel i placement online,5,,233,26,0.76
diy-design,LogoMaker,exclusive brands llc,5,,207,11,0.98
diy-design,LogoMaker,font logo maker,5,,236,19,0.83
diy-design,LogoMaker,free logo design creator apps,5,,240,13,0.93
diy-design,LogoMaker,highlight brands llc,5,,250,46,0.67
diy-design,LogoMaker,logo balikbayan,5,,220,7,1.16
diy-design,LogoMaker,logo editor free,5,,241,7,1.16
diy-design,LogoMaker,logo fast,5,,227,65,0.62
diy-design,LogoMaker,logo freman,5,,218,11,0.98
diy-design,LogoMaker,logo jhr,5,,229,7,1.16
diy-design,LogoMaker,logo maker: create a logo,5,,237,4,1.49
diy-design,LogoMaker,logo maker: watermark designer,5,,242,9,1.06
diy-design,LogoMaker,logo official,5,,249,151,0.52
diy-design,LogoMaker,logo snap,5,,226,18,0.84
diy-design,LogoMaker,popular banner makers with templates,5,,231,35,0.71
diy-design,LogoMaker,graphics déign,5,34,244,168,0.51
diy-design,LogoMaker,graphics desgn,5,49,244,184,0.51
diy-design,LogoMaker,craft ecosystem,5,57,216,5,1.34
diy-design,LogoMaker,can generate,5,,232,62,0.62
diy-design,LogoMaker,templare maker,5,,242,22,0.80
diy-design,LogoMaker,maker for iphone,5,,243,77,0.60
diy-design,LogoMaker,maker for,5,,248,135,0.54
diy-design,LogoMaker,maker iphone,5,,241,211,0.49
diy-design,LogoMaker,procreate watercolor,5,,215,9,1.06
diy-design,LogoMaker,product logo ai,5,,243,16,0.87
diy-design,LogoMaker,t-shirt desinger,5,,246,14,0.91
diy-design,LogoMaker,adobe ex press,5,,181,60,0.63
diy-design,LogoMaker,making of,5,55,231,207,0.50
diy-design,LogoMaker,custom ink maker,5,49,247,74,0.60
diy-design,LogoMaker,reddit sleeve loadings,5,,228,45,0.67
diy-design,LogoMaker,ai banner maker,5,87,239,28,0.75
diy-design,LogoMaker,brochure studio,5,,215,22,0.80
diy-design,LogoMaker,brand planner,5,40,244,226,0.49
diy-design,LogoMaker,logo writer,5,,246,17,0.86
diy-design,LogoMaker,logo planner,5,43,248,4,1.49
diy-design,LogoMaker,brand assets,5,,213,2,2.29
diy-design,LogoMaker,glaze - oil painting studio,5,,200,37,0.70
diy-design,LogoMaker,business go,5,,234,134,0.54
diy-design,LogoMaker,whittling patterns,5,68,250,228,0.49
diy-design,LogoMaker,watercolor painting log,5,,209,2,2.29
diy-design,LogoMaker,epsn creative print,5,52,249,245,0.48
diy-design,LogoMaker,maker bazaart,5,37,144,1,5.00
diy-design,LogoMaker,canva bazaart,5,98,250,11,0.98
diy-design,LogoMaker,share watermark,5,,211,101,0.56
diy-design,LogoMaker,logo makrer,5,,244,6,1.24
diy-design,LogoMaker,concept cards,5,,198,145,0.53
diy-design,LogoMaker,ink and art design,5,,234,68,0.61
diy-design,LogoMaker,grphics,5,,242,163,0.52
diy-design,LogoMaker,crad maker,5,,237,51,0.65
diy-design,LogoMaker,8mm vintage,5,,224,169,0.51
diy-design,LogoMaker,edzy,5,85,204,163,0.52
diy-design,LogoMaker,design my own photo,5,,218,35,0.71
diy-design,LogoMaker,画画儿童,5,40,249,129,0.54
diy-design,LogoMaker,event poster maker,5,,237,209,0.50
diy-design,LogoMaker,name tag maker,5,,233,6,1.24
diy-design,LogoMaker,dymo label maker,5,,221,39,0.69
diy-design,LogoMaker,banner template,5,,237,35,0.71
diy-design,LogoMaker,event flyer builder,5,,238,79,0.59
diy-design,LogoMaker,church flyer creator,5,,237,80,0.59
diy-design,LogoMaker,church flyer designer,5,,237,24,0.78
diy-design,LogoMaker,funeral flyer maker,5,,244,120,0.55
diy-design,LogoMaker,poster for business,5,,229,87,0.58
diy-design,LogoMaker,party poster maker,5,,239,177,0.51
diy-design,LogoMaker,church poster,5,,237,74,0.60
diy-design,LogoMaker,restaurant poster maker,5,,226,51,0.65
diy-design,LogoMaker,sale poster maker,5,,227,105,0.56
diy-design,LogoMaker,music poster maker,5,,236,229,0.49
diy-design,LogoMaker,concert poster,5,,225,187,0.51
diy-design,LogoMaker,missing poster maker,5,,233,111,0.55
diy-design,LogoMaker,restaurant invitation maker,5,,245,93,0.57
diy-design,LogoMaker,business banner,5,,236,5,1.34
diy-design,LogoMaker,business banner maker,5,,235,2,2.29
diy-design,LogoMaker,banner for business,5,,233,2,2.29
diy-design,LogoMaker,school banner,5,,230,90,0.58
diy-design,LogoMaker,banner for graduation,5,,246,141,0.53
diy-design,LogoMaker,funeral banner maker,5,,242,17,0.86
diy-design,LogoMaker,missing banner maker,5,,244,24,0.78
diy-design,LogoMaker,ai logo maker &,5,,244,20,0.82
diy-design,LogoMaker,graphic design & logo,5,,244,62,0.62
diy-design,LogoMaker,logo maker ai design,5,,245,35,0.71
diy-design,LogoMaker,dymo lt connect,5,,214,124,0.54
diy-design,LogoMaker,till templates,5,,226,112,0.55
diy-design,LogoMaker,till log,5,57,250,244,0.48
diy-design,LogoMaker,watercolor tattoo,5,,223,6,1.24
diy-design,LogoMaker,hand tattoos ideas,5,,212,53,0.64
diy-design,LogoMaker,canva logo creator,5,,244,39,0.69
diy-design,LogoMaker,warning label template,5,,248,181,0.51
diy-design,LogoMaker,my ai logo maker,5,,248,219,0.49
diy-design,LogoMaker,ai logo maker planner,5,,246,65,0.62
diy-design,LogoMaker,banner maker app,5,,247,56,0.64
diy-design,LogoMaker,brochure maker app,5,,250,130,0.54
diy-design,LogoMaker,logo maker aı,5,42,247,15,0.89
diy-design,LogoMaker,custom t shirt maker,5,,242,196,0.50
diy-design,LogoMaker,t-shirt design maker,5,,245,211,0.49
diy-design,LogoMaker,product label designer,5,,247,130,0.54
diy-design,LogoMaker,petal: widget & icon maker,5,,245,117,0.55
diy-design,LogoMaker,canva: design  photo & video,5,,247,16,0.87
diy-design,LogoMaker,visual sanctuary,5,,248,223,0.49
diy-design,LogoMaker,maker business,5,,244,43,0.68
diy-design,LogoMaker,small business administration,,,215,74,
diy-design,LogoMaker,free),,,135,9,
diy-design,LogoMaker,desain logo,,,247,81,
diy-design,LogoMaker,canva デザイン作成,,91,18,5,
diy-design,LogoMaker,포스터,,46,240,11,
diy-design,LogoMaker,logo prompt,,13,212,31,
diy-design,LogoMaker,photo ;ab ai photo generator,,,54,46,
diy-design,LogoMaker,logo%20app,,,223,6,
diy-design,LogoMaker,logo%20designer%20free,,,227,18,
diy-design,LogoMaker,mobile design app,,,239,126,
diy-design,LogoMaker,airlearn language maker,,,238,10,
diy-design,LogoMaker,generator maker maker editor,,,241,114,
diy-design,LogoMaker,generator maker maker maker,,,242,97,
diy-design,LogoMaker,generator maker makers,,,239,175,
diy-design,LogoMaker,generator maker editor,,,239,207,
diy-design,LogoMaker,video logo makers,,,224,6,
diy-design,LogoMaker,graphics with effects for artists designers,,,215,48,
diy-design,LogoMaker,vintage generator,,,190,138,
diy-design,LogoMaker,templates vintage,,,172,114,
diy-design,LogoMaker,templates generator,,,247,171,
diy-design,LogoMaker,templates pictures,,,236,115,
diy-design,LogoMaker,templates oji,,,250,93,
diy-design,LogoMaker,swap logo,,,250,44,
diy-design,LogoMaker,logo face,,,246,90,
diy-design,LogoMaker,d1 baseballcollege,,,209,26,
diy-design,LogoMaker,aı home design free,,,250,154,
diy-design,LogoMaker,my etsy,,,219,24,
diy-design,LogoMaker,professional letterhead maker,,,233,12,
diy-design,LogoMaker,adob eexpress,,,96,10,
diy-design,LogoMaker,logo maker : graphic designer,,,240,13,
diy-design,LogoMaker,can va,,,241,29,
diy-design,LogoMaker,adob e express,,,172,35,
diy-design,LogoMaker,adobe exp ress,,,175,41,
diy-design,LogoMaker,app vintage photo,,,236,193,
diy-design,LogoMaker,mkaer,,93,236,202,
diy-design,LogoMaker,simple ai logo maker,,49,246,181,
diy-design,LogoMaker,watercolor techniques guide,,40,248,24,
diy-design,LogoMaker,ubrand,,,229,22,
diy-design,LogoMaker,baner maker,,,241,31,
diy-design,LogoMaker,ai card maker,,,236,45,
diy-design,LogoMaker,ai business card,,,228,128,
diy-design,LogoMaker,creative poster templates,,42,246,11,
diy-design,LogoMaker,maker instories,,64,244,211,
diy-design,LogoMaker,flyer maker logo,,,235,43,
diy-design,LogoMaker,tsp tips,,,189,55,
diy-design,LogoMaker,business flyer creator,,,233,55,
diy-design,LogoMaker,business flyer designer,,,231,17,
diy-design,LogoMaker,party flyer builder,,,230,80,
diy-design,LogoMaker,church flyer design,,,234,25,
diy-design,LogoMaker,church poster maker,,,233,56,
diy-design,LogoMaker,sports poster maker,,,239,152,
diy-design,LogoMaker,christmas poster maker,,,234,172,
diy-design,LogoMaker,graduation poster maker,,,238,154,
diy-design,LogoMaker,missing poster,,,231,160,
diy-design,LogoMaker,flea market invite maker,,,243,18,
diy-design,LogoMaker,party banner,,,220,186,
diy-design,LogoMaker,church banner maker,,,242,15,
diy-design,LogoMaker,birthday banner maker,,,246,3,
diy-design,LogoMaker,restaurant banner maker,,,245,10,
diy-design,LogoMaker,flea market banner,,,239,6,
diy-design,LogoMaker,flea market banner maker,,,244,29,
diy-design,LogoMaker,garage sale banner maker,,,239,8,
diy-design,LogoMaker,fundraiser banner,,,235,17,
diy-design,LogoMaker,school banner maker,,,239,27,
diy-design,LogoMaker,sports banner,,,230,120,
diy-design,LogoMaker,holiday banner,,,227,107,
diy-design,LogoMaker,ai logo maker for business,,,246,11,
diy-design,LogoMaker,esign: ink,,,225,15,
diy-design,LogoMaker,freelance maker,,48,246,203,
diy-design,LogoMaker,letterhead generator,,,245,33,
diy-design,LogoMaker,letterhead creator,,,226,41,
diy-design,LogoMaker,letterhead helper,,,230,7,
diy-design,LogoMaker,letterhead kit,,,227,42,
diy-design,LogoMaker,letterhead wizard,,,232,13,
diy-design,LogoMaker,fishing tattoo,,,222,105,
diy-design,LogoMaker,brand kit generator,,40,250,203,
diy-design,LogoMaker,brand copy generator,,40,250,111,
diy-design,LogoMaker,brandme sign your images,,,250,122,
diy-design,LogoMaker,creator business app,,52,248,196,
diy-design,LogoMaker,canvas designer,,,239,120,
diy-design,LogoMaker,brand editor,,,246,20,
diy-design,LogoMaker,brand craft,,,246,189,
diy-design,LogoMaker,banner photo maker,,,241,196,
diy-design,LogoMaker,logo photo maker,,,242,3,
diy-design,LogoMaker,brand kit maker,,,248,29,
diy-design,LogoMaker,dise fico,,,250,108,
diy-design,LogoMaker,label printer designer,,,242,220,
diy-design,LogoMaker,ai watercolor photo,,40,243,37,
diy-design,LogoMaker,arvine ai logo maker,,,245,220,
diy-design,LogoMaker,gaming logo maker esports logo,,,245,212,
diy-design,OneMockup,自由,28,51,240,112,3.10
diy-design,OneMockup,cuto,15,,62,36,2.11
diy-design,OneMockup,picsew,9,49,127,82,1.06
diy-design,OneMockup,placeit,6,43,153,107,0.67
diy-design,OneMockup,mock drafts,5,57,122,114,0.55
diy-design,OneMockup,mockup editor,5,41,250,31,0.73
diy-design,OneMockup,mockup,5,63,248,123,0.54
diy-design,OneMockup,截屏,5,40,248,184,0.51
diy-design,OneMockup,mock up,5,50,247,181,0.51
diy-design,OneMockup,app mockup,5,51,248,102,0.56
diy-design,OneMockup,мокап,5,42,248,90,0.58
diy-design,OneMockup,blend viewer,5,,177,160,0.52
diy-design,OneMockup,vitesse du vent,5,89,241,220,0.49
diy-design,OneMockup,ux prototype,5,40,244,232,0.49
diy-design,OneMockup,custom iphone,5,80,243,243,0.48
diy-design,OneMockup,處理,5,73,233,140,0.53
diy-design,OneMockup,splice maker,5,73,190,124,0.54
diy-design,OneMockup,splice making,5,73,179,88,0.58
diy-design,OneMockup,maker splice,5,72,181,91,0.58
diy-design,OneMockup,attractive graphics,5,25,4,1,5.00
diy-design,OneMockup,reinvented,5,,194,56,0.64
diy-design,OneMockup,replica・#1 condivisione screen,5,35,92,83,0.59
diy-design,OneMockup,mock draft,5,98,157,152,0.52
diy-design,OneMockup,screenshot mockup,5,50,242,31,0.73
diy-design,OneMockup,iphone mockup,5,43,246,66,0.62
diy-design,OneMockup,screenshot to mockup,5,37,246,39,0.69
diy-design,OneMockup,screenshot designer,5,60,214,125,0.54
diy-design,OneMockup,screen shot designer,5,94,214,86,0.58
diy-design,OneMockup,Design for silhouette,5,34,178,134,0.54
diy-design,OneMockup,device mockup,5,52,248,67,0.61
diy-design,OneMockup,mockup screenshots,5,44,244,35,0.71
diy-design,OneMockup,mockup screenshot,5,46,247,36,0.70
diy-design,OneMockup,自由的,5,42,209,44,0.67
diy-design,OneMockup,mockup creator t-shirt design\,5,40,246,193,0.50
diy-design,OneMockup,mockup creator t-shirt design,5,40,246,144,0.53
diy-design,OneMockup,App Store mockup,5,48,242,179,0.51
diy-design,OneMockup,App Mockup Creator,5,40,239,111,0.55
diy-design,OneMockup,好的,5,87,223,90,0.58
diy-design,OneMockup,Mockuper,5,49,241,6,1.24
diy-design,OneMockup,pop frame,5,35,94,20,0.82
diy-design,OneMockup,pixelmost,5,47,249,150,0.52
diy-design,OneMockup,how attractive,5,61,216,199,0.50
diy-design,OneMockup,place it,5,50,178,45,0.67
diy-design,OneMockup,Screenshot Design,5,54,242,227,0.49
diy-design,OneMockup,screenshot mock,5,40,246,69,0.61
diy-design,OneMockup,mockup screen,5,58,245,9,1.06
diy-design,OneMockup,mockup background,5,40,231,56,0.64
diy-design,OneMockup,screen mockup,5,44,248,7,1.16
diy-design,OneMockup,screen shot mock,5,40,247,50,0.65
diy-design,OneMockup,custom screen,5,76,216,57,0.63
diy-design,OneMockup,ui mockup,5,45,248,56,0.64
diy-design,OneMockup,mockup frame generator,5,40,249,83,0.59
diy-design,OneMockup,screenshot mockup tool,5,40,245,63,0.62
diy-design,OneMockup,onemockup,5,23,3,1,5.00
diy-design,OneMockup,product mockups,5,45,247,237,0.49
diy-design,OneMockup,draw mockup,5,40,247,48,0.66
diy-design,OneMockup,sketch mockup,5,40,245,65,0.62
diy-design,OneMockup,mockup note,5,40,197,27,0.76
diy-design,OneMockup,design poser,5,,212,204,0.50
diy-design,OneMockup,product mockup generator,5,40,245,120,0.55
diy-design,OneMockup,design make,5,,221,199,0.50
diy-design,OneMockup,video mockup,5,49,245,152,0.52
diy-design,OneMockup,shape morphing,5,,165,152,0.52
diy-design,OneMockup,artwork mockup,5,42,247,44,0.67
diy-design,OneMockup,wall art mockup,5,49,243,185,0.51
diy-design,OneMockup,artwork mockup app,5,43,248,49,0.66
diy-design,OneMockup,wall art mockup app,5,42,247,216,0.49
diy-design,OneMockup,screenshot mock-up,5,26,203,20,0.82
diy-design,OneMockup,describe screenshot,5,,185,167,0.52
diy-design,OneMockup,mockup photo background,5,40,245,74,0.60
diy-design,OneMockup,billboard mockup,5,53,240,80,0.59
diy-design,OneMockup,realistic mockup,5,44,154,44,0.67
diy-design,OneMockup,lumisketch,5,,216,110,0.56
diy-design,OneMockup,mockup gen,5,,81,41,0.68
diy-design,OneMockup,mockup space,5,44,247,68,0.61
diy-design,OneMockup,3d tshirt mockup,5,,244,151,0.52
diy-design,OneMockup,smpro - mockup frame editor,5,44,248,196,0.50
diy-design,OneMockup,ui mockup generator,5,,213,59,0.63
diy-design,OneMockup,templates presets,5,39,188,150,0.52
diy-design,OneMockup,layout enhance,5,,200,139,0.53
diy-design,OneMockup,layout swap,5,,69,53,0.64
diy-design,OneMockup,截图,5,31,206,37,0.70
diy-design,OneMockup,pattern scaler,5,,222,219,0.49
diy-design,OneMockup,zible,5,,216,147,0.53
diy-design,OneMockup,mockup now,5,47,250,52,0.65
diy-design,OneMockup,mockup maker,5,64,248,32,0.73
diy-design,OneMockup,mockup creator 2025,5,,237,55,0.64
diy-design,OneMockup,customizable image,5,,227,165,0.52
diy-design,OneMockup,animock: 3d mockup animator,5,,214,24,0.78
diy-design,OneMockup,mockup app,5,55,249,82,0.59
diy-design,OneMockup,mockup frame,5,51,250,221,0.49
diy-design,OneMockup,mockup templates,5,40,239,49,0.66
diy-design,OneMockup,outline image,5,,228,109,0.56
diy-design,OneMockup,outline make,5,,147,62,0.62
diy-design,OneMockup,elements allow,5,,207,162,0.52
diy-design,OneMockup,transform outline,5,,65,18,0.84
diy-design,OneMockup,css tester,5,,194,108,0.56
diy-design,OneMockup,mockup builder,5,28,250,82,0.59
diy-design,OneMockup,mockup resizer,5,,219,12,0.96
diy-design,OneMockup,reinvention,5,,191,24,0.78
diy-design,OneMockup,frameit mockup,5,40,249,62,0.62
diy-design,OneMockup,drawing mockup app,5,40,246,235,0.49
diy-design,OneMockup,portfolio mockup app,5,40,241,97,0.57
diy-design,OneMockup,canvas mockups,5,93,248,22,0.80
diy-design,OneMockup,drawing mockup,5,40,248,79,0.59
diy-design,OneMockup,framing mockup,5,71,249,38,0.70
diy-design,OneMockup,portfolio mockup,5,42,248,66,0.62
diy-design,OneMockup,exhibition mockup,5,40,249,59,0.63
diy-design,OneMockup,exhibition mockups,5,40,250,190,0.50
diy-design,OneMockup,wall artwork mockup,5,42,247,90,0.58
diy-design,OneMockup,artwork photo mockup,5,42,245,119,0.55
diy-design,OneMockup,canvas photo mockup,5,92,243,77,0.60
diy-design,OneMockup,artist portfolio mockup,5,42,246,116,0.55
diy-design,OneMockup,art portfolio mockup,5,42,249,220,0.49
diy-design,OneMockup,art frame mockup,5,42,250,188,0.50
diy-design,OneMockup,canvas frame mockup,5,42,245,60,0.63
diy-design,OneMockup,painting frame mockup,5,40,250,67,0.61
diy-design,OneMockup,canvas framing mockup,5,40,248,43,0.68
diy-design,OneMockup,art mockup studio,5,47,249,63,0.62
diy-design,OneMockup,painting mockup studio,5,72,247,109,0.56
diy-design,OneMockup,3d wall art mockup,5,42,244,146,0.53
diy-design,OneMockup,message nudges review,5,,212,178,0.51
diy-design,OneMockup,fake custom,5,,55,14,0.91
diy-design,OneMockup,ipad fake withs,5,,168,159,0.52
diy-design,OneMockup,learn ux,5,,204,126,0.54
diy-design,OneMockup,art mockup maker,5,45,242,34,0.71
diy-design,OneMockup,poster mockup,5,37,250,154,0.52
diy-design,OneMockup,etsy mockup,5,,235,82,0.59
diy-design,OneMockup,apparel mockup,5,,250,155,0.52
diy-design,OneMockup,hoodie mockup,5,51,192,62,0.62
diy-design,OneMockup,hat mockup,5,,155,28,0.75
diy-design,OneMockup,tote bag mockup,5,,219,58,0.63
diy-design,OneMockup,custom work,,,240,235,
diy-design,OneMockup,mockapp wireframe ui mockup,,,213,21,
diy-design,OneMockup,simple mockup video,,,216,172,
diy-design,OneMockup,circle designed,,,139,74,
diy-design,OneMockup,reviews nudge have,,,219,197,
diy-design,OneMockup,framing mockup studio,,40,246,143,
diy-design,OneMockup,painting mockup app,,40,246,133,
diy-design,OneMockup,canvas mockup app,,40,245,29,
diy-design,OneMockup,frame mockup app,,40,244,73,
diy-design,OneMockup,framing mockup app,,40,250,111,
diy-design,OneMockup,frame mockups,,42,246,218,
diy-design,OneMockup,wall mockup,,45,249,73,
diy-design,OneMockup,portfolio mockups,,42,249,104,
diy-design,OneMockup,canvas gallery mockup,,42,249,86,
diy-design,OneMockup,3d art mockup,,49,245,149,
diy-design,OneMockup,preview canvas,,45,239,204,
diy-design,OneMockup,artwork frame mockup,,42,248,100,
diy-design,OneMockup,art framing mockup,,40,250,212,
diy-design,OneMockup,artwork framing mockup,,42,249,144,
diy-design,OneMockup,painting framing mockup,,40,246,30,
diy-design,OneMockup,artwork mockup studio,,42,247,42,
diy-design,OneMockup,canvas mockup studio,,40,249,36,
diy-design,OneMockup,android quickly stack weights,,,205,107,
diy-design,OneMockup,packaging mockup,,43,239,129,
diy-design,OneMockup,post mockup,,,153,49,
diy-design,OneMockup,profile mockup,,,247,63,
diy-design,OneMockup,feed mockup,,,249,144,
diy-design,InteriorDesignPRO,design space,52,79,248,86,6.06
diy-design,InteriorDesignPRO,interior design,46,80,248,154,4.81
diy-design,InteriorDesignPRO,룸플래너,31,47,243,211,3.07
diy-design,InteriorDesignPRO,interior design gratis,28,61,250,80,3.31
diy-design,InteriorDesignPRO,desin,25,,248,209,2.48
diy-design,InteriorDesignPRO,home layout app,17,,241,27,2.57
diy-design,InteriorDesignPRO,architectural design,8,57,249,193,0.80
diy-design,InteriorDesignPRO,lite room,7,,226,67,0.86
diy-design,InteriorDesignPRO,architectural design for ipad,5,47,241,16,0.87
diy-design,InteriorDesignPRO,rearrange room,5,,243,161,0.52
diy-design,InteriorDesignPRO,interior design for ipad,5,68,242,2,2.29
diy-design,InteriorDesignPRO,landscape designs,5,54,244,168,0.51
diy-design,InteriorDesignPRO,landscapes designs,5,49,244,152,0.52
diy-design,InteriorDesignPRO,landscaping designs,5,45,240,204,0.50
diy-design,InteriorDesignPRO,studio design,5,98,248,43,0.68
diy-design,InteriorDesignPRO,nursery design,5,44,238,84,0.59
diy-design,InteriorDesignPRO,designcrowd,5,65,249,70,0.61
diy-design,InteriorDesignPRO,patio designer,5,,220,80,0.59
diy-design,InteriorDesignPRO,morpholio board,5,47,227,152,0.52
diy-design,InteriorDesignPRO,layot,5,,233,211,0.49
diy-design,InteriorDesignPRO,material design,5,44,247,229,0.49
diy-design,InteriorDesignPRO,living room design,5,,232,47,0.66
diy-design,InteriorDesignPRO,architecture app,5,,216,84,0.59
diy-design,InteriorDesignPRO,industrial design,5,74,225,4,1.49
diy-design,InteriorDesignPRO,interior paint,5,66,248,230,0.49
diy-design,InteriorDesignPRO,fabric store,5,,216,110,0.56
diy-design,InteriorDesignPRO,design und,5,45,240,211,0.49
diy-design,InteriorDesignPRO,product designer,5,27,246,116,0.55
diy-design,InteriorDesignPRO,design interior,5,67,247,222,0.49
diy-design,InteriorDesignPRO,design week,5,40,247,195,0.50
diy-design,InteriorDesignPRO,dsign,5,56,233,180,0.51
diy-design,InteriorDesignPRO,moodboard interior,5,39,250,105,0.56
diy-design,InteriorDesignPRO,design landscape,5,59,237,135,0.54
diy-design,InteriorDesignPRO,interiors,5,89,249,3,1.74
diy-design,InteriorDesignPRO,design design,5,42,249,167,0.52
diy-design,InteriorDesignPRO,interior & architecture,5,44,247,10,1.02
diy-design,InteriorDesignPRO,ex display,5,25,240,115,0.55
diy-design,InteriorDesignPRO,studio product,5,25,243,209,0.50
diy-design,InteriorDesignPRO,room product,5,53,236,192,0.50
diy-design,InteriorDesignPRO,room studio,5,47,242,76,0.60
diy-design,InteriorDesignPRO,studio room,5,77,225,20,0.82
diy-design,InteriorDesignPRO,product room,5,53,240,119,0.55
diy-design,InteriorDesignPRO,designer layouts,5,40,243,41,0.68
diy-design,InteriorDesignPRO,layouts designer,5,40,246,58,0.63
diy-design,InteriorDesignPRO,design texture,5,40,238,174,0.51
diy-design,InteriorDesignPRO,color pop dope,5,49,237,186,0.51
diy-design,InteriorDesignPRO,instastory design,5,40,247,136,0.53
diy-design,InteriorDesignPRO,kitchen cabinets,5,,211,19,0.83
diy-design,InteriorDesignPRO,kitchen design pro,5,75,249,4,1.49
diy-design,InteriorDesignPRO,interior design board,5,,237,30,0.74
diy-design,InteriorDesignPRO,apple design,5,86,232,13,0.93
diy-design,InteriorDesignPRO,ainterior design,5,71,248,184,0.51
diy-design,InteriorDesignPRO,interior design idea,5,52,242,134,0.54
diy-design,InteriorDesignPRO,Inerior Design,5,71,248,217,0.49
diy-design,InteriorDesignPRO,homepro,5,63,224,147,0.53
diy-design,InteriorDesignPRO,scene design,5,78,217,15,0.89
diy-design,InteriorDesignPRO,spoak,5,67,250,13,0.93
diy-design,InteriorDesignPRO,bathroom decor,5,,205,41,0.68
diy-design,InteriorDesignPRO,Mood board interior,5,40,249,132,0.54
diy-design,InteriorDesignPRO,set design,5,73,184,22,0.80
diy-design,InteriorDesignPRO,moodboard for interior design,5,78,250,244,0.48
diy-design,InteriorDesignPRO,design de interiores,5,,241,69,0.61
diy-design,InteriorDesignPRO,interior desgn,5,70,248,123,0.54
diy-design,InteriorDesignPRO,interior desggn,5,40,244,62,0.62
diy-design,InteriorDesignPRO,nterior,5,81,248,157,0.52
diy-design,InteriorDesignPRO,interiør,5,,237,17,0.86
diy-design,InteriorDesignPRO,interior design home decor,5,73,245,140,0.53
diy-design,InteriorDesignPRO,interior design  home decor,5,71,247,186,0.51
diy-design,InteriorDesignPRO,interior creator,5,40,247,30,0.74
diy-design,InteriorDesignPRO,bristles the diy design app,5,82,245,217,0.49
diy-design,InteriorDesignPRO,interior reimagine,5,46,250,249,0.48
diy-design,InteriorDesignPRO,interior visualization,5,40,249,228,0.49
diy-design,InteriorDesignPRO,ideas interior,5,41,236,171,0.51
diy-design,InteriorDesignPRO,interior idea,5,49,235,150,0.52
diy-design,InteriorDesignPRO,interior home,5,77,246,215,0.49
diy-design,InteriorDesignPRO,interior design pro,5,,241,1,5.00
diy-design,InteriorDesignPRO,home room planner,5,,233,210,0.50
diy-design,InteriorDesignPRO,floor pla,5,68,249,61,0.63
diy-design,InteriorDesignPRO,décoration intérieure,5,78,241,222,0.49
diy-design,InteriorDesignPRO,Kitchen Apps LLC,5,39,181,151,0.52
diy-design,InteriorDesignPRO,Studio Planner,5,50,250,67,0.61
diy-design,InteriorDesignPRO,Virtual interior,5,50,247,142,0.53
diy-design,InteriorDesignPRO,Interior Magic,5,63,248,97,0.57
diy-design,InteriorDesignPRO,Interior Maker,5,47,250,152,0.52
diy-design,InteriorDesignPRO,design within reach,5,,235,41,0.68
diy-design,InteriorDesignPRO,interior desing,5,70,248,113,0.55
diy-design,InteriorDesignPRO,furniture decor,5,,212,47,0.66
diy-design,InteriorDesignPRO,design and build,5,,244,17,0.86
diy-design,InteriorDesignPRO,3d landscape design,5,,232,112,0.55
diy-design,InteriorDesignPRO,home exterior design,5,,241,79,0.59
diy-design,InteriorDesignPRO,kitchen design\,5,64,238,118,0.55
diy-design,InteriorDesignPRO,intrior design,5,70,248,220,0.49
diy-design,InteriorDesignPRO,room layout planner,5,38,217,58,0.63
diy-design,InteriorDesignPRO,interior art,5,46,245,112,0.55
diy-design,InteriorDesignPRO,room interior,5,,245,108,0.56
diy-design,InteriorDesignPRO,kitchen design ideas,5,79,227,157,0.52
diy-design,InteriorDesignPRO,interior design i,5,46,245,25,0.77
diy-design,InteriorDesignPRO,photo interior design,5,44,247,88,0.58
diy-design,InteriorDesignPRO,design app for interior designers,5,69,250,52,0.65
diy-design,InteriorDesignPRO,interior genius,5,,250,182,0.51
diy-design,InteriorDesignPRO,homy interior design,5,58,247,60,0.63
diy-design,InteriorDesignPRO,mood boar,5,82,234,77,0.60
diy-design,InteriorDesignPRO,kitchen remodeling,5,66,241,214,0.49
diy-design,InteriorDesignPRO,design trends,5,61,189,13,0.93
diy-design,InteriorDesignPRO,interior styling,5,52,244,84,0.59
diy-design,InteriorDesignPRO,kitchen design home,5,44,242,224,0.49
diy-design,InteriorDesignPRO,interior scanner,5,56,248,55,0.64
diy-design,InteriorDesignPRO,apple design award,5,75,248,12,0.96
diy-design,InteriorDesignPRO,interior redesign,5,71,248,94,0.57
diy-design,InteriorDesignPRO,interior deisng,5,71,248,231,0.49
diy-design,InteriorDesignPRO,interior design tool,5,47,249,17,0.86
diy-design,InteriorDesignPRO,ai interior design studio,5,75,249,242,0.48
diy-design,InteriorDesignPRO,interior sketcher,5,38,226,28,0.75
diy-design,InteriorDesignPRO,home. design,5,78,231,211,0.49
diy-design,InteriorDesignPRO,bed room,5,82,224,176,0.51
diy-design,InteriorDesignPRO,nterior designer,5,77,248,93,0.57
diy-design,InteriorDesignPRO,home decor planner,5,86,210,98,0.57
diy-design,InteriorDesignPRO,decor planner,5,86,221,112,0.55
diy-design,InteriorDesignPRO,decorate interior,5,77,245,112,0.55
diy-design,InteriorDesignPRO,the room planner apр,5,50,23,17,0.86
diy-design,InteriorDesignPRO,furniture restoration,5,75,229,166,0.52
diy-design,InteriorDesignPRO,furniture decore,5,,215,122,0.55
diy-design,InteriorDesignPRO,design.com,5,92,248,245,0.48
diy-design,InteriorDesignPRO,landscape  room & home design,5,,78,7,1.16
diy-design,InteriorDesignPRO,interior mood,5,,120,4,1.49
diy-design,InteriorDesignPRO,wall designstyler,5,,213,38,0.70
diy-design,InteriorDesignPRO,instant interiors,5,,225,10,1.02
diy-design,InteriorDesignPRO,instant interior,5,,72,5,1.34
diy-design,InteriorDesignPRO,cherry file,5,,229,64,0.62
diy-design,InteriorDesignPRO,tv wall unit design,5,,238,106,0.56
diy-design,InteriorDesignPRO,interior design ideas,5,,218,19,0.83
diy-design,InteriorDesignPRO,terra landscape design,5,,193,64,0.62
diy-design,InteriorDesignPRO,diy glamp,5,,225,46,0.67
diy-design,InteriorDesignPRO,home%20designer,5,73,234,26,0.76
diy-design,InteriorDesignPRO,tools%20for%20procreate,5,67,222,94,0.57
diy-design,InteriorDesignPRO,interior%20design%20games,5,59,231,96,0.57
diy-design,InteriorDesignPRO,design%20ai,5,74,228,41,0.68
diy-design,InteriorDesignPRO,exterior%20home%20design,5,80,222,24,0.78
diy-design,InteriorDesignPRO,layout%20design,5,76,225,60,0.63
diy-design,InteriorDesignPRO,home%20interior%20design,5,82,240,156,0.52
diy-design,InteriorDesignPRO,design%20my%20room,5,83,239,54,0.64
diy-design,InteriorDesignPRO,home%20design%20ai,5,80,247,82,0.59
diy-design,InteriorDesignPRO,interior%20ai,5,84,245,25,0.77
diy-design,InteriorDesignPRO,moco%20space,5,62,187,4,1.49
diy-design,InteriorDesignPRO,ai%20home%20design,5,82,246,80,0.59
diy-design,InteriorDesignPRO,interior art preview,5,42,247,221,0.49
diy-design,InteriorDesignPRO,wallary art app,5,44,249,16,0.87
diy-design,InteriorDesignPRO,interior%20design,5,46,249,106,0.56
diy-design,InteriorDesignPRO,free%20kitchen%20design,5,58,229,48,0.66
diy-design,InteriorDesignPRO,a%C4%B1%20home%20design,5,67,224,26,0.76
diy-design,InteriorDesignPRO,home%20design%203d,5,67,250,249,0.48
diy-design,InteriorDesignPRO,ai%20decorate,5,71,237,125,0.54
diy-design,InteriorDesignPRO,interior%20design%20by%20home%20ai,5,68,243,54,0.64
diy-design,InteriorDesignPRO,paint%20house,5,31,230,102,0.56
diy-design,InteriorDesignPRO,architectural%20design,5,64,229,37,0.70
diy-design,InteriorDesignPRO,free%20landscape%20design,5,68,240,27,0.76
diy-design,InteriorDesignPRO,room%20planner%20free,5,69,241,112,0.55
diy-design,InteriorDesignPRO,home%20designs%20ai,5,67,246,56,0.64
diy-design,InteriorDesignPRO,design%20room,5,64,230,18,0.84
diy-design,InteriorDesignPRO,home%20design,5,66,230,23,0.79
diy-design,InteriorDesignPRO,backyard%20design,5,49,209,52,0.65
diy-design,InteriorDesignPRO,paint%20wall,5,25,211,114,0.55
diy-design,InteriorDesignPRO,design%20space,5,61,248,66,0.62
diy-design,InteriorDesignPRO,home%20ai%20interior%20design%20app,5,55,244,60,0.63
diy-design,InteriorDesignPRO,interior%20design%20ai,5,68,248,58,0.63
diy-design,InteriorDesignPRO,art%20identify,5,56,223,110,0.56
diy-design,InteriorDesignPRO,ai%20decor,5,62,238,122,0.55
diy-design,InteriorDesignPRO,morpholio%20trace,5,46,230,97,0.57
diy-design,InteriorDesignPRO,curb appeal ai: exterior design,5,,239,47,0.66
diy-design,InteriorDesignPRO,roomrender,5,,242,80,0.59
diy-design,InteriorDesignPRO,furniture placer,5,,223,197,0.50
diy-design,InteriorDesignPRO,scantique,5,,216,66,0.62
diy-design,InteriorDesignPRO,furniture arranger,5,,191,56,0.64
diy-design,InteriorDesignPRO,home x: ai interior design,5,,231,21,0.81
diy-design,InteriorDesignPRO,architectural%20design%20for%20ipad,5,,221,99,0.57
diy-design,InteriorDesignPRO,decor%20matters,5,78,247,185,0.51
diy-design,InteriorDesignPRO,interior%20design%20game,5,,236,95,0.57
diy-design,InteriorDesignPRO,furniture%20design,5,,235,40,0.69
diy-design,InteriorDesignPRO,kitchen%20design,5,,226,60,0.63
diy-design,InteriorDesignPRO,interior%20design%20free,5,,250,27,0.76
diy-design,InteriorDesignPRO,interior%20design%20for%20ipad,5,59,248,29,0.74
diy-design,InteriorDesignPRO,spanish bathrooms,5,,204,163,0.52
diy-design,InteriorDesignPRO,floor plan analyser,5,,215,42,0.68
diy-design,InteriorDesignPRO,interipr,5,,248,17,0.86
diy-design,InteriorDesignPRO,green jungle ideas,5,,232,72,0.60
diy-design,InteriorDesignPRO,home decoration ai,5,,245,101,0.56
diy-design,InteriorDesignPRO,intior,5,,247,15,0.89
diy-design,InteriorDesignPRO,intrior,5,,247,15,0.89
diy-design,InteriorDesignPRO,room design for kids,5,,236,70,0.61
diy-design,InteriorDesignPRO,wild interiors,5,,229,51,0.65
diy-design,InteriorDesignPRO,rendera,5,,233,51,0.65
diy-design,InteriorDesignPRO,interior design arch,5,47,248,155,0.52
diy-design,InteriorDesignPRO,decoria,5,,213,53,0.64
diy-design,InteriorDesignPRO,minimalist design app,5,,216,27,0.76
diy-design,InteriorDesignPRO,room planner interior,5,,234,57,0.63
diy-design,InteriorDesignPRO,design my roomo,5,,239,68,0.61
diy-design,InteriorDesignPRO,generate room design from photo,5,,230,23,0.79
diy-design,InteriorDesignPRO,interior render,5,,229,1,5.00
diy-design,InteriorDesignPRO,roomdecor,5,74,222,145,0.53
diy-design,InteriorDesignPRO,window design software free,5,48,250,210,0.50
diy-design,InteriorDesignPRO,interior design home redesign,5,,229,40,0.69
diy-design,InteriorDesignPRO,design planne,5,,240,110,0.56
diy-design,InteriorDesignPRO,designer interior,5,,245,33,0.72
diy-design,InteriorDesignPRO,interior design studio,5,,245,1,5.00
diy-design,InteriorDesignPRO,instant interior design,5,,229,8,1.10
diy-design,InteriorDesignPRO,creative interior,5,,223,5,1.34
diy-design,InteriorDesignPRO,creative interior design,5,,220,14,0.91
diy-design,InteriorDesignPRO,room planner: interior design,5,,238,31,0.73
diy-design,InteriorDesignPRO,fabric care,5,28,222,148,0.53
diy-design,InteriorDesignPRO,room decoration,5,82,242,116,0.55
diy-design,InteriorDesignPRO,landscape design tool,5,,233,123,0.54
diy-design,InteriorDesignPRO,diy interior,5,,223,3,1.74
diy-design,InteriorDesignPRO,find similar furniture,5,,211,54,0.64
diy-design,InteriorDesignPRO,interior  design  room  home  decor  ai,5,,228,41,0.68
diy-design,InteriorDesignPRO,lifestyle design,5,49,246,44,0.67
diy-design,InteriorDesignPRO,virtual interior design,5,,240,69,0.61
diy-design,InteriorDesignPRO,interior sketche,5,,219,5,1.34
diy-design,InteriorDesignPRO,interiors ideas,5,,202,63,0.62
diy-design,InteriorDesignPRO,home interior maker,5,,220,19,0.83
diy-design,InteriorDesignPRO,interior ai ai home designer,5,,229,70,0.61
diy-design,InteriorDesignPRO,roomgpt : ai interior design,5,,243,119,0.55
diy-design,InteriorDesignPRO,ai home: home design,5,,247,212,0.49
diy-design,InteriorDesignPRO,ai home design: interior arch.,5,,231,28,0.75
diy-design,InteriorDesignPRO,home ai - interior design,5,,232,48,0.66
diy-design,InteriorDesignPRO,ai home design - ai interior,5,,230,47,0.66
diy-design,InteriorDesignPRO,interior ai - home design ai,5,,228,64,0.62
diy-design,InteriorDesignPRO,home scranner,5,,239,79,0.59
diy-design,InteriorDesignPRO,interior design visualizer,5,,233,62,0.62
diy-design,InteriorDesignPRO,grouplanner,5,98,245,69,0.61
diy-design,InteriorDesignPRO,house ai: interior design pro,5,69,250,82,0.59
diy-design,InteriorDesignPRO,layout objects,5,,247,18,0.84
diy-design,InteriorDesignPRO,objects layout,5,,247,14,0.91
diy-design,InteriorDesignPRO,objects pro,5,,247,77,0.60
diy-design,InteriorDesignPRO,objects design,5,,224,5,1.34
diy-design,InteriorDesignPRO,pro layout,5,,239,54,0.64
diy-design,InteriorDesignPRO,pro objects,5,,246,59,0.63
diy-design,InteriorDesignPRO,pro design,5,,237,8,1.10
diy-design,InteriorDesignPRO,design inshot,5,,248,201,0.50
diy-design,InteriorDesignPRO,design objects,5,,248,26,0.76
diy-design,InteriorDesignPRO,design and,5,,238,219,0.49
diy-design,InteriorDesignPRO,design pro,5,,246,1,5.00
diy-design,InteriorDesignPRO,ai interior design layout app.,5,,225,18,0.84
diy-design,InteriorDesignPRO,mix design,5,,219,15,0.89
diy-design,InteriorDesignPRO,vizionary - interior design ai,5,,242,65,0.62
diy-design,InteriorDesignPRO,dehome ai,5,,245,137,0.53
diy-design,InteriorDesignPRO,room design ia,5,,234,34,0.71
diy-design,InteriorDesignPRO,table layout,5,,219,166,0.52
diy-design,InteriorDesignPRO,mini split sizing,5,,239,79,0.59
diy-design,InteriorDesignPRO,kitchen disign,5,,226,38,0.70
diy-design,InteriorDesignPRO,kitchendesign,5,,212,46,0.67
diy-design,InteriorDesignPRO,ai landspace,5,,242,86,0.58
diy-design,InteriorDesignPRO,paint sheen selector tool,5,,212,66,0.62
diy-design,InteriorDesignPRO,kitchen design:,5,,231,37,0.70
diy-design,InteriorDesignPRO,kitchen design home design,5,,230,14,0.91
diy-design,InteriorDesignPRO,decor kitchen,5,,219,35,0.71
diy-design,InteriorDesignPRO,roomika,5,,233,104,0.56
diy-design,InteriorDesignPRO,design inspo,5,86,247,230,0.49
diy-design,InteriorDesignPRO,architectural plans,5,,208,94,0.57
diy-design,InteriorDesignPRO,design my life,5,,220,71,0.61
diy-design,InteriorDesignPRO,office interior design app,5,68,244,94,0.57
diy-design,InteriorDesignPRO,home planner interior design,5,69,242,148,0.53
diy-design,InteriorDesignPRO,studio apartment design,5,,219,17,0.86
diy-design,InteriorDesignPRO,furniture placement app,5,,223,127,0.54
diy-design,InteriorDesignPRO,design award,5,55,186,13,0.93
diy-design,InteriorDesignPRO,empty states,5,,225,25,0.77
diy-design,InteriorDesignPRO,ai home design interiorai home design in,5,45,249,147,0.53
diy-design,InteriorDesignPRO,design the,5,93,246,205,0.50
diy-design,InteriorDesignPRO,addictive design,5,,203,20,0.82
diy-design,InteriorDesignPRO,coloring: interior designer,5,62,250,19,0.83
diy-design,InteriorDesignPRO,design intérieur pièces ia,5,,210,25,0.77
diy-design,InteriorDesignPRO,furniture layout free,5,,210,47,0.66
diy-design,InteriorDesignPRO,interactive design ltd,5,,212,41,0.68
diy-design,InteriorDesignPRO,macpro,5,,230,80,0.59
diy-design,InteriorDesignPRO,estudio ghibli,5,,227,45,0.67
diy-design,InteriorDesignPRO,production design,5,40,246,76,0.60
diy-design,InteriorDesignPRO,architecture tools,5,,210,69,0.61
diy-design,InteriorDesignPRO,floor plan iphone,5,,238,191,0.50
diy-design,InteriorDesignPRO,interior finder,5,,211,16,0.87
diy-design,InteriorDesignPRO,free landscape design app best,5,44,244,157,0.52
diy-design,InteriorDesignPRO,free landscape design app online,5,66,244,227,0.49
diy-design,InteriorDesignPRO,free landscape design app planner,5,57,245,173,0.51
diy-design,InteriorDesignPRO,layout studio,5,49,245,22,0.80
diy-design,InteriorDesignPRO,revision ai interior design,5,,242,34,0.71
diy-design,InteriorDesignPRO,desig,5,71,234,182,0.51
diy-design,InteriorDesignPRO,renovation binder,5,,211,98,0.57
diy-design,InteriorDesignPRO,renovation dashboard,5,,222,75,0.60
diy-design,InteriorDesignPRO,floorplan advisor,5,,212,25,0.77
diy-design,InteriorDesignPRO,labwork dashboard,5,,214,27,0.76
diy-design,InteriorDesignPRO,design jounral,5,,208,35,0.71
diy-design,InteriorDesignPRO,mortise and tenon,5,52,250,120,0.55
diy-design,InteriorDesignPRO,visualize interior,5,40,249,123,0.54
diy-design,InteriorDesignPRO,painting in interior,5,40,248,178,0.51
diy-design,InteriorDesignPRO,drawing in interior,5,45,249,60,0.63
diy-design,InteriorDesignPRO,interior design cost,5,45,248,31,0.73
diy-design,InteriorDesignPRO,furniture appraisal,5,51,226,197,0.50
diy-design,InteriorDesignPRO,interior inspiration,5,54,247,118,0.55
diy-design,InteriorDesignPRO,modern interior,5,64,242,235,0.49
diy-design,InteriorDesignPRO,luxury interior,5,44,239,134,0.54
diy-design,InteriorDesignPRO,room furniture,5,,221,69,0.61
diy-design,InteriorDesignPRO,classic interior,5,,145,7,1.16
diy-design,InteriorDesignPRO,contemporary design,5,69,250,132,0.54
diy-design,InteriorDesignPRO,interior decai,5,62,249,228,0.49
diy-design,InteriorDesignPRO,81 interior design marketplace,5,50,248,17,0.86
diy-design,InteriorDesignPRO,interior design idea generator,5,56,247,92,0.58
diy-design,InteriorDesignPRO,backsplash design,5,,221,21,0.81
diy-design,InteriorDesignPRO,home furniture design space,5,63,248,53,0.64
diy-design,InteriorDesignPRO,responsive design,5,,248,227,0.49
diy-design,InteriorDesignPRO,home interior ideas,5,57,239,115,0.55
diy-design,InteriorDesignPRO,home interior cgi,5,25,249,209,0.50
diy-design,InteriorDesignPRO,design principles,5,,236,91,0.58
diy-design,InteriorDesignPRO,kitchen desıgn app,5,,245,119,0.55
diy-design,InteriorDesignPRO,neighbors home design,5,,249,127,0.54
diy-design,InteriorDesignPRO,interier design,5,,247,67,0.61
diy-design,InteriorDesignPRO,interi0r design,5,,242,37,0.70
diy-design,InteriorDesignPRO,│ room design                      │ 55,5,,248,185,0.51
diy-design,InteriorDesignPRO,diy design studio,5,,249,131,0.54
diy-design,InteriorDesignPRO,interior%20design%20layout,,,229,8,
diy-design,InteriorDesignPRO,room%20layout,,,234,25,
diy-design,InteriorDesignPRO,home%20ai%20%3A%20ai%20interior%20design,,,243,67,
diy-design,InteriorDesignPRO,design%20home,,,216,28,
diy-design,InteriorDesignPRO,interior%20decorating,,35,249,164,
diy-design,InteriorDesignPRO,cabinet%20design,,,233,44,
diy-design,InteriorDesignPRO,color%20therapy,,,221,37,
diy-design,InteriorDesignPRO,decoritt ai,,,244,156,
diy-design,InteriorDesignPRO,remodel ai - home renovation,,,234,66,
diy-design,InteriorDesignPRO,clean design,,,246,173,
diy-design,InteriorDesignPRO,ai decor - ai home design,,,247,38,
diy-design,InteriorDesignPRO,interior design - by home ai,,,230,37,
diy-design,InteriorDesignPRO,layout pro,,,240,39,
diy-design,InteriorDesignPRO,and design,,,241,215,
diy-design,InteriorDesignPRO,furniture flipping,,,227,187,
diy-design,InteriorDesignPRO,my home design ai interior,,,248,170,
diy-design,InteriorDesignPRO,furniture layout app,,,210,23,
diy-design,InteriorDesignPRO,landspace designer,,,237,31,
diy-design,InteriorDesignPRO,kitchenroom,,,212,50,
diy-design,InteriorDesignPRO,wall quick kindreds,,,215,71,
diy-design,InteriorDesignPRO,stained glass design pattern,,40,249,162,
diy-design,InteriorDesignPRO,interior mockup,,42,249,149,
diy-design,InteriorDesignPRO,interior mockups,,42,250,179,
diy-design,InteriorDesignPRO,interior visualizer,,40,248,221,
diy-design,InteriorDesignPRO,interior artwork,,42,248,102,
diy-design,InteriorDesignPRO,interior canvas,,84,246,109,
diy-design,InteriorDesignPRO,interior design mockup,,40,249,52,
diy-design,InteriorDesignPRO,art in interior,,42,246,61,
diy-design,InteriorDesignPRO,artwork in interior,,42,246,11,
diy-design,InteriorDesignPRO,room planner home,,,237,186,
diy-design,InteriorDesignPRO,interior design clinic,,,240,14,
diy-design,InteriorDesignPRO,inty interior design,,,249,22,
diy-design,FashionDesignSketches,アイビスペイント,68,85,95,75,8.15
diy-design,FashionDesignSketches,zara,66,90,249,227,6.45
diy-design,FashionDesignSketches,cricut design space,61,93,249,216,6.01
diy-design,FashionDesignSketches,ibis paint,60,93,246,109,6.68
diy-design,FashionDesignSketches,ibspaint,57,85,116,46,7.59
diy-design,FashionDesignSketches,ibis,56,95,240,90,6.47
diy-design,FashionDesignSketches,爱思助手,53,97,242,106,5.93
diy-design,FashionDesignSketches,olive young,53,,99,56,6.75
diy-design,FashionDesignSketches,top top,52,97,244,29,7.73
diy-design,FashionDesignSketches,美少女,52,72,241,184,5.27
diy-design,FashionDesignSketches,pinteres,51,97,246,232,4.97
diy-design,FashionDesignSketches,toptop,50,100,244,224,4.90
diy-design,FashionDesignSketches,freestyle libre 3,49,97,245,80,5.80
diy-design,FashionDesignSketches,犬,47,45,248,69,5.73
diy-design,FashionDesignSketches,패션,45,37,238,33,6.48
diy-design,FashionDesignSketches,autodesk sketchbook,44,84,246,29,6.54
diy-design,FashionDesignSketches,affinity designer,43,92,246,35,6.10
diy-design,FashionDesignSketches,勉強計画,42,46,247,14,7.65
diy-design,FashionDesignSketches,옷입히기,42,59,247,70,5.10
diy-design,FashionDesignSketches,moda,41,66,249,21,6.63
diy-design,FashionDesignSketches,styliste,41,57,249,6,10.13
diy-design,FashionDesignSketches,디자인,35,92,248,43,4.73
diy-design,FashionDesignSketches,計画,34,60,248,19,5.66
diy-design,FashionDesignSketches,일러스트레이터,34,65,53,8,7.49
diy-design,FashionDesignSketches,アート,31,82,249,174,3.17
diy-design,FashionDesignSketches,時計秒針,31,86,250,35,4.40
diy-design,FashionDesignSketches,kim kardashian,30,80,103,45,4.01
diy-design,FashionDesignSketches,fufu,28,88,247,130,3.02
diy-design,FashionDesignSketches,desin,25,,248,10,5.08
diy-design,FashionDesignSketches,kardashian,24,84,116,18,4.06
diy-design,FashionDesignSketches,ドローイング,23,46,250,68,2.81
diy-design,FashionDesignSketches,服装,22,,244,3,7.67
diy-design,FashionDesignSketches,話,21,51,242,214,2.07
diy-design,FashionDesignSketches,modeo,18,,249,100,2.04
diy-design,FashionDesignSketches,로고,15,49,235,186,1.52
diy-design,FashionDesignSketches,برنامج تصميم فيديوهات,15,97,248,171,1.54
diy-design,FashionDesignSketches,ske,14,72,109,89,1.62
diy-design,FashionDesignSketches,设计,13,93,246,23,2.05
diy-design,FashionDesignSketches,رسم,12,,248,160,1.25
diy-design,FashionDesignSketches,design app,11,94,248,8,2.42
diy-design,FashionDesignSketches,designer,9,89,248,2,4.13
diy-design,FashionDesignSketches,pnterest,9,,203,139,0.96
diy-design,FashionDesignSketches,design drawing,9,,248,8,1.98
diy-design,FashionDesignSketches,design clothes,8,54,250,7,1.86
diy-design,FashionDesignSketches,procreate pocket,8,90,89,12,1.53
diy-design,FashionDesignSketches,tayasui sketches,7,70,241,8,1.54
diy-design,FashionDesignSketches,clothing design,7,68,250,15,1.25
diy-design,FashionDesignSketches,pret a makeup,7,59,246,79,0.83
diy-design,FashionDesignSketches,fashion design sketches,6,52,248,1,6.00
diy-design,FashionDesignSketches,pureple,6,44,45,44,0.81
diy-design,FashionDesignSketches,pret a template,6,30,245,2,2.75
diy-design,FashionDesignSketches,vêtement,6,54,206,46,0.80
diy-design,FashionDesignSketches,prêt à template,6,,229,2,2.75
diy-design,FashionDesignSketches,patron,6,100,250,14,1.09
diy-design,FashionDesignSketches,style,5,71,245,38,0.70
diy-design,FashionDesignSketches,face chart,5,62,43,9,1.06
diy-design,FashionDesignSketches,fashion design,5,72,247,2,2.29
diy-design,FashionDesignSketches,clothes designer,5,40,250,17,0.86
diy-design,FashionDesignSketches,tayasui,5,,59,22,0.80
diy-design,FashionDesignSketches,fashion sketch,5,91,248,1,5.00
diy-design,FashionDesignSketches,outfit designer,5,68,247,5,1.34
diy-design,FashionDesignSketches,clothes designing,5,58,249,6,1.24
diy-design,FashionDesignSketches,clothing designer,5,45,248,7,1.16
diy-design,FashionDesignSketches,clothes design,5,66,248,6,1.24
diy-design,FashionDesignSketches,illustration,5,82,222,94,0.57
diy-design,FashionDesignSketches,design outfits,5,,250,3,1.74
diy-design,FashionDesignSketches,fasion,5,70,246,22,0.80
diy-design,FashionDesignSketches,kylie jenner,5,50,99,63,0.62
diy-design,FashionDesignSketches,procreate app,5,87,248,29,0.74
diy-design,FashionDesignSketches,couture,5,57,250,5,1.34
diy-design,FashionDesignSketches,outfit design,5,,248,9,1.06
diy-design,FashionDesignSketches,fashion studio,5,52,211,5,1.34
diy-design,FashionDesignSketches,stylisme,5,75,244,5,1.34
diy-design,FashionDesignSketches,nasty,5,54,118,80,0.59
diy-design,FashionDesignSketches,prêt,5,72,241,6,1.24
diy-design,FashionDesignSketches,desing,5,92,247,8,1.10
diy-design,FashionDesignSketches,design clothing,5,45,248,7,1.16
diy-design,FashionDesignSketches,free designs,5,47,248,99,0.57
diy-design,FashionDesignSketches,combyne,5,53,96,81,0.59
diy-design,FashionDesignSketches,design outfit,5,,249,3,1.74
diy-design,FashionDesignSketches,话,5,48,242,167,0.52
diy-design,FashionDesignSketches,design maison,5,55,247,175,0.51
diy-design,FashionDesignSketches,sketch design,5,64,247,4,1.49
diy-design,FashionDesignSketches,design sketch,5,73,247,9,1.06
diy-design,FashionDesignSketches,рисовать на фото,5,88,250,219,0.49
diy-design,FashionDesignSketches,wedding dress designer,5,28,198,5,1.34
diy-design,FashionDesignSketches,habillage,5,,235,59,0.63
diy-design,FashionDesignSketches,мода,5,70,242,4,1.49
diy-design,FashionDesignSketches,дизайн,5,96,241,5,1.34
diy-design,FashionDesignSketches,designcrowd,5,65,249,152,0.52
diy-design,FashionDesignSketches,studio foto,5,98,241,185,0.51
diy-design,FashionDesignSketches,designer app,5,51,248,3,1.74
diy-design,FashionDesignSketches,nicki minaj,5,59,123,106,0.56
diy-design,FashionDesignSketches,styl,5,69,231,175,0.51
diy-design,FashionDesignSketches,vetements,5,59,230,46,0.67
diy-design,FashionDesignSketches,pages templates,5,94,212,191,0.50
diy-design,FashionDesignSketches,lookbook app,5,48,236,131,0.54
diy-design,FashionDesignSketches,wedding dress design,5,60,250,1,5.00
diy-design,FashionDesignSketches,vague,5,68,217,114,0.55
diy-design,FashionDesignSketches,sketch tutorial,5,,218,31,0.73
diy-design,FashionDesignSketches,material design,5,44,247,208,0.50
diy-design,FashionDesignSketches,图库,5,96,249,244,0.48
diy-design,FashionDesignSketches,template design,5,47,245,23,0.79
diy-design,FashionDesignSketches,женская одежда,5,48,247,44,0.67
diy-design,FashionDesignSketches,design templates,5,91,244,95,0.57
diy-design,FashionDesignSketches,黑板,5,44,235,96,0.57
diy-design,FashionDesignSketches,衣服,5,,230,42,0.68
diy-design,FashionDesignSketches,繪畫,5,60,245,128,0.54
diy-design,FashionDesignSketches,embroidery design app,5,,240,180,0.51
diy-design,FashionDesignSketches,stretch book,5,,208,81,0.59
diy-design,FashionDesignSketches,时尚,5,,227,20,0.82
diy-design,FashionDesignSketches,freestyle libre de,5,59,249,138,0.53
diy-design,FashionDesignSketches,эскиз,5,42,244,15,0.89
diy-design,FashionDesignSketches,sketch foto,5,74,236,186,0.51
diy-design,FashionDesignSketches,アイディス,5,80,95,21,0.81
diy-design,FashionDesignSketches,ao game,5,67,234,104,0.56
diy-design,FashionDesignSketches,puree,5,62,170,139,0.53
diy-design,FashionDesignSketches,時尚,5,,246,39,0.69
diy-design,FashionDesignSketches,дизайн квартиры,5,62,247,193,0.50
diy-design,FashionDesignSketches,穿衣,5,53,212,22,0.80
diy-design,FashionDesignSketches,style studio,5,,247,5,1.34
diy-design,FashionDesignSketches,美甲,5,,240,55,0.64
diy-design,FashionDesignSketches,design menu,5,100,249,174,0.51
diy-design,FashionDesignSketches,industrial design,5,74,225,25,0.77
diy-design,FashionDesignSketches,скетч,5,84,250,39,0.69
diy-design,FashionDesignSketches,畫圖,5,65,246,48,0.66
diy-design,FashionDesignSketches,时尚穿搭,5,40,218,9,1.06
diy-design,FashionDesignSketches,free style libre 2,5,93,246,237,0.49
diy-design,FashionDesignSketches,fashion nova for men,5,,222,162,0.52
diy-design,FashionDesignSketches,蛇,5,80,244,195,0.50
diy-design,FashionDesignSketches,asian game,5,97,148,5,1.34
diy-design,FashionDesignSketches,试衣,5,29,245,6,1.24
diy-design,FashionDesignSketches,idea store,5,,207,175,0.51
diy-design,FashionDesignSketches,fordel,5,98,151,147,0.53
diy-design,FashionDesignSketches,zra,5,31,227,202,0.50
diy-design,FashionDesignSketches,fashion nova canada,5,58,246,193,0.50
diy-design,FashionDesignSketches,fashion ideas,5,85,246,7,1.16
diy-design,FashionDesignSketches,line create,5,,241,117,0.55
diy-design,FashionDesignSketches,衣服搭配,5,45,168,9,1.06
diy-design,FashionDesignSketches,stylish design,5,,240,231,0.49
diy-design,FashionDesignSketches,sketch maker,5,89,242,188,0.50
diy-design,FashionDesignSketches,design und,5,45,240,132,0.54
diy-design,FashionDesignSketches,design graphique,5,53,248,208,0.50
diy-design,FashionDesignSketches,product designer,5,27,246,86,0.58
diy-design,FashionDesignSketches,mobile design,5,67,241,126,0.54
diy-design,FashionDesignSketches,design notebook,5,83,247,31,0.73
diy-design,FashionDesignSketches,designed,5,58,239,1,5.00
diy-design,FashionDesignSketches,art & design,5,48,237,21,0.81
diy-design,FashionDesignSketches,скечбук,5,87,241,10,1.02
diy-design,FashionDesignSketches,アートセット,5,36,74,13,0.93
diy-design,FashionDesignSketches,design week,5,40,247,61,0.63
diy-design,FashionDesignSketches,design-,5,42,246,132,0.54
diy-design,FashionDesignSketches,modos,5,52,221,22,0.80
diy-design,FashionDesignSketches,pocket art,5,,200,81,0.59
diy-design,FashionDesignSketches,dsign,5,56,233,228,0.49
diy-design,FashionDesignSketches,дизайнер,5,66,246,6,1.24
diy-design,FashionDesignSketches,Fashion Styles,5,57,242,130,0.54
diy-design,FashionDesignSketches,design design,5,42,249,79,0.59
diy-design,FashionDesignSketches,式,5,73,247,114,0.55
diy-design,FashionDesignSketches,drawing tools,5,74,228,214,0.49
diy-design,FashionDesignSketches,makeup design,5,,216,15,0.89
diy-design,FashionDesignSketches,trendy design,5,,187,3,1.74
diy-design,FashionDesignSketches,palazzo versace,5,48,123,15,0.89
diy-design,FashionDesignSketches,selfie leslie,5,42,202,159,0.52
diy-design,FashionDesignSketches,clothing designs,5,54,249,37,0.70
diy-design,FashionDesignSketches,designer unfold,5,49,249,102,0.56
diy-design,FashionDesignSketches,designer templates,5,40,228,34,0.71
diy-design,FashionDesignSketches,designer insta,5,43,245,149,0.53
diy-design,FashionDesignSketches,unfold designer,5,49,248,112,0.55
diy-design,FashionDesignSketches,templates designer,5,38,231,44,0.67
diy-design,FashionDesignSketches,insta designer,5,54,245,164,0.52
diy-design,FashionDesignSketches,template designer,5,48,235,32,0.73
diy-design,FashionDesignSketches,tiktok designer,5,44,246,138,0.53
diy-design,FashionDesignSketches,designer tiktok,5,50,246,67,0.61
diy-design,FashionDesignSketches,maker illustrations,5,63,248,130,0.54
diy-design,FashionDesignSketches,illustrations maker,5,40,248,94,0.57
diy-design,FashionDesignSketches,illustrations studio,5,68,209,130,0.54
diy-design,FashionDesignSketches,illustrations art,5,42,243,11,0.98
diy-design,FashionDesignSketches,illustrations design,5,93,238,2,2.29
diy-design,FashionDesignSketches,studio illustrations,5,54,247,4,1.49
diy-design,FashionDesignSketches,studio tool,5,61,239,184,0.51
diy-design,FashionDesignSketches,studio artwork,5,56,51,19,0.83
diy-design,FashionDesignSketches,art illustrations,5,42,245,23,0.79
diy-design,FashionDesignSketches,design illustrations,5,94,241,4,1.49
diy-design,FashionDesignSketches,design paint,5,85,248,242,0.48
diy-design,FashionDesignSketches,tool illustrations,5,60,39,12,0.96
diy-design,FashionDesignSketches,tool studio,5,59,239,219,0.49
diy-design,FashionDesignSketches,tool art,5,68,237,143,0.53
diy-design,FashionDesignSketches,tool design,5,47,245,129,0.54
diy-design,FashionDesignSketches,3d 设计,5,31,240,87,0.58
diy-design,FashionDesignSketches,designer for ig,5,86,244,225,0.49
diy-design,FashionDesignSketches,mode style,5,62,233,10,1.02
diy-design,FashionDesignSketches,mode styles,5,48,235,66,0.62
diy-design,FashionDesignSketches,fashion gratis,5,53,250,33,0.72
diy-design,FashionDesignSketches,outfit gratis,5,54,250,53,0.64
diy-design,FashionDesignSketches,até,5,40,224,218,0.49
diy-design,FashionDesignSketches,t-shirt maker,5,40,245,241,0.48
diy-design,FashionDesignSketches,fashion maker,5,44,246,7,1.16
diy-design,FashionDesignSketches,art template,5,43,248,53,0.64
diy-design,FashionDesignSketches,template art,5,40,241,14,0.91
diy-design,FashionDesignSketches,مواقع تربح منها جوائز,5,75,264,74,0.60
diy-design,FashionDesignSketches,visitenkarten designer,5,44,248,119,0.55
diy-design,FashionDesignSketches,baju,5,86,154,26,0.76
diy-design,FashionDesignSketches,autudesk,5,58,176,129,0.54
diy-design,FashionDesignSketches,Drawings Pad,5,40,240,59,0.63
diy-design,FashionDesignSketches,interior design board,5,,237,224,0.49
diy-design,FashionDesignSketches,turning red,5,81,30,6,1.24
diy-design,FashionDesignSketches,Tasarım,5,47,244,1,5.00
diy-design,FashionDesignSketches,flyo,5,49,249,6,1.24
diy-design,FashionDesignSketches,Design insta post,5,48,245,132,0.54
diy-design,FashionDesignSketches,template studio,5,54,244,57,0.63
diy-design,FashionDesignSketches,learn to design,5,45,244,130,0.54
diy-design,FashionDesignSketches,design for cricut,5,51,241,148,0.53
diy-design,FashionDesignSketches,paint pocket,5,89,197,21,0.81
diy-design,FashionDesignSketches,design-app,5,40,242,130,0.54
diy-design,FashionDesignSketches,design ville,5,,193,45,0.67
diy-design,FashionDesignSketches,clothing maker,5,51,250,33,0.72
diy-design,FashionDesignSketches,words design,5,40,246,103,0.56
diy-design,FashionDesignSketches,apple design,5,86,232,131,0.54
diy-design,FashionDesignSketches,3d template,5,37,78,33,0.72
diy-design,FashionDesignSketches,set maker,5,87,238,88,0.58
diy-design,FashionDesignSketches,ji art,5,46,243,4,1.49
diy-design,FashionDesignSketches,galo,5,45,238,201,0.50
diy-design,FashionDesignSketches,画,5,79,236,45,0.67
diy-design,FashionDesignSketches,pocket stylist,5,53,62,29,0.74
diy-design,FashionDesignSketches,combine outfit,5,43,242,96,0.57
diy-design,FashionDesignSketches,مذكرات بنات بالبصمة,5,78,272,241,0.48
diy-design,FashionDesignSketches,옷코디,5,40,246,32,0.73
diy-design,FashionDesignSketches,emplates,5,68,235,64,0.62
diy-design,FashionDesignSketches,dress making,5,42,248,3,1.74
diy-design,FashionDesignSketches,painting style,5,40,242,23,0.79
diy-design,FashionDesignSketches,studio fashion,5,40,232,18,0.84
diy-design,FashionDesignSketches,sketch me!,5,54,202,43,0.68
diy-design,FashionDesignSketches,sketch studio,5,44,236,24,0.78
diy-design,FashionDesignSketches,d3sign,5,91,248,8,1.10
diy-design,FashionDesignSketches,illustrated books,5,47,225,42,0.68
diy-design,FashionDesignSketches,dress runway,5,43,248,243,0.48
diy-design,FashionDesignSketches,Design for silhouette,5,34,178,10,1.02
diy-design,FashionDesignSketches,ebook designer,5,56,239,27,0.76
diy-design,FashionDesignSketches,Planners templates,5,43,77,42,0.68
diy-design,FashionDesignSketches,style art,5,47,237,7,1.16
diy-design,FashionDesignSketches,드로잉,5,64,239,106,0.56
diy-design,FashionDesignSketches,set design,5,73,184,8,1.10
diy-design,FashionDesignSketches,design templaptes,5,42,242,16,0.87
diy-design,FashionDesignSketches,design & style,5,63,238,5,1.34
diy-design,FashionDesignSketches,اون لاین,5,39,248,217,0.49
diy-design,FashionDesignSketches,Dress poly pocket,5,97,108,14,0.91
diy-design,FashionDesignSketches,poly pocket fashion,5,98,247,5,1.34
diy-design,FashionDesignSketches,Menu Maker & Designer,5,48,246,205,0.50
diy-design,FashionDesignSketches,الجمعة البيضاء,5,93,34,16,0.87
diy-design,FashionDesignSketches,fashion ai art,5,32,31,5,1.34
diy-design,FashionDesignSketches,sketch planner,5,40,243,36,0.70
diy-design,FashionDesignSketches,sketch reimagine,5,40,248,154,0.52
diy-design,FashionDesignSketches,Style de fille,5,40,248,10,1.02
diy-design,FashionDesignSketches,室 內 設 計,5,42,240,71,0.61
diy-design,FashionDesignSketches,x și o,5,88,249,130,0.54
diy-design,FashionDesignSketches,x si o,5,82,250,183,0.51
diy-design,FashionDesignSketches,ملكتي,5,62,223,88,0.58
diy-design,FashionDesignSketches,jogo do galo,5,40,153,32,0.73
diy-design,FashionDesignSketches,免费软件,5,91,249,204,0.50
diy-design,FashionDesignSketches,爱思助手ipad,5,80,227,14,0.91
diy-design,FashionDesignSketches,爱思助手下载,5,97,235,104,0.56
diy-design,FashionDesignSketches,爱思盒子,5,96,225,7,1.16
diy-design,FashionDesignSketches,爱思助手下载软件,5,74,233,7,1.16
diy-design,FashionDesignSketches,pp助手,5,66,245,201,0.50
diy-design,FashionDesignSketches,爱思助,5,64,248,171,0.51
diy-design,FashionDesignSketches,p p助手,5,52,245,70,0.61
diy-design,FashionDesignSketches,思助手,5,55,247,6,1.24
diy-design,FashionDesignSketches,助手苹果版,5,56,248,124,0.54
diy-design,FashionDesignSketches,i4助手,5,57,249,8,1.10
diy-design,FashionDesignSketches,i思助手,5,72,249,4,1.49
diy-design,FashionDesignSketches,管家助手,5,54,244,165,0.52
diy-design,FashionDesignSketches,爱思助手苹果,5,55,246,51,0.65
diy-design,FashionDesignSketches,爱思助手手机版,5,79,231,28,0.75
diy-design,FashionDesignSketches,爱死助手,5,68,233,87,0.58
diy-design,FashionDesignSketches,illustrated book,5,47,232,24,0.78
diy-design,FashionDesignSketches,سي في,5,45,249,68,0.61
diy-design,FashionDesignSketches,时时,5,89,248,75,0.60
diy-design,FashionDesignSketches,quilt designs,5,32,214,40,0.69
diy-design,FashionDesignSketches,quilt design,5,49,221,39,0.69
diy-design,FashionDesignSketches,sktechbok,5,40,236,14,0.91
diy-design,FashionDesignSketches,art styles,5,50,237,11,0.98
diy-design,FashionDesignSketches,Sketch journal,5,40,243,142,0.53
diy-design,FashionDesignSketches,搭配,5,37,220,49,0.66
diy-design,FashionDesignSketches,穿衣服,5,42,203,9,1.06
diy-design,FashionDesignSketches,estilista moda,5,56,246,4,1.49
diy-design,FashionDesignSketches,옷 코디,5,46,205,17,0.86
diy-design,FashionDesignSketches,룩북,5,40,29,10,1.02
diy-design,FashionDesignSketches,패션코디,5,44,244,30,0.74
diy-design,FashionDesignSketches,남자 옷,5,26,83,5,1.34
diy-design,FashionDesignSketches,코디앱,5,86,246,142,0.53
diy-design,FashionDesignSketches,style maker closet,5,50,247,114,0.55
diy-design,FashionDesignSketches,sketch'art,5,47,237,74,0.60
diy-design,FashionDesignSketches,Sketch Notebook,5,40,233,176,0.51
diy-design,FashionDesignSketches,mona lisa,5,45,194,134,0.54
diy-design,FashionDesignSketches,style ideas,5,78,239,78,0.59
diy-design,FashionDesignSketches,Lines Top,5,87,248,230,0.49
diy-design,FashionDesignSketches,mod for,5,91,206,149,0.53
diy-design,FashionDesignSketches,draw dress,5,,248,2,2.29
diy-design,FashionDesignSketches,Studio Planner,5,50,250,95,0.57
diy-design,FashionDesignSketches,sketch shapes,5,40,239,147,0.53
diy-design,FashionDesignSketches,3d design for illustrators,5,46,245,71,0.61
diy-design,FashionDesignSketches,fashion procreate,5,,200,2,2.29
diy-design,FashionDesignSketches,deisgn,5,91,246,8,1.10
diy-design,FashionDesignSketches,flat design,5,40,120,1,5.00
diy-design,FashionDesignSketches,Clothes Creator,5,46,249,20,0.82
diy-design,FashionDesignSketches,Quotes Designer,5,45,177,17,0.86
diy-design,FashionDesignSketches,styl app,5,55,243,69,0.61
diy-design,FashionDesignSketches,design within reach,5,,235,47,0.66
diy-design,FashionDesignSketches,sketches mover,5,23,209,3,1.74
diy-design,FashionDesignSketches,design and build,5,,244,67,0.61
diy-design,FashionDesignSketches,3d shirt design,5,,247,93,0.57
diy-design,FashionDesignSketches,wedding dress planner,5,40,59,38,0.70
diy-design,FashionDesignSketches,games?_a=true,5,75,224,192,0.50
diy-design,FashionDesignSketches,kıyafet,5,41,136,8,1.10
diy-design,FashionDesignSketches,ستايل,5,,246,142,0.53
diy-design,FashionDesignSketches,phổi,5,87,244,121,0.55
diy-design,FashionDesignSketches,3d tshirt,5,40,235,67,0.61
diy-design,FashionDesignSketches,art-x,5,48,236,187,0.51
diy-design,FashionDesignSketches,畫布,5,,248,50,0.65
diy-design,FashionDesignSketches,fashion item identifier,5,,249,236,0.49
diy-design,FashionDesignSketches,لرسم,5,,238,5,1.34
diy-design,FashionDesignSketches,pixstyle,5,61,237,59,0.63
diy-design,FashionDesignSketches,designer-dress,5,58,231,82,0.59
diy-design,FashionDesignSketches,fashion designer-dress,5,61,229,12,0.96
diy-design,FashionDesignSketches,create style,5,75,228,3,1.74
diy-design,FashionDesignSketches,ai fashion design,5,61,249,8,1.10
diy-design,FashionDesignSketches,zara haul,5,44,248,170,0.51
diy-design,FashionDesignSketches,appopriate,5,86,249,214,0.49
diy-design,FashionDesignSketches,hd designs,5,48,244,109,0.56
diy-design,FashionDesignSketches,draw 3d lines,5,46,246,107,0.56
diy-design,FashionDesignSketches,fashun,5,84,247,17,0.86
diy-design,FashionDesignSketches,fasihon,5,69,247,23,0.79
diy-design,FashionDesignSketches,dress x,5,2,250,39,0.69
diy-design,FashionDesignSketches,skech.,5,40,239,219,0.49
diy-design,FashionDesignSketches,bobie goods,5,77,153,76,0.60
diy-design,FashionDesignSketches,sketch image,5,75,240,203,0.50
diy-design,FashionDesignSketches,pro.create for ipad,5,91,245,94,0.57
diy-design,FashionDesignSketches,pro create for ipad,5,90,245,154,0.52
diy-design,FashionDesignSketches,draw 3d line,5,46,193,99,0.57
diy-design,FashionDesignSketches,3d line draw,5,37,193,99,0.57
diy-design,FashionDesignSketches,designer mode,5,71,223,66,0.62
diy-design,FashionDesignSketches,kıyafet dene,5,49,62,19,0.83
diy-design,FashionDesignSketches,​clothing design​,5,37,246,2,2.29
diy-design,FashionDesignSketches,sketch architecture,5,40,242,106,0.56
diy-design,FashionDesignSketches,sketch illustration,5,40,241,12,0.96
diy-design,FashionDesignSketches,draw illustration,5,40,245,245,0.48
diy-design,FashionDesignSketches,belt design app,5,40,249,52,0.65
diy-design,FashionDesignSketches,for procreate,5,56,248,54,0.64
diy-design,FashionDesignSketches,style planner,5,54,246,117,0.55
diy-design,FashionDesignSketches,fashian,5,,247,17,0.86
diy-design,FashionDesignSketches,fasiom,5,69,248,22,0.80
diy-design,FashionDesignSketches,styling tips,5,74,231,80,0.59
diy-design,FashionDesignSketches,oda tasarlama,5,,15,8,1.10
diy-design,FashionDesignSketches,top mods,5,52,231,96,0.57
diy-design,FashionDesignSketches,生活助手,5,72,248,31,0.73
diy-design,FashionDesignSketches,ats template,5,83,246,57,0.63
diy-design,FashionDesignSketches,3d sketch pad,5,,57,9,1.06
diy-design,FashionDesignSketches,fill-in,5,,234,217,0.49
diy-design,FashionDesignSketches,book maker3,5,85,245,79,0.59
diy-design,FashionDesignSketches,design poser,5,,212,15,0.89
diy-design,FashionDesignSketches,set mak,5,,132,57,0.63
diy-design,FashionDesignSketches,ibia,5,,208,71,0.61
diy-design,FashionDesignSketches,generative ai illustrator art,5,,121,73,0.60
diy-design,FashionDesignSketches,design make,5,,221,25,0.77
diy-design,FashionDesignSketches,fit monitor,5,41,246,198,0.50
diy-design,FashionDesignSketches,procreaete,5,95,246,95,0.57
diy-design,FashionDesignSketches,create 3d lines,5,,58,37,0.70
diy-design,FashionDesignSketches,new dressup,5,,200,82,0.59
diy-design,FashionDesignSketches,illustratio,5,,210,89,0.58
diy-design,FashionDesignSketches,make illustration,5,,219,105,0.56
diy-design,FashionDesignSketches,mymakeupstyle,5,,243,165,0.52
diy-design,FashionDesignSketches,feather: draw in 3d,5,90,247,166,0.52
diy-design,FashionDesignSketches,sketch,5,,166,47,0.66
diy-design,FashionDesignSketches,cızım,5,,87,16,0.87
diy-design,FashionDesignSketches,aı clothes,5,49,246,235,0.49
diy-design,FashionDesignSketches,hoome designer,5,,229,228,0.49
diy-design,FashionDesignSketches,sketch tı ai image,5,,18,7,1.16
diy-design,FashionDesignSketches,3d t-shirt designer,5,,242,83,0.59
diy-design,FashionDesignSketches,3d t-shirt,5,,244,131,0.54
diy-design,FashionDesignSketches,sketch%20book,5,62,231,21,0.81
diy-design,FashionDesignSketches,free%20makeup%20app,5,82,226,183,0.51
diy-design,FashionDesignSketches,design%20app,5,53,244,52,0.65
diy-design,FashionDesignSketches,nail%20design,5,76,211,66,0.62
diy-design,FashionDesignSketches,design%20space%20for%20cricut,5,40,246,75,0.60
diy-design,FashionDesignSketches,t%20shirt%20design,5,49,243,138,0.53
diy-design,FashionDesignSketches,templates for art,5,40,245,20,0.82
diy-design,FashionDesignSketches,template for art,5,45,247,14,0.91
diy-design,FashionDesignSketches,my%20human%20design,5,41,246,96,0.57
diy-design,FashionDesignSketches,free%20kitchen%20design,5,58,229,16,0.87
diy-design,FashionDesignSketches,autodesk%20sketchbook,5,53,231,67,0.61
diy-design,FashionDesignSketches,sketch%20art,5,40,243,230,0.49
diy-design,FashionDesignSketches,sketch%20pad,5,77,225,52,0.65
diy-design,FashionDesignSketches,clothing%20design,5,44,249,52,0.65
diy-design,FashionDesignSketches,clothes%20designer,5,44,250,249,0.48
diy-design,FashionDesignSketches,design%20clothes,5,45,250,56,0.64
diy-design,FashionDesignSketches,pureple%20outfit%20planner,5,44,249,17,0.86
diy-design,FashionDesignSketches,furniture%20design,5,,235,67,0.61
diy-design,FashionDesignSketches,ibis%20paint%20x,5,,96,48,0.66
diy-design,FashionDesignSketches,sketch%20app,5,40,238,161,0.52
diy-design,FashionDesignSketches,neutrino%20design,5,,227,14,0.91
diy-design,FashionDesignSketches,t-shirt designer - teecraft,5,,223,41,0.68
diy-design,FashionDesignSketches,patrons couture,5,,234,3,1.74
diy-design,FashionDesignSketches,stying,5,66,235,118,0.55
diy-design,FashionDesignSketches,quilt designer,5,70,208,24,0.78
diy-design,FashionDesignSketches,design a quilt,5,,221,23,0.79
diy-design,FashionDesignSketches,crochet pattern designer,5,,228,72,0.60
diy-design,FashionDesignSketches,minimalist nails,5,,209,97,0.57
diy-design,FashionDesignSketches,abstract nails,5,,209,50,0.65
diy-design,FashionDesignSketches,tstyle,5,82,233,92,0.58
diy-design,FashionDesignSketches,ats templates,5,40,245,108,0.56
diy-design,FashionDesignSketches,illlustration,5,,130,13,0.93
diy-design,FashionDesignSketches,illlustrator,5,,195,83,0.59
diy-design,FashionDesignSketches,technical sketch,5,,224,6,1.24
diy-design,FashionDesignSketches,aş maker,5,,186,77,0.60
diy-design,FashionDesignSketches,miv,5,,212,135,0.54
diy-design,FashionDesignSketches,أزياء،,5,,242,7,1.16
diy-design,FashionDesignSketches,on-screen sketch,5,,195,28,0.75
diy-design,FashionDesignSketches,draw top,5,44,243,72,0.60
diy-design,FashionDesignSketches,people book,5,98,222,45,0.67
diy-design,FashionDesignSketches,арт приложение,5,56,249,88,0.58
diy-design,FashionDesignSketches,llustration,5,,137,16,0.87
diy-design,FashionDesignSketches,style checker,5,40,243,87,0.58
diy-design,FashionDesignSketches,pixelpocket,5,,227,10,1.02
diy-design,FashionDesignSketches,تنسيق ملابس,5,,249,36,0.70
diy-design,FashionDesignSketches,stylefit fashion ai stylist,5,70,224,41,0.68
diy-design,FashionDesignSketches,book studio,5,55,240,101,0.56
diy-design,FashionDesignSketches,girl style,5,,242,132,0.54
diy-design,FashionDesignSketches,‎iartbook,5,,54,32,0.73
diy-design,FashionDesignSketches,design planne,5,,240,236,0.49
diy-design,FashionDesignSketches,clothing label reader,5,,242,86,0.58
diy-design,FashionDesignSketches,create fashion,5,,246,3,1.74
diy-design,FashionDesignSketches,clothes on you,5,,99,82,0.59
diy-design,FashionDesignSketches,fashion creator,5,49,244,2,2.29
diy-design,FashionDesignSketches,custom templates,5,,223,108,0.56
diy-design,FashionDesignSketches,dashio,5,69,248,21,0.81
diy-design,FashionDesignSketches,designly ai,5,,243,53,0.64
diy-design,FashionDesignSketches,fashion diary,5,,246,212,0.49
diy-design,FashionDesignSketches,fashion design studio,5,54,247,4,1.49
diy-design,FashionDesignSketches,jesse sipola,5,,206,6,1.24
diy-design,FashionDesignSketches,3d mockups: clothes designer,5,54,191,11,0.98
diy-design,FashionDesignSketches,soulmate sketching,5,,223,67,0.61
diy-design,FashionDesignSketches,lifestyle design,5,49,246,100,0.57
diy-design,FashionDesignSketches,heraldry design,5,,230,23,0.79
diy-design,FashionDesignSketches,for artists designer,5,42,243,123,0.54
diy-design,FashionDesignSketches,sketch drawing book,5,,223,79,0.59
diy-design,FashionDesignSketches,sketch practice,5,40,238,219,0.49
diy-design,FashionDesignSketches,試衣,5,25,241,26,0.76
diy-design,FashionDesignSketches,quilting pattern designer,5,,225,30,0.74
diy-design,FashionDesignSketches,fashion sketch generator,5,,242,2,2.29
diy-design,FashionDesignSketches,for templates,5,,199,106,0.56
diy-design,FashionDesignSketches,pro design,5,,237,23,0.79
diy-design,FashionDesignSketches,design selfie,5,,243,152,0.52
diy-design,FashionDesignSketches,design youcut,5,,243,64,0.62
diy-design,FashionDesignSketches,design and,5,,238,137,0.53
diy-design,FashionDesignSketches,design pro,5,,246,132,0.54
diy-design,FashionDesignSketches,threadcam: 3d clothing mockups,5,42,250,129,0.54
diy-design,FashionDesignSketches,closet desging,5,,237,67,0.61
diy-design,FashionDesignSketches,uniform designer,5,55,250,22,0.80
diy-design,FashionDesignSketches,crewel patterns,5,,237,71,0.61
diy-design,FashionDesignSketches,design maker for cricut space,5,41,241,194,0.50
diy-design,FashionDesignSketches,face sketch,5,,200,46,0.67
diy-design,FashionDesignSketches,cloth designer,5,,250,11,0.98
diy-design,FashionDesignSketches,projectass,5,,223,14,0.91
diy-design,FashionDesignSketches,complete dress pattern ideas,5,62,249,205,0.50
diy-design,FashionDesignSketches,runway mobile,5,,246,222,0.49
diy-design,FashionDesignSketches,crochet pattern make,5,,232,98,0.57
diy-design,FashionDesignSketches,fashinn,5,,248,21,0.81
diy-design,FashionDesignSketches,design inspo,5,86,247,81,0.59
diy-design,FashionDesignSketches,design my life,5,,220,49,0.66
diy-design,FashionDesignSketches,car livery maker,5,,236,146,0.53
diy-design,FashionDesignSketches,stlye,5,,244,20,0.82
diy-design,FashionDesignSketches,tvshort,5,,207,206,0.50
diy-design,FashionDesignSketches,glossy nail designer,5,,212,62,0.62
diy-design,FashionDesignSketches,t shirt designer tool,5,,241,83,0.59
diy-design,FashionDesignSketches,sylus,5,,117,32,0.73
diy-design,FashionDesignSketches,threadcam,5,54,217,50,0.65
diy-design,FashionDesignSketches,design the,5,93,246,14,0.91
diy-design,FashionDesignSketches,sketch editor,5,,232,77,0.60
diy-design,FashionDesignSketches,clothing design free,5,,250,7,1.16
diy-design,FashionDesignSketches,docrafts creativity magazine,5,,177,46,0.67
diy-design,FashionDesignSketches,fashion illustration: designer,5,,249,3,1.74
diy-design,FashionDesignSketches,fashion sketch clothing design,5,,247,2,2.29
diy-design,FashionDesignSketches,novel designs llc,5,,208,51,0.65
diy-design,FashionDesignSketches,ny fashion,5,,229,56,0.64
diy-design,FashionDesignSketches,sketch w friends,5,,205,28,0.75
diy-design,FashionDesignSketches,style c,5,,247,191,0.50
diy-design,FashionDesignSketches,art create,5,,233,208,0.50
diy-design,FashionDesignSketches,book sketch,5,,238,19,0.83
diy-design,FashionDesignSketches,book line,5,,242,100,0.57
diy-design,FashionDesignSketches,sketch create,5,,226,22,0.80
diy-design,FashionDesignSketches,sketch make,5,,222,19,0.83
diy-design,FashionDesignSketches,sketch craft,5,40,238,169,0.51
diy-design,FashionDesignSketches,color sketch,5,,219,85,0.58
diy-design,FashionDesignSketches,game designed,5,,222,147,0.53
diy-design,FashionDesignSketches,3d planner,5,,232,223,0.49
diy-design,FashionDesignSketches,cloths designer,5,35,250,11,0.98
diy-design,FashionDesignSketches,fashion desgin,5,,247,1,5.00
diy-design,FashionDesignSketches,estudio ghibli,5,,227,206,0.50
diy-design,FashionDesignSketches,create line art,5,,242,48,0.66
diy-design,FashionDesignSketches,create sketch,5,40,243,66,0.62
diy-design,FashionDesignSketches,art book maker,5,46,246,200,0.50
diy-design,FashionDesignSketches,production design,5,40,246,61,0.63
diy-design,FashionDesignSketches,costume design,5,43,248,1,5.00
diy-design,FashionDesignSketches,left right sleeves,5,86,235,37,0.70
diy-design,FashionDesignSketches,shorts designer,5,,216,4,1.49
diy-design,FashionDesignSketches,custom loop planner,5,,229,102,0.56
diy-design,FashionDesignSketches,fashion styliste,5,,246,234,0.49
diy-design,FashionDesignSketches,试穿,5,,210,71,0.61
diy-design,FashionDesignSketches,虚拟试衣,5,25,246,11,0.98
diy-design,FashionDesignSketches,試穿,5,,216,34,0.71
diy-design,FashionDesignSketches,服裝,5,,239,3,1.74
diy-design,FashionDesignSketches,虛擬試衣,5,23,160,16,0.87
diy-design,FashionDesignSketches,desig,5,71,234,138,0.53
diy-design,FashionDesignSketches,ebook templates,5,,202,26,0.76
diy-design,FashionDesignSketches,ebook studio,5,,247,112,0.55
diy-design,FashionDesignSketches,AI 试衣,5,41,190,45,0.67
diy-design,FashionDesignSketches,art pinterest,5,81,249,56,0.64
diy-design,FashionDesignSketches,sketchebook,5,,248,193,0.50
diy-design,FashionDesignSketches,design maker for craft space!,5,,219,30,0.74
diy-design,FashionDesignSketches,step by step sketches,5,,210,33,0.72
diy-design,FashionDesignSketches,step-by-step sketches,5,,205,22,0.80
diy-design,FashionDesignSketches,variant there,5,,249,202,0.50
diy-design,FashionDesignSketches,sync draw 3d,5,,232,60,0.63
diy-design,FashionDesignSketches,室內,5,42,243,60,0.63
diy-design,FashionDesignSketches,outfit planneer,5,,248,244,0.48
diy-design,FashionDesignSketches,画画儿童,5,40,249,124,0.54
diy-design,FashionDesignSketches,jersey designer,5,66,207,82,0.59
diy-design,FashionDesignSketches,design preview,5,,221,17,0.86
diy-design,FashionDesignSketches,kit designer,5,,229,58,0.63
diy-design,FashionDesignSketches,pr t template,5,,245,57,0.63
diy-design,FashionDesignSketches,dycut,5,,220,65,0.62
diy-design,FashionDesignSketches,till templates,5,,226,85,0.58
diy-design,FashionDesignSketches,draw line art,5,,230,78,0.59
diy-design,FashionDesignSketches,素描app,5,59,248,111,0.55
diy-design,FashionDesignSketches,website wireframe tool,5,,220,12,0.96
diy-design,FashionDesignSketches,design cricut space,5,,218,48,0.66
diy-design,FashionDesignSketches,3d pad,5,,245,174,0.51
diy-design,FashionDesignSketches,3d driwing,5,,228,195,0.50
diy-design,FashionDesignSketches,t shirt design templates,5,,236,126,0.54
diy-design,FashionDesignSketches,tank top design,5,,246,73,0.60
diy-design,FashionDesignSketches,t shirt template,5,,241,81,0.59
diy-design,FashionDesignSketches,shirt templates,5,,247,200,0.50
diy-design,FashionDesignSketches,pinterest templates,5,,240,86,0.58
diy-design,FashionDesignSketches,razfit,5,,249,72,0.60
diy-design,FashionDesignSketches,sketch to design,5,,246,23,0.79
diy-design,FashionDesignSketches,diy design cricut studio,5,,244,120,0.55
diy-design,FashionDesignSketches,ats maker,5,75,242,188,0.50
diy-design,FashionDesignSketches,художник,,44,246,32,
diy-design,FashionDesignSketches,服,,,243,26,
diy-design,FashionDesignSketches,موقع مراهنات,,35,225,20,
diy-design,FashionDesignSketches,스타일리스트,,42,202,2,
diy-design,FashionDesignSketches,드로잉 어플,,49,30,12,
diy-design,FashionDesignSketches,ارسم,,,238,29,
diy-design,FashionDesignSketches,ai dress u[,,42,55,40,
diy-design,FashionDesignSketches,clothes makeup,,,234,16,
diy-design,FashionDesignSketches,designer dress,,61,234,132,
diy-design,FashionDesignSketches,ai试衣,,42,190,35,
diy-design,FashionDesignSketches,drawing  desk:,,,152,57,
diy-design,FashionDesignSketches,temp;ate,,51,244,239,
diy-design,FashionDesignSketches,ai室内设计,,,249,203,
diy-design,FashionDesignSketches,mobile design app,,,239,41,
diy-design,FashionDesignSketches,clean design,,,246,142,
diy-design,FashionDesignSketches,design your day,,,193,11,
diy-design,FashionDesignSketches,stylist design,,,239,136,
diy-design,FashionDesignSketches,for artists designers,,40,243,20,
diy-design,FashionDesignSketches,and design,,,241,153,
diy-design,FashionDesignSketches,mockapp wireframe ui mockup,,,213,47,
diy-design,FashionDesignSketches,pre a template,,,232,107,
diy-design,FashionDesignSketches,print rest,,,202,153,
diy-design,FashionDesignSketches,book art,,,236,87,
diy-design,FashionDesignSketches,crooked mirror,,,209,51,
diy-design,FashionDesignSketches,feshion,,,247,17,
diy-design,FashionDesignSketches,עיצוב תמונות,,,145,45,
diy-design,FashionDesignSketches,creatiai app,,,222,158,
diy-design,FashionDesignSketches,create outline,,,213,29,
diy-design,FashionDesignSketches,desginer,,94,241,2,
diy-design,FashionDesignSketches,ldeas,,82,239,45,
diy-design,FashionDesignSketches,maker pinterest,,88,245,147,
diy-design,FashionDesignSketches,"cricut design space",,,215,54,
diy-design,FashionDesignSketches,design designer,,,247,114,
diy-design,FashionDesignSketches,closet studio,,,242,17,
diy-design,FashionDesignSketches,book designer,,,249,46,
diy-design,Nailbook,ロマサガ,57,30,245,17,9.79
diy-design,Nailbook,jpfans,53,89,248,20,8.69
diy-design,Nailbook,tokyo disney resort app,50,79,249,73,6.02
diy-design,Nailbook,sun tan city,50,63,250,112,5.54
diy-design,Nailbook,oura ring 4 app,50,95,250,133,5.36
diy-design,Nailbook,tan,43,63,249,159,4.47
diy-design,Nailbook,美的,42,53,234,116,4.62
diy-design,Nailbook,omi,40,92,248,94,4.58
diy-design,Nailbook,sarku japan,38,82,250,134,4.07
diy-design,Nailbook,ebay japan,34,81,238,166,3.51
diy-design,Nailbook,ビバビデオ,29,92,243,162,3.00
diy-design,Nailbook,apprendre japonais,27,67,240,230,2.63
diy-design,Nailbook,约,23,75,227,71,2.79
diy-design,Nailbook,jpt,23,96,247,48,3.03
diy-design,Nailbook,ネイル デザイン,13,75,19,1,13.00
diy-design,Nailbook,yuka app,9,88,248,197,0.90
diy-design,Nailbook,jpop,6,41,174,15,1.07
diy-design,Nailbook,disney resort japan,6,,250,226,0.59
diy-design,Nailbook,japanese art,5,41,245,187,0.51
diy-design,Nailbook,jps,5,79,249,87,0.58
diy-design,Nailbook,ムービー,5,81,171,87,0.58
diy-design,Nailbook,ネイル,5,58,231,1,5.00
diy-design,Nailbook,nichi app,5,48,242,144,0.53
diy-design,Nailbook,探,5,83,236,44,0.67
diy-design,Nailbook,写 真 こ ら ー じ ゅ,5,38,166,10,1.02
diy-design,Nailbook,nail designer,5,44,207,108,0.56
diy-design,Nailbook,美甲,5,,240,6,1.24
diy-design,Nailbook,keiki app,5,89,250,149,0.53
diy-design,Nailbook,nichiapp,5,54,249,18,0.84
diy-design,Nailbook,結婚式,5,43,109,8,1.10
diy-design,Nailbook,nail design ideas,5,28,215,159,0.52
diy-design,Nailbook,スモ,5,40,231,97,0.57
diy-design,Nailbook,さがし,5,40,245,15,0.89
diy-design,Nailbook,pelacak,5,89,248,171,0.51
diy-design,Nailbook,gel nails,5,41,169,37,0.70
diy-design,Nailbook,flickr digital signage,5,40,249,92,0.58
diy-design,Nailbook,jisho search app,5,40,233,125,0.54
diy-design,Nailbook,jishokun,5,44,247,27,0.76
diy-design,Nailbook,無料で,5,44,248,236,0.49
diy-design,Nailbook,nail color picker,5,11,193,18,0.84
diy-design,Nailbook,nutaku app,5,40,248,107,0.56
diy-design,Nailbook,がぞう編集,5,76,215,161,0.52
diy-design,Nailbook,japandi,5,,182,22,0.80
diy-design,Nailbook,oji app,5,,248,93,0.57
diy-design,Nailbook,smart ex japan,5,58,250,114,0.55
diy-design,Nailbook,mercari jp,5,81,248,45,0.67
diy-design,Nailbook,Nail Academy,5,73,155,28,0.75
diy-design,Nailbook,oji.app,5,73,226,8,1.10
diy-design,Nailbook,jjjkkjkj,5,0,250,129,0.54
diy-design,Nailbook,MyShotAI,5,36,122,23,0.79
diy-design,Nailbook,ghibli style app,5,91,209,9,1.06
diy-design,Nailbook,nails app,5,,152,37,0.70
diy-design,Nailbook,toyumi,5,,250,103,0.56
diy-design,Nailbook,frame for sfvi,5,49,245,203,0.50
diy-design,Nailbook,ビデオ再生,5,,226,41,0.68
diy-design,Nailbook,naol,5,,225,31,0.73
diy-design,Nailbook,nail scanner,5,,197,11,0.98
diy-design,Nailbook,nail design 3d,5,47,207,127,0.54
diy-design,Nailbook,kura%20sushi,5,44,248,185,0.51
diy-design,Nailbook,nail%20salon,5,65,172,40,0.69
diy-design,Nailbook,grock%203,5,66,227,21,0.81
diy-design,Nailbook,naildive,5,,212,1,5.00
diy-design,Nailbook,tokari,5,,250,55,0.64
diy-design,Nailbook,nails 3d,5,,181,32,0.73
diy-design,Nailbook,ai nail generato,5,,208,27,0.76
diy-design,Nailbook,scan nails,5,,208,11,0.98
diy-design,Nailbook,ai nail health,5,,184,18,0.84
diy-design,Nailbook,nail health checker app,5,85,202,25,0.77
diy-design,Nailbook,nail cakery,5,,201,31,0.73
diy-design,Nailbook,polish beauty,5,,205,42,0.68
diy-design,Nailbook,tannning,5,44,216,209,0.50
diy-design,Nailbook,写真で,5,,140,77,0.60
diy-design,Nailbook,japan guild,5,65,247,151,0.52
diy-design,Nailbook,* konichiwa,5,,215,20,0.82
diy-design,Nailbook,app store japan,5,49,250,73,0.60
diy-design,Nailbook,genmoji app,5,93,217,33,0.72
diy-design,Nailbook,japan style,5,,179,38,0.70
diy-design,Nailbook,1596316001,5,,249,18,0.84
diy-design,Nailbook,ryuusei for anilist,5,,210,136,0.53
diy-design,Nailbook,makerbooth,5,,204,10,1.02
diy-design,Nailbook,makerbooth app,5,,228,21,0.81
diy-design,Nailbook,kurozora,5,49,249,21,0.81
diy-design,Nailbook,app oji,5,,231,32,0.73
diy-design,Nailbook,effects oji,5,,201,41,0.68
diy-design,Nailbook,appiko ltd,5,40,249,72,0.60
diy-design,Nailbook,japan discount,5,44,249,128,0.54
diy-design,Nailbook,jp language,5,,201,40,0.69
diy-design,Nailbook,sekai create,5,,145,13,0.93
diy-design,Nailbook,community: japan,5,,191,22,0.80
diy-design,Nailbook,disaster place names of japan,5,51,247,87,0.58
diy-design,Nailbook,ebay japan gk,5,,249,154,0.52
diy-design,Nailbook,export japan,5,40,250,73,0.60
diy-design,Nailbook,filmn lite: japan,5,100,247,40,0.69
diy-design,Nailbook,hokusai manga creativity kit,5,47,241,143,0.53
diy-design,Nailbook,modern jkd,5,,205,21,0.81
diy-design,Nailbook,smart x japan,5,57,250,71,0.61
diy-design,Nailbook,stay japan,5,,167,48,0.66
diy-design,Nailbook,softspace,5,,221,117,0.55
diy-design,Nailbook,daily memories with download,5,60,216,141,0.53
diy-design,Nailbook,nail tryon,5,,220,81,0.59
diy-design,Nailbook,desig,5,71,234,121,0.55
diy-design,Nailbook,japans leren,5,,195,16,0.87
diy-design,Nailbook,setfind,5,,208,52,0.65
diy-design,Nailbook,ritsu - net worth manager,5,,181,51,0.65
diy-design,Nailbook,japandi style,5,,172,19,0.83
diy-design,Nailbook,from japan!,5,,174,48,0.66
diy-design,Nailbook,release from japan!,5,,182,69,0.61
diy-design,Nailbook,hpasia ltd,5,,204,64,0.62
diy-design,Nailbook,jp-software,5,,184,11,0.98
diy-design,Nailbook,the ehime shimbun co. ltd.,5,,182,57,0.63
diy-design,Nailbook,jkos network co.  ltd,5,,207,85,0.58
diy-design,Nailbook,jmobile technology co ltd,5,,166,61,0.63
diy-design,Nailbook,jrks  inc.,5,,150,48,0.66
diy-design,Nailbook,edkimo gmbh,5,,152,41,0.68
diy-design,Nailbook,gichuru shayo,5,,249,61,0.63
diy-design,Nailbook,kojo technologies  inc.,5,,158,61,0.63
diy-design,Nailbook,jezer crespo,5,,154,42,0.68
diy-design,Nailbook,nail design art,5,,210,195,0.50
diy-design,Nailbook,nails and designs,5,27,211,92,0.58
diy-design,Nailbook,keibabook,5,27,250,43,0.68
diy-design,Nailbook,handful verified happy,5,42,250,142,0.53
diy-design,Nailbook,noji app,5,,250,32,0.73
diy-design,Nailbook,stickystudy japanese,5,,244,176,0.51
diy-design,Nailbook,japansisch prüfung,5,,249,32,0.73
diy-design,Nailbook,pladoku,5,,75,48,0.66
diy-design,Nailbook,画像検索,,,88,36,
diy-design,Nailbook,結婚,,45,219,155,
diy-design,Nailbook,gregg krech,,40,249,39,
diy-design,Nailbook,girl%20nail%20salon,,,160,13,
diy-design,Nailbook,nail color changer,,,195,21,
diy-design,Nailbook,oji pictures,,,122,78,
diy-design,Nailbook,oji post,,,249,121,
diy-design,Nailbook,photo nail,,,198,116,
diy-design,Nailbook,minimalism village,,,190,157,
diy-design,Nailbook,PISEN Connect,,,195,108,
diy-design,Nailbook,aoki group  inc.,,,181,108,
diy-design,Nailbook,bunpro japanese,,,247,113,