cluster,app,keyword,popularity,competitiveness,num_apps,rank,importance
fitness-timers,IntervalTimer,contraction timer,60,84,248,131,6.46
fitness-timers,IntervalTimer,Interval Timer:,56,53,225,1,56.00
fitness-timers,IntervalTimer,interval  timer,56,50,248,2,25.70
fitness-timers,IntervalTimer,tim,55,91,250,96,6.27
fitness-timers,IntervalTimer,interval timer,55,66,246,2,25.24
fitness-timers,IntervalTimer,تك,52,,246,178,5.30
fitness-timers,IntervalTimer,tabata timer,47,61,250,9,9.92
fitness-timers,IntervalTimer,boxing timer,47,59,247,9,9.92
fitness-timers,IntervalTimer,seconds interval timer,43,76,250,2,19.73
fitness-timers,IntervalTimer,運動,41,59,235,72,4.95
fitness-timers,IntervalTimer,インターバルタイマー,40,42,115,14,7.29
fitness-timers,IntervalTimer,chronometre,38,47,249,20,6.23
fitness-timers,IntervalTimer,プレゼンタイマー,37,40,248,197,3.70
fitness-timers,IntervalTimer,스톱워치,37,48,250,175,3.78
fitness-timers,IntervalTimer,運動記録,35,88,243,47,4.64
fitness-timers,IntervalTimer,cronometro,33,59,250,8,7.27
fitness-timers,IntervalTimer,temporizador de intervalos,31,50,248,6,7.66
fitness-timers,IntervalTimer,時計秒針,31,86,250,72,3.75
fitness-timers,IntervalTimer,workout timer free,30,46,248,2,13.77
fitness-timers,IntervalTimer,トレーニングタイマー,30,88,246,109,3.34
fitness-timers,IntervalTimer,tabata timer interval timer,28,46,247,5,7.49
fitness-timers,IntervalTimer,course fractionné,25,77,247,6,6.18
fitness-timers,IntervalTimer,timer with intervals,20,46,246,1,20.00
fitness-timers,IntervalTimer,fractionné,19,48,237,4,5.66
fitness-timers,IntervalTimer,stop watch,18,48,249,12,3.44
fitness-timers,IntervalTimer,복싱 타이머,17,47,250,6,4.20
fitness-timers,IntervalTimer,sport timer,16,56,247,1,16.00
fitness-timers,IntervalTimer,seconds pro interval timer,13,,248,3,4.53
fitness-timers,IntervalTimer,free tabata timer,12,45,250,13,2.24
fitness-timers,IntervalTimer,fartlek,11,53,64,50,1.44
fitness-timers,IntervalTimer,workout timer,9,54,247,1,9.00
fitness-timers,IntervalTimer,hiit,9,63,248,2,4.13
fitness-timers,IntervalTimer,interval running,9,59,248,6,2.22
fitness-timers,IntervalTimer,run interval,9,56,246,6,2.22
fitness-timers,IntervalTimer,sprint timer,9,60,248,7,2.09
fitness-timers,IntervalTimer,boxing round timer,9,57,250,213,0.89
fitness-timers,IntervalTimer,box timer,9,57,250,158,0.94
fitness-timers,IntervalTimer,emom timer,8,49,250,3,2.79
fitness-timers,IntervalTimer,sworkit,7,45,111,88,0.81
fitness-timers,IntervalTimer,timer app,7,47,244,5,1.87
fitness-timers,IntervalTimer,beyond the whiteboard,7,39,182,174,0.72
fitness-timers,IntervalTimer,crossfit,7,57,248,13,1.31
fitness-timers,IntervalTimer,emom,7,49,249,4,2.08
fitness-timers,IntervalTimer,sit,7,66,248,200,0.70
fitness-timers,IntervalTimer,seconds pro,7,77,243,3,2.44
fitness-timers,IntervalTimer,stoppuhr,7,39,106,13,1.31
fitness-timers,IntervalTimer,flip uhr,7,,247,184,0.71
fitness-timers,IntervalTimer,intervall,6,58,247,1,6.00
fitness-timers,IntervalTimer,intervalos,6,50,250,2,2.75
fitness-timers,IntervalTimer,hiit cardio,5,91,248,3,1.74
fitness-timers,IntervalTimer,运 动 健 康,5,31,247,57,0.63
fitness-timers,IntervalTimer,tabata,5,63,249,13,0.93
fitness-timers,IntervalTimer,tabata workout,5,50,248,12,0.96
fitness-timers,IntervalTimer,race stars,5,,187,158,0.52
fitness-timers,IntervalTimer,hit timer,5,47,250,1,5.00
fitness-timers,IntervalTimer,timer sport,5,49,249,3,1.74
fitness-timers,IntervalTimer,training timer,5,59,249,1,5.00
fitness-timers,IntervalTimer,tabata app,5,43,221,9,1.06
fitness-timers,IntervalTimer,tabata pro hiit interval timer,5,,250,186,0.51
fitness-timers,IntervalTimer,tabata timer free,5,,250,7,1.16
fitness-timers,IntervalTimer,hiit workout timer,5,44,248,1,5.00
fitness-timers,IntervalTimer,work out timer,5,48,248,1,5.00
fitness-timers,IntervalTimer,hiit interval training timer,5,,250,2,2.29
fitness-timers,IntervalTimer,free hiit timer,5,44,250,2,2.29
fitness-timers,IntervalTimer,free interval timer,5,49,248,5,1.34
fitness-timers,IntervalTimer,workout clock,5,61,248,4,1.49
fitness-timers,IntervalTimer,intervaltimer,5,52,243,6,1.24
fitness-timers,IntervalTimer,hiit interval training,5,,249,97,0.57
fitness-timers,IntervalTimer,hitt,5,57,248,1,5.00
fitness-timers,IntervalTimer,tabata timer hiit,5,,239,167,0.52
fitness-timers,IntervalTimer,hiit timer free,5,46,249,2,2.29
fitness-timers,IntervalTimer,timer workout,5,49,247,4,1.49
fitness-timers,IntervalTimer,hiit interval timer,5,53,249,1,5.00
fitness-timers,IntervalTimer,workout interval timer,5,52,246,1,5.00
fitness-timers,IntervalTimer,interval timer free,5,44,247,3,1.74
fitness-timers,IntervalTimer,running timer,5,48,246,1,5.00
fitness-timers,IntervalTimer,hitt timer,5,48,249,1,5.00
fitness-timers,IntervalTimer,timer for ipad,5,45,242,54,0.64
fitness-timers,IntervalTimer,30 second timer,5,45,249,3,1.74
fitness-timers,IntervalTimer,wod clock,5,47,250,13,0.93
fitness-timers,IntervalTimer,set timer,5,49,249,1,5.00
fitness-timers,IntervalTimer,free workout timer,5,44,248,7,1.16
fitness-timers,IntervalTimer,seconds timer,5,68,246,14,0.91
fitness-timers,IntervalTimer,beep timer,5,53,248,3,1.74
fitness-timers,IntervalTimer,workout rest timer,5,54,248,2,2.29
fitness-timers,IntervalTimer,running interval timer,5,50,247,1,5.00
fitness-timers,IntervalTimer,interval timer pro,5,66,248,16,0.87
fitness-timers,IntervalTimer,interval clock,5,58,250,2,2.29
fitness-timers,IntervalTimer,interval workout,5,55,246,1,5.00
fitness-timers,IntervalTimer,interval timer apple watch,5,46,249,8,1.10
fitness-timers,IntervalTimer,intervalltimer,5,50,244,2,2.29
fitness-timers,IntervalTimer,timer hiit,5,47,248,2,2.29
fitness-timers,IntervalTimer,tabata stopwatch,5,51,240,72,0.60
fitness-timers,IntervalTimer,time interval,5,49,250,1,5.00
fitness-timers,IntervalTimer,workout stopwatch,5,,249,2,2.29
fitness-timers,IntervalTimer,hiit app,5,48,244,2,2.29
fitness-timers,IntervalTimer,interval walking,5,77,250,8,1.10
fitness-timers,IntervalTimer,workout timer app,5,44,247,1,5.00
fitness-timers,IntervalTimer,timer interval,5,44,248,4,1.49
fitness-timers,IntervalTimer,circuit training timer,5,51,248,1,5.00
fitness-timers,IntervalTimer,split timer,5,48,250,1,5.00
fitness-timers,IntervalTimer,interval run,5,57,247,9,1.06
fitness-timers,IntervalTimer,timer plus,5,57,246,10,1.02
fitness-timers,IntervalTimer,free timer app,5,,247,23,0.79
fitness-timers,IntervalTimer,trainings timer,5,44,240,2,2.29
fitness-timers,IntervalTimer,tabat timer,5,46,249,9,1.06
fitness-timers,IntervalTimer,табата таймер,5,40,248,13,0.93
fitness-timers,IntervalTimer,yoga timer,5,85,245,18,0.84
fitness-timers,IntervalTimer,tunning,5,88,242,197,0.50
fitness-timers,IntervalTimer,free timer,5,50,248,24,0.78
fitness-timers,IntervalTimer,circuit workout timer,5,46,248,1,5.00
fitness-timers,IntervalTimer,run walk intervals,5,49,248,5,1.34
fitness-timers,IntervalTimer,hiit training,5,62,248,4,1.49
fitness-timers,IntervalTimer,таймер,5,46,249,143,0.53
fitness-timers,IntervalTimer,timer stopwatch,5,53,245,240,0.48
fitness-timers,IntervalTimer,crossfit timer with music,5,,242,67,0.61
fitness-timers,IntervalTimer,rep timer,5,,249,1,5.00
fitness-timers,IntervalTimer,hiit timer with music,5,,242,131,0.54
fitness-timers,IntervalTimer,interval timer boxing,5,42,246,96,0.57
fitness-timers,IntervalTimer,interval timer with music,5,,248,3,1.74
fitness-timers,IntervalTimer,tabata timer pro,5,56,245,195,0.50
fitness-timers,IntervalTimer,intervals timer,5,47,248,1,5.00
fitness-timers,IntervalTimer,gym rest timer,5,71,250,3,1.74
fitness-timers,IntervalTimer,tabata timer app,5,49,249,26,0.76
fitness-timers,IntervalTimer,shower timer,5,55,247,8,1.10
fitness-timers,IntervalTimer,таймер для тренировок,5,46,250,3,1.74
fitness-timers,IntervalTimer,workout timer pro,5,,241,2,2.29
fitness-timers,IntervalTimer,circle timer,5,51,248,41,0.68
fitness-timers,IntervalTimer,intervallfasten timer,5,44,246,229,0.49
fitness-timers,IntervalTimer,intervallfasten,5,48,169,133,0.54
fitness-timers,IntervalTimer,stand up timer,5,,249,83,0.59
fitness-timers,IntervalTimer,timing app,5,68,246,1,5.00
fitness-timers,IntervalTimer,咕咚运动,5,44,242,141,0.53
fitness-timers,IntervalTimer,interval timer app,5,50,246,1,5.00
fitness-timers,IntervalTimer,intervalometer,5,53,224,17,0.86
fitness-timers,IntervalTimer,5 minute timer,5,,248,5,1.34
fitness-timers,IntervalTimer,interval timer workout,5,58,250,1,5.00
fitness-timers,IntervalTimer,sprint tracker,5,56,244,8,1.10
fitness-timers,IntervalTimer,physical therapy timer,5,,248,4,1.49
fitness-timers,IntervalTimer,boxing interval timer,5,57,250,3,1.74
fitness-timers,IntervalTimer,tabata timer spotify,5,,240,144,0.53
fitness-timers,IntervalTimer,big stopwatch,5,,238,234,0.49
fitness-timers,IntervalTimer,беговой трекер,5,,219,125,0.54
fitness-timers,IntervalTimer,hiit & tabata,5,54,239,188,0.50
fitness-timers,IntervalTimer,hiit timer app,5,41,249,1,5.00
fitness-timers,IntervalTimer,meditation interval timer,5,,222,10,1.02
fitness-timers,IntervalTimer,rest timer,5,62,249,20,0.82
fitness-timers,IntervalTimer,treadmill hiit,5,40,242,226,0.49
fitness-timers,IntervalTimer,train timer,5,,231,61,0.63
fitness-timers,IntervalTimer,stopit,5,55,239,235,0.49
fitness-timers,IntervalTimer,interval trainer,5,56,248,1,5.00
fitness-timers,IntervalTimer,intervalle bestimmen,5,45,243,89,0.58
fitness-timers,IntervalTimer,high intensity interval training,5,55,245,2,2.29
fitness-timers,IntervalTimer,egg timer app,5,37,223,213,0.49
fitness-timers,IntervalTimer,sit timer,5,47,250,3,1.74
fitness-timers,IntervalTimer,timer for apple watch,5,45,248,12,0.96
fitness-timers,IntervalTimer,workout timer custom intervals,5,46,249,4,1.49
fitness-timers,IntervalTimer,timer wod,5,,250,194,0.50
fitness-timers,IntervalTimer,timer free,5,44,248,12,0.96
fitness-timers,IntervalTimer,simple timer,5,56,242,12,0.96
fitness-timers,IntervalTimer,circuit workout,5,58,248,1,5.00
fitness-timers,IntervalTimer,thyme,5,,30,19,0.83
fitness-timers,IntervalTimer,custom workout timer,5,52,248,4,1.49
fitness-timers,IntervalTimer,basic sports timer,5,,243,23,0.79
fitness-timers,IntervalTimer,interval fasten,5,,236,200,0.50
fitness-timers,IntervalTimer,cardio hiit,5,48,246,160,0.52
fitness-timers,IntervalTimer,trainingstimer,5,86,247,3,1.74
fitness-timers,IntervalTimer,audible timer,5,46,248,3,1.74
fitness-timers,IntervalTimer,speaking hiit timer,5,43,242,239,0.48
fitness-timers,IntervalTimer,runden timer,5,47,244,3,1.74
fitness-timers,IntervalTimer,tabata timer and hiit timer,5,48,249,22,0.80
fitness-timers,IntervalTimer,repeating timer,5,55,246,1,5.00
fitness-timers,IntervalTimer,periodic timer,5,53,246,8,1.10
fitness-timers,IntervalTimer,hiit workot,5,46,246,78,0.59
fitness-timers,IntervalTimer,interval timer music,5,,241,19,0.83
fitness-timers,IntervalTimer,interval timer hiit,5,,250,1,5.00
fitness-timers,IntervalTimer,pase,5,97,248,5,1.34
fitness-timers,IntervalTimer,seconda,5,69,245,3,1.74
fitness-timers,IntervalTimer,hitta,5,50,138,129,0.54
fitness-timers,IntervalTimer,loop timer,5,58,246,3,1.74
fitness-timers,IntervalTimer,intermittent timer,5,46,250,2,2.29
fitness-timers,IntervalTimer,бега,5,55,218,164,0.52
fitness-timers,IntervalTimer,фитнес таймер,5,47,249,4,1.49
fitness-timers,IntervalTimer,timer for training,5,56,241,5,1.34
fitness-timers,IntervalTimer,fitnesstimer,5,46,243,1,5.00
fitness-timers,IntervalTimer,timer voor trainingen,5,44,245,81,0.59
fitness-timers,IntervalTimer,trainingen timer,5,44,241,133,0.54
fitness-timers,IntervalTimer,timer voor training,5,86,241,115,0.55
fitness-timers,IntervalTimer,intervaltraining timer,5,46,242,3,1.74
fitness-timers,IntervalTimer,intervaltraining,5,47,248,1,5.00
fitness-timers,IntervalTimer,minuterie tabata,5,36,60,6,1.24
fitness-timers,IntervalTimer,minuterie hiit,5,40,248,57,0.63
fitness-timers,IntervalTimer,intervalltrainingstimer,5,42,242,33,0.72
fitness-timers,IntervalTimer,intervall-training,5,47,249,1,5.00
fitness-timers,IntervalTimer,фитнес-таймер,5,44,248,63,0.62
fitness-timers,IntervalTimer,таймер тренировок,5,44,249,2,2.29
fitness-timers,IntervalTimer,таймер для тренировки,5,44,247,20,0.82
fitness-timers,IntervalTimer,smart timer,5,50,186,3,1.74
fitness-timers,IntervalTimer,lauftracker,5,77,168,167,0.52
fitness-timers,IntervalTimer,interval workout timer,5,53,248,2,2.29
fitness-timers,IntervalTimer,timer watch,5,,248,165,0.52
fitness-timers,IntervalTimer,timer simple,5,27,245,4,1.49
fitness-timers,IntervalTimer,hardlopen,5,80,44,16,0.87
fitness-timers,IntervalTimer,time),5,47,247,15,0.89
fitness-timers,IntervalTimer,interval time,5,63,250,3,1.74
fitness-timers,IntervalTimer,widget time,5,,237,179,0.51
fitness-timers,IntervalTimer,exercise interval timer,5,53,249,1,5.00
fitness-timers,IntervalTimer,time intervals,5,52,247,1,5.00
fitness-timers,IntervalTimer,hiit stopwatch,5,48,241,105,0.56
fitness-timers,IntervalTimer,run intervals,5,44,247,16,0.87
fitness-timers,IntervalTimer,interval runs,5,43,237,19,0.83
fitness-timers,IntervalTimer,interval runner,5,56,246,6,1.24
fitness-timers,IntervalTimer,running interval tracker,5,42,243,238,0.48
fitness-timers,IntervalTimer,rest stop,5,73,171,164,0.52
fitness-timers,IntervalTimer,interval exercise timer,5,54,247,3,1.74
fitness-timers,IntervalTimer,20 minute boxing workout,5,36,13,12,0.96
fitness-timers,IntervalTimer,multiple timer pro,5,40,237,107,0.56
fitness-timers,IntervalTimer,interval tracking,5,40,246,60,0.63
fitness-timers,IntervalTimer,"emom timer",5,40,245,28,0.75
fitness-timers,IntervalTimer,ftiness timer,5,40,239,107,0.56
fitness-timers,IntervalTimer,Runni g,5,86,247,238,0.48
fitness-timers,IntervalTimer,苹果运动,5,54,243,118,0.55
fitness-timers,IntervalTimer,懒人运动,5,42,247,67,0.61
fitness-timers,IntervalTimer,trænings app,5,53,241,155,0.52
fitness-timers,IntervalTimer,trænings apps,5,40,237,129,0.54
fitness-timers,IntervalTimer,运动 健康,5,54,243,98,0.57
fitness-timers,IntervalTimer,走路计步器,5,61,242,184,0.51
fitness-timers,IntervalTimer,春雨计步器,5,71,241,185,0.51
fitness-timers,IntervalTimer,attrezzi palestra,5,62,215,57,0.63
fitness-timers,IntervalTimer,interval runnin,5,51,241,58,0.63
fitness-timers,IntervalTimer,hiit interval,5,57,250,2,2.29
fitness-timers,IntervalTimer,Workout timr,5,48,247,1,5.00
fitness-timers,IntervalTimer,timer timer,5,49,245,8,1.10
fitness-timers,IntervalTimer,hiit counter,5,45,243,12,0.96
fitness-timers,IntervalTimer,健康运动计步器,5,54,245,32,0.73
fitness-timers,IntervalTimer,laufen walken,5,90,33,18,0.84
fitness-timers,IntervalTimer,Timer Interlligent,5,66,248,238,0.48
fitness-timers,IntervalTimer,looping timer,5,49,248,3,1.74
fitness-timers,IntervalTimer,运动 计划,5,47,238,148,0.53
fitness-timers,IntervalTimer,健身 训练,5,73,245,71,0.61
fitness-timers,IntervalTimer,運動 健康,5,46,246,119,0.55
fitness-timers,IntervalTimer,运动 训练,5,40,248,180,0.51
fitness-timers,IntervalTimer,健康 训练,5,49,249,62,0.62
fitness-timers,IntervalTimer,cronômetro,5,47,249,99,0.57
fitness-timers,IntervalTimer,intervalo,5,53,241,3,1.74
fitness-timers,IntervalTimer,custom training,5,41,218,102,0.56
fitness-timers,IntervalTimer,1 minute timer,5,49,205,1,5.00
fitness-timers,IntervalTimer,hiit run,5,52,249,3,1.74
fitness-timers,IntervalTimer,round counter,5,46,197,7,1.16
fitness-timers,IntervalTimer,workout timee,5,48,247,1,5.00
fitness-timers,IntervalTimer,exercise workout timer,5,51,247,7,1.16
fitness-timers,IntervalTimer,workoutexercise timer,5,68,248,10,1.02
fitness-timers,IntervalTimer,circuit clock,5,54,250,2,2.29
fitness-timers,IntervalTimer,circuit interval timer,5,64,200,1,5.00
fitness-timers,IntervalTimer,exercise timer and calorie burn,5,65,244,168,0.51
fitness-timers,IntervalTimer,Sprinting Interval Timer,5,44,241,1,5.00
fitness-timers,IntervalTimer,workout counter,5,60,248,2,2.29
fitness-timers,IntervalTimer,custom fitness,5,66,226,42,0.68
fitness-timers,IntervalTimer,dong,5,93,222,59,0.63
fitness-timers,IntervalTimer,运动计时,5,47,243,4,1.49
fitness-timers,IntervalTimer,计 步 器,5,56,239,74,0.60
fitness-timers,IntervalTimer,if timer,5,57,244,40,0.69
fitness-timers,IntervalTimer,blinds timer,5,39,22,5,1.34
fitness-timers,IntervalTimer,turn timer,5,56,246,29,0.74
fitness-timers,IntervalTimer,workout interval,5,52,247,2,2.29
fitness-timers,IntervalTimer,động,5,55,227,43,0.68
fitness-timers,IntervalTimer,WOD stretching,5,42,17,12,0.96
fitness-timers,IntervalTimer,one more: fitness workour,5,50,228,70,0.61
fitness-timers,IntervalTimer,hiitt timer,5,49,248,1,5.00
fitness-timers,IntervalTimer,custom hiit timer,5,42,244,67,0.61
fitness-timers,IntervalTimer,time boxin,5,35,93,29,0.74
fitness-timers,IntervalTimer,runwalkrun,5,84,225,11,0.98
fitness-timers,IntervalTimer,cycle timer,5,57,247,234,0.49
fitness-timers,IntervalTimer,Unlimited timer,5,48,248,4,1.49
fitness-timers,IntervalTimer,interval timer plus,5,,250,10,1.02
fitness-timers,IntervalTimer,hiit high intensity intervals,5,40,237,31,0.73
fitness-timers,IntervalTimer,كورسات الأمومة والطفولة,5,74,251,10,1.02
fitness-timers,IntervalTimer,HIIT • Workouts Interval Timer,5,59,244,1,5.00
fitness-timers,IntervalTimer,timer counter,5,,248,6,1.24
fitness-timers,IntervalTimer,boss workout,5,41,90,13,0.93
fitness-timers,IntervalTimer,H.I.I.T,5,86,249,3,1.74
fitness-timers,IntervalTimer,smple,5,62,248,230,0.49
fitness-timers,IntervalTimer,workout timerr,5,47,247,1,5.00
fitness-timers,IntervalTimer,boxing timeer,5,47,248,8,1.10
fitness-timers,IntervalTimer,use the interval,5,40,243,159,0.52
fitness-timers,IntervalTimer,0 60 timer,5,87,246,181,0.51
fitness-timers,IntervalTimer,hiit Tabata timer,5,48,241,91,0.58
fitness-timers,IntervalTimer,liquid timer,5,45,224,39,0.69
fitness-timers,IntervalTimer,track timer,5,44,247,11,0.98
fitness-timers,IntervalTimer,voice interval timer,5,28,244,31,0.73
fitness-timers,IntervalTimer,rice timer,5,,195,3,1.74
fitness-timers,IntervalTimer,sprints,5,59,245,8,1.10
fitness-timers,IntervalTimer,Workout Timmer,5,47,248,1,5.00
fitness-timers,IntervalTimer,with timer,5,51,241,150,0.52
fitness-timers,IntervalTimer,boxing round timer+,5,40,234,178,0.51
fitness-timers,IntervalTimer,workout timing,5,45,238,234,0.49
fitness-timers,IntervalTimer,stretching timer,5,44,249,3,1.74
fitness-timers,IntervalTimer,gym timerg,5,45,230,5,1.34
fitness-timers,IntervalTimer,fitness interval timer,5,49,250,2,2.29
fitness-timers,IntervalTimer,gym interval timer,5,49,249,5,1.34
fitness-timers,IntervalTimer,wod interval timer,5,48,244,3,1.74
fitness-timers,IntervalTimer,standby mode,5,84,109,104,0.56
fitness-timers,IntervalTimer,time boxer,5,52,247,166,0.52
fitness-timers,IntervalTimer,interval running timer,5,46,247,1,5.00
fitness-timers,IntervalTimer,timus,5,92,36,34,0.71
fitness-timers,IntervalTimer,repeat time,5,56,247,3,1.74
fitness-timers,IntervalTimer,极限运动,5,46,238,99,0.57
fitness-timers,IntervalTimer,户外运动,5,57,245,83,0.59
fitness-timers,IntervalTimer,运动地图,5,87,247,80,0.59
fitness-timers,IntervalTimer,记录运动,5,44,245,140,0.53
fitness-timers,IntervalTimer,运动达人,5,44,246,128,0.54
fitness-timers,IntervalTimer,运动路线,5,44,246,99,0.57
fitness-timers,IntervalTimer,运动公里,5,46,245,90,0.58
fitness-timers,IntervalTimer,running interval timer tracker,5,49,249,7,1.16
fitness-timers,IntervalTimer,running interval time tracker,5,43,246,82,0.59
fitness-timers,IntervalTimer,ho ho,5,70,243,126,0.54
fitness-timers,IntervalTimer,hó,5,69,241,141,0.53
fitness-timers,IntervalTimer,dông,5,55,232,52,0.65
fitness-timers,IntervalTimer,时时,5,89,250,188,0.50
fitness-timers,IntervalTimer,BOXING INTERVAL TIEMR,5,40,244,70,0.61
fitness-timers,IntervalTimer,hiit workouts&timer,5,46,249,21,0.81
fitness-timers,IntervalTimer,hiit`workouts&timer,5,47,246,10,1.02
fitness-timers,IntervalTimer,Stretch timer app,5,68,203,8,1.10
fitness-timers,IntervalTimer,Stretching exercises timer,5,38,247,101,0.56
fitness-timers,IntervalTimer,heavy bag timer,5,46,244,12,0.96
fitness-timers,IntervalTimer,boxing workout timer,5,45,244,244,0.48
fitness-timers,IntervalTimer,Pacer Timer,5,41,250,228,0.49
fitness-timers,IntervalTimer,punching bag timer,5,47,246,8,1.10
fitness-timers,IntervalTimer,nterval timer,5,64,247,2,2.29
fitness-timers,IntervalTimer,timer for workoits,5,40,243,46,0.67
fitness-timers,IntervalTimer,Reps and Sets Counter,5,38,223,50,0.65
fitness-timers,IntervalTimer,emom exercises,5,51,43,21,0.81
fitness-timers,IntervalTimer,tempo timer,5,62,250,4,1.49
fitness-timers,IntervalTimer,rounds timer,5,49,250,3,1.74
fitness-timers,IntervalTimer,repear timer,5,40,249,5,1.34
fitness-timers,IntervalTimer,treadmill interval runs,5,43,240,150,0.52
fitness-timers,IntervalTimer,minutes timer,5,46,247,11,0.98
fitness-timers,IntervalTimer,stop timer,5,66,248,160,0.52
fitness-timers,IntervalTimer,intervaltimer.app,5,40,240,24,0.78
fitness-timers,IntervalTimer,running out,5,68,61,23,0.79
fitness-timers,IntervalTimer,Glass Timer,5,42,19,3,1.74
fitness-timers,IntervalTimer,Parrot Timer,5,41,6,2,2.29
fitness-timers,IntervalTimer,Interval Multi Timer,5,32,242,216,0.49
fitness-timers,IntervalTimer,personal timer,5,64,242,150,0.52
fitness-timers,IntervalTimer,workout timer free cronometro wodproof smart wod run workout circuit timer sprint timer workouts+,5,46,244,22,0.80
fitness-timers,IntervalTimer,hiit timercountdown,5,40,246,57,0.63
fitness-timers,IntervalTimer,crossfit interval timer,5,45,241,1,5.00
fitness-timers,IntervalTimer,tabata interval timer,5,45,250,142,0.53
fitness-timers,IntervalTimer,wait timer,5,52,246,13,0.93
fitness-timers,IntervalTimer,pumping timer,5,48,250,115,0.55
fitness-timers,IntervalTimer,ipad timer,5,42,243,238,0.48
fitness-timers,IntervalTimer,hiit gym,5,47,239,85,0.58
fitness-timers,IntervalTimer,hiit trainer,5,48,237,141,0.53
fitness-timers,IntervalTimer,kid stopwatch,5,67,239,140,0.53
fitness-timers,IntervalTimer,hiit tracker,5,53,250,2,2.29
fitness-timers,IntervalTimer,double stopwatch,5,40,237,78,0.59
fitness-timers,IntervalTimer,simple work,5,70,239,84,0.59
fitness-timers,IntervalTimer,rounds timer crossfit,5,44,248,1,5.00
fitness-timers,IntervalTimer,rounds timer for crossfit,5,48,248,1,5.00
fitness-timers,IntervalTimer,emom timers,5,52,250,3,1.74
fitness-timers,IntervalTimer,swim timer,5,73,248,37,0.70
fitness-timers,IntervalTimer,pro boxing timer,5,47,240,150,0.52
fitness-timers,IntervalTimer,customizable workout timer,5,46,247,29,0.74
fitness-timers,IntervalTimer,programmable workout timer,5,47,246,10,1.02
fitness-timers,IntervalTimer,dirty secret,5,77,245,128,0.54
fitness-timers,IntervalTimer,imer,5,57,212,7,1.16
fitness-timers,IntervalTimer,relentless,5,51,88,30,0.74
fitness-timers,IntervalTimer,working interval,5,66,247,20,0.82
fitness-timers,IntervalTimer,running simple,5,87,242,89,0.58
fitness-timers,IntervalTimer,interval counter,5,48,248,4,1.49
fitness-timers,IntervalTimer,exercise circuit,5,75,242,60,0.63
fitness-timers,IntervalTimer,Excercise timer,5,48,248,4,1.49
fitness-timers,IntervalTimer,log timer,5,47,244,28,0.75
fitness-timers,IntervalTimer,home timer,5,44,193,28,0.75
fitness-timers,IntervalTimer,mat timer,5,19,39,4,1.49
fitness-timers,IntervalTimer,heart rate intervals,5,68,206,60,0.63
fitness-timers,IntervalTimer,fake stopwatch,5,94,9,4,1.49
fitness-timers,IntervalTimer,iterval timer,5,46,249,2,2.29
fitness-timers,IntervalTimer,REPEAT TIMER app,5,72,249,5,1.34
fitness-timers,IntervalTimer,라운드 타이머,5,47,242,4,1.49
fitness-timers,IntervalTimer,스톱워치 타이머,5,40,242,28,0.75
fitness-timers,IntervalTimer,HIITtimer,5,,240,77,0.60
fitness-timers,IntervalTimer,coach stopwatch,5,18,68,23,0.79
fitness-timers,IntervalTimer,watch rest timer,5,61,212,14,0.91
fitness-timers,IntervalTimer,gaming timer,5,40,201,16,0.87
fitness-timers,IntervalTimer,contractiom timer,5,66,250,107,0.56
fitness-timers,IntervalTimer,custom run,5,44,88,32,0.73
fitness-timers,IntervalTimer,works timer,5,51,245,154,0.52
fitness-timers,IntervalTimer,workout timer hiit,5,49,246,1,5.00
fitness-timers,IntervalTimer,tunni,5,87,248,148,0.53
fitness-timers,IntervalTimer,workouts counter,5,81,227,3,1.74
fitness-timers,IntervalTimer,30-30,5,46,244,235,0.49
fitness-timers,IntervalTimer,two minute,5,41,237,177,0.51
fitness-timers,IntervalTimer,construction timer,5,67,200,9,1.06
fitness-timers,IntervalTimer,run walk,5,97,231,89,0.58
fitness-timers,IntervalTimer,running distance timer,5,42,246,36,0.70
fitness-timers,IntervalTimer,cotraction timer,5,54,250,108,0.56
fitness-timers,IntervalTimer,interval imer,5,48,246,2,2.29
fitness-timers,IntervalTimer,circuit timer pro,5,67,235,67,0.61
fitness-timers,IntervalTimer,fintenss,5,82,247,232,0.49
fitness-timers,IntervalTimer,gyn timer,5,48,248,2,2.29
fitness-timers,IntervalTimer,roun timer,5,46,250,5,1.34
fitness-timers,IntervalTimer,pasta timer,5,49,185,6,1.24
fitness-timers,IntervalTimer,circuit workotus,5,44,245,236,0.49
fitness-timers,IntervalTimer,score timer,5,47,241,52,0.65
fitness-timers,IntervalTimer,phone time out,5,37,212,84,0.59
fitness-timers,IntervalTimer,timed set,5,61,247,2,2.29
fitness-timers,IntervalTimer,swimming interval timer,5,7,243,8,1.10
fitness-timers,IntervalTimer,nterval timeri,5,42,242,45,0.67
fitness-timers,IntervalTimer,repeated timer,5,54,248,2,2.29
fitness-timers,IntervalTimer,standing desk timer,5,59,248,13,0.93
fitness-timers,IntervalTimer,hit workout timer,5,68,248,1,5.00
fitness-timers,IntervalTimer,hit interval timer,5,,248,4,1.49
fitness-timers,IntervalTimer,boxng workou.,5,42,242,141,0.53
fitness-timers,IntervalTimer,boxng workou,5,42,243,143,0.53
fitness-timers,IntervalTimer,boxxingg workout,5,,227,46,0.67
fitness-timers,IntervalTimer,boxxing,5,57,248,227,0.49
fitness-timers,IntervalTimer,countdown upp,5,62,209,173,0.51
fitness-timers,IntervalTimer,fit boxinf,5,,237,100,0.57
fitness-timers,IntervalTimer,alert timer,5,61,239,163,0.52
fitness-timers,IntervalTimer,interval training run,5,40,241,85,0.58
fitness-timers,IntervalTimer,hiit boxing timer,5,40,245,93,0.57
fitness-timers,IntervalTimer,boxing stopwatch,5,42,241,118,0.55
fitness-timers,IntervalTimer,time round,5,46,235,83,0.59
fitness-timers,IntervalTimer,stretching time,5,,50,18,0.84
fitness-timers,IntervalTimer,crossfit timer - boş,5,,2,1,5.00
fitness-timers,IntervalTimer,minuteur crossfit,5,,31,10,1.02
fitness-timers,IntervalTimer,timer for exercise,5,69,250,3,1.74
fitness-timers,IntervalTimer,ai workout timer,5,,93,9,1.06
fitness-timers,IntervalTimer,تمارين تاباتا,5,54,246,122,0.55
fitness-timers,IntervalTimer,timer for worouts,5,42,244,47,0.66
fitness-timers,IntervalTimer,hiit • workouts & timer,5,51,247,7,1.16
fitness-timers,IntervalTimer,intervals watch,5,46,244,6,1.24
fitness-timers,IntervalTimer,hiit  timer,5,44,237,33,0.72
fitness-timers,IntervalTimer,best hiit timer,5,46,245,126,0.54
fitness-timers,IntervalTimer,best interval timer,5,,247,3,1.74
fitness-timers,IntervalTimer,best workout timer,5,,247,155,0.52
fitness-timers,IntervalTimer,hiit intervals,5,49,243,2,2.29
fitness-timers,IntervalTimer,𝐢𝐧𝐭𝐞𝐫𝐯𝐚𝐥 𝐭𝐢𝐦𝐞𝐫,5,,245,2,2.29
fitness-timers,IntervalTimer,𝐡𝐢𝐢𝐭,5,,237,16,0.87
fitness-timers,IntervalTimer,𝐡𝐢𝐢𝐭 𝐰𝐨𝐫𝐤𝐨𝐮𝐭𝐬,5,40,242,82,0.59
fitness-timers,IntervalTimer,𝐭𝐢𝐦𝐞𝐫,5,47,250,6,1.24
fitness-timers,IntervalTimer,interval timers,5,71,249,2,2.29
fitness-timers,IntervalTimer,interval tier,5,43,242,72,0.60
fitness-timers,IntervalTimer,supplement timer,5,86,249,2,2.29
fitness-timers,IntervalTimer,gym counter,5,57,248,2,2.29
fitness-timers,IntervalTimer,wod deck of cards\,5,,31,20,0.82
fitness-timers,IntervalTimer,exercise course,5,40,249,153,0.52
fitness-timers,IntervalTimer,course timer,5,,246,42,0.68
fitness-timers,IntervalTimer,round clock,5,43,249,147,0.53
fitness-timers,IntervalTimer,30 sec timer,5,40,249,2,2.29
fitness-timers,IntervalTimer,hiit timer for workouts,5,46,244,2,2.29
fitness-timers,IntervalTimer,hiit timer for workout,5,42,245,1,5.00
fitness-timers,IntervalTimer,split-it,5,43,231,169,0.51
fitness-timers,IntervalTimer,workout  timer,5,49,248,1,5.00
fitness-timers,IntervalTimer,float tech  llc,5,,140,2,2.29
fitness-timers,IntervalTimer,wod timer for workouts,5,46,243,26,0.76
fitness-timers,IntervalTimer,stack timer,5,48,247,4,1.49
fitness-timers,IntervalTimer,car warm-up timer,5,,220,129,0.54
fitness-timers,IntervalTimer,deep breath alarm,5,,240,11,0.98
fitness-timers,IntervalTimer,interval walking training,5,46,250,16,0.87
fitness-timers,IntervalTimer,stretch trainer,5,,200,157,0.52
fitness-timers,IntervalTimer,Interval%20Timer%3A,5,42,247,123,0.54
fitness-timers,IntervalTimer,hiit%20timer%20free,5,46,246,113,0.55
fitness-timers,IntervalTimer,simple%20interval%20timer,5,44,246,65,0.62
fitness-timers,IntervalTimer,free%20tabata%20timer,5,97,250,129,0.54
fitness-timers,IntervalTimer,boxing%20timer,5,32,244,50,0.65
fitness-timers,IntervalTimer,reshape%20body,5,46,239,61,0.63
fitness-timers,IntervalTimer,running%20interval%20timer,5,40,245,34,0.71
fitness-timers,IntervalTimer,interval%20timer,5,48,248,221,0.49
fitness-timers,IntervalTimer,wod%20timer,5,50,248,122,0.55
fitness-timers,IntervalTimer,timer%20for%20workouts,5,65,247,83,0.59
fitness-timers,IntervalTimer,strech%20app,5,47,24,2,2.29
fitness-timers,IntervalTimer,love%20count,5,30,203,36,0.70
fitness-timers,IntervalTimer,workout%20interval%20timer,5,69,247,83,0.59
fitness-timers,IntervalTimer,timer for workouts - wod,5,58,247,16,0.87
fitness-timers,IntervalTimer,notch focus timer,5,,224,52,0.65
fitness-timers,IntervalTimer,timer for workouts - wid,5,,247,24,0.78
fitness-timers,IntervalTimer,seconds%20interval%20timer,5,,242,41,0.68
fitness-timers,IntervalTimer,circuit%20timer,5,52,246,7,1.16
fitness-timers,IntervalTimer,workout%20timer%20free,5,,250,141,0.53
fitness-timers,IntervalTimer,workout%20timer%20custom%20intervals,5,,245,105,0.56
fitness-timers,IntervalTimer,running%20interval%20timer%20tracker,5,42,250,214,0.49
fitness-timers,IntervalTimer,interval%20timer%20free,5,43,250,33,0.72
fitness-timers,IntervalTimer,sprint%20timer,5,,249,37,0.70
fitness-timers,IntervalTimer,interval trackr,5,40,244,228,0.49
fitness-timers,IntervalTimer,drink timer,5,,202,3,1.74
fitness-timers,IntervalTimer,driver timer,5,40,248,8,1.10
fitness-timers,IntervalTimer,coach timer,5,,249,3,1.74
fitness-timers,IntervalTimer,interval timer: tabata & hiit,5,50,240,8,1.10
fitness-timers,IntervalTimer,voice over pomodoro,5,,234,49,0.66
fitness-timers,IntervalTimer,fitbit interval,5,,246,115,0.55
fitness-timers,IntervalTimer,on the ho,5,51,241,12,0.96
fitness-timers,IntervalTimer,interval timer: tabata workout,5,,243,16,0.87
fitness-timers,IntervalTimer,fitbit interval timer hiit,5,,245,6,1.24
fitness-timers,IntervalTimer,workout time,5,57,249,2,2.29
fitness-timers,IntervalTimer,offline workout timer,5,,247,142,0.53
fitness-timers,IntervalTimer,simple time,5,,234,23,0.79
fitness-timers,IntervalTimer,minimal interval timer,5,,240,34,0.71
fitness-timers,IntervalTimer,interval tabata timer,5,63,240,155,0.52
fitness-timers,IntervalTimer,workout timer – tabata & interval,5,,244,10,1.02
fitness-timers,IntervalTimer,red light therapy timer,5,,213,8,1.10
fitness-timers,IntervalTimer,guided stretch timer,5,,232,19,0.83
fitness-timers,IntervalTimer,intermittent breathing timer,5,,238,55,0.64
fitness-timers,IntervalTimer,* workout time to recovery calculator,5,,236,32,0.73
fitness-timers,IntervalTimer,tabata timer 2025,5,,213,11,0.98
fitness-timers,IntervalTimer,interval timer - tabata timer,5,,249,3,1.74
fitness-timers,IntervalTimer,interval timer □ hiit timer,5,,244,1,5.00
fitness-timers,IntervalTimer,run interval - running timer,5,50,247,3,1.74
fitness-timers,IntervalTimer,intervals pro: hiit timer,5,53,248,2,2.29
fitness-timers,IntervalTimer,interval running: run tracker,5,64,248,186,0.51
fitness-timers,IntervalTimer,interval timer: run & hiit,5,,249,3,1.74
fitness-timers,IntervalTimer,hiit timer timer,5,,244,2,2.29
fitness-timers,IntervalTimer,tabata timer - timeme,5,,246,55,0.64
fitness-timers,IntervalTimer,autolyse timer,5,,221,15,0.89
fitness-timers,IntervalTimer,超慢跑,5,,240,61,0.63
fitness-timers,IntervalTimer,contration timer,5,,250,144,0.53
fitness-timers,IntervalTimer,interval countdown pomodoro focus crossf,5,,247,34,0.71
fitness-timers,IntervalTimer,tabata ti̇mer,5,,237,106,0.56
fitness-timers,IntervalTimer,chained timers,5,,228,149,0.53
fitness-timers,IntervalTimer,continuous timers,5,,250,1,5.00
fitness-timers,IntervalTimer,perfect egg timer,5,,224,88,0.58
fitness-timers,IntervalTimer,multi step timer,5,,247,25,0.77
fitness-timers,IntervalTimer,tabata tiemr,5,,250,9,1.06
fitness-timers,IntervalTimer,hiit timer for teams,5,,244,66,0.62
fitness-timers,IntervalTimer,hiit timer live activities,5,,244,158,0.52
fitness-timers,IntervalTimer,hiit timer simple,5,,244,1,5.00
fitness-timers,IntervalTimer,tabata timer for students,5,,245,49,0.66
fitness-timers,IntervalTimer,workout timer minimal,5,,247,117,0.55
fitness-timers,IntervalTimer,訓練,5,62,246,73,0.60
fitness-timers,IntervalTimer,walking exercise app,5,,227,146,0.53
fitness-timers,IntervalTimer,mma interval timer,5,42,234,57,0.63
fitness-timers,IntervalTimer,intensity interval timer,5,,241,22,0.80
fitness-timers,IntervalTimer,ountdown app,5,,209,142,0.53
fitness-timers,IntervalTimer,rest timer - waitwaitgo!,5,50,248,89,0.58
fitness-timers,IntervalTimer,interval timer: hiit & tabata,5,48,244,20,0.82
fitness-timers,IntervalTimer,stand timer,5,45,246,36,0.70
fitness-timers,IntervalTimer,tabata timer: interval timer,5,,249,6,1.24
fitness-timers,IntervalTimer,wad timer,5,,250,7,1.16
fitness-timers,IntervalTimer,lacrosse timer,5,,193,6,1.24
fitness-timers,IntervalTimer,home workout timer,5,,246,89,0.58
fitness-timers,IntervalTimer,breath pacing timer,5,,235,12,0.96
fitness-timers,IntervalTimer,wod timee,5,,250,80,0.59
fitness-timers,IntervalTimer,tabata timee,5,,250,9,1.06
fitness-timers,IntervalTimer,hiit exercise,5,,241,200,0.50
fitness-timers,IntervalTimer,fitness challenge timer,5,,245,170,0.51
fitness-timers,IntervalTimer,horse training timer,5,40,244,234,0.49
fitness-timers,IntervalTimer,prep timer,5,49,247,12,0.96
fitness-timers,IntervalTimer,intervals run,5,,248,8,1.10
fitness-timers,IntervalTimer,run splits,5,,193,86,0.58
fitness-timers,IntervalTimer,heart rate tester,5,,191,109,0.56
fitness-timers,IntervalTimer,kettlebell timer,5,46,250,5,1.34
fitness-timers,IntervalTimer,rowing timer,5,,249,117,0.55
fitness-timers,IntervalTimer,sauna timer,5,48,229,5,1.34
fitness-timers,IntervalTimer,automatic rest timer,5,,249,97,0.57
fitness-timers,IntervalTimer,exercise rest timer,5,,248,14,0.91
fitness-timers,IntervalTimer,set rest timer,5,,204,9,1.06
fitness-timers,IntervalTimer,workout rest timer app,5,49,245,6,1.24
fitness-timers,IntervalTimer,rest period timer,5,,214,6,1.24
fitness-timers,IntervalTimer,interval rest timer,5,,242,4,1.49
fitness-timers,IntervalTimer,auto rest countdown,5,,226,26,0.76
fitness-timers,IntervalTimer,workout sets,5,,235,9,1.06
fitness-timers,IntervalTimer,tabatavtimer,5,,246,237,0.49
fitness-timers,IntervalTimer,hiit traning,5,55,248,4,1.49
fitness-timers,IntervalTimer,25 minute timer,5,87,241,2,2.29
fitness-timers,IntervalTimer,simple interval time,5,,208,1,5.00
fitness-timers,IntervalTimer,hold your breath longer,5,,243,103,0.56
fitness-timers,IntervalTimer,power hour,5,25,76,64,0.62
fitness-timers,IntervalTimer,sedentary lifestyle break timer,5,,218,35,0.71
fitness-timers,IntervalTimer,world cup count down,5,,204,143,0.53
fitness-timers,IntervalTimer,voxing timer,5,,248,124,0.54
fitness-timers,IntervalTimer,gym click,5,,226,66,0.62
fitness-timers,IntervalTimer,push timer,5,,245,76,0.60
fitness-timers,IntervalTimer,raid timer,5,,197,5,1.34
fitness-timers,IntervalTimer,pro timer,5,,240,4,1.49
fitness-timers,IntervalTimer,sparring timer,5,52,249,195,0.50
fitness-timers,IntervalTimer,crossfit timer.,5,,246,68,0.61
fitness-timers,IntervalTimer,yoga interval timer,5,65,242,28,0.75
fitness-timers,IntervalTimer,rest timer gym,5,64,250,4,1.49
fitness-timers,IntervalTimer,hiit timer for beginners,5,,247,68,0.61
fitness-timers,IntervalTimer,crossfit emom timer,5,,247,9,1.06
fitness-timers,IntervalTimer,boxing interval timer app,5,,250,9,1.06
fitness-timers,IntervalTimer,smart interval timer gym,5,,244,2,2.29
fitness-timers,IntervalTimer,home hiit timer,5,65,247,115,0.55
fitness-timers,IntervalTimer,interval timer offline,5,,239,23,0.79
fitness-timers,IntervalTimer,30 10 interval timer (common protocol),5,,242,5,1.34
fitness-timers,IntervalTimer,45 15 hiit timer,5,,248,106,0.56
fitness-timers,IntervalTimer,running hiit timer,5,,246,3,1.74
fitness-timers,IntervalTimer,work interval timer,5,,244,3,1.74
fitness-timers,IntervalTimer,ai interval timer,5,,243,26,0.76
fitness-timers,IntervalTimer,box intervals,5,,243,27,0.76
fitness-timers,IntervalTimer,fight intervals,5,,193,10,1.02
fitness-timers,IntervalTimer,kitchen timers,5,,174,155,0.52
fitness-timers,IntervalTimer,multi  kitchen timer,5,,225,102,0.56
fitness-timers,IntervalTimer,multiple timer\,5,,234,64,0.62
fitness-timers,IntervalTimer,timer timers,5,,238,152,0.52
fitness-timers,IntervalTimer,timer for hiit training,5,51,249,27,0.76
fitness-timers,IntervalTimer,timer for hiit,5,,242,2,2.29
fitness-timers,IntervalTimer,timer stay tracker,5,,201,21,0.81
fitness-timers,IntervalTimer,running run tracker,5,,199,70,0.61
fitness-timers,IntervalTimer,workout timer timer,5,,247,2,2.29
fitness-timers,IntervalTimer,work out round timer,5,,248,2,2.29
fitness-timers,IntervalTimer,get started timer,5,,217,29,0.74
fitness-timers,IntervalTimer,advanced workout,5,,233,227,0.49
fitness-timers,IntervalTimer,interval timer – workout timer,5,,245,2,2.29
fitness-timers,IntervalTimer,hiit timer & interval timer,5,,243,3,1.74
fitness-timers,IntervalTimer,round timer: purehiit,5,45,221,10,1.02
fitness-timers,IntervalTimer,hiit timer for home workout,5,,244,11,0.98
fitness-timers,IntervalTimer,hiit time,5,,240,22,0.80
fitness-timers,IntervalTimer,tabata interval,5,49,239,108,0.56
fitness-timers,IntervalTimer,music for workout timer,5,,239,187,0.51
fitness-timers,IntervalTimer,zeptoseconds,5,62,245,3,1.74
fitness-timers,IntervalTimer,set app time,5,,214,110,0.56
fitness-timers,IntervalTimer,dody weight,5,,235,46,0.67
fitness-timers,IntervalTimer,run timrer,5,87,236,84,0.59
fitness-timers,IntervalTimer,intervalo timer,5,,248,2,2.29
fitness-timers,IntervalTimer,timer de treino,5,,246,126,0.54
fitness-timers,IntervalTimer,workouot,5,,248,198,0.50
fitness-timers,IntervalTimer,tacchycardia exercise,5,,238,10,1.02
fitness-timers,IntervalTimer,tachycardia exercise,5,,238,9,1.06
fitness-timers,IntervalTimer,smoker timer,5,,185,20,0.82
fitness-timers,IntervalTimer,sitdown,5,,28,19,0.83
fitness-timers,IntervalTimer,sit down,5,,41,25,0.77
fitness-timers,IntervalTimer,set down,5,,41,24,0.78
fitness-timers,IntervalTimer,amrap timer app,5,,246,75,0.60
fitness-timers,IntervalTimer,crossfit timer app,5,,250,4,1.49
fitness-timers,IntervalTimer,emom timer app,5,,245,120,0.55
fitness-timers,IntervalTimer,game timer app,5,,204,53,0.64
fitness-timers,IntervalTimer,ice bath timer app,5,,209,2,2.29
fitness-timers,IntervalTimer,posture timer app,5,,215,1,5.00
fitness-timers,IntervalTimer,rest day timer,5,,212,9,1.06
fitness-timers,IntervalTimer,rest day timer app,5,,245,141,0.53
fitness-timers,IntervalTimer,rest timer app,5,,223,5,1.34
fitness-timers,IntervalTimer,sprint timer app,5,,249,9,1.06
fitness-timers,IntervalTimer,steep timer app,5,,246,235,0.49
fitness-timers,IntervalTimer,up timer,5,,219,30,0.74
fitness-timers,IntervalTimer,stop war,5,,248,12,0.96
fitness-timers,IntervalTimer,breathing exercise timer,5,,247,75,0.60
fitness-timers,IntervalTimer,workout timer watch,5,,246,23,0.79
fitness-timers,IntervalTimer,exercise hiit interval timer,5,,241,2,2.29
fitness-timers,IntervalTimer,exercise rest timer log,5,,249,36,0.70
fitness-timers,IntervalTimer,free exercise interval timer,5,,250,2,2.29
fitness-timers,IntervalTimer,free workout interval timer,5,,248,1,5.00
fitness-timers,IntervalTimer,hiit and run,5,44,250,3,1.74
fitness-timers,IntervalTimer,hiit block: interval timer,5,,241,5,1.34
fitness-timers,IntervalTimer,hiit dual timer,5,,245,3,1.74
fitness-timers,IntervalTimer,hiit pro: interval timer,5,,241,2,2.29
fitness-timers,IntervalTimer,inter: hiit and running timer,5,,250,2,2.29
fitness-timers,IntervalTimer,interval timer quick,5,,240,13,0.93
fitness-timers,IntervalTimer,interval timer repeat,5,,250,4,1.49
fitness-timers,IntervalTimer,interval timer: hiit workouts,5,,245,3,1.74
fitness-timers,IntervalTimer,minimalist interval timer,5,44,240,44,0.67
fitness-timers,IntervalTimer,recipe timer by zafapp,5,,223,14,0.91
fitness-timers,IntervalTimer,repeat timer: interval remind,5,,250,3,1.74
fitness-timers,IntervalTimer,set a timer,5,,249,7,1.16
fitness-timers,IntervalTimer,tabata timer: interval timer x,5,,243,60,0.63
fitness-timers,IntervalTimer,period the,5,,235,139,0.53
fitness-timers,IntervalTimer,exercise set,5,,216,21,0.81
fitness-timers,IntervalTimer,weight timer,5,,247,12,0.96
fitness-timers,IntervalTimer,quit vaping timer,5,,232,21,0.81
fitness-timers,IntervalTimer,lifting timer,5,,250,2,2.29
fitness-timers,IntervalTimer,kickboxing round timer,5,40,237,92,0.58
fitness-timers,IntervalTimer,rest round timer,5,48,247,22,0.80
fitness-timers,IntervalTimer,interval timer with bell,5,42,241,20,0.82
fitness-timers,IntervalTimer,round rest timer,5,48,246,19,0.83
fitness-timers,IntervalTimer,workout timer with bell,5,45,242,90,0.58
fitness-timers,IntervalTimer,boxing timer presets,5,40,239,124,0.54
fitness-timers,IntervalTimer,boxing timer with bell,5,40,236,221,0.49
fitness-timers,IntervalTimer,d20 tracker,5,,218,152,0.52
fitness-timers,IntervalTimer,walks timer,5,,242,25,0.77
fitness-timers,IntervalTimer,calories timer,5,,227,9,1.06
fitness-timers,IntervalTimer,abs timer,5,,244,52,0.65
fitness-timers,IntervalTimer,asthma timer,5,,232,8,1.10
fitness-timers,IntervalTimer,cardio counter,5,,214,150,0.52
fitness-timers,IntervalTimer,diabetes timer,5,,204,5,1.34
fitness-timers,IntervalTimer,dance timer,5,,211,2,2.29
fitness-timers,IntervalTimer,rutinas de gym gratis app,5,,239,27,0.76
fitness-timers,IntervalTimer,free rutinas de gym gratis,5,,249,113,0.55
fitness-timers,IntervalTimer,top rutinas de gym gratis,5,,250,226,0.49
fitness-timers,IntervalTimer,rutinas de gym gratis free,5,,239,22,0.80
fitness-timers,IntervalTimer,free kettle bell workout,5,,204,38,0.70
fitness-timers,IntervalTimer,top kettle bell workout,5,,207,21,0.81
fitness-timers,IntervalTimer,hydration timer,5,,210,1,5.00
fitness-timers,IntervalTimer,calculator barbell calculator no ads tut,5,,220,38,0.70
fitness-timers,IntervalTimer,pain timer,5,,212,5,1.34
fitness-timers,IntervalTimer,crossfit wod timer,5,45,242,20,0.82
fitness-timers,IntervalTimer,interval running program,5,40,245,71,0.61
fitness-timers,IntervalTimer,tabata timer interval,5,46,244,111,0.55
fitness-timers,IntervalTimer,croosfi,5,,250,13,0.93
fitness-timers,IntervalTimer,croosfit,5,,250,13,0.93
fitness-timers,IntervalTimer,tiim,5,,240,47,0.66
fitness-timers,IntervalTimer,session counter,5,,223,197,0.50
fitness-timers,IntervalTimer,cusotm fitness,5,,230,14,0.91
fitness-timers,IntervalTimer,reflex timer,5,,244,10,1.02
fitness-timers,IntervalTimer,rate tattoo,5,,226,130,0.54
fitness-timers,IntervalTimer,simple period,5,,230,125,0.54
fitness-timers,IntervalTimer,sprinkler timer,5,65,196,10,1.02
fitness-timers,IntervalTimer,plit stop,5,,78,45,0.67
fitness-timers,IntervalTimer,split stop,5,,50,10,1.02
fitness-timers,IntervalTimer,jump rope timer,5,41,248,1,5.00
fitness-timers,IntervalTimer,wrestling timer,5,53,246,15,0.89
fitness-timers,IntervalTimer,sarahs day timer,5,,246,49,0.66
fitness-timers,IntervalTimer,gym interval,5,,241,20,0.82
fitness-timers,IntervalTimer,fitnell,5,,247,215,0.49
fitness-timers,IntervalTimer,watering timer,5,,207,3,1.74
fitness-timers,IntervalTimer,workout timer app free,5,,248,2,2.29
fitness-timers,IntervalTimer,interval timer online,5,,240,11,0.98
fitness-timers,IntervalTimer,stopwatch app free,5,30,242,118,0.55
fitness-timers,IntervalTimer,rest timer free,5,,249,24,0.78
fitness-timers,IntervalTimer,rest timer between sets,5,,248,24,0.78
fitness-timers,IntervalTimer,interval timer hiit & tabata,5,46,242,16,0.87
fitness-timers,IntervalTimer,circuit round timer,5,40,245,28,0.75
fitness-timers,IntervalTimer,tabata timer,5,,236,199,0.50
fitness-timers,IntervalTimer,interval clock & daily relief,5,,246,81,0.59
fitness-timers,IntervalTimer,timer iphone,5,42,242,60,0.63
fitness-timers,IntervalTimer,crossfit round timer,5,,245,83,0.59
fitness-timers,IntervalTimer,hiit timer workouts,5,,246,1,5.00
fitness-timers,IntervalTimer,tabata timer music,5,,247,30,0.74
fitness-timers,IntervalTimer,gym timer with haptics,5,,249,241,0.48
fitness-timers,IntervalTimer,interval timer background music,5,,236,32,0.73
fitness-timers,IntervalTimer,stretch timer with sound,5,,244,237,0.49
fitness-timers,IntervalTimer,tabata with music,5,,241,80,0.59
fitness-timers,IntervalTimer,round interval timer,5,,244,8,1.10
fitness-timers,IntervalTimer,hiit crossfit timer,5,,247,13,0.93
fitness-timers,IntervalTimer,core workout timer,5,,247,219,0.49
fitness-timers,IntervalTimer,sprint interval timer,5,,250,1,5.00
fitness-timers,IntervalTimer,rest interval timer,5,,242,3,1.74
fitness-timers,IntervalTimer,beep timer gym,5,,246,68,0.61
fitness-timers,IntervalTimer,silent workout timer,5,,246,138,0.53
fitness-timers,IntervalTimer,local workout timer,5,,246,242,0.48
fitness-timers,IntervalTimer,interval timer no pause,5,,242,10,1.02
fitness-timers,IntervalTimer,workout timer background music,5,,239,196,0.50
fitness-timers,IntervalTimer,haptic interval timer,5,,242,46,0.67
fitness-timers,IntervalTimer,cardio interval timer,5,,245,1,5.00
fitness-timers,IntervalTimer,workout timer music,5,,231,41,0.68
fitness-timers,IntervalTimer,hiit timer music,5,,238,64,0.62
fitness-timers,IntervalTimer,gym timer music,5,,242,133,0.54
fitness-timers,IntervalTimer,workout timer spotify,5,,244,39,0.69
fitness-timers,IntervalTimer,interval timer haptics,5,,243,34,0.71
fitness-timers,IntervalTimer,vibration workout timer,5,,243,170,0.51
fitness-timers,IntervalTimer,sets rest timer,5,,248,21,0.81
fitness-timers,IntervalTimer,spotify workout timer,5,,243,80,0.59
fitness-timers,IntervalTimer,music ducking timer,5,,241,223,0.49
fitness-timers,IntervalTimer,non interrupting gym timer,5,,244,55,0.64
fitness-timers,IntervalTimer,lightweight tabata timer,5,,243,28,0.75
fitness-timers,IntervalTimer,music friendly gym timer,5,,244,128,0.54
fitness-timers,IntervalTimer,boxing interval clock,5,,245,137,0.53
fitness-timers,IntervalTimer,repeating interval timer,5,,238,4,1.49
fitness-timers,IntervalTimer,no ad interval timer,5,,244,26,0.76
fitness-timers,IntervalTimer,clean workout timer,5,,242,5,1.34
fitness-timers,IntervalTimer,vibration only gym timer,5,,245,10,1.02
fitness-timers,IntervalTimer,audio ducking workout timer,5,,241,47,0.66
fitness-timers,IntervalTimer,hiit clock with haptics,5,,249,29,0.74
fitness-timers,IntervalTimer,calisthenics interval timer,5,,246,25,0.77
fitness-timers,IntervalTimer,running interval timer haptics,5,,241,10,1.02
fitness-timers,IntervalTimer,music compatible gym timer,5,,245,13,0.93
fitness-timers,IntervalTimer,gym timer background play,5,,249,26,0.76
fitness-timers,IntervalTimer,workout timer background audio,5,,240,50,0.65
fitness-timers,IntervalTimer,silent tabata timer,5,,243,32,0.73
fitness-timers,IntervalTimer,vibrating workout timer,5,,244,99,0.57
fitness-timers,IntervalTimer,headphone friendly gym timer,5,,247,7,1.16
fitness-timers,IntervalTimer,fitness interval clock,5,,247,5,1.34
fitness-timers,IntervalTimer,interval training clock,5,,244,25,0.77
fitness-timers,IntervalTimer,tabata round counter,5,,245,156,0.52
fitness-timers,IntervalTimer,haptic alert gym timer,5,,246,208,0.50
fitness-timers,IntervalTimer,workout timer music ducking,5,,243,21,0.81
fitness-timers,IntervalTimer,gym workout timer,5,,247,2,2.29
fitness-timers,IntervalTimer,hiit timer spotify,5,,246,208,0.50
fitness-timers,IntervalTimer,interval timer haptic,5,,243,49,0.66
fitness-timers,IntervalTimer,headphone workout timer,5,,243,136,0.53
fitness-timers,IntervalTimer,boxing timer rounds,5,,235,194,0.50
fitness-timers,IntervalTimer,hiit rounds timer,5,,243,13,0.93
fitness-timers,IntervalTimer,wod timer crossfit,5,,242,150,0.52
fitness-timers,IntervalTimer,stretch interval timer,5,,240,23,0.79
fitness-timers,IntervalTimer,cooldown timer gym,5,,246,154,0.52
fitness-timers,IntervalTimer,flexible interval timer,5,,240,63,0.62
fitness-timers,IntervalTimer,minimalist workout timer,5,,246,183,0.51
fitness-timers,IntervalTimer,training interval timer,5,,243,3,1.74
fitness-timers,IntervalTimer,hiit round timer,5,,242,3,1.74
fitness-timers,IntervalTimer,rounds timer workout,5,,241,38,0.70
fitness-timers,IntervalTimer,interval timer spotify,5,,240,12,0.96
fitness-timers,IntervalTimer,headphones workout timer,5,,244,157,0.52
fitness-timers,IntervalTimer,haptic workout timer,5,,242,30,0.74
fitness-timers,IntervalTimer,vibration interval timer,5,,243,42,0.68
fitness-timers,IntervalTimer,quiet interval timer,5,,240,30,0.74
fitness-timers,IntervalTimer,fullscreen gym timer,5,,246,6,1.24
fitness-timers,IntervalTimer,lightweight interval timer,5,,241,13,0.93
fitness-timers,IntervalTimer,timed workout intervals,5,,246,93,0.57
fitness-timers,IntervalTimer,gym pulse timer,5,,250,82,0.59
fitness-timers,IntervalTimer,timer spotify workout,5,,244,58,0.63
fitness-timers,IntervalTimer,music interval timer,5,,238,43,0.68
fitness-timers,IntervalTimer,preset hiit timer,5,,244,86,0.58
fitness-timers,IntervalTimer,repeat interval timer,5,,250,1,5.00
fitness-timers,IntervalTimer,jump rope interval timer,5,,243,1,5.00
fitness-timers,IntervalTimer,plank interval timer,5,,242,51,0.65
fitness-timers,IntervalTimer,rest between sets timer,5,,246,18,0.84
fitness-timers,IntervalTimer,sets and reps timer,5,,248,20,0.82
fitness-timers,IntervalTimer,workout countdown timer,5,,247,7,1.16
fitness-timers,IntervalTimer,no ads interval timer,5,,243,47,0.66
fitness-timers,IntervalTimer,lightweight workout timer,5,,247,48,0.66
fitness-timers,IntervalTimer,gym timer haptic,5,,245,222,0.49
fitness-timers,IntervalTimer,boxing round timer with music,5,,237,200,0.50
fitness-timers,IntervalTimer,hiit timer background play,5,,242,152,0.52
fitness-timers,IntervalTimer,rest timer for weightlifting,5,,246,27,0.76
fitness-timers,IntervalTimer,music friendly workout timer,5,,243,150,0.52
fitness-timers,IntervalTimer,interval timer background play,5,,241,26,0.76
fitness-timers,IntervalTimer,amrap round timer,5,,248,26,0.76
fitness-timers,IntervalTimer,gym rest timer haptics,5,,247,109,0.56
fitness-timers,IntervalTimer,non interrupting workout timer,5,,247,22,0.80
fitness-timers,IntervalTimer,15 minute workout timer,5,,245,4,1.49
fitness-timers,IntervalTimer,timer for gym headphones,5,,247,6,1.24
fitness-timers,IntervalTimer,silent interval timer,5,,242,38,0.70
fitness-timers,IntervalTimer,vibrating gym timer,5,,246,33,0.72
fitness-timers,IntervalTimer,no pause workout timer,5,,247,51,0.65
fitness-timers,IntervalTimer,gyms timer,5,,242,33,0.72
fitness-timers,IntervalTimer,free interval time,5,,249,4,1.49
fitness-timers,IntervalTimer,interval timer function,5,,240,22,0.80
fitness-timers,IntervalTimer,interval timer meaning,5,,242,8,1.10
fitness-timers,IntervalTimer,interval timer milliseconds,5,,243,46,0.67
fitness-timers,IntervalTimer,interval timer sale,5,,238,3,1.74
fitness-timers,IntervalTimer,interval timer used,5,,242,5,1.34
fitness-timers,IntervalTimer,free interval time app,5,,248,11,0.98
fitness-timers,IntervalTimer,free interval timer android,5,,239,9,1.06
fitness-timers,IntervalTimer,free interval timer app,5,,249,5,1.34
fitness-timers,IntervalTimer,free interval timer apple,5,,243,55,0.64
fitness-timers,IntervalTimer,free interval timer ios,5,,239,11,0.98
fitness-timers,IntervalTimer,free interval timer iphone,5,,244,7,1.16
fitness-timers,IntervalTimer,free interval timer online,5,,242,9,1.06
fitness-timers,IntervalTimer,free interval timer sound,5,,241,16,0.87
fitness-timers,IntervalTimer,free interval timer store,5,,242,9,1.06
fitness-timers,IntervalTimer,interval timer for sale,5,,249,10,1.02
fitness-timers,IntervalTimer,interval timer used app,5,,246,9,1.06
fitness-timers,IntervalTimer,interval timer with milliseconds,5,,243,5,1.34
fitness-timers,IntervalTimer,interval training used for,5,25,247,154,0.52
fitness-timers,IntervalTimer,free interval timer app ios,5,,243,11,0.98
fitness-timers,IntervalTimer,free interval timer app store,5,,245,3,1.74
fitness-timers,IntervalTimer,free interval timer apple watch,5,,250,2,2.29
fitness-timers,IntervalTimer,free interval timer for iphone,5,,250,5,1.34
fitness-timers,IntervalTimer,free interval timer with sound,5,,245,31,0.73
fitness-timers,IntervalTimer,workout intervals,5,50,247,2,2.29
fitness-timers,IntervalTimer,between sets timer,5,,246,152,0.52
fitness-timers,IntervalTimer,strength training timer,5,,247,211,0.49
fitness-timers,IntervalTimer,crossfit rest timer,5,,247,59,0.63
fitness-timers,IntervalTimer,multiple interval timer,5,,237,3,1.74
fitness-timers,IntervalTimer,adjustable interval timer,5,,238,3,1.74
fitness-timers,IntervalTimer,interval countdown timer,5,,240,31,0.73
fitness-timers,IntervalTimer,sound interval timer,5,,243,51,0.65
fitness-timers,IntervalTimer,beep timer workout,5,,245,115,0.55
fitness-timers,IntervalTimer,hands free workout timer,5,,246,207,0.50
fitness-timers,IntervalTimer,free rest timer,5,,249,29,0.74
fitness-timers,IntervalTimer,interval timer gym,5,,240,1,5.00
fitness-timers,IntervalTimer,interval timer yoga,5,,242,54,0.64
fitness-timers,IntervalTimer,interval timer sound,5,,241,26,0.76
fitness-timers,IntervalTimer,interval timer ios,5,,237,6,1.24
fitness-timers,IntervalTimer,workout countdown,5,,250,2,2.29
fitness-timers,IntervalTimer,gym countdown timer,5,,245,141,0.53
fitness-timers,IntervalTimer,interval repetition,5,,242,228,0.49
fitness-timers,IntervalTimer,contraction timer for two,5,46,244,218,0.49
fitness-timers,IntervalTimer,interval timer for workouts!,5,,243,2,2.29
fitness-timers,IntervalTimer,sprint workout,5,,250,4,1.49
fitness-timers,IntervalTimer,minute interval timer,5,,240,1,5.00
fitness-timers,IntervalTimer,gym timer widget,,44,245,28,
fitness-timers,IntervalTimer,circuit timer app,,43,200,6,
fitness-timers,IntervalTimer,60 seconde,,66,214,108,
fitness-timers,IntervalTimer,боксерский таймер,,,46,44,
fitness-timers,IntervalTimer,multi kitchen timer,,48,227,109,
fitness-timers,IntervalTimer,work rest timer,,49,249,4,
fitness-timers,IntervalTimer,chrono-course,,44,30,9,
fitness-timers,IntervalTimer,tv timer,,,207,9,
fitness-timers,IntervalTimer,- [ ] tabata timer,,,236,141,
fitness-timers,IntervalTimer,time%20until,,,228,22,
fitness-timers,IntervalTimer,repeat%20timer,,,248,21,
fitness-timers,IntervalTimer,tabata timerinterval timer,,43,248,27,
fitness-timers,IntervalTimer,best pill timer,,,222,34,
fitness-timers,IntervalTimer,round counter app,,,202,10,
fitness-timers,IntervalTimer,exercise timer app,,,250,4,
fitness-timers,IntervalTimer,gym timer app,,,248,2,
fitness-timers,IntervalTimer,15 minute timer,,,247,1,
fitness-timers,IntervalTimer,10 minute timer,,,245,1,
fitness-timers,IntervalTimer,3 minute timer,,,191,1,
fitness-timers,IntervalTimer,2 minute timer,,,244,130,
fitness-timers,IntervalTimer,kitchen timer app,,,170,66,
fitness-timers,IntervalTimer,boxing timer',,43,227,184,
fitness-timers,IntervalTimer,kettlebell interval timer,,,243,11,
fitness-timers,IntervalTimer,timer for running and gym workouts,,,248,2,
fitness-timers,IntervalTimer,gio for,,,224,4,
fitness-timers,IntervalTimer,hiit timer - training timer,,,242,1,
fitness-timers,IntervalTimer,sprint interval,,,250,1,
fitness-timers,IntervalTimer,sit timer app,,,215,2,
fitness-timers,IntervalTimer,soccer referee timer by wtsb,,,210,31,
fitness-timers,IntervalTimer,tabata workout interval timer,,43,243,12,
fitness-timers,IntervalTimer,timer scanner,,,248,9,
fitness-timers,IntervalTimer,workout timer online,,,248,33,
fitness-timers,IntervalTimer,interval timer app free,,,245,5,
fitness-timers,IntervalTimer,gym round timer,,48,243,64,
fitness-timers,IntervalTimer,body timer,,,245,199,
fitness-timers,IntervalTimer,wod toolkit,,,249,229,
fitness-timers,TabataTimer,공부 타이머,51,45,248,242,4.93
fitness-timers,TabataTimer,tabata timer,47,61,250,6,11.61
fitness-timers,TabataTimer,seconds interval timer,43,76,250,184,4.36
fitness-timers,TabataTimer,스톱워치,37,48,250,132,3.98
fitness-timers,TabataTimer,運動記録,35,88,243,224,3.43
fitness-timers,TabataTimer,workout anytime,34,83,248,175,3.47
fitness-timers,TabataTimer,時計秒針,31,86,250,58,3.92
fitness-timers,TabataTimer,トレーニングタイマー,30,88,246,54,3.85
fitness-timers,TabataTimer,tabata timer interval timer,28,46,247,11,5.51
fitness-timers,TabataTimer,카운트다운,26,44,248,232,2.53
fitness-timers,TabataTimer,смарт часы,18,64,250,218,1.77
fitness-timers,TabataTimer,복싱 타이머,17,47,250,7,3.94
fitness-timers,TabataTimer,приложение для часов,15,49,187,122,1.64
fitness-timers,TabataTimer,free tabata timer,12,45,250,74,1.44
fitness-timers,TabataTimer,minuterie,10,43,247,23,1.58
fitness-timers,TabataTimer,workout timer,9,54,247,84,1.05
fitness-timers,TabataTimer,smartwod timer,9,51,250,99,1.02
fitness-timers,TabataTimer,intervall,6,58,247,18,1.01
fitness-timers,TabataTimer,cardio exercises,5,43,246,231,0.49
fitness-timers,TabataTimer,运 动 健 康,5,31,247,189,0.50
fitness-timers,TabataTimer,tabata,5,63,249,8,1.10
fitness-timers,TabataTimer,tabata workout,5,50,248,30,0.74
fitness-timers,TabataTimer,horloge mondiale,5,45,239,199,0.50
fitness-timers,TabataTimer,tabata app,5,43,221,6,1.24
fitness-timers,TabataTimer,tabata timer hiit,5,,239,21,0.81
fitness-timers,TabataTimer,workout interval timer,5,52,246,201,0.50
fitness-timers,TabataTimer,intervalltimer,5,50,244,73,0.60
fitness-timers,TabataTimer,tabata stopwatch,5,51,240,61,0.63
fitness-timers,TabataTimer,tabata clock,5,,250,6,1.24
fitness-timers,TabataTimer,tabata hiit,5,,248,147,0.53
fitness-timers,TabataTimer,tabata workout timer,5,33,248,19,0.83
fitness-timers,TabataTimer,trainings timer,5,44,240,119,0.55
fitness-timers,TabataTimer,tabat timer,5,46,249,6,1.24
fitness-timers,TabataTimer,табата таймер,5,40,248,4,1.49
fitness-timers,TabataTimer,crossfit timer with music,5,,242,19,0.83
fitness-timers,TabataTimer,hiit timer with music,5,,242,23,0.79
fitness-timers,TabataTimer,workout music app,5,,227,85,0.58
fitness-timers,TabataTimer,секундомер,5,,250,217,0.49
fitness-timers,TabataTimer,tabata timer pro,5,56,245,17,0.86
fitness-timers,TabataTimer,tabata timer with music,5,,250,14,0.91
fitness-timers,TabataTimer,tabata timer app,5,49,249,8,1.10
fitness-timers,TabataTimer,workout timer pro,5,,241,95,0.57
fitness-timers,TabataTimer,intervalometer,5,53,224,146,0.53
fitness-timers,TabataTimer,tabata timer spotify,5,,240,4,1.49
fitness-timers,TabataTimer,hiit & tabata,5,54,239,152,0.52
fitness-timers,TabataTimer,intervalle bestimmen,5,45,243,38,0.70
fitness-timers,TabataTimer,定时器,5,42,245,153,0.52
fitness-timers,TabataTimer,anytime workouts,5,57,246,128,0.54
fitness-timers,TabataTimer,thyme,5,,30,16,0.87
fitness-timers,TabataTimer,trainingstimer,5,86,247,89,0.58
fitness-timers,TabataTimer,voice tabata timer,5,42,244,9,1.06
fitness-timers,TabataTimer,runden timer,5,47,244,44,0.67
fitness-timers,TabataTimer,tabata timer and hiit timer,5,48,249,10,1.02
fitness-timers,TabataTimer,work out anytime,5,80,247,163,0.52
fitness-timers,TabataTimer,smart wod timer,5,44,250,61,0.63
fitness-timers,TabataTimer,фитнес таймер,5,47,249,12,0.96
fitness-timers,TabataTimer,боксёрский таймер,5,36,43,37,0.70
fitness-timers,TabataTimer,fitnesstimer,5,46,243,19,0.83
fitness-timers,TabataTimer,minuterie tabata,5,36,60,1,5.00
fitness-timers,TabataTimer,minuterie d'entraînement,5,42,247,30,0.74
fitness-timers,TabataTimer,minuterie hiit,5,40,248,245,0.48
fitness-timers,TabataTimer,фитнес-таймер,5,44,248,16,0.87
fitness-timers,TabataTimer,таймер тренировок,5,44,249,14,0.91
fitness-timers,TabataTimer,таймер для тренировки,5,44,247,60,0.63
fitness-timers,TabataTimer,smart timer,5,50,186,13,0.93
fitness-timers,TabataTimer,تمارين حرق الدهون,5,57,249,136,0.53
fitness-timers,TabataTimer,time),5,47,247,141,0.53
fitness-timers,TabataTimer,timer reloj,5,46,243,173,0.51
fitness-timers,TabataTimer,掲示,5,54,244,189,0.50
fitness-timers,TabataTimer,interval tracking,5,40,246,104,0.56
fitness-timers,TabataTimer,ftiness timer,5,40,239,142,0.53
fitness-timers,TabataTimer,thực đơn giảm cân,5,41,241,176,0.51
fitness-timers,TabataTimer,运动 健康,5,54,243,231,0.49
fitness-timers,TabataTimer,Workout timr,5,48,247,86,0.58
fitness-timers,TabataTimer,hiit counter,5,45,243,59,0.63
fitness-timers,TabataTimer,đồng hồ báo thức,5,81,248,86,0.58
fitness-timers,TabataTimer,运动 训练,5,40,248,225,0.49
fitness-timers,TabataTimer,1 minute timer,5,49,205,99,0.57
fitness-timers,TabataTimer,hip hop workout music,5,52,215,64,0.62
fitness-timers,TabataTimer,workout timee,5,48,247,208,0.50
fitness-timers,TabataTimer,exercise workout timer,5,51,247,54,0.64
fitness-timers,TabataTimer,workoutexercise timer,5,68,248,102,0.56
fitness-timers,TabataTimer,member portal,5,57,250,13,0.93
fitness-timers,TabataTimer,ứng dụng tập thể dục,5,88,249,93,0.57
fitness-timers,TabataTimer,运动计时,5,47,243,54,0.64
fitness-timers,TabataTimer,holiday timer,5,68,244,149,0.53
fitness-timers,TabataTimer,bam bam,5,70,247,176,0.51
fitness-timers,TabataTimer,động,5,55,227,32,0.73
fitness-timers,TabataTimer,HIIT • Workouts Interval Timer,5,59,244,89,0.58
fitness-timers,TabataTimer,workout timerr,5,47,247,124,0.54
fitness-timers,TabataTimer,Music-Driven Workout,5,12,240,210,0.50
fitness-timers,TabataTimer,hiit Tabata timer,5,48,241,16,0.87
fitness-timers,TabataTimer,Workout Timmer,5,47,248,88,0.58
fitness-timers,TabataTimer,极限运动,5,46,238,201,0.50
fitness-timers,TabataTimer,ho ho,5,70,243,55,0.64
fitness-timers,TabataTimer,hó,5,69,241,58,0.63
fitness-timers,TabataTimer,dông,5,55,232,37,0.70
fitness-timers,TabataTimer,时时,5,89,250,128,0.54
fitness-timers,TabataTimer,BOXING INTERVAL TIEMR,5,40,244,229,0.49
fitness-timers,TabataTimer,hiit workouts&timer,5,46,249,162,0.52
fitness-timers,TabataTimer,hiit`workouts&timer,5,47,246,111,0.55
fitness-timers,TabataTimer,heavy bag timer,5,46,244,131,0.54
fitness-timers,TabataTimer,boxing workout timer,5,45,244,207,0.50
fitness-timers,TabataTimer,workout timer free cronometro wodproof smart wod run workout circuit timer sprint timer workouts+,5,46,244,228,0.49
fitness-timers,TabataTimer,crossfit interval timer,5,45,241,213,0.49
fitness-timers,TabataTimer,ipad timer,5,42,243,231,0.49
fitness-timers,TabataTimer,werk timer,5,50,249,206,0.50
fitness-timers,TabataTimer,simple work,5,70,239,82,0.59
fitness-timers,TabataTimer,diet timer,5,46,248,245,0.48
fitness-timers,TabataTimer,programmable workout timer,5,47,246,128,0.54
fitness-timers,TabataTimer,imer,5,57,212,159,0.52
fitness-timers,TabataTimer,working interval,5,66,247,207,0.50
fitness-timers,TabataTimer,Tabata Training Timer,5,42,241,200,0.50
fitness-timers,TabataTimer,fitness tabata,5,40,233,24,0.78
fitness-timers,TabataTimer,Tabata exercise,5,45,237,16,0.87
fitness-timers,TabataTimer,Excercise timer,5,48,248,243,0.48
fitness-timers,TabataTimer,Tabatha,5,42,250,15,0.89
fitness-timers,TabataTimer,스톱워치 타이머,5,40,242,24,0.78
fitness-timers,TabataTimer,HIITtimer,5,,240,174,0.51
fitness-timers,TabataTimer,gaming timer,5,40,201,187,0.51
fitness-timers,TabataTimer,Tabata Time,5,58,247,80,0.59
fitness-timers,TabataTimer,workout timer hiit,5,49,246,111,0.55
fitness-timers,TabataTimer,workouts counter,5,81,227,68,0.61
fitness-timers,TabataTimer,30-30,5,46,244,182,0.51
fitness-timers,TabataTimer,meal fitness timer,5,40,245,120,0.55
fitness-timers,TabataTimer,interval imer,5,48,246,171,0.51
fitness-timers,TabataTimer,timed set,5,61,247,172,0.51
fitness-timers,TabataTimer,boxng workou.,5,42,242,157,0.52
fitness-timers,TabataTimer,boxng workou,5,42,243,159,0.52
fitness-timers,TabataTimer,minuteur crossfit,5,,31,19,0.83
fitness-timers,TabataTimer,تمارين تاباتا,5,54,246,6,1.24
fitness-timers,TabataTimer,hiit • workouts & timer,5,51,247,99,0.57
fitness-timers,TabataTimer,tabata coach,5,42,244,13,0.93
fitness-timers,TabataTimer,tabata intervals,5,46,241,66,0.62
fitness-timers,TabataTimer,𝐢𝐧𝐭𝐞𝐫𝐯𝐚𝐥 𝐭𝐢𝐦𝐞𝐫,5,,245,211,0.49
fitness-timers,TabataTimer,𝐭𝐢𝐦𝐞𝐫,5,47,250,122,0.55
fitness-timers,TabataTimer,intervall intervalle fasting fast interv,5,47,249,181,0.51
fitness-timers,TabataTimer,hiit timer for workouts,5,46,244,62,0.62
fitness-timers,TabataTimer,hiit timer for workout,5,42,245,80,0.59
fitness-timers,TabataTimer,float tech  llc,5,,140,3,1.74
fitness-timers,TabataTimer,fasfit,5,,246,23,0.79
fitness-timers,TabataTimer,brewing timer,5,44,243,195,0.50
fitness-timers,TabataTimer,deep breath alarm,5,,240,37,0.70
fitness-timers,TabataTimer,workout anytmie,5,46,244,227,0.49
fitness-timers,TabataTimer,Interval%20Timer%3A,5,42,247,149,0.53
fitness-timers,TabataTimer,hiit%20timer%20free,5,46,246,125,0.54
fitness-timers,TabataTimer,simple%20interval%20timer,5,44,246,56,0.64
fitness-timers,TabataTimer,free%20tabata%20timer,5,97,250,12,0.96
fitness-timers,TabataTimer,interval%20timer,5,48,248,74,0.60
fitness-timers,TabataTimer,love%20count,5,30,203,59,0.63
fitness-timers,TabataTimer,workout%20interval%20timer,5,69,247,185,0.51
fitness-timers,TabataTimer,timer for workouts - wid,5,,247,211,0.49
fitness-timers,TabataTimer,workout%20timer%20free,5,,250,114,0.55
fitness-timers,TabataTimer,workout%20timer%20custom%20intervals,5,,245,212,0.49
fitness-timers,TabataTimer,interval%20timer%20free,5,43,250,111,0.55
fitness-timers,TabataTimer,interval timer: tabata & hiit,5,50,240,74,0.60
fitness-timers,TabataTimer,fitbit interval,5,,246,212,0.49
fitness-timers,TabataTimer,health anytime,5,44,228,142,0.53
fitness-timers,TabataTimer,blinkfitt,5,,157,47,0.66
fitness-timers,TabataTimer,interval timer: tabata workout,5,,243,27,0.76
fitness-timers,TabataTimer,simple time,5,,234,85,0.58
fitness-timers,TabataTimer,interval tabata timer,5,63,240,34,0.71
fitness-timers,TabataTimer,workout timer – tabata & interval,5,,244,30,0.74
fitness-timers,TabataTimer,guided stretch timer,5,,232,107,0.56
fitness-timers,TabataTimer,fload,5,59,250,212,0.49
fitness-timers,TabataTimer,intermittent breathing timer,5,,238,85,0.58
fitness-timers,TabataTimer,tabata timer 2025,5,,213,13,0.93
fitness-timers,TabataTimer,interval timer - tabata timer,5,,249,20,0.82
fitness-timers,TabataTimer,interval timer □ hiit timer,5,,244,19,0.83
fitness-timers,TabataTimer,tech lifestyle,5,,248,155,0.52
fitness-timers,TabataTimer,hiit timer timer,5,,244,226,0.49
fitness-timers,TabataTimer,tabata timer - timeme,5,,246,38,0.70
fitness-timers,TabataTimer,autolyse timer,5,,221,160,0.52
fitness-timers,TabataTimer,tabata ti̇mer,5,,237,4,1.49
fitness-timers,TabataTimer,tabata tiemr,5,,250,7,1.16
fitness-timers,TabataTimer,hiit timer for teams,5,,244,161,0.52
fitness-timers,TabataTimer,hiit timer live activities,5,,244,119,0.55
fitness-timers,TabataTimer,hiit timer simple,5,,244,110,0.56
fitness-timers,TabataTimer,tabata timer for students,5,,245,13,0.93
fitness-timers,TabataTimer,workout timer lock screen widget,5,,250,181,0.51
fitness-timers,TabataTimer,interval timer: hiit & tabata,5,48,244,82,0.59
fitness-timers,TabataTimer,学习计时器,5,47,247,122,0.55
fitness-timers,TabataTimer,tabata timer: interval timer,5,,249,29,0.74
fitness-timers,TabataTimer,airpods workout,5,87,249,163,0.52
fitness-timers,TabataTimer,home workout timer,5,,246,143,0.53
fitness-timers,TabataTimer,breath pacing timer,5,,235,30,0.74
fitness-timers,TabataTimer,tabata timee,5,,250,7,1.16
fitness-timers,TabataTimer,auto rest countdown,5,,226,86,0.58
fitness-timers,TabataTimer,workout whoop fitness oura ecg watch,5,58,248,62,0.62
fitness-timers,TabataTimer,tabatavtimer,5,,246,5,1.34
fitness-timers,TabataTimer,simple interval time,5,,208,16,0.87
fitness-timers,TabataTimer,sedentary lifestyle break timer,5,,218,82,0.59
fitness-timers,TabataTimer,voxing timer,5,,248,125,0.54
fitness-timers,TabataTimer,push timer,5,,245,181,0.51
fitness-timers,TabataTimer,crossfit timer.,5,,246,183,0.51
fitness-timers,TabataTimer,hiit timer for beginners,5,,247,210,0.50
fitness-timers,TabataTimer,tabata timer free no ads,5,,198,9,1.06
fitness-timers,TabataTimer,45 15 hiit timer,5,,248,127,0.54
fitness-timers,TabataTimer,timer for hiit,5,,242,222,0.49
fitness-timers,TabataTimer,workout timer timer,5,,247,94,0.57
fitness-timers,TabataTimer,tabata timer 2026,5,64,243,15,0.89
fitness-timers,TabataTimer,tabata practice,5,,250,102,0.56
fitness-timers,TabataTimer,tabata gym,5,,238,88,0.58
fitness-timers,TabataTimer,workout tabata,5,,232,29,0.74
fitness-timers,TabataTimer,interval timer – workout timer,5,,245,55,0.64
fitness-timers,TabataTimer,hiit timer & interval timer,5,,243,217,0.49
fitness-timers,TabataTimer,hiit timer for home workout,5,,244,120,0.55
fitness-timers,TabataTimer,tabata interval,5,49,239,73,0.60
fitness-timers,TabataTimer,adaptive workout music,5,,210,38,0.70
fitness-timers,TabataTimer,music for workout timer,5,,239,29,0.74
fitness-timers,TabataTimer,tabata tabata,5,,237,9,1.06
fitness-timers,TabataTimer,temporizador treino,5,,250,40,0.69
fitness-timers,TabataTimer,timer de treino,5,,246,145,0.53
fitness-timers,TabataTimer,tabata counter,5,,213,7,1.16
fitness-timers,TabataTimer,tacchycardia exercise,5,,238,25,0.77
fitness-timers,TabataTimer,tachycardia exercise,5,,238,51,0.65
fitness-timers,TabataTimer,smoker timer,5,,185,157,0.52
fitness-timers,TabataTimer,ứng dụng sổ thu chi đơn giản dễ dùng,5,77,231,14,0.91
fitness-timers,TabataTimer,exercise hiit interval timer,5,,241,109,0.56
fitness-timers,TabataTimer,interval timer: hiit workouts,5,,245,114,0.55
fitness-timers,TabataTimer,snack workouts: pyup,5,,219,70,0.61
fitness-timers,TabataTimer,standup workouts timer,5,,245,158,0.52
fitness-timers,TabataTimer,tabata timer: interval timer x,5,,243,32,0.73
fitness-timers,TabataTimer,exercise voice,5,,222,91,0.58
fitness-timers,TabataTimer,boxing cardio timer,5,40,240,221,0.49
fitness-timers,TabataTimer,abs timer,5,,244,47,0.66
fitness-timers,TabataTimer,cardio counter,5,,214,39,0.69
fitness-timers,TabataTimer,free 24 7 workout anytime,5,,246,145,0.53
fitness-timers,TabataTimer,hockey timer,5,,248,137,0.53
fitness-timers,TabataTimer,calculator barbell calculator no ads tut,5,,220,97,0.57
fitness-timers,TabataTimer,mod review easy calculator focused plate,5,,222,94,0.57
fitness-timers,TabataTimer,tabata timer interval,5,46,244,14,0.91
fitness-timers,TabataTimer,tiim,5,,240,84,0.59
fitness-timers,TabataTimer,audio stretch best,5,,212,113,0.55
fitness-timers,TabataTimer,tabata workout exercises,5,,236,21,0.81
fitness-timers,TabataTimer,interval timer hiit & tabata,5,46,242,77,0.60
fitness-timers,TabataTimer,tabata timer,5,,236,5,1.34
fitness-timers,TabataTimer,interval clock & daily relief,5,,246,130,0.54
fitness-timers,TabataTimer,hiit timer workouts,5,,246,99,0.57
fitness-timers,TabataTimer,tabata timer music,5,,247,4,1.49
fitness-timers,TabataTimer,interval timer background music,5,,236,137,0.53
fitness-timers,TabataTimer,tabata with music,5,,241,6,1.24
fitness-timers,TabataTimer,hiit crossfit timer,5,,247,231,0.49
fitness-timers,TabataTimer,silent workout timer,5,,246,167,0.52
fitness-timers,TabataTimer,workout timer background music,5,,239,56,0.64
fitness-timers,TabataTimer,tabata timer background music,5,,243,3,1.74
fitness-timers,TabataTimer,cardio interval timer,5,,245,145,0.53
fitness-timers,TabataTimer,workout timer music,5,,231,38,0.70
fitness-timers,TabataTimer,hiit timer music,5,,238,48,0.66
fitness-timers,TabataTimer,gym timer music,5,,242,112,0.55
fitness-timers,TabataTimer,workout timer spotify,5,,244,49,0.66
fitness-timers,TabataTimer,vibration workout timer,5,,243,160,0.52
fitness-timers,TabataTimer,lap timer workout,5,,246,167,0.52
fitness-timers,TabataTimer,spotify workout timer,5,,243,35,0.71
fitness-timers,TabataTimer,music ducking timer,5,,241,54,0.64
fitness-timers,TabataTimer,lightweight tabata timer,5,,243,22,0.80
fitness-timers,TabataTimer,music friendly gym timer,5,,244,136,0.53
fitness-timers,TabataTimer,boxing interval clock,5,,245,195,0.50
fitness-timers,TabataTimer,clean workout timer,5,,242,181,0.51
fitness-timers,TabataTimer,audio ducking workout timer,5,,241,27,0.76
fitness-timers,TabataTimer,workout timer music background,5,,240,51,0.65
fitness-timers,TabataTimer,hiit clock with haptics,5,,249,147,0.53
fitness-timers,TabataTimer,music compatible gym timer,5,,245,82,0.59
fitness-timers,TabataTimer,workout timer background audio,5,,240,25,0.77
fitness-timers,TabataTimer,silent tabata timer,5,,243,20,0.82
fitness-timers,TabataTimer,workout timer music ducking,5,,243,32,0.73
fitness-timers,TabataTimer,hiit timer spotify,5,,246,33,0.72
fitness-timers,TabataTimer,headphone workout timer,5,,243,48,0.66
fitness-timers,TabataTimer,interval timer spotify,5,,240,175,0.51
fitness-timers,TabataTimer,headphones workout timer,5,,244,85,0.58
fitness-timers,TabataTimer,haptic workout timer,5,,242,213,0.49
fitness-timers,TabataTimer,lightweight interval timer,5,,241,193,0.50
fitness-timers,TabataTimer,timer spotify workout,5,,244,39,0.69
fitness-timers,TabataTimer,music interval timer,5,,238,138,0.53
fitness-timers,TabataTimer,sound cue workout timer,5,,246,61,0.63
fitness-timers,TabataTimer,20 10 tabata timer,5,,247,13,0.93
fitness-timers,TabataTimer,boxing round timer with music,5,,237,168,0.51
fitness-timers,TabataTimer,hiit timer background play,5,,242,67,0.61
fitness-timers,TabataTimer,music friendly workout timer,5,,243,31,0.73
fitness-timers,TabataTimer,interval timer meaning,5,,242,57,0.63
fitness-timers,TabataTimer,interval timer sale,5,,238,116,0.55
fitness-timers,TabataTimer,interval timer used,5,,242,242,0.48
fitness-timers,TabataTimer,free interval timer android,5,,239,202,0.50
fitness-timers,TabataTimer,free interval timer ios,5,,239,65,0.62
fitness-timers,TabataTimer,free interval timer store,5,,242,60,0.63
fitness-timers,TabataTimer,interval timer used app,5,,246,87,0.58
fitness-timers,TabataTimer,free interval timer app ios,5,,243,83,0.59
fitness-timers,TabataTimer,free interval timer app store,5,,245,110,0.56
fitness-timers,TabataTimer,beep timer workout,5,,245,168,0.51
fitness-timers,TabataTimer,stretch timer workout,5,,244,216,0.49
fitness-timers,TabataTimer,interval timer for workouts!,5,,243,119,0.55
fitness-timers,TabataTimer,tabata timer for hiit,,,247,21,
fitness-timers,TabataTimer,боксерский таймер,,,46,37,
fitness-timers,TabataTimer,free tabata,,43,250,5,
fitness-timers,TabataTimer,운동기록,,61,248,171,
fitness-timers,TabataTimer,- [ ] tabata timer,,,236,5,
fitness-timers,TabataTimer,tabata timerinterval timer,,43,248,19,
fitness-timers,TabataTimer,טיק,,,249,242,
fitness-timers,TabataTimer,3 minute timer,,,191,38,
fitness-timers,TabataTimer,2 minute timer,,,244,185,
fitness-timers,TabataTimer,boxing timer',,43,227,203,
fitness-timers,TabataTimer,tabata workout interval timer,,43,243,32,
fitness-timers,TabataTimer,easy tabata,,43,235,14,
fitness-timers,TabataTimer,workout timer online,,,248,138,
fitness-timers,TabataTimer,interval timer app free,,,245,188,
fitness-timers,TabataTimer,body timer,,,245,115,
fitness-timers,TabataTimer,tab keeper,,87,237,125,
fitness-timers,TabataTimer,iphone tab,,40,238,108,
fitness-timers,TabataTimer,iphone tabs,,91,235,107,
fitness-timers,TabataTimer,timing trainer music,,,241,238,
fitness-timers,SecondsPro,Interval Timer:,56,53,225,134,6.00
fitness-timers,SecondsPro,interval  timer,56,50,248,132,6.02
fitness-timers,SecondsPro,interval timer,55,66,246,124,5.98
fitness-timers,SecondsPro,時計アプリ,49,46,246,102,5.53
fitness-timers,SecondsPro,tabata timer,47,61,250,240,4.55
fitness-timers,SecondsPro,seconds interval timer,43,76,250,3,14.99
fitness-timers,SecondsPro,トレーニングタイマー,30,88,246,67,3.68
fitness-timers,SecondsPro,seconds pro interval timer,13,,248,1,13.00
fitness-timers,SecondsPro,30 seconds,9,85,244,127,0.97
fitness-timers,SecondsPro,seconde,9,42,227,204,0.90
fitness-timers,SecondsPro,seconds pro,7,77,243,1,7.00
fitness-timers,SecondsPro,тренировки,6,58,246,185,0.61
fitness-timers,SecondsPro,健 身,5,25,241,231,0.49
fitness-timers,SecondsPro,tabata app,5,43,221,18,0.84
fitness-timers,SecondsPro,tabata pro hiit interval timer,5,,250,122,0.55
fitness-timers,SecondsPro,hiit interval training,5,,249,224,0.49
fitness-timers,SecondsPro,tabata timer hiit,5,,239,129,0.54
fitness-timers,SecondsPro,workout interval timer,5,52,246,102,0.56
fitness-timers,SecondsPro,hitt timer,5,48,249,247,0.48
fitness-timers,SecondsPro,timer for ipad,5,45,242,179,0.51
fitness-timers,SecondsPro,seconds timer,5,68,246,4,1.49
fitness-timers,SecondsPro,interval timer pro,5,66,248,23,0.79
fitness-timers,SecondsPro,interval timer apple watch,5,46,249,201,0.50
fitness-timers,SecondsPro,intervalltimer,5,50,244,59,0.63
fitness-timers,SecondsPro,trainings timer,5,44,240,48,0.66
fitness-timers,SecondsPro,tabat timer,5,46,249,196,0.50
fitness-timers,SecondsPro,табата таймер,5,40,248,236,0.49
fitness-timers,SecondsPro,crossfit timer with music,5,,242,142,0.53
fitness-timers,SecondsPro,hiit timer with music,5,,242,45,0.67
fitness-timers,SecondsPro,tabata timer pro,5,56,245,125,0.54
fitness-timers,SecondsPro,intervals timer,5,47,248,71,0.61
fitness-timers,SecondsPro,таймер для тренировок,5,46,250,152,0.52
fitness-timers,SecondsPro,workout timer pro,5,,241,11,0.98
fitness-timers,SecondsPro,interval timer app,5,50,246,149,0.53
fitness-timers,SecondsPro,intervalometer,5,53,224,16,0.87
fitness-timers,SecondsPro,interval timer workout,5,58,250,236,0.49
fitness-timers,SecondsPro,physical therapy timer,5,,248,139,0.53
fitness-timers,SecondsPro,tabata timer spotify,5,,240,15,0.89
fitness-timers,SecondsPro,pari pro,5,83,248,8,1.10
fitness-timers,SecondsPro,hiit & tabata,5,54,239,231,0.49
fitness-timers,SecondsPro,meditation interval timer,5,,222,17,0.86
fitness-timers,SecondsPro,train timer,5,,231,12,0.96
fitness-timers,SecondsPro,intervalle bestimmen,5,45,243,54,0.64
fitness-timers,SecondsPro,定时器,5,42,245,26,0.76
fitness-timers,SecondsPro,thyme,5,,30,12,0.96
fitness-timers,SecondsPro,trainingstimer,5,86,247,30,0.74
fitness-timers,SecondsPro,speaking hiit timer,5,43,242,72,0.60
fitness-timers,SecondsPro,循环,5,52,239,111,0.55
fitness-timers,SecondsPro,tabata timer and hiit timer,5,48,249,204,0.50
fitness-timers,SecondsPro,interval timer music,5,,241,154,0.52
fitness-timers,SecondsPro,seconda,5,69,245,2,2.29
fitness-timers,SecondsPro,15 seconds,5,90,234,106,0.56
fitness-timers,SecondsPro,warmup timer,5,2,245,52,0.65
fitness-timers,SecondsPro,фитнес таймер,5,47,249,129,0.54
fitness-timers,SecondsPro,timer for training,5,56,241,58,0.63
fitness-timers,SecondsPro,timer and tracker,5,40,247,192,0.50
fitness-timers,SecondsPro,fitnesstimer,5,46,243,14,0.91
fitness-timers,SecondsPro,timer voor trainingen,5,44,245,24,0.78
fitness-timers,SecondsPro,trainingen timer,5,44,241,13,0.93
fitness-timers,SecondsPro,timer voor training,5,86,241,24,0.78
fitness-timers,SecondsPro,intervaltraining timer,5,46,242,10,1.02
fitness-timers,SecondsPro,timer en tracker,5,87,246,172,0.51
fitness-timers,SecondsPro,intervalltrainingstimer,5,42,242,12,0.96
fitness-timers,SecondsPro,intervall-training,5,47,249,247,0.48
fitness-timers,SecondsPro,фитнес-таймер,5,44,248,69,0.61
fitness-timers,SecondsPro,таймер тренировок,5,44,249,100,0.57
fitness-timers,SecondsPro,smart timer,5,50,186,33,0.72
fitness-timers,SecondsPro,تمارين حرق الدهون,5,57,249,215,0.49
fitness-timers,SecondsPro,time),5,47,247,229,0.49
fitness-timers,SecondsPro,exercise interval timer,5,53,249,92,0.58
fitness-timers,SecondsPro,interval runs,5,43,237,225,0.49
fitness-timers,SecondsPro,interval runner,5,56,246,189,0.50
fitness-timers,SecondsPro,running interval tracker,5,42,243,158,0.52
fitness-timers,SecondsPro,interval run tracker,5,62,245,222,0.49
fitness-timers,SecondsPro,interval exercise timer,5,54,247,231,0.49
fitness-timers,SecondsPro,fitness training pro,5,45,245,236,0.49
fitness-timers,SecondsPro,interval tracking,5,40,246,22,0.80
fitness-timers,SecondsPro,"emom timer",5,40,245,52,0.65
fitness-timers,SecondsPro,ftiness timer,5,40,239,51,0.65
fitness-timers,SecondsPro,ipad mac second screen app,5,88,243,225,0.49
fitness-timers,SecondsPro,iphone mac second screen,5,87,246,217,0.49
fitness-timers,SecondsPro,hiit counter,5,45,243,46,0.67
fitness-timers,SecondsPro,Timer Interlligent,5,66,248,220,0.49
fitness-timers,SecondsPro,健康 训练,5,49,249,165,0.52
fitness-timers,SecondsPro,1 minute timer,5,49,205,20,0.82
fitness-timers,SecondsPro,defiant app timer,5,40,247,71,0.61
fitness-timers,SecondsPro,training hiit,5,40,235,176,0.51
fitness-timers,SecondsPro,exercise workout timer,5,51,247,33,0.72
fitness-timers,SecondsPro,workoutexercise timer,5,68,248,12,0.96
fitness-timers,SecondsPro,circuit interval timer,5,64,200,3,1.74
fitness-timers,SecondsPro,exercise timer and calorie burn,5,65,244,12,0.96
fitness-timers,SecondsPro,Sprinting Interval Timer,5,44,241,99,0.57
fitness-timers,SecondsPro,holiday timer,5,68,244,158,0.52
fitness-timers,SecondsPro,work health,5,60,237,137,0.53
fitness-timers,SecondsPro,workout interval,5,52,247,175,0.51
fitness-timers,SecondsPro,hiitt timer,5,49,248,41,0.68
fitness-timers,SecondsPro,custom hiit timer,5,42,244,32,0.73
fitness-timers,SecondsPro,circuit watch,5,84,243,13,0.93
fitness-timers,SecondsPro,exercise pro,5,52,235,29,0.74
fitness-timers,SecondsPro,hiit high intensity intervals,5,40,237,236,0.49
fitness-timers,SecondsPro,كورسات الأمومة والطفولة,5,74,251,68,0.61
fitness-timers,SecondsPro,fast heart rate,5,62,204,53,0.64
fitness-timers,SecondsPro,HIIT • Workouts Interval Timer,5,59,244,24,0.78
fitness-timers,SecondsPro,hiit Tabata timer,5,48,241,88,0.58
fitness-timers,SecondsPro,voice interval timer,5,28,244,183,0.51
fitness-timers,SecondsPro,iphone heart rate,5,,217,111,0.55
fitness-timers,SecondsPro,fitness interval timer,5,49,250,165,0.52
fitness-timers,SecondsPro,gym interval timer,5,49,249,231,0.49
fitness-timers,SecondsPro,wod interval timer,5,48,244,188,0.50
fitness-timers,SecondsPro,running interval timer tracker,5,49,249,217,0.49
fitness-timers,SecondsPro,running interval time tracker,5,43,246,98,0.57
fitness-timers,SecondsPro,hiit workouts&timer,5,46,249,47,0.66
fitness-timers,SecondsPro,hiit`workouts&timer,5,47,246,31,0.73
fitness-timers,SecondsPro,zone 2 heart rate training,5,45,241,197,0.50
fitness-timers,SecondsPro,Stretching exercises timer,5,38,247,64,0.62
fitness-timers,SecondsPro,nterval timer,5,64,247,140,0.53
fitness-timers,SecondsPro,treadmill interval,5,45,235,191,0.50
fitness-timers,SecondsPro,emom exercises,5,51,43,8,1.10
fitness-timers,SecondsPro,INTERVAL REMINDF,5,40,245,108,0.56
fitness-timers,SecondsPro,treadmill interval runs,5,43,240,140,0.53
fitness-timers,SecondsPro,intervaltimer.app,5,40,240,108,0.56
fitness-timers,SecondsPro,30seconds,5,40,239,98,0.57
fitness-timers,SecondsPro,Interval Multi Timer,5,32,242,177,0.51
fitness-timers,SecondsPro,personal timer,5,64,242,136,0.53
fitness-timers,SecondsPro,workout timer free cronometro wodproof smart wod run workout circuit timer sprint timer workouts+,5,46,244,27,0.76
fitness-timers,SecondsPro,hiit timercountdown,5,40,246,50,0.65
fitness-timers,SecondsPro,crossfit interval timer,5,45,241,32,0.73
fitness-timers,SecondsPro,tabata interval timer,5,45,250,144,0.53
fitness-timers,SecondsPro,visionpro,5,59,248,222,0.49
fitness-timers,SecondsPro,ipad timer,5,42,243,199,0.50
fitness-timers,SecondsPro,hiit gym,5,47,239,213,0.49
fitness-timers,SecondsPro,hiit trainer,5,48,237,172,0.51
fitness-timers,SecondsPro,emom timers,5,52,250,214,0.49
fitness-timers,SecondsPro,diet timer,5,46,248,134,0.54
fitness-timers,SecondsPro,customizable workout timer,5,46,247,57,0.63
fitness-timers,SecondsPro,programmable workout timer,5,47,246,32,0.73
fitness-timers,SecondsPro,imer,5,57,212,54,0.64
fitness-timers,SecondsPro,working interval,5,66,247,10,1.02
fitness-timers,SecondsPro,Tabata Training Timer,5,42,241,24,0.78
fitness-timers,SecondsPro,fitness tabata,5,40,233,165,0.52
fitness-timers,SecondsPro,exercise circuit,5,75,242,6,1.24
fitness-timers,SecondsPro,Tabata exercise,5,45,237,99,0.57
fitness-timers,SecondsPro,heart rate intervals,5,68,206,55,0.64
fitness-timers,SecondsPro,iterval timer,5,46,249,82,0.59
fitness-timers,SecondsPro,HIITtimer,5,,240,147,0.53
fitness-timers,SecondsPro,watch rest timer,5,61,212,2,2.29
fitness-timers,SecondsPro,gaming timer,5,40,201,9,1.06
fitness-timers,SecondsPro,works timer,5,51,245,74,0.60
fitness-timers,SecondsPro,send heartrate,5,43,229,198,0.50
fitness-timers,SecondsPro,workout timer hiit,5,49,246,52,0.65
fitness-timers,SecondsPro,30-30,5,46,244,147,0.53
fitness-timers,SecondsPro,meal fitness timer,5,40,245,58,0.63
fitness-timers,SecondsPro,running distance timer,5,42,246,198,0.50
fitness-timers,SecondsPro,interval imer,5,48,246,72,0.60
fitness-timers,SecondsPro,calisthenics timer,5,29,249,220,0.49
fitness-timers,SecondsPro,circuit timer pro,5,67,235,4,1.49
fitness-timers,SecondsPro,seconds watch,5,72,249,3,1.74
fitness-timers,SecondsPro,watch seconds,5,37,245,3,1.74
fitness-timers,SecondsPro,watch second,5,49,232,37,0.70
fitness-timers,SecondsPro,circuit workotus,5,44,245,56,0.64
fitness-timers,SecondsPro,timed set,5,61,247,215,0.49
fitness-timers,SecondsPro,swimming interval timer,5,7,243,62,0.62
fitness-timers,SecondsPro,nterval timeri,5,42,242,20,0.82
fitness-timers,SecondsPro,countdown upp,5,62,209,33,0.72
fitness-timers,SecondsPro,body fast timer,5,46,244,49,0.66
fitness-timers,SecondsPro,alert timer,5,61,239,213,0.49
fitness-timers,SecondsPro,interval training run,5,40,241,96,0.57
fitness-timers,SecondsPro,minuteur crossfit,5,,31,14,0.91
fitness-timers,SecondsPro,تمارين تاباتا,5,54,246,79,0.59
fitness-timers,SecondsPro,hiit • workouts & timer,5,51,247,52,0.65
fitness-timers,SecondsPro,apple watch hiit,5,42,243,32,0.73
fitness-timers,SecondsPro,watch hiit,5,40,244,65,0.62
fitness-timers,SecondsPro,hiit watch,5,42,243,49,0.66
fitness-timers,SecondsPro,apple watch intervals,5,67,245,10,1.02
fitness-timers,SecondsPro,intervals watch,5,46,244,47,0.66
fitness-timers,SecondsPro,hiit  timer,5,44,237,116,0.55
fitness-timers,SecondsPro,best hiit timer,5,46,245,115,0.55
fitness-timers,SecondsPro,best interval timer,5,,247,124,0.54
fitness-timers,SecondsPro,best workout timer,5,,247,134,0.54
fitness-timers,SecondsPro,tabata coach,5,42,244,241,0.48
fitness-timers,SecondsPro,tabata intervals,5,46,241,54,0.64
fitness-timers,SecondsPro,train intervals,5,40,240,30,0.74
fitness-timers,SecondsPro,training intervals,5,40,239,42,0.68
fitness-timers,SecondsPro,𝐢𝐧𝐭𝐞𝐫𝐯𝐚𝐥 𝐭𝐢𝐦𝐞𝐫,5,,245,35,0.71
fitness-timers,SecondsPro,𝐡𝐢𝐢𝐭,5,,237,233,0.49
fitness-timers,SecondsPro,𝐭𝐢𝐦𝐞𝐫,5,47,250,137,0.53
fitness-timers,SecondsPro,interval timers,5,71,249,125,0.54
fitness-timers,SecondsPro,interval tier,5,43,242,18,0.84
fitness-timers,SecondsPro,supplement timer,5,86,249,160,0.52
fitness-timers,SecondsPro,fartlek training,5,40,244,51,0.65
fitness-timers,SecondsPro,intervall intervalle fasting fast interv,5,47,249,145,0.53
fitness-timers,SecondsPro,hiit timer for workouts,5,46,244,17,0.86
fitness-timers,SecondsPro,hiit timer for workout,5,42,245,30,0.74
fitness-timers,SecondsPro,wod timer for workouts,5,46,243,192,0.50
fitness-timers,SecondsPro,brewing timer,5,44,243,136,0.53
fitness-timers,SecondsPro,padpro,5,,230,74,0.60
fitness-timers,SecondsPro,breathing exercises with timer,5,40,249,122,0.55
fitness-timers,SecondsPro,deep breath alarm,5,,240,6,1.24
fitness-timers,SecondsPro,Interval%20Timer%3A,5,42,247,83,0.59
fitness-timers,SecondsPro,boxing%20timer,5,32,244,178,0.51
fitness-timers,SecondsPro,interval%20timer,5,48,248,117,0.55
fitness-timers,SecondsPro,periodic%20timer,5,51,249,212,0.49
fitness-timers,SecondsPro,wod%20timer,5,50,248,123,0.54
fitness-timers,SecondsPro,timer%20for%20workouts,5,65,247,102,0.56
fitness-timers,SecondsPro,runkeeper%20free,5,46,224,58,0.63
fitness-timers,SecondsPro,intervals%20pro,5,40,244,72,0.60
fitness-timers,SecondsPro,workout%20interval%20timer,5,69,247,37,0.70
fitness-timers,SecondsPro,timer for workouts - wod,5,58,247,143,0.53
fitness-timers,SecondsPro,notch focus timer,5,,224,16,0.87
fitness-timers,SecondsPro,online timer,5,57,247,191,0.50
fitness-timers,SecondsPro,timer for workouts - wid,5,,247,39,0.69
fitness-timers,SecondsPro,seconds%20interval%20timer,5,,242,4,1.49
fitness-timers,SecondsPro,circuit%20timer,5,52,246,3,1.74
fitness-timers,SecondsPro,stretch%20timer,5,,248,154,0.52
fitness-timers,SecondsPro,workout%20timer%20custom%20intervals,5,,245,124,0.54
fitness-timers,SecondsPro,sprint%20timer,5,,249,64,0.62
fitness-timers,SecondsPro,interval trackr,5,40,244,197,0.50
fitness-timers,SecondsPro,interval timer: tabata & hiit,5,50,240,35,0.71
fitness-timers,SecondsPro,voice over pomodoro,5,,234,17,0.86
fitness-timers,SecondsPro,fitbit interval,5,,246,28,0.75
fitness-timers,SecondsPro,interval timer: tabata workout,5,,243,21,0.81
fitness-timers,SecondsPro,fitbit interval timer hiit,5,,245,23,0.79
fitness-timers,SecondsPro,offline workout timer,5,,247,73,0.60
fitness-timers,SecondsPro,minimal interval timer,5,,240,233,0.49
fitness-timers,SecondsPro,interval tabata timer,5,63,240,70,0.61
fitness-timers,SecondsPro,workout timer – tabata & interval,5,,244,12,0.96
fitness-timers,SecondsPro,guided stretch timer,5,,232,2,2.29
fitness-timers,SecondsPro,intermittent breathing timer,5,,238,4,1.49
fitness-timers,SecondsPro,tabata timer 2025,5,,213,4,1.49
fitness-timers,SecondsPro,interval timer □ hiit timer,5,,244,15,0.89
fitness-timers,SecondsPro,intervals pro: hiit timer,5,53,248,26,0.76
fitness-timers,SecondsPro,interval timer: run & hiit,5,,249,68,0.61
fitness-timers,SecondsPro,hiit timer timer,5,,244,22,0.80
fitness-timers,SecondsPro,tabata timer - timeme,5,,246,73,0.60
fitness-timers,SecondsPro,autolyse timer,5,,221,3,1.74
fitness-timers,SecondsPro,interval countdown pomodoro focus crossf,5,,247,64,0.62
fitness-timers,SecondsPro,tabata ti̇mer,5,,237,85,0.58
fitness-timers,SecondsPro,hiit timer for teams,5,,244,33,0.72
fitness-timers,SecondsPro,hiit timer live activities,5,,244,96,0.57
fitness-timers,SecondsPro,hiit timer simple,5,,244,99,0.57
fitness-timers,SecondsPro,tabata timer for students,5,,245,26,0.76
fitness-timers,SecondsPro,workout timer lock screen widget,5,,250,39,0.69
fitness-timers,SecondsPro,workout timer minimal,5,,247,161,0.52
fitness-timers,SecondsPro,訓練,5,62,246,230,0.49
fitness-timers,SecondsPro,dog agility training timer,5,,249,26,0.76
fitness-timers,SecondsPro,mma interval timer,5,42,234,160,0.52
fitness-timers,SecondsPro,seconds interval,5,,249,3,1.74
fitness-timers,SecondsPro,intensity interval timer,5,,241,77,0.60
fitness-timers,SecondsPro,ountdown app,5,,209,65,0.62
fitness-timers,SecondsPro,rest timer - waitwaitgo!,5,50,248,54,0.64
fitness-timers,SecondsPro,amrap workouts,5,43,248,114,0.55
fitness-timers,SecondsPro,interval timer: hiit & tabata,5,48,244,41,0.68
fitness-timers,SecondsPro,lacrosse timer,5,,193,168,0.51
fitness-timers,SecondsPro,workout recovery timer,5,,246,42,0.68
fitness-timers,SecondsPro,home workout timer,5,,246,35,0.71
fitness-timers,SecondsPro,breath pacing timer,5,,235,11,0.98
fitness-timers,SecondsPro,hiit exercise,5,,241,166,0.52
fitness-timers,SecondsPro,fitness challenge timer,5,,245,31,0.73
fitness-timers,SecondsPro,dead count,5,,207,163,0.52
fitness-timers,SecondsPro,horse training timer,5,40,244,33,0.72
fitness-timers,SecondsPro,heart rate reminder,5,,207,45,0.67
fitness-timers,SecondsPro,camera heart readings,5,,223,96,0.57
fitness-timers,SecondsPro,heart rate training zones,5,43,239,221,0.49
fitness-timers,SecondsPro,heart rate training zone app,5,40,241,233,0.49
fitness-timers,SecondsPro,heart rate training calculator,5,40,238,139,0.53
fitness-timers,SecondsPro,heart rate training chart,5,,242,77,0.60
fitness-timers,SecondsPro,heart rate notebook,5,,231,165,0.52
fitness-timers,SecondsPro,quick heart rate,5,,205,48,0.66
fitness-timers,SecondsPro,rowing timer,5,,249,74,0.60
fitness-timers,SecondsPro,exercise rest timer,5,,248,46,0.67
fitness-timers,SecondsPro,workout rest timer app,5,49,245,24,0.78
fitness-timers,SecondsPro,rest period timer,5,,214,3,1.74
fitness-timers,SecondsPro,interval rest timer,5,,242,50,0.65
fitness-timers,SecondsPro,heart rate breathing exercise,5,,224,12,0.96
fitness-timers,SecondsPro,tabatavtimer,5,,246,30,0.74
fitness-timers,SecondsPro,simple interval time,5,,208,6,1.24
fitness-timers,SecondsPro,intervals.icu,5,,220,5,1.34
fitness-timers,SecondsPro,power hour,5,25,76,43,0.68
fitness-timers,SecondsPro,sedentary lifestyle break timer,5,,218,3,1.74
fitness-timers,SecondsPro,world cup count down,5,,204,56,0.64
fitness-timers,SecondsPro,formatto,5,,214,147,0.53
fitness-timers,SecondsPro,posture correction timer,5,,248,185,0.51
fitness-timers,SecondsPro,push timer,5,,245,180,0.51
fitness-timers,SecondsPro,best drug timer,5,,228,10,1.02
fitness-timers,SecondsPro,pro timer,5,,240,3,1.74
fitness-timers,SecondsPro,practice timer,5,65,244,7,1.16
fitness-timers,SecondsPro,crossfit timer.,5,,246,76,0.60
fitness-timers,SecondsPro,yoga interval timer,5,65,242,140,0.53
fitness-timers,SecondsPro,physio timer,5,,249,157,0.52
fitness-timers,SecondsPro,adhd workout timer,5,,247,89,0.58
fitness-timers,SecondsPro,hiit timer for beginners,5,,247,46,0.67
fitness-timers,SecondsPro,crossfit emom timer,5,,247,79,0.59
fitness-timers,SecondsPro,smart interval timer gym,5,,244,14,0.91
fitness-timers,SecondsPro,home hiit timer,5,65,247,79,0.59
fitness-timers,SecondsPro,tabata timer free no ads,5,,198,12,0.96
fitness-timers,SecondsPro,interval timer offline,5,,239,121,0.55
fitness-timers,SecondsPro,30 10 interval timer (common protocol),5,,242,80,0.59
fitness-timers,SecondsPro,45 15 hiit timer,5,,248,54,0.64
fitness-timers,SecondsPro,functional training timer,5,,247,21,0.81
fitness-timers,SecondsPro,running hiit timer,5,,246,43,0.68
fitness-timers,SecondsPro,work interval timer,5,,244,10,1.02
fitness-timers,SecondsPro,ai interval timer,5,,243,73,0.60
fitness-timers,SecondsPro,timer timers,5,,238,230,0.49
fitness-timers,SecondsPro,timer for hiit training,5,51,249,55,0.64
fitness-timers,SecondsPro,timer for hiit,5,,242,34,0.71
fitness-timers,SecondsPro,timer stay tracker,5,,201,1,5.00
fitness-timers,SecondsPro,flow timer tracker,5,,227,8,1.10
fitness-timers,SecondsPro,workout timer timer,5,,247,26,0.76
fitness-timers,SecondsPro,tabata timer 2026,5,64,243,72,0.60
fitness-timers,SecondsPro,tabata gym,5,,238,92,0.58
fitness-timers,SecondsPro,workout tabata,5,,232,148,0.53
fitness-timers,SecondsPro,training timer workout,5,73,247,91,0.58
fitness-timers,SecondsPro,get started timer,5,,217,5,1.34
fitness-timers,SecondsPro,* high intensity interval training,5,,235,34,0.71
fitness-timers,SecondsPro,interval timer – workout timer,5,,245,25,0.77
fitness-timers,SecondsPro,hiit timer & interval timer,5,,243,22,0.80
fitness-timers,SecondsPro,hiit timer for home workout,5,,244,45,0.67
fitness-timers,SecondsPro,hiit time,5,,240,165,0.52
fitness-timers,SecondsPro,tabata interval,5,49,239,79,0.59
fitness-timers,SecondsPro,music for workout timer,5,,239,155,0.52
fitness-timers,SecondsPro,zeptoseconds,5,62,245,2,2.29
fitness-timers,SecondsPro,heart rate cardio training,5,40,236,229,0.49
fitness-timers,SecondsPro,heart rate exercise tracker,5,43,237,200,0.50
fitness-timers,SecondsPro,tabata tabata,5,,237,170,0.51
fitness-timers,SecondsPro,workout timeratimer widget,5,49,249,162,0.52
fitness-timers,SecondsPro,intervalo timer,5,,248,131,0.54
fitness-timers,SecondsPro,timer de treino,5,,246,76,0.60
fitness-timers,SecondsPro,tabata counter,5,,213,104,0.56
fitness-timers,SecondsPro,tacchycardia exercise,5,,238,13,0.93
fitness-timers,SecondsPro,tachycardia exercise,5,,238,4,1.49
fitness-timers,SecondsPro,smoker timer,5,,185,11,0.98
fitness-timers,SecondsPro,airpod heart rate,5,,219,40,0.69
fitness-timers,SecondsPro,stromno,5,,229,85,0.58
fitness-timers,SecondsPro,amrap timer app,5,,246,41,0.68
fitness-timers,SecondsPro,emom timer app,5,,245,68,0.61
fitness-timers,SecondsPro,posture timer app,5,,215,8,1.10
fitness-timers,SecondsPro,live activity timer,5,43,247,155,0.52
fitness-timers,SecondsPro,tummy timer,5,,247,30,0.74
fitness-timers,SecondsPro,hiking timer,5,,249,228,0.49
fitness-timers,SecondsPro,breathing exercise timer,5,,247,17,0.86
fitness-timers,SecondsPro,workout timer watch,5,,246,12,0.96
fitness-timers,SecondsPro,earn screen time with exercise,5,,249,158,0.52
fitness-timers,SecondsPro,exercise hiit interval timer,5,,241,11,0.98
fitness-timers,SecondsPro,exercise rest timer log,5,,249,17,0.86
fitness-timers,SecondsPro,hiit block: interval timer,5,,241,21,0.81
fitness-timers,SecondsPro,hiit dual timer,5,,245,30,0.74
fitness-timers,SecondsPro,hiit pro: interval timer,5,,241,11,0.98
fitness-timers,SecondsPro,inter: hiit and running timer,5,,250,205,0.50
fitness-timers,SecondsPro,interval timer quick,5,,240,113,0.55
fitness-timers,SecondsPro,interval timer: hiit workouts,5,,245,25,0.77
fitness-timers,SecondsPro,minimalist interval timer,5,44,240,175,0.51
fitness-timers,SecondsPro,snack workouts: pyup,5,,219,62,0.62
fitness-timers,SecondsPro,standup workouts timer,5,,245,67,0.61
fitness-timers,SecondsPro,tabata timer: interval timer x,5,,243,63,0.62
fitness-timers,SecondsPro,macpro,5,,230,37,0.70
fitness-timers,SecondsPro,kickboxing workout timer,5,44,244,152,0.52
fitness-timers,SecondsPro,heavy bag workout timer,5,44,243,109,0.56
fitness-timers,SecondsPro,bag workout timer,5,44,245,173,0.51
fitness-timers,SecondsPro,solo training timer,5,47,246,42,0.68
fitness-timers,SecondsPro,timer with bell,5,40,245,214,0.49
fitness-timers,SecondsPro,interval timer with bell,5,42,241,122,0.55
fitness-timers,SecondsPro,workout timer with bell,5,45,242,139,0.53
fitness-timers,SecondsPro,countdown timer workout,5,46,247,34,0.71
fitness-timers,SecondsPro,calories timer,5,,227,6,1.24
fitness-timers,SecondsPro,abs timer,5,,244,42,0.68
fitness-timers,SecondsPro,asthma timer,5,,232,4,1.49
fitness-timers,SecondsPro,endurance timer,5,,248,108,0.56
fitness-timers,SecondsPro,fatigue timer,5,,248,189,0.50
fitness-timers,SecondsPro,hockey timer,5,,248,133,0.54
fitness-timers,SecondsPro,calculator barbell calculator no ads tut,5,,220,62,0.62
fitness-timers,SecondsPro,triathlon transition timer,5,40,246,239,0.48
fitness-timers,SecondsPro,interval running program,5,40,245,160,0.52
fitness-timers,SecondsPro,tabata timer interval,5,46,244,30,0.74
fitness-timers,SecondsPro,tiim,5,,240,18,0.84
fitness-timers,SecondsPro,rate tattoo,5,,226,156,0.52
fitness-timers,SecondsPro,gym interval,5,,241,19,0.83
fitness-timers,SecondsPro,interval timer online,5,,240,87,0.58
fitness-timers,SecondsPro,tabata workout exercises,5,,236,118,0.55
fitness-timers,SecondsPro,trein timer,5,,246,12,0.96
fitness-timers,SecondsPro,fat burning timer,5,,250,162,0.52
fitness-timers,SecondsPro,interval timer hiit & tabata,5,46,242,32,0.73
fitness-timers,SecondsPro,tabata timer,5,,236,119,0.55
fitness-timers,SecondsPro,interval clock & daily relief,5,,246,60,0.63
fitness-timers,SecondsPro,gym timer haptics,5,,248,68,0.61
fitness-timers,SecondsPro,hiit timer workouts,5,,246,43,0.68
fitness-timers,SecondsPro,stretch timer sound,5,,246,151,0.52
fitness-timers,SecondsPro,tabata timer music,5,,247,172,0.51
fitness-timers,SecondsPro,gym timer with haptics,5,,249,58,0.63
fitness-timers,SecondsPro,interval timer background music,5,,236,134,0.54
fitness-timers,SecondsPro,stretch timer with sound,5,,244,119,0.55
fitness-timers,SecondsPro,tabata with music,5,,241,121,0.55
fitness-timers,SecondsPro,hiit crossfit timer,5,,247,31,0.73
fitness-timers,SecondsPro,core workout timer,5,,247,95,0.57
fitness-timers,SecondsPro,sprint interval timer,5,,250,208,0.50
fitness-timers,SecondsPro,rest interval timer,5,,242,132,0.54
fitness-timers,SecondsPro,beep timer gym,5,,246,44,0.67
fitness-timers,SecondsPro,silent workout timer,5,,246,146,0.53
fitness-timers,SecondsPro,local workout timer,5,,246,40,0.69
fitness-timers,SecondsPro,interval timer no pause,5,,242,122,0.55
fitness-timers,SecondsPro,workout timer background music,5,,239,113,0.55
fitness-timers,SecondsPro,haptic interval timer,5,,242,130,0.54
fitness-timers,SecondsPro,cardio interval timer,5,,245,66,0.62
fitness-timers,SecondsPro,workout timer music,5,,231,111,0.55
fitness-timers,SecondsPro,hiit timer music,5,,238,26,0.76
fitness-timers,SecondsPro,gym timer music,5,,242,83,0.59
fitness-timers,SecondsPro,workout timer spotify,5,,244,21,0.81
fitness-timers,SecondsPro,vibration workout timer,5,,243,55,0.64
fitness-timers,SecondsPro,lap timer workout,5,,246,43,0.68
fitness-timers,SecondsPro,recovery timer workout,5,,246,31,0.73
fitness-timers,SecondsPro,spotify workout timer,5,,243,31,0.73
fitness-timers,SecondsPro,timer with haptic feedback,5,,247,166,0.52
fitness-timers,SecondsPro,music ducking timer,5,,241,204,0.50
fitness-timers,SecondsPro,non interrupting gym timer,5,,244,15,0.89
fitness-timers,SecondsPro,local first workout timer,5,,247,27,0.76
fitness-timers,SecondsPro,lightweight tabata timer,5,,243,17,0.86
fitness-timers,SecondsPro,music friendly gym timer,5,,244,80,0.59
fitness-timers,SecondsPro,repeating interval timer,5,,238,151,0.52
fitness-timers,SecondsPro,clean workout timer,5,,242,46,0.67
fitness-timers,SecondsPro,vibration only gym timer,5,,245,25,0.77
fitness-timers,SecondsPro,audio ducking workout timer,5,,241,42,0.68
fitness-timers,SecondsPro,workout timer music background,5,,240,58,0.63
fitness-timers,SecondsPro,hiit clock with haptics,5,,249,179,0.51
fitness-timers,SecondsPro,calisthenics interval timer,5,,246,56,0.64
fitness-timers,SecondsPro,running interval timer haptics,5,,241,81,0.59
fitness-timers,SecondsPro,music compatible gym timer,5,,245,10,1.02
fitness-timers,SecondsPro,gym timer background play,5,,249,133,0.54
fitness-timers,SecondsPro,workout timer background audio,5,,240,76,0.60
fitness-timers,SecondsPro,silent tabata timer,5,,243,18,0.84
fitness-timers,SecondsPro,vibrating workout timer,5,,244,105,0.56
fitness-timers,SecondsPro,headphone friendly gym timer,5,,247,34,0.71
fitness-timers,SecondsPro,fitness interval clock,5,,247,31,0.73
fitness-timers,SecondsPro,interval training clock,5,,244,36,0.70
fitness-timers,SecondsPro,haptic alert gym timer,5,,246,94,0.57
fitness-timers,SecondsPro,workout timer music ducking,5,,243,69,0.61
fitness-timers,SecondsPro,gym workout timer,5,,247,152,0.52
fitness-timers,SecondsPro,hiit timer spotify,5,,246,25,0.77
fitness-timers,SecondsPro,interval timer haptic,5,,243,131,0.54
fitness-timers,SecondsPro,headphone workout timer,5,,243,55,0.64
fitness-timers,SecondsPro,hiit rounds timer,5,,243,114,0.55
fitness-timers,SecondsPro,stretch interval timer,5,,240,143,0.53
fitness-timers,SecondsPro,warmup timer workout,5,,246,30,0.74
fitness-timers,SecondsPro,cooldown timer gym,5,,246,20,0.82
fitness-timers,SecondsPro,minimalist workout timer,5,,246,73,0.60
fitness-timers,SecondsPro,training interval timer,5,,243,9,1.06
fitness-timers,SecondsPro,hiit round timer,5,,242,62,0.62
fitness-timers,SecondsPro,rounds timer workout,5,,241,163,0.52
fitness-timers,SecondsPro,interval timer spotify,5,,240,21,0.81
fitness-timers,SecondsPro,headphones workout timer,5,,244,206,0.50
fitness-timers,SecondsPro,haptic workout timer,5,,242,31,0.73
fitness-timers,SecondsPro,fullscreen gym timer,5,,246,19,0.83
fitness-timers,SecondsPro,lightweight interval timer,5,,241,85,0.58
fitness-timers,SecondsPro,timed workout intervals,5,,246,163,0.52
fitness-timers,SecondsPro,gym pulse timer,5,,250,184,0.51
fitness-timers,SecondsPro,bodyweight workout timer,5,,248,36,0.70
fitness-timers,SecondsPro,timer spotify workout,5,,244,37,0.70
fitness-timers,SecondsPro,sound cue workout timer,5,,246,95,0.57
fitness-timers,SecondsPro,preset hiit timer,5,,244,78,0.59
fitness-timers,SecondsPro,20 10 tabata timer,5,,247,71,0.61
fitness-timers,SecondsPro,jump rope interval timer,5,,243,140,0.53
fitness-timers,SecondsPro,plank interval timer,5,,242,101,0.56
fitness-timers,SecondsPro,sets and reps timer,5,,248,108,0.56
fitness-timers,SecondsPro,workout countdown timer,5,,247,64,0.62
fitness-timers,SecondsPro,no ads interval timer,5,,243,78,0.59
fitness-timers,SecondsPro,lightweight workout timer,5,,247,52,0.65
fitness-timers,SecondsPro,gym timer haptic,5,,245,89,0.58
fitness-timers,SecondsPro,hiit timer background play,5,,242,52,0.65
fitness-timers,SecondsPro,music friendly workout timer,5,,243,130,0.54
fitness-timers,SecondsPro,interval timer background play,5,,241,122,0.55
fitness-timers,SecondsPro,gym rest timer haptics,5,,247,54,0.64
fitness-timers,SecondsPro,non interrupting workout timer,5,,247,85,0.58
fitness-timers,SecondsPro,15 minute workout timer,5,,245,58,0.63
fitness-timers,SecondsPro,timer for gym headphones,5,,247,30,0.74
fitness-timers,SecondsPro,fitness timer haptic feedback,5,,246,69,0.61
fitness-timers,SecondsPro,workout rest countdown,5,,249,71,0.61
fitness-timers,SecondsPro,vibrating gym timer,5,,246,70,0.61
fitness-timers,SecondsPro,no pause workout timer,5,,247,88,0.58
fitness-timers,SecondsPro,gyms timer,5,,242,66,0.62
fitness-timers,SecondsPro,timer apple,5,,245,191,0.50
fitness-timers,SecondsPro,interval timer function,5,,240,118,0.55
fitness-timers,SecondsPro,interval timer meaning,5,,242,43,0.68
fitness-timers,SecondsPro,interval timer milliseconds,5,,243,201,0.50
fitness-timers,SecondsPro,interval timer sale,5,,238,22,0.80
fitness-timers,SecondsPro,interval timer used,5,,242,33,0.72
fitness-timers,SecondsPro,timer athletic events,5,,247,231,0.49
fitness-timers,SecondsPro,free interval time app,5,,248,109,0.56
fitness-timers,SecondsPro,free interval timer android,5,,239,68,0.61
fitness-timers,SecondsPro,free interval timer apple,5,,243,16,0.87
fitness-timers,SecondsPro,free interval timer ios,5,,239,27,0.76
fitness-timers,SecondsPro,free interval timer iphone,5,,244,26,0.76
fitness-timers,SecondsPro,free interval timer online,5,,242,113,0.55
fitness-timers,SecondsPro,free interval timer store,5,,242,41,0.68
fitness-timers,SecondsPro,interval timer for sale,5,,249,75,0.60
fitness-timers,SecondsPro,interval timer used app,5,,246,23,0.79
fitness-timers,SecondsPro,interval timer with milliseconds,5,,243,133,0.54
fitness-timers,SecondsPro,interval training used for,5,25,247,42,0.68
fitness-timers,SecondsPro,timer for apps apple,5,,244,121,0.55
fitness-timers,SecondsPro,free interval timer app ios,5,,243,30,0.74
fitness-timers,SecondsPro,free interval timer app store,5,,245,25,0.77
fitness-timers,SecondsPro,free interval timer apple watch,5,,250,9,1.06
fitness-timers,SecondsPro,interval training used for developing,5,,247,29,0.74
fitness-timers,SecondsPro,strength training timer,5,,247,93,0.57
fitness-timers,SecondsPro,multiple interval timer,5,,237,33,0.72
fitness-timers,SecondsPro,adjustable interval timer,5,,238,21,0.81
fitness-timers,SecondsPro,interval countdown timer,5,,240,13,0.93
fitness-timers,SecondsPro,beep timer workout,5,,245,33,0.72
fitness-timers,SecondsPro,hands free workout timer,5,,246,59,0.63
fitness-timers,SecondsPro,camera workout timer,5,,248,46,0.67
fitness-timers,SecondsPro,interval timer gym,5,,240,17,0.86
fitness-timers,SecondsPro,interval timer yoga,5,,242,137,0.53
fitness-timers,SecondsPro,interval timer ios,5,,237,12,0.96
fitness-timers,SecondsPro,gym countdown timer,5,,245,28,0.75
fitness-timers,SecondsPro,stretch timer workout,5,,244,57,0.63
fitness-timers,SecondsPro,contraction timer for two,5,46,244,140,0.53
fitness-timers,SecondsPro,interval timer for workouts!,5,,243,22,0.80
fitness-timers,SecondsPro,contarction tracker timer,5,,245,180,0.51
fitness-timers,SecondsPro,minute interval timer,5,,240,184,0.51
fitness-timers,SecondsPro,ヘルスケア,,85,249,217,
fitness-timers,SecondsPro,gym timer widget,,44,245,30,
fitness-timers,SecondsPro,circuit timer app,,43,200,3,
fitness-timers,SecondsPro,вита,,,93,88,
fitness-timers,SecondsPro,tabata timer for hiit,,,247,97,
fitness-timers,SecondsPro,internet timer,,42,246,20,
fitness-timers,SecondsPro,- [ ] tabata timer,,,236,86,
fitness-timers,SecondsPro,circular progress timer,,40,245,146,
fitness-timers,SecondsPro,repeat%20timer,,,248,68,
fitness-timers,SecondsPro,tabata timerinterval timer,,43,248,26,
fitness-timers,SecondsPro,best pill timer,,,222,17,
fitness-timers,SecondsPro,exercise timer app,,,250,113,
fitness-timers,SecondsPro,2 minute timer,,,244,98,
fitness-timers,SecondsPro,kettlebell interval timer,,,243,100,
fitness-timers,SecondsPro,stopwatch for fitness,,,237,230,
fitness-timers,SecondsPro,hiit timer - training timer,,,242,7,
fitness-timers,SecondsPro,warm up timer,,,208,6,
fitness-timers,SecondsPro,tabata workout interval timer,,43,243,15,
fitness-timers,SecondsPro,amrap workout clock,,42,247,87,
fitness-timers,SecondsPro,easy tabata,,43,235,171,
fitness-timers,SecondsPro,workout timer online,,,248,20,
fitness-timers,SecondsPro,interval timer app free,,,245,105,
fitness-timers,SecondsPro,gym round timer,,48,243,232,
fitness-timers,SecondsPro,body timer,,,245,55,
fitness-timers,BoxingTimer,時計,68,36,246,95,7.77
fitness-timers,BoxingTimer,hevy,62,75,249,118,6.80
fitness-timers,BoxingTimer,boxing,56,72,248,154,5.85
fitness-timers,BoxingTimer,Interval Timer:,56,53,225,161,5.81
fitness-timers,BoxingTimer,ring app,53,98,248,165,5.47
fitness-timers,BoxingTimer,heavy,52,87,249,178,5.30
fitness-timers,BoxingTimer,boxing timer,47,59,247,1,47.00
fitness-timers,BoxingTimer,rode,46,60,248,142,4.88
fitness-timers,BoxingTimer,boxeo,43,63,248,30,6.34
fitness-timers,BoxingTimer,プレゼンタイマー,37,40,248,37,5.18
fitness-timers,BoxingTimer,temporizador de intervalos,31,50,248,183,3.14
fitness-timers,BoxingTimer,战争,31,57,234,228,3.03
fitness-timers,BoxingTimer,時計秒針,31,86,250,15,5.53
fitness-timers,BoxingTimer,トレーニングタイマー,30,88,246,52,3.88
fitness-timers,BoxingTimer,uhr iphone,28,44,245,78,3.33
fitness-timers,BoxingTimer,funu,26,88,211,35,3.69
fitness-timers,BoxingTimer,boxing workout,22,56,248,11,4.33
fitness-timers,BoxingTimer,اخبار,19,92,250,227,1.86
fitness-timers,BoxingTimer,ảnh,18,92,230,69,2.19
fitness-timers,BoxingTimer,복싱 타이머,17,47,250,1,17.00
fitness-timers,BoxingTimer,集中タイマー,16,47,245,109,1.78
fitness-timers,BoxingTimer,minuterie,10,43,247,4,2.98
fitness-timers,BoxingTimer,boxing training,9,53,249,16,1.57
fitness-timers,BoxingTimer,boxing round timer,9,57,250,1,9.00
fitness-timers,BoxingTimer,box timer,9,57,250,2,4.13
fitness-timers,BoxingTimer,boxe,7,53,239,139,0.75
fitness-timers,BoxingTimer,boxer,6,61,239,36,0.85
fitness-timers,BoxingTimer,intervall,6,58,247,14,1.09
fitness-timers,BoxingTimer,training timer,5,59,249,4,1.49
fitness-timers,BoxingTimer,timer for ipad,5,45,242,112,0.55
fitness-timers,BoxingTimer,30 second timer,5,45,249,239,0.48
fitness-timers,BoxingTimer,intervalltimer,5,50,244,26,0.76
fitness-timers,BoxingTimer,trainings timer,5,44,240,40,0.69
fitness-timers,BoxingTimer,табата таймер,5,40,248,98,0.57
fitness-timers,BoxingTimer,rutina gimnasio,5,72,248,164,0.52
fitness-timers,BoxingTimer,figth,5,82,247,146,0.53
fitness-timers,BoxingTimer,таймер,5,46,249,30,0.74
fitness-timers,BoxingTimer,crossfit timer with music,5,,242,30,0.74
fitness-timers,BoxingTimer,round,5,76,244,4,1.49
fitness-timers,BoxingTimer,interval timer boxing,5,42,246,1,5.00
fitness-timers,BoxingTimer,fight trainer,5,40,246,29,0.74
fitness-timers,BoxingTimer,mma workout,5,58,247,188,0.50
fitness-timers,BoxingTimer,таймер для тренировок,5,46,250,26,0.76
fitness-timers,BoxingTimer,boxen app,5,65,245,5,1.34
fitness-timers,BoxingTimer,timer+,5,69,246,110,0.56
fitness-timers,BoxingTimer,box training,5,59,247,8,1.10
fitness-timers,BoxingTimer,ring timer,5,52,249,1,5.00
fitness-timers,BoxingTimer,vshred,5,49,249,135,0.54
fitness-timers,BoxingTimer,intervalometer,5,53,224,112,0.55
fitness-timers,BoxingTimer,entrenamiento gimnasio,5,66,249,79,0.59
fitness-timers,BoxingTimer,boxing timer pro,5,45,247,4,1.49
fitness-timers,BoxingTimer,boxing interval timer,5,57,250,1,5.00
fitness-timers,BoxingTimer,boxing interval training,5,42,247,3,1.74
fitness-timers,BoxingTimer,boxing training workout,5,42,242,174,0.51
fitness-timers,BoxingTimer,muay,5,57,237,142,0.53
fitness-timers,BoxingTimer,ボクシング,5,,74,25,0.77
fitness-timers,BoxingTimer,train timer,5,,231,33,0.72
fitness-timers,BoxingTimer,sprechende uhr,5,,237,39,0.69
fitness-timers,BoxingTimer,intervalle bestimmen,5,45,243,2,2.29
fitness-timers,BoxingTimer,peso forma,5,,248,164,0.52
fitness-timers,BoxingTimer,rimg,5,,249,158,0.52
fitness-timers,BoxingTimer,punchlab,5,54,249,27,0.76
fitness-timers,BoxingTimer,basic sports timer,5,,243,72,0.60
fitness-timers,BoxingTimer,trainingstimer,5,86,247,5,1.34
fitness-timers,BoxingTimer,腾讯首页,5,58,245,184,0.51
fitness-timers,BoxingTimer,runden timer,5,47,244,1,5.00
fitness-timers,BoxingTimer,boxing coach,5,57,248,11,0.98
fitness-timers,BoxingTimer,boxing app,5,81,248,6,1.24
fitness-timers,BoxingTimer,boxing fitness,5,51,247,22,0.80
fitness-timers,BoxingTimer,boxrec,5,63,248,13,0.93
fitness-timers,BoxingTimer,entraînement pompes,5,44,247,233,0.49
fitness-timers,BoxingTimer,bolsa de madrid,5,66,243,121,0.55
fitness-timers,BoxingTimer,bjj timer,5,50,248,5,1.34
fitness-timers,BoxingTimer,time boxing,5,86,247,1,5.00
fitness-timers,BoxingTimer,interval timer music,5,,241,229,0.49
fitness-timers,BoxingTimer,boxing clock,5,42,249,1,5.00
fitness-timers,BoxingTimer,thai fitness,5,49,246,96,0.57
fitness-timers,BoxingTimer,fight clock,5,,248,1,5.00
fitness-timers,BoxingTimer,фитнес таймер,5,47,249,19,0.83
fitness-timers,BoxingTimer,таймер раундов,5,43,250,3,1.74
fitness-timers,BoxingTimer,боксёрский таймер,5,36,43,3,1.74
fitness-timers,BoxingTimer,timer for training,5,56,241,19,0.83
fitness-timers,BoxingTimer,fitnesstimer,5,46,243,52,0.65
fitness-timers,BoxingTimer,timer voor trainingen,5,44,245,16,0.87
fitness-timers,BoxingTimer,trainingen timer,5,44,241,37,0.70
fitness-timers,BoxingTimer,timer voor training,5,86,241,42,0.68
fitness-timers,BoxingTimer,intervaltraining timer,5,46,242,114,0.55
fitness-timers,BoxingTimer,minuterie d'entraînement,5,42,247,2,2.29
fitness-timers,BoxingTimer,minuterie hiit,5,40,248,4,1.49
fitness-timers,BoxingTimer,intervalltrainingstimer,5,42,242,27,0.76
fitness-timers,BoxingTimer,фитнес-таймер,5,44,248,11,0.98
fitness-timers,BoxingTimer,таймер тренировок,5,44,249,50,0.65
fitness-timers,BoxingTimer,таймер для тренировки,5,44,247,36,0.70
fitness-timers,BoxingTimer,intervally,5,43,241,105,0.56
fitness-timers,BoxingTimer,formación,5,49,245,47,0.66
fitness-timers,BoxingTimer,تمارين حرق الدهون,5,57,249,88,0.58
fitness-timers,BoxingTimer,time),5,47,247,173,0.51
fitness-timers,BoxingTimer,kvinder,5,31,31,2,2.29
fitness-timers,BoxingTimer,timer reloj,5,46,243,13,0.93
fitness-timers,BoxingTimer,bambam,5,69,243,112,0.55
fitness-timers,BoxingTimer,time intervals,5,52,247,155,0.52
fitness-timers,BoxingTimer,boxing women,5,54,242,8,1.10
fitness-timers,BoxingTimer,boxing cup,5,40,244,121,0.55
fitness-timers,BoxingTimer,athletics boxing,5,42,247,189,0.50
fitness-timers,BoxingTimer,cup boxing,5,40,246,179,0.51
fitness-timers,BoxingTimer,mma boxing,5,49,249,150,0.52
fitness-timers,BoxingTimer,boxing euro,5,53,242,169,0.51
fitness-timers,BoxingTimer,boxing workout.,5,44,241,138,0.53
fitness-timers,BoxingTimer,cardio boxing workout,5,46,248,229,0.49
fitness-timers,BoxingTimer,boxing trainer,5,43,248,12,0.96
fitness-timers,BoxingTimer,interval tracking,5,40,246,156,0.52
fitness-timers,BoxingTimer,أخبار,5,100,242,213,0.49
fitness-timers,BoxingTimer,ftiness timer,5,40,239,60,0.63
fitness-timers,BoxingTimer,武道,5,42,177,26,0.76
fitness-timers,BoxingTimer,treinamento,5,56,245,228,0.49
fitness-timers,BoxingTimer,وسائل الاعلام الاجتماعية لكرة القدم,5,53,264,58,0.63
fitness-timers,BoxingTimer,hick,5,78,247,107,0.56
fitness-timers,BoxingTimer,bemalen,5,88,243,222,0.49
fitness-timers,BoxingTimer,women trainig,5,45,242,230,0.49
fitness-timers,BoxingTimer,hiit counter,5,45,243,21,0.81
fitness-timers,BoxingTimer,woman coach,5,59,245,184,0.51
fitness-timers,BoxingTimer,đồng hồ báo thức,5,81,248,142,0.53
fitness-timers,BoxingTimer,健康 训练,5,49,249,142,0.53
fitness-timers,BoxingTimer,kick timer,5,44,250,1,5.00
fitness-timers,BoxingTimer,1 minute timer,5,49,205,4,1.49
fitness-timers,BoxingTimer,mma junkie,5,40,248,247,0.48
fitness-timers,BoxingTimer,shadow boxing workout app,5,44,249,168,0.51
fitness-timers,BoxingTimer,heavy bag,5,49,123,8,1.10
fitness-timers,BoxingTimer,heavy bag workout,5,49,248,6,1.24
fitness-timers,BoxingTimer,punch lab,5,31,210,32,0.73
fitness-timers,BoxingTimer,round counter,5,46,197,2,2.29
fitness-timers,BoxingTimer,bell timer,5,83,247,3,1.74
fitness-timers,BoxingTimer,train like a boxer,5,45,248,50,0.65
fitness-timers,BoxingTimer,blosa,5,80,217,188,0.50
fitness-timers,BoxingTimer,holiday timer,5,68,244,89,0.58
fitness-timers,BoxingTimer,heavy bag pro,5,44,182,6,1.24
fitness-timers,BoxingTimer,động,5,55,227,7,1.16
fitness-timers,BoxingTimer,اخبار الخليج,5,46,238,58,0.63
fitness-timers,BoxingTimer,time boxin,5,35,93,12,0.96
fitness-timers,BoxingTimer,timer visuel,5,44,245,198,0.50
fitness-timers,BoxingTimer,boxing drills,5,43,248,227,0.49
fitness-timers,BoxingTimer,free entrainment,5,43,249,223,0.49
fitness-timers,BoxingTimer,ein mal ein,5,98,248,88,0.58
fitness-timers,BoxingTimer,الأخبار,5,61,247,213,0.49
fitness-timers,BoxingTimer,football timer,5,45,242,115,0.55
fitness-timers,BoxingTimer,Ring Fight,5,82,240,230,0.49
fitness-timers,BoxingTimer,sparring,5,56,248,36,0.70
fitness-timers,BoxingTimer,boxing timeer,5,47,248,1,5.00
fitness-timers,BoxingTimer,الاخبار العاجلة,5,44,249,111,0.55
fitness-timers,BoxingTimer,stoper,5,87,248,19,0.83
fitness-timers,BoxingTimer,Rounds,5,56,240,2,2.29
fitness-timers,BoxingTimer,boxing round timer+,5,40,234,3,1.74
fitness-timers,BoxingTimer,workout timing,5,45,238,217,0.49
fitness-timers,BoxingTimer,tempo sport,5,73,217,163,0.52
fitness-timers,BoxingTimer,gym timerg,5,45,230,6,1.24
fitness-timers,BoxingTimer,vid box,5,,234,137,0.53
fitness-timers,BoxingTimer,heyvy,5,74,248,116,0.55
fitness-timers,BoxingTimer,time boxer,5,52,247,1,5.00
fitness-timers,BoxingTimer,kickboxing timer,5,42,250,1,5.00
fitness-timers,BoxingTimer,hiit boxing,5,43,248,7,1.16
fitness-timers,BoxingTimer,ho ho,5,70,243,67,0.61
fitness-timers,BoxingTimer,hó,5,69,241,61,0.63
fitness-timers,BoxingTimer,dông,5,55,232,11,0.98
fitness-timers,BoxingTimer,时时,5,89,250,33,0.72
fitness-timers,BoxingTimer,BOXING INTERVAL TIEMR,5,40,244,1,5.00
fitness-timers,BoxingTimer,pro boxing workouts,5,40,243,228,0.49
fitness-timers,BoxingTimer,heavy bag training,5,46,245,30,0.74
fitness-timers,BoxingTimer,heavy bag timer,5,46,244,1,5.00
fitness-timers,BoxingTimer,boxing workout timer,5,45,244,4,1.49
fitness-timers,BoxingTimer,boxing workout cardio,5,44,245,234,0.49
fitness-timers,BoxingTimer,boxing workout training,5,40,244,124,0.54
fitness-timers,BoxingTimer,boxer workout,5,42,246,55,0.64
fitness-timers,BoxingTimer,bag training,5,57,242,38,0.70
fitness-timers,BoxingTimer,workout shadow boxing,5,40,246,141,0.53
fitness-timers,BoxingTimer,beginner boxing,5,43,241,113,0.55
fitness-timers,BoxingTimer,boxer training,5,42,245,27,0.76
fitness-timers,BoxingTimer,become a boxer,5,40,245,103,0.56
fitness-timers,BoxingTimer,heavy bag trainer,5,40,246,23,0.79
fitness-timers,BoxingTimer,home boxing trainer,5,40,246,105,0.56
fitness-timers,BoxingTimer,punching bag timer,5,47,246,9,1.06
fitness-timers,BoxingTimer,Bag Fight,5,53,142,122,0.55
fitness-timers,BoxingTimer,cronómetro de boxeo,5,30,17,4,1.49
fitness-timers,BoxingTimer,tempo interval,5,59,248,18,0.84
fitness-timers,BoxingTimer,rounds timer,5,49,250,1,5.00
fitness-timers,BoxingTimer,interal,5,50,247,187,0.51
fitness-timers,BoxingTimer,short timer,5,40,247,76,0.60
fitness-timers,BoxingTimer,intervaltimer.app,5,40,240,212,0.49
fitness-timers,BoxingTimer,kick boxing workout,5,40,242,228,0.49
fitness-timers,BoxingTimer,Penalty Box Timer,5,47,250,64,0.62
fitness-timers,BoxingTimer,mma train,5,58,249,92,0.58
fitness-timers,BoxingTimer,personal timer,5,64,242,178,0.51
fitness-timers,BoxingTimer,workout timer free cronometro wodproof smart wod run workout circuit timer sprint timer workouts+,5,46,244,167,0.52
fitness-timers,BoxingTimer,crossfit interval timer,5,45,241,27,0.76
fitness-timers,BoxingTimer,ipad timer,5,42,243,164,0.52
fitness-timers,BoxingTimer,boxing & mma,5,54,236,18,0.84
fitness-timers,BoxingTimer,hiit gym,5,47,239,234,0.49
fitness-timers,BoxingTimer,boxing punch,5,51,235,124,0.54
fitness-timers,BoxingTimer,werk timer,5,50,249,42,0.68
fitness-timers,BoxingTimer,boxing exercise,5,43,248,102,0.56
fitness-timers,BoxingTimer,boxing ring,5,49,247,2,2.29
fitness-timers,BoxingTimer,rounds timer crossfit,5,44,248,5,1.34
fitness-timers,BoxingTimer,rounds timer for crossfit,5,48,248,9,1.06
fitness-timers,BoxingTimer,shadow boxing workouts,5,43,246,197,0.50
fitness-timers,BoxingTimer,diet timer,5,46,248,155,0.52
fitness-timers,BoxingTimer,pro boxing timer,5,47,240,5,1.34
fitness-timers,BoxingTimer,imer,5,57,212,44,0.67
fitness-timers,BoxingTimer,дмб таймер,5,35,250,54,0.64
fitness-timers,BoxingTimer,time & timer,5,54,243,177,0.51
fitness-timers,BoxingTimer,라운드 타이머,5,47,242,2,2.29
fitness-timers,BoxingTimer,복싱 라운드 타이머,5,32,38,5,1.34
fitness-timers,BoxingTimer,mma 타이머,5,35,31,1,5.00
fitness-timers,BoxingTimer,복싱 타이머 앱,5,40,99,6,1.24
fitness-timers,BoxingTimer,복싱 코치,5,32,27,6,1.24
fitness-timers,BoxingTimer,복싱 라운드,5,32,41,1,5.00
fitness-timers,BoxingTimer,복싱 라운드 타이머+,5,37,39,3,1.74
fitness-timers,BoxingTimer,HIITtimer,5,,240,148,0.53
fitness-timers,BoxingTimer,gaming timer,5,40,201,18,0.84
fitness-timers,BoxingTimer,ting workout,5,61,230,132,0.54
fitness-timers,BoxingTimer,fighting time,5,35,200,42,0.68
fitness-timers,BoxingTimer,interval bells,5,43,246,5,1.34
fitness-timers,BoxingTimer,box time,5,42,250,1,5.00
fitness-timers,BoxingTimer,workouts counter,5,81,227,65,0.62
fitness-timers,BoxingTimer,boxing time,5,56,249,1,5.00
fitness-timers,BoxingTimer,interval imer,5,48,246,216,0.49
fitness-timers,BoxingTimer,بازار,5,35,227,185,0.51
fitness-timers,BoxingTimer,roun timer,5,46,250,1,5.00
fitness-timers,BoxingTimer,kick boks,5,88,249,26,0.76
fitness-timers,BoxingTimer,time training,5,50,235,138,0.53
fitness-timers,BoxingTimer,box fitness,5,59,212,185,0.51
fitness-timers,BoxingTimer,timed set,5,61,247,68,0.61
fitness-timers,BoxingTimer,punch-lab,5,31,215,11,0.98
fitness-timers,BoxingTimer,nterval timeri,5,42,242,4,1.49
fitness-timers,BoxingTimer,punchla,5,,65,46,0.67
fitness-timers,BoxingTimer,shadow boxing timer,5,40,248,12,0.96
fitness-timers,BoxingTimer,boxing gyn,5,40,247,48,0.66
fitness-timers,BoxingTimer,boxing gy m,5,44,244,62,0.62
fitness-timers,BoxingTimer,box workouts,5,,182,30,0.74
fitness-timers,BoxingTimer,boxng workout,5,42,248,10,1.02
fitness-timers,BoxingTimer,boxxing workout,5,42,248,11,0.98
fitness-timers,BoxingTimer,boxxing,5,57,248,147,0.53
fitness-timers,BoxingTimer,boxing defense,5,47,245,210,0.50
fitness-timers,BoxingTimer,boxing defence,5,,246,79,0.59
fitness-timers,BoxingTimer,boxing skills,5,48,237,140,0.53
fitness-timers,BoxingTimer,boxing free,5,58,243,106,0.56
fitness-timers,BoxingTimer,best boxing,5,,246,118,0.55
fitness-timers,BoxingTimer,heavy bag app,5,,249,5,1.34
fitness-timers,BoxingTimer,heavy bag coach,5,,5,5,1.34
fitness-timers,BoxingTimer,boxing train,5,53,246,162,0.52
fitness-timers,BoxingTimer,alert timer,5,61,239,224,0.49
fitness-timers,BoxingTimer,boxe thaï,5,,99,3,1.74
fitness-timers,BoxingTimer,hiit boxing timer,5,40,245,1,5.00
fitness-timers,BoxingTimer,boxing stopwatch,5,42,241,10,1.02
fitness-timers,BoxingTimer,time round,5,46,235,20,0.82
fitness-timers,BoxingTimer,round time,5,48,240,2,2.29
fitness-timers,BoxingTimer,thai boxing,5,54,241,27,0.76
fitness-timers,BoxingTimer,boxing city,5,44,238,88,0.58
fitness-timers,BoxingTimer,hiit  timer,5,44,237,160,0.52
fitness-timers,BoxingTimer,best interval timer,5,,247,126,0.54
fitness-timers,BoxingTimer,train intervals,5,40,240,71,0.61
fitness-timers,BoxingTimer,training intervals,5,40,239,84,0.59
fitness-timers,BoxingTimer,𝐢𝐧𝐭𝐞𝐫𝐯𝐚𝐥 𝐭𝐢𝐦𝐞𝐫,5,,245,18,0.84
fitness-timers,BoxingTimer,𝐡𝐢𝐢𝐭,5,,237,194,0.50
fitness-timers,BoxingTimer,𝐭𝐢𝐦𝐞𝐫,5,47,250,54,0.64
fitness-timers,BoxingTimer,interval tier,5,43,242,10,1.02
fitness-timers,BoxingTimer,fartlek training,5,40,244,99,0.57
fitness-timers,BoxingTimer,round clock,5,43,249,1,5.00
fitness-timers,BoxingTimer,intervall intervalle fasting fast interv,5,47,249,3,1.74
fitness-timers,BoxingTimer,hiit timer for workout,5,42,245,224,0.49
fitness-timers,BoxingTimer,brewing timer,5,44,243,91,0.58
fitness-timers,BoxingTimer,deep breath alarm,5,,240,20,0.82
fitness-timers,BoxingTimer,esports timer,5,,247,112,0.55
fitness-timers,BoxingTimer,shadow%20boxing,5,42,243,111,0.55
fitness-timers,BoxingTimer,hiit%20timer%20free,5,46,246,183,0.51
fitness-timers,BoxingTimer,muay%20thai,5,25,244,201,0.50
fitness-timers,BoxingTimer,boxing%20timer,5,32,244,2,2.29
fitness-timers,BoxingTimer,periodic%20timer,5,51,249,229,0.49
fitness-timers,BoxingTimer,wod%20timer,5,50,248,132,0.54
fitness-timers,BoxingTimer,timer%20for%20workouts,5,65,247,145,0.53
fitness-timers,BoxingTimer,head%20boxing,5,30,245,190,0.50
fitness-timers,BoxingTimer,workout%20interval%20timer,5,69,247,67,0.61
fitness-timers,BoxingTimer,tempo train,5,58,248,67,0.61
fitness-timers,BoxingTimer,online timer,5,57,247,187,0.51
fitness-timers,BoxingTimer,timer for workouts - wid,5,,247,220,0.49
fitness-timers,BoxingTimer,timer%20for%20kids,5,,247,242,0.48
fitness-timers,BoxingTimer,boxing%20round%20timer,5,56,235,22,0.80
fitness-timers,BoxingTimer,circuit%20timer,5,52,246,228,0.49
fitness-timers,BoxingTimer,stretch%20timer,5,,248,214,0.49
fitness-timers,BoxingTimer,workout%20timer%20free,5,,250,69,0.61
fitness-timers,BoxingTimer,workout%20timer%20custom%20intervals,5,,245,160,0.52
fitness-timers,BoxingTimer,interval%20timer%20free,5,43,250,19,0.83
fitness-timers,BoxingTimer,heavy%20bag%20pro,5,40,246,105,0.56
fitness-timers,BoxingTimer,sprint%20timer,5,,249,243,0.48
fitness-timers,BoxingTimer,boxing routine,5,40,247,159,0.52
fitness-timers,BoxingTimer,ring fitness,5,,228,103,0.56
fitness-timers,BoxingTimer,boxing scoreboard,5,42,242,242,0.48
fitness-timers,BoxingTimer,mma gym,5,,247,161,0.52
fitness-timers,BoxingTimer,boxing combinations callout,5,40,247,126,0.54
fitness-timers,BoxingTimer,boxing callout training,5,42,246,109,0.56
fitness-timers,BoxingTimer,boxing combination callout,5,,223,15,0.89
fitness-timers,BoxingTimer,boxing coaching,5,40,245,60,0.63
fitness-timers,BoxingTimer,tabata timer 2025,5,,213,28,0.75
fitness-timers,BoxingTimer,boxing program,5,44,247,198,0.50
fitness-timers,BoxingTimer,hiit timer timer,5,,244,106,0.56
fitness-timers,BoxingTimer,hiit timer for teams,5,,244,130,0.54
fitness-timers,BoxingTimer,workout timer minimal,5,,247,185,0.51
fitness-timers,BoxingTimer,訓練,5,62,246,205,0.50
fitness-timers,BoxingTimer,dog agility training timer,5,,249,182,0.51
fitness-timers,BoxingTimer,boxing counter,5,,249,1,5.00
fitness-timers,BoxingTimer,mma interval timer,5,42,234,1,5.00
fitness-timers,BoxingTimer,boxer wallpaper,5,,208,108,0.56
fitness-timers,BoxingTimer,rest timer - waitwaitgo!,5,50,248,156,0.52
fitness-timers,BoxingTimer,martial arts timer,5,47,242,6,1.24
fitness-timers,BoxingTimer,boxing coch,5,40,245,11,0.98
fitness-timers,BoxingTimer,学习计时器,5,47,247,124,0.54
fitness-timers,BoxingTimer,lacrosse timer,5,,193,68,0.61
fitness-timers,BoxingTimer,boxing planner,5,,249,204,0.50
fitness-timers,BoxingTimer,learn judo,5,27,243,224,0.49
fitness-timers,BoxingTimer,learn  judo,5,,243,241,0.48
fitness-timers,BoxingTimer,horse training timer,5,40,244,37,0.70
fitness-timers,BoxingTimer,rowing timer,5,,249,51,0.65
fitness-timers,BoxingTimer,intervals.icu,5,,220,101,0.56
fitness-timers,BoxingTimer,hold your breath longer,5,,243,52,0.65
fitness-timers,BoxingTimer,voxing timer,5,,248,2,2.29
fitness-timers,BoxingTimer,gym click,5,,226,76,0.60
fitness-timers,BoxingTimer,lash tech timer,5,,248,191,0.50
fitness-timers,BoxingTimer,push timer,5,,245,87,0.58
fitness-timers,BoxingTimer,best drug timer,5,,228,27,0.76
fitness-timers,BoxingTimer,match timer,5,53,221,158,0.52
fitness-timers,BoxingTimer,raid timer,5,,197,6,1.24
fitness-timers,BoxingTimer,sparring timer,5,52,249,1,5.00
fitness-timers,BoxingTimer,crossfit timer.,5,,246,34,0.71
fitness-timers,BoxingTimer,crossfit emom timer,5,,247,126,0.54
fitness-timers,BoxingTimer,boxing interval timer app,5,,250,1,5.00
fitness-timers,BoxingTimer,smart interval timer gym,5,,244,45,0.67
fitness-timers,BoxingTimer,45 15 hiit timer,5,,248,73,0.60
fitness-timers,BoxingTimer,functional training timer,5,,247,109,0.56
fitness-timers,BoxingTimer,punching bag round timer,5,,248,2,2.29
fitness-timers,BoxingTimer,box intervals,5,,243,4,1.49
fitness-timers,BoxingTimer,fight intervals,5,,193,5,1.34
fitness-timers,BoxingTimer,boxing sparring,5,40,245,4,1.49
fitness-timers,BoxingTimer,timer for hiit,5,,242,97,0.57
fitness-timers,BoxingTimer,workout timer timer,5,,247,89,0.58
fitness-timers,BoxingTimer,boxe trainer,5,,224,43,0.68
fitness-timers,BoxingTimer,boxing moves,5,54,238,73,0.60
fitness-timers,BoxingTimer,tabata timer 2026,5,64,243,206,0.50
fitness-timers,BoxingTimer,training timer workout,5,73,247,128,0.54
fitness-timers,BoxingTimer,work out round timer,5,,248,118,0.55
fitness-timers,BoxingTimer,boxout - all good no worries,5,50,250,226,0.49
fitness-timers,BoxingTimer,interval timer – workout timer,5,,245,24,0.78
fitness-timers,BoxingTimer,hiit timer & interval timer,5,,243,116,0.55
fitness-timers,BoxingTimer,round timer: purehiit,5,45,221,11,0.98
fitness-timers,BoxingTimer,hiit time,5,,240,113,0.55
fitness-timers,BoxingTimer,timer for women,5,,248,13,0.93
fitness-timers,BoxingTimer,boxing scorer,5,40,239,26,0.76
fitness-timers,BoxingTimer,temporizador treino,5,,250,7,1.16
fitness-timers,BoxingTimer,interval bell,5,43,250,4,1.49
fitness-timers,BoxingTimer,timer de treino,5,,246,7,1.16
fitness-timers,BoxingTimer,smoker timer,5,,185,56,0.64
fitness-timers,BoxingTimer,hand grip timer,5,,249,32,0.73
fitness-timers,BoxingTimer,crossfit timer app,5,,250,211,0.49
fitness-timers,BoxingTimer,debate timer app,5,,226,82,0.59
fitness-timers,BoxingTimer,push ups timer,5,,246,81,0.59
fitness-timers,BoxingTimer,app de gimnasio,5,78,247,191,0.50
fitness-timers,BoxingTimer,boxing bell timer,5,40,246,1,5.00
fitness-timers,BoxingTimer,boxing itimer,5,,249,2,2.29
fitness-timers,BoxingTimer,coaching drill timer,5,,249,55,0.64
fitness-timers,BoxingTimer,boxing vs arm wrestling ultimatum,5,,236,164,0.52
fitness-timers,BoxingTimer,exercise hiit interval timer,5,,241,170,0.51
fitness-timers,BoxingTimer,hiit block: interval timer,5,,241,126,0.54
fitness-timers,BoxingTimer,hiit pro: interval timer,5,,241,200,0.50
fitness-timers,BoxingTimer,international judo federation,5,,242,114,0.55
fitness-timers,BoxingTimer,mma clock,5,,209,1,5.00
fitness-timers,BoxingTimer,mma round timer,5,49,249,1,5.00
fitness-timers,BoxingTimer,mma-d,5,,237,141,0.53
fitness-timers,BoxingTimer,standup workouts timer,5,,245,238,0.48
fitness-timers,BoxingTimer,home cardio: beat boxing,5,42,246,220,0.49
fitness-timers,BoxingTimer,boxing workout for women,5,,247,48,0.66
fitness-timers,BoxingTimer,fitness boxin,5,,244,125,0.54
fitness-timers,BoxingTimer,woman training,5,40,240,224,0.49
fitness-timers,BoxingTimer,muay thai training timer,5,40,242,1,5.00
fitness-timers,BoxingTimer,martial arts training timer,5,40,240,1,5.00
fitness-timers,BoxingTimer,martial arts round timer,5,40,237,2,2.29
fitness-timers,BoxingTimer,kickboxing round timer,5,40,237,12,0.96
fitness-timers,BoxingTimer,kickboxing workout timer,5,44,244,3,1.74
fitness-timers,BoxingTimer,kickboxing training timer,5,40,241,2,2.29
fitness-timers,BoxingTimer,heavy bag workout timer,5,44,243,5,1.34
fitness-timers,BoxingTimer,solo boxing timer,5,40,244,5,1.34
fitness-timers,BoxingTimer,bag workout timer,5,44,245,6,1.24
fitness-timers,BoxingTimer,boxing bag timer,5,40,242,1,5.00
fitness-timers,BoxingTimer,boxing bag workout,5,40,238,78,0.59
fitness-timers,BoxingTimer,boxing cardio timer,5,40,240,2,2.29
fitness-timers,BoxingTimer,solo training timer,5,47,246,24,0.78
fitness-timers,BoxingTimer,boxing conditioning timer,5,40,240,2,2.29
fitness-timers,BoxingTimer,boxing drills timer,5,40,237,3,1.74
fitness-timers,BoxingTimer,round timer bell,5,40,246,7,1.16
fitness-timers,BoxingTimer,rest round timer,5,48,247,21,0.81
fitness-timers,BoxingTimer,boxing bell app,5,40,244,32,0.73
fitness-timers,BoxingTimer,timer with bell,5,40,245,78,0.59
fitness-timers,BoxingTimer,interval timer with bell,5,42,241,15,0.89
fitness-timers,BoxingTimer,round rest timer,5,48,246,31,0.73
fitness-timers,BoxingTimer,workout timer with bell,5,45,242,61,0.63
fitness-timers,BoxingTimer,training timer with sound,5,44,245,23,0.79
fitness-timers,BoxingTimer,custom boxing timer,5,40,239,3,1.74
fitness-timers,BoxingTimer,boxing timer presets,5,40,239,1,5.00
fitness-timers,BoxingTimer,mma timer with bell,5,40,241,2,2.29
fitness-timers,BoxingTimer,kickboxing round timer app,5,40,244,3,1.74
fitness-timers,BoxingTimer,boxing timer with bell,5,40,236,1,5.00
fitness-timers,BoxingTimer,kickboxing timer with bell,5,40,244,2,2.29
fitness-timers,BoxingTimer,abs timer,5,,244,88,0.58
fitness-timers,BoxingTimer,badminton timer,5,,249,79,0.59
fitness-timers,BoxingTimer,asthma timer,5,,232,22,0.80
fitness-timers,BoxingTimer,boxing guide,5,44,235,108,0.56
fitness-timers,BoxingTimer,boxing log,5,54,245,152,0.52
fitness-timers,BoxingTimer,crossfit counter,5,,248,135,0.54
fitness-timers,BoxingTimer,hockey timer,5,,248,50,0.65
fitness-timers,BoxingTimer,gyms plates reddit best,5,,224,62,0.62
fitness-timers,BoxingTimer,bumpers plates reddit app journal,5,,219,48,0.66
fitness-timers,BoxingTimer,bumpers plates reddit app reminder,5,,229,44,0.67
fitness-timers,BoxingTimer,crossfit wod timer,5,45,242,107,0.56
fitness-timers,BoxingTimer,muay thai log,5,,240,98,0.57
fitness-timers,BoxingTimer,treino app,5,,248,185,0.51
fitness-timers,BoxingTimer,jump rope timer,5,41,248,5,1.34
fitness-timers,BoxingTimer,moji reloj,5,,248,196,0.50
fitness-timers,BoxingTimer,wrestling timer,5,53,246,2,2.29
fitness-timers,BoxingTimer,reloj hablante,5,,250,204,0.50
fitness-timers,BoxingTimer,gym interval,5,,241,23,0.79
fitness-timers,BoxingTimer,kicks counter,5,44,250,246,0.48
fitness-timers,BoxingTimer,d bat,5,,238,154,0.52
fitness-timers,BoxingTimer,lead tracker counter,5,,236,100,0.57
fitness-timers,BoxingTimer,trein timer,5,,246,76,0.60
fitness-timers,BoxingTimer,muay thai techniques,5,,237,84,0.59
fitness-timers,BoxingTimer,combat timer,5,49,246,31,0.73
fitness-timers,BoxingTimer,circuit round timer,5,40,245,42,0.68
fitness-timers,BoxingTimer,interval clock & daily relief,5,,246,32,0.73
fitness-timers,BoxingTimer,crossfit round,5,,250,46,0.67
fitness-timers,BoxingTimer,crossfit round timer,5,,245,3,1.74
fitness-timers,BoxingTimer,gym timer haptics,5,,248,32,0.73
fitness-timers,BoxingTimer,gym timer with haptics,5,,249,31,0.73
fitness-timers,BoxingTimer,stretch timer with sound,5,,244,228,0.49
fitness-timers,BoxingTimer,round interval timer,5,,244,9,1.06
fitness-timers,BoxingTimer,hiit crossfit timer,5,,247,104,0.56
fitness-timers,BoxingTimer,beep timer gym,5,,246,72,0.60
fitness-timers,BoxingTimer,vibration workout timer,5,,243,91,0.58
fitness-timers,BoxingTimer,music ducking timer,5,,241,226,0.49
fitness-timers,BoxingTimer,non interrupting gym timer,5,,244,8,1.10
fitness-timers,BoxingTimer,boxing interval clock,5,,245,1,5.00
fitness-timers,BoxingTimer,bjj sparring timer,5,,248,13,0.93
fitness-timers,BoxingTimer,wod clock haptics,5,,249,146,0.53
fitness-timers,BoxingTimer,clean workout timer,5,,242,76,0.60
fitness-timers,BoxingTimer,vibration only gym timer,5,,245,21,0.81
fitness-timers,BoxingTimer,haptic round timer,5,,248,12,0.96
fitness-timers,BoxingTimer,audio ducking workout timer,5,,241,158,0.52
fitness-timers,BoxingTimer,hiit clock with haptics,5,,249,77,0.60
fitness-timers,BoxingTimer,heavy bag boxing timer,5,40,242,1,5.00
fitness-timers,BoxingTimer,sparring round clock,5,,250,2,2.29
fitness-timers,BoxingTimer,audio friendly round timer,5,,249,9,1.06
fitness-timers,BoxingTimer,music compatible gym timer,5,,245,146,0.53
fitness-timers,BoxingTimer,gym timer background play,5,,249,1,5.00
fitness-timers,BoxingTimer,vibrating workout timer,5,,244,169,0.51
fitness-timers,BoxingTimer,headphone friendly gym timer,5,,247,4,1.49
fitness-timers,BoxingTimer,fitness interval clock,5,,247,184,0.51
fitness-timers,BoxingTimer,interval training clock,5,,244,34,0.71
fitness-timers,BoxingTimer,boxing round counter,5,,248,1,5.00
fitness-timers,BoxingTimer,haptic alert gym timer,5,,246,45,0.67
fitness-timers,BoxingTimer,workout timer music ducking,5,,243,62,0.62
fitness-timers,BoxingTimer,gym workout timer,5,,247,126,0.54
fitness-timers,BoxingTimer,hiit timer spotify,5,,246,81,0.59
fitness-timers,BoxingTimer,boxing timer rounds,5,,235,2,2.29
fitness-timers,BoxingTimer,hiit rounds timer,5,,243,12,0.96
fitness-timers,BoxingTimer,wod timer crossfit,5,,242,104,0.56
fitness-timers,BoxingTimer,cooldown timer gym,5,,246,63,0.62
fitness-timers,BoxingTimer,training interval timer,5,,243,47,0.66
fitness-timers,BoxingTimer,hiit round timer,5,,242,17,0.86
fitness-timers,BoxingTimer,rounds timer workout,5,,241,5,1.34
fitness-timers,BoxingTimer,interval timer spotify,5,,240,62,0.62
fitness-timers,BoxingTimer,haptic workout timer,5,,242,138,0.53
fitness-timers,BoxingTimer,fullscreen gym timer,5,,246,20,0.82
fitness-timers,BoxingTimer,lightweight interval timer,5,,241,76,0.60
fitness-timers,BoxingTimer,mma & fight clock,5,,237,2,2.29
fitness-timers,BoxingTimer,fight camp timer,5,,247,5,1.34
fitness-timers,BoxingTimer,bodyweight workout timer,5,,248,151,0.52
fitness-timers,BoxingTimer,sound cue workout timer,5,,246,135,0.54
fitness-timers,BoxingTimer,multi round timer,5,,248,23,0.79
fitness-timers,BoxingTimer,jump rope interval timer,5,,243,88,0.58
fitness-timers,BoxingTimer,sets and reps timer,5,,248,122,0.55
fitness-timers,BoxingTimer,lightweight workout timer,5,,247,56,0.64
fitness-timers,BoxingTimer,gym timer haptic,5,,245,41,0.68
fitness-timers,BoxingTimer,boxing round timer with music,5,,237,3,1.74
fitness-timers,BoxingTimer,rest timer for weightlifting,5,,246,38,0.70
fitness-timers,BoxingTimer,amrap round timer,5,,248,9,1.06
fitness-timers,BoxingTimer,gym rest timer haptics,5,,247,33,0.72
fitness-timers,BoxingTimer,non interrupting workout timer,5,,247,165,0.52
fitness-timers,BoxingTimer,15 minute workout timer,5,,245,172,0.51
fitness-timers,BoxingTimer,timer for gym headphones,5,,247,5,1.34
fitness-timers,BoxingTimer,vibrating gym timer,5,,246,51,0.65
fitness-timers,BoxingTimer,no pause workout timer,5,,247,142,0.53
fitness-timers,BoxingTimer,gyms timer,5,,242,27,0.76
fitness-timers,BoxingTimer,free interval time,5,,249,23,0.79
fitness-timers,BoxingTimer,interval timer meaning,5,,242,206,0.50
fitness-timers,BoxingTimer,interval timer sale,5,,238,84,0.59
fitness-timers,BoxingTimer,interval timer used,5,,242,118,0.55
fitness-timers,BoxingTimer,timer athletic events,5,,247,69,0.61
fitness-timers,BoxingTimer,free interval time app,5,,248,57,0.63
fitness-timers,BoxingTimer,free interval timer android,5,,239,72,0.60
fitness-timers,BoxingTimer,free interval timer ios,5,,239,145,0.53
fitness-timers,BoxingTimer,free interval timer iphone,5,,244,18,0.84
fitness-timers,BoxingTimer,free interval timer store,5,,242,124,0.54
fitness-timers,BoxingTimer,interval timer for sale,5,,249,30,0.74
fitness-timers,BoxingTimer,interval timer used app,5,,246,102,0.56
fitness-timers,BoxingTimer,interval timer with milliseconds,5,,243,46,0.67
fitness-timers,BoxingTimer,timer used in cricket,5,,249,190,0.50
fitness-timers,BoxingTimer,free interval timer app ios,5,,243,134,0.54
fitness-timers,BoxingTimer,free interval timer app store,5,,245,26,0.76
fitness-timers,BoxingTimer,timer used for athletic events,5,,244,68,0.61
fitness-timers,BoxingTimer,strength training timer,5,,247,22,0.80
fitness-timers,BoxingTimer,crossfit rest timer,5,,247,79,0.59
fitness-timers,BoxingTimer,multiple interval timer,5,,237,67,0.61
fitness-timers,BoxingTimer,adjustable interval timer,5,,238,82,0.59
fitness-timers,BoxingTimer,interval countdown timer,5,,240,118,0.55
fitness-timers,BoxingTimer,hands free workout timer,5,,246,172,0.51
fitness-timers,BoxingTimer,camera workout timer,5,,248,119,0.55
fitness-timers,BoxingTimer,interval timer gym,5,,240,29,0.74
fitness-timers,BoxingTimer,interval timer ios,5,,237,97,0.57
fitness-timers,BoxingTimer,gym countdown timer,5,,245,101,0.56
fitness-timers,BoxingTimer,pomodoro timer app android,5,25,242,168,0.51
fitness-timers,BoxingTimer,couple boxing,5,25,246,142,0.53
fitness-timers,BoxingTimer,thai boxxing,5,,245,17,0.86
fitness-timers,BoxingTimer,gongfu,5,,247,63,0.62
fitness-timers,BoxingTimer,تمرین,5,,248,80,0.59
fitness-timers,BoxingTimer,gym timer widget,,44,245,58,
fitness-timers,BoxingTimer,боксерский таймер,,,46,5,
fitness-timers,BoxingTimer,contador de tiempo,,,249,21,
fitness-timers,BoxingTimer,internet timer,,42,246,11,
fitness-timers,BoxingTimer,boxing gossip,,40,249,90,
fitness-timers,BoxingTimer,健康 跑,,40,240,18,
fitness-timers,BoxingTimer,muay%20thai%20training,,,244,63,
fitness-timers,BoxingTimer,repeat%20timer,,,248,99,
fitness-timers,BoxingTimer,best pill timer,,,222,68,
fitness-timers,BoxingTimer,round counter app,,,202,1,
fitness-timers,BoxingTimer,3 minute timer,,,191,6,
fitness-timers,BoxingTimer,2 minute timer,,,244,71,
fitness-timers,BoxingTimer,boxing timer',,43,227,2,
fitness-timers,BoxingTimer,kettlebell interval timer,,,243,51,
fitness-timers,BoxingTimer,gio for,,,224,45,
fitness-timers,BoxingTimer,hiit timer - training timer,,,242,103,
fitness-timers,BoxingTimer,fight for glory,,,223,58,
fitness-timers,BoxingTimer,fitnes boxing,,42,244,161,
fitness-timers,BoxingTimer,sparpad shadow boxing training workout,,,247,135,
fitness-timers,BoxingTimer,rebuild u boxing,,,247,199,
fitness-timers,BoxingTimer,soccer referee timer by wtsb,,,210,45,
fitness-timers,BoxingTimer,wim hof timer,,26,248,55,
fitness-timers,BoxingTimer,lunch timer,,,248,206,
fitness-timers,BoxingTimer,amrap workout clock,,42,247,194,
fitness-timers,BoxingTimer,interval timer app free,,,245,33,
fitness-timers,BoxingTimer,judo techniques,,,240,188,
fitness-timers,BoxingTimer,boxing techniques,,,246,137,
fitness-timers,BoxingTimer,gym round timer,,48,243,6,
fitness-timers,BoxingTimer,round bell,,40,238,19,
fitness-timers,BoxingTimer,boxing countdown,,40,244,8,
fitness-timers,BoxingTimer,grappling timer,,40,246,18,
fitness-timers,BoxingTimer,karate timer,,44,247,31,
fitness-timers,BoxingTimer,body timer,,,245,70,
fitness-timers,BoxingTimer,wod toolkit,,,249,204,
fitness-timers,BoxingTimer,contador de patadas,,,250,220,
fitness-timers,CrossfitTimer,tabata app,5,43,221,104,0.56
fitness-timers,CrossfitTimer,crossfit timer with music,5,,242,158,0.52
fitness-timers,CrossfitTimer,time intervals,5,52,247,90,0.58
fitness-timers,CrossfitTimer,crosstrainer,5,35,240,23,0.79
fitness-timers,CrossfitTimer,interval runs,5,43,237,146,0.53
fitness-timers,CrossfitTimer,hiit high intensity intervals,5,40,237,170,0.51
fitness-timers,CrossfitTimer,wod interval timer,5,48,244,195,0.50
fitness-timers,CrossfitTimer,interal,5,50,247,176,0.51
fitness-timers,CrossfitTimer,crossfit interval timer,5,45,241,34,0.71
fitness-timers,CrossfitTimer,rounds timer crossfit,5,44,248,95,0.57
fitness-timers,CrossfitTimer,rounds timer for crossfit,5,48,248,225,0.49
fitness-timers,CrossfitTimer,working interval,5,66,247,117,0.55
fitness-timers,CrossfitTimer,exercise circuit,5,75,242,221,0.49
fitness-timers,CrossfitTimer,crosstrain,5,53,243,52,0.65
fitness-timers,CrossfitTimer,tabata intervals,5,46,241,92,0.58
fitness-timers,CrossfitTimer,training intervals,5,40,239,51,0.65
fitness-timers,CrossfitTimer,corssfit wod,5,43,247,234,0.49
fitness-timers,CrossfitTimer,metrix trainer,5,40,244,244,0.48
fitness-timers,CrossfitTimer,wod%20timer,5,50,248,151,0.52
fitness-timers,CrossfitTimer,workout%20timer%20custom%20intervals,5,,245,26,0.76
fitness-timers,CrossfitTimer,intervals.icu,5,,220,213,0.49
fitness-timers,CrossfitTimer,crossfit timer.,5,,246,4,1.49
fitness-timers,CrossfitTimer,crossfit emom timer,5,,247,156,0.52
fitness-timers,CrossfitTimer,tabata timer 2026,5,64,243,154,0.52
fitness-timers,CrossfitTimer,run timrer,5,87,236,198,0.50
fitness-timers,CrossfitTimer,crossfit timer app,5,,250,61,0.63
fitness-timers,CrossfitTimer,crossfit counter,5,,248,110,0.56
fitness-timers,CrossfitTimer,crossfit wod timer,5,45,242,53,0.64
fitness-timers,CrossfitTimer,crossfit round,5,,250,117,0.55
fitness-timers,CrossfitTimer,crossfit round timer,5,,245,71,0.61
fitness-timers,CrossfitTimer,hiit crossfit timer,5,,247,71,0.61
fitness-timers,CrossfitTimer,wod clock haptics,5,,249,226,0.49
fitness-timers,CrossfitTimer,headphone friendly gym timer,5,,247,218,0.49
fitness-timers,CrossfitTimer,wod timer crossfit,5,,242,74,0.60
fitness-timers,CrossfitTimer,timed workout intervals,5,,246,39,0.69
fitness-timers,CrossfitTimer,timer for gym headphones,5,,247,206,0.50
fitness-timers,CrossfitTimer,workout intervals,5,50,247,61,0.63
fitness-timers,CrossfitTimer,crossfit rest timer,5,,247,96,0.57