cluster,app,keyword,popularity,competitiveness,num_apps,rank,importance
islam,MuslimPro,among us,81,72,211,147,8.54
islam,MuslimPro,google calendar,75,64,248,152,7.86
islam,MuslimPro,turo,69,20,248,172,7.07
islam,MuslimPro,vivint,65,68,248,146,6.86
islam,MuslimPro,reminders,63,70,250,159,6.55
islam,MuslimPro,تويتر,61,95,245,65,7.53
islam,MuslimPro,quran,60,80,250,7,13.92
islam,MuslimPro,muzz,60,93,250,79,7.11
islam,MuslimPro,book,59,91,243,53,7.61
islam,MuslimPro,ツイッター,59,96,247,64,7.31
islam,MuslimPro,what,56,92,210,133,6.01
islam,MuslimPro,shot tracer,56,89,248,94,6.42
islam,MuslimPro,mecca,56,71,248,17,9.62
islam,MuslimPro,حقيبة المؤمن,56,78,250,4,16.67
islam,MuslimPro,بانگ,56,46,250,11,11.02
islam,MuslimPro,tod,56,96,249,110,6.22
islam,MuslimPro,al,55,100,245,60,6.90
islam,MuslimPro,اذكار,55,84,247,6,13.59
islam,MuslimPro,count down app free,54,52,249,142,5.73
islam,MuslimPro,fasting tracker,54,68,247,215,5.33
islam,MuslimPro,times,54,92,239,162,5.59
islam,MuslimPro,muslim pro,54,82,250,1,54.00
islam,MuslimPro,sideline,54,96,242,66,6.64
islam,MuslimPro,ublock origin,54,75,233,126,5.85
islam,MuslimPro,ブック,53,83,250,23,8.37
islam,MuslimPro,القران الكريم,53,61,250,23,8.37
islam,MuslimPro,holy,53,92,250,49,6.95
islam,MuslimPro,salams,53,92,248,66,6.52
islam,MuslimPro,hours tracker,52,80,249,142,5.51
islam,MuslimPro,adn,52,96,246,68,6.36
islam,MuslimPro,المصلي,52,75,249,2,23.86
islam,MuslimPro,the countdown app free,52,70,249,137,5.55
islam,MuslimPro,hallow prayer meditation,52,83,248,44,6.99
islam,MuslimPro,discount tire,52,89,229,112,5.76
islam,MuslimPro,quran majeed,51,84,249,5,13.64
islam,MuslimPro,قران الكريم,51,65,250,11,10.04
islam,MuslimPro,compass time,51,87,250,116,5.61
islam,MuslimPro,athan,50,87,250,2,22.94
islam,MuslimPro,pro,49,96,249,46,6.52
islam,MuslimPro,計算,49,87,250,178,4.99
islam,MuslimPro,tarteel,49,88,249,65,6.05
islam,MuslimPro,prayer lock,49,65,249,56,6.24
islam,MuslimPro,ublock,48,88,250,100,5.43
islam,MuslimPro,god,48,91,248,141,5.10
islam,MuslimPro,prayer times,48,87,250,5,12.84
islam,MuslimPro,قران,48,61,250,9,10.13
islam,MuslimPro,قراني,48,46,250,92,5.52
islam,MuslimPro,capcut pro,48,93,245,95,5.49
islam,MuslimPro,buz pro,48,92,249,52,6.22
islam,MuslimPro,bloomingdales,47,95,249,81,5.54
islam,MuslimPro,книги,47,87,250,40,6.46
islam,MuslimPro,استقرام,47,100,250,36,6.62
islam,MuslimPro,finder,46,77,250,121,5.02
islam,MuslimPro,qibla finder,46,76,249,4,13.70
islam,MuslimPro,quranify,46,57,249,53,5.93
islam,MuslimPro,ad,45,75,213,188,4.54
islam,MuslimPro,muslim dating,45,73,248,119,4.93
islam,MuslimPro,al quran,45,87,250,4,13.40
islam,MuslimPro,muslim,45,80,250,1,45.00
islam,MuslimPro,ebook,44,92,250,36,6.20
islam,MuslimPro,ireal pro,44,80,236,79,5.22
islam,MuslimPro,اتجاه القبلة,44,69,249,85,5.14
islam,MuslimPro,qibla,44,88,250,5,11.77
islam,MuslimPro,اذان,44,65,250,4,13.10
islam,MuslimPro,ختمه,44,61,249,11,8.66
islam,MuslimPro,انا مسلم,44,82,249,9,9.29
islam,MuslimPro,qıbla,44,58,250,2,20.19
islam,MuslimPro,muzmatch,43,65,249,72,5.20
islam,MuslimPro,namaz vakitleri,43,29,247,30,6.34
islam,MuslimPro,المصحف الذهبي,43,72,249,14,7.83
islam,MuslimPro,halal ou pas,42,57,245,9,8.86
islam,MuslimPro,libros,42,92,249,42,5.71
islam,MuslimPro,اوقات الصلاة,42,77,250,6,10.37
islam,MuslimPro,coran francais,42,72,247,6,10.37
islam,MuslimPro,تطبيق,42,92,195,161,4.35
islam,MuslimPro,القبله,42,72,250,29,6.24
islam,MuslimPro,never,41,84,249,82,4.83
islam,MuslimPro,время намаза,41,58,249,3,14.29
islam,MuslimPro,coran,41,59,249,5,10.97
islam,MuslimPro,الاذان,41,78,248,5,10.97
islam,MuslimPro,pillars,41,69,245,3,14.29
islam,MuslimPro,коран,41,71,249,5,10.97
islam,MuslimPro,مواقيت الصلاة,41,59,250,4,12.21
islam,MuslimPro,dua,40,71,248,121,4.37
islam,MuslimPro,athan pro,40,81,250,2,18.35
islam,MuslimPro,islam,40,75,249,2,18.35
islam,MuslimPro,mawaqit,40,72,249,7,9.28
islam,MuslimPro,صلاتي,40,80,250,15,7.13
islam,MuslimPro,qibla boussole,40,53,250,22,6.39
islam,MuslimPro,المصحف,40,54,250,25,6.18
islam,MuslimPro,намаз,40,52,249,4,11.91
islam,MuslimPro,القران,40,53,250,8,8.81
islam,MuslimPro,[muslim],40,49,250,1,40.00
islam,MuslimPro,application,39,90,203,150,4.09
islam,MuslimPro,jaco,39,100,250,155,4.07
islam,MuslimPro,just pray,39,73,249,8,8.59
islam,MuslimPro,priere,38,75,248,3,13.24
islam,MuslimPro,free books,37,77,240,38,5.15
islam,MuslimPro,月,37,67,213,134,3.96
islam,MuslimPro,salata,36,25,248,42,4.89
islam,MuslimPro,rencontre musulman,35,20,245,35,4.97
islam,MuslimPro,notifications,34,95,248,152,3.56
islam,MuslimPro,pray com,34,80,249,14,6.19
islam,MuslimPro,페이스,34,89,249,228,3.32
islam,MuslimPro,言語,33,97,385,211,3.27
islam,MuslimPro,miami university events,33,44,244,94,3.78
islam,MuslimPro,قران كريم,32,78,250,23,5.05
islam,MuslimPro,adan salat,31,75,250,1,31.00
islam,MuslimPro,ath,31,93,250,55,3.97
islam,MuslimPro,daily prayer,30,91,249,71,3.64
islam,MuslimPro,appli,30,90,191,179,3.05
islam,MuslimPro,azan time pro,30,61,249,2,13.77
islam,MuslimPro,worship online,30,85,250,121,3.28
islam,MuslimPro,my we,30,96,248,197,3.00
islam,MuslimPro,kible bulucu,30,53,249,94,3.44
islam,MuslimPro,kw prayer,30,19,249,7,6.96
islam,MuslimPro,book apps for free,29,80,243,37,4.06
islam,MuslimPro,pro tools,28,97,250,107,3.13
islam,MuslimPro,発音,28,90,218,113,3.10
islam,MuslimPro,siren sounds,28,84,250,181,2.84
islam,MuslimPro,اذان الصلاة,28,75,249,3,9.76
islam,MuslimPro,le coran,28,27,249,4,8.34
islam,MuslimPro,daily look,28,98,249,107,3.13
islam,MuslimPro,free calendar app,27,81,250,225,2.64
islam,MuslimPro,ad free,27,71,207,150,2.83
islam,MuslimPro,instapro,27,93,248,85,3.15
islam,MuslimPro,quran widget,27,72,249,5,7.22
islam,MuslimPro,islamic prayer times,26,76,250,1,26.00
islam,MuslimPro,allah,26,72,250,121,2.84
islam,MuslimPro,reminder app free,26,73,250,148,2.74
islam,MuslimPro,كتاب,25,74,238,32,3.63
islam,MuslimPro,prayer journal app,25,71,250,59,3.15
islam,MuslimPro,complete,25,59,240,136,2.67
islam,MuslimPro,daily reminders,24,74,250,143,2.54
islam,MuslimPro,安心,24,97,249,76,2.87
islam,MuslimPro,holy dating app,24,75,248,71,2.91
islam,MuslimPro,free fasting app fasting tracker,23,59,248,175,2.35
islam,MuslimPro,amen the prayer app,23,56,249,27,3.48
islam,MuslimPro,holy app,23,75,250,70,2.80
islam,MuslimPro,live mosque,23,83,249,2,10.55
islam,MuslimPro,prayer times uk,22,58,249,7,5.10
islam,MuslimPro,feature,22,93,232,114,2.43
islam,MuslimPro,وتساب عمر,22,100,250,171,2.26
islam,MuslimPro,qatar prayer,21,52,248,33,3.02
islam,MuslimPro,namaz times,21,56,248,2,9.64
islam,MuslimPro,اذكار الصباح والمساء بدون انترنت,21,53,248,28,3.15
islam,MuslimPro,qwen 3,21,98,250,73,2.53
islam,MuslimPro,book app,20,75,241,48,2.64
islam,MuslimPro,east london mosque,20,34,223,5,5.35
islam,MuslimPro,qibla kompass,20,66,249,54,2.57
islam,MuslimPro,kible pusula,18,45,249,117,1.98
islam,MuslimPro,gebet,17,74,248,5,4.55
islam,MuslimPro,rappel islam,17,56,250,1,17.00
islam,MuslimPro,salaams,17,76,248,62,2.12
islam,MuslimPro,oxford bus,17,91,250,81,2.01
islam,MuslimPro,proper,16,95,244,16,2.80
islam,MuslimPro,mosque,16,72,250,1,16.00
islam,MuslimPro,quibla,16,70,247,6,3.95
islam,MuslimPro,fusteka,16,25,247,112,1.77
islam,MuslimPro,quran 360,15,57,239,13,2.80
islam,MuslimPro,salaam,15,71,248,47,1.99
islam,MuslimPro,قبلة الصلاة,15,75,250,4,4.47
islam,MuslimPro,coran 360,15,54,250,35,2.13
islam,MuslimPro,quran360,15,78,249,69,1.83
islam,MuslimPro,islamic prayer times app,15,75,249,1,15.00
islam,MuslimPro,malaysia,14,61,241,145,1.48
islam,MuslimPro,al quran mp3,14,72,250,121,1.53
islam,MuslimPro,muslim prayer app,13,73,250,1,13.00
islam,MuslimPro,muslim app,13,54,250,1,13.00
islam,MuslimPro,المؤذن,13,81,249,7,3.02
islam,MuslimPro,quran translation,13,65,250,5,3.48
islam,MuslimPro,الا صلاتي,13,72,250,16,2.27
islam,MuslimPro,الموذن,13,19,248,5,3.48
islam,MuslimPro,коран маджид,13,68,250,118,1.43
islam,MuslimPro,complete app,13,,226,153,1.36
islam,MuslimPro,comete,13,65,247,82,1.53
islam,MuslimPro,spare time,13,100,250,155,1.36
islam,MuslimPro,deutsch artikel,12,36,246,121,1.31
islam,MuslimPro,azan alarm,12,81,249,2,5.51
islam,MuslimPro,salah times,12,75,250,3,4.18
islam,MuslimPro,doa,12,75,249,32,1.74
islam,MuslimPro,horaires de prières,11,83,250,5,2.94
islam,MuslimPro,برنامج اذان,11,75,250,4,3.28
islam,MuslimPro,tajweed quran,10,79,250,131,1.08
islam,MuslimPro,dikr,10,58,249,122,1.09
islam,MuslimPro,dating app muslim,10,84,250,60,1.26
islam,MuslimPro,omar and hana,10,97,249,46,1.33
islam,MuslimPro,ada,9,75,242,77,1.07
islam,MuslimPro,adhan,9,81,249,2,4.13
islam,MuslimPro,open library,9,92,249,74,1.08
islam,MuslimPro,libro,9,92,250,40,1.24
islam,MuslimPro,azan time,9,74,250,1,9.00
islam,MuslimPro,quranic,9,68,250,5,2.41
islam,MuslimPro,qoran,9,72,249,6,2.22
islam,MuslimPro,quran english,9,79,250,30,1.33
islam,MuslimPro,english quran,9,50,248,45,1.20
islam,MuslimPro,quran com,9,60,248,6,2.22
islam,MuslimPro,quran audio,9,83,250,122,0.98
islam,MuslimPro,my time,9,47,239,92,1.04
islam,MuslimPro,pitch finder,9,49,250,117,0.99
islam,MuslimPro,hadith collection,9,34,250,95,1.03
islam,MuslimPro,adnan,9,74,249,18,1.52
islam,MuslimPro,القبلة,9,74,250,22,1.44
islam,MuslimPro,قبله نما,9,51,249,77,1.07
islam,MuslimPro,coran audio,9,74,250,9,1.90
islam,MuslimPro,hisnul muslim,9,85,249,64,1.11
islam,MuslimPro,simple fasting app,9,50,245,122,0.98
islam,MuslimPro,salam,9,80,248,69,1.10
islam,MuslimPro,salah tracker,9,33,216,10,1.83
islam,MuslimPro,صلاة,9,56,250,5,2.41
islam,MuslimPro,الله,9,78,250,12,1.72
islam,MuslimPro,alkhattaba,9,71,250,17,1.55
islam,MuslimPro,번역,9,65,249,76,1.08
islam,MuslimPro,deen,9,28,241,64,1.11
islam,MuslimPro,umrah,9,47,249,124,0.98
islam,MuslimPro,tarteel al quran,9,62,248,101,1.02
islam,MuslimPro,adkar,9,70,249,37,1.26
islam,MuslimPro,x downloader,9,98,250,138,0.96
islam,MuslimPro,arabic learning,8,78,250,175,0.82
islam,MuslimPro,holy quran,8,86,249,6,1.98
islam,MuslimPro,prayer mate,8,59,249,5,2.14
islam,MuslimPro,namaz app,8,77,250,2,3.67
islam,MuslimPro,ezan alarmi,8,52,247,106,0.90
islam,MuslimPro,reminders app,8,56,250,173,0.82
islam,MuslimPro,i have never,8,59,248,158,0.83
islam,MuslimPro,prayer tracker,8,74,250,7,1.86
islam,MuslimPro,salat,8,72,250,4,2.38
islam,MuslimPro,qibla direction,8,73,249,2,3.67
islam,MuslimPro,islam 360,8,53,249,6,1.98
islam,MuslimPro,times up,8,82,250,148,0.84
islam,MuslimPro,kanguka,8,74,250,55,1.02
islam,MuslimPro,almosaly,8,32,250,2,3.67
islam,MuslimPro,ipray,8,79,248,6,1.98
islam,MuslimPro,برنامج الاذان,8,82,250,6,1.98
islam,MuslimPro,dhikr dua,8,74,250,6,1.98
islam,MuslimPro,daily reminder,7,74,250,145,0.74
islam,MuslimPro,azan,7,86,249,1,7.00
islam,MuslimPro,calendar google,7,56,249,152,0.73
islam,MuslimPro,fasting app,7,49,242,171,0.72
islam,MuslimPro,the new york times,7,35,200,160,0.73
islam,MuslimPro,quran explorer,7,60,249,97,0.80
islam,MuslimPro,مسلم برو,7,75,250,1,7.00
islam,MuslimPro,prayer,7,80,249,2,3.21
islam,MuslimPro,daily om,7,74,238,134,0.75
islam,MuslimPro,pray as you go,7,85,249,78,0.83
islam,MuslimPro,salah,7,74,247,96,0.80
islam,MuslimPro,أذكار,7,82,249,15,1.25
islam,MuslimPro,simple app,7,55,228,168,0.72
islam,MuslimPro,quran recitation,7,84,250,8,1.54
islam,MuslimPro,golden quran,7,58,250,12,1.34
islam,MuslimPro,iss finder,7,87,242,99,0.79
islam,MuslimPro,promemoria,7,55,249,112,0.78
islam,MuslimPro,working time,7,81,250,155,0.73
islam,MuslimPro,dhikr,7,76,249,120,0.77
islam,MuslimPro,ezan vakti pro,7,62,249,3,2.44
islam,MuslimPro,beten,7,67,249,21,1.13
islam,MuslimPro,gebetszeiten,7,74,250,1,7.00
islam,MuslimPro,islam app,7,61,249,2,3.21
islam,MuslimPro,kibla,7,77,248,5,1.87
islam,MuslimPro,tajweed,7,64,250,126,0.76
islam,MuslimPro,coran en français,7,81,250,6,1.73
islam,MuslimPro,برنامج الاذان منبه صلاتك,7,59,248,5,1.87
islam,MuslimPro,diyanet namaz vakitleri,7,53,247,10,1.42
islam,MuslimPro,Quran for All,7,45,250,15,1.25
islam,MuslimPro,time cut,7,98,250,29,1.04
islam,MuslimPro,habit tracker pro,7,55,250,152,0.73
islam,MuslimPro,free book apps,6,76,239,35,0.85
islam,MuslimPro,azangoo,6,61,248,5,1.61
islam,MuslimPro,remind app,6,56,250,122,0.65
islam,MuslimPro,reminder app,6,32,249,174,0.61
islam,MuslimPro,memento,6,62,245,86,0.70
islam,MuslimPro,quran pro,6,59,249,2,2.75
islam,MuslimPro,quran app,6,80,250,8,1.32
islam,MuslimPro,time until,6,76,248,183,0.61
islam,MuslimPro,working hours,6,81,250,221,0.59
islam,MuslimPro,halal,6,69,248,164,0.62
islam,MuslimPro,namaz,6,76,248,4,1.79
islam,MuslimPro,muslim prayer,6,53,250,1,6.00
islam,MuslimPro,namaz vakti,6,56,248,6,1.48
islam,MuslimPro,ig trading,6,91,250,35,0.85
islam,MuslimPro,اذكار المسلم,6,82,250,35,0.85
islam,MuslimPro,our home,6,55,225,94,0.69
islam,MuslimPro,muslim chat,6,74,250,5,1.61
islam,MuslimPro,namaz time,6,78,250,1,6.00
islam,MuslimPro,adan,6,83,250,4,1.79
islam,MuslimPro,telecharger,6,83,207,126,0.65
islam,MuslimPro,prayer now,6,80,247,5,1.61
islam,MuslimPro,quran offline,6,60,249,120,0.66
islam,MuslimPro,lovense connect,6,82,247,22,0.96
islam,MuslimPro,horario de clases,6,70,250,135,0.64
islam,MuslimPro,muslima,6,87,250,22,0.96
islam,MuslimPro,اذان گو,6,55,249,4,1.79
islam,MuslimPro,inshallah,6,58,248,54,0.77
islam,MuslimPro,al quran bangla,6,72,250,121,0.66
islam,MuslimPro,iquran,6,71,250,31,0.88
islam,MuslimPro,islamic calendar,6,45,249,5,1.61
islam,MuslimPro,surah,6,82,248,13,1.12
islam,MuslimPro,salat first,6,59,248,4,1.79
islam,MuslimPro,athan prayer times,6,47,250,2,2.75
islam,MuslimPro,ختمة,6,75,249,41,0.82
islam,MuslimPro,القران الكريم بدون انترنت,6,76,250,126,0.65
islam,MuslimPro,islamic games,6,81,248,47,0.79
islam,MuslimPro,قرآن كريم,6,70,250,125,0.65
islam,MuslimPro,iman,6,73,249,38,0.83
islam,MuslimPro,centering prayer,6,69,249,14,1.09
islam,MuslimPro,صلاتك,6,67,249,3,2.09
islam,MuslimPro,time squared,6,89,250,117,0.66
islam,MuslimPro,المصحف الكريم,6,50,249,30,0.88
islam,MuslimPro,quranly,6,79,250,12,1.15
islam,MuslimPro,quran speaker,6,78,250,121,0.66
islam,MuslimPro,360 pro,6,98,238,33,0.86
islam,MuslimPro,muslim muna,6,83,248,2,2.75
islam,MuslimPro,مصلي,6,11,236,6,1.48
islam,MuslimPro,ease life,6,54,249,72,0.72
islam,MuslimPro,durioo,6,82,250,25,0.93
islam,MuslimPro,quran widgets,6,58,249,6,1.48
islam,MuslimPro,buch,5,92,249,31,0.73
islam,MuslimPro,free books app,5,80,244,41,0.68
islam,MuslimPro,tracking hours,5,81,250,147,0.53
islam,MuslimPro,facebook apps,5,90,222,121,0.55
islam,MuslimPro,google calendar app,5,35,234,153,0.52
islam,MuslimPro,book apps,5,83,245,21,0.81
islam,MuslimPro,quick time,5,100,250,71,0.61
islam,MuslimPro,reminder apps free,5,75,249,166,0.52
islam,MuslimPro,screenshot button,5,52,249,157,0.52
islam,MuslimPro,reminder apps,5,75,250,190,0.50
islam,MuslimPro,azango,5,80,250,16,0.87
islam,MuslimPro,lip sync,5,85,250,57,0.63
islam,MuslimPro,prayer app,5,76,250,4,1.49
islam,MuslimPro,arabic,5,87,250,46,0.67
islam,MuslimPro,one day at a time,5,91,229,83,0.59
islam,MuslimPro,religion,5,75,247,19,0.83
islam,MuslimPro,abba,5,66,247,67,0.61
islam,MuslimPro,school calendar,5,57,250,130,0.54
islam,MuslimPro,screenshot free,5,74,248,210,0.50
islam,MuslimPro,offers,5,84,225,176,0.51
islam,MuslimPro,alarm clock pro,5,76,250,122,0.55
islam,MuslimPro,meal prep pro,5,88,249,109,0.56
islam,MuslimPro,off time,5,59,250,147,0.53
islam,MuslimPro,promuslim,5,56,239,1,5.00
islam,MuslimPro,arabic games,5,27,233,133,0.54
islam,MuslimPro,spirit finder,5,47,249,125,0.54
islam,MuslimPro,teleprompter pro,5,69,248,131,0.54
islam,MuslimPro,prayer journal,5,72,248,138,0.53
islam,MuslimPro,scripture,5,90,249,14,0.91
islam,MuslimPro,the bible app you version,5,82,250,103,0.56
islam,MuslimPro,daily prayer app,5,77,250,33,0.72
islam,MuslimPro,prayer book,5,80,250,72,0.60
islam,MuslimPro,morning prayer,5,85,248,38,0.70
islam,MuslimPro,prayers and blessings daily,5,55,249,121,0.55
islam,MuslimPro,praying,5,85,248,9,1.06
islam,MuslimPro,pray time,5,74,249,2,2.29
islam,MuslimPro,athan app,5,73,249,2,2.29
islam,MuslimPro,azan pro,5,68,248,1,5.00
islam,MuslimPro,muslim prayer times,5,80,250,1,5.00
islam,MuslimPro,ramadan times,5,67,249,9,1.06
islam,MuslimPro,islamic finder,5,75,250,2,2.29
islam,MuslimPro,prayer notebook,5,59,248,126,0.54
islam,MuslimPro,prayer log,5,64,249,115,0.55
islam,MuslimPro,prayer list,5,84,249,35,0.71
islam,MuslimPro,daily to do,5,80,250,186,0.51
islam,MuslimPro,deutsch b1,5,70,250,99,0.57
islam,MuslimPro,ebook app,5,80,249,36,0.70
islam,MuslimPro,rotativo digital bh,5,77,249,29,0.74
islam,MuslimPro,privacy pro free,5,88,248,71,0.61
islam,MuslimPro,instagram comments,5,98,244,152,0.52
islam,MuslimPro,ig captions,5,65,241,154,0.52
islam,MuslimPro,halal check,5,56,246,47,0.66
islam,MuslimPro,prayer reminder,5,81,250,4,1.49
islam,MuslimPro,free book,5,85,244,36,0.70
islam,MuslimPro,مسلم,5,87,250,1,5.00
islam,MuslimPro,fasting free,5,79,249,169,0.51
islam,MuslimPro,fasting timer,5,74,246,139,0.53
islam,MuslimPro,time schedule,5,75,250,143,0.53
islam,MuslimPro,prayer guide,5,70,249,38,0.70
islam,MuslimPro,salatuk,5,70,249,3,1.74
islam,MuslimPro,azaan,5,73,250,1,5.00
islam,MuslimPro,islamic prayer time,5,53,250,1,5.00
islam,MuslimPro,azan pray times,5,60,250,1,5.00
islam,MuslimPro,horaire de prières,5,83,250,3,1.74
islam,MuslimPro,islamic,5,74,250,1,5.00
islam,MuslimPro,ezan vakti,5,60,248,92,0.58
islam,MuslimPro,book finder,5,48,239,103,0.56
islam,MuslimPro,day timer,5,47,248,103,0.56
islam,MuslimPro,arabe,5,78,250,128,0.54
islam,MuslimPro,prayer request,5,74,250,10,1.02
islam,MuslimPro,prayer times london,5,70,250,10,1.02
islam,MuslimPro,heure de priere,5,75,250,1,5.00
islam,MuslimPro,salat times,5,78,250,1,5.00
islam,MuslimPro,ramadan,5,77,250,2,2.29
islam,MuslimPro,time management app free,5,73,240,193,0.50
islam,MuslimPro,do fasting,5,36,249,137,0.53
islam,MuslimPro,abide prayer app,5,74,249,14,0.91
islam,MuslimPro,指南,5,89,247,79,0.59
islam,MuslimPro,the daily,5,77,235,164,0.52
islam,MuslimPro,offer,5,97,246,207,0.50
islam,MuslimPro,app fonts,5,83,250,198,0.50
islam,MuslimPro,event finder,5,73,250,129,0.54
islam,MuslimPro,number coloring book,5,77,244,172,0.51
islam,MuslimPro,daily check,5,75,249,124,0.54
islam,MuslimPro,prayer of the day,5,79,241,101,0.56
islam,MuslimPro,i never,5,86,218,80,0.59
islam,MuslimPro,audio app,5,72,218,216,0.49
islam,MuslimPro,sharing calendar,5,83,250,176,0.51
islam,MuslimPro,direction,5,95,247,130,0.54
islam,MuslimPro,work schedule app and hours,5,70,250,201,0.50
islam,MuslimPro,книга,5,90,249,37,0.70
islam,MuslimPro,prayers,5,91,248,8,1.10
islam,MuslimPro,religious apps,5,82,250,10,1.02
islam,MuslimPro,pray,5,91,250,3,1.74
islam,MuslimPro,daily prayers,5,87,249,30,0.74
islam,MuslimPro,russian app,5,18,246,201,0.50
islam,MuslimPro,voxer free,5,85,249,20,0.82
islam,MuslimPro,prayer time,5,89,250,3,1.74
islam,MuslimPro,frequency generator app,5,74,250,146,0.53
islam,MuslimPro,コンパス,5,55,243,59,0.63
islam,MuslimPro,urdu calendar,5,65,248,122,0.55
islam,MuslimPro,немецкий язык,5,93,247,195,0.50
islam,MuslimPro,kaba,5,89,248,22,0.80
islam,MuslimPro,koran karim,5,73,247,121,0.55
islam,MuslimPro,corán,5,70,250,4,1.49
islam,MuslimPro,timetable planner,5,78,250,186,0.51
islam,MuslimPro,koran,5,53,250,8,1.10
islam,MuslimPro,القرآن الكريـم,5,73,250,27,0.76
islam,MuslimPro,quran kareem,5,71,250,122,0.55
islam,MuslimPro,quraan,5,73,250,9,1.06
islam,MuslimPro,alquran,5,75,250,7,1.16
islam,MuslimPro,quran reader,5,84,248,4,1.49
islam,MuslimPro,quran mp3,5,82,250,10,1.02
islam,MuslimPro,prayer times azan,5,73,250,1,5.00
islam,MuslimPro,prayer times and qibla,5,67,250,3,1.74
islam,MuslimPro,quran bangla,5,62,250,121,0.55
islam,MuslimPro,quran karim,5,78,250,121,0.55
islam,MuslimPro,arabic words,5,51,250,141,0.53
islam,MuslimPro,al quran kareem,5,61,250,121,0.55
islam,MuslimPro,daily verses and prayers,5,52,250,146,0.53
islam,MuslimPro,music visualization,5,66,244,229,0.49
islam,MuslimPro,stay connected,5,43,249,155,0.52
islam,MuslimPro,worship,5,84,248,134,0.54
islam,MuslimPro,حصن المسلم,5,67,249,100,0.57
islam,MuslimPro,pomodoro timer pro,5,53,249,129,0.54
islam,MuslimPro,Kuran,5,81,248,119,0.55
islam,MuslimPro,sala,5,75,249,90,0.58
islam,MuslimPro,rest areas,5,83,249,99,0.57
islam,MuslimPro,daily bible verses and prayers free,5,77,250,167,0.52
islam,MuslimPro,salat time,5,77,248,4,1.49
islam,MuslimPro,муслим таквим,5,50,248,2,2.29
islam,MuslimPro,quran tajweed,5,80,250,125,0.54
islam,MuslimPro,quran lernen,5,75,249,7,1.16
islam,MuslimPro,metro de barcelona,5,53,249,49,0.66
islam,MuslimPro,time app,5,65,225,202,0.50
islam,MuslimPro,quran sharif,5,76,249,6,1.24
islam,MuslimPro,кибла компас,5,69,249,119,0.55
islam,MuslimPro,reports pro,5,70,248,65,0.62
islam,MuslimPro,insta caption,5,83,250,150,0.52
islam,MuslimPro,corano,5,73,250,21,0.81
islam,MuslimPro,personale,5,87,209,168,0.51
islam,MuslimPro,app pro,5,47,228,62,0.62
islam,MuslimPro,tempo di utilizzo,5,56,242,136,0.53
islam,MuslimPro,nama,5,86,250,246,0.48
islam,MuslimPro,musulmane,5,31,205,1,5.00
islam,MuslimPro,heute,5,96,211,89,0.58
islam,MuslimPro,the bible you version,5,83,250,109,0.56
islam,MuslimPro,расписание,5,74,246,59,0.63
islam,MuslimPro,believer,5,63,249,53,0.64
islam,MuslimPro,коллекция,5,86,198,125,0.54
islam,MuslimPro,quran for kids,5,59,250,121,0.55
islam,MuslimPro,neve,5,85,244,60,0.63
islam,MuslimPro,quran lesen,5,75,250,7,1.16
islam,MuslimPro,ezan pro,5,50,248,3,1.74
islam,MuslimPro,alarme musique,5,95,250,155,0.52
islam,MuslimPro,quran mp3 offline,5,60,249,120,0.55
islam,MuslimPro,صحيح البخاري,5,85,249,101,0.56
islam,MuslimPro,boussole qibla,5,53,250,30,0.74
islam,MuslimPro,captions for ig,5,81,250,153,0.52
islam,MuslimPro,my prayers,5,81,250,7,1.16
islam,MuslimPro,align it,5,56,247,75,0.60
islam,MuslimPro,wilde,5,77,247,36,0.70
islam,MuslimPro,screenshot pro,5,86,247,142,0.53
islam,MuslimPro,muslimah,5,87,249,23,0.79
islam,MuslimPro,timing app,5,63,227,190,0.50
islam,MuslimPro,古兰经,5,72,249,5,1.34
islam,MuslimPro,prayer times pro,5,66,249,2,2.29
islam,MuslimPro,azan app,5,78,250,1,5.00
islam,MuslimPro,5 year plan,5,61,248,173,0.51
islam,MuslimPro,arabic language,5,80,250,41,0.68
islam,MuslimPro,azan prayer and times,5,51,249,1,5.00
islam,MuslimPro,drawing tutorial,5,90,250,208,0.50
islam,MuslimPro,kible,5,44,249,37,0.70
islam,MuslimPro,pronunciation dictionary,5,81,250,124,0.54
islam,MuslimPro,quran deutsch,5,58,250,8,1.10
islam,MuslimPro,phone pro,5,,250,105,0.56
islam,MuslimPro,finder app,5,84,249,132,0.54
islam,MuslimPro,boxing timer pro,5,50,249,104,0.56
islam,MuslimPro,salas,5,10,242,90,0.58
islam,MuslimPro,muezzin,5,83,249,15,0.89
islam,MuslimPro,free prayer apps,5,78,249,2,2.29
islam,MuslimPro,prayers for every occasion,5,80,249,122,0.55
islam,MuslimPro,نختم,5,80,250,9,1.06
islam,MuslimPro,prayer diary,5,70,226,52,0.65
islam,MuslimPro,daily play,5,95,231,124,0.54
islam,MuslimPro,unlock iphone,5,74,250,47,0.66
islam,MuslimPro,tweet value,5,86,248,172,0.51
islam,MuslimPro,memorize quran,5,73,250,121,0.55
islam,MuslimPro,quran progress,5,77,250,9,1.06
islam,MuslimPro,tik tok tracker,5,97,249,54,0.64
islam,MuslimPro,tik tok guide,5,100,249,65,0.62
islam,MuslimPro,quran reading,5,81,250,4,1.49
islam,MuslimPro,القرآن,5,84,250,8,1.10
islam,MuslimPro,koran auf deutsch,5,74,250,7,1.16
islam,MuslimPro,kuran deutsch,5,75,249,30,0.74
islam,MuslimPro,learn salah,5,58,249,6,1.24
islam,MuslimPro,muslim 3d,5,67,249,6,1.24
islam,MuslimPro,islamic stories,5,81,250,66,0.62
islam,MuslimPro,athan prayer time,5,75,249,2,2.29
islam,MuslimPro,islamic wallpaper,5,87,250,121,0.55
islam,MuslimPro,islamic stickers,5,74,249,62,0.62
islam,MuslimPro,hijri calendar,5,84,250,120,0.55
islam,MuslimPro,apple watch alarm,5,65,246,185,0.51
islam,MuslimPro,молитвы,5,83,249,23,0.79
islam,MuslimPro,sammlung,5,47,248,140,0.53
islam,MuslimPro,prayer times in london,5,70,247,10,1.02
islam,MuslimPro,qibla compass,5,84,248,31,0.73
islam,MuslimPro,azan of makkah,5,74,250,2,2.29
islam,MuslimPro,azan clock,5,56,248,5,1.34
islam,MuslimPro,qibla direction finder,5,78,250,7,1.16
islam,MuslimPro,azan shia,5,32,241,25,0.77
islam,MuslimPro,azan fajr,5,58,230,1,5.00
islam,MuslimPro,direction to qibla,5,51,246,4,1.49
islam,MuslimPro,qibla compass for namaz,5,73,248,5,1.34
islam,MuslimPro,quran in english,5,78,250,31,0.73
islam,MuslimPro,adzan,5,63,249,1,5.00
islam,MuslimPro,qibla locator,5,63,248,3,1.74
islam,MuslimPro,adzan times,5,74,249,3,1.74
islam,MuslimPro,dikr moulid,5,70,247,18,0.84
islam,MuslimPro,allahu akbar,5,76,250,1,5.00
islam,MuslimPro,yaseen sharif,5,49,245,122,0.55
islam,MuslimPro,mosque finder,5,66,248,4,1.49
islam,MuslimPro,mosques nearby,5,29,227,5,1.34
islam,MuslimPro,find mosque,5,79,249,3,1.74
islam,MuslimPro,nearby mosques,5,29,209,35,0.71
islam,MuslimPro,near mosque finder,5,58,247,5,1.34
islam,MuslimPro,search mosque,5,74,248,1,5.00
islam,MuslimPro,mosque near me,5,74,246,4,1.49
islam,MuslimPro,near mosque,5,33,238,5,1.34
islam,MuslimPro,birmingham central mosque,5,27,226,5,1.34
islam,MuslimPro,islamic holidays,5,60,248,24,0.78
islam,MuslimPro,ayatul kursi,5,63,244,117,0.55
islam,MuslimPro,ayat ul kursi,5,59,248,75,0.60
islam,MuslimPro,dua for prayer,5,75,247,2,2.29
islam,MuslimPro,muslim assistant,5,72,248,2,2.29
islam,MuslimPro,islam quotes,5,69,249,29,0.74
islam,MuslimPro,listen quran,5,75,250,11,0.98
islam,MuslimPro,adzan maghrib,5,58,247,1,5.00
islam,MuslimPro,halal restaurant,5,63,248,138,0.53
islam,MuslimPro,live kaaba,5,20,249,56,0.64
islam,MuslimPro,live mecca,5,20,248,31,0.73
islam,MuslimPro,qibla connect,5,52,249,87,0.58
islam,MuslimPro,al qibla,5,51,249,5,1.34
islam,MuslimPro,azan for iphone,5,57,247,1,5.00
islam,MuslimPro,azan mp3,5,54,241,2,2.29
islam,MuslimPro,azan prayer time,5,76,249,1,5.00
islam,MuslimPro,ramadan kareem,5,80,248,120,0.55
islam,MuslimPro,salat prayer times,5,43,250,1,5.00
islam,MuslimPro,mosquée,5,58,249,2,2.29
islam,MuslimPro,qibla compass for namaz offline,5,73,248,16,0.87
islam,MuslimPro,qibla app,5,51,250,2,2.29
islam,MuslimPro,islamic compass,5,71,248,4,1.49
islam,MuslimPro,prayer compass,5,74,250,12,0.96
islam,MuslimPro,mecca compass,5,77,249,18,0.84
islam,MuslimPro,قبله,5,74,249,81,0.59
islam,MuslimPro,qebla,5,74,249,3,1.74
islam,MuslimPro,the quran,5,72,248,3,1.74
islam,MuslimPro,islamic apps,5,30,249,1,5.00
islam,MuslimPro,islamic books,5,64,248,30,0.74
islam,MuslimPro,find mecca,5,47,248,25,0.77
islam,MuslimPro,qiblah,5,59,250,16,0.87
islam,MuslimPro,alqibla,5,60,250,8,1.10
islam,MuslimPro,the holy quran,5,66,250,6,1.24
islam,MuslimPro,full quran,5,74,249,5,1.34
islam,MuslimPro,read quran,5,75,249,5,1.34
islam,MuslimPro,al quran app,5,77,248,2,2.29
islam,MuslimPro,al quran free,5,57,249,14,0.91
islam,MuslimPro,quran majeed القرآن,5,60,247,2,2.29
islam,MuslimPro,pray watch,5,62,250,6,1.24
islam,MuslimPro,quran english audio,5,77,249,78,0.59
islam,MuslimPro,full azan,5,75,250,1,5.00
islam,MuslimPro,adhan france,5,46,248,3,1.74
islam,MuslimPro,salaat first,5,55,250,5,1.34
islam,MuslimPro,horaire de priere,5,57,238,4,1.49
islam,MuslimPro,surah yasin,5,59,243,123,0.54
islam,MuslimPro,dua and azkar,5,70,249,24,0.78
islam,MuslimPro,daily dua,5,66,248,21,0.81
islam,MuslimPro,dua ve sureler,5,64,249,43,0.68
islam,MuslimPro,6 kalma of islam,5,78,250,88,0.58
islam,MuslimPro,praying time,5,57,250,2,2.29
islam,MuslimPro,ayat al quran,5,54,249,62,0.62
islam,MuslimPro,quran for beginners,5,75,250,121,0.55
islam,MuslimPro,islamic calendar 2019,5,78,250,8,1.10
islam,MuslimPro,coran enfant,5,52,248,48,0.66
islam,MuslimPro,amazon aws,5,88,190,189,0.50
islam,MuslimPro,quran mp3 offline complete,5,70,250,122,0.55
islam,MuslimPro,dhikr and surah player,5,28,226,10,1.02
islam,MuslimPro,dhikrs and surah player,5,20,208,34,0.71
islam,MuslimPro,at mosque,5,49,250,1,5.00
islam,MuslimPro,dhikr player,5,55,249,9,1.06
islam,MuslimPro,khatmah,5,81,250,26,0.76
islam,MuslimPro,فاذكروني,5,79,249,12,0.96
islam,MuslimPro,кибла намаз,5,36,246,116,0.55
islam,MuslimPro,adhan and prayer time,5,74,250,1,5.00
islam,MuslimPro,adhan time pro,5,32,249,1,5.00
islam,MuslimPro,adzan offline,5,58,249,1,5.00
islam,MuslimPro,quran transliteration,5,61,248,12,0.96
islam,MuslimPro,古蘭經,5,73,250,4,1.49
islam,MuslimPro,jadwal adzan,5,52,249,2,2.29
islam,MuslimPro,muslim ummah,5,56,248,1,5.00
islam,MuslimPro,waktu sholat indonesia,5,49,247,1,5.00
islam,MuslimPro,koran mp3,5,73,250,180,0.51
islam,MuslimPro,duas,5,62,248,65,0.62
islam,MuslimPro,prayer times germany,5,52,248,10,1.02
islam,MuslimPro,adzan pro,5,74,250,1,5.00
islam,MuslimPro,dhikr app,5,53,250,13,0.93
islam,MuslimPro,athan time,5,59,250,1,5.00
islam,MuslimPro,adhan alarm,5,74,250,1,5.00
islam,MuslimPro,koran lernen,5,77,250,25,0.77
islam,MuslimPro,dhikr and dua,5,76,250,5,1.34
islam,MuslimPro,my accurite,5,93,250,70,0.61
islam,MuslimPro,waktu shalat,5,51,242,1,5.00
islam,MuslimPro,المؤذن الذهبي,5,74,248,2,2.29
islam,MuslimPro,quran quotes,5,78,250,39,0.69
islam,MuslimPro,suara adzan,5,70,249,3,1.74
islam,MuslimPro,pro compass,5,65,250,117,0.55
islam,MuslimPro,время молитвы,5,55,250,1,5.00
islam,MuslimPro,keyboard kurdi,5,96,250,86,0.58
islam,MuslimPro,step by step salah,5,43,250,23,0.79
islam,MuslimPro,加,5,84,195,143,0.53
islam,MuslimPro,life quotes and sayings,5,56,246,130,0.54
islam,MuslimPro,ezan,5,65,248,5,1.34
islam,MuslimPro,quran majeed offline,5,72,249,120,0.55
islam,MuslimPro,азан,5,47,250,3,1.74
islam,MuslimPro,koran arabisch,5,56,250,29,0.74
islam,MuslimPro,муслим про,5,73,250,1,5.00
islam,MuslimPro,data professional,5,63,243,104,0.56
islam,MuslimPro,prayer times app,5,79,250,1,5.00
islam,MuslimPro,waktu adzan,5,59,249,1,5.00
islam,MuslimPro,daily mantra,5,80,250,113,0.55
islam,MuslimPro,葡萄牙语,5,62,249,194,0.50
islam,MuslimPro,worships,5,50,250,131,0.54
islam,MuslimPro,muslim games,5,35,250,7,1.16
islam,MuslimPro,powerful prayers,5,52,250,59,0.63
islam,MuslimPro,russian words,5,61,248,152,0.52
islam,MuslimPro,mohamed ramadan,5,59,246,43,0.68
islam,MuslimPro,muslim prayer time,5,77,249,1,5.00
islam,MuslimPro,london prayer times,5,56,250,7,1.16
islam,MuslimPro,coran traduction,5,56,250,7,1.16
islam,MuslimPro,ислам,5,74,250,2,2.29
islam,MuslimPro,qaza namaz calculator,5,63,250,9,1.06
islam,MuslimPro,quran mp3 and reading offline,5,56,249,134,0.54
islam,MuslimPro,salah time,5,77,249,3,1.74
islam,MuslimPro,hily dating app,5,88,249,162,0.52
islam,MuslimPro,kiblat,5,64,250,7,1.16
islam,MuslimPro,headshot app,5,52,241,128,0.54
islam,MuslimPro,millions,5,72,240,145,0.53
islam,MuslimPro,coran en francais,5,53,250,17,0.86
islam,MuslimPro,islam lernen,5,74,250,2,2.29
islam,MuslimPro,кибла,5,70,250,94,0.57
islam,MuslimPro,qibla aniqlash,5,52,249,15,0.89
islam,MuslimPro,tasbeeh app,5,75,250,203,0.50
islam,MuslimPro,muslim radio,5,78,250,21,0.81
islam,MuslimPro,calendar sharing app,5,52,249,162,0.52
islam,MuslimPro,find font,5,32,236,99,0.57
islam,MuslimPro,resource,5,63,249,93,0.57
islam,MuslimPro,quran with english translation,5,60,250,131,0.54
islam,MuslimPro,learn quranic arabic,5,29,250,28,0.75
islam,MuslimPro,sejda,5,97,250,18,0.84
islam,MuslimPro,法语单词,5,88,231,132,0.54
islam,MuslimPro,features,5,97,227,140,0.53
islam,MuslimPro,azan saudi arabia,5,80,250,3,1.74
islam,MuslimPro,shot tracer app,5,72,250,88,0.58
islam,MuslimPro,aplikasi azan,5,30,230,1,5.00
islam,MuslimPro,fajr alarm,5,58,250,22,0.80
islam,MuslimPro,Adhaan,5,65,250,3,1.74
islam,MuslimPro,window fasting,5,47,246,160,0.52
islam,MuslimPro,quran memorizer,5,67,250,121,0.55
islam,MuslimPro,nederlands,5,31,225,161,0.52
islam,MuslimPro,quran lite,5,55,250,45,0.67
islam,MuslimPro,islamic calender,5,33,236,7,1.16
islam,MuslimPro,حفظ القران,5,59,250,121,0.55
islam,MuslimPro,easy worship,5,82,249,38,0.70
islam,MuslimPro,deutsch lernen app,5,83,226,166,0.52
islam,MuslimPro,法語,5,87,229,151,0.52
islam,MuslimPro,aplikasi adzan,5,52,250,1,5.00
islam,MuslimPro,memorizar coran,5,,234,56,0.64
islam,MuslimPro,باد صبا,5,95,250,32,0.73
islam,MuslimPro,text reminder,5,54,250,134,0.54
islam,MuslimPro,prayer times widget,5,24,248,4,1.49
islam,MuslimPro,screenshot join,5,36,249,144,0.53
islam,MuslimPro,قران كريم صوت,5,55,247,17,0.86
islam,MuslimPro,doua,5,70,250,49,0.66
islam,MuslimPro,calendar alarm,5,55,248,134,0.54
islam,MuslimPro,namaz reminder,5,82,250,4,1.49
islam,MuslimPro,free fasting,5,32,249,130,0.54
islam,MuslimPro,تطبيق حمل,5,66,229,188,0.50
islam,MuslimPro,islam prayer,5,74,250,1,5.00
islam,MuslimPro,livros,5,94,249,41,0.68
islam,MuslimPro,religious,5,77,250,3,1.74
islam,MuslimPro,prayminder,5,66,247,10,1.02
islam,MuslimPro,pray now,5,73,249,56,0.64
islam,MuslimPro,leef,5,87,250,104,0.56
islam,MuslimPro,stories of prophets in islam,5,53,249,63,0.62
islam,MuslimPro,islam360,5,62,248,4,1.49
islam,MuslimPro,quran voice,5,60,249,38,0.70
islam,MuslimPro,kıble bulucu,5,52,249,111,0.55
islam,MuslimPro,ali and sumaya,5,76,248,12,0.96
islam,MuslimPro,learn the quran,5,54,250,154,0.52
islam,MuslimPro,salat mv,5,64,249,32,0.73
islam,MuslimPro,my quran,5,61,249,6,1.24
islam,MuslimPro,play time,5,56,198,153,0.52
islam,MuslimPro,inshallah single muslim,5,77,249,44,0.67
islam,MuslimPro,daily azan,5,74,249,1,5.00
islam,MuslimPro,daily adhan,5,74,249,1,5.00
islam,MuslimPro,daily azaan,5,75,249,1,5.00
islam,MuslimPro,daily athan,5,62,249,1,5.00
islam,MuslimPro,prayer time nyc,5,57,247,4,1.49
islam,MuslimPro,praying times,5,74,250,3,1.74
islam,MuslimPro,prayer time london,5,53,246,7,1.16
islam,MuslimPro,accurate prayer time,5,59,248,1,5.00
islam,MuslimPro,prayer time berlin,5,59,248,2,2.29
islam,MuslimPro,daily adhaan,5,59,250,1,5.00
islam,MuslimPro,daily quran,5,84,250,4,1.49
islam,MuslimPro,ادعيه,5,74,248,5,1.34
islam,MuslimPro,coran tajwid,5,55,249,120,0.55
islam,MuslimPro,beauty tracker calendar,5,55,246,159,0.52
islam,MuslimPro,skin care calendar,5,92,249,105,0.56
islam,MuslimPro,english audio,5,72,248,185,0.51
islam,MuslimPro,muslim daily routine,5,,216,9,1.06
islam,MuslimPro,sholat,5,70,249,2,2.29
islam,MuslimPro,athkar أذكار,5,47,249,38,0.70
islam,MuslimPro,wake up early,5,83,250,176,0.51
islam,MuslimPro,قبلة,5,75,250,41,0.68
islam,MuslimPro,prières,5,79,250,1,5.00
islam,MuslimPro,athan time pro,5,59,249,3,1.74
islam,MuslimPro,kible pusulasi,5,70,250,121,0.55
islam,MuslimPro,kıble,5,78,250,97,0.57
islam,MuslimPro,quran kids,5,47,249,122,0.55
islam,MuslimPro,kids quran,5,,247,121,0.55
islam,MuslimPro,act it out,5,91,250,133,0.54
islam,MuslimPro,one direction,5,84,250,69,0.61
islam,MuslimPro,kuran lernen,5,69,250,65,0.62
islam,MuslimPro,azan prayer time usa,5,74,250,1,5.00
islam,MuslimPro,quran arabic,5,59,250,6,1.24
islam,MuslimPro,مؤذن ليبيا,5,61,249,6,1.24
islam,MuslimPro,prayer direction,5,76,250,6,1.24
islam,MuslimPro,muslim kids tv,5,46,240,54,0.64
islam,MuslimPro,prayer for the day,5,83,247,77,0.60
islam,MuslimPro,alim,5,92,250,31,0.73
islam,MuslimPro,al quran tafseer,5,35,242,92,0.58
islam,MuslimPro,apprendre coran,5,59,250,5,1.34
islam,MuslimPro,kitap,5,97,250,36,0.70
islam,MuslimPro,الأذان,5,56,250,3,1.74
islam,MuslimPro,god tools,5,75,250,72,0.60
islam,MuslimPro,スタイルヒント,5,97,247,33,0.72
islam,MuslimPro,kabe,5,60,247,16,0.87
islam,MuslimPro,pro guide,5,55,242,59,0.63
islam,MuslimPro,freebie alerts,5,97,250,151,0.52
islam,MuslimPro,hours tracking,5,70,250,149,0.53
islam,MuslimPro,muslim tv,5,69,250,19,0.83
islam,MuslimPro,ramadan calendar,5,66,250,118,0.55
islam,MuslimPro,mecca finder,5,70,249,23,0.79
islam,MuslimPro,memorize quran app,5,60,250,121,0.55
islam,MuslimPro,hallow prayer app,5,65,249,42,0.68
islam,MuslimPro,muslim date,5,74,250,48,0.66
islam,MuslimPro,temps de prière,5,70,250,5,1.34
islam,MuslimPro,app pour,5,79,189,178,0.51
islam,MuslimPro,کتاب,5,100,250,37,0.70
islam,MuslimPro,coran phonetique,5,45,249,30,0.74
islam,MuslimPro,traduction coran,5,56,249,22,0.80
islam,MuslimPro,ikinci el,5,98,221,143,0.53
islam,MuslimPro,قبله الصلاه,5,70,249,12,0.96
islam,MuslimPro,اوقات نماز,5,52,249,4,1.49
islam,MuslimPro,four pillars,5,68,249,31,0.73
islam,MuslimPro,امساكية رمضان,5,55,245,82,0.59
islam,MuslimPro,priere musulman,5,75,250,1,5.00
islam,MuslimPro,reader pro,5,88,248,90,0.58
islam,MuslimPro,stories pro,5,92,241,91,0.58
islam,MuslimPro,किबला,5,67,249,119,0.55
islam,MuslimPro,namaz vakitleri diyanet,5,50,248,10,1.02
islam,MuslimPro,over time,5,28,221,168,0.51
islam,MuslimPro,muslim pocket,5,80,250,2,2.29
islam,MuslimPro,diyanet,5,86,250,8,1.10
islam,MuslimPro,ezan alarmı,5,47,249,18,0.84
islam,MuslimPro,imsak,5,65,247,4,1.49
islam,MuslimPro,​​multiple reflections,5,44,246,64,0.62
islam,MuslimPro,prayertimes,5,47,250,5,1.34
islam,MuslimPro,muslimapp,5,68,250,2,2.29
islam,MuslimPro,quran memorization,5,60,249,20,0.82
islam,MuslimPro,islamic audiobooks,5,76,250,17,0.86
islam,MuslimPro,muslim kids,5,63,249,122,0.55
islam,MuslimPro,أوقات الصلاة,5,79,250,5,1.34
islam,MuslimPro,prière musulmane,5,59,250,1,5.00
islam,MuslimPro,heures de prière,5,83,250,1,5.00
islam,MuslimPro,horaires de prière,5,75,250,5,1.34
islam,MuslimPro,azan germany,5,34,239,2,2.29
islam,MuslimPro,мусульманин,5,75,249,2,2.29
islam,MuslimPro,horarios de salat,5,59,249,6,1.24
islam,MuslimPro,muslime,5,59,249,1,5.00
islam,MuslimPro,تطبيق اسلامي,5,75,249,1,5.00
islam,MuslimPro,أذان,5,79,250,3,1.74
islam,MuslimPro,وقت الصلاة,5,75,250,4,1.49
islam,MuslimPro,عدنان,5,82,249,52,0.65
islam,MuslimPro,apprend coran,5,59,249,2,2.29
islam,MuslimPro,coran en francais gratuit,5,74,249,1,5.00
islam,MuslimPro,quran francais,5,72,249,20,0.82
islam,MuslimPro,coran traduit,5,75,250,5,1.34
islam,MuslimPro,مصحف التجويد,5,85,250,62,0.62
islam,MuslimPro,Horarios de Oración,5,75,250,1,5.00
islam,MuslimPro,الآذان,5,75,250,4,1.49
islam,MuslimPro,plusieurs,5,95,199,108,0.56
islam,MuslimPro,quarn,5,48,249,10,1.02
islam,MuslimPro,quran majeed القران الكريم,5,56,250,18,0.84
islam,MuslimPro,مصحف القران الكريم,5,54,250,128,0.54
islam,MuslimPro,المصحف الشريف,5,62,249,106,0.56
islam,MuslimPro,القران الذهبي,5,56,248,44,0.67
islam,MuslimPro,tafsir coran,5,73,250,121,0.55
islam,MuslimPro,قران بدون نت,5,60,250,122,0.55
islam,MuslimPro,قران مجيد,5,56,249,100,0.57
islam,MuslimPro,اسلامي,5,75,248,1,5.00
islam,MuslimPro,mémoriser le coran,5,48,250,19,0.83
islam,MuslimPro,ad-free,5,76,214,146,0.53
islam,MuslimPro,arabic language app,5,52,250,116,0.55
islam,MuslimPro,ricevi,5,78,200,49,0.66
islam,MuslimPro,the quran in english,5,72,250,34,0.71
islam,MuslimPro,einfachen und,5,90,202,130,0.54
islam,MuslimPro,deinen persönlichen,5,89,216,117,0.55
islam,MuslimPro,القرآن المجيد,5,44,248,23,0.79
islam,MuslimPro,quran companion,5,81,250,38,0.70
islam,MuslimPro,القران المجيد,5,72,247,118,0.55
islam,MuslimPro,coran pro en français,5,53,246,1,5.00
islam,MuslimPro,qur'an,5,71,250,6,1.24
islam,MuslimPro,коран по-русски,5,73,246,91,0.58
islam,MuslimPro,аудио коран,5,26,250,15,0.89
islam,MuslimPro,ramadan 2021,5,70,250,43,0.68
islam,MuslimPro,apprendre le quran,5,75,250,5,1.34
islam,MuslimPro,•	accurate,5,82,250,93,0.57
islam,MuslimPro,vehicle hisab kitab,5,70,250,160,0.52
islam,MuslimPro,telefonunuzda kayıtlı kalmasına olanak sağlar.,5,44,238,90,0.58
islam,MuslimPro,Knihy,5,91,250,31,0.73
islam,MuslimPro,lapplication,5,89,199,139,0.53
islam,MuslimPro,supports,5,46,250,147,0.53
islam,MuslimPro,applications pour,5,62,188,184,0.51
islam,MuslimPro,rahat,5,94,241,79,0.59
islam,MuslimPro,persönlichen,5,86,205,76,0.60
islam,MuslimPro,geben,5,95,247,28,0.75
islam,MuslimPro,bequem,5,93,246,59,0.63
islam,MuslimPro,nutzung,5,85,221,127,0.54
islam,MuslimPro,言語、,5,89,397,235,0.49
islam,MuslimPro,a9,5,93,247,91,0.58
islam,MuslimPro,قرآن,5,86,250,121,0.55
islam,MuslimPro,когда,5,93,247,197,0.50
islam,MuslimPro,несколько,5,88,200,97,0.57
islam,MuslimPro,вашем,5,90,189,102,0.56
islam,MuslimPro,сайте,5,84,219,133,0.54
islam,MuslimPro,ensure,5,100,250,21,0.81
islam,MuslimPro,täglich,5,92,191,117,0.55
islam,MuslimPro,morepro,5,87,248,18,0.84
islam,MuslimPro,dagligt,5,89,214,111,0.55
islam,MuslimPro,create beautiful,5,80,238,30,0.74
islam,MuslimPro,daily shop,5,77,242,138,0.53
islam,MuslimPro,waldorf salad,5,35,243,16,0.87
islam,MuslimPro,kale salad,5,53,249,15,0.89
islam,MuslimPro,nicoise salad,5,52,249,17,0.86
islam,MuslimPro,القرآن الكريم,5,85,250,27,0.76
islam,MuslimPro,engaging,5,47,243,179,0.51
islam,MuslimPro,cami,5,56,249,58,0.63
islam,MuslimPro,irish language,5,83,250,106,0.56
islam,MuslimPro,prayer widget,5,79,250,7,1.16
islam,MuslimPro,camiler,5,78,247,5,1.34
islam,MuslimPro,yönü,5,72,250,73,0.60
islam,MuslimPro,look for,5,88,185,175,0.51
islam,MuslimPro,kaaba locator,5,47,250,6,1.24
islam,MuslimPro,Daily Worship,5,68,249,110,0.56
islam,MuslimPro,gebedstijden,5,52,249,1,5.00
islam,MuslimPro,namaz vaxtları,5,68,249,6,1.24
islam,MuslimPro,arah kiblat,5,36,250,18,0.84
islam,MuslimPro,waktu sholat,5,51,247,3,1.74
islam,MuslimPro,waktu solat,5,64,249,3,1.74
islam,MuslimPro,azan tijd,5,49,248,1,5.00
islam,MuslimPro,den koran lesen,5,56,247,25,0.77
islam,MuslimPro,Kibla Sucher,5,36,249,20,0.82
islam,MuslimPro,кибл,5,70,250,114,0.55
islam,MuslimPro,aзан,5,47,248,22,0.80
islam,MuslimPro,намаз молитвы,5,74,250,8,1.10
islam,MuslimPro,когда намаз,5,47,250,3,1.74
islam,MuslimPro,намаза  время,5,58,250,1,5.00
islam,MuslimPro,zeit zu beten,5,33,246,133,0.54
islam,MuslimPro,zeit zu namaz,5,52,248,3,1.74
islam,MuslimPro,namaz zeit,5,74,250,1,5.00
islam,MuslimPro,shop tracker,5,71,248,125,0.54
islam,MuslimPro,dua uygulaması,5,21,222,21,0.81
islam,MuslimPro,ezan vakitleri,5,57,248,39,0.69
islam,MuslimPro,kıble bulma,5,53,250,110,0.56
islam,MuslimPro,kıble bulma uygulaması,5,70,247,117,0.55
islam,MuslimPro,müslüman,5,58,250,1,5.00
islam,MuslimPro,ezam vakitleri,5,52,248,13,0.93
islam,MuslimPro,namaz ne zaman,5,36,248,40,0.69
islam,MuslimPro,diyanet ezan vakti,5,51,247,9,1.06
islam,MuslimPro,ezan ne zaman,5,69,250,20,0.82
islam,MuslimPro,dua okuma,5,68,250,85,0.58
islam,MuslimPro,ezan tijd,5,74,248,6,1.24
islam,MuslimPro,athan keer,5,74,249,2,2.29
islam,MuslimPro,wanneer is azan,5,74,250,1,5.00
islam,MuslimPro,namaz tijd,5,74,249,1,5.00
islam,MuslimPro,wanneer is athan,5,74,250,5,1.34
islam,MuslimPro,bid tijd,5,74,249,1,5.00
islam,MuslimPro,ezan vakitleri ne zaman,5,36,247,59,0.63
islam,MuslimPro,sahur saatleri,5,70,250,76,0.60
islam,MuslimPro,horaires des prières,5,26,250,3,1.74
islam,MuslimPro,namaz vakit,5,58,247,5,1.34
islam,MuslimPro,imsakiye 2021,5,70,250,40,0.69
islam,MuslimPro,yakındaki camiler,5,28,212,42,0.68
islam,MuslimPro,iftar saatleri 2021,5,32,241,21,0.81
islam,MuslimPro,heure de prière,5,74,249,1,5.00
islam,MuslimPro,adan prière,5,74,250,1,5.00
islam,MuslimPro,athan fois,5,58,248,2,2.29
islam,MuslimPro,namaz fois,5,53,247,39,0.69
islam,MuslimPro,ezan fois,5,45,247,83,0.59
islam,MuslimPro,prière fois,5,74,250,7,1.16
islam,MuslimPro,pray.com,5,80,249,37,0.70
islam,MuslimPro,prayer com,5,55,249,6,1.24
islam,MuslimPro,athan utility,5,57,248,2,2.29
islam,MuslimPro,コーラン,5,55,248,86,0.58
islam,MuslimPro,کاتەکانی بانگ,5,86,250,9,1.06
islam,MuslimPro,der artikel,5,25,230,131,0.54
islam,MuslimPro,deutsch artikeln,5,24,226,172,0.51
islam,MuslimPro,jadwal sholat,5,80,249,5,1.34
islam,MuslimPro,kiblat sholat,5,74,250,3,1.74
islam,MuslimPro,umma,5,100,246,58,0.63
islam,MuslimPro,waktu sholat dan adzan,5,74,249,2,2.29
islam,MuslimPro,alarm adzan,5,74,249,3,1.74
islam,MuslimPro,azan waktu malaysia,5,52,245,22,0.80
islam,MuslimPro,azan waktu solat,5,74,247,5,1.34
islam,MuslimPro,waktu solat malaysia,5,62,246,2,2.29
islam,MuslimPro,azan malaysia,5,52,247,10,1.02
islam,MuslimPro,qiblat malaysia,5,70,248,15,0.89
islam,MuslimPro,solat malaysia,5,68,249,4,1.49
islam,MuslimPro,sprit finder,5,88,249,123,0.54
islam,MuslimPro,اتجاه القبله,5,56,250,31,0.73
islam,MuslimPro,الصلاة,5,60,250,6,1.24
islam,MuslimPro,المسلم,5,72,250,11,0.98
islam,MuslimPro,القبله والاتجاه في الصلاة,5,74,250,5,1.34
islam,MuslimPro,المؤذن المصلي أوقات الصلاة,5,47,249,5,1.34
islam,MuslimPro,توقيت الصلاة,5,50,250,5,1.34
islam,MuslimPro,برنامج الصلاة,5,48,250,4,1.49
islam,MuslimPro,مؤذن,5,56,250,5,1.34
islam,MuslimPro,намоз вактлари,5,35,241,9,1.06
islam,MuslimPro,муслим таквим 2020,5,73,250,1,5.00
islam,MuslimPro,qibla kompas makkah,5,70,245,62,0.62
islam,MuslimPro,muslim taqvim 2020,5,58,250,2,2.29
islam,MuslimPro,jadwal sholat dan adzan,5,74,250,2,2.29
islam,MuslimPro,adzan waktu sholat otomatis,5,73,250,2,2.29
islam,MuslimPro,alarm adzan otomatis,5,58,249,7,1.16
islam,MuslimPro,azan otomatis,5,74,250,3,1.74
islam,MuslimPro,waktu adzan otomatis,5,74,249,1,5.00
islam,MuslimPro,jadwal sholat dan adzan otomatis,5,57,249,2,2.29
islam,MuslimPro,arah kiblat sholat,5,58,250,4,1.49
islam,MuslimPro,pengingat sholat 5 waktu,5,58,248,9,1.06
islam,MuslimPro,waktu salat,5,53,248,9,1.06
islam,MuslimPro,personlige,5,86,196,102,0.56
islam,MuslimPro,clear spaces,5,88,250,85,0.58
islam,MuslimPro,daily five,5,50,236,92,0.58
islam,MuslimPro,tiempos de namaz,5,52,250,1,5.00
islam,MuslimPro,tiempos de adán,5,52,250,1,5.00
islam,MuslimPro,llamada a la oración,5,50,250,1,5.00
islam,MuslimPro,llamada a la namaz,5,58,248,2,2.29
islam,MuslimPro,horas del rezo,5,58,249,2,2.29
islam,MuslimPro,adán,5,53,249,5,1.34
islam,MuslimPro,llamada a la athan,5,70,250,19,0.83
islam,MuslimPro,tiempos de athan,5,74,248,2,2.29
islam,MuslimPro,намаз обучение,5,28,235,13,0.93
islam,MuslimPro,коран на,5,80,250,24,0.78
islam,MuslimPro,islamic prayer,5,75,250,1,5.00
islam,MuslimPro,سلام وقت,5,50,236,127,0.54
islam,MuslimPro,سمت,5,86,211,108,0.56
islam,MuslimPro,نماز اوقات,5,51,250,5,1.34
islam,MuslimPro,اذان اوقات,5,58,250,1,5.00
islam,MuslimPro,azan times,5,57,250,2,2.29
islam,MuslimPro,chercheur qibla,5,70,250,32,0.73
islam,MuslimPro,buscador de qibla,5,53,249,164,0.52
islam,MuslimPro,contador dhikr,5,47,249,175,0.51
islam,MuslimPro,100% qibla,5,77,249,2,2.29
islam,MuslimPro,طلایی,5,100,249,49,0.66
islam,MuslimPro,(was,5,87,233,98,0.57
islam,MuslimPro,times azan,5,52,250,1,5.00
islam,MuslimPro,azan quran,5,57,249,2,2.29
islam,MuslimPro,accurate qibla,5,,250,121,0.55
islam,MuslimPro,намаза,5,45,249,2,2.29
islam,MuslimPro,زمان نماز,5,70,250,10,1.02
islam,MuslimPro,قبله یاب,5,36,250,99,0.57
islam,MuslimPro,اوقات اذان,5,47,250,2,2.29
islam,MuslimPro,(prayer,5,80,250,2,2.29
islam,MuslimPro,prayer timings,5,80,250,3,1.74
islam,MuslimPro,salah timings,5,74,249,4,1.49
islam,MuslimPro,salatuk (prayer,5,51,250,7,1.16
islam,MuslimPro,(prayer time),5,77,250,3,1.74
islam,MuslimPro,dagelijks,5,92,209,111,0.55
islam,MuslimPro,salat adan,5,74,250,1,5.00
islam,MuslimPro,qibla sucher,5,33,239,5,1.34
islam,MuslimPro,engels,5,94,227,163,0.52
islam,MuslimPro,ramadan timetable,5,49,250,37,0.70
islam,MuslimPro,ramazan eid,5,70,249,26,0.76
islam,MuslimPro,buka puasa,5,100,250,160,0.52
islam,MuslimPro,salams (formerly,5,83,250,33,0.72
islam,MuslimPro,panduan puasa,5,83,250,48,0.66
islam,MuslimPro,kibla kompass,5,53,249,122,0.55
islam,MuslimPro,vakitleri almanya,5,53,249,100,0.57
islam,MuslimPro,divine comedy,5,92,248,89,0.58
islam,MuslimPro,qaza namaz,5,27,249,22,0.80
islam,MuslimPro,coran adhan,5,55,249,1,5.00
islam,MuslimPro,salatuk (horaires,5,47,249,10,1.02
islam,MuslimPro,kurdi,5,83,250,134,0.54
islam,MuslimPro,link click,5,30,239,98,0.57
islam,MuslimPro,имсакие,5,69,250,24,0.78
islam,MuslimPro,имсакие 2021,5,53,246,14,0.91
islam,MuslimPro,рамадан 2021,5,47,248,36,0.70
islam,MuslimPro,время ифтара,5,74,248,1,5.00
islam,MuslimPro,qibla prayer,5,,250,6,1.24
islam,MuslimPro,ramadão,5,57,249,2,2.29
islam,MuslimPro,calendário ramadão,5,53,249,95,0.57
islam,MuslimPro,horários das orações,5,94,250,90,0.58
islam,MuslimPro,suhoor,5,46,249,5,1.34
islam,MuslimPro,salah tider,5,35,249,30,0.74
islam,MuslimPro,iftar tider,5,70,250,19,0.83
islam,MuslimPro,والقبلة,5,53,249,10,1.02
islam,MuslimPro,kaaba compass,5,62,250,14,0.91
islam,MuslimPro,الصلاه,5,74,250,5,1.34
islam,MuslimPro,مواقيت الصلاه,5,74,250,3,1.74
islam,MuslimPro,quran azan,5,55,250,1,5.00
islam,MuslimPro,qibla athan,5,51,247,1,5.00
islam,MuslimPro,بلال,5,85,247,22,0.80
islam,MuslimPro,daily check in,5,97,225,65,0.62
islam,MuslimPro,mindset pro,5,59,248,174,0.51
islam,MuslimPro,iftar times,5,59,249,10,1.02
islam,MuslimPro,iftar solat,5,74,250,10,1.02
islam,MuslimPro,waktu imsak,5,74,250,10,1.02
islam,MuslimPro,puasa,5,88,250,65,0.62
islam,MuslimPro,imsakiyah,5,85,249,6,1.24
islam,MuslimPro,ифтар,5,58,247,6,1.24
islam,MuslimPro,ramazan 2021,5,32,242,29,0.74
islam,MuslimPro,horas de iftar,5,74,250,7,1.16
islam,MuslimPro,ramadán 2021,5,33,243,25,0.77
islam,MuslimPro,horas de sahur,5,70,250,17,0.86
islam,MuslimPro,azan-tijd,5,58,250,1,5.00
islam,MuslimPro,iftar-tijden,5,69,249,115,0.55
islam,MuslimPro,برنامج الاذان،بوصلة القبلة,5,58,250,1,5.00
islam,MuslimPro,مساكية الإمساكية,5,74,250,7,1.16
islam,MuslimPro,رمضان 2021,5,32,242,148,0.53
islam,MuslimPro,مساكية الإمساكية 2021,5,49,247,5,1.34
islam,MuslimPro,أوقات الإفطار,5,70,250,20,0.82
islam,MuslimPro,برنامج المؤذن مواقيت الصلاة,5,26,250,3,1.74
islam,MuslimPro,efforts,5,91,250,82,0.59
islam,MuslimPro,audio text reader,5,75,243,177,0.51
islam,MuslimPro,quran al kareem,5,,239,104,0.56
islam,MuslimPro,alquran alkareem,5,76,250,121,0.55
islam,MuslimPro,best quran,5,77,250,4,1.49
islam,MuslimPro,簡単ア,5,79,193,63,0.62
islam,MuslimPro,القبلة البوصلة,5,36,248,37,0.70
islam,MuslimPro,direction de la qibla,5,51,250,6,1.24
islam,MuslimPro,trouvez direction qibla,5,70,250,34,0.71
islam,MuslimPro,jeûner qibla chercheur,5,35,245,110,0.56
islam,MuslimPro,поиск киблы,5,70,250,27,0.76
islam,MuslimPro,kıble yönü bulma,5,47,249,120,0.55
islam,MuslimPro,quran start,5,45,248,119,0.55
islam,MuslimPro,ask for prayer,5,76,247,101,0.56
islam,MuslimPro,اذان برو,5,53,250,2,2.29
islam,MuslimPro,qibla kompas,5,53,249,16,0.87
islam,MuslimPro,waktu solat malaysia dan azan,5,58,247,2,2.29
islam,MuslimPro,jadwal waktu sholat,5,50,249,4,1.49
islam,MuslimPro,برنامج صلاة,5,26,250,4,1.49
islam,MuslimPro,صلاتي اوقات الصلاه والقبله,5,15,250,13,0.93
islam,MuslimPro,صلاتي حياتي,5,57,249,11,0.98
islam,MuslimPro,after hours,5,76,218,99,0.57
islam,MuslimPro,क़ुरान,5,72,250,9,1.06
islam,MuslimPro,मुस्लिम,5,58,249,2,2.29
islam,MuslimPro,प्रार्थना का समय,5,58,248,5,1.34
islam,MuslimPro,qiblə tapmaq,5,68,250,26,0.76
islam,MuslimPro,surələr,5,35,229,5,1.34
islam,MuslimPro,namaz vaxtı,5,60,247,3,1.74
islam,MuslimPro,azan vaxtı,5,74,249,5,1.34
islam,MuslimPro,mюсюлманска,5,74,250,1,5.00
islam,MuslimPro,молитва,5,57,250,2,2.29
islam,MuslimPro,дхикр брояч,5,70,248,120,0.55
islam,MuslimPro,езан времена,5,52,248,7,1.16
islam,MuslimPro,ספר,5,78,241,29,0.74
islam,MuslimPro,top 10,5,96,202,66,0.62
islam,MuslimPro,arapça türkçe,5,77,250,133,0.54
islam,MuslimPro,læs,5,91,212,109,0.56
islam,MuslimPro,俄语,5,80,250,144,0.53
islam,MuslimPro,俄语翻译,5,81,250,54,0.64
islam,MuslimPro,russian learning,5,100,250,166,0.52
islam,MuslimPro,russian pronunciation,5,88,249,81,0.59
islam,MuslimPro,muslim quran,5,53,250,1,5.00
islam,MuslimPro,daily to,5,83,196,99,0.57
islam,MuslimPro,近く,5,67,249,79,0.59
islam,MuslimPro,muslim recipes,5,95,247,35,0.71
islam,MuslimPro,simple fasting app free,5,61,248,135,0.54
islam,MuslimPro,prière musulmane horaire,5,75,249,1,5.00
islam,MuslimPro,muslim praying times,5,75,249,1,5.00
islam,MuslimPro,dzikir,5,86,250,51,0.65
islam,MuslimPro,us daily,5,93,248,58,0.63
islam,MuslimPro,world daily,5,66,239,127,0.54
islam,MuslimPro,daily us,5,97,236,57,0.63
islam,MuslimPro,daily world,5,85,244,99,0.57
islam,MuslimPro,everyday check,5,74,246,96,0.57
islam,MuslimPro,دعاء,5,57,249,35,0.71
islam,MuslimPro,ادعية,5,45,250,11,0.98
islam,MuslimPro,たす,5,85,201,136,0.53
islam,MuslimPro,muslim assistant prayer,5,73,249,1,5.00
islam,MuslimPro,jadwal sholat dan azan,5,75,247,5,1.34
islam,MuslimPro,муслим ассистент,5,52,248,1,5.00
islam,MuslimPro,santri,5,71,248,45,0.67
islam,MuslimPro,jadwal shalat,5,53,250,4,1.49
islam,MuslimPro,automatic sleep tracker,5,83,247,124,0.54
islam,MuslimPro,beautiful features,5,79,248,134,0.54
islam,MuslimPro,mecca direction,5,60,250,38,0.70
islam,MuslimPro,正确的,5,71,190,120,0.55
islam,MuslimPro,numéro de téléphone professionnel,5,44,233,182,0.51
islam,MuslimPro,tv calendar,5,82,245,163,0.52
islam,MuslimPro,мусульм,5,27,205,3,1.74
islam,MuslimPro,будильником азан,5,58,250,3,1.74
islam,MuslimPro,islamic story,5,73,249,41,0.68
islam,MuslimPro,alarme azan,5,59,250,2,2.29
islam,MuslimPro,islam for all,5,75,250,3,1.74
islam,MuslimPro,намаз убактысы,5,46,248,1,5.00
islam,MuslimPro,Немецкий Язык Бесплатно,5,97,237,192,0.50
islam,MuslimPro,adhan alcorão,5,25,206,1,5.00
islam,MuslimPro,mystery buttons,5,63,206,177,0.51
islam,MuslimPro,pro-,5,75,226,55,0.64
islam,MuslimPro,quran prayer,5,72,249,1,5.00
islam,MuslimPro,بوصلة القبلة,5,68,250,7,1.16
islam,MuslimPro,تحديد القبلة,5,74,249,8,1.10
islam,MuslimPro,المصحف المعلم,5,74,250,101,0.56
islam,MuslimPro,the history of the 25 prophets,5,20,250,39,0.69
islam,MuslimPro,muslim 360-qibla  quran  azan and prayer times,5,58,250,1,5.00
islam,MuslimPro,kaaba finder,5,46,250,10,1.02
islam,MuslimPro,offline qibla,5,76,248,4,1.49
islam,MuslimPro,mekke,5,25,228,17,0.86
islam,MuslimPro,kabah,5,58,237,5,1.34
islam,MuslimPro,mekah,5,46,242,35,0.71
islam,MuslimPro,hoogte,5,89,217,105,0.56
islam,MuslimPro,hilal,5,82,249,46,0.67
islam,MuslimPro,ebook app free,5,77,250,32,0.73
islam,MuslimPro,free ebook app,5,78,245,30,0.74
islam,MuslimPro,recit quran,5,52,248,120,0.55
islam,MuslimPro,quran al kerim,5,43,249,122,0.55
islam,MuslimPro,kıble bulma pusulası,5,70,250,118,0.55
islam,MuslimPro,muis,5,85,248,53,0.64
islam,MuslimPro,islamabad,5,55,249,14,0.91
islam,MuslimPro,angel vpn -  free for lifetime  no ads,5,0,248,29,0.74
islam,MuslimPro,prayer times(salat timing) & qibla direction,5,52,248,3,1.74
islam,MuslimPro,azan - prayer times,5,74,250,1,5.00
islam,MuslimPro,reyan - reading quran made easy,5,14,250,36,0.70
islam,MuslimPro,athkar for muslim - auto,5,47,249,10,1.02
islam,MuslimPro,azan prayer times maldives,5,74,250,8,1.10
islam,MuslimPro,the salam app,5,76,250,86,0.58
islam,MuslimPro,القرآن الكريم/quran karim,5,72,250,194,0.50
islam,MuslimPro,10 city guides,5,79,250,86,0.58
islam,MuslimPro,add 'em - timed,5,0,235,30,0.74
islam,MuslimPro,salah surahs in quran,5,59,250,8,1.10
islam,MuslimPro,dyua com,5,70,249,35,0.71
islam,MuslimPro,dua dating app,5,91,243,149,0.53
islam,MuslimPro,dua ag,5,69,250,63,0.62
islam,MuslimPro,dua grubu - en etkili dualar - islamic dini dua's group - for any request daily prayers to allah,5,55,249,9,1.06
islam,MuslimPro,islam world (android/ios app),5,19,250,2,2.29
islam,MuslimPro,salah for kids,5,7,249,34,0.71
islam,MuslimPro,dating for muslims - islamlove.ru,5,60,248,84,0.59
islam,MuslimPro,wemuslim - prayer times app,5,74,250,4,1.49
islam,MuslimPro,al-amin calendar- prayer times,5,35,250,6,1.24
islam,MuslimPro,the prayer book explained,5,70,250,33,0.72
islam,MuslimPro,our journey with god,5,58,248,61,0.63
islam,MuslimPro,number play pro,5,62,206,111,0.55
islam,MuslimPro,the dissolution of muslim marriages act 1939,5,74,250,83,0.59
islam,MuslimPro,ramadan naats offline,5,4,249,23,0.79
islam,MuslimPro,natural remedies for face - tips & faq,5,20,250,47,0.66
islam,MuslimPro,islamic status: latest islamic bayans status,5,20,250,41,0.68
islam,MuslimPro,qibla direction lite,5,46,250,113,0.55
islam,MuslimPro,go by bank islam,5,67,249,38,0.70
islam,MuslimPro,post free,5,90,226,76,0.60
islam,MuslimPro,immerse,5,96,249,74,0.60
islam,MuslimPro,caption ig,5,96,249,158,0.52
islam,MuslimPro,z library,5,100,250,78,0.59
islam,MuslimPro,autosender,5,,245,71,0.61
islam,MuslimPro,ig caption,5,53,239,149,0.53
islam,MuslimPro,French daily,5,46,245,174,0.51
islam,MuslimPro,pressão,5,47,248,116,0.55
islam,MuslimPro,pohádky zdarma,5,92,240,65,0.62
islam,MuslimPro,pro malé,5,96,249,57,0.63
islam,MuslimPro,kniha,5,91,248,32,0.73
islam,MuslimPro,app app,5,90,185,174,0.51
islam,MuslimPro,pro deti,5,45,247,31,0.73
islam,MuslimPro,better screen time,5,58,200,115,0.55
islam,MuslimPro,oh god!,5,98,250,82,0.59
islam,MuslimPro,للمحترفين,5,91,225,84,0.59
islam,MuslimPro,calendar photo,5,15,246,154,0.52
islam,MuslimPro,Play times,5,59,188,166,0.52
islam,MuslimPro,ezan vakti diyanet,5,45,247,9,1.06
islam,MuslimPro,Horaire des prières,5,71,249,3,1.74
islam,MuslimPro,kible bulma,5,70,250,107,0.56
islam,MuslimPro,kible yonu,5,47,248,96,0.57
islam,MuslimPro,Islamic Stickers  WAStickerApps islam,5,0,233,106,0.56
islam,MuslimPro,tracker times,5,87,250,66,0.62
islam,MuslimPro,Prayer Times & Quran,5,57,249,1,5.00
islam,MuslimPro,web fonts,5,95,250,15,0.89
islam,MuslimPro,安德玛,5,78,250,84,0.59
islam,MuslimPro,الاذان الكامل,5,53,250,1,5.00
islam,MuslimPro,اتجاه الصلاه با,5,59,249,17,0.86
islam,MuslimPro,القبلة ربط البحث عن اتجاه,5,70,250,116,0.55
islam,MuslimPro,مكتشف القبلة,5,70,249,105,0.56
islam,MuslimPro,qible finder,5,75,249,35,0.71
islam,MuslimPro,alquibla,5,70,247,12,0.96
islam,MuslimPro,trouver la qibla,5,74,248,4,1.49
islam,MuslimPro,kiblet,5,47,249,91,0.58
islam,MuslimPro,kiblat gratis,5,74,250,6,1.24
islam,MuslimPro,penentuan kiblat,5,69,250,6,1.24
islam,MuslimPro,mecca locator,5,53,248,11,0.98
islam,MuslimPro,qibla искатель,5,70,248,113,0.55
islam,MuslimPro,каабу искатель,5,47,246,29,0.74
islam,MuslimPro,Islamic Storytelling,5,0,250,44,0.67
islam,MuslimPro,la liga s,5,45,248,227,0.49
islam,MuslimPro,premier league 2021,5,45,231,136,0.53
islam,MuslimPro,premier league 2022,5,50,239,170,0.51
islam,MuslimPro,mohamed salah,5,74,248,96,0.57
islam,MuslimPro,الدوري الا نجليزي,5,47,239,88,0.58
islam,MuslimPro,Accurate prayer times,5,57,246,3,1.74
islam,MuslimPro,prayerful,5,76,246,16,0.87
islam,MuslimPro,holy quran definition,5,72,248,9,1.06
islam,MuslimPro,be on time,5,64,219,189,0.50
islam,MuslimPro,por cima,5,97,244,155,0.52
islam,MuslimPro,sunnah match,5,70,242,32,0.73
islam,MuslimPro,muslimische dating,5,66,248,40,0.69
islam,MuslimPro,haji,5,86,250,43,0.68
islam,MuslimPro,qalby,5,73,250,2,2.29
islam,MuslimPro,thenoor,5,62,249,27,0.76
islam,MuslimPro,Jumma Messages,5,20,249,66,0.62
islam,MuslimPro,pray first,5,64,250,121,0.55
islam,MuslimPro,pray first prayer life plans,5,78,250,102,0.56
islam,MuslimPro,بانگدان,5,77,248,5,1.34
islam,MuslimPro,اوقات الصلاة العراق,5,75,250,10,1.02
islam,MuslimPro,توقيت الاذان,5,75,250,4,1.49
islam,MuslimPro,مسلمونا,5,80,250,6,1.24
islam,MuslimPro,اوقات الصلاه,5,75,250,4,1.49
islam,MuslimPro,اوقات الاذان,5,75,248,3,1.74
islam,MuslimPro,القبلة و اوقات الصلاة,5,75,250,3,1.74
islam,MuslimPro,golden quran | المصحف الذهبي,5,72,250,13,0.93
islam,MuslimPro,مؤذني,5,75,250,3,1.74
islam,MuslimPro,قران الكريم صوت بدون نت,5,72,250,121,0.55
islam,MuslimPro,الشفيع,5,78,250,5,1.34
islam,MuslimPro,azan-pray times,5,75,250,1,5.00
islam,MuslimPro,اتجاه القبله الدقيق,5,74,250,95,0.57
islam,MuslimPro,muslim pro free,5,74,250,1,5.00
islam,MuslimPro,daily blessings,5,85,250,110,0.56
islam,MuslimPro,reels editor 35,5,89,250,139,0.53
islam,MuslimPro,my god,5,52,249,62,0.62
islam,MuslimPro,Hours sheet,5,78,250,102,0.56
islam,MuslimPro,simple application,5,51,237,154,0.52
islam,MuslimPro,prayer pray,5,67,249,13,0.93
islam,MuslimPro,pray prayer,5,83,249,10,1.02
islam,MuslimPro,dzikir pagi petang,5,85,248,36,0.70
islam,MuslimPro,kalender hijriah,5,80,250,52,0.65
islam,MuslimPro,islami,5,78,249,3,1.74
islam,MuslimPro,forbind,5,79,209,137,0.53
islam,MuslimPro,pray & prayer,5,83,249,115,0.55
islam,MuslimPro,freebies alert,5,100,250,102,0.56
islam,MuslimPro,freebies alert app,5,94,249,175,0.51
islam,MuslimPro,freebie alerts app,5,85,241,170,0.51
islam,MuslimPro,prayer life,5,89,248,64,0.62
islam,MuslimPro,bible prayer,5,69,249,122,0.55
islam,MuslimPro,pray com bible daily prayer,5,80,250,121,0.55
islam,MuslimPro,dua.com,5,89,225,76,0.60
islam,MuslimPro,medical calculatoer,5,94,250,154,0.52
islam,MuslimPro,let god,5,62,250,136,0.53
islam,MuslimPro,android tips,5,47,248,142,0.53
islam,MuslimPro,quran verse,5,65,250,5,1.34
islam,MuslimPro,app screenshots,5,60,246,213,0.49
islam,MuslimPro,голосом,5,62,250,71,0.61
islam,MuslimPro,mariage musulman,5,78,250,21,0.81
islam,MuslimPro,rencontre musulmane,5,60,250,68,0.61
islam,MuslimPro,musulmanes,5,74,248,1,5.00
islam,MuslimPro,rencontres musulmanes,5,78,250,64,0.62
islam,MuslimPro,musulmans rencontres,5,79,249,34,0.71
islam,MuslimPro,musulmans,5,75,250,2,2.29
islam,MuslimPro,ramadan 2022,5,69,250,34,0.71
islam,MuslimPro,санкт-петербург,5,59,245,46,0.67
islam,MuslimPro,Reading time,5,60,243,108,0.56
islam,MuslimPro,islamische,5,74,250,3,1.74
islam,MuslimPro,arabische,5,77,250,115,0.55
islam,MuslimPro,muslim expert,5,66,249,2,2.29
islam,MuslimPro,muslim azkar,5,74,250,7,1.16
islam,MuslimPro,(أدعية,5,74,250,14,0.91
islam,MuslimPro,alarm qibla,5,50,250,5,1.34
islam,MuslimPro,qibla compass-,5,48,250,99,0.57
islam,MuslimPro,compass- qibla,5,50,246,76,0.60
islam,MuslimPro,electric stun,5,,250,59,0.63
islam,MuslimPro,maghreb,5,96,250,11,0.98
islam,MuslimPro,duff qibla,5,76,249,24,0.78
islam,MuslimPro,finder ramadan,5,73,249,24,0.78
islam,MuslimPro,dhuhr,5,67,249,1,5.00
islam,MuslimPro,fajr dhuhr,5,58,249,1,5.00
islam,MuslimPro,fajr,5,71,248,6,1.24
islam,MuslimPro,muslimische,5,73,250,1,5.00
islam,MuslimPro,مواعيد الصلاة,5,58,249,4,1.49
islam,MuslimPro,muslim/,5,75,250,1,5.00
islam,MuslimPro,pray journal app,5,59,249,112,0.55
islam,MuslimPro,on-time,5,23,220,156,0.52
islam,MuslimPro,kuran öğreniyorum,5,70,250,114,0.55
islam,MuslimPro,vmuslim ramadan,5,71,250,3,1.74
islam,MuslimPro,time azan,5,58,249,1,5.00
islam,MuslimPro,dhuhr prayer,5,52,247,1,5.00
islam,MuslimPro,prayer isha,5,58,248,1,5.00
islam,MuslimPro,read holy,5,78,250,129,0.54
islam,MuslimPro,horaires prières,5,82,250,3,1.74
islam,MuslimPro,activez,5,70,250,54,0.64
islam,MuslimPro,prières musulman,5,72,250,1,5.00
islam,MuslimPro,prière azan,5,74,250,1,5.00
islam,MuslimPro,prière azan,5,74,250,1,5.00
islam,MuslimPro,coran azan,5,57,250,1,5.00
islam,MuslimPro,azan horaires,5,74,249,5,1.34
islam,MuslimPro,horaires de prière,5,82,250,1,5.00
islam,MuslimPro,prières islam,5,74,250,1,5.00
islam,MuslimPro,direction qibla,5,73,249,4,1.49
islam,MuslimPro,share reminders,5,56,249,167,0.52
islam,MuslimPro,qibla mecca,5,36,250,15,0.89
islam,MuslimPro,çocuklar ingilizce,5,63,229,145,0.53
islam,MuslimPro,quran tajwid,5,53,249,125,0.54
islam,MuslimPro,muslimische singles,5,57,246,42,0.68
islam,MuslimPro,अनुसार,5,84,233,89,0.58
islam,MuslimPro,(azan,5,29,250,1,5.00
islam,MuslimPro,quran),5,75,250,7,1.16
islam,MuslimPro,aplikasi,5,36,217,141,0.53
islam,MuslimPro,untuk,5,96,209,115,0.55
islam,MuslimPro,aman terpercaya,5,53,249,79,0.59
islam,MuslimPro,aplikasi harian,5,72,250,49,0.66
islam,MuslimPro,waktu,5,90,248,74,0.60
islam,MuslimPro,republik indonesia,5,100,250,16,0.87
islam,MuslimPro,islamic cards,5,70,250,24,0.78
islam,MuslimPro,sunnah wishes,5,14,250,47,0.66
islam,MuslimPro,to text,5,89,220,158,0.52
islam,MuslimPro,متكامل,5,,250,37,0.70
islam,MuslimPro,Find open,5,70,211,73,0.60
islam,MuslimPro,audio for uk,5,57,249,73,0.60
islam,MuslimPro,fé,5,80,249,41,0.68
islam,MuslimPro,cetele,5,54,236,23,0.79
islam,MuslimPro,calendar 2022-,5,30,250,94,0.57
islam,MuslimPro,bayan,5,66,247,87,0.58
islam,MuslimPro,qibla pro,5,84,250,1,5.00
islam,MuslimPro,free shared calendar,5,75,248,158,0.52
islam,MuslimPro,live in,5,91,207,100,0.57
islam,MuslimPro,กู้ให้ดีๆ,5,72,220,49,0.66
islam,MuslimPro,personal daily,5,94,249,89,0.58
islam,MuslimPro,تذكير الصلاة,5,57,250,4,1.49
islam,MuslimPro,أذكار الصباح,5,83,249,44,0.67
islam,MuslimPro,اسلاميات,5,49,247,2,2.29
islam,MuslimPro,surah rahman reading offline,5,4,250,87,0.58
islam,MuslimPro,me°- three,5,94,246,115,0.55
islam,MuslimPro,l発音,5,91,243,72,0.60
islam,MuslimPro,quran wallpaper,5,52,249,119,0.55
islam,MuslimPro,compass qiblah,5,74,249,18,0.84
islam,MuslimPro,islamic prayers,5,72,250,1,5.00
islam,MuslimPro,salat timings,5,75,249,3,1.74
islam,MuslimPro,accurate prayer timing,5,77,250,1,5.00
islam,MuslimPro,"deutsch lernen,5,74,229,202,0.50
islam,MuslimPro,namaz timing,5,57,250,2,2.29
islam,MuslimPro,ramadan prayer times,5,52,250,1,5.00
islam,MuslimPro,ramadan timings,5,61,250,22,0.80
islam,MuslimPro,prayer times nyc,5,75,250,10,1.02
islam,MuslimPro,iftar time,5,72,249,15,0.89
islam,MuslimPro,adhan app,5,74,250,2,2.29
islam,MuslimPro,zeit-,5,75,250,219,0.49
islam,MuslimPro,tafseer,5,82,250,114,0.55
islam,MuslimPro,quran athan,5,55,247,1,5.00
islam,MuslimPro,al moazen,5,50,248,3,1.74
islam,MuslimPro,moazen,5,61,247,105,0.56
islam,MuslimPro,quran hifz,5,65,249,120,0.55
islam,MuslimPro,adan france,5,74,248,1,5.00
islam,MuslimPro,سورة,5,31,212,23,0.79
islam,MuslimPro,miraj islamic stories games,5,70,247,95,0.57
islam,MuslimPro,swing tracer,5,78,250,61,0.63
islam,MuslimPro,app to plat solo,5,70,202,169,0.51
islam,MuslimPro,direction prayer,5,70,250,16,0.87
islam,MuslimPro,salad chick,5,11,230,125,0.54
islam,MuslimPro,belajar quran,5,59,250,43,0.68
islam,MuslimPro,lebe,5,95,248,87,0.58
islam,MuslimPro,livré,5,83,250,29,0.74
islam,MuslimPro,Recitation,5,83,250,27,0.76
islam,MuslimPro,每日法语,5,33,233,97,0.57
islam,MuslimPro,daily french,5,44,244,170,0.51
islam,MuslimPro,(azan quran),5,56,249,1,5.00
islam,MuslimPro,kemenag,5,96,247,11,0.98
islam,MuslimPro,daily prayers and holy bible,5,74,250,128,0.54
islam,MuslimPro,fast pro,5,97,250,49,0.66
islam,MuslimPro,#daily,5,89,250,160,0.52
islam,MuslimPro,interativas,5,85,204,126,0.54
islam,MuslimPro,do fasting app free,5,97,250,52,0.65
islam,MuslimPro,fasting-app,5,58,249,140,0.53
islam,MuslimPro,算器,5,70,250,174,0.51
islam,MuslimPro,daily namaz,5,3,30,4,1.49
islam,MuslimPro,nimaz times,5,5,30,4,1.49
islam,MuslimPro,viden,5,93,248,59,0.63
islam,MuslimPro,namaz compass,5,74,247,6,1.24
islam,MuslimPro,kiblat-,5,30,232,2,2.29
islam,MuslimPro,arah kiblat-,5,58,249,1,5.00
islam,MuslimPro,muslim daily,5,64,249,1,5.00
islam,MuslimPro,jadwal puasa,5,60,243,19,0.83
islam,MuslimPro,-fitness time,5,64,222,197,0.50
islam,MuslimPro,gb what pro apk download,5,92,215,147,0.53
islam,MuslimPro,quran search,5,,243,16,0.87
islam,MuslimPro,smart qibla,5,31,235,48,0.66
islam,MuslimPro,kitab,5,87,250,31,0.73
islam,MuslimPro,سمعي,5,34,237,198,0.50
islam,MuslimPro,声响,5,64,236,167,0.52
islam,MuslimPro,ad tracker,5,70,248,113,0.55
islam,MuslimPro,islam wallpaper,5,,250,121,0.55
islam,MuslimPro,dua.com!,5,84,221,77,0.60
islam,MuslimPro,lời,5,87,202,156,0.52
islam,MuslimPro,love saying,5,57,249,204,0.50
islam,MuslimPro,by dua.com,5,24,219,99,0.57
islam,MuslimPro,dua uygulamasi,5,25,230,139,0.53
islam,MuslimPro,more time,5,85,196,162,0.52
islam,MuslimPro,da hora,5,50,249,49,0.66
islam,MuslimPro,جدول حفظ القران طريقة,5,62,250,119,0.55
islam,MuslimPro,musim,5,95,250,27,0.76
islam,MuslimPro,lernen islam,5,26,201,5,1.34
islam,MuslimPro,alarm calendar,5,14,241,123,0.54
islam,MuslimPro,kurani kerim indir,5,55,250,121,0.55
islam,MuslimPro,diyanet kuran i kerim,5,49,250,32,0.73
islam,MuslimPro,dua premium,5,49,247,132,0.54
islam,MuslimPro,free-time,5,59,229,160,0.52
islam,MuslimPro,short term,5,100,250,55,0.64
islam,MuslimPro,urdu calendar 2023,5,62,249,89,0.58
islam,MuslimPro,u.s. calendar,5,53,249,134,0.54
islam,MuslimPro,koran of deutsch,5,28,233,17,0.86
islam,MuslimPro,koran auf deutsch - al-quran,5,57,249,8,1.10
islam,MuslimPro,koran audio: arabisch,5,49,249,8,1.10
islam,MuslimPro,navegue,5,97,250,105,0.56
islam,MuslimPro,usa calendar 2023,5,70,249,101,0.56
islam,MuslimPro,quran without internet,5,59,250,5,1.34
islam,MuslimPro,download quran,5,59,249,5,1.34
islam,MuslimPro,urdu calendar 2023 islamic,5,35,245,41,0.68
islam,MuslimPro,islamic months,5,54,248,118,0.55
islam,MuslimPro,españa 2023,5,78,242,116,0.55
islam,MuslimPro,spain 2023,5,77,250,158,0.52
islam,MuslimPro,hallowed,5,77,249,6,1.24
islam,MuslimPro,mm calendar 2023,5,36,245,102,0.56
islam,MuslimPro,kalender österreich 2023,5,35,240,92,0.58
islam,MuslimPro,philippines calendar 2023,5,72,250,114,0.55
islam,MuslimPro,2023 philippines calendar,5,72,250,116,0.55
islam,MuslimPro,الإسلام منبه الصلاة وقت الصلاة,5,20,248,5,1.34
islam,MuslimPro,kuran 360,5,70,250,85,0.58
islam,MuslimPro,المصلي الذهبي,5,78,249,4,1.49
islam,MuslimPro,وقت الصلاه,5,75,249,3,1.74
islam,MuslimPro,موقيت الصلاة,5,75,248,3,1.74
islam,MuslimPro,موقت الصلاة,5,75,250,3,1.74
islam,MuslimPro,اوقات صلاه,5,75,248,4,1.49
islam,MuslimPro,وقت الاذان,5,75,250,3,1.74
islam,MuslimPro,تطبيق اذان,5,75,249,2,2.29
islam,MuslimPro,موعد الاذان,5,75,250,3,1.74
islam,MuslimPro,اذان+,5,75,249,4,1.49
islam,MuslimPro,منبه الصلاة,5,53,249,3,1.74
islam,MuslimPro,الى صلاتي,5,53,249,10,1.02
islam,MuslimPro,مواقيت الاذان,5,59,250,2,2.29
islam,MuslimPro,اذان الصلاه,5,75,248,3,1.74
islam,MuslimPro,موذن السعودية,5,75,250,9,1.06
islam,MuslimPro,تذكير الصلاه,5,75,250,3,1.74
islam,MuslimPro,الاذان برو,5,75,249,2,2.29
islam,MuslimPro,مؤذن السعودية,5,75,250,5,1.34
islam,MuslimPro,ختمه القران,5,74,249,65,0.62
islam,MuslimPro,تحديد القبله,5,53,250,9,1.06
islam,MuslimPro,الاذكار اليومية,5,53,249,120,0.55
islam,MuslimPro,اتجاه قبلة الصلاة,5,70,250,6,1.24
islam,MuslimPro,بوصله القبله,5,70,250,104,0.56
islam,MuslimPro,#القران_الكريم,5,75,250,19,0.83
islam,MuslimPro,مصحف المدينه,5,62,250,75,0.60
islam,MuslimPro,مواعيد الاذان,5,75,250,2,2.29
islam,MuslimPro,prayer-app,5,79,249,4,1.49
islam,MuslimPro,الاذان كامل,5,75,249,1,5.00
islam,MuslimPro,صلاة الفجر,5,75,250,3,1.74
islam,MuslimPro,صلاتي حياتي-الصلاة والقبلة,5,70,250,13,0.93
islam,MuslimPro,تطبيق الاذان,5,51,249,3,1.74
islam,MuslimPro,موعد الصلاة,5,75,250,3,1.74
islam,MuslimPro,اذكار الصباح والمساء بدون نت,5,77,249,46,0.67
islam,MuslimPro,shalat,5,77,250,10,1.02
islam,MuslimPro,jadwal solat,5,75,250,2,2.29
islam,MuslimPro,pengingat sholat,5,59,248,2,2.29
islam,MuslimPro,zikir pagi petang,5,82,249,53,0.64
islam,MuslimPro,kalender hijriyah,5,57,247,73,0.60
islam,MuslimPro,doa-doa,5,94,248,23,0.79
islam,MuslimPro,al-qur'an,5,77,249,8,1.10
islam,MuslimPro,ikamah,5,53,248,22,0.80
islam,MuslimPro,اوقات الصلاة : مواقيت الصلاه,5,75,248,5,1.34
islam,MuslimPro,islam-pro,5,75,250,1,5.00
islam,MuslimPro,interativos,5,81,214,129,0.54
islam,MuslimPro,qibla | اتجاه القبلة,5,70,250,23,0.79
islam,MuslimPro,athkar - أذكار,5,53,249,40,0.69
islam,MuslimPro,تطبيق اذكار,5,74,247,11,0.98
islam,MuslimPro,اذكر,5,53,247,119,0.55
islam,MuslimPro,المصلي السعودي,5,53,249,5,1.34
islam,MuslimPro,الصلاة على النبي يوم الجمعة,5,70,250,60,0.63
islam,MuslimPro,دعاء رمضان,5,70,249,122,0.55
islam,MuslimPro,شهر رمضان,5,81,249,79,0.59
islam,MuslimPro,هلال رمضان,5,73,248,12,0.96
islam,MuslimPro,صلاة العشاء,5,70,250,11,0.98
islam,MuslimPro,القرآن الكريم كامل,5,75,250,15,0.89
islam,MuslimPro,برنامج صلاه,5,75,248,2,2.29
islam,MuslimPro,إتجاه قبلة,5,29,238,40,0.69
islam,MuslimPro,تجاه القبله,5,74,250,13,0.93
islam,MuslimPro,موذن,5,74,248,7,1.16
islam,MuslimPro,وقت,5,86,215,114,0.55
islam,MuslimPro,تحديدالقبلة,5,70,250,31,0.73
islam,MuslimPro,برنامج المصلى مواقيت الصلاة,5,74,249,4,1.49
islam,MuslimPro,حقيبة المؤمن,5,73,250,4,1.49
islam,MuslimPro,ايت,5,95,249,242,0.48
islam,MuslimPro,موذني,5,74,248,2,2.29
islam,MuslimPro,صلاه,5,75,249,5,1.34
islam,MuslimPro,quraan القران الكريم,5,72,250,19,0.83
islam,MuslimPro,اذن,5,83,248,1,5.00
islam,MuslimPro,برنامج الصلاه,5,75,249,2,2.29
islam,MuslimPro,jadwal salat,5,59,249,4,1.49
islam,MuslimPro,kalender islami,5,34,204,81,0.59
islam,MuslimPro,ibadah,5,81,250,4,1.49
islam,MuslimPro,hari raya islam,5,75,250,10,1.02
islam,MuslimPro,pengingat salat,5,59,249,2,2.29
islam,MuslimPro,notifikasi azan,5,30,230,1,5.00
islam,MuslimPro,jadwal azan,5,36,241,3,1.74
islam,MuslimPro,waktu waktu azan,5,75,250,4,1.49
islam,MuslimPro,reminder sholat,5,75,250,5,1.34
islam,MuslimPro,waktu waktu sholat,5,75,250,7,1.16
islam,MuslimPro,waktu waktu shalat,5,53,248,1,5.00
islam,MuslimPro,alarm azan,5,75,233,1,5.00
islam,MuslimPro,waktu waktu adzan,5,75,250,4,1.49
islam,MuslimPro,reminder solat,5,75,250,2,2.29
islam,MuslimPro,bacaan al-qur'an,5,70,234,22,0.80
islam,MuslimPro,waktu adzhan,5,75,250,1,5.00
islam,MuslimPro,tilawah qur an,5,72,249,18,0.84
islam,MuslimPro,al-qur'an lengkap,5,21,218,11,0.98
islam,MuslimPro,kumpulan doa,5,85,250,4,1.49
islam,MuslimPro,al qur an al karim,5,72,249,122,0.55
islam,MuslimPro,membaca qur an,5,73,242,7,1.16
islam,MuslimPro,do a do a,5,92,183,164,0.52
islam,MuslimPro,zikir pagi,5,53,227,42,0.68
islam,MuslimPro,zikir setelah solat,5,53,247,52,0.65
islam,MuslimPro,cari arah kiblat,5,75,250,4,1.49
islam,MuslimPro,penghitung dzikir,5,45,247,124,0.54
islam,MuslimPro,qur an,5,53,249,6,1.24
islam,MuslimPro,muslimmuna,5,32,219,13,0.93
islam,MuslimPro,dzikir sore,5,53,249,31,0.73
islam,MuslimPro,zikir petang,5,50,246,92,0.58
islam,MuslimPro,qur an karim,5,55,250,121,0.55
islam,MuslimPro,dzikir selepas sholat,5,70,250,26,0.76
islam,MuslimPro,jadwal salat indonesia,5,33,243,11,0.98
islam,MuslimPro,zikir menjelang tidur,5,70,250,38,0.70
islam,MuslimPro,jadwal adzan dan sholat,5,36,242,5,1.34
islam,MuslimPro,aplikasi adzan offline,5,75,250,1,5.00
islam,MuslimPro,jadwal jadwal adzan,5,75,250,8,1.10
islam,MuslimPro,dzikir selepas solat,5,25,230,46,0.67
islam,MuslimPro,al ma tsurat,5,70,250,56,0.64
islam,MuslimPro,almatsurat,5,62,249,36,0.70
islam,MuslimPro,mesjid,5,75,250,91,0.58
islam,MuslimPro,aplikasi azan offline,5,35,240,3,1.74
islam,MuslimPro,yasinan,5,70,250,55,0.64
islam,MuslimPro,jadwal waktu solat hari ini,5,32,235,5,1.34
islam,MuslimPro,tadarus al qur an,5,45,248,103,0.56
islam,MuslimPro,muludan,5,32,243,18,0.84
islam,MuslimPro,doa doa pilihan,5,59,249,1,5.00
islam,MuslimPro,musalla,5,78,249,3,1.74
islam,MuslimPro,zikir zikir pilihan,5,25,228,70,0.61
islam,MuslimPro,zikir dan doa harian,5,70,250,12,0.96
islam,MuslimPro,iqamah,5,73,249,13,0.93
islam,MuslimPro,ticsaver,5,87,249,133,0.54
islam,MuslimPro,puternice,5,80,185,57,0.63
islam,MuslimPro,suhoor time,5,59,249,5,1.34
islam,MuslimPro,ramadan calender,5,53,250,63,0.62
islam,MuslimPro,ramadan alerts,5,69,247,29,0.74
islam,MuslimPro,fasting times,5,78,250,46,0.67
islam,MuslimPro,el khatma,5,20,200,15,0.89
islam,MuslimPro,religious studies,5,82,250,126,0.54
islam,MuslimPro,جدول حفظ القران,5,85,250,116,0.55
islam,MuslimPro,kıble bulma pusulası internetsiz,5,52,250,106,0.56
islam,MuslimPro,français coran,5,53,249,43,0.68
islam,MuslimPro,al kuran,5,53,250,30,0.74
islam,MuslimPro,francais coran,5,47,248,46,0.67
islam,MuslimPro,al koran,5,48,250,5,1.34
islam,MuslimPro,koran für muslim,5,51,250,1,5.00
islam,MuslimPro,quran malaysia,5,72,239,11,0.98
islam,MuslimPro,Step By Step Salah -,5,23,250,29,0.74
islam,MuslimPro,step by step salah for girls,5,14,250,31,0.73
islam,MuslimPro,tahajjud namaz dua,5,14,249,18,0.84
islam,MuslimPro,salt date,5,96,250,31,0.73
islam,MuslimPro,All kinds of prayers,5,80,250,93,0.57
islam,MuslimPro,i an,5,83,193,153,0.52
islam,MuslimPro,youtube automation,5,63,227,103,0.56
islam,MuslimPro,القران الكري,5,60,249,120,0.55
islam,MuslimPro,ピノ,5,86,247,21,0.81
islam,MuslimPro,schweiz kalender,5,35,236,99,0.57
islam,MuslimPro,plane sound,5,56,242,183,0.51
islam,MuslimPro,quran translate,5,54,250,9,1.06
islam,MuslimPro,praye,5,89,249,11,0.98
islam,MuslimPro,men prayer,5,81,249,26,0.76
islam,MuslimPro,muslim munaprayer,5,46,237,6,1.24
islam,MuslimPro,munaprayer,5,7,203,4,1.49
islam,MuslimPro,munaprayer timesquran,5,51,248,2,2.29
islam,MuslimPro,timesquran,5,48,246,17,0.86
islam,MuslimPro,finder prayer,5,53,248,3,1.74
islam,MuslimPro,pray the gospels,5,66,250,152,0.52
islam,MuslimPro,picture captions,5,55,235,181,0.51
islam,MuslimPro,in touch with,5,53,218,133,0.54
islam,MuslimPro,i miss you,5,61,247,93,0.57
islam,MuslimPro,free to -play,5,82,194,153,0.52
islam,MuslimPro,çocuklar için sesli kitaplar,5,55,196,106,0.56
islam,MuslimPro,anilyme pro：anilyme,5,35,211,62,0.62
islam,MuslimPro,listen holy,5,47,249,63,0.62
islam,MuslimPro,word flash,5,30,213,179,0.51
islam,MuslimPro,holy date,5,82,249,32,0.73
islam,MuslimPro,upwards date,5,98,247,194,0.50
islam,MuslimPro,daily work,5,81,250,107,0.56
islam,MuslimPro,five time prayer azan,5,44,250,2,2.29
islam,MuslimPro,ramadan prayer time 2023,5,26,249,7,1.16
islam,MuslimPro,ramadan prayer time,5,42,250,1,5.00
islam,MuslimPro,5 times prayer app,5,42,250,2,2.29
islam,MuslimPro,iqibla,5,65,250,2,2.29
islam,MuslimPro,five time azan,5,43,250,2,2.29
islam,MuslimPro,zakat calculator,5,45,248,109,0.56
islam,MuslimPro,bulun!,5,88,227,87,0.58
islam,MuslimPro,prayer time qibla,5,43,249,8,1.10
islam,MuslimPro,muslim salat time,5,46,230,1,5.00
islam,MuslimPro,prayer time salat,5,46,250,4,1.49
islam,MuslimPro,salat times athan,5,26,249,2,2.29
islam,MuslimPro,Salat time athan,5,43,250,2,2.29
islam,MuslimPro,fasting time tracker,5,51,247,156,0.52
islam,MuslimPro,al-quran (pro),5,52,249,2,2.29
islam,MuslimPro,blockerxporn,5,74,234,47,0.66
islam,MuslimPro,alquran malaysia,5,45,247,18,0.84
islam,MuslimPro,quran best,5,77,249,3,1.74
islam,MuslimPro,коран. тафсир,5,56,236,64,0.62
islam,MuslimPro,рамадан 2023,5,28,236,15,0.89
islam,MuslimPro,Meanings of the Holy Quran,5,4,249,87,0.58
islam,MuslimPro,pro streaming,5,96,239,161,0.52
islam,MuslimPro,taseeh counter pro,5,27,250,39,0.69
islam,MuslimPro,love readings,5,67,242,198,0.50
islam,MuslimPro,safe pro,5,54,246,109,0.56
islam,MuslimPro,pro mobile app,5,93,188,119,0.55
islam,MuslimPro,pro free,5,84,214,36,0.70
islam,MuslimPro,alquran 30 juz tanpa internet,5,64,249,36,0.70
islam,MuslimPro,youtube schedule,5,88,245,41,0.68
islam,MuslimPro,ramadan 2023,5,70,250,46,0.67
islam,MuslimPro,Al-Afasy,5,57,250,160,0.52
islam,MuslimPro,نور رمضان,5,70,250,104,0.56
islam,MuslimPro,kalender puasa,5,55,237,84,0.59
islam,MuslimPro,quran translatioon,5,36,244,119,0.55
islam,MuslimPro,l'application,5,76,189,168,0.51
islam,MuslimPro,heures avant,5,72,245,77,0.60
islam,MuslimPro,eid elfitr,5,14,250,56,0.64
islam,MuslimPro,eid el fitr,5,0,235,120,0.55
islam,MuslimPro,alquran digital,5,56,250,7,1.16
islam,MuslimPro,al-quran indonesian,5,53,248,24,0.78
islam,MuslimPro,alquran tajwid,5,34,243,98,0.57
islam,MuslimPro,al-quran dan terjemahan indonesia,5,45,250,39,0.69
islam,MuslimPro,quran hafalan,5,59,248,29,0.74
islam,MuslimPro,quran kemenag,5,45,246,6,1.24
islam,MuslimPro,alquran tafsir,5,53,249,120,0.55
islam,MuslimPro,al-quran bahasa melayu,5,52,250,24,0.78
islam,MuslimPro,al-quran malaysia,5,70,242,48,0.66
islam,MuslimPro,imsakiyah 2023,5,58,249,2,2.29
islam,MuslimPro,alquran 30 juz tanpa terjemahan,5,52,249,56,0.64
islam,MuslimPro,alquran 30 juzuk dan terjemahan,5,53,249,42,0.68
islam,MuslimPro,رمضان 2023,5,50,243,145,0.53
islam,MuslimPro,المجيد,5,51,230,6,1.24
islam,MuslimPro,مصحف القيام,5,77,250,29,0.74
islam,MuslimPro,رمضان 1444,5,34,244,69,0.61
islam,MuslimPro,brown noise generator,5,5,237,114,0.55
islam,MuslimPro,al quran tajwid,5,74,250,122,0.55
islam,MuslimPro,al quran dan terjemahan,5,75,249,34,0.71
islam,MuslimPro,kuran okuyan,5,72,249,15,0.89
islam,MuslimPro,aid ul fitr,5,0,245,81,0.59
islam,MuslimPro,gpt pro,5,98,250,46,0.67
islam,MuslimPro,eid ul fitr,5,67,248,49,0.66
islam,MuslimPro,wishes eid ul fitr,5,0,219,159,0.52
islam,MuslimPro,watch events,5,75,244,233,0.49
islam,MuslimPro,alquran madinah,5,51,249,52,0.65
islam,MuslimPro,zajęcia,5,45,248,145,0.53
islam,MuslimPro,quran ai,5,69,250,12,0.96
islam,MuslimPro,a.l.,5,47,215,93,0.57
islam,MuslimPro,do fast,5,,231,155,0.52
islam,MuslimPro,art tutorial,5,61,250,234,0.49
islam,MuslimPro,Russian Village,5,21,233,85,0.58
islam,MuslimPro,Tasbih Counter Pro,5,61,250,121,0.55
islam,MuslimPro,miroir app gratuit,5,94,250,89,0.58
islam,MuslimPro,aplicación de espejo gratis,5,94,250,124,0.54
islam,MuslimPro,specchio app,5,94,250,96,0.57
islam,MuslimPro,azn,5,75,249,4,1.49
islam,MuslimPro,برنامج حمل,5,78,234,202,0.50
islam,MuslimPro,professional community,5,83,250,70,0.61
islam,MuslimPro,professional advice,5,70,250,142,0.53
islam,MuslimPro,gratis specchio app,5,94,250,67,0.61
islam,MuslimPro,gratis aplicacion de espejo,5,74,231,87,0.58
islam,MuslimPro,prayer counter,5,48,250,122,0.55
islam,MuslimPro,text reminders,5,63,248,122,0.55
islam,MuslimPro,ai quran,5,71,250,11,0.98
islam,MuslimPro,comète,5,79,250,115,0.55
islam,MuslimPro,comparte tu momento,5,90,214,120,0.55
islam,MuslimPro,comparte tu vida,5,78,189,94,0.57
islam,MuslimPro,compartilhar tv,5,70,247,202,0.50
islam,MuslimPro,pro gpt,5,84,221,107,0.56
islam,MuslimPro,GPT Tools pro,5,95,249,42,0.68
islam,MuslimPro,Download Hub,5,96,250,69,0.61
islam,MuslimPro,greatness daily,5,76,250,11,0.98
islam,MuslimPro,teks arab,5,29,238,153,0.52
islam,MuslimPro,waktu liburan,5,67,249,3,1.74
islam,MuslimPro,الختمه,5,72,249,14,0.91
islam,MuslimPro,mənzil,5,79,249,12,0.96
islam,MuslimPro,pro tipster,5,35,249,111,0.55
islam,MuslimPro,application de rencontre musulmane,5,49,241,35,0.71
islam,MuslimPro,تلفزيون سامسونج,5,59,235,112,0.55
islam,MuslimPro,müslüman sohbet,5,79,250,4,1.49
islam,MuslimPro,müslüman flört,5,80,250,27,0.76
islam,MuslimPro,müslüman flört uygulaması,5,80,248,10,1.02
islam,MuslimPro,pro tips,5,44,249,124,0.54
islam,MuslimPro,ربط التلفزيون,5,58,231,139,0.53
islam,MuslimPro,電視鏡,5,64,225,175,0.51
islam,MuslimPro,azan prayer times,5,78,249,1,5.00
islam,MuslimPro,توقيت الصلاه,5,74,250,4,1.49
islam,MuslimPro,drawing guide,5,70,250,209,0.50
islam,MuslimPro,namaz tracker,5,5,230,7,1.16
islam,MuslimPro,shot-tracer,5,90,248,93,0.57
islam,MuslimPro,tv show calendar,5,88,249,125,0.54
islam,MuslimPro,ezan programı,5,48,248,3,1.74
islam,MuslimPro,namaz sureleri ve duaları,5,58,249,13,0.93
islam,MuslimPro,kıbleyi bul,5,69,250,118,0.55
islam,MuslimPro,kıble bul,5,60,250,119,0.55
islam,MuslimPro,kıble bulucu diyanet,5,70,250,57,0.63
islam,MuslimPro,القرآن 360,5,53,249,18,0.84
islam,MuslimPro,المصحف كامل,5,43,250,14,0.91
islam,MuslimPro,القران الكريم قراءة واستماع,5,59,250,12,0.96
islam,MuslimPro,القران الكريم بدون نت,5,54,250,141,0.53
islam,MuslimPro,الكريم القران,5,56,250,14,0.91
islam,MuslimPro,al quran kemenag,5,74,249,9,1.06
islam,MuslimPro,al-quran offline القرآن الكريم,5,56,250,35,0.71
islam,MuslimPro,time-management with tock tool,5,70,250,21,0.81
islam,MuslimPro,well finder,5,83,246,77,0.60
islam,MuslimPro,transcribe lockscreen,5,12,221,38,0.70
islam,MuslimPro,Deen Tracker,5,26,249,9,1.06
islam,MuslimPro,new apps 2023,5,90,213,68,0.61
islam,MuslimPro,pro notes,5,36,250,151,0.52
islam,MuslimPro,love quotes- daily love quotes,5,35,245,205,0.50
islam,MuslimPro,waking up refreshed,5,74,244,144,0.53
islam,MuslimPro,accurately,5,93,250,69,0.61
islam,MuslimPro,audio prayer,5,89,250,13,0.93
islam,MuslimPro,games calendar,5,68,243,167,0.52
islam,MuslimPro,muslim ai,5,64,222,19,0.83
islam,MuslimPro,azan pray time,5,74,250,1,5.00
islam,MuslimPro,azan time pro plus,5,74,250,4,1.49
islam,MuslimPro,kuranı kerim indir internetsiz,5,72,250,89,0.58
islam,MuslimPro,win Tracker,5,77,250,87,0.58
islam,MuslimPro,flexibile,5,48,245,62,0.62
islam,MuslimPro,muna,5,71,248,72,0.60
islam,MuslimPro,aplikasi alquran,5,75,250,6,1.24
islam,MuslimPro,quran rumi,5,47,247,39,0.69
islam,MuslimPro,islamic quotes,5,83,250,43,0.68
islam,MuslimPro,azan app alarm,5,59,249,1,5.00
islam,MuslimPro,dog pregnancy calendar,5,33,243,80,0.59
islam,MuslimPro,islamic chatbot,5,,250,47,0.66
islam,MuslimPro,anonymous audio,5,92,250,202,0.50
islam,MuslimPro,quran tadabbur,5,77,249,16,0.87
islam,MuslimPro,will help,5,92,188,169,0.51
islam,MuslimPro,منبه الاذان واوقات الصلاة,5,77,250,1,5.00
islam,MuslimPro,captions instagram,5,59,246,151,0.52
islam,MuslimPro,alarma・the,5,91,250,233,0.49
islam,MuslimPro,برنامج متابعه الحمل يوم بيوم,5,83,249,227,0.49
islam,MuslimPro,صلاتي اوقات الصلاه,5,77,250,2,2.29
islam,MuslimPro,الاذان مع مواعيد الصلاة,5,73,250,3,1.74
islam,MuslimPro,المؤذن الجديد والاقامه بدون نت,5,73,250,7,1.16
islam,MuslimPro,instagram caption ai,5,88,250,217,0.49
islam,MuslimPro,task tracker ios,5,50,184,41,0.68
islam,MuslimPro,부모의,5,87,226,156,0.52
islam,MuslimPro,care calendar,5,78,247,236,0.49
islam,MuslimPro,Athan times,5,4,250,1,5.00
islam,MuslimPro,reminder features,5,72,250,141,0.53
islam,MuslimPro,nearby mosque,5,71,250,12,0.96
islam,MuslimPro,مؤذن الصلاه,5,75,250,5,1.34
islam,MuslimPro,اذان الصلاه في وقتها بدون نت,5,77,250,3,1.74
islam,MuslimPro,prayers for everyday,5,66,249,121,0.55
islam,MuslimPro,prayer daily,5,69,250,29,0.74
islam,MuslimPro,prayer for every situation,5,53,250,120,0.55
islam,MuslimPro,daily pray,5,85,250,26,0.76
islam,MuslimPro,Pro headshot,5,72,239,87,0.58
islam,MuslimPro,dzikir pagi dan petang,5,47,244,82,0.59
islam,MuslimPro,musical market,5,51,238,213,0.49
islam,MuslimPro,Quran Reader Pro,5,5,20,3,1.74
islam,MuslimPro,life with abba,5,77,249,106,0.56
islam,MuslimPro,screenshotted by,5,54,246,230,0.49
islam,MuslimPro,screenshot no alert,5,79,250,51,0.65
islam,MuslimPro,fast por,5,86,212,172,0.51
islam,MuslimPro,al Quran pro,5,73,250,3,1.74
islam,MuslimPro,cartão sus,5,93,250,133,0.54
islam,MuslimPro,iphone aus,5,79,250,222,0.49
islam,MuslimPro,コーラン –,5,72,250,20,0.82
islam,MuslimPro,wemuslim athan,5,30,200,2,2.29
islam,MuslimPro,athan qiblaquran,5,35,249,6,1.24
islam,MuslimPro,qiblaquran,5,48,248,30,0.74
islam,MuslimPro,kible bulma pusulası,5,70,250,110,0.56
islam,MuslimPro,inglés preescolar,5,81,236,193,0.50
islam,MuslimPro,bus stop notifications,5,85,248,73,0.60
islam,MuslimPro,azan waktu,5,29,226,1,5.00
islam,MuslimPro,azan - gebetszeiten islam,5,33,237,1,5.00
islam,MuslimPro,alquran 360,5,73,250,7,1.16
islam,MuslimPro,al quran bahasa melayu,5,53,250,27,0.76
islam,MuslimPro,al quran terjemahan,5,70,250,22,0.80
islam,MuslimPro,arah qiblat,5,74,250,4,1.49
islam,MuslimPro,adzan alarm,5,75,250,7,1.16
islam,MuslimPro,اتجاه القبلة بدون الإنترنت,5,46,248,70,0.61
islam,MuslimPro,al-quran offline,5,71,250,82,0.59
islam,MuslimPro,prieré musulmane,5,27,208,1,5.00
islam,MuslimPro,tilawah,5,74,247,12,0.96
islam,MuslimPro,the pill reminder app,5,87,249,146,0.53
islam,MuslimPro,中国地图,5,29,228,105,0.56
islam,MuslimPro,方向,5,85,243,48,0.66
islam,MuslimPro,prayer times usa,5,75,249,1,5.00
islam,MuslimPro,مسلم: اذان  القبلة  ذكر,5,75,239,1,5.00
islam,MuslimPro,athan pro gratuit france,5,74,250,1,5.00
islam,MuslimPro,alquran english,5,71,249,46,0.67
islam,MuslimPro,英语课程,5,98,362,204,0.50
islam,MuslimPro,screenshot search,5,65,249,174,0.51
islam,MuslimPro,キブラコンパス,5,0,20,16,0.87
islam,MuslimPro,85th annual,5,55,20,6,1.24
islam,MuslimPro,peringatan,5,94,250,79,0.59
islam,MuslimPro,ดเจ,5,58,247,130,0.54
islam,MuslimPro,dự,5,87,217,115,0.55
islam,MuslimPro,cảnh,5,92,194,95,0.57
islam,MuslimPro,时时,5,56,189,99,0.57
islam,MuslimPro,a/c pro,5,97,245,75,0.60
islam,MuslimPro,become attractive,5,,250,51,0.65
islam,MuslimPro,sprogs,5,47,246,108,0.56
islam,MuslimPro,better understanding,5,92,250,183,0.51
islam,MuslimPro,qiblat kompas,5,32,235,5,1.34
islam,MuslimPro,al-quran english,5,53,249,87,0.58
islam,MuslimPro,koran audio: arabisch  deutsch,5,70,250,25,0.77
islam,MuslimPro,quran belajar,5,43,250,119,0.55
islam,MuslimPro,quran belajar indonesia,5,77,250,8,1.10
islam,MuslimPro,quran courses,5,78,250,129,0.54
islam,MuslimPro,al-quran dalam bahasa melayu,5,84,248,16,0.87
islam,MuslimPro,beeper mini,5,87,245,138,0.53
islam,MuslimPro,muslim muna app,5,53,248,3,1.74
islam,MuslimPro,muslim story,5,59,250,8,1.10
islam,MuslimPro,name lookup,5,70,245,214,0.49
islam,MuslimPro,prayer time reminder,5,2,20,4,1.49
islam,MuslimPro,screenshot text,5,96,250,88,0.58
islam,MuslimPro,English courses,5,90,250,179,0.51
islam,MuslimPro,Muslim prayer beads,5,78,250,3,1.74
islam,MuslimPro,quran guide,5,59,250,7,1.16
islam,MuslimPro,the muslim app,5,78,250,2,2.29
islam,MuslimPro,time entries,5,52,232,80,0.59
islam,MuslimPro,mus juego,5,69,235,207,0.50
islam,MuslimPro,que la,5,91,199,154,0.52
islam,MuslimPro,mejorar el español,5,35,245,192,0.50
islam,MuslimPro,tablet search,5,77,250,125,0.54
islam,MuslimPro,sveriges tv,5,100,250,36,0.70
islam,MuslimPro,watch library,5,63,248,203,0.50
islam,MuslimPro,360 القرآن,5,49,248,42,0.68
islam,MuslimPro,facts daily,5,57,250,136,0.53
islam,MuslimPro,daily facts app,5,46,246,123,0.54
islam,MuslimPro,daily facts app free,5,5,235,133,0.54
islam,MuslimPro,ibada,5,83,249,12,0.96
islam,MuslimPro,sikiliza,5,96,249,120,0.55
islam,MuslimPro,Become Hot,5,93,250,12,0.96
islam,MuslimPro,translate-global,5,84,250,207,0.50
islam,MuslimPro,құран,5,77,250,7,1.16
islam,MuslimPro,Birthday cards and messages,5,20,249,170,0.51
islam,MuslimPro,Books Downloader,5,81,250,215,0.49
islam,MuslimPro,pray daily,5,87,249,37,0.70
islam,MuslimPro,রমজানের সময় সূচী ২০২৪,5,36,250,25,0.77
islam,MuslimPro,ramaden,5,27,209,5,1.34
islam,MuslimPro,ramaden calender,5,20,249,69,0.61
islam,MuslimPro,tasbih app,5,57,248,210,0.50
islam,MuslimPro,ramadan 2024,5,35,250,35,0.71
islam,MuslimPro,meko,5,92,250,39,0.69
islam,MuslimPro,English Quote,5,,250,135,0.54
islam,MuslimPro,اذكار و ادعيه,5,75,248,8,1.10
islam,MuslimPro,knowledge questions,5,83,250,157,0.52
islam,MuslimPro,quran read,5,80,250,6,1.24
islam,MuslimPro,pro islam,5,71,250,1,5.00
islam,MuslimPro,tracker meal,5,74,250,162,0.52
islam,MuslimPro,app) menstrual,5,79,250,180,0.51
islam,MuslimPro,halal finder,5,45,241,131,0.54
islam,MuslimPro,Clickie - Auto Clicker Pro,5,,248,169,0.51
islam,MuslimPro,mole tracker,5,14,245,79,0.59
islam,MuslimPro,alerts call,5,36,250,155,0.52
islam,MuslimPro,Quotes Designer,5,74,250,155,0.52
islam,MuslimPro,Quotes for me,5,,250,140,0.53
islam,MuslimPro,My Favorites Quotes,5,36,250,127,0.54
islam,MuslimPro,واتس الذهبي الاصلي,5,,250,132,0.54
islam,MuslimPro,future baby generator free,5,64,250,89,0.58
islam,MuslimPro,dates community,5,78,247,214,0.49
islam,MuslimPro,quotes to remember,5,13,246,161,0.52
islam,MuslimPro,outstanding quotes,5,44,250,204,0.50
islam,MuslimPro,quotes plus,5,,247,134,0.54
islam,MuslimPro,quotes plus',5,36,249,132,0.54
islam,MuslimPro,quote source,5,,250,172,0.51
islam,MuslimPro,tartil,5,77,249,44,0.67
islam,MuslimPro,athkar app,5,69,249,24,0.78
islam,MuslimPro,dua & azkar,5,73,250,30,0.74
islam,MuslimPro,daily dhikr,5,61,248,118,0.55
islam,MuslimPro,athkar اذكار المسلم,5,70,249,39,0.69
islam,MuslimPro,azkar and dua,5,60,248,40,0.69
islam,MuslimPro,رقم,5,91,234,72,0.60
islam,MuslimPro,kıbleyi bulma,5,70,249,96,0.57
islam,MuslimPro,azkar prayer,5,70,250,35,0.71
islam,MuslimPro,quran duas,5,36,250,28,0.75
islam,MuslimPro,quran plus,5,80,249,45,0.67
islam,MuslimPro,quran 365,5,55,249,12,0.96
islam,MuslimPro,clear quran,5,81,250,30,0.74
islam,MuslimPro,quran al kahr,5,49,250,102,0.56
islam,MuslimPro,quran englisj,5,28,236,108,0.56
islam,MuslimPro,Quran daily,5,79,250,8,1.10
islam,MuslimPro,my quran journey,5,64,249,120,0.55
islam,MuslimPro,quran journey,5,69,249,120,0.55
islam,MuslimPro,al kitab,5,70,250,108,0.56
islam,MuslimPro,quran story,5,49,250,40,0.69
islam,MuslimPro,quran 360+,5,43,249,14,0.91
islam,MuslimPro,prayer timed,5,28,249,1,5.00
islam,MuslimPro,translate 2024,5,62,249,150,0.52
islam,MuslimPro,quran +,5,75,250,7,1.16
islam,MuslimPro,quran smart,5,49,246,102,0.56
islam,MuslimPro,smart quran,5,57,250,10,1.02
islam,MuslimPro,Quran master,5,51,249,14,0.91
islam,MuslimPro,Quran + AI,5,74,249,12,0.96
islam,MuslimPro,Beautiful Quran,5,57,250,10,1.02
islam,MuslimPro,Tadabbur,5,67,249,21,0.81
islam,MuslimPro,practice your pronunciation,5,86,250,153,0.52
islam,MuslimPro,Murattal,5,83,247,7,1.16
islam,MuslimPro,omar and hana app,5,78,221,30,0.74
islam,MuslimPro,Access Pro,5,65,249,60,0.63
islam,MuslimPro,المسلم - athan & hisnul muslim,5,50,248,8,1.10
islam,MuslimPro,quran audio book,5,55,250,48,0.66
islam,MuslimPro,dua & zikr companion,5,70,250,110,0.56
islam,MuslimPro,daily quran verse,5,78,249,20,0.82
islam,MuslimPro,muslim: prayer times,5,73,250,1,5.00
islam,MuslimPro,اذكار : azkar اذان رمضان,5,74,250,6,1.24
islam,MuslimPro,dhikr islam,5,58,250,5,1.34
islam,MuslimPro,quran all language translation,5,46,250,63,0.62
islam,MuslimPro,Talk with Allah,5,36,249,37,0.70
islam,MuslimPro,tahajjud salat,5,29,249,16,0.87
islam,MuslimPro,salat islam,5,74,249,1,5.00
islam,MuslimPro,أذان گو,5,74,250,7,1.16
islam,MuslimPro,muslim prayer schedule,5,74,249,1,5.00
islam,MuslimPro,asr prayer,5,63,248,3,1.74
islam,MuslimPro,islamic pray times,5,74,250,2,2.29
islam,MuslimPro,qibla position,5,74,250,5,1.34
islam,MuslimPro,kiblah finder,5,74,250,18,0.84
islam,MuslimPro,nimaz timings,5,74,249,2,2.29
islam,MuslimPro,compass for qibla,5,70,250,31,0.73
islam,MuslimPro,qibla compass online,5,70,250,40,0.69
islam,MuslimPro,prayer times finder,5,58,248,1,5.00
islam,MuslimPro,find qebla,5,35,250,6,1.24
islam,MuslimPro,imsak time,5,52,248,1,5.00
islam,MuslimPro,prayer times california,5,52,250,5,1.34
islam,MuslimPro,zuhr,5,36,246,1,5.00
islam,MuslimPro,qibla locator online,5,34,250,8,1.10
islam,MuslimPro,muslim family,5,50,250,3,1.74
islam,MuslimPro,muslim prayer direction,5,58,250,2,2.29
islam,MuslimPro,kaaba location,5,49,249,21,0.81
islam,MuslimPro,musalman,5,52,249,1,5.00
islam,MuslimPro,qibla prayer direction,5,32,250,5,1.34
islam,MuslimPro,us prayer times,5,48,250,1,5.00
islam,MuslimPro,prayer times us,5,52,250,2,2.29
islam,MuslimPro,usa prayer times,5,50,250,2,2.29
islam,MuslimPro,qibla direction locator,5,36,250,10,1.02
islam,MuslimPro,find the qibla,5,56,249,6,1.24
islam,MuslimPro,nyc prayer times,5,45,248,5,1.34
islam,MuslimPro,fajr timing,5,48,249,4,1.49
islam,MuslimPro,qibla compass direction,5,20,250,20,0.82
islam,MuslimPro,fajr prayer,5,50,249,1,5.00
islam,MuslimPro,prayer times today,5,49,249,2,2.29
islam,MuslimPro,prayer times new york,5,65,250,5,1.34
islam,MuslimPro,حقيبة المؤمنحقيبة المؤمن,5,27,235,15,0.89
islam,MuslimPro,Ramadhan Mod Addon,5,77,249,15,0.89
islam,MuslimPro,ramadan 2025,5,72,250,43,0.68
islam,MuslimPro,quran all language,5,44,250,12,0.96
islam,MuslimPro,اذان القبله,5,45,249,1,5.00
islam,MuslimPro,pray times,5,51,250,3,1.74
islam,MuslimPro,En Translates All Languages,5,59,248,226,0.49
islam,MuslimPro,تطبيق مسلم,5,65,250,1,5.00
islam,MuslimPro,flashcard kids,5,61,248,202,0.50
islam,MuslimPro,kids flash card,5,70,249,192,0.50
islam,MuslimPro,english qurna,5,70,249,69,0.61
islam,MuslimPro,hâtime,5,20,200,36,0.70
islam,MuslimPro,ayat of the day,5,36,250,20,0.82
islam,MuslimPro,quran daily reminder,5,72,249,5,1.34
islam,MuslimPro,quran verses english,5,25,250,39,0.69
islam,MuslimPro,مواقيت الصلاة],5,58,250,4,1.49
islam,MuslimPro,morning athkar,5,50,249,29,0.74
islam,MuslimPro,morning dua,5,51,250,22,0.80
islam,MuslimPro,evening dua,5,60,250,91,0.58
islam,MuslimPro,pray sleep,5,67,250,69,0.61
islam,MuslimPro,similar song finder,5,80,248,190,0.50
islam,MuslimPro,pray tracker,5,56,249,7,1.16
islam,MuslimPro,muslim prayer - qibla compass,5,63,250,2,2.29
islam,MuslimPro,flash call alert,5,46,250,174,0.51
islam,MuslimPro,kiblah,5,70,250,35,0.71
islam,MuslimPro,qiblah compass,5,68,249,59,0.63
islam,MuslimPro,find kaaba,5,76,250,4,1.49
islam,MuslimPro,prayer builder,5,87,250,20,0.82
islam,MuslimPro,daily activities,5,44,243,220,0.49
islam,MuslimPro,pioneering app,5,36,250,170,0.51
islam,MuslimPro,محدد القبلة,5,70,250,79,0.59
islam,MuslimPro,جهاز تحديد القبلة,5,70,250,32,0.73
islam,MuslimPro,بوصلة تحديد القبلة,5,70,250,44,0.67
islam,MuslimPro,muslim ai assistant,5,51,244,9,1.06
islam,MuslimPro,islam chatbot,5,,219,22,0.80
islam,MuslimPro,muslim habit,5,79,206,5,1.34
islam,MuslimPro,sacred text,5,67,250,128,0.54
islam,MuslimPro,coran chat,5,,250,25,0.77
islam,MuslimPro,maarifa,5,,249,50,0.65
islam,MuslimPro,calculator zakat,5,36,250,33,0.72
islam,MuslimPro,moringa,5,44,248,48,0.66
islam,MuslimPro,pray screen,5,79,249,12,0.96
islam,MuslimPro,quran kareem audio,5,72,248,127,0.54
islam,MuslimPro,find proper,5,51,206,139,0.53
islam,MuslimPro,ai prayer tracker,5,70,245,31,0.73
islam,MuslimPro,movie quote finder,5,97,250,67,0.61
islam,MuslimPro,prayer messages,5,62,250,96,0.57
islam,MuslimPro,daily check-in,5,83,250,101,0.56
islam,MuslimPro,ramadan mubarak,5,73,250,121,0.55
islam,MuslimPro,fasting alarms,5,8,229,111,0.55
islam,MuslimPro,iftar time applixus,5,61,250,9,1.06
islam,MuslimPro,devoção diária,5,53,250,110,0.56
islam,MuslimPro,find peace,5,89,249,98,0.57
islam,MuslimPro,sheekar,5,53,249,106,0.56
islam,MuslimPro,free daily,5,25,237,155,0.52
islam,MuslimPro,social calendar app,5,46,249,159,0.52
islam,MuslimPro,text auto reply,5,59,216,96,0.57
islam,MuslimPro,xxvi apps download 2023,5,,216,133,0.54
islam,MuslimPro,quran char,5,,250,8,1.10
islam,MuslimPro,muslim invitation,5,,249,24,0.78
islam,MuslimPro,read and listen quran app,5,53,249,8,1.10
islam,MuslimPro,al quran 30 juz offline read and listen,5,47,247,36,0.70
islam,MuslimPro,alquran 30 juz offline reader,5,47,248,111,0.55
islam,MuslimPro,alquran 30 juz offline read,5,74,249,76,0.60
islam,MuslimPro,alquran wolof,5,57,249,54,0.64
islam,MuslimPro,alquran audio,5,,249,26,0.76
islam,MuslimPro,✔︎,5,,240,92,0.58
islam,MuslimPro,fanova,5,,225,138,0.53
islam,MuslimPro,bible clock,5,,250,133,0.54
islam,MuslimPro,canlı kur,5,,230,134,0.54
islam,MuslimPro,islamic quote,5,69,249,21,0.81
islam,MuslimPro,earn daily,5,6,240,131,0.54
islam,MuslimPro,religious portrait,5,36,244,26,0.76
islam,MuslimPro,religious portrait ai,5,,244,61,0.63
islam,MuslimPro,pryare,5,,229,22,0.80
islam,MuslimPro,pray alarm,5,72,243,36,0.70
islam,MuslimPro,islamic audiobook,5,,249,8,1.10
islam,MuslimPro,private life,5,81,246,38,0.70
islam,MuslimPro,prayer verse,5,82,250,36,0.70
islam,MuslimPro,deen b uddty,5,,229,7,1.16
islam,MuslimPro,daily improve,5,69,224,94,0.57
islam,MuslimPro,pro-file,5,,249,97,0.57
islam,MuslimPro,fasting for,5,,250,195,0.50
islam,MuslimPro,plan this,5,67,222,80,0.59
islam,MuslimPro,muslim prayer tracker,5,51,250,3,1.74
islam,MuslimPro,build good salah habits,5,25,249,35,0.71
islam,MuslimPro,deenmode,5,19,246,4,1.49
islam,MuslimPro,track salah,5,47,250,7,1.16
islam,MuslimPro,salah tracking,5,,250,8,1.10
islam,MuslimPro,salah habits,5,46,250,19,0.83
islam,MuslimPro,muslim habits,5,81,246,6,1.24
islam,MuslimPro,salah reminders,5,31,223,2,2.29
islam,MuslimPro,days daily,5,54,214,77,0.60
islam,MuslimPro,musa period,5,,249,111,0.55
islam,MuslimPro,islamic habit tracker,5,70,248,7,1.16
islam,MuslimPro,hifz surah,5,56,250,30,0.74
islam,MuslimPro,adhan prayer time alarm,5,74,250,1,5.00
islam,MuslimPro,quran english audip,5,,250,120,0.55
islam,MuslimPro,ai font finder,5,21,215,149,0.53
islam,MuslimPro,daily quest,5,30,249,60,0.63
islam,MuslimPro,pro lifestyle,5,,250,86,0.58
islam,MuslimPro,islamic learning,5,76,248,4,1.49
islam,MuslimPro,memorize quran kids,5,59,246,114,0.55
islam,MuslimPro,islamic stories for kids,5,36,245,111,0.55
islam,MuslimPro,miraj islamic stories,5,72,249,12,0.96
islam,MuslimPro,muslim education,5,56,250,5,1.34
islam,MuslimPro,pro quran for kids,5,74,248,1,5.00
islam,MuslimPro,pro quran,5,73,249,1,5.00
islam,MuslimPro,islam for kids,5,70,250,18,0.84
islam,MuslimPro,islam alphabet,5,70,248,61,0.63
islam,MuslimPro,islamic history,5,69,250,50,0.65
islam,MuslimPro,app for muslim,5,80,249,1,5.00
islam,MuslimPro,arabic book for kids,5,35,245,139,0.53
islam,MuslimPro,quran memorizer for kids,5,80,250,108,0.56
islam,MuslimPro,daily planner offline,5,75,250,127,0.54
islam,MuslimPro,said korkmaz,5,,221,2,2.29
islam,MuslimPro,islamic flashcards,5,82,250,6,1.24
islam,MuslimPro,ask quran,5,67,250,40,0.69
islam,MuslimPro,savetk,5,,246,126,0.54
islam,MuslimPro,updates daily,5,80,250,190,0.50
islam,MuslimPro,prayer diary app,5,70,199,135,0.54
islam,MuslimPro,prophetic medicines,5,70,250,23,0.79
islam,MuslimPro,accurater,5,20,240,17,0.86
islam,MuslimPro,quran word search,5,75,250,36,0.70
islam,MuslimPro,islamic parable,5,,250,17,0.86
islam,MuslimPro,ai azan,5,19,248,7,1.16
islam,MuslimPro,ai qibla,5,,250,18,0.84
islam,MuslimPro,prayer  time,5,34,249,4,1.49
islam,MuslimPro,qwen 3 next,5,95,249,53,0.64
islam,MuslimPro,jumma,5,,242,12,0.96
islam,MuslimPro,product warranty reminder,5,32,242,53,0.64
islam,MuslimPro,prey with,5,,249,29,0.74
islam,MuslimPro,offline screenshot search,5,66,249,138,0.53
islam,MuslimPro,screen shot finder,5,59,248,105,0.56
islam,MuslimPro,screenshot database,5,47,250,97,0.57
islam,MuslimPro,cal time,5,,250,90,0.58
islam,MuslimPro,screenshot apps free,5,89,237,205,0.50
islam,MuslimPro,screenshot free app,5,83,243,209,0.50
islam,MuslimPro,screenshot free app no ads,5,51,236,181,0.51
islam,MuslimPro,screenshot not allowed app,5,80,245,184,0.51
islam,MuslimPro,screenshot private app,5,81,249,179,0.51
islam,MuslimPro,your screenshot,5,75,247,230,0.49
islam,MuslimPro,screenshot app download free,5,85,250,199,0.50
islam,MuslimPro,screenshot button app,5,47,249,167,0.52
islam,MuslimPro,screenshot download app,5,75,249,196,0.50
islam,MuslimPro,screenshot free no ads,5,70,250,160,0.52
islam,MuslimPro,event search,5,,249,17,0.86
islam,MuslimPro,halal arab food,5,19,248,204,0.50
islam,MuslimPro,ice bath timer,5,25,248,47,0.66
islam,MuslimPro,text multiple,5,,250,85,0.58
islam,MuslimPro,lock screen pray,5,27,250,66,0.62
islam,MuslimPro,prayer streak,5,,250,90,0.58
islam,MuslimPro,prayers times,5,46,250,4,1.49
islam,MuslimPro,free prayer times,5,46,250,6,1.24
islam,MuslimPro,ramadan 2026: prayer times,5,11,249,5,1.34
islam,MuslimPro,prayer times: widget & athan,5,,250,4,1.49
islam,MuslimPro,islamic habits,5,,249,19,0.83
islam,MuslimPro,prayer & habits,5,33,246,24,0.78
islam,MuslimPro,imsak and iftar tracker,5,,248,7,1.16
islam,MuslimPro,muslim routine,5,60,248,2,2.29
islam,MuslimPro,islamic habit builder,5,,227,65,0.62
islam,MuslimPro,sunnah habits,5,25,249,19,0.83
islam,MuslimPro,quran memorization tracker,5,,250,14,0.91
islam,MuslimPro,ramadan goal setter,5,46,250,9,1.06
islam,MuslimPro,prayer locker,5,58,249,39,0.69
islam,MuslimPro,calendar kids,5,66,249,133,0.54
islam,MuslimPro,calendar usa,5,52,249,126,0.54
islam,MuslimPro,time worked,5,,250,116,0.55
islam,MuslimPro,duplicate photos finder,5,,250,91,0.58
islam,MuslimPro,somoy bola ghori,5,,232,20,0.82
islam,MuslimPro,quran english transelet,5,,240,68,0.61
islam,MuslimPro,quran english translate,5,,244,40,0.69
islam,MuslimPro,quran translator,5,,241,8,1.10
islam,MuslimPro,quran translate english,5,,242,40,0.69
islam,MuslimPro,quran  english ai,5,,250,41,0.68
islam,MuslimPro,quran  english,5,,250,12,0.96
islam,MuslimPro,muslim chatbot,5,,222,8,1.10
islam,MuslimPro,muslim ai companion,5,,241,8,1.10
islam,MuslimPro,muslim chat bot,5,,250,47,0.66
islam,MuslimPro,quran answers,5,32,248,125,0.54
islam,MuslimPro,quran assistant,5,,240,14,0.91
islam,MuslimPro,islamic knowledge,5,,248,3,1.74
islam,MuslimPro,islamic helper,5,70,250,18,0.84
islam,MuslimPro,check font,5,,250,51,0.65
islam,MuslimPro,quran for men,5,,210,18,0.84
islam,MuslimPro,daily planner pro,5,,234,37,0.70
islam,MuslimPro,islamic period tracker,5,,244,35,0.71
islam,MuslimPro,fasting halal,5,15,242,117,0.55
islam,MuslimPro,burma tv pro 2026,5,83,235,73,0.60
islam,MuslimPro,auto help,5,9,240,121,0.55
islam,MuslimPro,quran unlock,5,54,249,7,1.16
islam,MuslimPro,quran lock,5,51,246,4,1.49
islam,MuslimPro,azan-pray,5,49,250,1,5.00
islam,MuslimPro,itas cheat codes,5,,248,50,0.65
islam,MuslimPro,privacy sandbox,5,89,250,31,0.73
islam,MuslimPro,video script timer,5,,250,21,0.81
islam,MuslimPro,script timer,5,,249,189,0.50
islam,MuslimPro,caption generator offline,5,,250,47,0.66
islam,MuslimPro,neighborhood service,5,,249,94,0.57
islam,MuslimPro,quit smoking day counter,5,,248,125,0.54
islam,MuslimPro,subtitl,5,,248,93,0.57
islam,MuslimPro,dhikr unlock,5,,249,64,0.62
islam,MuslimPro,daily 5,5,96,240,82,0.59
islam,MuslimPro,find fonts,5,,250,94,0.57
islam,MuslimPro,typography finder,5,36,250,64,0.62
islam,MuslimPro,font search,5,,234,98,0.57
islam,MuslimPro,detect fonts,5,,247,58,0.63
islam,MuslimPro,lectura coran diaria,5,,240,8,1.10
islam,MuslimPro,quarn reminder,5,,250,1,5.00
islam,MuslimPro,sap prep,5,,247,111,0.55
islam,MuslimPro,lectura coran,5,,250,35,0.71
islam,MuslimPro,lectura corán,5,73,247,5,1.34
islam,MuslimPro,dólar al dia venezuela,5,15,248,125,0.54
islam,MuslimPro,bible prayer lock,5,63,249,59,0.63
islam,MuslimPro,silly emile,5,36,250,74,0.60
islam,MuslimPro,блюр фото,5,,250,164,0.52
islam,MuslimPro,log your hour,5,,250,90,0.58
islam,MuslimPro,quran app lock,5,70,246,9,1.06
islam,MuslimPro,start with allah,5,36,250,29,0.74
islam,MuslimPro,quran before phone,5,51,247,5,1.34
islam,MuslimPro,lite-easy memoir,5,,250,25,0.77
islam,MuslimPro,short viral,5,,250,127,0.54
islam,MuslimPro,angel watch,5,,250,95,0.57
islam,MuslimPro,max-zero,5,70,248,17,0.86
islam,MuslimPro,videous max-zero,5,,249,167,0.52
islam,MuslimPro,maqsad,5,89,248,28,0.75
islam,MuslimPro,start day with allah,5,,250,32,0.73
islam,MuslimPro,solo forge,5,,249,12,0.96
islam,MuslimPro,private offline toolbox,5,,249,34,0.71
islam,MuslimPro,better work,5,,249,68,0.61
islam,MuslimPro,secure zone,5,,248,34,0.71
islam,MuslimPro,deen focused,5,11,246,63,0.62
islam,MuslimPro,room photos,5,,250,47,0.66
islam,MuslimPro,dear god,5,94,250,48,0.66
islam,MuslimPro,offline daily planner,5,30,249,128,0.54
islam,MuslimPro,muslim app lock,5,,250,2,2.29
islam,MuslimPro,muslim lock,5,,238,2,2.29
islam,MuslimPro,quran islam muslim prayer kuran allah me,5,,241,1,5.00
islam,MuslimPro,islamic kids app,5,,241,121,0.55
islam,MuslimPro,من خلال,5,,197,4,1.49
islam,MuslimPro,قران كامل بدون نت,5,75,249,120,0.55
islam,MuslimPro,one minute never skip,5,83,250,72,0.60
islam,MuslimPro,fasting tracke,5,,246,176,0.51
islam,MuslimPro,look maximizing,5,,250,55,0.64
islam,MuslimPro,al quran majeed,5,78,250,5,1.34
islam,MuslimPro,quran reading tracker,5,53,249,26,0.76
islam,MuslimPro,dhikr lock  dikr lock  muslim app blocke,5,,250,29,0.74
islam,MuslimPro,full quran read,5,72,249,27,0.76
islam,MuslimPro,full quran read recite offline,5,77,250,123,0.54
islam,MuslimPro,dog book,5,78,250,109,0.56
islam,MuslimPro,gps qibla,5,,250,69,0.61
islam,MuslimPro,qibla gps,5,,250,58,0.63
islam,MuslimPro,full quran reading,5,74,250,5,1.34
islam,MuslimPro,history of islam,5,,249,13,0.93
islam,MuslimPro,muslim history,5,,249,4,1.49
islam,MuslimPro,islamic civilization,5,,248,45,0.67
islam,MuslimPro,audio book muslim,5,,250,16,0.87
islam,MuslimPro,islamic histories,5,,248,89,0.58
islam,MuslimPro,prayer wall,5,54,250,47,0.66
islam,MuslimPro,liturgy hours,5,33,249,16,0.87
islam,MuslimPro,ai quran memorization,5,58,250,121,0.55
islam,MuslimPro,quran editor,5,54,250,19,0.83
islam,MuslimPro,missing banner,5,,249,132,0.54
islam,MuslimPro,daily catholic prayer app,5,35,249,129,0.54
islam,MuslimPro,muslim pray blocker app,5,,250,1,5.00
islam,MuslimPro,offline notification app,5,,247,192,0.50
islam,MuslimPro,shahihbukhari,5,,247,95,0.57
islam,MuslimPro,as salah prayer time and qibla,5,15,246,1,5.00
islam,MuslimPro,finder class,5,,249,153,0.52
islam,MuslimPro,ezan vakitleri internetsiz,5,47,246,73,0.60
islam,MuslimPro,pray for sleep,5,63,250,43,0.68
islam,MuslimPro,premium offline experience,5,,247,107,0.56
islam,MuslimPro,fast accurate,5,,247,32,0.73
islam,MuslimPro,ıslam,0,57,250,1,0.00
islam,MuslimPro,qibla direction gratuit,,70,250,16,
islam,MuslimPro,adzan otomatis,,74,250,4,
islam,MuslimPro,पंचांग कैलेंडर,,51,248,115,
islam,MuslimPro,kafa dinlemek,,98,250,18,
islam,MuslimPro,belgian pro league,,72,240,33,
islam,MuslimPro,мусульманин помощник,,28,218,1,
islam,MuslimPro,намаз уақыттары,,77,250,7,
islam,MuslimPro,qibla-richting,,28,236,52,
islam,MuslimPro,hors ligne kaaba,,32,242,28,
islam,MuslimPro,kiblat qratis,,70,250,16,
islam,MuslimPro,højdemåler,,31,239,19,
islam,MuslimPro,pencari kiblat,,53,249,11,
islam,MuslimPro,не в сети qibla,,36,246,50,
islam,MuslimPro,не в сети каабу,,47,245,17,
islam,MuslimPro,number one turk slow,,70,250,57,
islam,MuslimPro,neelofa,,93,250,15,
islam,MuslimPro,ramazan imsakiyesi,,81,250,8,
islam,MuslimPro,imsakiyesi,,81,250,5,
islam,MuslimPro,limna arte,,79,249,163,
islam,MuslimPro,प्राइवेट,,93,249,25,
islam,MuslimPro,aplikace na práci,,68,227,69,
islam,MuslimPro,رمضان 2022,,32,242,147,
islam,MuslimPro,emasjid live,,70,249,4,
islam,MuslimPro,2022-हिंदी पंचांग,,33,243,117,
islam,MuslimPro,रमजान,,31,240,44,
islam,MuslimPro,हिंदी पंचांग,,57,249,147,
islam,MuslimPro,calendar 2022-हिंदी,,70,250,209,
islam,MuslimPro,muslim etnaset,,23,221,12,
islam,MuslimPro,नियत तारीख,,87,233,31,
islam,MuslimPro,intorno a,,94,249,94,
islam,MuslimPro,deutsche datierung,,78,249,104,
islam,MuslimPro,salat aprende,,53,249,27,
islam,MuslimPro,kuran ogrenme programi,,72,250,121,
islam,MuslimPro,hindi panjika,,51,248,186,
islam,MuslimPro,2023 ka urdu calendar,,33,243,112,
islam,MuslimPro,sunni razvi urdu calendar,,51,245,90,
islam,MuslimPro,islamic (urdu) calendar 2023,,32,243,20,
islam,MuslimPro,mm-calendar 2023,,71,250,102,
islam,MuslimPro,تهنئة بمناسبة رمضان,,33,243,121,
islam,MuslimPro,rabiul awal,,33,238,7,
islam,MuslimPro,muharam,,36,242,1,
islam,MuslimPro,bulan islami,,21,209,17,
islam,MuslimPro,pemberitahuan azan,,75,250,4,
islam,MuslimPro,adzan shalat,,30,229,1,
islam,MuslimPro,notifikasi adzan,,75,250,9,
islam,MuslimPro,suara bilal,,35,245,22,
islam,MuslimPro,sholatmu,,27,211,3,
islam,MuslimPro,pemberitahuan adzan,,75,250,3,
islam,MuslimPro,peringatan azan,,75,250,1,
islam,MuslimPro,jadwal sholat akurat,,59,249,7,
islam,MuslimPro,peringatan adzan,,59,249,1,
islam,MuslimPro,jadwal shalat akurat,,36,241,3,
islam,MuslimPro,doa mustajab,,84,250,10,
islam,MuslimPro,surat ar-rahman,,70,234,78,
islam,MuslimPro,mencari arah kiblat,,47,248,14,
islam,MuslimPro,penentu arah kiblat,,75,250,6,
islam,MuslimPro,menentukan kiblat,,46,241,8,
islam,MuslimPro,pencari arah kiblat,,75,250,10,
islam,MuslimPro,pendeteksi arah kiblat,,30,249,4,
islam,MuslimPro,arah kiblat yang tepat,,75,250,9,
islam,MuslimPro,arah kiblat yang akurat,,59,249,5,
islam,MuslimPro,zikir selesai solat,,24,224,42,
islam,MuslimPro,azan subuh,,59,249,1,
islam,MuslimPro,jadwal shalat hari ini,,30,228,5,
islam,MuslimPro,adzan subuh,,45,224,1,
islam,MuslimPro,adzan asar,,59,249,5,
islam,MuslimPro,adzan dzuhur,,32,235,5,
islam,MuslimPro,azan isya,,70,250,15,
islam,MuslimPro,azan ashar,,27,233,15,
islam,MuslimPro,waktu salat hari ini,,75,250,5,
islam,MuslimPro,azan magrib,,75,250,1,
islam,MuslimPro,zikir pagi dan petang,,44,230,29,
islam,MuslimPro,waktu shalat shubuh,,59,249,1,
islam,MuslimPro,azan zuhur,,53,248,2,
islam,MuslimPro,waktu adzan maghrib,,75,250,1,
islam,MuslimPro,azan asar,,75,250,10,
islam,MuslimPro,dzikir sebelum tidur,,94,248,26,
islam,MuslimPro,waktu salat magrib,,44,243,1,
islam,MuslimPro,waktu sholat magrib,,53,248,2,
islam,MuslimPro,waktu salat subuh,,59,249,1,
islam,MuslimPro,waktu azan magrib,,75,250,3,
islam,MuslimPro,waktu solat hari ini,,75,250,8,
islam,MuslimPro,zikir selesai sholat,,53,249,30,
islam,MuslimPro,waktu azan subuh,,75,250,4,
islam,MuslimPro,waktu adzan shubuh,,29,227,2,
islam,MuslimPro,jadwal adzan shubuh,,36,242,1,
islam,MuslimPro,dzikir selepas shalat,,70,250,14,
islam,MuslimPro,aplikasi adzan tanpa internet,,59,249,1,
islam,MuslimPro,zikir selesai shalat,,70,250,44,
islam,MuslimPro,zikir setelah salat,,21,217,32,
islam,MuslimPro,subuh,,80,250,10,
islam,MuslimPro,mushola,,35,222,6,
islam,MuslimPro,dzuhur,,53,248,5,
islam,MuslimPro,musholla,,29,226,5,
islam,MuslimPro,lebaran idul adha,,75,250,19,
islam,MuslimPro,jadwal waktu salat hari ini,,47,245,6,
islam,MuslimPro,muharram,,63,242,14,
islam,MuslimPro,tadarusan,,59,246,10,
islam,MuslimPro,bulan suro,,23,220,25,
islam,MuslimPro,doa khatam al qur an,,75,250,9,
islam,MuslimPro,peringatan maulid nabi,,35,241,67,
islam,MuslimPro,baca surat yasin,,35,245,105,
islam,MuslimPro,dzikir ba da sholat,,70,250,20,
islam,MuslimPro,kemana arah kiblat,,75,250,7,
islam,MuslimPro,doa khataman,,57,249,17,
islam,MuslimPro,peringatan hari besar islam,,30,239,29,
islam,MuslimPro,tadarus qur an,,49,248,84,
islam,MuslimPro,ramadan 2022 calender,,32,241,53,
islam,MuslimPro,ramadan 2021 calender,,32,241,42,
islam,MuslimPro,Tahajjud prayer,,,250,27,
islam,MuslimPro,namoz vaqtlari budilnik,,47,246,11,
islam,MuslimPro,namoz vaqtlarini,,32,228,24,
islam,MuslimPro,Jadual Puasa,,62,249,14,
islam,MuslimPro,al-quran 30 juzuk,,29,238,121,
islam,MuslimPro,dua.com est,,61,228,56,
islam,MuslimPro,waktu solat malaysia 2023,,35,241,2,
islam,MuslimPro,berbuka puasa,,81,250,28,
islam,MuslimPro,pengingat adzan,,58,249,5,
islam,MuslimPro,jadwal puasa 2023,,30,239,16,
islam,MuslimPro,alquran 30 juz tanpa internet mp3,,47,248,66,
islam,MuslimPro,al quran 30 juzuk,,53,249,121,
islam,MuslimPro,al quran 30 juzuk dan terjemahan,,47,248,22,
islam,MuslimPro,alquran dan terjemahannya bahasa melayu,,70,250,56,
islam,MuslimPro,alquran mp3 full offline,,47,248,121,
islam,MuslimPro,al quran audio mp3 murottal 30 juz,,53,249,53,
islam,MuslimPro,al quran audio mp3 murattal 30 juz,,47,248,27,
islam,MuslimPro,imsakiye 2023,,69,250,18,
islam,MuslimPro,miroir sur amazon,,45,224,126,
islam,MuslimPro,app specchio gratuita,,74,228,66,
islam,MuslimPro,shqiponje,,80,247,6,
islam,MuslimPro,video television transmitir por samsung,,77,245,183,
islam,MuslimPro,duplicar pantalla por samsung television,,73,247,175,
islam,MuslimPro,television transmitir por samsung,,84,249,169,
islam,MuslimPro,pantalla transmitir samsung transmitir,,64,239,161,
islam,MuslimPro,samsung television compartir pantalla,,76,244,194,
islam,MuslimPro,samsung transmitir compartir,,76,244,195,
islam,MuslimPro,samsung transmitir duplicar pantalla,,68,243,198,
islam,MuslimPro,samsung transmitir aplicacion,,82,247,175,
islam,MuslimPro,samsung tv tablette,,76,241,233,
islam,MuslimPro,fernsehen teilen,,67,242,201,
islam,MuslimPro,وقتالاذان,,70,250,36,
islam,MuslimPro,przesyłaj do telewizji za darmo,,33,243,124,
islam,MuslimPro,ส่งไปยังทีวี,,57,223,210,
islam,MuslimPro,แบ่งปันภาพถ่ายไปยังทีวี,,54,236,192,
islam,MuslimPro,truyền hình kết nối,,25,227,213,
islam,MuslimPro,qibla direction graiut,,68,250,38,
islam,MuslimPro,المصحف الذهبي القديم,,50,250,33,
islam,MuslimPro,azan setiap waktu,,75,250,5,
islam,MuslimPro,請求可能,,74,246,119,
islam,MuslimPro,fernsehen kalender,,24,223,94,
islam,MuslimPro,fernsehen schedule,,24,224,192,
islam,MuslimPro,serien kalender,,44,244,108,
islam,MuslimPro,청각,,31,240,45,
islam,MuslimPro,βιβλια,,91,249,27,
islam,MuslimPro,quran taddabur,,53,250,79,
islam,MuslimPro,prayer time silent,,,250,18,
islam,MuslimPro,música para fiestas,,77,232,192,
islam,MuslimPro,heura movies,,,248,138,
islam,MuslimPro,full translate,,,250,211,
islam,MuslimPro,Voice date,,,250,127,
islam,MuslimPro,zikir app,,,248,122,
islam,MuslimPro,lock screen athan,,,250,3,
islam,MuslimPro,ramadan 2026 calendar,,,250,18,
islam,MuslimPro,no-cloud office,,,249,17,
islam,MuslimPro,anti-cloud toolbox,,,249,11,
islam,MuslimPro,iqra quran lock,,,190,21,
islam,MuslimPro,fasting offline,,,248,124,
islam,MuslimPro,pill monitor pro,,,250,150,
islam,MuslimPro,preyer,,,250,8,
islam,MuslimPro,global verified,,,250,39,
islam,MuslimPro,professional offline tools,,,248,143,
islam,Athan,زين العراق,55,,250,166,5.67
islam,Athan,muslim pro,54,59,250,12,10.33
islam,Athan,القران الكريم,53,60,250,230,5.17
islam,Athan,athan,50,69,249,7,11.60
islam,Athan,prayer times,48,66,249,60,6.03
islam,Athan,muslim,45,70,248,15,8.03
islam,Athan,اذكار الصباح والمساء,44,54,223,3,15.34
islam,Athan,اذان,44,60,248,12,8.42
islam,Athan,azkar,43,73,248,1,43.00
islam,Athan,اوقات الصلاة,42,65,250,15,7.49
islam,Athan,athkar,42,59,249,2,19.27
islam,Athan,الاذان,41,64,247,12,7.84
islam,Athan,athan pro,40,62,248,7,9.28
islam,Athan,islam,40,64,249,16,7.00
islam,Athan,mawaqit,40,72,245,6,9.88
islam,Athan,صلاتي,40,59,250,27,6.05
islam,Athan,priere,38,57,250,5,10.17
islam,Athan,adan salat,31,55,245,24,4.84
islam,Athan,ath,31,93,246,182,3.15
islam,Athan,اذان الصلاة,28,55,250,11,5.51
islam,Athan,invocation quotidienne,26,44,248,5,6.96
islam,Athan,azhar,18,86,222,4,5.36
islam,Athan,gebet,17,64,194,4,5.06
islam,Athan,prière,14,55,250,5,3.75
islam,Athan,kuwait prayer times,14,61,250,6,3.46
islam,Athan,muslim prayer app,13,58,250,77,1.55
islam,Athan,doa,12,91,244,226,1.17
islam,Athan,horaires de prières,11,35,247,11,2.17
islam,Athan,adhan,9,63,250,6,2.22
islam,Athan,horaire,9,50,245,222,0.88
islam,Athan,adhkar,9,64,250,2,4.13
islam,Athan,الصلاة اولا,9,58,246,6,2.22
islam,Athan,الله,9,59,249,11,1.77
islam,Athan,haraj,9,,229,127,0.97
islam,Athan,salat,8,66,248,12,1.53
islam,Athan,برنامج الاذان,8,62,250,5,2.14
islam,Athan,prayer,7,97,249,245,0.68
islam,Athan,beten,7,64,226,7,1.62
islam,Athan,gebetszeiten,7,57,248,3,2.44
islam,Athan,islam app,7,64,248,56,0.89
islam,Athan,adhan time,6,64,249,72,0.72
islam,Athan,muslim prayer,6,61,249,18,1.01
islam,Athan,adan,6,49,250,11,1.18
islam,Athan,prayer now,6,71,250,45,0.80
islam,Athan,prayer app islam,6,54,249,6,1.48
islam,Athan,اذان گو,6,52,247,137,0.64
islam,Athan,inshallah,6,60,247,19,1.00
islam,Athan,ختمة,6,63,250,161,0.62
islam,Athan,adkar al muslim,6,45,244,1,6.00
islam,Athan,صلاتك,6,62,248,44,0.81
islam,Athan,priere islam,6,57,249,11,1.18
islam,Athan,muslim muna,6,64,248,7,1.39
islam,Athan,مصلي,6,43,197,12,1.15
islam,Athan,muslin pro,5,54,249,12,0.96
islam,Athan,mislim pro,5,55,250,12,0.96
islam,Athan,musilm pro,5,55,250,12,0.96
islam,Athan,muslim prayer adhan times,5,57,250,41,0.68
islam,Athan,athan app,5,53,250,8,1.10
islam,Athan,muslim prayer times,5,65,249,147,0.53
islam,Athan,islamic finder,5,55,250,68,0.61
islam,Athan,prayer notes,5,53,248,11,0.98
islam,Athan,halal zulal,5,48,218,88,0.58
islam,Athan,azaan,5,61,250,9,1.06
islam,Athan,azan pray times,5,52,246,54,0.64
islam,Athan,athen,5,60,249,14,0.91
islam,Athan,horaires me,5,84,250,111,0.55
islam,Athan,azan uk,5,45,249,109,0.56
islam,Athan,heure de priere,5,54,249,14,0.91
islam,Athan,prayer time,5,66,249,31,0.73
islam,Athan,my prayer,5,55,246,129,0.54
islam,Athan,quoran,5,56,248,200,0.50
islam,Athan,prayer times azan,5,52,250,55,0.64
islam,Athan,prayer times and qibla,5,45,250,209,0.50
islam,Athan,تذكير,5,69,243,4,1.49
islam,Athan,horaires,5,52,245,176,0.51
islam,Athan,الاذكار,5,48,248,2,2.29
islam,Athan,azan app,5,60,250,64,0.62
islam,Athan,azan prayer and times,5,42,247,15,0.89
islam,Athan,hamza,5,91,249,35,0.71
islam,Athan,نختم,5,46,27,26,0.76
islam,Athan,daily dua for kids,5,47,248,106,0.56
islam,Athan,moslim pro,5,40,250,12,0.96
islam,Athan,hijri calendar,5,56,249,151,0.52
islam,Athan,athan free,5,57,250,7,1.16
islam,Athan,prayer times in london,5,50,248,145,0.53
islam,Athan,azan of makkah,5,52,249,38,0.70
islam,Athan,dhikri,5,46,250,38,0.70
islam,Athan,yaseen surah full,5,59,245,25,0.77
islam,Athan,azan for iphone,5,56,243,43,0.68
islam,Athan,azan mp3,5,43,247,106,0.56
islam,Athan,azan prayer time,5,44,245,29,0.74
islam,Athan,ramadan dua,5,52,245,165,0.52
islam,Athan,makkah,5,58,201,63,0.62
islam,Athan,salaat first,5,63,210,27,0.76
islam,Athan,athan prayer times al quran,5,55,248,13,0.93
islam,Athan,horaire de priere,5,47,246,5,1.34
islam,Athan,horaire priere,5,58,247,4,1.49
islam,Athan,dua and azkar,5,70,244,4,1.49
islam,Athan,daily dua,5,60,248,207,0.50
islam,Athan,khatmah,5,38,249,29,0.74
islam,Athan,waktu sholat indonesia,5,40,247,94,0.57
islam,Athan,adzan pro,5,53,246,10,1.02
islam,Athan,dhikr and dua,5,56,249,59,0.63
islam,Athan,idhikr,5,47,250,168,0.51
islam,Athan,azan muslim,5,48,245,100,0.57
islam,Athan,fasting and prayer,5,,249,74,0.60
islam,Athan,muslim pro app,5,54,247,36,0.70
islam,Athan,athan pro gratuit,5,47,146,6,1.24
islam,Athan,never miss fajr,5,69,249,72,0.60
islam,Athan,london prayer times,5,54,249,13,0.93
islam,Athan,allahuakbar,5,,249,3,1.74
islam,Athan,panduan solat,5,43,185,49,0.66
islam,Athan,reminder islam,5,,249,54,0.64
islam,Athan,sejda,5,58,249,16,0.87
islam,Athan,hadith nabawi,5,,236,143,0.53
islam,Athan,salaat,5,55,231,20,0.82
islam,Athan,اذكار مسلم,5,46,250,3,1.74
islam,Athan,рамадан,5,51,235,42,0.68
islam,Athan,حصن,5,58,247,41,0.68
islam,Athan,islamic reminders,5,,250,94,0.57
islam,Athan,doua,5,45,216,3,1.74
islam,Athan,namaz reminder,5,,246,18,0.84
islam,Athan,islam prayer,5,50,250,65,0.62
islam,Athan,صلاتي الاذان قران اذان azan,5,50,70,6,1.24
islam,Athan,atan,5,,225,4,1.49
islam,Athan,duaa,5,59,248,17,0.86
islam,Athan,salatuk gratuit,5,93,249,15,0.89
islam,Athan,القران الكريم كاملا بدون انترنت,5,56,210,192,0.50
islam,Athan,daily azan,5,40,245,68,0.61
islam,Athan,daily adhan,5,48,249,2,2.29
islam,Athan,daily azaan,5,60,245,6,1.24
islam,Athan,daily athan,5,44,237,2,2.29
islam,Athan,daily qibla,5,42,250,38,0.70
islam,Athan,prayer time nyc,5,49,250,43,0.68
islam,Athan,prayer time berlin,5,32,248,196,0.50
islam,Athan,daily adhaan,5,32,250,2,2.29
islam,Athan,hadith time,5,40,247,70,0.61
islam,Athan,athkar أذكار,5,46,205,3,1.74
islam,Athan,athan time pro,5,51,248,24,0.78
islam,Athan,مؤذن ليبيا,5,51,247,6,1.24
islam,Athan,full athan,5,56,250,50,0.65
islam,Athan,wudu,5,54,250,81,0.59
islam,Athan,mulim pro,5,52,250,12,0.96
islam,Athan,zakat,5,71,225,137,0.53
islam,Athan,اذكار النوم,5,51,250,4,1.49
islam,Athan,kuran-i kerim,5,40,211,85,0.58
islam,Athan,four pillars,5,50,68,9,1.06
islam,Athan,e tasbih,5,45,249,190,0.50
islam,Athan,مواقيت الصلاة مع الاذان,5,54,243,13,0.93
islam,Athan,atha,5,72,249,17,0.86
islam,Athan,أوقات الصلاة,5,52,247,9,1.06
islam,Athan,حصن المسلم اذكار الصباح و المساء,5,45,241,7,1.16
islam,Athan,tiempos de oración,5,42,192,10,1.02
islam,Athan,quran listen,5,59,225,194,0.50
islam,Athan,أذان,5,63,247,12,0.96
islam,Athan,ادان,5,39,248,12,0.96
islam,Athan,قرآن pro,5,57,249,161,0.52
islam,Athan,coran traduit,5,40,249,214,0.49
islam,Athan,الآذان,5,49,250,22,0.80
islam,Athan,quarn,5,55,248,68,0.61
islam,Athan,ختمة القرآن الكريم,5,51,233,54,0.64
islam,Athan,ختم,5,58,228,18,0.84
islam,Athan,ختم القران,5,50,243,31,0.73
islam,Athan,mémoriser le coran,5,62,245,118,0.55
islam,Athan,naskh,5,47,247,13,0.93
islam,Athan,than,5,80,229,28,0.75
islam,Athan,nur,5,54,225,60,0.63
islam,Athan,آذان,5,54,247,9,1.06
islam,Athan,salati,5,70,227,13,0.93
islam,Athan,الكريم,5,57,241,140,0.53
islam,Athan,falah,5,,250,71,0.61
islam,Athan,islami özlü sözler,5,55,220,28,0.75
islam,Athan,horaires des prières,5,56,248,4,1.49
islam,Athan,namaz fois,5,50,238,72,0.60
islam,Athan,ازان,5,60,248,12,0.96
islam,Athan,waktu azan,5,49,249,7,1.16
islam,Athan,توقيت الصلاة,5,53,250,9,1.06
islam,Athan,مواقيت الصلاة اليومية,5,44,71,2,2.29
islam,Athan,برنامج الصلاة,5,55,250,7,1.16
islam,Athan,مؤذن,5,63,236,15,0.89
islam,Athan,الادان,5,65,237,9,1.06
islam,Athan,waktu salat,5,48,247,5,1.34
islam,Athan,llamada a la adán,5,42,250,24,0.78
islam,Athan,adán,5,40,201,35,0.71
islam,Athan,solat,5,70,242,8,1.10
islam,Athan,islamic app,5,60,249,72,0.60
islam,Athan,اوقات,5,52,246,4,1.49
islam,Athan,مواقيت,5,63,249,77,0.60
islam,Athan,times azan,5,44,243,113,0.55
islam,Athan,azan quran,5,44,249,17,0.86
islam,Athan,athan prayer,5,54,250,46,0.67
islam,Athan,قبله یاب,5,51,248,200,0.50
islam,Athan,اوقات اذان,5,45,249,3,1.74
islam,Athan,ramadan qibla,5,40,248,103,0.56
islam,Athan,صلاتك salatuk,5,41,19,16,0.87
islam,Athan,salatuk (prayer,5,87,250,7,1.16
islam,Athan,salat adan,5,43,245,66,0.62
islam,Athan,al-moazin,5,61,248,167,0.52
islam,Athan,prière coran,5,52,248,36,0.70
islam,Athan,prière),5,57,247,1,5.00
islam,Athan,(horaires,5,44,242,167,0.52
islam,Athan,ramadão,5,40,244,228,0.49
islam,Athan,hisnul,5,51,96,79,0.59
islam,Athan,quran azan,5,50,250,57,0.63
islam,Athan,برنامج المؤذن,5,41,92,14,0.91
islam,Athan,qibla athan,5,51,243,6,1.24
islam,Athan,ramadan-kalender,5,54,240,191,0.50
islam,Athan,ramadan kalender,5,40,239,180,0.51
islam,Athan,تقويم رمضان,5,44,249,117,0.55
islam,Athan,alquran alkareem,5,51,247,231,0.49
islam,Athan,القبلة البوصلة,5,55,245,176,0.51
islam,Athan,اذان برو,5,54,250,10,1.02
islam,Athan,برنامج صلاة,5,54,250,12,0.96
islam,Athan,صلاتي اوقات الصلاه والقبله,5,55,103,6,1.24
islam,Athan,qiblə tapan,5,41,245,40,0.69
islam,Athan,azan vaxtı,5,46,247,95,0.57
islam,Athan,islamic meditation,5,70,221,65,0.62
islam,Athan,sibha,5,40,106,88,0.58
islam,Athan,muslim praying times,5,52,249,34,0.71
islam,Athan,dhikir,5,45,244,4,1.49
islam,Athan,الصباح,5,54,248,125,0.54
islam,Athan,اذكار الصباح,5,59,240,3,1.74
islam,Athan,دعاء,5,60,250,201,0.50
islam,Athan,vmuslim,5,63,250,11,0.98
islam,Athan,athan quran,5,40,247,24,0.78
islam,Athan,hadith book,5,,212,22,0.80
islam,Athan,hadith daily for muslims,5,42,244,84,0.59
islam,Athan,prayer times(salat timing) & qibla direction,5,42,247,153,0.52
islam,Athan,daily hadiths for muslim,5,40,246,142,0.53
islam,Athan,adhkar app,5,56,250,3,1.74
islam,Athan,الاذان الكامل,5,89,248,3,1.74
islam,Athan,اتجاه القبلة الدقيق,5,51,245,146,0.53
islam,Athan,qalby,5,47,81,3,1.74
islam,Athan,free athan,5,53,250,16,0.87
islam,Athan,hadist,5,40,241,224,0.49
islam,Athan,evening prayer,5,55,249,111,0.55
islam,Athan,baca Quran,5,59,242,234,0.49
islam,Athan,namaz prayer,5,54,249,94,0.57
islam,Athan,time qibla,5,40,243,220,0.49
islam,Athan,muslim pro quran athan prayer,5,53,248,20,0.82
islam,Athan,المؤذن الالكتروني,5,37,34,7,1.16
islam,Athan,(أدعية,5,51,235,116,0.55
islam,Athan,تهاني رمضان,5,44,245,8,1.10
islam,Athan,adthan,5,53,249,7,1.16
islam,Athan,time azan,5,44,244,79,0.59
islam,Athan,coran azan,5,46,207,40,0.69
islam,Athan,(azan,5,40,239,138,0.53
islam,Athan,تذكير الصلاة,5,45,249,1,5.00
islam,Athan,والمساء,5,52,237,52,0.65
islam,Athan,muslim and quran,5,,241,77,0.60
islam,Athan,adhan app,5,53,249,6,1.24
islam,Athan,quran athan,5,52,248,17,0.86
islam,Athan,al moazen,5,57,249,62,0.62
islam,Athan,adan france,5,48,245,60,0.63
islam,Athan,algérie,5,54,250,230,0.49
islam,Athan,qalbyapp,5,68,249,2,2.29
islam,Athan,ayunos,5,47,249,173,0.51
islam,Athan,kiblat-,5,48,95,58,0.63
islam,Athan,أدكاري,5,47,249,3,1.74
islam,Athan,glorious,5,50,79,68,0.61
islam,Athan,اوقات صلاه,5,57,250,4,1.49
islam,Athan,وقت الاذان,5,56,248,9,1.06
islam,Athan,تطبيق اذان,5,61,250,4,1.49
islam,Athan,موعد الاذان,5,58,250,156,0.52
islam,Athan,اذان+,5,88,250,12,0.96
islam,Athan,منبه الصلاة,5,79,250,1,5.00
islam,Athan,الى صلاتي,5,46,250,53,0.64
islam,Athan,مواقيت الاذان,5,64,250,5,1.34
islam,Athan,اذان الصلاه,5,53,250,5,1.34
islam,Athan,موذن السعودية,5,47,248,90,0.58
islam,Athan,الاذان برو,5,53,250,10,1.02
islam,Athan,مؤذن السعودية,5,48,248,92,0.58
islam,Athan,الاذكار اليومية,5,47,250,2,2.29
islam,Athan,الاذان كامل,5,51,250,10,1.02
islam,Athan,أذكاري,5,60,250,3,1.74
islam,Athan,صلاتي حياتي-الصلاة والقبلة,5,55,116,9,1.06
islam,Athan,اوقات الصلاة : مواقيت الصلاه,5,58,250,4,1.49
islam,Athan,islam-pro,5,40,243,106,0.56
islam,Athan,تذكير الاستغفار,5,68,23,9,1.06
islam,Athan,دعاء رمضان,5,56,215,2,2.29
islam,Athan,حساب الصلاة,5,43,245,32,0.73
islam,Athan,أوقات الصيام,5,38,80,1,5.00
islam,Athan,صلاتي حياتيالصلاة والقبلة,5,44,25,9,1.06
islam,Athan,المؤذن,5,40,125,51,0.65
islam,Athan,موذني,5,85,224,119,0.55
islam,Athan,صلاه,5,56,250,8,1.10
islam,Athan,اذن,5,54,248,9,1.06
islam,Athan,برنامج الصلاه,5,66,250,8,1.10
islam,Athan,تطبيق أذكار,5,54,250,2,2.29
islam,Athan,waktu waktu salat,5,49,249,3,1.74
islam,Athan,jadwal azan,5,54,230,2,2.29
islam,Athan,waktu waktu adzan,5,42,228,8,1.10
islam,Athan,azan offline,5,46,162,63,0.62
islam,Athan,waktu solat dan azan,5,57,205,7,1.16
islam,Athan,waktu sholat di indonesia,5,40,249,26,0.76
islam,Athan,mushaf offline,5,44,237,46,0.67
islam,Athan,quran malaysia,5,48,241,61,0.63
islam,Athan,azan namaz,5,46,247,26,0.76
islam,Athan,munaprayer,5,43,71,3,1.74
islam,Athan,athan prayer times free,5,46,247,17,0.86
islam,Athan,salat timing app,5,40,232,124,0.54
islam,Athan,salat timing,5,72,226,90,0.58
islam,Athan,ramadan prayer time 2023,5,48,246,166,0.52
islam,Athan,prayer time salat,5,51,238,53,0.64
islam,Athan,الكعبة,5,54,237,55,0.64
islam,Athan,نور رمضان,5,41,122,6,1.24
islam,Athan,de dua.com,5,40,248,112,0.55
islam,Athan,alquran digital,5,56,247,225,0.49
islam,Athan,ramadhan 2023,5,40,245,230,0.49
islam,Athan,al-quran malaysia,5,43,239,43,0.68
islam,Athan,waktu azan malaysia,5,47,184,8,1.10
islam,Athan,adzan malaysia,5,46,144,6,1.24
islam,Athan,azan solat,5,50,190,40,0.69
islam,Athan,aplikasi kiblat,5,53,218,14,0.91
islam,Athan,imsakiyah 2023,5,50,250,138,0.53
islam,Athan,al quran melayu,5,51,249,238,0.48
islam,Athan,quran aplikasi,5,59,229,88,0.58
islam,Athan,alquran aplikasi,5,40,247,65,0.62
islam,Athan,dua.com è,5,94,241,34,0.71
islam,Athan,alhijri,5,45,246,23,0.79
islam,Athan,dua ve zikir,5,46,247,235,0.49
islam,Athan,كتابتحميل كتاب,5,75,254,38,0.70
islam,Athan,azan pray times free,5,48,249,79,0.59
islam,Athan,namaz time\,5,42,249,179,0.51
islam,Athan,ipray adhan prayer qibla,5,41,240,13,0.93
islam,Athan,االمصحف,5,40,226,161,0.52
islam,Athan,müslüm,5,53,248,15,0.89
islam,Athan,قابل الناس عبر الإنترنت,5,84,272,135,0.54
islam,Athan,توقيت الصلاه,5,40,68,15,0.89
islam,Athan,Dhikr Dua  AlQuran - Muslim365,5,40,249,65,0.62
islam,Athan,namaz time quraan,5,42,249,81,0.59
islam,Athan,azan.,5,49,238,139,0.53
islam,Athan,أذكار وأدعية,5,44,249,4,1.49
islam,Athan,مسبحة الذكر,5,42,180,160,0.52
islam,Athan,sahih hadith,5,40,232,168,0.51
islam,Athan,موذني توقيت الصلاه,5,35,13,6,1.24
islam,Athan,moatheni,5,,32,30,0.74
islam,Athan,azan pray time,5,40,243,35,0.71
islam,Athan,kiblat dan waktu sholat,5,53,204,10,1.02
islam,Athan,zeit zeits,5,40,191,173,0.51
islam,Athan,توقيت,5,,233,13,0.93
islam,Athan,al quran rumi,5,48,240,68,0.61
islam,Athan,azan waktu solat malaysia,5,51,181,18,0.84
islam,Athan,azan waktu solat malaysia 2023,5,47,201,7,1.16
islam,Athan,adzan waktu sholat,5,44,250,3,1.74
islam,Athan,adzan otomatis waktu sholat,5,42,250,6,1.24
islam,Athan,منبه الاذان واوقات الصلاة,5,35,19,5,1.34
islam,Athan,تطبيق الملكه,5,58,197,195,0.50
islam,Athan,صلاتي اوقات الصلاه,5,36,51,19,0.83
islam,Athan,مؤذن السعوديه,5,44,249,35,0.71
islam,Athan,المؤذن بدون نت,5,40,126,2,2.29
islam,Athan,اذان الصلاة بدون نت,5,44,15,3,1.74
islam,Athan,اذان ومواقيت الصلاة,5,51,249,6,1.24
islam,Athan,الاذان واوقات الصلاة,5,44,244,1,5.00
islam,Athan,مواعيد الصلاة والاذان,5,46,36,11,0.98
islam,Athan,aplikasi adzan 5 waktu otomatis,5,41,249,7,1.16
islam,Athan,supplication,5,55,181,40,0.69
islam,Athan,waktu adzan sholat 5 waktu,5,46,230,10,1.02
islam,Athan,islamic art,5,38,208,116,0.55
islam,Athan,wemuslim athan,5,41,221,11,0.98
islam,Athan,athan qiblaquran,5,,250,47,0.66
islam,Athan,azan waktu,5,49,250,4,1.49
islam,Athan,waktu solat jakim,5,51,223,16,0.87
islam,Athan,arah qiblat,5,53,246,88,0.58
islam,Athan,al-quran offline,5,48,237,49,0.66
islam,Athan,الصلاة قبلة,5,63,248,16,0.87
islam,Athan,مسلم: اذان  القبلة  ذكر,5,49,250,8,1.10
islam,Athan,azkary,5,56,207,7,1.16
islam,Athan,Adhkar morning,5,26,249,47,0.66
islam,Athan,jadwal sholat offline,5,59,250,78,0.59
islam,Athan,تطبيق الصيام,5,46,249,124,0.54
islam,Athan,alifbee,5,73,61,14,0.91
islam,Athan,أذكار الصباح والمساء,5,49,250,3,1.74
islam,Athan,أذكار وتسابيح,5,42,250,10,1.02
islam,Athan,salawat,5,54,249,6,1.24
islam,Athan,daily azkar,5,56,247,2,2.29
islam,Athan,سنن,5,66,247,235,0.49
islam,Athan,horaires de priere,5,45,247,14,0.91
islam,Athan,ramadan azkar,5,50,217,1,5.00
islam,Athan,أذكا,5,62,244,3,1.74
islam,Athan,المؤمن حقيبة,5,55,42,9,1.06
islam,Athan,ramadan fasting,5,58,223,12,0.96
islam,Athan,muslim widget,5,,250,195,0.50
islam,Athan,muslin,5,,248,15,0.89
islam,Athan,qirat,5,64,239,78,0.59
islam,Athan,asad ahsan,5,38,195,54,0.64
islam,Athan,azan times pro,5,55,248,58,0.63
islam,Athan,adhan muslim prayer time app,5,39,250,45,0.67
islam,Athan,athkar app,5,52,249,2,2.29
islam,Athan,dua & azkar,5,50,243,6,1.24
islam,Athan,tasbeeh تسبيح,5,47,248,73,0.60
islam,Athan,azkar أذكار & tasbih counter,5,40,186,3,1.74
islam,Athan,athkar اذكار المسلم,5,43,107,2,2.29
islam,Athan,azkar and dua,5,49,248,9,1.06
islam,Athan,rakat,5,46,224,50,0.65
islam,Athan,easy dhikr: zikirmatik,5,40,250,178,0.51
islam,Athan,sufi: dhikr & tasbeeh counter,5,42,249,131,0.54
islam,Athan,ipray - adhan dhikr quran,5,60,250,115,0.55
islam,Athan,zikirsay - islamic dhikr app,5,44,250,133,0.54
islam,Athan,dhikr & salawat,5,40,250,126,0.54
islam,Athan,dhikr counter platinum,5,48,250,211,0.49
islam,Athan," مسلم برو	",5,38,245,89,0.58
islam,Athan,qurn,5,60,237,68,0.61
islam,Athan,azkar prayer,5,48,249,1,5.00
islam,Athan,quran duas,5,55,247,135,0.54
islam,Athan,Book Quotes:,5,68,239,210,0.50
islam,Athan,namaz muslim prayer,5,44,248,134,0.54
islam,Athan,pro athan muslim,5,46,246,16,0.87
islam,Athan,golden full adan,5,57,250,82,0.59
islam,Athan,quran athan prayer,5,53,246,7,1.16
islam,Athan,azkar quran athan,5,48,250,1,5.00
islam,Athan,muslim: azan,5,48,245,81,0.59
islam,Athan,muslim - athan,5,51,247,21,0.81
islam,Athan,muslim baby names &asmaulhusna,5,40,240,138,0.53
islam,Athan,muslim ez: quran prayer qibla,5,48,248,145,0.53
islam,Athan,ramadan 2024 – muslim expert,5,40,249,147,0.53
islam,Athan,muslim pro: quran athan prayer,5,54,249,42,0.68
islam,Athan,moatheni: muslim prayer times,5,35,250,146,0.53
islam,Athan,quran pro - muslim prayer app,5,42,249,185,0.51
islam,Athan,muslim & quran: islam,5,32,250,176,0.51
islam,Athan,muslim: qibla,5,31,248,202,0.50
islam,Athan,muslim : quran & plus,5,28,248,128,0.54
islam,Athan,islam & muslim quotes daily,5,25,247,220,0.49
islam,Athan,athan prayer time muslim qibla,5,31,247,16,0.87
islam,Athan,muslim time: quran athan qibla,5,32,249,45,0.67
islam,Athan,muslim world,5,53,244,104,0.56
islam,Athan,muslim world - prayers & qibla,5,44,248,71,0.61
islam,Athan,prayer times & qibla direction,5,47,248,247,0.48
islam,Athan,qibla ifinder,5,53,248,245,0.48
islam,Athan,qibla & prayer times 2024,5,40,247,43,0.68
islam,Athan,prayer time - no ads,5,87,249,114,0.55
islam,Athan,qibla & prayer,5,44,247,124,0.54
islam,Athan,quran masjeed: qibla. pray,5,52,249,147,0.53
islam,Athan,ramadan 2023 qibla & prayers,5,54,248,30,0.74
islam,Athan,azan time pro: holy quran,5,56,248,98,0.57
islam,Athan,azan call,5,44,248,118,0.55
islam,Athan,azan.kz,5,45,249,125,0.54
islam,Athan,azan mp3 - beautiful adzan,5,42,247,62,0.62
islam,Athan,prayer now : azan prayer times,5,56,250,47,0.66
islam,Athan,muslim pro: azan,5,52,246,49,0.66
islam,Athan,salat: azan,5,42,247,37,0.70
islam,Athan,azan time quran qibla finder,5,51,247,101,0.56
islam,Athan,muslim mate: azan times,5,54,249,29,0.74
islam,Athan,prayer time - azan time,5,49,247,88,0.58
islam,Athan,athan: prayer times & al quran,5,57,250,8,1.10
islam,Athan,athan +,5,51,250,11,0.98
islam,Athan,masjidal athan+: times & more,5,61,250,16,0.87
islam,Athan,athan app: quran,5,55,246,26,0.76
islam,Athan,athan: full athan,5,41,48,9,1.06
islam,Athan,athan : muslim prayer times,5,46,244,25,0.77
islam,Athan,prayer times: pro athan muslim,5,45,245,12,0.96
islam,Athan,athan: prayer times quran pro,5,46,245,13,0.93
islam,Athan,athan - prayer times,5,53,246,16,0.87
islam,Athan,prayer times: athan pro muslim,5,49,247,18,0.84
islam,Athan,wemuslim: athan,5,51,247,112,0.55
islam,Athan,qibla&quran,5,42,248,43,0.68
islam,Athan,islamic bundle: athan time pro,5,57,249,17,0.86
islam,Athan,prayer times - athan times,5,49,245,34,0.71
islam,Athan,quran daily selections,5,45,246,230,0.49
islam,Athan,quran & islamic quiz,5,46,246,243,0.48
islam,Athan,noor : quran,5,44,247,189,0.50
islam,Athan,ilove-islam.com,5,89,250,64,0.62
islam,Athan,islam guide and prayer times,5,52,248,109,0.56
islam,Athan,islam & hinduism,5,45,250,141,0.53
islam,Athan,islam intel,5,52,250,22,0.80
islam,Athan,islam.ms prayer times & qibla,5,55,250,17,0.86
islam,Athan,eshatul islam masjid,5,44,249,242,0.48
islam,Athan,the prophet of islam muhammad,5,47,246,175,0.51
islam,Athan,islam. namaz.,5,47,249,106,0.56
islam,Athan,6 kalma of islam – six kalmas,5,44,249,46,0.67
islam,Athan,islam wallpapers - lite,5,44,237,93,0.57
islam,Athan,dua and azkar offline,5,33,250,11,0.98
islam,Athan,dua and azkaar |quran |sunnah,5,47,248,44,0.67
islam,Athan,dhikr app - dua & adhkar,5,30,249,12,0.96
islam,Athan,fiqh of dua and adhkar,5,44,249,8,1.10
islam,Athan,islamic dua book bengali sound,5,44,246,232,0.49
islam,Athan,everyday dua and azkar offline,5,45,248,10,1.02
islam,Athan,dua & dhikr,5,54,250,134,0.54
islam,Athan,islamic dua-daily muslim dua,5,44,248,171,0.51
islam,Athan,azkar & dua : hisnul muslim,5,45,249,6,1.24
islam,Athan,dua is worship,5,44,250,2,2.29
islam,Athan,dua kumayl supplication prayer,5,49,250,35,0.71
islam,Athan,daily hadith dua quran,5,42,246,133,0.54
islam,Athan,imuslim - prayer,5,48,245,218,0.49
islam,Athan,masnoon dua & tasbeeh counter,5,45,250,81,0.59
islam,Athan,dua & zikr,5,52,249,5,1.34
islam,Athan,dua & zikr companion,5,48,249,57,0.63
islam,Athan,الباقيات أذكار-azkar albaqiyat,5,36,27,3,1.74
islam,Athan,اذكار : azkar اذان رمضان,5,54,224,2,2.29
islam,Athan,zikrapp: tasbih,5,57,250,100,0.57
islam,Athan,tasbih counter - dhikr & azkar,5,48,249,17,0.86
islam,Athan,tasbeeh count,5,56,249,134,0.54
islam,Athan,tasbeeh - تسبيح,5,47,247,75,0.60
islam,Athan,sibha سبحة,5,48,250,28,0.75
islam,Athan,sabha: tasbih and adhkar,5,44,249,135,0.54
islam,Athan,muslimmate: adhan,5,47,250,27,0.76
islam,Athan,jannaty: heaven & dhikr islam,5,58,250,67,0.61
islam,Athan,islamic quiz & tasbeeh counter,5,47,248,157,0.52
islam,Athan,dikr: azkar & qibla finder app,5,53,249,1,5.00
islam,Athan,dhikr counter - tesbaah,5,42,250,15,0.89
islam,Athan,dhikr counter - qibla finder,5,51,250,222,0.49
islam,Athan,dhikr & du`aa',5,51,250,30,0.74
islam,Athan,dhikr - discover inner peace,5,40,250,152,0.52
islam,Athan,azkary | أذكاري,5,34,10,6,1.24
islam,Athan,azkary - اذكاري,5,35,10,7,1.16
islam,Athan,azkar أذكار,5,46,245,1,5.00
islam,Athan,azkar • اذكار : athan & prayer,5,47,126,1,5.00
islam,Athan,azkar • اذكار,5,56,249,1,5.00
islam,Athan,azkar count - أذكار بعد الصلاة,5,41,119,1,5.00
islam,Athan,adhan time: tasbeeh,5,40,250,3,1.74
islam,Athan,zikar,5,56,250,1,5.00
islam,Athan,tesbaah,5,42,250,159,0.52
islam,Athan,tasbeehs,5,45,245,111,0.55
islam,Athan,real tasbeeh,5,46,249,95,0.57
islam,Athan,prayer reminder time,5,50,250,205,0.50
islam,Athan,hendhunaa,5,50,250,26,0.76
islam,Athan,haveeruge,5,50,250,20,0.82
islam,Athan,dhikr memories,5,42,250,126,0.54
islam,Athan,""" مسلم برو """,5,52,245,89,0.58
islam,Athan,برنامج مواقيت الصلاة,5,60,250,1,5.00
islam,Athan,tahajjud salat,5,52,250,6,1.24
islam,Athan,اتجاه القبل,5,61,246,186,0.51
islam,Athan,nevermissfajr,5,32,30,4,1.49
islam,Athan,مواقيت الصلاة الكويت,5,79,250,9,1.06
islam,Athan,salatuk - صلاتك,5,42,20,17,0.86
islam,Athan,اذان القبله,5,47,249,19,0.83
islam,Athan,اذكار بعد الصلاة,5,47,250,9,1.06
islam,Athan,اذكار التحصين,5,44,250,2,2.29
islam,Athan,اذكار قبل النوم,5,46,250,1,5.00
islam,Athan,اذكار يوم الجمعة,5,44,250,1,5.00
islam,Athan,اذكار للمسلمين,5,42,246,5,1.34
islam,Athan,اذكار يومية,5,40,250,5,1.34
islam,Athan,اذكار رمضان,5,44,247,3,1.74
islam,Athan,أذكار المسلم اليومية,5,40,248,4,1.49
islam,Athan,أذكار النوم,5,49,250,4,1.49
islam,Athan,أذكار الحج والعمرة,5,38,64,1,5.00
islam,Athan,برنامج تسبيح,5,42,215,189,0.50
islam,Athan,تطبيق مسلم,5,41,238,9,1.06
islam,Athan,dhikr reminders,5,48,250,170,0.51
islam,Athan,glorius,5,18,68,10,1.02
islam,Athan,names of allah,5,41,210,102,0.56
islam,Athan,book reminder,5,69,246,98,0.57
islam,Athan,tafsit,5,58,237,185,0.51
islam,Athan,namaaz,5,62,250,43,0.68
islam,Athan,haram checker,5,44,249,214,0.49
islam,Athan,dhikra,5,28,243,25,0.77
islam,Athan,pray walk,5,,20,6,1.24
islam,Athan,prayer walk,5,38,22,4,1.49
islam,Athan,muslim azkar quotes,5,,4,2,2.29
islam,Athan,children prayer,5,47,243,32,0.73
islam,Athan,pryer,5,91,249,162,0.52
islam,Athan,dua%20and%20azkar,5,52,236,1,5.00
islam,Athan,hollow%20prayer,5,61,245,15,0.89
islam,Athan,muslim%20prayer%20times,5,46,249,94,0.57
islam,Athan,islamic%20calendar,5,43,237,133,0.54
islam,Athan,sunnah%20match,5,48,239,46,0.67
islam,Athan,free%20prayer%20apps,5,84,250,76,0.60
islam,Athan,qatar%20prayer,5,48,249,192,0.50
islam,Athan,muslim%20day,5,52,250,242,0.48
islam,Athan,azan time pro: holy quran 4+,5,56,249,29,0.74
islam,Athan,petunjuk kiblat,5,54,206,14,0.91
islam,Athan,muslim prayers,5,61,250,124,0.54
islam,Athan,athan%20pro,5,47,248,31,0.73
islam,Athan,islamic%20prayer%20times,5,,243,23,0.79
islam,Athan,muslm prayer,5,,245,13,0.93
islam,Athan,salahapp,5,,68,5,1.34
islam,Athan,daily ayat,5,,237,27,0.76
islam,Athan,quranic questions,5,,237,68,0.61
islam,Athan,islami taboo,5,,231,53,0.64
islam,Athan,halal ghosht checker,5,,233,156,0.52
islam,Athan,muraja’ah,5,,216,5,1.34
islam,Athan,hifz teacher,5,,243,60,0.63
islam,Athan,salatuk pro,5,61,250,117,0.55
islam,Athan,adhan prayer times,5,54,250,28,0.75
islam,Athan,منبّه,5,,208,152,0.52
islam,Athan,paryer,5,89,249,168,0.51
islam,Athan,learn hadith,5,,212,28,0.75
islam,Athan,memorize ayah,5,,235,19,0.83
islam,Athan,app for muslim,5,55,250,12,0.96
islam,Athan,hadith identifier,5,,233,7,1.16
islam,Athan,ayat identifier,5,,241,40,0.69
islam,Athan,question makr,5,,211,15,0.89
islam,Athan,ruhi muslim meditation,5,,236,56,0.64
islam,Athan,marzok,5,,218,20,0.82
islam,Athan,prayer times & al quran,5,46,249,31,0.73
islam,Athan,prayer  time,5,50,249,203,0.50
islam,Athan,misbahi,5,29,242,11,0.98
islam,Athan,qurq fqr ing,5,,244,30,0.74
islam,Athan,qadr,5,,234,8,1.10
islam,Athan,muslim dhikr,5,44,250,178,0.51
islam,Athan,azkar pro,5,51,247,1,5.00
islam,Athan,allahtu,5,,232,16,0.87
islam,Athan,ذِكْر,5,45,248,21,0.81
islam,Athan,allah athkar,5,48,250,3,1.74
islam,Athan,ayah widget,5,,225,34,0.71
islam,Athan,tasbish,5,,239,100,0.57
islam,Athan,thikr,5,,240,21,0.81
islam,Athan,tahfeedh quran,5,,243,75,0.60
islam,Athan,ikhtibar quran,5,44,249,228,0.49
islam,Athan,pray timer,5,54,250,190,0.50
islam,Athan,revive the sunnah,5,,237,44,0.67
islam,Athan,ezanpro,5,,234,23,0.79
islam,Athan,taasbih,5,,244,156,0.52
islam,Athan,duah,5,,231,9,1.06
islam,Athan,reminder la,5,52,226,103,0.56
islam,Athan,payer times,5,53,248,79,0.59
islam,Athan,payers times,5,53,249,106,0.56
islam,Athan,prayer times: widget & athan,5,,245,6,1.24
islam,Athan,prayer & quran,5,,248,4,1.49
islam,Athan,tasbeeh counter & reminder,5,,233,13,0.93
islam,Athan,tasbih counter lite dhikrs,5,,243,126,0.54
islam,Athan,tasbih counter lite dhikr,5,,244,127,0.54
islam,Athan,tasbeeh counter pros,5,,203,90,0.58
islam,Athan,tasbih counter pro dhikrs,5,,238,127,0.54
islam,Athan,tasbih counter tasbihcounts,5,,240,147,0.53
islam,Athan,counter tasbih zikrs,5,,240,101,0.56
islam,Athan,tasbih counter misbaha,5,,244,70,0.61
islam,Athan,tasbeeh counter tasbih tap,5,,231,83,0.59
islam,Athan,tasbih counter tasbihcount,5,,243,105,0.56
islam,Athan,tasbeeh counter tally tasbih,5,,231,59,0.63
islam,Athan,counter tally tasbih,5,,216,86,0.58
islam,Athan,adhan times muslim prayer,5,35,248,54,0.64
islam,Athan,adhan times muslims,5,45,248,16,0.87
islam,Athan,islam reminder,5,,242,27,0.76
islam,Athan,quran prayer times,5,45,247,159,0.52
islam,Athan,ramadan 2026 dua,5,40,250,234,0.49
islam,Athan,mesbahi ar drawing,5,,245,38,0.70
islam,Athan,krishna prayer times,5,,240,13,0.93
islam,Athan,krishna prayer time,5,,241,11,0.98
islam,Athan,thwn,5,,203,42,0.68
islam,Athan,quran widgets premium,5,,246,50,0.65
islam,Athan,tasbeeh unlock,5,,226,12,0.96
islam,Athan,islaam,5,,249,28,0.75
islam,Athan,quarn reminder,5,,179,8,1.10
islam,Athan,azan peace,5,37,132,128,0.54
islam,Athan,adhan plus,5,,198,5,1.34
islam,Athan,salat firs,5,,229,85,0.58
islam,Athan,salat firsr,5,,225,13,0.93
islam,Athan,start with allah,5,52,238,92,0.58
islam,Athan,maqsad,5,47,221,18,0.84
islam,Athan,apk adzan,5,23,250,3,1.74
islam,Athan,المصلي اذان الصلاة اذكار ختمه,5,,17,2,2.29
islam,Athan,المؤذن السعودي,5,,11,4,1.49
islam,Athan,coran widget,5,,249,9,1.06
islam,Athan,calculate zakat complete,5,,232,61,0.63
islam,Athan,comprehensive supplications,5,,237,35,0.71
islam,Athan,hijri calendar islamic,5,,229,47,0.66
islam,Athan,islamify: hourly devotional,5,,239,53,0.64
islam,Athan,latest hd mehndi henna designs,5,,209,40,0.69
islam,Athan,target khatam,5,,232,69,0.61
islam,Athan,brother kashif ali,5,,235,16,0.87
islam,Athan,prayin,5,55,242,83,0.59
islam,Athan,prayinn,5,,210,23,0.79
islam,Athan,salat first app,5,,230,8,1.10
islam,Athan,free salat first,5,,227,37,0.70
islam,Athan,salat first free,5,,230,39,0.69
islam,Athan,apk easy daily pay best reminder,5,,201,133,0.54
islam,Athan,apk easy daily pay reminder best,5,,208,136,0.53
islam,Athan,apk easy daily pay ideas reminder,5,,204,123,0.54
islam,Athan,reviews easy daily pay best reminder apk,5,,200,140,0.53
islam,Athan,apk reviews easy daily pay best reminder,5,,204,132,0.54
islam,Athan,review easy daily pay ideas reminder apk,5,,214,173,0.51
islam,Athan,good daily reminder apps app game apk,5,,200,89,0.58
islam,Athan,apk iphone,5,,232,172,0.51
islam,Athan,muslim core,5,36,248,228,0.49
islam,Athan,apk remind,5,,213,95,0.57
islam,Athan,numbers adnan,5,,193,16,0.87
islam,Athan,reddit numbers adnan,5,,231,117,0.55
islam,Athan,reminds audio,5,,216,211,0.49
islam,Athan,islam.app,5,,232,40,0.69
islam,Athan,adhan,5,55,242,59,0.63
islam,Athan,noor quran,5,,240,34,0.71
islam,Athan,surat pendek al-quran,5,,241,141,0.53
islam,Athan,dhikr counter+,5,,226,136,0.53
islam,Athan,islam adhkar,5,,249,3,1.74
islam,Athan,dhikr lock  dikr lock  muslim app blocke,5,,247,16,0.87
islam,Athan,online dukan,5,,212,33,0.72
islam,Athan,qalby muslim,5,,250,5,1.34
islam,Athan,prayer reminders daily,5,,229,31,0.73
islam,Athan,quran & athan,5,,250,5,1.34
islam,Athan,ghufran fallaha,5,,207,20,0.82
islam,Athan,amjad islam,5,,176,57,0.63
islam,Athan,holy kaaba,5,,213,17,0.86
islam,Athan,shahihbukhari,5,,143,84,0.59
islam,Athan,200+ islamic stories,5,32,250,232,0.49
islam,Athan,fasting muslim,5,,249,130,0.54
islam,Athan,zikirmetre vird: prayer widget,5,52,250,215,0.49
islam,Athan,تحويل راتب,5,33,17,2,2.29
islam,Athan,mufti menk,,32,246,34,
islam,Athan,رمضان 2022,,46,65,2,
islam,Athan,urdu calendar 2023*,,52,242,26,
islam,Athan,sholatmu,,31,233,34,
islam,Athan,waktu adzan dan shalat,,68,244,23,
islam,Athan,waktu solat di indonesia,,40,250,34,
islam,Athan,jadwal waktu salat hari ini,,40,11,7,
islam,Athan,jadwal puasa 2023,,42,249,16,
islam,Athan,adzan otomatis waktu sholat offline,,44,250,15,
islam,Athan,muadzin,,37,131,16,
islam,Athan,jadwal sholat dan adzan offline,,51,228,8,
islam,Athan,mu'min - adhan,,43,219,17,
islam,Athan,azan time pro plus: holy quran,,65,250,39,
islam,Athan,برنامج اذكار,,44,250,2,
islam,Athan,azkar oasis - واحة الذكر,,32,13,2,
islam,Athan,rope%20swing,,,232,22,
islam,Athan,the guide: rehber kur'an,,,166,22,
islam,Athan,muslim routine: prayer & quran,,,250,97,
islam,Athan,qurans,,,248,68,
islam,Athan,counter lite dhikr,,,241,80,
islam,Athan,tasbih counter lites,,,242,98,
islam,Athan,counter tasbih zikr,,,237,97,
islam,Athan,real tasbih counter misbahas,,,241,65,
islam,Athan,counter tasbih taps,,,227,50,
islam,Athan,counter pro dhikr,,,240,79,
islam,Athan,tasbih counter pro dhikr,,,240,124,
islam,Athan,real tasbih counter misbaha,,,238,58,
islam,Athan,dhikr counter tasbih pro,,,240,131,
islam,Athan,dhikr counter tasbih pros,,,242,121,
islam,Athan,dhikr counter tasbihs,,,241,138,
islam,Athan,dhikr counter tasbih,,,243,133,
islam,Athan,counter tasbih pro,,,230,134,
islam,Athan,adhan times muslim,,37,248,32,
islam,Athan,adhan times muslim prayers,,35,248,93,
islam,Athan,times muslim prayers,,,231,38,
islam,Athan,zikr tasbeeh counter,,,230,53,
islam,Athan,"ayuno",,48,247,212,
islam,Athan,[صلاتك],,,203,99,
islam,Athan,اوقات الصلاة الشيعة,,,231,46,
islam,Athan,prayer reminder islam,,,237,9,
islam,Athan,iqra quran lock,,,241,70,
islam,Athan,good daily reminder app game app apk,,,201,77,
islam,Athan,apk good daily reminder apps app game,,,198,78,
islam,Athan,emotional remind alternatives,,,232,25,
islam,Athan,kanal ölçüm,,,222,21,
islam,Athan,[المؤذن],,,165,59,
islam,Athan,Islamic Quotes &amp; Prayer Times,,,250,130,
islam,Athan,prayer times dua,,,249,164,
islam,Athan,henna ideas,,,214,21,
islam,Athan,prayer call,,,250,12,
islam,Athan,prayer plan,,,249,148,
islam,Athan,prayer times quran,,,247,142,
islam,Quran,quran,60,72,249,1,60.00
islam,Quran,reading com,59,92,241,22,9.43
islam,Quran,كريم,54,88,248,39,7.47
islam,Quran,muslim pro,54,59,250,223,5.29
islam,Quran,القران الكريم,53,60,250,19,8.82
islam,Quran,quran majeed,51,70,249,5,13.64
islam,Quran,my q app,51,,248,149,5.36
islam,Quran,athan,50,69,249,199,5.00
islam,Quran,tarteel,49,73,101,6,12.10
islam,Quran,ترتيل,49,72,248,18,8.28
islam,Quran,al quran,45,71,249,4,13.40
islam,Quran,اذان,44,60,248,104,4.94
islam,Quran,coran francais,42,48,250,12,8.03
islam,Quran,الاذان,41,64,247,205,4.08
islam,Quran,коран,41,62,248,6,10.13
islam,Quran,sura,41,62,250,13,7.64
islam,Quran,islam,40,64,249,121,4.37
islam,Quran,القران,40,63,247,10,8.13
islam,Quran,priere,38,57,250,11,7.48
islam,Quran,ly,32,100,247,102,3.61
islam,Quran,book it,30,87,247,195,3.01
islam,Quran,kura,30,60,246,113,3.32
islam,Quran,yana,27,57,245,152,2.83
islam,Quran,quran widget,27,66,247,113,2.99
islam,Quran,jus,24,62,248,145,2.54
islam,Quran,tara,15,97,249,193,1.51
islam,Quran,quran translation,13,49,247,1,13.00
islam,Quran,ananas,11,56,246,213,1.09
islam,Quran,tajweed quran,10,66,248,141,1.06
islam,Quran,quran english,9,57,248,3,3.14
islam,Quran,belot,9,58,247,199,0.90
islam,Quran,quran memorize,9,71,249,39,1.24
islam,Quran,holy quran,8,69,245,10,1.63
islam,Quran,amma,8,95,250,42,1.09
islam,Quran,quran explorer,7,61,247,4,2.08
islam,Quran,islam pro,7,71,248,216,0.69
islam,Quran,golden quran,7,59,247,8,1.54
islam,Quran,islam app,7,64,248,26,1.07
islam,Quran,terjemahan,7,80,249,188,0.71
islam,Quran,ya,6,,248,154,0.63
islam,Quran,clear vision,6,87,250,199,0.60
islam,Quran,quran pro,6,66,247,4,1.79
islam,Quran,quran offline,6,54,248,10,1.22
islam,Quran,yasa,6,57,249,150,0.63
islam,Quran,quranly,6,64,249,2,2.75
islam,Quran,the clear quran,6,53,249,3,2.09
islam,Quran,islam channel,6,47,248,208,0.60
islam,Quran,quran widgets,6,58,248,34,0.86
islam,Quran,deenup,6,,250,7,1.39
islam,Quran,qu,5,84,246,77,0.60
islam,Quran,muslin pro,5,54,249,140,0.53
islam,Quran,mislim pro,5,55,250,152,0.52
islam,Quran,musilm pro,5,55,250,144,0.53
islam,Quran,islamic,5,67,249,8,1.10
islam,Quran,ayah,5,80,250,6,1.24
islam,Quran,quran word by word,5,52,247,110,0.56
islam,Quran,quran wbw,5,48,248,4,1.49
islam,Quran,曲,5,85,239,121,0.55
islam,Quran,kurs,5,57,249,235,0.49
islam,Quran,koran,5,58,249,4,1.49
islam,Quran,quoran,5,56,248,1,5.00
islam,Quran,quran english translation,5,44,249,1,5.00
islam,Quran,quranmajeed,5,54,241,6,1.24
islam,Quran,quran pak,5,59,243,11,0.98
islam,Quran,free quran,5,56,248,1,5.00
islam,Quran,learn arabic quran,5,,250,127,0.54
islam,Quran,quran karim,5,54,250,16,0.87
islam,Quran,easy urdu,5,,225,182,0.51
islam,Quran,Kuran,5,59,249,2,2.29
islam,Quran,learn to read quran,5,65,248,123,0.54
islam,Quran,quran tajweed,5,68,249,18,0.84
islam,Quran,quran lernen,5,46,249,7,1.16
islam,Quran,quran sharif,5,61,248,9,1.06
islam,Quran,pneumatique,5,98,245,140,0.53
islam,Quran,360 online,5,100,195,112,0.55
islam,Quran,internet app,5,94,247,133,0.54
islam,Quran,quran tafsir,5,54,249,4,1.49
islam,Quran,surah rahman,5,63,246,188,0.50
islam,Quran,moslim pro,5,40,250,143,0.53
islam,Quran,quran surah,5,51,248,3,1.74
islam,Quran,quran english transliteration,5,46,246,6,1.24
islam,Quran,quran in english translation,5,53,249,6,1.24
islam,Quran,dikr moulid,5,48,250,6,1.24
islam,Quran,yaseen sharif,5,49,211,25,0.77
islam,Quran,yaseen shareef,5,46,159,43,0.68
islam,Quran,yaseen full surah,5,40,248,20,0.82
islam,Quran,qibla app,5,62,250,241,0.48
islam,Quran,the quran,5,68,247,3,1.74
islam,Quran,itajweed quran for iphone,5,59,249,5,1.34
islam,Quran,islamic apps,5,59,249,103,0.56
islam,Quran,the koran,5,60,245,4,1.49
islam,Quran,holy quran with english,5,49,248,241,0.48
islam,Quran,the holy quran,5,68,249,2,2.29
islam,Quran,full quran,5,59,250,9,1.06
islam,Quran,read quran,5,59,246,5,1.34
islam,Quran,offline quran,5,60,247,2,2.29
islam,Quran,quran english audio,5,44,249,43,0.68
islam,Quran,surah yasin,5,55,43,12,0.96
islam,Quran,quran stories,5,56,248,82,0.59
islam,Quran,ayat al quran,5,53,250,5,1.34
islam,Quran,quran learning,5,77,250,98,0.57
islam,Quran,quran teacher,5,75,250,47,0.66
islam,Quran,noble quran,5,70,248,4,1.49
islam,Quran,qur’an radio,5,42,240,76,0.60
islam,Quran,quran tracker,5,67,246,35,0.71
islam,Quran,quran transliteration,5,46,250,7,1.16
islam,Quran,koran lesen,5,58,232,12,0.96
islam,Quran,koran app,5,55,249,1,5.00
islam,Quran,yasin suresi,5,56,250,43,0.68
islam,Quran,quran quotes,5,61,247,91,0.58
islam,Quran,online quran,5,,250,2,2.29
islam,Quran,quran in english and arabic,5,37,247,75,0.60
islam,Quran,muslim pro app,5,54,247,14,0.91
islam,Quran,bangla quran,5,51,250,13,0.93
islam,Quran,quran french,5,49,248,3,1.74
islam,Quran,surah al mulk,5,45,248,41,0.68
islam,Quran,quran kurdish,5,47,249,63,0.62
islam,Quran,quran memorizer,5,68,248,33,0.72
islam,Quran,mushaf,5,62,248,15,0.89
islam,Quran,coran français,5,44,250,26,0.76
islam,Quran,tafsir,5,79,249,7,1.16
islam,Quran,eqra'a quran reader,5,56,248,5,1.34
islam,Quran,al quran al kareem,5,50,244,35,0.71
islam,Quran,mp3quran,5,48,250,76,0.60
islam,Quran,quran tafsir تفسير القرآن,5,52,250,13,0.93
islam,Quran,quran voice,5,56,245,6,1.24
islam,Quran,easy quran,5,57,247,18,0.84
islam,Quran,holy koran,5,73,222,3,1.74
islam,Quran,quran book,5,48,247,3,1.74
islam,Quran,read and listen quran,5,,239,12,0.96
islam,Quran,learn my lines,5,,206,96,0.57
islam,Quran,juz amma,5,52,132,2,2.29
islam,Quran,quran ba kurdi,5,53,248,4,1.49
islam,Quran,kuran dinle,5,44,230,47,0.66
islam,Quran,smart book,5,54,246,236,0.49
islam,Quran,quran arabic,5,57,248,9,1.06
islam,Quran,learn quran reading,5,54,96,6,1.24
islam,Quran,al quran tafseer,5,42,247,11,0.98
islam,Quran,quran kuran,5,50,247,6,1.24
islam,Quran,surahs,5,43,249,87,0.58
islam,Quran,mulim pro,5,52,250,165,0.52
islam,Quran,by,5,100,248,87,0.58
islam,Quran,ayah by ayah,5,53,249,16,0.87
islam,Quran,tajweed quran recitation rules,5,62,249,33,0.72
islam,Quran,kuran kerim,5,50,224,44,0.67
islam,Quran,learn quran tajwid,5,59,248,138,0.53
islam,Quran,memorize quran app,5,54,246,1,5.00
islam,Quran,quran melayu,5,49,249,1,5.00
islam,Quran,arabic quran offline,5,49,247,24,0.78
islam,Quran,quran uzbek,5,58,249,7,1.16
islam,Quran,ramazan,5,53,249,113,0.55
islam,Quran,muslimapp,5,60,249,60,0.63
islam,Quran,quran memorization,5,69,248,29,0.74
islam,Quran,kur'an,5,52,249,8,1.10
islam,Quran,quran listen,5,59,225,14,0.91
islam,Quran,quran listener,5,69,250,12,0.96
islam,Quran,quran children,5,42,245,4,1.49
islam,Quran,islamic apps for children,5,42,248,12,0.96
islam,Quran,simple quran,5,59,247,14,0.91
islam,Quran,ادان,5,39,248,86,0.58
islam,Quran,قرآن pro,5,57,249,81,0.59
islam,Quran,coran traduit,5,40,249,129,0.54
islam,Quran,moshaf,5,44,193,8,1.10
islam,Quran,الآذان,5,49,250,15,0.89
islam,Quran,quran ayah,5,52,248,29,0.74
islam,Quran,quarn,5,55,248,1,5.00
islam,Quran,ختمة القرآن الكريم,5,51,233,157,0.52
islam,Quran,ختم القران,5,50,243,49,0.66
islam,Quran,mémoriser le coran,5,62,245,78,0.59
islam,Quran,quran learn,5,65,250,6,1.24
islam,Quran,quran reciters,5,60,247,90,0.58
islam,Quran,arabic quran,5,54,250,6,1.24
islam,Quran,quran translations,5,45,245,19,0.83
islam,Quran,translate quran,5,44,250,3,1.74
islam,Quran,quran touch,5,58,248,12,0.96
islam,Quran,القرآن المجيد,5,55,250,38,0.70
islam,Quran,quran pro - read & listen,5,44,246,10,1.02
islam,Quran,read the quran,5,53,247,3,1.74
islam,Quran,recite quran,5,68,247,7,1.16
islam,Quran,qur,5,68,247,2,2.29
islam,Quran,القران المجيد,5,53,250,34,0.71
islam,Quran,quran indopak,5,44,250,2,2.29
islam,Quran,naskh,5,47,247,59,0.63
islam,Quran,recital,5,59,193,87,0.58
islam,Quran,قرآن,5,68,248,9,1.06
islam,Quran,الكريم,5,57,241,89,0.58
islam,Quran,القرآن الكريم,5,64,245,35,0.71
islam,Quran,ayat al quran القرآن الكريم,5,34,44,4,1.49
islam,Quran,islami özlü sözler,5,55,220,8,1.10
islam,Quran,ازان,5,60,248,111,0.55
islam,Quran,llamada a la adán,5,42,250,188,0.50
islam,Quran,islamic app,5,60,249,80,0.59
islam,Quran,تسميع,5,69,136,24,0.78
islam,Quran,(android,5,43,235,162,0.52
islam,Quran,prière),5,57,247,94,0.57
islam,Quran,qibla mostrará,5,56,238,26,0.76
islam,Quran,urdu translator,5,75,224,131,0.54
islam,Quran,سيره للايجار بسائق,5,67,242,35,0.71
islam,Quran,alquran alkareem,5,51,247,111,0.55
islam,Quran,best quran,5,61,248,7,1.16
islam,Quran,qiblə tapan,5,41,245,43,0.68
islam,Quran,athan quran,5,40,247,11,0.98
islam,Quran,booking com malaysia,5,82,246,48,0.66
islam,Quran,qurb,5,58,249,14,0.91
islam,Quran,recit quran,5,40,247,17,0.86
islam,Quran,kurani kerim,5,40,202,53,0.64
islam,Quran,reciter,5,55,247,96,0.57
islam,Quran,وسائل الاعلام الاجتماعية لكرة القدم,5,53,264,38,0.70
islam,Quran,qalby,5,47,81,15,0.89
islam,Quran,complete quran,5,55,250,64,0.62
islam,Quran,muslim pro free,5,54,249,114,0.55
islam,Quran,arabic books,5,,230,176,0.51
islam,Quran,yassin rumi,5,40,239,24,0.78
islam,Quran,baca Quran,5,59,242,2,2.29
islam,Quran,quran verses,5,62,250,8,1.10
islam,Quran,quran verse,5,61,246,3,1.74
islam,Quran,Quran 360: Recitation,5,39,218,6,1.24
islam,Quran,kuran meali,5,44,239,81,0.59
islam,Quran,ramadan quran,5,40,245,56,0.64
islam,Quran,full quran translation english,5,46,247,3,1.74
islam,Quran,quran tajwid,5,62,248,49,0.66
islam,Quran,digital indonesia,5,92,249,56,0.64
islam,Quran,quran indonesia,5,59,248,2,2.29
islam,Quran,quran somali,5,52,247,7,1.16
islam,Quran,smart lesen,5,84,249,165,0.52
islam,Quran,englisch kurs,5,81,245,48,0.66
islam,Quran,muslim and quran,5,,241,16,0.87
islam,Quran,english translation quran,5,45,247,4,1.49
islam,Quran,quran athan,5,52,248,22,0.80
islam,Quran,quran hifz,5,74,248,11,0.98
islam,Quran,bahasa,5,88,250,160,0.52
islam,Quran,transliteration,5,51,203,120,0.55
islam,Quran,tajweed quran recitation,5,48,250,30,0.74
islam,Quran,tajweed quran recitation rule,5,42,235,3,1.74
islam,Quran,qalbyapp,5,68,249,3,1.74
islam,Quran,حفظ قران,5,,230,33,0.72
islam,Quran,melayu,5,47,70,10,1.02
islam,Quran,islam qa,5,46,245,53,0.64
islam,Quran,islamqa,5,55,247,231,0.49
islam,Quran,juz,5,52,104,35,0.71
islam,Quran,tarteel quran,5,59,250,4,1.49
islam,Quran,kuran sureleri,5,40,228,60,0.63
islam,Quran,namoz vaqti,5,61,244,20,0.82
islam,Quran,quran juz mp3,5,54,60,1,5.00
islam,Quran,al qur'an,5,29,243,5,1.34
islam,Quran,quran without internet,5,57,247,5,1.34
islam,Quran,اذان+,5,88,250,27,0.76
islam,Quran,#القران_الكريم,5,57,241,71,0.61
islam,Quran,islam-pro,5,40,243,19,0.83
islam,Quran,المصحف الذهبى,5,49,247,98,0.57
islam,Quran,al-qur'an lengkap,5,48,240,10,1.02
islam,Quran,mushaf madinah,5,42,221,7,1.16
islam,Quran,download mushaf,5,62,230,2,2.29
islam,Quran,mushaf offline,5,44,237,3,1.74
islam,Quran,quran playlist,5,57,248,15,0.89
islam,Quran,hana quran,5,23,242,1,5.00
islam,Quran,koran audio,5,45,244,212,0.49
islam,Quran,quran malaysia,5,48,241,1,5.00
islam,Quran,quran study,5,56,249,5,1.34
islam,Quran,quran translate,5,28,250,1,5.00
islam,Quran,terjemahan Quran,5,58,225,3,1.74
islam,Quran,namoz vaqti 2023,5,40,250,226,0.49
islam,Quran,al-quran (pro),5,40,245,11,0.98
islam,Quran,quran digital,5,52,247,1,5.00
islam,Quran,al-quran dan terjemahan,5,59,228,5,1.34
islam,Quran,listen quram,5,37,205,15,0.89
islam,Quran,quran reciter,5,60,249,3,1.74
islam,Quran,quran translatioon,5,42,249,8,1.10
islam,Quran,alquran 30 juz,5,42,247,10,1.02
islam,Quran,alquran digital,5,56,247,10,1.02
islam,Quran,alquran indonesia,5,43,249,5,1.34
islam,Quran,al-quran dan terjemahan indonesia,5,43,246,10,1.02
islam,Quran,alquran terjemahan,5,40,248,11,0.98
islam,Quran,surah al kahfi,5,40,250,23,0.79
islam,Quran,alquran tafsir,5,40,245,123,0.54
islam,Quran,alquran melayu,5,44,247,3,1.74
islam,Quran,al-quran malaysia,5,43,239,1,5.00
islam,Quran,imsakiyah 2023,5,50,250,36,0.70
islam,Quran,al quran offline,5,56,242,8,1.10
islam,Quran,al quran 30 juz,5,43,248,7,1.16
islam,Quran,quran bahasa melayu,5,46,247,3,1.74
islam,Quran,al quran melayu,5,51,249,2,2.29
islam,Quran,tafsir al quran,5,43,246,2,2.29
islam,Quran,terjemahan alquran,5,40,248,12,0.96
islam,Quran,terjemahan al quran,5,59,230,5,1.34
islam,Quran,quran aplikasi,5,59,229,4,1.49
islam,Quran,al quran aplikasi,5,40,246,26,0.76
islam,Quran,alquran aplikasi,5,40,247,145,0.53
islam,Quran,quran ai,5,69,247,18,0.84
islam,Quran,كتابتحميل كتاب,5,75,254,35,0.71
islam,Quran,eBooks & iReading - BookVa App,5,55,245,192,0.50
islam,Quran,االمصحف,5,40,226,62,0.62
islam,Quran,quran tab,5,47,248,21,0.81
islam,Quran,kuran tefsir,5,40,235,70,0.61
islam,Quran,qura,5,79,248,4,1.49
islam,Quran,al quran rumi,5,48,240,15,0.89
islam,Quran,quranai,5,49,247,81,0.59
islam,Quran,koran in english,5,46,242,36,0.70
islam,Quran,surahs of quran,5,75,234,8,1.10
islam,Quran,al quran digital offline,5,42,247,4,1.49
islam,Quran,al-quran indonesia,5,54,249,3,1.74
islam,Quran,aplikasi adzan 5 waktu otomatis,5,41,249,15,0.89
islam,Quran,quraran,5,70,248,1,5.00
islam,Quran,athan qiblaquran,5,,250,16,0.87
islam,Quran,al quran terjemahan,5,40,244,7,1.16
islam,Quran,al-quran offline,5,48,237,6,1.24
islam,Quran,alquran english,5,45,246,15,0.89
islam,Quran,muslim muna app,5,56,249,146,0.53
islam,Quran,30 juz,5,35,24,8,1.10
islam,Quran,the muslim app,5,59,249,7,1.16
islam,Quran,jadwal sholat offline,5,59,250,2,2.29
islam,Quran,القرآن,5,57,248,8,1.10
islam,Quran,Urdu Quran Offline,5,,25,4,1.49
islam,Quran,Quran Mazeed,5,44,246,41,0.68
islam,Quran,تلاوة,5,70,225,5,1.34
islam,Quran,sezaak beta,5,,250,75,0.60
islam,Quran,quran read,5,55,250,4,1.49
islam,Quran,qirat,5,64,239,100,0.57
islam,Quran,all hadis,5,31,5,2,2.29
islam,Quran,binaura,5,82,224,153,0.52
islam,Quran,tartil,5,59,100,5,1.34
islam,Quran,ipray - adhan dhikr quran,5,60,250,2,2.29
islam,Quran,itasbeeh - the dhikr app,5,48,250,138,0.53
islam,Quran,dhikr - rememberance reminder,5,48,250,84,0.59
islam,Quran,qurn,5,60,237,1,5.00
islam,Quran,quran chat,5,57,250,157,0.52
islam,Quran,quran plus,5,53,246,3,1.74
islam,Quran,quran.com,5,61,249,1,5.00
islam,Quran,clear quran,5,57,243,3,1.74
islam,Quran,quran englisj,5,,228,2,2.29
islam,Quran,Quran daily,5,56,248,6,1.24
islam,Quran,quran 360+,5,42,45,10,1.02
islam,Quran,quran kz,5,44,248,3,1.74
islam,Quran,quran exploere,5,50,189,7,1.16
islam,Quran,quran era,5,61,248,9,1.06
islam,Quran,miraj muslim kids books games,5,48,250,132,0.54
islam,Quran,muslimtoolbox https,5,44,250,56,0.64
islam,Quran,islamapp,5,51,250,17,0.86
islam,Quran,english قران الكريم,5,42,65,16,0.87
islam,Quran,easy read quran,5,52,244,13,0.93
islam,Quran,neat quran app,5,55,247,1,5.00
islam,Quran,recitations,5,52,216,170,0.51
islam,Quran,quran text,5,56,247,19,0.83
islam,Quran,quran explorer app,5,57,248,2,2.29
islam,Quran,muslim app - islamic pro,5,54,249,17,0.86
islam,Quran,muslim dawah quran salat time,5,56,250,3,1.74
islam,Quran,islamicity muslim ecommunity,5,44,250,246,0.48
islam,Quran,new muslim guide line,5,42,249,202,0.50
islam,Quran,muslim kids series : mufradat,5,44,249,142,0.53
islam,Quran,neighborhood muslim llc,5,25,250,134,0.54
islam,Quran,pro muslim: prayer times,5,39,250,11,0.98
islam,Quran,quran pro - muslim prayer app,5,42,249,2,2.29
islam,Quran,atta islamic - muslim quran,5,31,246,19,0.83
islam,Quran,muslim radio dallas,5,40,244,161,0.52
islam,Quran,islamic & muslim stories app,5,33,250,36,0.70
islam,Quran,hisnul muslim tagalog,5,32,250,89,0.58
islam,Quran,muslim world islamic app,5,54,250,59,0.63
islam,Quran,alim: islamic ai,5,49,250,34,0.71
islam,Quran,qibla master,5,49,249,177,0.51
islam,Quran,islamhq: quran,5,53,250,1,5.00
islam,Quran,find qibla plus - dhikrmatic,5,51,249,169,0.51
islam,Quran,quran masjeed: qibla. pray,5,52,249,49,0.66
islam,Quran,islam pro l athan qibla quran,5,44,250,1,5.00
islam,Quran,athan app: quran,5,55,246,1,5.00
islam,Quran,quran majeed – القران الكريم,5,54,142,4,1.49
islam,Quran,quranic - qur-an & terjemahan,5,48,249,2,2.29
islam,Quran,al-quran al-kareem,5,52,248,8,1.10
islam,Quran,quran - by quran.com - قرآن,5,56,246,1,5.00
islam,Quran,quran by sheikh abu bakr,5,50,246,9,1.06
islam,Quran,quran companion-memorize quran,5,64,245,7,1.16
islam,Quran,quran chat - ask,5,48,250,8,1.10
islam,Quran,quran-colors-arab-eng-uthmani,5,53,247,2,2.29
islam,Quran,quran-color-arb-eng-bangla,5,52,246,2,2.29
islam,Quran,altamis: quran daily habit,5,44,248,1,5.00
islam,Quran,quran era inc,5,55,247,1,5.00
islam,Quran,quran for all app,5,50,249,8,1.10
islam,Quran,quran full+ dua saad-alghamidi,5,48,249,6,1.24
islam,Quran,empower quran global,5,56,250,2,2.29
islam,Quran,quran hafs by kfgqpc,5,49,248,2,2.29
islam,Quran,quran hafiz,5,69,249,70,0.61
islam,Quran,quran hadith qaida,5,54,249,2,2.29
islam,Quran,quran in english - al quran,5,40,248,11,0.98
islam,Quran,quran iq: arabic learning app,5,71,249,2,2.29
islam,Quran,quran & islamic quiz,5,46,246,14,0.91
islam,Quran,qaloon: mushaf quran juz 'amma,5,60,250,5,1.34
islam,Quran,quran kareem - القرآن الكريم,5,51,213,17,0.86
islam,Quran,quran kareem ' القرآن الكريم,5,48,213,15,0.89
islam,Quran,quran kareem  القرآن الكريم,5,51,213,11,0.98
islam,Quran,quran link - القرآن الكريم,5,47,250,4,1.49
islam,Quran,quran lalithasaram,5,50,249,2,2.29
islam,Quran,the quran letter & its spirit,5,52,247,2,2.29
islam,Quran,quran legends,5,44,250,10,1.02
islam,Quran,islam & quran learning academy,5,54,248,1,5.00
islam,Quran,quran majeed - القرآن المجيد,5,51,125,10,1.02
islam,Quran,quran majeed pro القرآن المجيد,5,45,25,4,1.49
islam,Quran,quran majeed – القرآن المجيد,5,49,122,5,1.34
islam,Quran,quran norwegian,5,57,248,3,1.74
islam,Quran,easy quran: noorani qaida app,5,48,249,5,1.34
islam,Quran,al quran nabil ar rifai mp3,5,56,247,2,2.29
islam,Quran,quran oasis,5,49,248,14,0.91
islam,Quran,quran: order the words,5,44,248,1,5.00
islam,Quran,quran offline | mallam jaafar,5,44,246,4,1.49
islam,Quran,quran orb,5,57,248,2,2.29
islam,Quran,quran pashto,5,56,247,8,1.10
islam,Quran,quran player +,5,48,245,9,1.06
islam,Quran,quran quotes: ayah widgets,5,55,249,33,0.72
islam,Quran,quran qaidah level 2,5,52,249,2,2.29
islam,Quran,quran quiz - mcq's of quran,5,54,247,2,2.29
islam,Quran,quran qaidah level 3,5,48,248,2,2.29
islam,Quran,quran reading® – quran mp3,5,57,248,3,1.74
islam,Quran,quran qaidah level 1,5,52,248,4,1.49
islam,Quran,quran videos hadith anachid,5,48,248,1,5.00
islam,Quran,quran word meaning,5,48,249,10,1.02
islam,Quran,quran warsh by kfgqpc,5,54,249,2,2.29
islam,Quran,holy quran yasser al dossari,5,55,243,78,0.59
islam,Quran,ai god chat - bible quran zen,5,97,248,8,1.10
islam,Quran,tilawa quran - yasser aldosari,5,58,247,9,1.06
islam,Quran,quran yaseer aldossari,5,57,249,6,1.24
islam,Quran,ehli sünnet islam dini,5,44,250,58,0.63
islam,Quran,islam elsharkawy,5,55,250,15,0.89
islam,Quran,islam forever for true muslim,5,40,250,70,0.61
islam,Quran,ahmadiyya movement in islam inc usa,5,40,250,61,0.63
islam,Quran,understanding islam - maududi,5,51,249,86,0.58
islam,Quran,md saiful islam shohel,5,48,250,120,0.55
islam,Quran,islam - the way of peace,5,50,250,26,0.76
islam,Quran,ar pendidikan islam tahun 5,5,46,250,13,0.93
islam,Quran,myklass agama islam umy,5,45,250,87,0.58
islam,Quran,dua and azkaar |quran |sunnah,5,47,248,2,2.29
islam,Quran,islamic dua book bengali sound,5,44,246,135,0.54
islam,Quran,313 aif : coran dua calendrier,5,46,250,23,0.79
islam,Quran,dua-e-qunoot & islamic surah,5,49,250,4,1.49
islam,Quran,dua e tawassul with audios,5,44,250,107,0.56
islam,Quran,clear quran audiobook,5,,235,1,5.00
islam,Quran,jannaty: heaven & dhikr islam,5,58,250,45,0.67
islam,Quran,dhikr & du`aa',5,51,250,185,0.51
islam,Quran,سورة الكهف,5,27,40,5,1.34
islam,Quran,quran english app,5,58,247,1,5.00
islam,Quran,quran sudais,5,54,245,40,0.69
islam,Quran,chat with quran,5,44,248,2,2.29
islam,Quran,كلير ويف,5,66,245,108,0.56
islam,Quran,quran app - english,5,51,248,3,1.74
islam,Quran,quran i,5,49,244,23,0.79
islam,Quran,urdu ai,5,90,14,11,0.98
islam,Quran,apparent,5,95,249,70,0.61
islam,Quran,quranchat,5,40,249,87,0.58
islam,Quran,quraly,5,42,250,2,2.29
islam,Quran,janus pro,5,40,241,119,0.55
islam,Quran,quran dark mode,5,46,246,7,1.16
islam,Quran,muhammad shabeer,5,1,232,5,1.34
islam,Quran,deeny islam chat,5,39,250,121,0.55
islam,Quran,tafsit,5,58,237,6,1.24
islam,Quran,ai word translation,5,,109,67,0.61
islam,Quran,corano italiano,5,49,250,203,0.50
islam,Quran,surah quranic recitation tafsir kareem i,5,,241,23,0.79
islam,Quran,references,5,54,232,131,0.54
islam,Quran,quran for woman,5,40,247,61,0.63
islam,Quran,hajj metaverse,5,47,246,145,0.53
islam,Quran,metaverse technology fz-llc,5,49,250,8,1.10
islam,Quran,humqadam - gbv response guide,5,44,249,225,0.49
islam,Quran,ai quran stories,5,48,248,3,1.74
islam,Quran,quran ai chat,5,49,248,28,0.75
islam,Quran,qurious,5,59,223,214,0.49
islam,Quran,oodi%20%D8%A3%D9%88%D9%88%D8%AF%D9%8A,5,29,248,52,0.65
islam,Quran,nooked,5,,243,200,0.50
islam,Quran,free%20book%20reading%20app,5,85,247,182,0.51
islam,Quran,smart read,5,66,249,206,0.50
islam,Quran,quran ayat,5,60,250,145,0.53
islam,Quran,haven quran,5,44,247,10,1.02
islam,Quran,clear30,5,53,32,17,0.86
islam,Quran,quran questions,5,,224,3,1.74
islam,Quran,quranic questions,5,,237,9,1.06
islam,Quran,islami tabu,5,,241,35,0.71
islam,Quran,islami taboo,5,,231,14,0.91
islam,Quran,islamic taboo,5,,234,23,0.79
islam,Quran,clear 30,5,46,25,13,0.93
islam,Quran,kuro,5,78,249,244,0.48
islam,Quran,simple quran app,5,54,245,2,2.29
islam,Quran,digital quran,5,54,247,4,1.49
islam,Quran,hifzul quran,5,,250,68,0.61
islam,Quran,quranic verse,5,,249,15,0.89
islam,Quran,hifz teacher,5,,243,24,0.78
islam,Quran,clear recitation,5,39,74,1,5.00
islam,Quran,quran with tarteel,5,,250,2,2.29
islam,Quran,tajweed al quran,5,44,248,40,0.69
islam,Quran,tarteel recitation,5,,51,9,1.06
islam,Quran,tarteel app,5,65,250,5,1.34
islam,Quran,simple and easy quran,5,,231,6,1.24
islam,Quran,quran for me,5,,236,2,2.29
islam,Quran,قران حفظ,5,43,241,101,0.56
islam,Quran,vexio,5,,185,113,0.55
islam,Quran,learn surah,5,,250,193,0.50
islam,Quran,qi quran,5,,244,1,5.00
islam,Quran,ai quran endless,5,46,248,8,1.10
islam,Quran,pro quran,5,57,247,19,0.83
islam,Quran,app for muslim,5,55,250,215,0.49
islam,Quran,hadith identifier,5,,233,29,0.74
islam,Quran,ayat identifier,5,,241,18,0.84
islam,Quran,oly quran,5,,238,4,1.49
islam,Quran,prophetic medicines,5,42,250,71,0.61
islam,Quran,ihsan studios fz-llc,5,,237,8,1.10
islam,Quran,gorok,5,,227,37,0.70
islam,Quran,islamic parable,5,,238,42,0.68
islam,Quran,app urdu to english translation,5,79,220,24,0.78
islam,Quran,foundation matcher,5,,248,173,0.51
islam,Quran,omer soya,5,,238,41,0.68
islam,Quran,qurq fqr ing,5,,244,8,1.10
islam,Quran,almadallah,5,45,250,4,1.49
islam,Quran,quran tester,5,,250,6,1.24
islam,Quran,ikhtibar quran,5,44,249,3,1.74
islam,Quran,somalia,5,,249,96,0.57
islam,Quran,somali quran,5,,245,3,1.74
islam,Quran,ezanpro,5,,234,102,0.56
islam,Quran,quran for sleep,5,71,249,8,1.10
islam,Quran,com book,5,,214,54,0.64
islam,Quran,guarang radadiya,5,,202,1,5.00
islam,Quran,zemble,5,,244,112,0.55
islam,Quran,quran verse widget,5,,239,19,0.83
islam,Quran,islam reminder,5,,242,184,0.51
islam,Quran,muslim video templates & maker,5,70,243,207,0.50
islam,Quran,nuran,5,53,249,20,0.82
islam,Quran,with app,5,88,246,240,0.48
islam,Quran,quran translate english,5,,241,1,5.00
islam,Quran,quran for men,5,,238,2,2.29
islam,Quran,mesbahi ar drawing,5,,245,22,0.80
islam,Quran,quran unlock,5,59,248,19,0.83
islam,Quran,quran  quran app  quran reading  quran m,5,,238,4,1.49
islam,Quran,quran  quran app  quran reading,5,,247,2,2.29
islam,Quran,quran widgets premium,5,,246,1,5.00
islam,Quran,islaam,5,,249,40,0.69
islam,Quran,muraqaba,5,51,250,11,0.98
islam,Quran,quran sure,5,,249,2,2.29
islam,Quran,aku muslim,5,,244,22,0.80
islam,Quran,fragment shader,5,89,242,158,0.52
islam,Quran,quran app lock,5,52,241,1,5.00
islam,Quran,start with allah,5,52,238,13,0.93
islam,Quran,quran before phone,5,46,250,3,1.74
islam,Quran,apk adzan,5,23,250,14,0.91
islam,Quran,al quran abdullahi abba zaria,5,,241,15,0.89
islam,Quran,english quran audio,5,,239,8,1.10
islam,Quran,holy quran 16 lines,5,,239,17,0.86
islam,Quran,quranl,5,,250,2,2.29
islam,Quran,تطبيق ترتيل,5,,58,14,0.91
islam,Quran,برنامج ترتيل,5,,38,10,1.02
islam,Quran,nuran coskun,5,42,250,54,0.64
islam,Quran,foundayo,5,71,230,11,0.98
islam,Quran,brilliant qa,5,,216,5,1.34
islam,Quran,color quran,5,,250,114,0.55
islam,Quran,comprehensive quranic qaida,5,,242,22,0.80
islam,Quran,comprehensive supplications,5,,237,4,1.49
islam,Quran,convert rai,5,,172,10,1.02
islam,Quran,enbd x ksa,5,,201,24,0.78
islam,Quran,english quran app,5,,234,3,1.74
islam,Quran,english urdu q-dictionary,5,,238,75,0.60
islam,Quran,english urdu translator,5,,232,181,0.51
islam,Quran,iot kaan,5,,209,8,1.10
islam,Quran,islamic literature library ai,5,,239,17,0.86
islam,Quran,islamify: hourly devotional,5,,239,8,1.10
islam,Quran,kik ip pty ltd,5,87,243,191,0.50
islam,Quran,learning quran app,5,,240,11,0.98
islam,Quran,meriam library uscan,5,,231,44,0.67
islam,Quran,mp3 quran offline,5,,244,32,0.73
islam,Quran,naat ki lyrics kitab,5,,249,19,0.83
islam,Quran,nayah b stays,5,,250,89,0.58
islam,Quran,offline quran mp3 audio,5,,239,54,0.64
islam,Quran,pharmacy kuwait,5,,220,96,0.57
islam,Quran,proposal: muslim marriage,5,,240,37,0.70
islam,Quran,quran by qurancom,5,,242,2,2.29
islam,Quran,quran juz,5,,250,1,5.00
islam,Quran,quran no ads,5,,240,3,1.74
islam,Quran,quran no wifi,5,,249,1,5.00
islam,Quran,quran quotes widget,5,,238,8,1.10
islam,Quran,quran translation in english,5,,239,7,1.16
islam,Quran,quran yoruba,5,,250,10,1.02
islam,Quran,tadabbur: quran journaling,5,,250,10,1.02
islam,Quran,quran islam muslim prayer kuran allah me,5,,240,2,2.29
islam,Quran,audio from,5,,226,159,0.52
islam,Quran,quran lock screen,5,51,249,3,1.74
islam,Quran,andorid,5,,237,100,0.57
islam,Quran,harun irjz,5,,241,10,1.02
islam,Quran,deenfocus,5,52,243,6,1.24
islam,Quran,quran notetaker,5,,242,1,5.00
islam,Quran,easy salat first,5,,235,22,0.80
islam,Quran,my test saaq,5,,217,20,0.82
islam,Quran,apk kindred,5,73,250,50,0.65
islam,Quran,app rencontre musulma n,5,,235,18,0.84
islam,Quran,app rencontre musulman,5,,229,14,0.91
islam,Quran,islam.app,5,,232,128,0.54
islam,Quran,muslim.app,5,,247,219,0.49
islam,Quran,Quran Widgets: Verses & Duas,5,,233,6,1.24
islam,Quran,easy qura,5,,250,122,0.55
islam,Quran,surat pendek al-quran,5,,241,5,1.34
islam,Quran,al quran majeed,5,59,250,49,0.66
islam,Quran,quran record,5,,246,3,1.74
islam,Quran,dhikr lock  dikr lock  muslim app blocke,5,,247,40,0.69
islam,Quran,full quran read recite offline,5,47,242,1,5.00
islam,Quran,gülsüm gungor,5,,167,6,1.24
islam,Quran,hly ercan sürücü kursu,5,,190,3,1.74
islam,Quran,quran & athan,5,,250,32,0.73
islam,Quran,quran quranly,5,49,250,2,2.29
islam,Quran,bsurprise company limited,5,,210,106,0.56
islam,Quran,amharic quran,5,,248,147,0.53
islam,Quran,mohammad bzeih,5,,223,3,1.74
islam,Quran,t30,5,,116,33,0.72
islam,Quran,muoola inc.,5,,249,66,0.62
islam,Quran,cheikhani ejiwene,5,,225,5,1.34
islam,Quran,ayberk ahmet,5,,201,5,1.34
islam,Quran,masrofi,5,,250,6,1.24
islam,Quran,smart recite,5,,245,28,0.75
islam,Quran,reading.com free,5,,248,100,0.57
islam,Quran,how read quran,5,,248,3,1.74
islam,Quran,learn islam app,5,,250,12,0.96
islam,Quran,ilm companion,5,,249,127,0.54
islam,Quran,clear +,5,,250,53,0.64
islam,Quran,airbnb.com,5,,248,247,0.48
islam,Quran,nouhayla elamrani,5,,249,48,0.66
islam,Quran,quran study app,5,,248,4,1.49
islam,Quran,i want to learn islam,5,,250,63,0.62
islam,Quran,quranlock,5,,250,46,0.67
islam,Quran,ayahlock,5,,249,15,0.89
islam,Quran,android device,,,234,167,
islam,Quran,der koran,,53,240,24,
islam,Quran,منتخب الأرجنتين لكرة القدم,,53,253,24,
islam,Quran,urdu calendar 2023*,,52,242,62,
islam,Quran,waktu adzan dan shalat,,68,244,1,
islam,Quran,al quran mp3 offline full 30 juz,,40,247,11,
islam,Quran,المصحف الذهبي القديم,,52,245,15,
islam,Quran,clear quran audio,,40,249,12,
islam,Quran,quran gnana vakyamulu,,45,250,13,
islam,Quran,yusuf islam yildirim,,46,249,153,
islam,Quran,dua e nudba,,50,250,216,
islam,Quran,quran nu,,47,239,3,
islam,Quran,rope%20swing,,,232,12,
islam,Quran,qurans,,,248,1,
islam,Quran,hindi quran,,,241,2,
islam,Quran,engliosh quran,,,237,1,
islam,Quran,quran sura,,,249,7,
islam,Quran,noor international quran app,,,250,2,
islam,Quran,nurcast: islamic podcast hub,,,232,11,
islam,Quran,quran audio player: quranify,,,237,4,
islam,Quran,read quran listen quran,,,237,10,
islam,Quran,east london mosque game app planner,,,237,21,
islam,Quran,quran tarjuma,,,242,1,
islam,Quran,muslim homeschool app,,,250,73,
islam,Quran,laden app,,,250,53,
islam,Quran,t-mobile internet mobile app,,,247,110,
islam,QiblaFinder,انستا,78,98,237,150,8.19
islam,QiblaFinder,اینستا,67,98,231,98,7.61
islam,QiblaFinder,ı,61,40,250,198,6.10
islam,QiblaFinder,انيتا,55,,231,98,6.25
islam,QiblaFinder,انسته,53,98,237,105,5.94
islam,QiblaFinder,compass time,51,49,250,127,5.52
islam,QiblaFinder,تيمز,50,,249,202,4.98
islam,QiblaFinder,boussole,48,50,241,20,7.87
islam,QiblaFinder,qibla finder,46,68,247,1,46.00
islam,QiblaFinder,bo,44,100,247,144,4.65
islam,QiblaFinder,qibla,44,68,249,5,11.77
islam,QiblaFinder,انست,41,97,250,48,5.40
islam,QiblaFinder,qibla boussole,40,53,248,1,40.00
islam,QiblaFinder,mekka kompass,26,57,247,9,5.49
islam,QiblaFinder,qibla kompass,20,48,250,3,6.97
islam,QiblaFinder,quibla,16,52,248,5,4.28
islam,QiblaFinder,horaires de prières,11,35,247,45,1.47
islam,QiblaFinder,horaire,9,50,245,194,0.90
islam,QiblaFinder,القبلة,9,59,250,174,0.92
islam,QiblaFinder,قبله نما,9,52,250,30,1.33
islam,QiblaFinder,qibla direction,8,67,249,5,2.14
islam,QiblaFinder,matiks,8,53,152,141,0.85
islam,QiblaFinder,pusula,7,55,250,26,1.07
islam,QiblaFinder,bla bla,7,59,249,97,0.80
islam,QiblaFinder,kibla,7,63,249,3,2.44
islam,QiblaFinder,bussola,6,51,240,37,0.84
islam,QiblaFinder,app for ted talks,5,85,233,153,0.52
islam,QiblaFinder,ji,5,78,241,158,0.52
islam,QiblaFinder,islamic finder,5,55,250,12,0.96
islam,QiblaFinder,tech watch,5,87,247,67,0.61
islam,QiblaFinder,watch tech,5,87,246,58,0.63
islam,QiblaFinder,horaires me,5,84,250,123,0.54
islam,QiblaFinder,ipad finder,5,75,249,222,0.49
islam,QiblaFinder,finde,5,56,245,182,0.51
islam,QiblaFinder,kaba,5,64,249,17,0.86
islam,QiblaFinder,kaaba,5,67,250,19,0.83
islam,QiblaFinder,horaires,5,52,245,175,0.51
islam,QiblaFinder,ticaret,5,48,250,219,0.49
islam,QiblaFinder,boussole qibla,5,56,249,3,1.74
islam,QiblaFinder,kible,5,40,250,3,1.74
islam,QiblaFinder,qibla compass,5,68,249,6,1.24
islam,QiblaFinder,qibla director,5,45,249,11,0.98
islam,QiblaFinder,qibla compass kaaba locator,5,53,241,28,0.75
islam,QiblaFinder,dikr moulid,5,48,250,8,1.10
islam,QiblaFinder,live mecca,5,89,242,85,0.58
islam,QiblaFinder,qibla connect,5,61,250,16,0.87
islam,QiblaFinder,al qibla,5,48,248,7,1.16
islam,QiblaFinder,qibla app,5,62,250,5,1.34
islam,QiblaFinder,islamic compass,5,49,247,5,1.34
islam,QiblaFinder,find qibla,5,58,250,3,1.74
islam,QiblaFinder,mecca compass,5,54,250,122,0.55
islam,QiblaFinder,قبله,5,52,250,238,0.48
islam,QiblaFinder,qebla,5,54,250,4,1.49
islam,QiblaFinder,find mecca,5,57,250,5,1.34
islam,QiblaFinder,qiblah,5,69,250,4,1.49
islam,QiblaFinder,alqibla,5,61,250,16,0.87
islam,QiblaFinder,gheble,5,42,74,32,0.73
islam,QiblaFinder,horaire de priere,5,47,246,39,0.69
islam,QiblaFinder,horaire priere,5,58,247,31,0.73
islam,QiblaFinder,qibla finder offline,5,54,245,8,1.10
islam,QiblaFinder,360 qibla direction,5,36,242,51,0.65
islam,QiblaFinder,кибла намаз,5,50,155,12,0.96
islam,QiblaFinder,qibla richtung,5,48,250,24,0.78
islam,QiblaFinder,idhikr,5,47,250,90,0.58
islam,QiblaFinder,kiblat kompas,5,51,248,1,5.00
islam,QiblaFinder,mekka,5,66,207,21,0.81
islam,QiblaFinder,qibla location,5,52,246,25,0.77
islam,QiblaFinder,коран и сунна,5,48,234,209,0.50
islam,QiblaFinder,кибла,5,50,250,12,0.96
islam,QiblaFinder,finders,5,65,230,17,0.86
islam,QiblaFinder,findr,5,85,247,153,0.52
islam,QiblaFinder,рамадан,5,51,235,69,0.61
islam,QiblaFinder,namaz reminder,5,,246,180,0.51
islam,QiblaFinder,daily qibla,5,42,250,85,0.58
islam,QiblaFinder,kıble,5,49,250,2,2.29
islam,QiblaFinder,diyanet takvimi,5,40,192,38,0.70
islam,QiblaFinder,kible yönü,5,,208,1,5.00
islam,QiblaFinder,kabe,5,54,218,1,5.00
islam,QiblaFinder,findet,5,48,222,202,0.50
islam,QiblaFinder,imsakiye,5,48,249,181,0.51
islam,QiblaFinder,i̇msakiye,5,40,236,61,0.63
islam,QiblaFinder,vakti,5,54,240,185,0.51
islam,QiblaFinder,ramazan vakti,5,40,250,34,0.71
islam,QiblaFinder,kıble yönü,5,55,249,2,2.29
islam,QiblaFinder,kibla kompas,5,53,248,7,1.16
islam,QiblaFinder,kıble pusulası,5,51,198,2,2.29
islam,QiblaFinder,قرآن pro,5,57,249,140,0.53
islam,QiblaFinder,القرآن المجيد,5,55,250,227,0.49
islam,QiblaFinder,القران المجيد,5,53,250,236,0.49
islam,QiblaFinder,naskh,5,47,247,103,0.56
islam,QiblaFinder,قرآن,5,68,248,67,0.61
islam,QiblaFinder,киблы,5,49,245,4,1.49
islam,QiblaFinder,намаза  время,5,47,247,51,0.65
islam,QiblaFinder,horaires des prières,5,56,248,36,0.70
islam,QiblaFinder,qiblə,5,58,250,13,0.93
islam,QiblaFinder,qaba,5,,218,4,1.49
islam,QiblaFinder,kompas kiblat,5,56,249,2,2.29
islam,QiblaFinder,arah kiblat dan waktu sholat,5,52,250,2,2.29
islam,QiblaFinder,waktu salat,5,48,247,51,0.65
islam,QiblaFinder,اور قبلہ,5,42,219,1,5.00
islam,QiblaFinder,finder find,5,81,249,85,0.58
islam,QiblaFinder,ramadan qibla,5,40,248,12,0.96
islam,QiblaFinder,qibla vinder,5,52,248,6,1.24
islam,QiblaFinder,qibla-kompass,5,55,250,83,0.59
islam,QiblaFinder,qibla sucher,5,47,250,23,0.79
islam,QiblaFinder,(horaires,5,44,242,165,0.52
islam,QiblaFinder,ramadão,5,40,244,203,0.50
islam,QiblaFinder,qibla direção,5,44,248,4,1.49
islam,QiblaFinder,qibla está,5,54,248,37,0.70
islam,QiblaFinder,qibla mostrará,5,56,238,11,0.98
islam,QiblaFinder,ramadã,5,40,239,230,0.49
islam,QiblaFinder,kaaba compass,5,67,250,133,0.54
islam,QiblaFinder,times qibla,5,48,244,57,0.63
islam,QiblaFinder,qibla athan,5,51,243,117,0.55
islam,QiblaFinder,kıble yönü pusulası,5,97,134,11,0.98
islam,QiblaFinder,qible,5,60,248,4,1.49
islam,QiblaFinder,qibla kompas,5,39,249,7,1.16
islam,QiblaFinder,qiblə tapan,5,41,245,9,1.06
islam,QiblaFinder,молитва,5,90,250,168,0.51
islam,QiblaFinder,намаз времена,5,43,248,52,0.65
islam,QiblaFinder,езан времена,5,28,56,3,1.74
islam,QiblaFinder,mecca direction,5,42,249,14,0.91
islam,QiblaFinder,qibla-finder,5,52,239,43,0.68
islam,QiblaFinder,kaaba finder,5,59,249,22,0.80
islam,QiblaFinder,offline qibla,5,55,250,11,0.98
islam,QiblaFinder,kompassi,5,45,245,56,0.64
islam,QiblaFinder,bússola,5,33,241,23,0.79
islam,QiblaFinder,busolă,5,70,247,50,0.65
islam,QiblaFinder,เข็มทิศ,5,81,250,82,0.59
islam,QiblaFinder,mecca tourism guide,5,18,249,243,0.48
islam,QiblaFinder,пешая навигация,5,88,249,201,0.50
islam,QiblaFinder,اتجاه القبلة الدقيق,5,51,245,183,0.51
islam,QiblaFinder,القبلة ربط البحث عن اتجاه,5,84,271,122,0.55
islam,QiblaFinder,diyanet radyo,5,42,235,30,0.74
islam,QiblaFinder,qibl,5,68,249,3,1.74
islam,QiblaFinder,bulma,5,74,220,111,0.55
islam,QiblaFinder,time qibla,5,40,243,47,0.66
islam,QiblaFinder,kaaba direction,5,,214,12,0.96
islam,QiblaFinder,qibla compass-,5,44,240,45,0.67
islam,QiblaFinder,compass- qibla,5,57,241,15,0.89
islam,QiblaFinder,vakti namaz,5,44,245,148,0.53
islam,QiblaFinder,find watch,5,,241,47,0.66
islam,QiblaFinder,coran musulman,5,40,248,83,0.59
islam,QiblaFinder,direction qibla,5,50,240,8,1.10
islam,QiblaFinder,işin,5,88,249,88,0.58
islam,QiblaFinder,מצפן,5,79,249,96,0.57
islam,QiblaFinder,מצפן תפילה,5,89,249,33,0.72
islam,QiblaFinder,qiblat,5,58,249,3,1.74
islam,QiblaFinder,انتستا,5,98,238,151,0.52
islam,QiblaFinder,direction app,5,73,209,23,0.79
islam,QiblaFinder,my mecca app,5,,248,14,0.91
islam,QiblaFinder,kiblat-,5,48,95,16,0.87
islam,QiblaFinder,direction finder,5,,250,213,0.49
islam,QiblaFinder,bộ,5,95,234,54,0.64
islam,QiblaFinder,navegacao,5,92,234,226,0.49
islam,QiblaFinder,امساكية,5,48,165,60,0.63
islam,QiblaFinder,al-qur'an lengkap,5,48,240,72,0.60
islam,QiblaFinder,kıble bulma pusulası diyanet,5,28,6,2,2.29
islam,QiblaFinder,qibşa compass,5,51,246,1,5.00
islam,QiblaFinder,free qibla finder,5,50,250,4,1.49
islam,QiblaFinder,kiblat finder,5,54,249,1,5.00
islam,QiblaFinder,qiibla,5,52,250,5,1.34
islam,QiblaFinder,kiblat finder pro,5,58,230,19,0.83
islam,QiblaFinder,aplikasi kiblat,5,53,218,1,5.00
islam,QiblaFinder,imsakiyah 2023,5,50,250,241,0.48
islam,QiblaFinder,fdfd,5,73,245,158,0.52
islam,QiblaFinder,يقابل,5,51,245,6,1.24
islam,QiblaFinder,ted talks podcasts,5,84,228,55,0.64
islam,QiblaFinder,قابل,5,49,246,4,1.49
islam,QiblaFinder,قابل الناس عبر الإنترنت,5,84,272,206,0.50
islam,QiblaFinder,azimuth,5,,202,29,0.74
islam,QiblaFinder,halal tag finder,5,26,230,67,0.61
islam,QiblaFinder,kompas qiblat,5,52,250,1,5.00
islam,QiblaFinder,.i,5,98,229,22,0.80
islam,QiblaFinder,qiblat solat,5,52,250,14,0.91
islam,QiblaFinder,qiblat direction,5,56,249,5,1.34
islam,QiblaFinder,qiblat finder,5,56,249,1,5.00
islam,QiblaFinder,ainder,5,64,236,38,0.70
islam,QiblaFinder,aplikasi adzan 5 waktu otomatis,5,41,249,30,0.74
islam,QiblaFinder,Kible pusulası,5,40,24,1,5.00
islam,QiblaFinder,qiblat compass,5,57,249,7,1.16
islam,QiblaFinder,qiblla,5,52,248,5,1.34
islam,QiblaFinder,athan qiblaquran,5,,250,12,0.96
islam,QiblaFinder,kible bulma pusulası,5,39,12,3,1.74
islam,QiblaFinder,kiblat kompas dan waktu sholat,5,50,248,6,1.24
islam,QiblaFinder,kiblat kompas dan waktu solat malaysia,5,38,201,9,1.06
islam,QiblaFinder,arah qiblat,5,53,246,3,1.74
islam,QiblaFinder,方向,5,52,216,2,2.29
islam,QiblaFinder,指南针app,5,43,241,15,0.89
islam,QiblaFinder,kibl,5,37,53,4,1.49
islam,QiblaFinder,iqup,5,59,250,2,2.29
islam,QiblaFinder,qiblat kompas,5,54,247,1,5.00
islam,QiblaFinder,kompas arah kiblat,5,46,234,2,2.29
islam,QiblaFinder,Penunjuk Kiblat,5,,239,2,2.29
islam,QiblaFinder,القرآن,5,57,248,103,0.56
islam,QiblaFinder,Finf app,5,77,243,127,0.54
islam,QiblaFinder,finf,5,,237,164,0.52
islam,QiblaFinder,qilba finder,5,62,249,1,5.00
islam,QiblaFinder,quriky,5,49,234,21,0.81
islam,QiblaFinder,namazstart,5,,236,99,0.57
islam,QiblaFinder,horaires de priere,5,45,247,66,0.62
islam,QiblaFinder,find qibla now تحديد القبلة الآن,5,58,249,22,0.80
islam,QiblaFinder,Finding Time,5,91,239,228,0.49
islam,QiblaFinder,qirat,5,64,239,12,0.96
islam,QiblaFinder,watch-i,5,61,244,36,0.70
islam,QiblaFinder,ipray - adhan dhikr quran,5,60,250,55,0.64
islam,QiblaFinder,zikirsay - islamic dhikr app,5,44,250,115,0.55
islam,QiblaFinder,tasbih counter: dhikr app 3d,5,42,247,235,0.49
islam,QiblaFinder,dhikr counter platinum,5,48,250,206,0.50
islam,QiblaFinder," مسلم برو	",5,38,245,104,0.56
islam,QiblaFinder,old compass,5,32,233,149,0.53
islam,QiblaFinder,arah kiblat muslim,5,60,246,105,0.56
islam,QiblaFinder,qibla compass ar,5,62,244,1,5.00
islam,QiblaFinder,qibla finder compass,5,60,244,11,0.98
islam,QiblaFinder,golden full adan,5,57,250,15,0.89
islam,QiblaFinder,muslimtoolbox https,5,44,250,82,0.59
islam,QiblaFinder,muslim council - calgary,5,44,250,157,0.52
islam,QiblaFinder,muslim directory: qibla,5,53,248,63,0.62
islam,QiblaFinder,muslim flat finder,5,58,248,9,1.06
islam,QiblaFinder,new muslim guide line,5,42,249,99,0.57
islam,QiblaFinder,masjidbrio | muslim hub,5,46,250,101,0.56
islam,QiblaFinder,muslim: qibla,5,31,248,226,0.49
islam,QiblaFinder,muslim quest: mindful living,5,44,250,247,0.48
islam,QiblaFinder,muslim time: quran athan qibla,5,32,249,217,0.49
islam,QiblaFinder,hisnul muslim tagalog,5,32,250,119,0.55
islam,QiblaFinder,muslim up qibla,5,38,248,105,0.56
islam,QiblaFinder,muslim xplore,5,61,250,220,0.49
islam,QiblaFinder,qibla finder & qibla compass,5,53,244,4,1.49
islam,QiblaFinder,i-qibla,5,54,248,1,5.00
islam,QiblaFinder,qibla-ar + prayer times,5,63,250,69,0.61
islam,QiblaFinder,qibla ar augmented reality,5,48,247,17,0.86
islam,QiblaFinder,qibla application,5,56,244,16,0.87
islam,QiblaFinder,alim: islamic ai,5,49,250,90,0.58
islam,QiblaFinder,gopray- qibla and prayer times,5,47,250,23,0.79
islam,QiblaFinder,islam app: qibla ar+prayers,5,55,250,25,0.77
islam,QiblaFinder,isalam: qibla compass,5,57,249,35,0.71
islam,QiblaFinder,qibla connect® - salah times,5,49,250,2,2.29
islam,QiblaFinder,qibla compass - direction find,5,56,241,15,0.89
islam,QiblaFinder,qibla compass accurate,5,59,243,69,0.61
islam,QiblaFinder,qibla compass-find direction,5,59,241,15,0.89
islam,QiblaFinder,qibla direction compass finder,5,52,243,12,0.96
islam,QiblaFinder,qibla direction & compass,5,56,245,14,0.91
islam,QiblaFinder,find qibla - dhikrmatic,5,57,244,15,0.89
islam,QiblaFinder,finder qibla direction compass,5,56,243,8,1.10
islam,QiblaFinder,jamaat qibla direction,5,54,239,4,1.49
islam,QiblaFinder,prayer times & qibla direction,5,47,248,159,0.52
islam,QiblaFinder,qibla easy finder ar,5,55,249,2,2.29
islam,QiblaFinder,qibla exact compass,5,53,244,53,0.64
islam,QiblaFinder,qibla finder compass 100%,5,53,244,9,1.06
islam,QiblaFinder,qibla finder and qibla locator,5,56,241,9,1.06
islam,QiblaFinder,qibla-find makkah direction,5,55,250,60,0.63
islam,QiblaFinder,qibla finder- qibla compass,5,58,240,9,1.06
islam,QiblaFinder,qibla ifinder,5,53,248,1,5.00
islam,QiblaFinder,qibla master,5,49,249,10,1.02
islam,QiblaFinder,my qibla muslim,5,51,249,132,0.54
islam,QiblaFinder,qibla & more,5,48,250,14,0.91
islam,QiblaFinder,trueqibla pro: qibla navigator,5,53,244,5,1.34
islam,QiblaFinder,qibla pro - prayer direction,5,53,249,126,0.54
islam,QiblaFinder,qibla precise,5,51,250,41,0.68
islam,QiblaFinder,islamhq: quran,5,53,250,13,0.93
islam,QiblaFinder,find qibla plus - dhikrmatic,5,51,249,9,1.06
islam,QiblaFinder,ramadan 2023 qibla & prayers,5,54,248,102,0.56
islam,QiblaFinder,azan time quran qibla finder,5,51,247,9,1.06
islam,QiblaFinder,qibla&quran,5,42,248,72,0.60
islam,QiblaFinder,quran - by quran.com - قرآن,5,56,246,172,0.51
islam,QiblaFinder,al quran nabil ar rifai mp3,5,56,247,73,0.60
islam,QiblaFinder,quran warsh by kfgqpc,5,54,249,61,0.63
islam,QiblaFinder,islam elsharkawy,5,55,250,70,0.61
islam,QiblaFinder,islam intel,5,52,250,76,0.60
islam,QiblaFinder,eshatul islam masjid,5,44,249,124,0.54
islam,QiblaFinder,md saiful islam shohel,5,48,250,74,0.60
islam,QiblaFinder,dua and azkaar |quran |sunnah,5,47,248,54,0.64
islam,QiblaFinder,313 aif : coran dua calendrier,5,46,250,53,0.64
islam,QiblaFinder,daily dua: recall allah,5,48,250,144,0.53
islam,QiblaFinder,zikrapp: tasbih,5,57,250,61,0.63
islam,QiblaFinder,sabha: tasbih and adhkar,5,44,249,163,0.52
islam,QiblaFinder,jannaty: heaven & dhikr islam,5,58,250,81,0.59
islam,QiblaFinder,islamic quiz & tasbeeh counter,5,47,248,204,0.50
islam,QiblaFinder,dikr: azkar & qibla finder app,5,53,249,3,1.74
islam,QiblaFinder,dhikr counter - qibla finder,5,51,250,13,0.93
islam,QiblaFinder,dhikr & du`aa',5,51,250,66,0.62
islam,QiblaFinder,dhikr - discover inner peace,5,40,250,179,0.51
islam,QiblaFinder,deluxe tasbih,5,47,250,188,0.50
islam,QiblaFinder,tesbaah,5,42,250,93,0.57
islam,QiblaFinder,records tasbeeh,5,56,250,17,0.86
islam,QiblaFinder,hendhunaa,5,50,250,7,1.16
islam,QiblaFinder,haveeruge,5,50,250,8,1.10
islam,QiblaFinder,dhikr list screen,5,45,250,153,0.52
islam,QiblaFinder,""" مسلم برو """,5,52,245,104,0.56
islam,QiblaFinder,اتجاه القبل,5,61,246,210,0.50
islam,QiblaFinder,ted talks podcast,5,86,234,204,0.50
islam,QiblaFinder,AR location,5,42,203,76,0.60
islam,QiblaFinder,namaz imsakiyesi,5,40,248,107,0.56
islam,QiblaFinder,搜尋,5,92,241,241,0.48
islam,QiblaFinder,review finder,5,93,238,50,0.65
islam,QiblaFinder,find time,5,79,232,83,0.59
islam,QiblaFinder,quran i,5,49,244,124,0.54
islam,QiblaFinder,compaq,5,78,234,173,0.51
islam,QiblaFinder,halalchecker ai: label scanner,5,72,235,81,0.59
islam,QiblaFinder,city compass,5,66,232,18,0.84
islam,QiblaFinder,qıble,5,52,250,5,1.34
islam,QiblaFinder,địa phương,5,82,85,16,0.87
islam,QiblaFinder,muhammad shabeer,5,1,232,33,0.72
islam,QiblaFinder,deeny islam chat,5,39,250,24,0.78
islam,QiblaFinder,روکو,5,74,250,186,0.51
islam,QiblaFinder,la be apps,5,87,246,229,0.49
islam,QiblaFinder,time compass,5,73,249,139,0.53
islam,QiblaFinder,qibla finder: qibla compass,5,,241,10,1.02
islam,QiblaFinder,hajj metaverse,5,47,246,70,0.61
islam,QiblaFinder,noorai: muslim ai assistant,5,47,250,51,0.65
islam,QiblaFinder,metaverse technology fz-llc,5,49,250,11,0.98
islam,QiblaFinder,tasbig counter,5,,236,199,0.50
islam,QiblaFinder,qibla finder #1,5,56,247,17,0.86
islam,QiblaFinder,qibla finde,5,66,247,1,5.00
islam,QiblaFinder,cómpass,5,,138,79,0.59
islam,QiblaFinder,qibla%20finder,5,53,243,24,0.78
islam,QiblaFinder,scan%20halal,5,58,234,165,0.52
islam,QiblaFinder,qibla%20direction,5,45,244,20,0.82
islam,QiblaFinder,oodi%20%D8%A3%D9%88%D9%88%D8%AF%D9%8A,5,29,248,243,0.48
islam,QiblaFinder,find%20iphone,5,83,247,160,0.52
islam,QiblaFinder,sunnah%20match,5,48,239,76,0.60
islam,QiblaFinder,bini%20bambini,5,57,235,51,0.65
islam,QiblaFinder,petunjuk kiblat,5,54,206,2,2.29
islam,QiblaFinder,island%20widgets,5,46,250,46,0.67
islam,QiblaFinder,find%20my%20apple%20watch,5,82,249,162,0.52
islam,QiblaFinder,adhan%20app,5,54,250,230,0.49
islam,QiblaFinder,salahtracker,5,50,248,206,0.50
islam,QiblaFinder,salah accountability app,5,40,249,237,0.49
islam,QiblaFinder,islami tabu,5,,241,27,0.76
islam,QiblaFinder,muraja’ah,5,,216,15,0.89
islam,QiblaFinder,islamic daily app,5,,233,18,0.84
islam,QiblaFinder,ar compass,5,,243,213,0.49
islam,QiblaFinder,findi,5,,229,185,0.51
islam,QiblaFinder,hadith identifier,5,,233,90,0.58
islam,QiblaFinder,comapss,5,,236,185,0.51
islam,QiblaFinder,life find,5,,213,192,0.50
islam,QiblaFinder,youness abou el ouard,5,38,223,49,0.66
islam,QiblaFinder,ai qibla,5,,237,34,0.71
islam,QiblaFinder,qurq fqr ing,5,,244,17,0.86
islam,QiblaFinder,qadr,5,,234,33,0.72
islam,QiblaFinder,ayah widget,5,,225,25,0.77
islam,QiblaFinder,quibal direction,5,,239,22,0.80
islam,QiblaFinder,scan haram,5,,240,223,0.49
islam,QiblaFinder,halal scanner:,5,50,238,187,0.51
islam,QiblaFinder,halal check: al scanner,5,,231,97,0.57
islam,QiblaFinder,guarang radadiya,5,,202,26,0.76
islam,QiblaFinder,tasbih counter lite dhikrs,5,,243,129,0.54
islam,QiblaFinder,tasbih counter lite dhikr,5,,244,136,0.53
islam,QiblaFinder,tasbih counter pro dhikrs,5,,238,141,0.53
islam,QiblaFinder,tasbih counter tasbihcounts,5,,240,140,0.53
islam,QiblaFinder,tasbeeh digital counter,5,,223,145,0.53
islam,QiblaFinder,tasbih counter pros,5,,234,64,0.62
islam,QiblaFinder,tasbeeh counter tasbih,5,,240,143,0.53
islam,QiblaFinder,counter tasbih zikrs,5,,240,97,0.57
islam,QiblaFinder,tasbeeh counter tasbihs,5,,240,150,0.52
islam,QiblaFinder,tasbih tasbeeh digital counters,5,,231,102,0.56
islam,QiblaFinder,tasbih counter misbaha,5,,244,61,0.63
islam,QiblaFinder,tasbeeh counter tasbih tap,5,,231,154,0.52
islam,QiblaFinder,tasbih counter tasbihcount,5,,243,114,0.55
islam,QiblaFinder,tasbeeh counter tally tasbih,5,,231,166,0.52
islam,QiblaFinder,zikr tasbeeh counters,5,,232,110,0.56
islam,QiblaFinder,tasbih zikr tasbeeh,5,,236,88,0.58
islam,QiblaFinder,kabaa,5,,244,7,1.16
islam,QiblaFinder,secde,5,,9,1,5.00
islam,QiblaFinder,ramazan davulu,5,44,190,29,0.74
islam,QiblaFinder,compass test,5,38,242,164,0.52
islam,QiblaFinder,**compass,5,42,228,173,0.51
islam,QiblaFinder,mesbahi ar drawing,5,,245,33,0.72
islam,QiblaFinder,qanda app,5,49,246,201,0.50
islam,QiblaFinder,tasbeeh unlock,5,,226,55,0.64
islam,QiblaFinder,halalformosa,5,,234,48,0.66
islam,QiblaFinder,aku muslim,5,,244,232,0.49
islam,QiblaFinder,salat firs,5,,229,176,0.51
islam,QiblaFinder,al quran abdullahi abba zaria,5,,241,118,0.55
islam,QiblaFinder,accurate qibla compass,5,,213,38,0.70
islam,QiblaFinder,brilliant qa,5,,216,34,0.71
islam,QiblaFinder,calculate zakat complete,5,,232,52,0.65
islam,QiblaFinder,clean qibla compass,5,,214,11,0.98
islam,QiblaFinder,comment on this hieroglyph,5,,191,67,0.61
islam,QiblaFinder,compass-qibla free,5,,250,32,0.73
islam,QiblaFinder,comprehensive islamic library,5,,231,109,0.56
islam,QiblaFinder,comprehensive supplications,5,,237,48,0.66
islam,QiblaFinder,event qibla,5,,249,25,0.77
islam,QiblaFinder,find er,5,,215,48,0.66
islam,QiblaFinder,islamify: hourly devotional,5,,239,102,0.56
islam,QiblaFinder,proposal: muslim marriage,5,,240,189,0.50
islam,QiblaFinder,qibla direction qibla finder,5,,234,7,1.16
islam,QiblaFinder,qibla direction: precision,5,,242,37,0.70
islam,QiblaFinder,target khatam,5,,232,100,0.57
islam,QiblaFinder,brother kashif ali,5,,235,56,0.64
islam,QiblaFinder,deenfocus,5,52,243,49,0.66
islam,QiblaFinder,halal scanner app,5,,230,105,0.56
islam,QiblaFinder,compass finder,5,54,244,26,0.76
islam,QiblaFinder,easy salat first,5,,235,113,0.55
islam,QiblaFinder,ramen finder,5,,205,47,0.66
islam,QiblaFinder,app rencontre musulma n,5,,235,15,0.89
islam,QiblaFinder,qiblafinder,5,,230,54,0.64
islam,QiblaFinder,surat pendek al-quran,5,,241,185,0.51
islam,QiblaFinder,dhikr counter+,5,,226,215,0.49
islam,QiblaFinder,oye teknoloji,5,,243,167,0.52
islam,QiblaFinder,dhikr lock  dikr lock  muslim app blocke,5,,247,79,0.59
islam,QiblaFinder,prayer times(salat timing) & qibla direc,5,,238,24,0.78
islam,QiblaFinder,compass app qibla finder,5,,221,7,1.16
islam,QiblaFinder,compass app & qibla locator,5,,214,9,1.06
islam,QiblaFinder,kibla direction,5,,207,6,1.24
islam,QiblaFinder,qibla finder 100,5,,246,17,0.86
islam,QiblaFinder,mohammad bzeih,5,,223,40,0.69
islam,QiblaFinder,ayberk ahmet,5,,201,35,0.71
islam,QiblaFinder,kibla finde,5,,249,1,5.00
islam,QiblaFinder,zikirmetre vird: prayer widget,5,52,250,118,0.55
islam,QiblaFinder,where muslims marry,5,,248,229,0.49
islam,QiblaFinder,ilm companion,5,,249,56,0.64
islam,QiblaFinder,compass app & qibla direction,5,,236,9,1.06
islam,QiblaFinder,ayahlock,5,,249,80,0.59
islam,QiblaFinder,qibla direction gratuit,,33,36,1,
islam,QiblaFinder,qibla kompass kostenlos,,33,237,2,
islam,QiblaFinder,бла бла кар,,,183,80,
islam,QiblaFinder,qibla finder kostenlos,,47,247,16,
islam,QiblaFinder,imsakiyesi,,31,10,3,
islam,QiblaFinder,easy compass,,35,226,183,
islam,QiblaFinder,urdu calendar 2023*,,52,242,61,
islam,QiblaFinder,تهنئة بمناسبة رمضان,,45,225,8,
islam,QiblaFinder,دعاء دخول رمضان,,73,253,15,
islam,QiblaFinder,waktu adzan dan shalat,,68,244,55,
islam,QiblaFinder,kiblat kompas malaysia,,53,249,5,
islam,QiblaFinder,sur dua.com!,,55,230,97,
islam,QiblaFinder,azan malaysia automatik,,34,221,24,
islam,QiblaFinder,kible bulma pusulasi,,51,248,4,
islam,QiblaFinder,QİBLA,,57,250,5,
islam,QiblaFinder,arah kiblat malaysia,,36,194,5,
islam,QiblaFinder,rope%20swing,,,232,52,
islam,QiblaFinder,find%20my%20iphone%20apple,,,239,178,
islam,QiblaFinder,טיק,,,249,231,
islam,QiblaFinder,tasbih counter lites,,,242,89,
islam,QiblaFinder,counter tasbih zikr,,,237,107,
islam,QiblaFinder,tasbeeh counter tasbih zikrs,,,239,111,
islam,QiblaFinder,real tasbih counter misbahas,,,241,69,
islam,QiblaFinder,tasbeeh counter tasbih zikr,,,239,123,
islam,QiblaFinder,tasbih counter misbahas,,,244,57,
islam,QiblaFinder,tasbih counter pro dhikr,,,240,145,
islam,QiblaFinder,tasbih tasbeeh digitals,,,231,67,
islam,QiblaFinder,real tasbih counter misbaha,,,238,64,
islam,QiblaFinder,tasbih tasbeeh digital,,,238,80,
islam,QiblaFinder,dhikr counter tasbih pro,,,240,147,
islam,QiblaFinder,dhikr counter tasbih pros,,,242,130,
islam,QiblaFinder,counter tasbih pros,,,239,63,
islam,QiblaFinder,dhikr counter tasbihs,,,241,166,
islam,QiblaFinder,dhikr counter tasbih,,,243,156,
islam,QiblaFinder,tasbih zikr tasbeeh counter,,,234,123,
islam,QiblaFinder,tasbih zikr tasbeeh counters,,,238,115,
islam,QiblaFinder,zikr tasbeeh counter,,,230,119,
islam,QiblaFinder,tasbih zikr tasbeehs,,,235,78,
islam,QiblaFinder,east london mosque game app planner,,,237,31,
islam,QiblaFinder,kanal ölçüm,,,222,50,
islam,QiblaFinder,[shia toolkit],,,250,196,
islam,QiblaFinder,compass gratis,,,228,9,
islam,QiblaFinder,"compass app & qibla locator",,,221,7,
islam,QiblaFinder,banner finder,,,244,17,
islam,QiblaFinder,mecc,,,197,111,
islam,Athkar,a,62,97,246,212,6.13
islam,Athkar,quran,60,72,249,68,7.34
islam,Athkar,muslim pro,54,59,250,28,8.10
islam,Athkar,القران الكريم,53,60,250,55,6.78
islam,Athkar,athan,50,69,249,9,10.55
islam,Athkar,prayer times,48,66,249,177,4.89
islam,Athkar,برامج,47,97,250,36,6.62
islam,Athkar,تنزيل اغاني,46,82,247,131,4.95
islam,Athkar,اذكار الصباح والمساء,44,54,223,1,44.00
islam,Athkar,اذان,44,60,248,7,10.21
islam,Athkar,azkar,43,73,248,2,19.73
islam,Athkar,تطبيقات,43,98,247,33,6.19
islam,Athkar,اوقات الصلاة,42,65,250,8,9.26
islam,Athkar,athkar,42,59,249,1,42.00
islam,Athkar,الاذان,41,64,247,10,8.34
islam,Athkar,صلاتي,40,59,250,4,11.91
islam,Athkar,ايه,40,59,247,3,13.94
islam,Athkar,القران,40,63,247,7,9.28
islam,Athkar,ath,31,93,246,216,3.06
islam,Athkar,دعاء العهد,29,45,177,6,7.16
islam,Athkar,اذان الصلاة,28,55,250,10,5.69
islam,Athkar,اية,26,,242,5,6.96
islam,Athkar,qatar prayer,21,51,250,4,6.25
islam,Athkar,المؤذن,13,62,248,12,2.49
islam,Athkar,hadith collection,9,57,248,13,1.68
islam,Athkar,adhkar,9,64,250,1,9.00
islam,Athkar,alif,9,40,224,11,1.77
islam,Athkar,الله,9,59,249,5,2.41
islam,Athkar,haraj,9,,229,53,1.16
islam,Athkar,برنامج الاذان,8,62,250,20,1.31
islam,Athkar,adan,6,49,250,14,1.09
islam,Athkar,ختمة,6,63,250,2,2.75
islam,Athkar,adkar al muslim,6,45,244,2,2.75
islam,Athkar,صلاتك,6,62,248,5,1.61
islam,Athkar,تسبيح,6,51,249,9,1.27
islam,Athkar,مصلي,6,43,197,2,2.75
islam,Athkar,muslin pro,5,54,249,36,0.70
islam,Athkar,mislim pro,5,55,250,36,0.70
islam,Athkar,musilm pro,5,55,250,36,0.70
islam,Athkar,athan app,5,53,250,12,0.96
islam,Athkar,halal zulal,5,48,218,81,0.59
islam,Athkar,مسلم,5,66,247,5,1.34
islam,Athkar,salatuk,5,61,249,11,0.98
islam,Athkar,ayah,5,80,250,5,1.34
islam,Athkar,azan uk,5,45,249,201,0.50
islam,Athkar,golden quran المصحف الذهبي,5,42,51,7,1.16
islam,Athkar,quoran,5,56,248,125,0.54
islam,Athkar,free quran,5,56,248,13,0.93
islam,Athkar,تذكير,5,69,243,1,5.00
islam,Athkar,المطوف,5,,144,8,1.10
islam,Athkar,الاذكار,5,48,248,1,5.00
islam,Athkar,نختم,5,46,27,4,1.49
islam,Athkar,moslim pro,5,40,250,35,0.71
islam,Athkar,azan of makkah,5,52,249,131,0.54
islam,Athkar,azan for iphone,5,56,243,66,0.62
islam,Athkar,makkah,5,58,201,57,0.63
islam,Athkar,offline quran,5,60,247,13,0.93
islam,Athkar,salaat first,5,63,210,18,0.84
islam,Athkar,athan prayer times al quran,5,55,248,112,0.55
islam,Athkar,dua and azkar,5,70,244,27,0.76
islam,Athkar,adzan pro,5,53,246,120,0.55
islam,Athkar,آية,5,74,245,5,1.34
islam,Athkar,azan muslim,5,48,245,177,0.51
islam,Athkar,salaat,5,55,231,62,0.62
islam,Athkar,اذكار مسلم,5,46,250,2,2.29
islam,Athkar,рамадан,5,51,235,56,0.64
islam,Athkar,حصن,5,58,247,4,1.49
islam,Athkar,islamic calender,5,48,230,40,0.69
islam,Athkar,islamic reminders,5,,250,2,2.29
islam,Athkar,doua,5,45,216,18,0.84
islam,Athkar,namaz reminder,5,,246,198,0.50
islam,Athkar,صلاتي الاذان قران اذان azan,5,50,70,25,0.77
islam,Athkar,halal guide,5,61,236,159,0.52
islam,Athkar,duaa,5,59,248,3,1.74
islam,Athkar,islamic themes,5,,248,81,0.59
islam,Athkar,quran voice,5,56,245,33,0.72
islam,Athkar,holy koran,5,73,222,79,0.59
islam,Athkar,القران الكريم كاملا بدون انترنت,5,56,210,207,0.50
islam,Athkar,daily athan,5,44,237,178,0.51
islam,Athkar,ادعيه,5,44,249,2,2.29
islam,Athkar,read and listen quran,5,,239,237,0.49
islam,Athkar,muslim daily routine,5,,232,14,0.91
islam,Athkar,athkar أذكار,5,46,205,1,5.00
islam,Athkar,مؤذن ليبيا,5,51,247,3,1.74
islam,Athkar,mulim pro,5,52,250,31,0.73
islam,Athkar,zakat,5,71,225,102,0.56
islam,Athkar,اذكار النوم,5,51,250,2,2.29
islam,Athkar,مواقيت الصلاة مع الاذان,5,54,243,63,0.62
islam,Athkar,hijab,5,56,211,66,0.62
islam,Athkar,أوقات الصلاة,5,52,247,174,0.51
islam,Athkar,حصن المسلم اذكار الصباح و المساء,5,45,241,6,1.24
islam,Athkar,تطبيق اسلامي,5,49,250,2,2.29
islam,Athkar,أذان,5,63,247,14,0.91
islam,Athkar,ادان,5,39,248,7,1.16
islam,Athkar,قرآن pro,5,57,249,238,0.48
islam,Athkar,muslim pro ramadan 2020,5,40,241,218,0.49
islam,Athkar,الآذان,5,49,250,136,0.53
islam,Athkar,quarn,5,55,248,66,0.62
islam,Athkar,quran فارسی,5,40,38,16,0.87
islam,Athkar,ختمة القرآن الكريم,5,51,233,13,0.93
islam,Athkar,ختم,5,58,228,8,1.10
islam,Athkar,ختم القران,5,50,243,14,0.91
islam,Athkar,naskh,5,47,247,18,0.84
islam,Athkar,آذان,5,54,247,7,1.16
islam,Athkar,salati,5,70,227,45,0.67
islam,Athkar,islami özlü sözler,5,55,220,23,0.79
islam,Athkar,namaz fois,5,50,238,53,0.64
islam,Athkar,ازان,5,60,248,7,1.16
islam,Athkar,القبله والاتجاه في الصلاة,5,87,269,230,0.49
islam,Athkar,توقيت الصلاة,5,53,250,4,1.49
islam,Athkar,مواقيت الصلاة اليومية,5,44,71,8,1.10
islam,Athkar,برنامج الصلاة,5,55,250,80,0.59
islam,Athkar,مؤذن,5,63,236,8,1.10
islam,Athkar,الادان,5,65,237,15,0.89
islam,Athkar,سلام وقت,5,40,241,60,0.63
islam,Athkar,مواقيت,5,63,249,5,1.34
islam,Athkar,صلاتك salatuk,5,41,19,9,1.06
islam,Athkar,salatuk (prayer,5,87,250,104,0.56
islam,Athkar,ramadan timetable,5,35,236,161,0.52
islam,Athkar,ramadankalender,5,35,216,8,1.10
islam,Athkar,برنامج المؤذن,5,41,92,10,1.02
islam,Athkar,qibla athan,5,51,243,111,0.55
islam,Athkar,ramadan-kalender,5,54,240,159,0.52
islam,Athkar,ramadan kalender,5,40,239,153,0.52
islam,Athkar,رمضان 2021,5,34,233,42,0.68
islam,Athkar,تقويم رمضان,5,44,249,54,0.64
islam,Athkar,برنامج صلاة,5,54,250,4,1.49
islam,Athkar,صلاتي اوقات الصلاه والقبله,5,55,103,60,0.63
islam,Athkar,qiblə tapan,5,41,245,16,0.87
islam,Athkar,azan vaxtı,5,46,247,173,0.51
islam,Athkar,islamic meditation,5,70,221,8,1.10
islam,Athkar,تسبيح و استغفار,5,30,10,4,1.49
islam,Athkar,sibha,5,40,106,105,0.56
islam,Athkar,dhikir,5,45,244,65,0.62
islam,Athkar,اذكار الصباح,5,59,240,1,5.00
islam,Athkar,دعاء,5,60,250,1,5.00
islam,Athkar,hadith book,5,,212,20,0.82
islam,Athkar,adhkar app,5,56,250,1,5.00
islam,Athkar,الاذان الكامل,5,89,248,156,0.52
islam,Athkar,مباراة باريس سان جيرمان,5,91,272,252,0.48
islam,Athkar,المباراة القادمة باريس سان جيرمان,5,91,272,248,0.48
islam,Athkar,ramadan calendar iftar timing,5,44,245,122,0.55
islam,Athkar,مسلمة,5,,230,216,0.49
islam,Athkar,muslim pro quran athan prayer,5,53,248,193,0.50
islam,Athkar,المؤذن الالكتروني,5,37,34,14,0.91
islam,Athkar,رمضان كريم,5,58,249,6,1.24
islam,Athkar,(أدعية,5,51,235,159,0.52
islam,Athkar,تهاني رمضان,5,44,245,42,0.68
islam,Athkar,adthan,5,53,249,9,1.06
islam,Athkar,time azan,5,44,244,169,0.51
islam,Athkar,hisn,5,,81,63,0.62
islam,Athkar,تذكير الصلاة,5,45,249,2,2.29
islam,Athkar,والمساء,5,52,237,68,0.61
islam,Athkar,مذكرات,5,57,234,185,0.51
islam,Athkar,أدكاري,5,47,249,2,2.29
islam,Athkar,islamic calendar - muslim apps,5,46,229,30,0.74
islam,Athkar,المصلي الذهبي,5,54,249,9,1.06
islam,Athkar,وقت الصلاه,5,56,250,5,1.34
islam,Athkar,اوقات صلاه,5,57,250,7,1.16
islam,Athkar,وقت الاذان,5,56,248,118,0.55
islam,Athkar,تطبيق اذان,5,61,250,8,1.10
islam,Athkar,موعد الاذان,5,58,250,9,1.06
islam,Athkar,اذان+,5,88,250,4,1.49
islam,Athkar,منبه الصلاة,5,79,250,11,0.98
islam,Athkar,الى صلاتي,5,46,250,6,1.24
islam,Athkar,موذن السعودية,5,47,248,4,1.49
islam,Athkar,مؤذن السعودية,5,48,248,4,1.49
islam,Athkar,الاذكار اليومية,5,47,250,1,5.00
islam,Athkar,مواعيد الاذان,5,52,250,7,1.16
islam,Athkar,الاذان كامل,5,51,250,14,0.91
islam,Athkar,أذكاري,5,60,250,1,5.00
islam,Athkar,صلاتي حياتي-الصلاة والقبلة,5,55,116,100,0.57
islam,Athkar,اوقات الصلاة : مواقيت الصلاه,5,58,250,8,1.10
islam,Athkar,islam-pro,5,40,243,197,0.50
islam,Athkar,تذكير الاستغفار,5,68,23,6,1.24
islam,Athkar,دعاء رمضان,5,56,215,16,0.87
islam,Athkar,تطبيق للصلاة والأذان,5,42,54,14,0.91
islam,Athkar,حساب الصلاة,5,43,245,152,0.52
islam,Athkar,صلاتي حياتيالصلاة والقبلة,5,44,25,12,0.96
islam,Athkar,المؤذن,5,40,125,49,0.66
islam,Athkar,المصحف الذهبى,5,49,247,47,0.66
islam,Athkar,نختم المصحف بدون انترنت,5,32,16,4,1.49
islam,Athkar,صلاه,5,56,250,4,1.49
islam,Athkar,اذن,5,54,248,8,1.10
islam,Athkar,برنامج الصلاه,5,66,250,7,1.16
islam,Athkar,تطبيق أذكار,5,54,250,1,5.00
islam,Athkar,waktu salat di indonesia,5,46,214,31,0.73
islam,Athkar,jadwal azan,5,54,230,52,0.65
islam,Athkar,al-qur'an lengkap,5,48,240,83,0.59
islam,Athkar,download mushaf,5,62,230,24,0.78
islam,Athkar,quran malaysia,5,48,241,128,0.54
islam,Athkar,athan prayer times free,5,46,247,1,5.00
islam,Athkar,salat timing app,5,40,232,95,0.57
islam,Athkar,salat timing,5,72,226,106,0.56
islam,Athkar,zakat calculator,5,59,231,95,0.57
islam,Athkar,muslim salat time,5,65,247,121,0.55
islam,Athkar,prayer time salat,5,51,238,120,0.55
islam,Athkar,الكعبة,5,54,237,167,0.52
islam,Athkar,فرص,5,75,235,18,0.84
islam,Athkar,ramadan 2023,5,45,243,202,0.50
islam,Athkar,ramazan 2023,5,40,245,236,0.49
islam,Athkar,al-quran malaysia,5,43,239,67,0.61
islam,Athkar,azan solat,5,50,190,72,0.60
islam,Athkar,quran aplikasi,5,59,229,67,0.61
islam,Athkar,alquran aplikasi,5,40,247,214,0.49
islam,Athkar,وزن الام,5,90,244,73,0.60
islam,Athkar,net-,5,47,236,155,0.52
islam,Athkar,Muslim Muna: Prayer Time Quran,5,56,244,121,0.55
islam,Athkar,ipray adhan prayer qibla,5,41,240,22,0.80
islam,Athkar,االمصحف,5,40,226,85,0.58
islam,Athkar,audio alarm,5,64,201,165,0.52
islam,Athkar,قابل الناس عبر الإنترنت,5,84,272,84,0.59
islam,Athkar,توقيت الصلاه,5,40,68,3,1.74
islam,Athkar,namaz time quran english,5,52,246,146,0.53
islam,Athkar,quran english namaz time,5,57,244,152,0.52
islam,Athkar,أذكار وأدعية,5,44,249,2,2.29
islam,Athkar,الدعاء,5,58,250,5,1.34
islam,Athkar,موذني توقيت الصلاه,5,35,13,11,0.98
islam,Athkar,المصحف الذهبي بدون نت,5,41,13,9,1.06
islam,Athkar,moatheni,5,,32,22,0.80
islam,Athkar,halal tag finder,5,26,230,89,0.58
islam,Athkar,توقيت,5,,233,31,0.73
islam,Athkar,al quran rumi,5,48,240,231,0.49
islam,Athkar,منبه الاذان واوقات الصلاة,5,35,19,14,0.91
islam,Athkar,صلاتي اوقات الصلاه,5,36,51,18,0.84
islam,Athkar,الاذان مع مواعيد الصلاة,5,45,28,15,0.89
islam,Athkar,مؤذن السعوديه,5,44,249,5,1.34
islam,Athkar,مسجد,5,59,231,58,0.63
islam,Athkar,المؤذن بدون نت,5,40,126,85,0.58
islam,Athkar,اذان الصلاة بدون نت,5,44,15,12,0.96
islam,Athkar,اذان ومواقيت الصلاة,5,51,249,233,0.49
islam,Athkar,الاذان واوقات الصلاة,5,44,244,170,0.51
islam,Athkar,مواعيد الصلاة والاذان,5,46,36,22,0.80
islam,Athkar,halal tag,5,40,228,94,0.57
islam,Athkar,islamic art,5,38,208,33,0.72
islam,Athkar,quraran,5,70,248,78,0.59
islam,Athkar,wemuslim athan,5,41,221,23,0.79
islam,Athkar,al-quran offline,5,48,237,67,0.61
islam,Athkar,الصلاة قبلة,5,63,248,215,0.49
islam,Athkar,مسلم: اذان  القبلة  ذكر,5,49,250,45,0.67
islam,Athkar,azkary,5,56,207,1,5.00
islam,Athkar,أذكار الصباح والمساء,5,49,250,2,2.29
islam,Athkar,namazstart,5,,236,60,0.63
islam,Athkar,سنن,5,66,247,4,1.49
islam,Athkar,ramadan 2024,5,49,243,199,0.50
islam,Athkar,ذكر الله,5,52,250,3,1.74
islam,Athkar,ramadan azkar,5,50,217,7,1.16
islam,Athkar,أذكا,5,62,244,1,5.00
islam,Athkar,المؤمن حقيبة,5,55,42,23,0.79
islam,Athkar,ramadan fasting,5,58,223,92,0.58
islam,Athkar,muslim widget,5,,250,4,1.49
islam,Athkar,ramadan widget,5,50,250,3,1.74
islam,Athkar,islamic widget,5,39,250,1,5.00
islam,Athkar,adhan muslim prayer time app,5,39,250,43,0.68
islam,Athkar,athkar app,5,52,249,1,5.00
islam,Athkar,athkar اذكار المسلم,5,43,107,1,5.00
islam,Athkar,rakat,5,46,224,29,0.74
islam,Athkar," مسلم برو	",5,38,245,147,0.53
islam,Athkar,qurn,5,60,237,178,0.51
islam,Athkar,azkar prayer,5,48,249,77,0.60
islam,Athkar,islamic quotes motivation,5,,227,118,0.55
islam,Athkar,pro athan muslim,5,46,246,113,0.55
islam,Athkar,golden full adan,5,57,250,235,0.49
islam,Athkar,azkar quran athan,5,48,250,110,0.56
islam,Athkar,muslim: azan,5,48,245,127,0.54
islam,Athkar,muslim - athan,5,51,247,223,0.49
islam,Athkar,ramadan 2024 – muslim expert,5,40,249,230,0.49
islam,Athkar,muslim world,5,53,244,218,0.49
islam,Athkar,islam app: qibla ar+prayers,5,55,250,139,0.53
islam,Athkar,muslim pro: azan,5,52,246,117,0.55
islam,Athkar,salat: azan,5,42,247,64,0.62
islam,Athkar,athan +,5,51,250,115,0.55
islam,Athkar,athan: full athan,5,41,48,43,0.68
islam,Athkar,athan : muslim prayer times,5,46,244,90,0.58
islam,Athkar,prayer times: pro athan muslim,5,45,245,210,0.50
islam,Athkar,prayer times: athan pro muslim,5,49,247,163,0.52
islam,Athkar,qibla: ذكروني بـ صلاتي,5,19,1,1,5.00
islam,Athkar,islamic bundle: athan time pro,5,57,249,8,1.10
islam,Athkar,athan watch,5,47,247,84,0.59
islam,Athkar,quran quotes widget  | القرآن,5,55,207,32,0.73
islam,Athkar,quran quotes: ayah widgets,5,55,249,4,1.49
islam,Athkar,islam guide and prayer times,5,52,248,87,0.58
islam,Athkar,pro islam: ramadan 2017,5,44,241,212,0.49
islam,Athkar,islamic dua-daily muslim dua,5,44,248,38,0.70
islam,Athkar,daily quran verse,5,60,243,100,0.57
islam,Athkar,الباقيات أذكار-azkar albaqiyat,5,36,27,2,2.29
islam,Athkar,اذكار : azkar اذان رمضان,5,54,224,7,1.16
islam,Athkar,sibha سبحة,5,48,250,3,1.74
islam,Athkar,dhikr counter - tesbaah,5,42,250,48,0.66
islam,Athkar,azkary | أذكاري,5,34,10,1,5.00
islam,Athkar,azkary - اذكاري,5,35,10,8,1.10
islam,Athkar,azkar أذكار,5,46,245,6,1.24
islam,Athkar,azkar • اذكار : athan & prayer,5,47,126,14,0.91
islam,Athkar,azkar • اذكار,5,56,249,2,2.29
islam,Athkar,azkar count - أذكار بعد الصلاة,5,41,119,11,0.98
islam,Athkar,سبحان الله,5,43,192,12,0.96
islam,Athkar,zikar,5,56,250,2,2.29
islam,Athkar,hendhunaa,5,50,250,141,0.53
islam,Athkar,haveeruge,5,50,250,134,0.54
islam,Athkar,""" مسلم برو """,5,52,245,147,0.53
islam,Athkar,برنامج مواقيت الصلاة,5,60,250,191,0.50
islam,Athkar,nevermissfajr,5,32,30,20,0.82
islam,Athkar,مواقيت الصلاة الكويت,5,79,250,4,1.49
islam,Athkar,مؤذن الذهبي,5,44,20,6,1.24
islam,Athkar,salatuk - صلاتك,5,42,20,8,1.10
islam,Athkar,fajr prayer,5,53,241,3,1.74
islam,Athkar,اذان القبله,5,47,249,117,0.55
islam,Athkar,اذكار بعد الصلاة,5,47,250,1,5.00
islam,Athkar,اذكار التحصين,5,44,250,1,5.00
islam,Athkar,اذكار قبل النوم,5,46,250,2,2.29
islam,Athkar,اذكار يوم الجمعة,5,44,250,10,1.02
islam,Athkar,اذكار للمسلمين,5,42,246,62,0.62
islam,Athkar,اذكار التسبيح,5,40,249,40,0.69
islam,Athkar,اذكار يومية,5,40,250,41,0.68
islam,Athkar,اذكار رمضان,5,44,247,7,1.16
islam,Athkar,اذكار دينية,5,46,249,5,1.34
islam,Athkar,أذكار بعد الصلاة,5,33,8,1,5.00
islam,Athkar,أذكار المسلم اليومية,5,40,248,17,0.86
islam,Athkar,أذكار النوم,5,49,250,2,2.29
islam,Athkar,أذكار الاستغفار,5,42,151,6,1.24
islam,Athkar,أذكار الحج والعمرة,5,38,64,5,1.34
islam,Athkar,أذكار بعد الأذان,5,20,1,1,5.00
islam,Athkar,برنامج تسبيح,5,42,215,174,0.51
islam,Athkar,quran afrilang,5,,234,82,0.59
islam,Athkar,تطبيق مسلم,5,41,238,6,1.24
islam,Athkar,حجاج,5,50,202,10,1.02
islam,Athkar,halal identifier,5,58,230,54,0.64
islam,Athkar,islamic dream,5,52,221,48,0.66
islam,Athkar,islamic dates,5,37,220,44,0.67
islam,Athkar,names of allah,5,41,210,97,0.57
islam,Athkar,quran khatma,5,57,246,112,0.55
islam,Athkar,muhammad shabeer,5,1,232,39,0.69
islam,Athkar,ramadan khatm,5,40,244,192,0.50
islam,Athkar,تفسير احلام,5,,201,14,0.91
islam,Athkar,surah quranic recitation tafsir kareem i,5,,241,189,0.50
islam,Athkar,mac,5,,241,164,0.52
islam,Athkar,quran qidget,5,,19,7,1.16
islam,Athkar,daily islamic verse,5,,234,56,0.64
islam,Athkar,muslim meditation,5,53,225,21,0.81
islam,Athkar,find halal food  scanner haram,5,95,229,160,0.52
islam,Athkar,dua%20and%20azkar,5,52,236,33,0.72
islam,Athkar,hollow%20prayer,5,61,245,44,0.67
islam,Athkar,muslim%20marriage,5,62,239,53,0.64
islam,Athkar,scan%20halal,5,58,234,106,0.56
islam,Athkar,islamic%20calendar,5,43,237,120,0.55
islam,Athkar,sunnah%20match,5,48,239,38,0.70
islam,Athkar,friday%20the%2013th,5,34,206,144,0.53
islam,Athkar,halal scanne,5,,230,149,0.53
islam,Athkar,azan time pro: holy quran 4+,5,56,249,82,0.59
islam,Athkar,athan%20pro,5,47,248,69,0.61
islam,Athkar,islamic%20prayer%20times,5,,243,49,0.66
islam,Athkar,muslim prayers tracker,5,57,244,24,0.78
islam,Athkar,muslm prayer,5,,245,29,0.74
islam,Athkar,salahapp,5,,68,11,0.98
islam,Athkar,daily ayat,5,,237,30,0.74
islam,Athkar,islami taboo,5,,231,34,0.71
islam,Athkar,islamic taboo,5,,234,52,0.65
islam,Athkar,halal ghosht checker,5,,233,94,0.57
islam,Athkar,minimal islamic prayer times,5,61,232,45,0.67
islam,Athkar,muraja’ah,5,,216,7,1.16
islam,Athkar,islamic daily app,5,,233,13,0.93
islam,Athkar,memorize ayah,5,,235,15,0.89
islam,Athkar,hadith identifier,5,,233,35,0.71
islam,Athkar,ayat identifier,5,,241,34,0.71
islam,Athkar,ruhi muslim meditation,5,,236,40,0.69
islam,Athkar,ihsan studios fz-llc,5,,237,23,0.79
islam,Athkar,islamic note,5,,240,2,2.29
islam,Athkar,misbahi,5,29,242,29,0.74
islam,Athkar,muslim prayer guide,5,41,236,12,0.96
islam,Athkar,muslim names,5,,202,64,0.62
islam,Athkar,azkar pro,5,51,247,119,0.55
islam,Athkar,my allah,5,,228,26,0.76
islam,Athkar,allahtu,5,,232,14,0.91
islam,Athkar,ذِكْر,5,45,248,68,0.61
islam,Athkar,ذِquran,5,,51,18,0.84
islam,Athkar,allah athkar,5,48,250,4,1.49
islam,Athkar,ayah widget,5,,225,2,2.29
islam,Athkar,3. halal check scanner,5,,233,138,0.53
islam,Athkar,tasbish,5,,239,178,0.51
islam,Athkar,halal checks,5,,226,94,0.57
islam,Athkar,tahfeedh quran,5,,243,34,0.71
islam,Athkar,scan haram,5,,240,147,0.53
islam,Athkar,muslim halal food,5,,228,101,0.56
islam,Athkar,revive the sunnah,5,,237,43,0.68
islam,Athkar,ezanpro,5,,234,36,0.70
islam,Athkar,taasbih,5,,244,213,0.49
islam,Athkar,duah,5,,231,17,0.86
islam,Athkar,time alone,5,,241,63,0.62
islam,Athkar,muslim dhi,5,,250,250,0.48
islam,Athkar,prayer times: widget & athan,5,,245,100,0.57
islam,Athkar,islamic habits,5,,236,41,0.68
islam,Athkar,islamic habit builder,5,,236,40,0.69
islam,Athkar,tasbeeh counter & reminder,5,,233,36,0.70
islam,Athkar,tasbih counter lite dhikrs,5,,243,125,0.54
islam,Athkar,tasbih counter lite dhikr,5,,244,134,0.54
islam,Athkar,tasbih counter pro dhikrs,5,,238,84,0.59
islam,Athkar,tasbih counter tasbihcounts,5,,240,133,0.54
islam,Athkar,tasbih counter tasbihcount,5,,243,76,0.60
islam,Athkar,adhan times muslim prayer,5,35,248,117,0.55
islam,Athkar,quran verse widget,5,,239,9,1.06
islam,Athkar,islam reminder,5,,242,67,0.61
islam,Athkar,ramadan 2026 widget,5,40,249,243,0.48
islam,Athkar,ramadan 2026 dua,5,40,250,248,0.48
islam,Athkar,period tracker for muslim,5,,228,26,0.76
islam,Athkar,islamic period tracker,5,,233,30,0.74
islam,Athkar,mesbahi ar drawing,5,,245,9,1.06
islam,Athkar,hindu prayer times,5,,240,47,0.66
islam,Athkar,krishna prayer times,5,,240,32,0.73
islam,Athkar,krishna prayer time,5,,241,29,0.74
islam,Athkar,apps for alternate day fasting,5,,239,62,0.62
islam,Athkar,muslim screen,5,51,250,65,0.62
islam,Athkar,quran  quran app  quran reading  quran m,5,,238,97,0.57
islam,Athkar,pray screen muslim,5,35,237,15,0.89
islam,Athkar,quran musl,5,,243,132,0.54
islam,Athkar,quran widgets premium,5,,246,59,0.63
islam,Athkar,verses and duas,5,,223,43,0.68
islam,Athkar,verse prayer islamic,5,,233,29,0.74
islam,Athkar,rerverse audi,5,,225,177,0.51
islam,Athkar,daily quran sura,5,,245,103,0.56
islam,Athkar,islaam,5,,249,42,0.68
islam,Athkar,quarn reminder,5,,179,27,0.76
islam,Athkar,daily arabic,5,,221,108,0.56
islam,Athkar,halalformosa,5,,234,36,0.70
islam,Athkar,arabic reading,5,,221,212,0.49
islam,Athkar,daily life arabic,5,,225,116,0.55
islam,Athkar,adhan plus,5,,198,44,0.67
islam,Athkar,aku muslim,5,,244,13,0.93
islam,Athkar,islami wallpaper,5,,204,150,0.52
islam,Athkar,salat firs,5,,229,69,0.61
islam,Athkar,salat firsr,5,,225,10,1.02
islam,Athkar,quran app lock,5,52,241,96,0.57
islam,Athkar,start with allah,5,52,238,69,0.61
islam,Athkar,المصلي اذان الصلاة اذكار ختمه,5,,17,7,1.16
islam,Athkar,المؤذن السعودي,5,,11,6,1.24
islam,Athkar,al quran amharic,5,,239,55,0.64
islam,Athkar,al quran abdullahi abba zaria,5,,241,75,0.60
islam,Athkar,maariful quran english -tafsir,5,,237,166,0.52
islam,Athkar,al-saqi for e-payment services,5,,224,162,0.52
islam,Athkar,arabic alphabet quran letters,5,,241,168,0.51
islam,Athkar,calculate zakat complete,5,,232,39,0.69
islam,Athkar,comprehensive islamic library,5,,231,88,0.58
islam,Athkar,comprehensive supplications,5,,237,30,0.74
islam,Athkar,english quran app,5,,234,92,0.58
islam,Athkar,first steps in islam,5,,214,6,1.24
islam,Athkar,global quran memorizer,5,,231,164,0.52
islam,Athkar,halal guide e number,5,,229,64,0.62
islam,Athkar,hijri calendar islamic,5,,229,121,0.55
islam,Athkar,insurance islam taib,5,,231,20,0.82
islam,Athkar,islamic literature library ai,5,,239,103,0.56
islam,Athkar,islamify: hourly devotional,5,,239,25,0.77
islam,Athkar,learning quran app,5,,240,126,0.54
islam,Athkar,listen holy quran,5,,236,140,0.53
islam,Athkar,prayer direction finder for islam,5,,237,50,0.65
islam,Athkar,proposal: muslim marriage,5,,240,54,0.64
islam,Athkar,quran by qurancom,5,,242,194,0.50
islam,Athkar,quran quotes widget,5,,238,88,0.58
islam,Athkar,target khatam,5,,232,80,0.59
islam,Athkar,quran islam muslim prayer kuran allah me,5,,240,89,0.58
islam,Athkar,brother kashif ali,5,,235,30,0.74
islam,Athkar,harun irjz,5,,241,67,0.61
islam,Athkar,deenfocus,5,52,243,26,0.76
islam,Athkar,halal scanner app,5,,230,169,0.51
islam,Athkar,quran notetaker,5,,242,65,0.62
islam,Athkar,salat first app,5,,230,20,0.82
islam,Athkar,free salat first,5,,227,26,0.76
islam,Athkar,easy salat first,5,,235,39,0.69
islam,Athkar,salat first free,5,,230,27,0.76
islam,Athkar,smart fajr prayer alarm,5,,249,136,0.53
islam,Athkar,fajr prayer alarm,5,33,239,16,0.87
islam,Athkar,warm quran buddy,5,,239,104,0.56
islam,Athkar,quran date,5,,239,41,0.68
islam,Athkar,app rencontre musulman,5,,229,52,0.65
islam,Athkar,mektoubs islam,5,,221,9,1.06
islam,Athkar,adnan deutsch master,5,,226,112,0.55
islam,Athkar,numbers adnan,5,,193,15,0.89
islam,Athkar,reddit numbers adnan,5,,231,97,0.57
islam,Athkar,islam.app,5,,232,121,0.55
islam,Athkar,muslim assistant,5,,223,35,0.71
islam,Athkar,ipad vestir download,5,,177,95,0.57
islam,Athkar,Quran Widgets: Verses & Duas,5,,233,7,1.16
islam,Athkar,noorart,5,,229,24,0.78
islam,Athkar,surat pendek al-quran,5,,241,112,0.55
islam,Athkar,dhikr counter+,5,,226,161,0.52
islam,Athkar,islam adhkar,5,,249,13,0.93
islam,Athkar,dhikr lock  dikr lock  muslim app blocke,5,,247,43,0.68
islam,Athkar,full quran read recite offline,5,47,242,191,0.50
islam,Athkar,çakar lamba,5,,209,13,0.93
islam,Athkar,halal investing app,5,,222,96,0.57
islam,Athkar,alram.com,5,92,249,199,0.50
islam,Athkar,prayer times(salat timing) & qibla direc,5,,238,89,0.58
islam,Athkar,prayer reminders daily,5,,229,83,0.59
islam,Athkar,prayer prompts daily,5,,222,69,0.61
islam,Athkar,islamic histories,5,,208,22,0.80
islam,Athkar,quran tilawah,5,,246,102,0.56
islam,Athkar,verses & duas,5,,230,52,0.65
islam,Athkar,amjad islam,5,,176,45,0.67
islam,Athkar,salah app blocker,5,,242,105,0.56
islam,Athkar,muslim screen time,5,,235,17,0.86
islam,Athkar,muslim pray blocker app,5,,237,18,0.84
islam,Athkar,holy kaaba,5,,213,13,0.93
islam,Athkar,برنامج اغاني,,,249,212,
islam,Athkar,urdu calendar 2023*,,52,242,19,
islam,Athkar,تهنئة بمناسبة رمضان,,45,225,3,
islam,Athkar,دعاء دخول رمضان,,73,253,7,
islam,Athkar,waktu adzan dan shalat,,68,244,41,
islam,Athkar,jadwal sholat dan adzan offline,,51,228,21,
islam,Athkar,ramadan assistant,,,196,15,
islam,Athkar,islamic widgets,,,250,1,
islam,Athkar,almosaly athan,,44,206,22,
islam,Athkar,برنامج اذكار,,44,250,1,
islam,Athkar,azkar oasis - واحة الذكر,,32,13,13,
islam,Athkar,ramadan diet,,,236,207,
islam,Athkar,rope%20swing,,,232,37,
islam,Athkar,salat%20first,,,234,31,
islam,Athkar,qurans,,,248,54,
islam,Athkar,ramadan 2026 calendar,,,216,56,
islam,Athkar,tasbih counter lites,,,242,72,
islam,Athkar,tasbih counter pro dhikr,,,240,94,
islam,Athkar,dhikr counter tasbih pro,,,240,96,
islam,Athkar,dhikr counter tasbih pros,,,242,134,
islam,Athkar,dhikr counter tasbihs,,,241,150,
islam,Athkar,dhikr counter tasbih,,,243,138,
islam,Athkar,adhan times muslim,,37,248,211,
islam,Athkar,adhan times muslim prayers,,35,248,97,
islam,Athkar,times muslim prayers,,,231,125,
islam,Athkar,[کاتەکانی بانگ],,,232,25,
islam,Athkar,daily prayer reminder  prayer alarm,,,228,59,
islam,Athkar,engliosh quran,,,237,161,
islam,Athkar,[صلاتك],,,203,95,
islam,Athkar,اوقات الصلاة الشيعة,,,231,91,
islam,Athkar,nurcast: islamic podcast hub,,,232,102,
islam,Athkar,prayer reminder islam,,,237,5,
islam,Athkar,read now,,,231,153,
islam,Athkar,read quran listen quran,,,237,162,
islam,Athkar,reference net,,,153,20,
islam,Athkar,east london mosque game app planner,,,237,89,
islam,Athkar,quran audio player,,,232,113,
islam,Athkar,kanal ölçüm,,,222,24,
islam,Athkar,push topik reddit,,,191,13,
islam,Athkar,[المؤذن],,,165,54,
islam,Athkar,screen time pro,,,246,227,
islam,Athkar,henna ideas,,,214,19,
islam,Azkar,逆再生,51,84,250,232,4.97
islam,Azkar,اذكار الصباح والمساء,44,54,223,158,4.58
islam,Azkar,azkar,43,73,248,3,14.99
islam,Azkar,sajda,42,68,250,6,10.37
islam,Azkar,athkar,42,59,249,14,7.65
islam,Azkar,kurd,25,58,215,157,2.60
islam,Azkar,zhyar up,19,,250,201,1.90
islam,Azkar,slikr,11,47,247,65,1.36
islam,Azkar,تسبيح,6,51,249,214,0.59
islam,Azkar,cheshmak,6,58,250,28,0.90
islam,Azkar,rückwärts,5,87,240,220,0.49
islam,Azkar,bulrush,5,60,250,41,0.68
islam,Azkar,ayah,5,80,250,67,0.61
islam,Azkar,evening,5,82,237,196,0.50
islam,Azkar,high contrast,5,90,245,111,0.55
islam,Azkar,speechless,5,95,243,213,0.49
islam,Azkar,ayat kursi,5,43,247,238,0.48
islam,Azkar,azan for iphone,5,56,243,160,0.52
islam,Azkar,dua and azkar,5,70,244,15,0.89
islam,Azkar,хадисы,5,48,106,24,0.78
islam,Azkar,dono ingliz tili,5,40,250,183,0.51
islam,Azkar,allahuakbar,5,,249,164,0.52
islam,Azkar,коран и сунна,5,48,234,8,1.10
islam,Azkar,daily zikr,5,,234,3,1.74
islam,Azkar,sejda,5,58,249,6,1.24
islam,Azkar,verbally,5,52,249,233,0.49
islam,Azkar,dua kijiay,5,49,248,155,0.52
islam,Azkar,daily adhan,5,48,249,112,0.55
islam,Azkar,daily azaan,5,60,245,152,0.52
islam,Azkar,athkar أذكار,5,46,205,61,0.63
islam,Azkar,ayah by ayah,5,53,249,95,0.57
islam,Azkar,dualar ve sureler,5,87,248,218,0.49
islam,Azkar,حصن المسلم اذكار الصباح و المساء,5,45,241,26,0.76
islam,Azkar,namoz vaqtlari,5,46,230,94,0.57
islam,Azkar,islami özlü sözler,5,55,220,85,0.58
islam,Azkar,llamada a la adán,5,42,250,222,0.49
islam,Azkar,qiblə tapan,5,41,245,194,0.50
islam,Azkar,молитва,5,90,250,175,0.51
islam,Azkar,dhikir,5,45,244,135,0.54
islam,Azkar,الصباح,5,54,248,123,0.54
islam,Azkar,اذكار الصباح,5,59,240,135,0.54
islam,Azkar,and even,5,56,234,99,0.57
islam,Azkar,khud,5,49,248,108,0.56
islam,Azkar,مسلمة,5,,230,227,0.49
islam,Azkar,(أدعية,5,51,235,161,0.52
islam,Azkar,والمساء,5,52,237,39,0.69
islam,Azkar,shoqëri,5,40,250,48,0.66
islam,Azkar,الى صلاتي,5,46,250,248,0.48
islam,Azkar,الاذكار اليومية,5,47,250,59,0.63
islam,Azkar,تطبيق أذكار,5,54,250,100,0.57
islam,Azkar,arkadaslar,5,64,229,21,0.81
islam,Azkar,alquran aplikasi,5,40,247,240,0.48
islam,Azkar,dua ve zikir,5,46,247,207,0.50
islam,Azkar,uzak,5,89,247,21,0.81
islam,Azkar,أذكار وأدعية,5,44,249,50,0.65
islam,Azkar,engliah kurds,5,40,245,198,0.50
islam,Azkar,shiadow tight 3,5,40,250,82,0.59
islam,Azkar,adzan waktu sholat,5,44,250,106,0.56
islam,Azkar,yo'l harakati qoidalari,5,47,198,83,0.59
islam,Azkar,azan waktu,5,49,250,52,0.65
islam,Azkar,azkary,5,56,207,140,0.53
islam,Azkar,hurikán,5,40,250,33,0.72
islam,Azkar,koran audio: arabisch  deutsch,5,46,214,135,0.54
islam,Azkar,Adhkar morning,5,26,249,3,1.74
islam,Azkar,أذكار الصباح والمساء,5,49,250,43,0.68
islam,Azkar,أذكار وتسابيح,5,42,250,22,0.80
islam,Azkar,daily azkar,5,56,247,12,0.96
islam,Azkar,ramadan azkar,5,50,217,18,0.84
islam,Azkar,المؤمن حقيبة,5,55,42,18,0.84
islam,Azkar,athkar app,5,52,249,37,0.70
islam,Azkar,dua & azkar,5,50,243,148,0.53
islam,Azkar,athkar اذكار المسلم,5,43,107,15,0.89
islam,Azkar,azkar and dua,5,49,248,4,1.49
islam,Azkar,rakat,5,46,224,35,0.71
islam,Azkar,easy dhikr: zikirmatik,5,40,250,127,0.54
islam,Azkar,sufi: dhikr & tasbeeh counter,5,42,249,149,0.53
islam,Azkar,Muhammad Shahbaz,5,33,250,112,0.55
islam,Azkar,azkar prayer,5,48,249,29,0.74
islam,Azkar,azkar quran athan,5,48,250,40,0.69
islam,Azkar,muslim aliev,5,40,246,21,0.81
islam,Azkar,muslim zabirov,5,40,249,21,0.81
islam,Azkar,azan.kz,5,45,249,198,0.50
islam,Azkar,muslim pro: azan,5,52,246,177,0.51
islam,Azkar,muslim mate: azan times,5,54,249,248,0.48
islam,Azkar,dua and azkar offline,5,33,250,7,1.16
islam,Azkar,fiqh of dua and adhkar,5,44,249,71,0.61
islam,Azkar,islamic dua book bengali sound,5,44,246,171,0.51
islam,Azkar,everyday dua and azkar offline,5,45,248,14,0.91
islam,Azkar,azkar & dua : hisnul muslim,5,45,249,17,0.86
islam,Azkar,dua & zikr companion,5,48,249,103,0.56
islam,Azkar,tasbih counter - dhikr & azkar,5,48,249,20,0.82
islam,Azkar,muslimmate: adhan,5,47,250,107,0.56
islam,Azkar,dikr: azkar & qibla finder app,5,53,249,14,0.91
islam,Azkar,dhikr companion,5,47,250,210,0.50
islam,Azkar,azkar أذكار,5,46,245,2,2.29
islam,Azkar,azkar • اذكار : athan & prayer,5,47,126,6,1.24
islam,Azkar,azkar • اذكار,5,56,249,23,0.79
islam,Azkar,azkar count - أذكار بعد الصلاة,5,41,119,2,2.29
islam,Azkar,adhan time: tasbeeh,5,40,250,203,0.50
islam,Azkar,zikar,5,56,250,3,1.74
islam,Azkar,hendhunaa,5,50,250,140,0.53
islam,Azkar,haveeruge,5,50,250,133,0.54
islam,Azkar,اذكار بعد الصلاة,5,47,250,56,0.64
islam,Azkar,اذكار التحصين,5,44,250,8,1.10
islam,Azkar,اذكار قبل النوم,5,46,250,10,1.02
islam,Azkar,اذكار يوم الجمعة,5,44,250,9,1.06
islam,Azkar,اذكار للمسلمين,5,42,246,53,0.64
islam,Azkar,اذكار التسبيح,5,40,249,35,0.71
islam,Azkar,اذكار يومية,5,40,250,36,0.70
islam,Azkar,أذكار المسلم اليومية,5,40,248,56,0.64
islam,Azkar,أذكار الاستغفار,5,42,151,5,1.34
islam,Azkar,morning & evening,5,54,240,21,0.81
islam,Azkar,asma-ul-husna,5,47,244,128,0.54
islam,Azkar,dhikr reminders,5,48,250,246,0.48
islam,Azkar,hight contrast,5,40,246,101,0.56
islam,Azkar,islamic dream,5,52,221,117,0.55
islam,Azkar,islamic dream ai,5,5,232,31,0.73
islam,Azkar,huzaib,5,1,203,39,0.69
islam,Azkar,evenning,5,70,239,234,0.49
islam,Azkar,evening read,5,49,162,4,1.49
islam,Azkar,dua%20and%20azkar,5,52,236,5,1.34
islam,Azkar,kurdish%20keyboard,5,72,241,240,0.48
islam,Azkar,manifest%20aff%C4%B1rmations,5,36,194,23,0.79
islam,Azkar,hayya%20to%20qatar,5,48,250,6,1.24
islam,Azkar,sunnah%20match,5,48,239,169,0.51
islam,Azkar,daily ayat,5,,237,96,0.57
islam,Azkar,islamic daily app,5,,233,101,0.56
islam,Azkar,memorize ayah,5,,235,35,0.71
islam,Azkar,marzok,5,,218,84,0.59
islam,Azkar,nadýmání,5,40,250,160,0.52
islam,Azkar,azkar pro,5,51,247,7,1.16
islam,Azkar,quotation makr,5,,249,86,0.58
islam,Azkar,allah athkar,5,48,250,24,0.78
islam,Azkar,ayah widget,5,,225,49,0.66
islam,Azkar,rehber kuran,5,,249,45,0.67
islam,Azkar,anahtar kelimeler: yüz analizi  güzellik,5,46,250,141,0.53
islam,Azkar,no-screen mornings,5,,250,33,0.72
islam,Azkar,duah,5,,231,140,0.53
islam,Azkar,counter tasbih zikrs,5,,240,167,0.52
islam,Azkar,zikr tasbeeh counters,5,,232,160,0.52
islam,Azkar,vahid alahvakil,5,,249,58,0.63
islam,Azkar,mesbahi ar drawing,5,,245,50,0.65
islam,Azkar,physical rituals,5,,246,20,0.82
islam,Azkar,muslim screen,5,51,250,36,0.70
islam,Azkar,praye builder,5,,224,156,0.52
islam,Azkar,adbullah,5,56,250,220,0.49
islam,Azkar,azan peace,5,37,132,122,0.55
islam,Azkar,aku muslim,5,,244,189,0.50
islam,Azkar,coran widget,5,,249,171,0.51
islam,Azkar,toguzkumalak,5,,203,10,1.02
islam,Azkar,togyz qumalaq,5,,250,26,0.76
islam,Azkar,optik ek,5,,210,62,0.62
islam,Azkar,kurdish konkan,5,,214,91,0.58
islam,Azkar,app rencontre musulman,5,,229,145,0.53
islam,Azkar,islam adhkar,5,,249,41,0.68
islam,Azkar,dhikr lock  dikr lock  muslim app blocke,5,,247,236,0.49
islam,Azkar,online dukan,5,,212,54,0.64
islam,Azkar,anjirpay,5,,185,164,0.52
islam,Azkar,aksh,5,,200,8,1.10
islam,Azkar,faprika yazilim,5,,208,61,0.63
islam,Azkar,duhok,5,,203,191,0.50
islam,Azkar,ayberk ahmet,5,,201,62,0.62
islam,Azkar,iven,5,,240,158,0.52
islam,Azkar,night audio,5,,248,188,0.50
islam,Azkar,fajr wayk,5,,250,72,0.60
islam,Azkar,тасбих,,,250,204,
islam,Azkar,mesjid jamie,,71,249,60,
islam,Azkar,përdorues,,48,210,73,
islam,Azkar,timesna[,,30,250,8,
islam,Azkar,the guide: rehber kur'an,,,166,78,
islam,Azkar,counter tasbih zikr,,,237,177,
islam,Azkar,kanal ölçüm,,,222,90,
islam,Azkar,urdu voice typing,,,248,235,