cluster,app,keyword,popularity,competitiveness,num_apps,rank,importance
jeux-societe,ScrabbleGO,with,84,91,190,10,17.08
jeux-societe,ScrabbleGO,among us,81,72,210,71,9.82
jeux-societe,ScrabbleGO,twitch,78,95,242,58,9.86
jeux-societe,ScrabbleGO,word,74,93,245,88,8.59
jeux-societe,ScrabbleGO,shazam,73,93,240,57,9.27
jeux-societe,ScrabbleGO,ワード,72,81,239,124,7.83
jeux-societe,ScrabbleGO,audiomack,71,98,250,41,9.70
jeux-societe,ScrabbleGO,monopoly go,70,93,237,10,14.24
jeux-societe,ScrabbleGO,imposter game,69,79,250,141,7.33
jeux-societe,ScrabbleGO,heads up,68,59,248,50,8.88
jeux-societe,ScrabbleGO,starz,67,95,243,28,10.05
jeux-societe,ScrabbleGO,みてね,67,79,249,38,9.32
jeux-societe,ScrabbleGO,words with friends,66,95,250,5,17.66
jeux-societe,ScrabbleGO,plato,66,95,240,59,8.32
jeux-societe,ScrabbleGO,word search,64,85,250,242,6.19
jeux-societe,ScrabbleGO,monopoly,63,94,249,20,10.33
jeux-societe,ScrabbleGO,nyt games,63,75,234,15,11.24
jeux-societe,ScrabbleGO,crumbl cookies,63,70,250,65,7.78
jeux-societe,ScrabbleGO,wavelength,63,80,245,13,11.75
jeux-societe,ScrabbleGO,word games,62,58,229,4,18.46
jeux-societe,ScrabbleGO,kahoot,62,72,239,53,8.00
jeux-societe,ScrabbleGO,جواكر,62,82,249,15,11.06
jeux-societe,ScrabbleGO,sportybet,62,100,250,49,8.14
jeux-societe,ScrabbleGO,free games for adults,60,53,184,20,9.84
jeux-societe,ScrabbleGO,crumbl,60,49,250,26,9.17
jeux-societe,ScrabbleGO,crossword puzzle free,59,75,245,158,6.14
jeux-societe,ScrabbleGO,scrabble,59,87,248,1,59.00
jeux-societe,ScrabbleGO,go,58,91,238,56,7.39
jeux-societe,ScrabbleGO,imessage games,58,96,241,26,8.86
jeux-societe,ScrabbleGO,wsop,57,92,248,36,8.03
jeux-societe,ScrabbleGO,lichess,57,83,247,25,8.80
jeux-societe,ScrabbleGO,yahoo fantasy football,57,94,250,38,7.93
jeux-societe,ScrabbleGO,geoguesser,57,91,249,19,9.49
jeux-societe,ScrabbleGO,new york times games,57,66,215,11,11.22
jeux-societe,ScrabbleGO,scrabble go,56,89,250,1,56.00
jeux-societe,ScrabbleGO,rummikub,56,89,250,19,9.32
jeux-societe,ScrabbleGO,phase 10,56,92,249,29,8.32
jeux-societe,ScrabbleGO,colorful stage,56,85,247,117,6.15
jeux-societe,ScrabbleGO,워드,56,87,249,117,6.15
jeux-societe,ScrabbleGO,gamepigeon,54,89,248,23,8.52
jeux-societe,ScrabbleGO,boggle,54,84,249,9,11.40
jeux-societe,ScrabbleGO,cribbage,54,73,247,62,6.73
jeux-societe,ScrabbleGO,3 fun,54,62,203,39,7.47
jeux-societe,ScrabbleGO,beatstar,54,61,207,37,7.56
jeux-societe,ScrabbleGO,crossplay,54,54,247,18,9.13
jeux-societe,ScrabbleGO,pokerstars,53,95,250,108,5.91
jeux-societe,ScrabbleGO,kreuzworträtsel,53,75,249,130,5.71
jeux-societe,ScrabbleGO,diablo immortal,53,72,237,31,7.75
jeux-societe,ScrabbleGO,jawaker,53,82,250,15,9.45
jeux-societe,ScrabbleGO,impostor,53,74,245,122,5.78
jeux-societe,ScrabbleGO,sideswipe,53,89,198,50,6.92
jeux-societe,ScrabbleGO,lumosity,52,97,249,30,7.66
jeux-societe,ScrabbleGO,word games for free,52,73,233,7,12.06
jeux-societe,ScrabbleGO,ding,52,100,249,95,5.94
jeux-societe,ScrabbleGO,find my iphone,52,25,249,108,5.80
jeux-societe,ScrabbleGO,pokémon go,52,84,236,59,6.55
jeux-societe,ScrabbleGO,crumble,52,87,248,19,8.65
jeux-societe,ScrabbleGO,best fiends,51,29,212,92,5.87
jeux-societe,ScrabbleGO,family search,51,86,247,75,6.11
jeux-societe,ScrabbleGO,skip bo,51,69,239,19,8.49
jeux-societe,ScrabbleGO,24 go,51,86,235,60,6.40
jeux-societe,ScrabbleGO,it takes two,51,100,188,60,6.40
jeux-societe,ScrabbleGO,word search puzzles for adults,51,55,247,126,5.53
jeux-societe,ScrabbleGO,scribd,50,86,249,30,7.37
jeux-societe,ScrabbleGO,guess the word,50,83,244,102,5.64
jeux-societe,ScrabbleGO,cryptogram,50,86,248,117,5.49
jeux-societe,ScrabbleGO,sporcle,50,95,249,14,9.11
jeux-societe,ScrabbleGO,free games for seniors,50,83,211,31,7.31
jeux-societe,ScrabbleGO,couple games,49,89,248,119,5.37
jeux-societe,ScrabbleGO,pictionary,49,74,249,35,6.95
jeux-societe,ScrabbleGO,shameless,49,95,249,5,13.11
jeux-societe,ScrabbleGO,so,48,94,208,84,5.62
jeux-societe,ScrabbleGO,heads up free,48,68,245,56,6.12
jeux-societe,ScrabbleGO,كلمات كراش,48,96,249,13,8.95
jeux-societe,ScrabbleGO,go henry,48,55,245,69,5.85
jeux-societe,ScrabbleGO,слова,48,77,237,25,7.41
jeux-societe,ScrabbleGO,scriptable,48,97,250,21,7.77
jeux-societe,ScrabbleGO,stumble,48,89,242,83,5.64
jeux-societe,ScrabbleGO,wordfeud,47,96,249,4,13.99
jeux-societe,ScrabbleGO,fuel spy,47,66,248,19,7.82
jeux-societe,ScrabbleGO,sims free play,46,52,211,116,5.06
jeux-societe,ScrabbleGO,crossword master,46,76,250,114,5.08
jeux-societe,ScrabbleGO,es,45,92,249,168,4.63
jeux-societe,ScrabbleGO,gartic io,45,64,250,23,7.10
jeux-societe,ScrabbleGO,multijoueur,45,91,209,35,6.38
jeux-societe,ScrabbleGO,gme,45,86,235,143,4.77
jeux-societe,ScrabbleGO,epass,45,30,247,29,6.69
jeux-societe,ScrabbleGO,family go,44,80,223,25,6.79
jeux-societe,ScrabbleGO,word master,44,80,250,58,5.56
jeux-societe,ScrabbleGO,lovio,44,93,249,18,7.44
jeux-societe,ScrabbleGO,nibble,44,92,248,56,5.61
jeux-societe,ScrabbleGO,houseparty,43,100,250,16,7.52
jeux-societe,ScrabbleGO,harry potter games,43,56,187,101,4.86
jeux-societe,ScrabbleGO,sk,43,93,249,79,5.10
jeux-societe,ScrabbleGO,نرد,43,53,250,101,4.86
jeux-societe,ScrabbleGO,geoguessr,42,95,247,19,6.99
jeux-societe,ScrabbleGO,kim,41,96,245,78,4.87
jeux-societe,ScrabbleGO,crossword puzzles,41,82,248,17,7.04
jeux-societe,ScrabbleGO,word cookies,41,96,249,7,9.51
jeux-societe,ScrabbleGO,jackbox games,41,92,250,20,6.73
jeux-societe,ScrabbleGO,tabu,41,62,249,45,5.48
jeux-societe,ScrabbleGO,quiplash,41,93,250,24,6.40
jeux-societe,ScrabbleGO,apalabrados,41,85,246,3,14.29
jeux-societe,ScrabbleGO,讯飞输入法,41,97,250,28,6.15
jeux-societe,ScrabbleGO,top follow,41,97,250,87,4.77
jeux-societe,ScrabbleGO,square go,41,97,249,17,7.04
jeux-societe,ScrabbleGO,best guess live,41,64,249,50,5.36
jeux-societe,ScrabbleGO,trial,40,66,247,44,5.38
jeux-societe,ScrabbleGO,parole,40,58,249,36,5.64
jeux-societe,ScrabbleGO,lingolooper,40,90,249,21,6.47
jeux-societe,ScrabbleGO,couple game,39,82,250,125,4.23
jeux-societe,ScrabbleGO,adivina la palabra,39,54,246,25,6.02
jeux-societe,ScrabbleGO,tapple,39,84,250,6,9.63
jeux-societe,ScrabbleGO,word games for adults,38,75,240,5,10.17
jeux-societe,ScrabbleGO,words with friends 2,38,77,245,4,11.31
jeux-societe,ScrabbleGO,b9,38,83,249,28,5.70
jeux-societe,ScrabbleGO,rec,37,81,243,159,3.84
jeux-societe,ScrabbleGO,grammerly app,37,79,250,72,4.47
jeux-societe,ScrabbleGO,qless,37,62,192,5,9.90
jeux-societe,ScrabbleGO,backgammon free,37,81,248,120,4.05
jeux-societe,ScrabbleGO,word association game,37,64,234,114,4.08
jeux-societe,ScrabbleGO,respawnables,36,69,226,19,5.99
jeux-societe,ScrabbleGO,play juegos,36,90,184,32,5.22
jeux-societe,ScrabbleGO,word hunt,36,61,248,123,3.92
jeux-societe,ScrabbleGO,robert half,36,97,249,94,4.12
jeux-societe,ScrabbleGO,schach online,35,83,250,122,3.82
jeux-societe,ScrabbleGO,free word games,34,77,229,11,6.69
jeux-societe,ScrabbleGO,ih,34,100,248,96,3.88
jeux-societe,ScrabbleGO,free word games for adults,34,76,238,6,8.40
jeux-societe,ScrabbleGO,snakes and ladders,34,85,250,88,3.95
jeux-societe,ScrabbleGO,yatzee free,34,73,245,105,3.81
jeux-societe,ScrabbleGO,페이스,34,89,249,76,4.06
jeux-societe,ScrabbleGO,online games with friends,33,87,198,55,4.22
jeux-societe,ScrabbleGO,hidden folks,33,28,219,139,3.51
jeux-societe,ScrabbleGO,was,33,94,245,137,3.52
jeux-societe,ScrabbleGO,4 pics 1 word,33,80,248,100,3.74
jeux-societe,ScrabbleGO,word finder,33,72,243,11,6.50
jeux-societe,ScrabbleGO,senior games,33,31,204,85,3.86
jeux-societe,ScrabbleGO,password game,33,82,246,52,4.27
jeux-societe,ScrabbleGO,sandboxels,33,70,246,11,6.50
jeux-societe,ScrabbleGO,connections word game,33,76,249,63,4.10
jeux-societe,ScrabbleGO,followhub,33,100,249,33,4.75
jeux-societe,ScrabbleGO,puzzle page,32,72,221,23,5.05
jeux-societe,ScrabbleGO,skipbo,32,78,244,19,5.33
jeux-societe,ScrabbleGO,jeu de mot,32,94,250,3,11.15
jeux-societe,ScrabbleGO,crossword jam,32,81,248,27,4.84
jeux-societe,ScrabbleGO,azul,32,87,250,150,3.36
jeux-societe,ScrabbleGO,exile,32,71,248,28,4.80
jeux-societe,ScrabbleGO,dama italiana,32,53,249,82,3.77
jeux-societe,ScrabbleGO,expansion,32,94,250,55,4.09
jeux-societe,ScrabbleGO,only funs,32,89,237,17,5.50
jeux-societe,ScrabbleGO,interactive games,31,48,214,17,5.33
jeux-societe,ScrabbleGO,strike force,31,73,249,160,3.22
jeux-societe,ScrabbleGO,games for adults,31,72,188,16,5.42
jeux-societe,ScrabbleGO,word search free,31,86,246,226,3.03
jeux-societe,ScrabbleGO,find a word,31,75,241,10,6.30
jeux-societe,ScrabbleGO,spiele kostenlos erwachsene,31,72,191,31,4.53
jeux-societe,ScrabbleGO,كراش,31,54,237,54,3.98
jeux-societe,ScrabbleGO,heads up adult,30,83,249,24,4.68
jeux-societe,ScrabbleGO,wordscapes free,30,89,250,23,4.74
jeux-societe,ScrabbleGO,cribbage board,30,69,248,60,3.77
jeux-societe,ScrabbleGO,hytale,30,97,215,32,4.35
jeux-societe,ScrabbleGO,雅虎,30,90,249,109,3.34
jeux-societe,ScrabbleGO,20,29,100,242,161,3.01
jeux-societe,ScrabbleGO,wort,29,98,250,33,4.17
jeux-societe,ScrabbleGO,bible word puzzle,29,65,242,49,3.81
jeux-societe,ScrabbleGO,لعبه الحيه,29,46,250,110,3.22
jeux-societe,ScrabbleGO,text games,28,70,231,28,4.20
jeux-societe,ScrabbleGO,grau,28,100,250,167,2.88
jeux-societe,ScrabbleGO,instagram followers booster,28,53,249,122,3.05
jeux-societe,ScrabbleGO,free senior games,28,43,184,22,4.47
jeux-societe,ScrabbleGO,club game,28,61,227,115,3.09
jeux-societe,ScrabbleGO,북,28,100,250,131,3.01
jeux-societe,ScrabbleGO,mindless games,27,59,210,121,2.95
jeux-societe,ScrabbleGO,katamari,27,80,240,23,4.26
jeux-societe,ScrabbleGO,movil,27,61,248,66,3.32
jeux-societe,ScrabbleGO,games for seniors,27,62,204,120,2.95
jeux-societe,ScrabbleGO,strands word game,27,84,250,31,3.95
jeux-societe,ScrabbleGO,chicken cross the road,26,70,242,49,3.41
jeux-societe,ScrabbleGO,games without ads,26,77,243,40,3.57
jeux-societe,ScrabbleGO,pazu games,26,46,238,143,2.75
jeux-societe,ScrabbleGO,phase 10 score keeper,26,91,248,34,3.71
jeux-societe,ScrabbleGO,jeux adulte,26,79,213,10,5.29
jeux-societe,ScrabbleGO,renner,26,100,240,17,4.47
jeux-societe,ScrabbleGO,plinko game,26,56,249,59,3.28
jeux-societe,ScrabbleGO,can you escape,25,,250,144,2.64
jeux-societe,ScrabbleGO,pärchen spiele,25,86,250,100,2.83
jeux-societe,ScrabbleGO,tails,25,64,247,45,3.34
jeux-societe,ScrabbleGO,board games 2 player,25,75,245,92,2.88
jeux-societe,ScrabbleGO,burraco italiano,25,18,249,49,3.28
jeux-societe,ScrabbleGO,야후,25,95,250,114,2.76
jeux-societe,ScrabbleGO,quordle,25,91,250,11,4.92
jeux-societe,ScrabbleGO,wordgo,25,86,250,6,6.18
jeux-societe,ScrabbleGO,sure,24,66,247,59,3.02
jeux-societe,ScrabbleGO,games for two players,24,84,192,86,2.80
jeux-societe,ScrabbleGO,free crossword puzzles,24,75,245,13,4.47
jeux-societe,ScrabbleGO,zee,24,90,248,183,2.43
jeux-societe,ScrabbleGO,parkour race,24,83,250,126,2.60
jeux-societe,ScrabbleGO,gradoo,24,50,211,6,5.93
jeux-societe,ScrabbleGO,association game,24,81,247,94,2.75
jeux-societe,ScrabbleGO,the code,23,71,248,177,2.35
jeux-societe,ScrabbleGO,word cross,23,78,238,67,2.82
jeux-societe,ScrabbleGO,juegos para jugar con amigos online,23,51,198,55,2.94
jeux-societe,ScrabbleGO,cryptogramme,23,72,249,108,2.57
jeux-societe,ScrabbleGO,adivina quien soy,23,70,248,54,2.95
jeux-societe,ScrabbleGO,talk to your dog,23,60,250,162,2.38
jeux-societe,ScrabbleGO,unscramble words,23,89,248,11,4.53
jeux-societe,ScrabbleGO,jeux famille,22,79,227,26,3.36
jeux-societe,ScrabbleGO,tiles 3,22,90,249,148,2.32
jeux-societe,ScrabbleGO,更新,22,91,226,168,2.26
jeux-societe,ScrabbleGO,woord,22,96,236,55,2.81
jeux-societe,ScrabbleGO,canuckle,22,88,249,5,5.89
jeux-societe,ScrabbleGO,free gams,21,37,172,50,2.74
jeux-societe,ScrabbleGO,free crosswords,21,78,244,97,2.39
jeux-societe,ScrabbleGO,mad libs free,21,86,248,14,3.83
jeux-societe,ScrabbleGO,juegos para parejas,21,64,250,32,3.05
jeux-societe,ScrabbleGO,attack on titan games,21,,250,88,2.44
jeux-societe,ScrabbleGO,monster jam steel titans,21,8,209,50,2.74
jeux-societe,ScrabbleGO,秘密,21,73,233,176,2.14
jeux-societe,ScrabbleGO,learn new words every day,21,49,250,126,2.28
jeux-societe,ScrabbleGO,pool tour,21,70,229,101,2.37
jeux-societe,ScrabbleGO,where to go,21,49,203,79,2.49
jeux-societe,ScrabbleGO,dominoes game free,20,87,249,94,2.29
jeux-societe,ScrabbleGO,гарри поттер,20,93,246,63,2.48
jeux-societe,ScrabbleGO,cover app,20,70,245,170,2.05
jeux-societe,ScrabbleGO,couples games free,20,91,250,116,2.20
jeux-societe,ScrabbleGO,scribbr,20,98,249,7,4.64
jeux-societe,ScrabbleGO,classement,19,51,250,43,2.57
jeux-societe,ScrabbleGO,puissance 4 en ligne,19,53,250,23,3.00
jeux-societe,ScrabbleGO,wordless,19,97,247,7,4.41
jeux-societe,ScrabbleGO,hexagon sort,19,91,250,80,2.25
jeux-societe,ScrabbleGO,mar,18,93,250,96,2.05
jeux-societe,ScrabbleGO,wowo,18,79,249,44,2.42
jeux-societe,ScrabbleGO,beste spiele,18,80,236,84,2.11
jeux-societe,ScrabbleGO,7 wonders,18,97,250,70,2.19
jeux-societe,ScrabbleGO,mr tumble,18,97,208,59,2.27
jeux-societe,ScrabbleGO,app close,18,91,250,87,2.09
jeux-societe,ScrabbleGO,words with friends word game,17,79,238,4,5.06
jeux-societe,ScrabbleGO,pat,17,98,244,180,1.73
jeux-societe,ScrabbleGO,lettere,17,79,250,61,2.13
jeux-societe,ScrabbleGO,code names,17,74,249,10,3.46
jeux-societe,ScrabbleGO,stopwatch game,17,33,243,184,1.72
jeux-societe,ScrabbleGO,beatbox game,16,94,250,111,1.78
jeux-societe,ScrabbleGO,zumba game,16,38,229,90,1.85
jeux-societe,ScrabbleGO,yahtzee free,16,0,249,79,1.90
jeux-societe,ScrabbleGO,mot checker,16,95,250,15,2.85
jeux-societe,ScrabbleGO,kryss,16,76,247,44,2.15
jeux-societe,ScrabbleGO,boggle free,16,82,250,9,3.38
jeux-societe,ScrabbleGO,times games,16,59,249,50,2.09
jeux-societe,ScrabbleGO,letter games,15,50,239,16,2.62
jeux-societe,JigsawPuzzles,x,99,100,236,190,9.97
jeux-societe,JigsawPuzzles,게임,78,89,247,47,10.33
jeux-societe,JigsawPuzzles,tlife,68,90,249,125,7.38
jeux-societe,JigsawPuzzles,puzzle games,67,97,248,1,67.00
jeux-societe,JigsawPuzzles,culvers,66,76,250,50,8.62
jeux-societe,JigsawPuzzles,بازی,65,83,249,68,7.95
jeux-societe,JigsawPuzzles,no wifi games,64,97,248,246,6.17
jeux-societe,JigsawPuzzles,في بي ان,64,85,241,118,7.02
jeux-societe,JigsawPuzzles,juegos,63,94,244,92,7.25
jeux-societe,JigsawPuzzles,juegos sin internet,63,92,246,194,6.32
jeux-societe,JigsawPuzzles,yt,63,91,246,97,7.17
jeux-societe,JigsawPuzzles,games for girls,61,92,246,85,7.13
jeux-societe,JigsawPuzzles,art,60,98,246,206,5.96
jeux-societe,JigsawPuzzles,puzzle,60,92,247,1,60.00
jeux-societe,JigsawPuzzles,internet,60,86,250,179,6.11
jeux-societe,JigsawPuzzles,free games for adults,60,95,247,67,7.36
jeux-societe,JigsawPuzzles,puzzle:,60,94,247,2,27.53
jeux-societe,JigsawPuzzles,gboard,59,94,248,229,5.76
jeux-societe,JigsawPuzzles,퍼즐,59,92,250,2,27.07
jeux-societe,JigsawPuzzles,juegos gratis,58,88,248,63,7.21
jeux-societe,JigsawPuzzles,pin,58,94,249,221,5.70
jeux-societe,JigsawPuzzles,блок бласт,58,87,248,213,5.73
jeux-societe,JigsawPuzzles,matching games,57,91,247,70,6.93
jeux-societe,JigsawPuzzles,jigsaw puzzle,57,86,249,1,57.00
jeux-societe,JigsawPuzzles,jigsaw puzzles for free,57,77,249,2,26.16
jeux-societe,JigsawPuzzles,no,56,96,244,137,5.98
jeux-societe,JigsawPuzzles,puzzles for adults,56,73,250,3,19.52
jeux-societe,JigsawPuzzles,number match,56,68,249,215,5.52
jeux-societe,JigsawPuzzles,10000 offline games,56,84,249,143,5.93
jeux-societe,JigsawPuzzles,osta,56,92,249,88,6.50
jeux-societe,JigsawPuzzles,art games,55,90,248,33,7.92
jeux-societe,JigsawPuzzles,smart,55,90,245,183,5.58
jeux-societe,JigsawPuzzles,libre,55,91,247,88,6.38
jeux-societe,JigsawPuzzles,the pattern,54,75,249,195,5.42
jeux-societe,JigsawPuzzles,لعبة,54,93,248,36,7.61
jeux-societe,JigsawPuzzles,fun,53,96,248,236,5.15
jeux-societe,JigsawPuzzles,no internet games,53,89,249,185,5.36
jeux-societe,JigsawPuzzles,puzzles,52,75,248,2,23.86
jeux-societe,JigsawPuzzles,no ads games,52,95,248,229,5.08
jeux-societe,JigsawPuzzles,ブロックパズル,52,97,250,250,5.00
jeux-societe,JigsawPuzzles,游戏,52,89,245,147,5.48
jeux-societe,JigsawPuzzles,loon,52,96,247,103,5.85
jeux-societe,JigsawPuzzles,relaxing games,51,83,248,25,7.87
jeux-societe,JigsawPuzzles,mind games,51,95,246,24,7.96
jeux-societe,JigsawPuzzles,puzzle games for adults,51,92,248,12,9.76
jeux-societe,JigsawPuzzles,juego,51,88,247,203,5.08
jeux-societe,JigsawPuzzles,sorry board game,50,79,249,222,4.91
jeux-societe,JigsawPuzzles,do,50,97,247,152,5.24
jeux-societe,JigsawPuzzles,free games for seniors,50,92,246,12,9.56
jeux-societe,JigsawPuzzles,لعبه,50,86,247,53,6.45
jeux-societe,JigsawPuzzles,صور,49,90,247,152,5.13
jeux-societe,JigsawPuzzles,memory games for adults,49,95,248,24,7.65
jeux-societe,JigsawPuzzles,adult,49,100,243,183,4.97
jeux-societe,JigsawPuzzles,clean up,49,98,248,244,4.73
jeux-societe,JigsawPuzzles,فيبي ان,49,84,241,131,5.27
jeux-societe,JigsawPuzzles,antistress,48,78,248,231,4.68
jeux-societe,JigsawPuzzles,لعب,48,91,248,41,6.56
jeux-societe,JigsawPuzzles,jeux sans wifi,47,85,248,26,7.18
jeux-societe,JigsawPuzzles,تعديل الصور,47,94,248,164,4.86
jeux-societe,JigsawPuzzles,العاب ذكاء,47,95,248,26,7.18
jeux-societe,JigsawPuzzles,rompecabezas,46,82,250,1,46.00
jeux-societe,JigsawPuzzles,ki,46,98,247,225,4.50
jeux-societe,JigsawPuzzles,puzzle gratuit,46,59,250,2,21.11
jeux-societe,JigsawPuzzles,spiele kostenlos,45,94,250,27,6.81
jeux-societe,JigsawPuzzles,tu,45,96,246,188,4.54
jeux-societe,JigsawPuzzles,an,45,100,247,224,4.41
jeux-societe,JigsawPuzzles,jigsaw puzzle free,44,73,249,1,44.00
jeux-societe,JigsawPuzzles,無料パズルゲーム,44,,250,5,11.77
jeux-societe,JigsawPuzzles,offline puzzle games,44,83,248,5,11.77
jeux-societe,JigsawPuzzles,de,44,100,248,212,4.35
jeux-societe,JigsawPuzzles,puzzle game,43,100,248,1,43.00
jeux-societe,JigsawPuzzles,rompicapo,43,95,96,24,6.71
jeux-societe,JigsawPuzzles,puzzle brain games,43,82,246,30,6.34
jeux-societe,JigsawPuzzles,puzzle games free,42,56,248,6,10.37
jeux-societe,JigsawPuzzles,dames,42,34,247,80,4.97
jeux-societe,JigsawPuzzles,تطبيق,42,97,247,223,4.12
jeux-societe,JigsawPuzzles,앱,42,81,246,194,4.22
jeux-societe,JigsawPuzzles,ofline games,41,87,247,245,3.96
jeux-societe,JigsawPuzzles,puzzel,39,82,248,1,39.00
jeux-societe,JigsawPuzzles,game offline,39,88,248,100,4.41
jeux-societe,JigsawPuzzles,메모위젯,39,68,245,131,4.20
jeux-societe,JigsawPuzzles,ganes,38,84,247,34,5.43
jeux-societe,JigsawPuzzles,gams,38,87,248,49,4.99
jeux-societe,JigsawPuzzles,puzzle spiele,38,57,249,5,10.17
jeux-societe,JigsawPuzzles,無料アプリ,38,92,248,131,4.09
jeux-societe,JigsawPuzzles,魔法,38,76,213,8,8.37
jeux-societe,JigsawPuzzles,rompecabezas gratis,37,82,250,1,37.00
jeux-societe,JigsawPuzzles,gratuit,37,87,249,149,3.89
jeux-societe,JigsawPuzzles,memorama,37,56,250,28,5.55
jeux-societe,JigsawPuzzles,rennspiele,37,62,250,91,4.27
jeux-societe,JigsawPuzzles,恋,36,53,239,177,3.67
jeux-societe,JigsawPuzzles,magis,36,98,249,229,3.51
jeux-societe,JigsawPuzzles,matching games for adults,35,67,246,84,4.10
jeux-societe,JigsawPuzzles,puzzles games free,35,75,248,12,6.70
jeux-societe,JigsawPuzzles,dolar,35,93,248,242,3.39
jeux-societe,JigsawPuzzles,free games no ads,35,97,246,35,4.97
jeux-societe,JigsawPuzzles,anxiety relief games,34,79,248,23,5.37
jeux-societe,JigsawPuzzles,jeux de dés,34,69,246,55,4.35
jeux-societe,JigsawPuzzles,두뇌,34,89,250,6,8.40
jeux-societe,JigsawPuzzles,free puzzle games for adults,33,69,248,4,9.83
jeux-societe,JigsawPuzzles,bazi,33,87,249,20,5.41
jeux-societe,JigsawPuzzles,오프라인,33,87,250,60,4.14
jeux-societe,JigsawPuzzles,top games,32,97,232,161,3.32
jeux-societe,JigsawPuzzles,puzle,32,77,235,1,32.00
jeux-societe,JigsawPuzzles,relaxing games for adults,32,84,250,15,5.71
jeux-societe,JigsawPuzzles,puzzle solving games,32,88,248,47,4.24
jeux-societe,JigsawPuzzles,stress relief games,31,56,248,17,5.33
jeux-societe,JigsawPuzzles,sans,31,90,248,242,3.00
jeux-societe,JigsawPuzzles,games for adults,31,94,245,93,3.56
jeux-societe,JigsawPuzzles,spielen,31,84,249,209,3.07
jeux-societe,JigsawPuzzles,matching game,30,81,245,12,5.74
jeux-societe,JigsawPuzzles,free jigsaw puzzles for adults,29,57,249,3,10.11
jeux-societe,JigsawPuzzles,spiel ohne internet,28,89,247,37,3.92
jeux-societe,JigsawPuzzles,kostenlos,28,90,250,190,2.82
jeux-societe,JigsawPuzzles,성인게임,28,,247,9,5.91
jeux-societe,JigsawPuzzles,vdose,28,,249,219,2.75
jeux-societe,JigsawPuzzles,mindless games,27,76,248,19,4.49
jeux-societe,JigsawPuzzles,spiele ohne wlan,27,,248,115,2.98
jeux-societe,JigsawPuzzles,educational games for adults,27,90,248,182,2.74
jeux-societe,JigsawPuzzles,puzzle jigsaw,27,58,247,3,9.41
jeux-societe,JigsawPuzzles,games for seniors,27,91,247,25,4.17
jeux-societe,JigsawPuzzles,juegos relajantes,26,51,249,175,2.66
jeux-societe,JigsawPuzzles,jeux adulte,26,59,248,104,2.92
jeux-societe,JigsawPuzzles,kostenlose spiele,25,,249,31,3.65
jeux-societe,JigsawPuzzles,joc,25,91,248,221,2.45
jeux-societe,JigsawPuzzles,magic jigsaw puzzles,24,60,248,2,11.01
jeux-societe,JigsawPuzzles,puzles,23,75,245,1,23.00
jeux-societe,JigsawPuzzles,free mind games for adults,23,94,248,25,3.55
jeux-societe,JigsawPuzzles,puzzle games for free,22,45,248,1,22.00
jeux-societe,JigsawPuzzles,puzzles games,22,92,245,2,10.10
jeux-societe,JigsawPuzzles,hames,22,91,247,59,2.77
jeux-societe,JigsawPuzzles,jig,20,77,249,1,20.00
jeux-societe,JigsawPuzzles,jeux relaxant,20,90,250,12,3.83
jeux-societe,JigsawPuzzles,퍼즐 게임,20,78,249,2,9.18
jeux-societe,JigsawPuzzles,가족,20,55,247,115,2.20
jeux-societe,JigsawPuzzles,top free games,18,97,247,169,1.85
jeux-societe,JigsawPuzzles,kostenlose kinderspiele,18,71,248,227,1.76
jeux-societe,JigsawPuzzles,gamrs,18,82,232,186,1.82
jeux-societe,JigsawPuzzles,free matching games for adults,18,75,247,12,3.44
jeux-societe,JigsawPuzzles,فيبي,18,92,250,179,1.83
jeux-societe,JigsawPuzzles,divertissement,16,97,247,45,2.14
jeux-societe,JigsawPuzzles,jeux sans conexion,16,,247,34,2.29
jeux-societe,JigsawPuzzles,집중앱,16,46,250,56,2.04
jeux-societe,JigsawPuzzles,free puzzles,15,78,248,3,5.23
jeux-societe,JigsawPuzzles,free puzzle game,14,63,248,5,3.75
jeux-societe,JigsawPuzzles,pussel,14,70,65,2,6.42
jeux-societe,JigsawPuzzles,고전,14,80,249,65,1.73
jeux-societe,JigsawPuzzles,paran,14,98,250,226,1.37
jeux-societe,JigsawPuzzles,saw,13,87,247,11,2.56
jeux-societe,JigsawPuzzles,gane,13,87,248,31,1.90
jeux-societe,JigsawPuzzles,mesa,13,87,247,186,1.31
jeux-societe,JigsawPuzzles,olivia rodrigo,13,93,245,201,1.30
jeux-societe,JigsawPuzzles,设计,13,93,246,145,1.37
jeux-societe,JigsawPuzzles,spazio iphone,12,74,235,145,1.27
jeux-societe,JigsawPuzzles,game for girls,10,82,248,191,1.01
jeux-societe,JigsawPuzzles,пазлы,10,82,250,1,10.00
jeux-societe,JigsawPuzzles,juegos rompecabezas,10,57,249,1,10.00
jeux-societe,JigsawPuzzles,pasa,10,98,250,250,0.96
jeux-societe,JigsawPuzzles,magic puzzles,9,59,247,2,4.13
jeux-societe,JigsawPuzzles,magic puzzle,9,63,248,4,2.68
jeux-societe,JigsawPuzzles,gbord,9,87,248,143,0.95
jeux-societe,JigsawPuzzles,daily puzzles,9,84,250,40,1.24
jeux-societe,JigsawPuzzles,free memory games for adults,9,77,248,109,1.00
jeux-societe,JigsawPuzzles,juegos de puzzles,9,95,248,4,2.68
jeux-societe,JigsawPuzzles,juegos para 2,9,86,248,227,0.88
jeux-societe,JigsawPuzzles,easy brain,9,70,245,10,1.83
jeux-societe,JigsawPuzzles,lightyear,9,50,148,104,1.01
jeux-societe,JigsawPuzzles,1000 games,9,80,248,234,0.88
jeux-societe,JigsawPuzzles,jigsawscapes,9,84,250,8,1.98
jeux-societe,JigsawPuzzles,destress relaxing games,9,52,250,86,1.05
jeux-societe,JigsawPuzzles,art block puzzle,9,59,234,3,3.14
jeux-societe,JigsawPuzzles,free jigsaw puzzles,8,64,250,1,8.00
jeux-societe,JigsawPuzzles,x o,8,77,249,150,0.84
jeux-societe,JigsawPuzzles,addestramento cani,8,84,243,214,0.79
jeux-societe,JigsawPuzzles,بازی فکری,8,56,250,7,1.86
jeux-societe,JigsawPuzzles,집중력,8,61,244,178,0.82
jeux-societe,JigsawPuzzles,puzzled,7,55,235,2,3.21
jeux-societe,JigsawPuzzles,修图,7,82,235,97,0.80
jeux-societe,JigsawPuzzles,lone,7,96,237,235,0.68
jeux-societe,JigsawPuzzles,訳,7,70,250,41,0.96
jeux-societe,JigsawPuzzles,jigsolitaire,7,86,250,83,0.82
jeux-societe,JigsawPuzzles,juegos de rompecabezas,6,81,246,1,6.00
jeux-societe,JigsawPuzzles,memory games,6,80,248,223,0.59
jeux-societe,JigsawPuzzles,mental games,6,90,248,22,0.96
jeux-societe,JigsawPuzzles,xapo,6,13,249,186,0.61
jeux-societe,JigsawPuzzles,sin,6,95,243,234,0.58
jeux-societe,JigsawPuzzles,trio,6,92,247,170,0.62
jeux-societe,JigsawPuzzles,jigsort puzzles,6,78,250,66,0.74
jeux-societe,JigsawPuzzles,non internet games,5,89,248,229,0.49
jeux-societe,JigsawPuzzles,free ganes,5,89,246,20,0.82
jeux-societe,JigsawPuzzles,puzzle apps,5,81,247,1,5.00
jeux-societe,JigsawPuzzles,best puzzle games,5,97,247,33,0.72
jeux-societe,JigsawPuzzles,free games for ipad,5,97,241,159,0.52
jeux-societe,JigsawPuzzles,gmaes,5,87,247,196,0.50
jeux-societe,JigsawPuzzles,easy games,5,87,245,208,0.50
jeux-societe,JigsawPuzzles,free puzzle games,5,61,248,3,1.74
jeux-societe,JigsawPuzzles,puzzel games,5,95,247,4,1.49
jeux-societe,JigsawPuzzles,jigsaw puzzles for ipad free,5,55,246,22,0.80
jeux-societe,JigsawPuzzles,2 for 2,5,77,243,223,0.49
jeux-societe,JigsawPuzzles,challenging games,5,86,247,54,0.64
jeux-societe,JigsawPuzzles,5 star games,5,90,242,133,0.54
jeux-societe,JigsawPuzzles,puzzles for free,5,75,248,7,1.16
jeux-societe,JigsawPuzzles,puzzels,5,50,238,2,2.29
jeux-societe,JigsawPuzzles,pazzel,5,77,72,1,5.00
jeux-societe,JigsawPuzzles,fames,5,90,239,57,0.63
jeux-societe,JigsawPuzzles,lineart,5,47,248,237,0.49
jeux-societe,JigsawPuzzles,les,5,95,240,229,0.49
jeux-societe,JigsawPuzzles,games for anxiety,5,79,246,10,1.02
jeux-societe,JigsawPuzzles,disney puzzles,5,92,232,24,0.78
jeux-societe,JigsawPuzzles,best rated games,5,96,231,169,0.51
jeux-societe,JigsawPuzzles,imuseum,5,47,199,31,0.73
jeux-societe,JigsawPuzzles,anxiety games,5,76,246,25,0.77
jeux-societe,JigsawPuzzles,puzel,5,94,250,1,5.00
jeux-societe,JigsawPuzzles,disney jigsaw puzzles,5,54,245,236,0.49
jeux-societe,JigsawPuzzles,puzzel game,5,88,240,1,5.00
jeux-societe,JigsawPuzzles,bejeweled classic hd,5,56,246,11,0.98
jeux-societe,JigsawPuzzles,games for free no wifi,5,81,246,101,0.56
jeux-societe,JigsawPuzzles,jeux amis,5,63,243,89,0.58
jeux-societe,JigsawPuzzles,new puzzle games,5,93,247,56,0.64
jeux-societe,JigsawPuzzles,top 10 games,5,97,231,186,0.51
jeux-societe,JigsawPuzzles,picture games,5,88,233,12,0.96
jeux-societe,JigsawPuzzles,case tete,5,67,248,108,0.56
jeux-societe,JigsawPuzzles,puzzeln,5,77,250,1,5.00
jeux-societe,JigsawPuzzles,gemr,5,,244,221,0.49
jeux-societe,JigsawPuzzles,pleine conscience,5,93,248,163,0.52
jeux-societe,JigsawPuzzles,free games adults,5,96,245,102,0.56
jeux-societe,JigsawPuzzles,puzzlegame,5,70,241,9,1.06
jeux-societe,JigsawPuzzles,puzzle hd,5,60,248,117,0.55
jeux-societe,JigsawPuzzles,adult puzzle games,5,81,246,52,0.65
jeux-societe,JigsawPuzzles,yapp,5,57,247,43,0.68
jeux-societe,JigsawPuzzles,game ad blocker,5,,190,131,0.54
jeux-societe,JigsawPuzzles,gmae,5,88,242,210,0.50
jeux-societe,JigsawPuzzles,for ipad,5,100,226,187,0.51
jeux-societe,JigsawPuzzles,clue board game,5,,239,134,0.54
jeux-societe,JigsawPuzzles,pazzle,5,78,250,1,5.00
jeux-societe,JigsawPuzzles,top 10 free games,5,98,247,170,0.51
jeux-societe,JigsawPuzzles,アンチ,5,49,248,116,0.55
jeux-societe,JigsawPuzzles,fun games for adults,5,90,246,51,0.65
jeux-societe,JigsawPuzzles,бесплатно,5,89,250,19,0.83
jeux-societe,JigsawPuzzles,kostenlose,5,86,250,196,0.50
jeux-societe,JigsawPuzzles,fun games for teenagers,5,89,222,86,0.58
jeux-societe,JigsawPuzzles,весёлые игры,5,90,245,99,0.57
jeux-societe,JigsawPuzzles,jigsaw puzzles for kids,5,57,249,2,2.29
jeux-societe,JigsawPuzzles,jigsaw puzzles offline,5,63,250,6,1.24
jeux-societe,JigsawPuzzles,easy puzzle,5,54,248,4,1.49
jeux-societe,JigsawPuzzles,inteligência,5,89,247,106,0.56
jeux-societe,JigsawPuzzles,spirit game,5,,234,55,0.64
jeux-societe,JigsawPuzzles,granted,5,90,241,62,0.62
jeux-societe,JigsawPuzzles,бесплатная игра,5,88,245,155,0.52
jeux-societe,JigsawPuzzles,脳トレ,5,33,235,172,0.51
jeux-societe,JigsawPuzzles,puzzles game,5,95,244,2,2.29
jeux-societe,JigsawPuzzles,mofa,5,55,247,202,0.50
jeux-societe,JigsawPuzzles,gratuite,5,94,249,239,0.48
jeux-societe,JigsawPuzzles,uri,5,89,213,152,0.52
jeux-societe,JigsawPuzzles,gratuits,5,95,249,171,0.51
jeux-societe,JigsawPuzzles,can,5,100,246,111,0.55
jeux-societe,JigsawPuzzles,easy puzzle games,5,58,247,2,2.29
jeux-societe,JigsawPuzzles,محرر الصور,5,92,240,238,0.48
jeux-societe,JigsawPuzzles,rompecabezas inteligentes,5,,164,3,1.74
jeux-societe,JigsawPuzzles,no games,5,91,248,190,0.50
jeux-societe,JigsawPuzzles,vu,5,92,234,64,0.62
jeux-societe,JigsawPuzzles,picture puzzles,5,80,247,7,1.16
jeux-societe,JigsawPuzzles,shapes games,5,66,228,161,0.52
jeux-societe,JigsawPuzzles,математические головоломки,5,51,250,85,0.58
jeux-societe,JigsawPuzzles,puzze,5,62,237,1,5.00
jeux-societe,JigsawPuzzles,easy puzzles,5,56,247,8,1.10
jeux-societe,JigsawPuzzles,no phone,5,68,225,224,0.49
jeux-societe,JigsawPuzzles,машинки для детей,5,57,247,116,0.55
jeux-societe,JigsawPuzzles,写真メモ,5,41,242,53,0.64
jeux-societe,JigsawPuzzles,relief games,5,58,244,93,0.57
jeux-societe,JigsawPuzzles,rompecabeza,5,61,247,1,5.00
jeux-societe,JigsawPuzzles,entrainment,5,72,248,114,0.55
jeux-societe,JigsawPuzzles,foxfi,5,79,249,221,0.49
jeux-societe,JigsawPuzzles,puzzles inteligentes,5,87,248,5,1.34
jeux-societe,JigsawPuzzles,書,5,64,245,222,0.49
jeux-societe,JigsawPuzzles,easybrain,5,81,247,9,1.06
jeux-societe,JigsawPuzzles,遊戲,5,90,248,9,1.06
jeux-societe,JigsawPuzzles,拼图游戏,5,69,245,1,5.00
jeux-societe,JigsawPuzzles,メモパッド,5,40,248,176,0.51
jeux-societe,JigsawPuzzles,jigsaw puzzle kids,5,60,249,10,1.02
jeux-societe,JigsawPuzzles,パズル ゲーム,5,84,231,4,1.49
jeux-societe,JigsawPuzzles,magic box,5,55,247,12,0.96
jeux-societe,JigsawPuzzles,otoño,5,38,234,103,0.56
jeux-societe,JigsawPuzzles,пазл,5,84,247,1,5.00
jeux-societe,JigsawPuzzles,addictive puzzle games,5,40,238,142,0.53
jeux-societe,JigsawPuzzles,jigsaw puzzles hd,5,52,246,30,0.74
jeux-societe,JigsawPuzzles,adults games free apps,5,53,236,206,0.50
jeux-societe,JigsawPuzzles,jigsaw free,5,,250,9,1.06
jeux-societe,JigsawPuzzles,jig saw puzzles,5,57,247,5,1.34
jeux-societe,JigsawPuzzles,pari pro,5,83,248,227,0.49
jeux-societe,JigsawPuzzles,puzzler,5,94,247,11,0.98
jeux-societe,JigsawPuzzles,puzzles logiques nombres,5,47,248,12,0.96
jeux-societe,JigsawPuzzles,pusle,5,96,248,2,2.29
jeux-societe,JigsawPuzzles,puzzles magiques,5,81,246,46,0.67
jeux-societe,JigsawPuzzles,puzzly,5,76,244,173,0.51
jeux-societe,JigsawPuzzles,adult puzzles,5,58,248,8,1.10
jeux-societe,JigsawPuzzles,iibre,5,79,247,95,0.57
jeux-societe,JigsawPuzzles,игра для детей,5,72,246,111,0.55
jeux-societe,JigsawPuzzles,puslespill,5,49,40,1,5.00
jeux-societe,JigsawPuzzles,pokemon puzzle,5,,247,22,0.80
jeux-societe,JigsawPuzzles,hard puzzle,5,68,249,37,0.70
jeux-societe,JigsawPuzzles,jigsaw puzzle world,5,,188,4,1.49
jeux-societe,JigsawPuzzles,pair matching puzzle,5,42,241,142,0.53
jeux-societe,JigsawPuzzles,jigsaw puzzles for kids offline,5,54,247,7,1.16
jeux-societe,JigsawPuzzles,relajantes,5,54,245,30,0.74
jeux-societe,JigsawPuzzles,jigsaw games,5,62,249,14,0.91
jeux-societe,JigsawPuzzles,puzzle app,5,65,249,1,5.00
jeux-societe,JigsawPuzzles,classic puzzle,5,63,248,2,2.29
jeux-societe,JigsawPuzzles,free puzzle,5,65,248,3,1.74
jeux-societe,JigsawPuzzles,join the dots,5,77,230,122,0.55
jeux-societe,JigsawPuzzles,puzzle piece,5,62,250,1,5.00
jeux-societe,JigsawPuzzles,new puzzle,5,52,247,241,0.48
jeux-societe,JigsawPuzzles,puzzle pieces,5,63,250,1,5.00
jeux-societe,JigsawPuzzles,challenging puzzle,5,64,247,234,0.49
jeux-societe,JigsawPuzzles,offline puzzle,5,87,249,9,1.06
jeux-societe,JigsawPuzzles,games mind,5,88,247,15,0.89
jeux-societe,JigsawPuzzles,fun puzzle game,5,85,247,10,1.02
jeux-societe,JigsawPuzzles,offline games ohne internet,5,80,248,233,0.49
jeux-societe,JigsawPuzzles,puzzler game,5,47,247,80,0.59
jeux-societe,JigsawPuzzles,no phone challenge,5,42,247,22,0.80
jeux-societe,JigsawPuzzles,yapboz,5,85,110,1,5.00
jeux-societe,JigsawPuzzles,八字,5,56,248,188,0.50
jeux-societe,JigsawPuzzles,detention game,5,44,249,14,0.91
jeux-societe,JigsawPuzzles,quando,5,51,161,148,0.53
jeux-societe,JigsawPuzzles,puzzle spiel,5,56,250,44,0.67
jeux-societe,JigsawPuzzles,casse tête,5,66,250,12,0.96
jeux-societe,JigsawPuzzles,puzzle solver,5,59,249,53,0.64
jeux-societe,JigsawPuzzles,siti,5,93,250,144,0.53
jeux-societe,JigsawPuzzles,jigsaw game,5,60,248,13,0.93
jeux-societe,JigsawPuzzles,魔術,5,83,230,57,0.63
jeux-societe,JigsawPuzzles,puzzle free,5,58,248,4,1.49
jeux-societe,JigsawPuzzles,jigsaw planet,5,57,250,1,5.00
jeux-societe,JigsawPuzzles,puzzl,5,94,230,1,5.00
jeux-societe,JigsawPuzzles,jigsaw world,5,68,250,108,0.56
jeux-societe,JigsawPuzzles,juegos cerebrales,5,44,249,218,0.49
jeux-societe,JigsawPuzzles,brein,5,91,248,173,0.51
jeux-societe,JigsawPuzzles,nude games,5,25,224,45,0.67
jeux-societe,JigsawPuzzles,puzz,5,93,245,2,2.29
jeux-societe,JigsawPuzzles,jigsaw box,5,68,249,120,0.55
jeux-societe,JigsawPuzzles,adult jigsaw puzzles,5,,245,5,1.34
jeux-societe,JigsawPuzzles,disney puzzle,5,86,232,5,1.34
jeux-societe,JigsawPuzzles,脳,5,48,236,198,0.50
jeux-societe,JigsawPuzzles,lineout,5,81,249,108,0.56
jeux-societe,JigsawPuzzles,jeux de puzzles,5,78,244,1,5.00
jeux-societe,JigsawPuzzles,لعبه الدوده الفضائيه,5,62,269,4,1.49
jeux-societe,JigsawPuzzles,daily jigsaw,5,59,246,107,0.56
jeux-societe,JigsawPuzzles,kids jigsaw puzzle,5,62,245,9,1.06
jeux-societe,JigsawPuzzles,addictive puzzle game,5,59,237,153,0.52
jeux-societe,JigsawPuzzles,art puzzle,5,64,248,228,0.49
jeux-societe,JigsawPuzzles,jig saw,5,71,249,1,5.00
jeux-societe,JigsawPuzzles,dots connect,5,76,248,12,0.96
jeux-societe,JigsawPuzzles,spiele app,5,95,245,28,0.75
jeux-societe,JigsawPuzzles,jig saw puzzle,5,63,249,1,5.00
jeux-societe,JigsawPuzzles,pazzel game,5,95,245,1,5.00
jeux-societe,JigsawPuzzles,сложные головоломки,5,74,247,14,0.91
jeux-societe,JigsawPuzzles,détente,5,40,247,57,0.63
jeux-societe,JigsawPuzzles,gaem,5,86,237,31,0.73
jeux-societe,JigsawPuzzles,العاب ايفون,5,88,248,56,0.64
jeux-societe,JigsawPuzzles,puzzlescapes,5,77,248,5,1.34
jeux-societe,JigsawPuzzles,zimad,5,61,189,7,1.16
jeux-societe,JigsawPuzzles,gime,5,,233,27,0.76
jeux-societe,JigsawPuzzles,undo,5,95,243,181,0.51
jeux-societe,JigsawPuzzles,pieces game,5,47,240,177,0.51
jeux-societe,JigsawPuzzles,jigsaw puzzle offline,5,57,249,6,1.24
jeux-societe,JigsawPuzzles,动图,5,51,248,155,0.52
jeux-societe,JigsawPuzzles,fantasy jigsaw puzzles free,5,,235,32,0.73
jeux-societe,JigsawPuzzles,脑图,5,80,245,81,0.59
jeux-societe,JigsawPuzzles,игры головоломки для взрослых,5,51,248,17,0.86
jeux-societe,JigsawPuzzles,休闲游戏,5,94,239,45,0.67
jeux-societe,JigsawPuzzles,gratuito,5,95,250,129,0.54
jeux-societe,JigsawPuzzles,pone,5,95,243,177,0.51
jeux-societe,JigsawPuzzles,relaxig gmaes,5,40,246,233,0.49
jeux-societe,JigsawPuzzles,fill-a-pix,5,50,247,12,0.96
jeux-societe,JigsawPuzzles,kosten in,5,84,93,6,1.24
jeux-societe,JigsawPuzzles,puzzle ganes,5,94,247,1,5.00
jeux-societe,JigsawPuzzles,applications pour,5,30,244,105,0.56
jeux-societe,JigsawPuzzles,relaxing jigsaw,5,88,249,76,0.60
jeux-societe,JigsawPuzzles,relaxing jigsaws,5,81,249,75,0.60
jeux-societe,JigsawPuzzles,free jigsaw,5,66,250,7,1.16
jeux-societe,JigsawPuzzles,game puzzle,5,62,247,4,1.49
jeux-societe,JigsawPuzzles,free jigzaw,5,41,250,6,1.24
jeux-societe,JigsawPuzzles,de-stress,5,50,241,50,0.65
jeux-societe,JigsawPuzzles,アプリ、,5,42,233,175,0.51
jeux-societe,JigsawPuzzles,games for 6 year,5,66,247,241,0.48
jeux-societe,JigsawPuzzles,puzzle page - daily puzzles!,5,68,248,135,0.54
jeux-societe,JigsawPuzzles,brain puzzle!,5,96,243,103,0.56
jeux-societe,JigsawPuzzles,games puzzles,5,57,245,5,1.34
jeux-societe,JigsawPuzzles,предложения,5,87,249,139,0.53
jeux-societe,JigsawPuzzles,отправляйте,5,72,74,53,0.64
jeux-societe,JigsawPuzzles,puzzle maker,5,48,249,39,0.69
jeux-societe,JigsawPuzzles,pour un,5,81,248,122,0.55
jeux-societe,JigsawPuzzles,pour la,5,89,249,114,0.55
jeux-societe,JigsawPuzzles,pour une,5,77,249,202,0.50
jeux-societe,JigsawPuzzles,application de,5,91,246,200,0.50
jeux-societe,JigsawPuzzles,montant de,5,51,246,150,0.52
jeux-societe,JigsawPuzzles,women’s relief,5,44,249,42,0.68
jeux-societe,JigsawPuzzles,relaxante,5,52,241,154,0.52
jeux-societe,JigsawPuzzles,انترنت,5,79,249,83,0.59
jeux-societe,JigsawPuzzles,pozole,5,93,246,1,5.00
jeux-societe,JigsawPuzzles,difícil,5,74,249,11,0.98
jeux-societe,JigsawPuzzles,Puzzle offline,5,92,249,12,0.96
jeux-societe,JigsawPuzzles,offline puzzle game,5,84,248,34,0.71
jeux-societe,JigsawPuzzles,jeux adultes,5,47,249,5,1.34
jeux-societe,JigsawPuzzles,daily anxiety relief,5,45,245,134,0.54
jeux-societe,JigsawPuzzles,daily stress relief,5,50,246,128,0.54
jeux-societe,JigsawPuzzles,hd offline,5,86,242,186,0.51
jeux-societe,JigsawPuzzles,hd offline app,5,83,243,212,0.49
jeux-societe,JigsawPuzzles,magic jigsaw puzzles puzzle,5,79,245,13,0.93
jeux-societe,JigsawPuzzles,elderly games,5,,212,105,0.56
jeux-societe,JigsawPuzzles,games for the phone,5,42,247,107,0.56
jeux-societe,JigsawPuzzles,games top,5,98,232,167,0.52
jeux-societe,JigsawPuzzles,interent,5,91,250,56,0.64
jeux-societe,JigsawPuzzles,puslespil,5,72,32,1,5.00
jeux-societe,JigsawPuzzles,matchen,5,80,247,12,0.96
jeux-societe,JigsawPuzzles,puzzle-spiel,5,84,249,94,0.57
jeux-societe,JigsawPuzzles,spelen,5,91,250,117,0.55
jeux-societe,JigsawPuzzles,board lite-,5,88,240,227,0.49
jeux-societe,JigsawPuzzles,jigsaw coloring,5,53,241,141,0.53
jeux-societe,JigsawPuzzles,لاعب,5,84,249,84,0.59
jeux-societe,JigsawPuzzles,addicting puzzle games,5,56,239,191,0.50
jeux-societe,JigsawPuzzles,jigsaw puzzle for adults,5,59,247,3,1.74
jeux-societe,JigsawPuzzles,fun puzzle games,5,94,248,161,0.52
jeux-societe,JigsawPuzzles,悲しい,5,50,169,3,1.74
jeux-societe,JigsawPuzzles,기자,5,49,239,172,0.51
jeux-societe,JigsawPuzzles,thân hình,5,37,133,121,0.55
jeux-societe,JigsawPuzzles,go for a jog,5,56,250,92,0.58
jeux-societe,JigsawPuzzles,játék,5,82,191,23,0.79
jeux-societe,JigsawPuzzles,jó játék,5,83,47,4,1.49
jeux-societe,JigsawPuzzles,jó játékok,5,97,202,21,0.81
jeux-societe,JigsawPuzzles,relaxing pictures,5,87,245,152,0.52
jeux-societe,JigsawPuzzles,in-game,5,57,239,237,0.49
jeux-societe,JigsawPuzzles,صورة,5,96,243,172,0.51
jeux-societe,JigsawPuzzles,الرجل,5,82,250,222,0.49
jeux-societe,JigsawPuzzles,اللعبة,5,78,247,22,0.80
jeux-societe,JigsawPuzzles,פאזל,5,97,250,2,2.29
jeux-societe,JigsawPuzzles,锻炼,5,62,248,220,0.49
jeux-societe,JigsawPuzzles,game picture,5,83,237,27,0.76
jeux-societe,JigsawPuzzles,game daily,5,72,244,135,0.54
jeux-societe,JigsawPuzzles,puzzling game,5,96,246,1,5.00
jeux-societe,JigsawPuzzles,shots fired,5,97,246,114,0.55
jeux-societe,JigsawPuzzles,משחקים בחינם,5,92,250,198,0.50
jeux-societe,JigsawPuzzles,ألعاب أطفال,5,72,240,150,0.52
jeux-societe,JigsawPuzzles,puzzle game for free,5,50,248,110,0.56
jeux-societe,JigsawPuzzles,chơi,5,54,246,79,0.59
jeux-societe,JigsawPuzzles,banny sammy - physics puzzle,5,55,247,183,0.51
jeux-societe,JigsawPuzzles,auto photography,5,47,242,192,0.50
jeux-societe,JigsawPuzzles,of free,5,57,241,181,0.51
jeux-societe,JigsawPuzzles,oyunlar zeka,5,88,204,55,0.64
jeux-societe,JigsawPuzzles,beyin ve zeka oyunu,5,87,29,6,1.24
jeux-societe,JigsawPuzzles,one stroke,5,55,248,188,0.50
jeux-societe,JigsawPuzzles,antistress puzzle game,5,46,243,11,0.98
jeux-societe,JigsawPuzzles,juesgos sin internet,5,91,246,153,0.52
jeux-societe,JigsawPuzzles,để,5,86,248,190,0.50
jeux-societe,JigsawPuzzles,chạy,5,94,247,107,0.56
jeux-societe,JigsawPuzzles,cân điện tử,5,84,248,24,0.78
jeux-societe,JigsawPuzzles,đồ ăn,5,82,248,199,0.50
jeux-societe,JigsawPuzzles,adult puzzle,5,62,243,9,1.06
jeux-societe,JigsawPuzzles,đo độ cận,5,86,246,56,0.64
jeux-societe,JigsawPuzzles,jigsaw puzzles for adults hd,5,57,248,9,1.06
jeux-societe,JigsawPuzzles,games adults,5,91,243,84,0.59
jeux-societe,JigsawPuzzles,puzzle.game,5,83,247,1,5.00
jeux-societe,JigsawPuzzles,puz,5,92,247,6,1.24
jeux-societe,JigsawPuzzles,luluca fans,5,55,249,6,1.24
jeux-societe,JigsawPuzzles,jigs,5,71,247,5,1.34
jeux-societe,JigsawPuzzles,puzle games,5,94,247,1,5.00
jeux-societe,JigsawPuzzles,puzzlespiel für mädchen und jungen,5,40,249,42,0.68
jeux-societe,JigsawPuzzles,puzzlespiele,5,69,249,3,1.74
jeux-societe,JigsawPuzzles,spielen ohne internet,5,97,249,52,0.65
jeux-societe,JigsawPuzzles,jigsaw puzzle block puzzle,5,60,248,33,0.72
jeux-societe,JigsawPuzzles,jig saw game,5,42,248,12,0.96
jeux-societe,JigsawPuzzles,jigsaw puzzle block puzzle offline,5,79,248,27,0.76
jeux-societe,JigsawPuzzles,jigsaw game offline,5,79,245,18,0.84
jeux-societe,JigsawPuzzles,jigsaw puzzles offline for kids,5,53,247,13,0.93
jeux-societe,JigsawPuzzles,jigsaw puzzles offline no ads,5,54,246,4,1.49
jeux-societe,JigsawPuzzles,jigsaw puzzles offline and without wifi,5,79,247,6,1.24
jeux-societe,JigsawPuzzles,jigsaw games offline,5,50,248,24,0.78
jeux-societe,JigsawPuzzles,jigsaw puzzle game offline,5,79,249,21,0.81
jeux-societe,JigsawPuzzles,jigsaw puzzles offline game,5,79,246,9,1.06
jeux-societe,JigsawPuzzles,puzzle jigsaw games offline,5,79,249,8,1.10
jeux-societe,JigsawPuzzles,jigsaw puzzle games offline low mb,5,54,249,41,0.68
jeux-societe,JigsawPuzzles,kinder educational lernspiele mit jigsaw,5,53,247,23,0.79
jeux-societe,JigsawPuzzles,jigsaw puzzle game,5,66,248,2,2.29
jeux-societe,JigsawPuzzles,jigsaw puzzles offline games,5,79,249,7,1.16
jeux-societe,JigsawPuzzles,jigsaw puzzles offline low mb,5,51,246,9,1.06
jeux-societe,JigsawPuzzles,jigsaw puzzle game for girls,5,58,247,10,1.02
jeux-societe,JigsawPuzzles,anti stress game anti stress game,5,45,238,195,0.50
jeux-societe,JigsawPuzzles,block puzzels games,5,76,241,33,0.72
jeux-societe,JigsawPuzzles,easy kid puzzles,5,62,249,1,5.00
jeux-societe,JigsawPuzzles,great puzzle games,5,49,244,122,0.55
jeux-societe,JigsawPuzzles,halloween jigsaw puzzles,5,52,248,135,0.54
jeux-societe,JigsawPuzzles,jig saw puzzle games offline,5,79,249,9,1.06
jeux-societe,JigsawPuzzles,jig saw puzzle games,5,56,249,2,2.29
jeux-societe,JigsawPuzzles,jigsaw puzzle games offline for girls,5,79,248,12,0.96
jeux-societe,JigsawPuzzles,jigsaw puzzle games offline for kids,5,79,250,1,5.00
jeux-societe,JigsawPuzzles,jigsaw puzzle offline for kids,5,79,249,25,0.77
jeux-societe,JigsawPuzzles,jigsaw puzzle offline for girls,5,50,247,52,0.65
jeux-societe,JigsawPuzzles,jigsaw puzzle offline games,5,79,249,11,0.98
jeux-societe,JigsawPuzzles,jigsaw puzzles block puzzle,5,79,248,27,0.76
jeux-societe,JigsawPuzzles,jigsaw puzzle world game,5,54,246,24,0.78
jeux-societe,JigsawPuzzles,jigsaw puzzles for kids girls,5,51,246,9,1.06
jeux-societe,JigsawPuzzles,jigsaw puzzles offline free for kids,5,79,247,12,0.96
jeux-societe,JigsawPuzzles,jigsaw puzzles puzzle,5,80,247,19,0.83
jeux-societe,JigsawPuzzles,jigsaw puzzles puzzle game,5,57,246,1,5.00
jeux-societe,JigsawPuzzles,magic jigsaw puzzles puzzle game,5,80,245,10,1.02
jeux-societe,JigsawPuzzles,magic jigsaw puzzles puzzle games,5,80,245,1,5.00
jeux-societe,JigsawPuzzles,magic jigsaw puzzles puzzles,5,79,244,8,1.10
jeux-societe,JigsawPuzzles,more puzzles game,5,69,245,8,1.10
jeux-societe,JigsawPuzzles,more puzzles,5,65,242,31,0.73
jeux-societe,JigsawPuzzles,new puzzle game easy,5,44,246,202,0.50
jeux-societe,JigsawPuzzles,puzzle game app,5,94,244,1,5.00
jeux-societe,JigsawPuzzles,puzzle game easy,5,50,248,2,2.29
jeux-societe,JigsawPuzzles,puzzle game easy game,5,68,239,50,0.65
jeux-societe,JigsawPuzzles,puzzle game easy puzzle game,5,66,235,42,0.68
jeux-societe,JigsawPuzzles,relax jigsaw puzzle offline games,5,79,248,10,1.02
jeux-societe,JigsawPuzzles,solving games for girls,5,32,240,102,0.56
jeux-societe,JigsawPuzzles,toddler puzzles games for kids,5,95,247,1,5.00
jeux-societe,JigsawPuzzles,toddler puzzles games,5,95,247,1,5.00
jeux-societe,JigsawPuzzles,fun games for girls offline 2021,5,76,241,40,0.69
jeux-societe,JigsawPuzzles,두뇌퍼즐,5,75,232,1,5.00
jeux-societe,JigsawPuzzles,논리,5,49,244,190,0.50
jeux-societe,JigsawPuzzles,jigsaw puzzle games bilder,5,79,248,14,0.91
jeux-societe,JigsawPuzzles,puzzle bemalen,5,40,248,27,0.76
jeux-societe,JigsawPuzzles,legpuzzel kinderen,5,78,250,86,0.58
jeux-societe,JigsawPuzzles,puzzelen,5,78,249,3,1.74
jeux-societe,JigsawPuzzles,puzzel spelletjes,5,76,223,1,5.00
jeux-societe,JigsawPuzzles,puzels games,5,82,245,2,2.29
jeux-societe,JigsawPuzzles,puzzels games,5,94,247,1,5.00
jeux-societe,JigsawPuzzles,puzzel app,5,70,250,1,5.00
jeux-societe,JigsawPuzzles,puzzel apps,5,82,249,1,5.00
jeux-societe,JigsawPuzzles,leg puzzel,5,51,191,2,2.29
jeux-societe,JigsawPuzzles,puzzel games ofline,5,81,248,42,0.68
jeux-societe,JigsawPuzzles,puzzle games offline,5,96,247,7,1.16
jeux-societe,JigsawPuzzles,Color Memory Game,5,56,200,168,0.51
jeux-societe,JigsawPuzzles,relax puzzles,5,67,250,115,0.55
jeux-societe,JigsawPuzzles,spelletjes voor in de auto,5,86,247,13,0.93
jeux-societe,JigsawPuzzles,spel voor,5,89,250,101,0.56
jeux-societe,JigsawPuzzles,games offline and without wifi for girls,5,79,247,215,0.49
jeux-societe,JigsawPuzzles,games offline and without wifi for girl,5,79,246,200,0.50
jeux-societe,JigsawPuzzles,? puzzels,5,52,236,97,0.57
jeux-societe,JigsawPuzzles,puzzels ?,5,52,238,92,0.58
jeux-societe,JigsawPuzzles,memory image,5,42,238,235,0.49
jeux-societe,JigsawPuzzles,لعبت,5,89,246,33,0.72
jeux-societe,JigsawPuzzles,العاب دودات,5,85,274,35,0.71
jeux-societe,JigsawPuzzles,لعبه السلبوح,5,78,267,5,1.34
jeux-societe,JigsawPuzzles,القتال,5,51,249,102,0.56
jeux-societe,JigsawPuzzles,mind puzzls,5,75,245,106,0.56
jeux-societe,JigsawPuzzles,joinme,5,81,223,127,0.54
jeux-societe,JigsawPuzzles,leni,5,84,190,25,0.77
jeux-societe,JigsawPuzzles,smart challenging,5,42,246,150,0.52
jeux-societe,JigsawPuzzles,challenging smart,5,42,246,144,0.53
jeux-societe,JigsawPuzzles,challenging relaxing,5,54,250,197,0.50
jeux-societe,JigsawPuzzles,relaxing smart,5,87,247,93,0.57
jeux-societe,JigsawPuzzles,گربه,5,65,249,101,0.56
jeux-societe,JigsawPuzzles,puzzle-spiele,5,70,249,8,1.10
jeux-societe,JigsawPuzzles,gıda,5,98,250,224,0.49
jeux-societe,JigsawPuzzles,gå apps,5,83,246,158,0.52
jeux-societe,JigsawPuzzles,puzlle,5,77,247,1,5.00
jeux-societe,JigsawPuzzles,smart lesen,5,84,248,160,0.52
jeux-societe,JigsawPuzzles,i.o,5,93,248,236,0.49
jeux-societe,JigsawPuzzles,rompecabezas hd,5,46,250,80,0.59
jeux-societe,JigsawPuzzles,puzzle rompecabezas,5,55,248,1,5.00
jeux-societe,JigsawPuzzles,rompecabezas hd - puzzles,5,50,248,2,2.29
jeux-societe,JigsawPuzzles,jig puzzle,5,54,250,3,1.74
jeux-societe,JigsawPuzzles,pieces puzzle,5,40,227,171,0.51
jeux-societe,JigsawPuzzles,rompicapo hd,5,87,88,5,1.34
jeux-societe,JigsawPuzzles,stress daily,5,42,245,49,0.66
jeux-societe,JigsawPuzzles,life challenges,5,81,244,80,0.59
jeux-societe,JigsawPuzzles,no wifi puzzle games,5,93,247,23,0.79
jeux-societe,JigsawPuzzles,the puzzle,5,88,249,2,2.29
jeux-societe,JigsawPuzzles,cat color sort puzzle,5,49,210,58,0.63
jeux-societe,JigsawPuzzles,nudity games,5,23,243,143,0.53
jeux-societe,JigsawPuzzles,ez game,5,85,247,171,0.51
jeux-societe,JigsawPuzzles,passatempo,5,54,156,9,1.06
jeux-societe,JigsawPuzzles,quebra cabeça,5,56,247,3,1.74
jeux-societe,JigsawPuzzles,логикуум,5,58,246,2,2.29
jeux-societe,JigsawPuzzles,puzzable,5,83,246,1,5.00
jeux-societe,JigsawPuzzles,legpuzzel,5,33,19,3,1.74
jeux-societe,JigsawPuzzles,tutto gratis,5,94,250,101,0.56
jeux-societe,JigsawPuzzles,日语动漫,5,42,244,105,0.56
jeux-societe,JigsawPuzzles,puzzlr,5,98,250,2,2.29
jeux-societe,JigsawPuzzles,clean master +,5,40,247,231,0.49
jeux-societe,JigsawPuzzles,the gaem,5,32,240,179,0.51
jeux-societe,JigsawPuzzles,libre 3,5,80,248,146,0.53
jeux-societe,JigsawPuzzles,offline jigsaw,5,66,250,23,0.79
jeux-societe,JigsawPuzzles,stress reduction,5,94,249,80,0.59
jeux-societe,JigsawPuzzles,app jigsaw puzzle attraction,5,47,246,19,0.83
jeux-societe,JigsawPuzzles,daily jigsaw puzzles,5,,249,7,1.16
jeux-societe,JigsawPuzzles,palapeli,5,29,19,15,0.89
jeux-societe,JigsawPuzzles,jigsaws,5,68,250,34,0.71
jeux-societe,JigsawPuzzles,disneypuzzle,5,85,225,20,0.82
jeux-societe,JigsawPuzzles,j2me,5,98,245,220,0.49
jeux-societe,JigsawPuzzles,puzzle gam,5,79,247,4,1.49
jeux-societe,JigsawPuzzles,hijsaw puzzle,5,79,248,70,0.61
jeux-societe,JigsawPuzzles,אינטרנט,5,84,247,145,0.53
jeux-societe,JigsawPuzzles,puzzle challenge,5,92,249,141,0.53
jeux-societe,JigsawPuzzles,param,5,77,249,249,0.48
jeux-societe,JigsawPuzzles,artio,5,,32,19,0.83
jeux-societe,JigsawPuzzles,classic jigsaw puzzles,5,61,249,8,1.10
jeux-societe,JigsawPuzzles,sill,5,74,234,96,0.57
jeux-societe,JigsawPuzzles,phone memos,5,65,245,206,0.50
jeux-societe,JigsawPuzzles,number ten,5,53,250,168,0.51
jeux-societe,JigsawPuzzles,matching of ten,5,87,246,118,0.55
jeux-societe,JigsawPuzzles,(semi ads),5,86,240,97,0.57
jeux-societe,JigsawPuzzles,art jigsaw puzzles,5,,248,208,0.50
jeux-societe,JigsawPuzzles,enquanto,5,74,246,6,1.24
jeux-societe,JigsawPuzzles,satta,5,48,156,96,0.57
jeux-societe,JigsawPuzzles,blasrt,5,96,248,193,0.50
jeux-societe,JigsawPuzzles,jogos relaxantes,5,75,249,53,0.64
jeux-societe,JigsawPuzzles,Секс игра,5,34,247,178,0.51
jeux-societe,JigsawPuzzles,بازی بزرگسال,5,64,248,8,1.10
jeux-societe,JigsawPuzzles,jogo de quebra-cabeça,5,81,248,2,2.29
jeux-societe,JigsawPuzzles,puzzles no wifi,5,92,248,2,2.29
jeux-societe,JigsawPuzzles,S&P,5,100,239,172,0.51
jeux-societe,JigsawPuzzles,adult games for,5,83,226,217,0.49
jeux-societe,JigsawPuzzles,tro chơi,5,96,244,183,0.51
jeux-societe,JigsawPuzzles,pony jigsaw puzzles,5,51,240,28,0.75
jeux-societe,JigsawPuzzles,jigsaw puzzles with pony,5,33,178,1,5.00
jeux-societe,JigsawPuzzles,5g blocker,5,86,246,158,0.52
jeux-societe,JigsawPuzzles,games​,5,61,248,47,0.66
jeux-societe,JigsawPuzzles,games. for free,5,72,248,56,0.64
jeux-societe,JigsawPuzzles,adult ​game,5,46,249,53,0.64
jeux-societe,JigsawPuzzles,board games⋆,5,68,248,223,0.49
jeux-societe,JigsawPuzzles,free adult games for ipad,5,47,244,116,0.55
jeux-societe,JigsawPuzzles,drunk games for couples,5,97,241,233,0.49
jeux-societe,JigsawPuzzles,games you,5,59,247,243,0.48
jeux-societe,JigsawPuzzles,top 100 games,5,98,231,177,0.51
jeux-societe,JigsawPuzzles,games for all,5,89,247,242,0.48
jeux-societe,JigsawPuzzles,r rated games,5,59,248,172,0.51
jeux-societe,JigsawPuzzles,fun games for when you are bored,5,48,244,233,0.49
jeux-societe,JigsawPuzzles,boob games,5,77,243,110,0.56
jeux-societe,JigsawPuzzles,2d adult games,5,44,240,145,0.53
jeux-societe,JigsawPuzzles,adult board games for 2,5,42,243,242,0.48
jeux-societe,JigsawPuzzles,adult board games for two,5,42,240,226,0.49
jeux-societe,JigsawPuzzles,adult games for iphone,5,81,233,179,0.51
jeux-societe,JigsawPuzzles,adult games on iphone,5,41,245,122,0.55
jeux-societe,JigsawPuzzles,adult world games,5,41,238,97,0.57
jeux-societe,JigsawPuzzles,best adult board games for 2,5,41,242,207,0.50
jeux-societe,JigsawPuzzles,best adult board games for 2020,5,40,243,174,0.51
jeux-societe,JigsawPuzzles,best adult board games of 2020,5,40,246,201,0.50
jeux-societe,JigsawPuzzles,best board games adults 2020,5,56,248,233,0.49
jeux-societe,JigsawPuzzles,best board games for 2 adults,5,40,248,208,0.50
jeux-societe,JigsawPuzzles,best board games for adults,5,53,248,172,0.51
jeux-societe,JigsawPuzzles,best board games for adults 2018,5,54,249,169,0.51
jeux-societe,JigsawPuzzles,best board games for adults 2020,5,53,248,186,0.51
jeux-societe,JigsawPuzzles,best board games for adults 2021,5,54,248,123,0.54
jeux-societe,JigsawPuzzles,best board games for adults all time,5,54,248,136,0.53
jeux-societe,JigsawPuzzles,best board games for adults for 2,5,40,248,172,0.51
jeux-societe,JigsawPuzzles,best board games for two adults,5,40,248,236,0.49
jeux-societe,JigsawPuzzles,best board games of 2020 for adults,5,56,248,216,0.49
jeux-societe,JigsawPuzzles,best new board games 2020 for adults,5,59,248,151,0.52
jeux-societe,JigsawPuzzles,board games for 2 people adults,5,40,247,205,0.50
jeux-societe,JigsawPuzzles,clean adult board games,5,47,246,177,0.51
jeux-societe,JigsawPuzzles,couple dare games,5,97,243,239,0.48
jeux-societe,JigsawPuzzles,couple games ldr,5,91,249,248,0.48
jeux-societe,JigsawPuzzles,easy adult board games,5,40,248,155,0.52
jeux-societe,JigsawPuzzles,easy board games for adults,5,60,249,95,0.57
jeux-societe,JigsawPuzzles,easy games for adults to play at home,5,40,250,193,0.50
jeux-societe,JigsawPuzzles,free adult games for iphone,5,42,240,121,0.55
jeux-societe,JigsawPuzzles,free adult mobile games,5,41,240,230,0.49
jeux-societe,JigsawPuzzles,free adult phone games,5,47,239,69,0.61
jeux-societe,JigsawPuzzles,free hd adult games,5,41,245,85,0.58
jeux-societe,JigsawPuzzles,free interactive adult games,5,41,234,75,0.60
jeux-societe,JigsawPuzzles,free offline adult games,5,75,244,216,0.49
jeux-societe,JigsawPuzzles,fun adult board games,5,40,244,237,0.49
jeux-societe,JigsawPuzzles,fun adult board games for 2,5,41,242,77,0.60
jeux-societe,JigsawPuzzles,fun adults board games,5,55,249,221,0.49
jeux-societe,JigsawPuzzles,fun board games for two adults,5,40,248,213,0.49
jeux-societe,JigsawPuzzles,fun clean adult games,5,41,242,234,0.49
jeux-societe,JigsawPuzzles,fun games to play as adults,5,40,247,245,0.48
jeux-societe,JigsawPuzzles,fun games to play at home for adults,5,58,247,245,0.48
jeux-societe,JigsawPuzzles,fun interactive games for adults,5,42,247,38,0.70
jeux-societe,JigsawPuzzles,good board games for adults,5,60,247,227,0.49
jeux-societe,JigsawPuzzles,good board games for two adults,5,40,247,200,0.50
jeux-societe,JigsawPuzzles,great adult board games,5,40,245,222,0.49
jeux-societe,JigsawPuzzles,great board games for adults,5,57,247,231,0.49
jeux-societe,JigsawPuzzles,interactive adult games online,5,41,238,192,0.50
jeux-societe,JigsawPuzzles,intimate couples game,5,97,240,223,0.49
jeux-societe,JigsawPuzzles,list of board games for adults,5,84,245,106,0.56
jeux-societe,JigsawPuzzles,旅行日语,5,64,241,173,0.51
jeux-societe,JigsawPuzzles,image puzzle,5,59,246,213,0.49
jeux-societe,JigsawPuzzles,puzzles blast,5,96,237,138,0.53
jeux-societe,JigsawPuzzles,gratis free,5,91,250,107,0.56
jeux-societe,JigsawPuzzles,wifi seguro gratis,5,87,246,225,0.49
jeux-societe,JigsawPuzzles,free de,5,86,248,121,0.55
jeux-societe,JigsawPuzzles,l'application,5,87,249,178,0.51
jeux-societe,JigsawPuzzles,stress les,5,35,94,42,0.68
jeux-societe,JigsawPuzzles,jigsaw puzzle no ads,5,,249,5,1.34
jeux-societe,JigsawPuzzles,puzle game,5,95,244,2,2.29
jeux-societe,JigsawPuzzles,kirakós,5,88,74,1,5.00
jeux-societe,JigsawPuzzles,ltd.,5,100,250,153,0.52
jeux-societe,JigsawPuzzles,câu đố,5,81,248,234,0.49
jeux-societe,JigsawPuzzles,game xếp hình,5,,244,10,1.02
jeux-societe,JigsawPuzzles,jogo gratuito,5,79,242,121,0.55
jeux-societe,JigsawPuzzles,Jigsaw tracker,5,37,194,8,1.10
jeux-societe,JigsawPuzzles,stress relief gamr,5,40,241,127,0.54
jeux-societe,JigsawPuzzles,measure stress,5,40,246,220,0.49
jeux-societe,JigsawPuzzles,kids relaxing,5,96,243,230,0.49
jeux-societe,JigsawPuzzles,ال جي سمارت,5,98,170,22,0.80
jeux-societe,JigsawPuzzles,điện thoại,5,96,248,221,0.49
jeux-societe,JigsawPuzzles,直,5,61,245,101,0.56
jeux-societe,JigsawPuzzles,jigsaw puzzles!,5,54,243,2,2.29
jeux-societe,JigsawPuzzles,board gmes,5,93,247,138,0.53
jeux-societe,JigsawPuzzles,interactive puzzles,5,73,245,36,0.70
jeux-societe,JigsawPuzzles,ki kostenlos,5,95,248,66,0.62
jeux-societe,JigsawPuzzles,adsfree game,5,40,250,247,0.48
jeux-societe,JigsawPuzzles,games for adukts,5,94,247,174,0.51
jeux-societe,JigsawPuzzles,5s audit,5,85,240,143,0.53
jeux-societe,JigsawPuzzles,piele,5,95,250,149,0.53
jeux-societe,JigsawPuzzles,每日语录,5,78,248,190,0.50
jeux-societe,JigsawPuzzles,ألعب,5,88,246,150,0.52
jeux-societe,JigsawPuzzles,like puzzle,5,80,244,53,0.64
jeux-societe,JigsawPuzzles,games relief,5,40,243,83,0.59
jeux-societe,JigsawPuzzles,i picture,5,94,247,176,0.51
jeux-societe,JigsawPuzzles,المؤذن الجديد والاقامه بدون نت,5,69,273,23,0.79
jeux-societe,JigsawPuzzles,zig zag puzzle,5,62,250,103,0.56
jeux-societe,JigsawPuzzles,elderly dating,5,,190,152,0.52
jeux-societe,JigsawPuzzles,ad free gaming,5,76,244,188,0.50
jeux-societe,JigsawPuzzles,اذان الصلاه في وقتها بدون نت,5,75,269,54,0.64
jeux-societe,JigsawPuzzles,hard easy,5,95,244,87,0.58
jeux-societe,JigsawPuzzles,ad free puzzle games,5,82,247,15,0.89
jeux-societe,JigsawPuzzles,jigsaw-puzzle,5,65,235,49,0.66
jeux-societe,JigsawPuzzles,jigsaw puzzle+,5,51,249,11,0.98
jeux-societe,JigsawPuzzles,Cute Jigsaw Puzzles for Adults,5,52,245,16,0.87
jeux-societe,JigsawPuzzles,Pattern puzzle,5,60,249,8,1.10
jeux-societe,JigsawPuzzles,puzlee,5,94,246,1,5.00
jeux-societe,JigsawPuzzles,free a i,5,89,246,136,0.53
jeux-societe,JigsawPuzzles,HD gaming,5,48,240,18,0.84
jeux-societe,JigsawPuzzles,von smart,5,40,236,177,0.51
jeux-societe,JigsawPuzzles,存照片,5,92,246,232,0.49
jeux-societe,JigsawPuzzles,免费wifi,5,97,249,85,0.58
jeux-societe,JigsawPuzzles,stickerbook,5,77,223,37,0.70
jeux-societe,JigsawPuzzles,image matching,5,87,238,202,0.50
jeux-societe,JigsawPuzzles,match image puzzle,5,46,202,88,0.58
jeux-societe,JigsawPuzzles,加工 写真,5,62,241,90,0.58
jeux-societe,JigsawPuzzles,daily mindfulness challenge,5,84,77,26,0.76
jeux-societe,JigsawPuzzles,gameoflife,5,78,234,194,0.50
jeux-societe,JigsawPuzzles,局,5,63,243,160,0.52
jeux-societe,JigsawPuzzles,lo.go,5,63,249,223,0.49
jeux-societe,JigsawPuzzles,bard art,5,97,245,77,0.60
jeux-societe,JigsawPuzzles,puzzles for seniors,5,57,247,12,0.96
jeux-societe,JigsawPuzzles,challenging puzzles,5,89,249,4,1.49
jeux-societe,JigsawPuzzles,puzzzle,5,67,250,1,5.00
jeux-societe,JigsawPuzzles,Mindful Me,5,54,246,233,0.49
jeux-societe,JigsawPuzzles,daily anxiety,5,51,247,119,0.55
jeux-societe,JigsawPuzzles,daily anxiety free,5,42,249,207,0.50
jeux-societe,JigsawPuzzles,no wifi -,5,87,246,127,0.54
jeux-societe,JigsawPuzzles,sức khỏe tinh thần,5,45,242,217,0.49
jeux-societe,JigsawPuzzles,Match Art,5,52,225,145,0.53
jeux-societe,JigsawPuzzles,محول الصور,5,,240,237,0.49
jeux-societe,JigsawPuzzles,jigsaw block,5,82,250,7,1.16
jeux-societe,JigsawPuzzles,line of blocks,5,98,245,33,0.72
jeux-societe,JigsawPuzzles,jigsaw puzzles for seniors,5,58,249,17,0.86
jeux-societe,JigsawPuzzles,seniors puzzles,5,50,247,49,0.66
jeux-societe,JigsawPuzzles,kostenlos;,5,89,249,130,0.54
jeux-societe,JigsawPuzzles,no adds games,5,95,248,197,0.50
jeux-societe,JigsawPuzzles,l games,5,78,243,187,0.51
jeux-societe,JigsawPuzzles,Pazzl game,5,95,246,1,5.00
jeux-societe,JigsawPuzzles,بازل,5,86,242,1,5.00
jeux-societe,JigsawPuzzles,puzzle games no ads,5,96,249,169,0.51
jeux-societe,JigsawPuzzles,In memory,5,82,237,77,0.60
jeux-societe,JigsawPuzzles,spill for barn gratis er,5,78,78,2,2.29
jeux-societe,JigsawPuzzles,jogo adulto,5,23,248,64,0.62
jeux-societe,JigsawPuzzles,tête à tête,5,80,249,88,0.58
jeux-societe,JigsawPuzzles,tête jeu,5,65,247,175,0.51
jeux-societe,JigsawPuzzles,ss game,5,82,241,211,0.49
jeux-societe,JigsawPuzzles,true people,5,72,116,92,0.58
jeux-societe,JigsawPuzzles,game for smart girls,5,40,241,213,0.49
jeux-societe,JigsawPuzzles,peaceful mind,5,44,245,68,0.61
jeux-societe,JigsawPuzzles,no-wifi games,5,77,243,169,0.51
jeux-societe,JigsawPuzzles,juegode adulto,5,40,247,21,0.81
jeux-societe,JigsawPuzzles,juegos de adultoa,5,40,245,40,0.69
jeux-societe,JigsawPuzzles,挑战,5,80,246,146,0.53
jeux-societe,JigsawPuzzles,daily dog,5,54,220,85,0.58
jeux-societe,JigsawPuzzles,sleep over games,5,96,240,231,0.49
jeux-societe,JigsawPuzzles,adult games ๏,5,42,227,142,0.53
jeux-societe,JigsawPuzzles,i have a board games,5,55,246,231,0.49
jeux-societe,JigsawPuzzles,2048 match,5,48,243,170,0.51
jeux-societe,JigsawPuzzles,match3d puzzle,5,63,237,208,0.50
jeux-societe,JigsawPuzzles,No ads  puzzle game,5,,245,151,0.52
jeux-societe,JigsawPuzzles,puzl,5,,242,2,2.29
jeux-societe,JigsawPuzzles,stress & anxiety relief games,5,49,242,220,0.49
jeux-societe,JigsawPuzzles,puzzle solving game,5,32,247,22,0.80
jeux-societe,JigsawPuzzles,stress anxiety relief games,5,50,243,56,0.64
jeux-societe,JigsawPuzzles,no adult,5,67,247,130,0.54
jeux-societe,JigsawPuzzles,jeux adult,5,31,246,20,0.82
jeux-societe,JigsawPuzzles,more daily,5,54,239,127,0.54
jeux-societe,JigsawPuzzles,match picture,5,72,220,107,0.56
jeux-societe,JigsawPuzzles,interet,5,88,250,69,0.61
jeux-societe,JigsawPuzzles,ai interactive,5,84,218,201,0.50
jeux-societe,JigsawPuzzles,no internet puzzle games,5,91,245,7,1.16
jeux-societe,JigsawPuzzles,ذاكرة,5,48,249,67,0.61
jeux-societe,JigsawPuzzles,phone anxiety,5,45,246,37,0.70
jeux-societe,JigsawPuzzles,jigsaw puzzles for ipad free no ads,5,75,245,30,0.74
jeux-societe,JigsawPuzzles,anti-stess,5,49,238,136,0.53
jeux-societe,JigsawPuzzles,pour puzzle,5,55,248,124,0.54
jeux-societe,JigsawPuzzles,brain dialy games,5,40,247,160,0.52
jeux-societe,JigsawPuzzles,NoStress,5,52,247,244,0.48
jeux-societe,JigsawPuzzles,puzzle gsme,5,95,246,11,0.98
jeux-societe,JigsawPuzzles,offline pro,5,,243,151,0.52
jeux-societe,JigsawPuzzles,forță,5,97,250,232,0.49
jeux-societe,JigsawPuzzles,Interactive kids games,5,50,225,80,0.59
jeux-societe,JigsawPuzzles,un stress,5,25,58,24,0.78
jeux-societe,JigsawPuzzles,adul,5,68,195,162,0.52
jeux-societe,JigsawPuzzles,number puzzle game,5,75,249,13,0.93
jeux-societe,JigsawPuzzles,интелектуальные игры,5,85,248,29,0.74
jeux-societe,JigsawPuzzles,每日照片,5,68,216,25,0.77
jeux-societe,JigsawPuzzles,приложение для,5,95,243,105,0.56
jeux-societe,JigsawPuzzles,2nd line phones,5,52,229,205,0.50
jeux-societe,JigsawPuzzles,🚀,5,89,245,245,0.48
jeux-societe,JigsawPuzzles,wifi puzzles,5,43,247,92,0.58
jeux-societe,JigsawPuzzles,easy to learn board games for kids,5,76,245,31,0.73
jeux-societe,JigsawPuzzles,free pads,5,80,250,224,0.49
jeux-societe,JigsawPuzzles,easy to play games,5,90,229,131,0.54
jeux-societe,JigsawPuzzles,Christmas Kid's Jigsaw Puzzles,5,46,242,36,0.70
jeux-societe,JigsawPuzzles,free of ad,5,70,241,161,0.52
jeux-societe,JigsawPuzzles,游戏每日照片,5,27,26,4,1.49
jeux-societe,JigsawPuzzles,益智,5,81,241,4,1.49
jeux-societe,JigsawPuzzles,艺术游戏,5,35,232,93,0.57
jeux-societe,JigsawPuzzles,挑战游戏,5,77,244,203,0.50
jeux-societe,JigsawPuzzles,益智游戏,5,82,247,6,1.24
jeux-societe,JigsawPuzzles,中国益智游戏,5,54,249,13,0.93
jeux-societe,JigsawPuzzles,中国游戏,5,91,248,78,0.59
jeux-societe,JigsawPuzzles,hd puzzle,5,74,245,64,0.62
jeux-societe,JigsawPuzzles,jigsaw puzzle ipad,5,80,245,125,0.54
jeux-societe,JigsawPuzzles,magico jigsaw,5,81,243,56,0.64
jeux-societe,JigsawPuzzles,fun and challenging puzzle games,5,79,249,5,1.34
jeux-societe,JigsawPuzzles,lela,5,91,250,237,0.49
jeux-societe,JigsawPuzzles,jigsaw puzzles game,5,56,243,1,5.00
jeux-societe,JigsawPuzzles,jigsw,5,82,249,1,5.00
jeux-societe,JigsawPuzzles,apparent,5,95,249,225,0.49
jeux-societe,JigsawPuzzles,meme boar,5,84,51,21,0.81
jeux-societe,JigsawPuzzles,santa meme,5,37,241,152,0.52
jeux-societe,JigsawPuzzles,off mind,5,41,185,185,0.51
jeux-societe,JigsawPuzzles,matching and patterns,5,42,245,75,0.60
jeux-societe,JigsawPuzzles,girls photography,5,48,175,31,0.73
jeux-societe,JigsawPuzzles,pics daily,5,53,238,226,0.49
jeux-societe,JigsawPuzzles,muzzle,5,98,250,202,0.50
jeux-societe,JigsawPuzzles,magic jigsaws,5,81,246,49,0.66
jeux-societe,JigsawPuzzles,mind gaems,5,90,248,26,0.76
jeux-societe,JigsawPuzzles,daily jigsaws,5,45,243,42,0.68
jeux-societe,JigsawPuzzles,jigsaws for seniors,5,56,247,19,0.83
jeux-societe,JigsawPuzzles,juegos adulte,5,40,247,183,0.51
jeux-societe,JigsawPuzzles,jig saw games,5,59,249,14,0.91
jeux-societe,JigsawPuzzles,solving jigsaw puzzles,5,59,247,10,1.02
jeux-societe,JigsawPuzzles,solving jigsaw,5,50,249,75,0.60
jeux-societe,JigsawPuzzles,leg puzzels,5,56,88,1,5.00
jeux-societe,JigsawPuzzles,puzell,5,93,246,1,5.00
jeux-societe,JigsawPuzzles,jigsaw puzzles - puzzle game,5,84,242,2,2.29
jeux-societe,JigsawPuzzles,brain stress,5,69,237,135,0.54
jeux-societe,JigsawPuzzles,kids automotive puzzle,5,56,250,131,0.54
jeux-societe,JigsawPuzzles,auto fun,5,88,229,98,0.57
jeux-societe,JigsawPuzzles,daily gaems,5,49,245,77,0.60
jeux-societe,JigsawPuzzles,puzzle puzzles,5,56,250,117,0.55
jeux-societe,JigsawPuzzles,pad image,5,59,246,103,0.56
jeux-societe,JigsawPuzzles,puzzle pad,5,91,244,36,0.70
jeux-societe,JigsawPuzzles,pad puzzle,5,88,246,39,0.69
jeux-societe,JigsawPuzzles,daiy art,5,40,244,224,0.49
jeux-societe,JigsawPuzzles,binairo plus,5,88,248,190,0.50
jeux-societe,JigsawPuzzles,tappuzzle,5,46,239,112,0.55
jeux-societe,JigsawPuzzles,seniow games,5,88,248,172,0.51
jeux-societe,JigsawPuzzles,休闲益智,5,69,246,117,0.55
jeux-societe,JigsawPuzzles,智力,5,80,250,213,0.49
jeux-societe,JigsawPuzzles,通关,5,81,249,72,0.60
jeux-societe,JigsawPuzzles,người chơi,5,34,244,72,0.60
jeux-societe,JigsawPuzzles,connection games,5,,237,215,0.49
jeux-societe,JigsawPuzzles,每日艺术,5,44,152,15,0.89
jeux-societe,JigsawPuzzles,findependence,5,42,204,18,0.84
jeux-societe,JigsawPuzzles,kim's game,5,83,224,172,0.51
jeux-societe,JigsawPuzzles,머리 합성,5,,231,126,0.54
jeux-societe,JigsawPuzzles,two player gmaes,5,97,239,212,0.49
jeux-societe,JigsawPuzzles,jugeos,5,92,249,125,0.54
jeux-societe,JigsawPuzzles,daikyart,5,31,232,84,0.59
jeux-societe,JigsawPuzzles,juegos  juegos infantiles,5,,202,27,0.76
jeux-societe,JigsawPuzzles,anxiety relief sounds offline,5,40,248,190,0.50
jeux-societe,JigsawPuzzles,cat puzzrls,5,33,206,30,0.74
jeux-societe,JigsawPuzzles,gry logiczne,5,78,245,24,0.78
jeux-societe,JigsawPuzzles,vita jigsaw puzzle,5,,250,13,0.93
jeux-societe,JigsawPuzzles,memory board,5,,220,113,0.55
jeux-societe,JigsawPuzzles,me++,5,,247,203,0.50
jeux-societe,JigsawPuzzles,puzzles!,5,45,242,68,0.61
jeux-societe,JigsawPuzzles,uzzle,5,97,247,7,1.16
jeux-societe,JigsawPuzzles,the uzzle,5,77,247,5,1.34
jeux-societe,JigsawPuzzles,car fight games,5,96,239,208,0.50
jeux-societe,JigsawPuzzles,jigsaw puzzles crow,5,48,247,37,0.70
jeux-societe,JigsawPuzzles,the pattertn,5,69,243,98,0.57
jeux-societe,JigsawPuzzles,forfree,5,,246,41,0.68
jeux-societe,JigsawPuzzles,jigsaws pro,5,53,245,141,0.53
jeux-societe,JigsawPuzzles,jigsaw puzzle explorer,5,,248,13,0.93
jeux-societe,JigsawPuzzles,color challenge games color challenge fi,5,,12,3,1.74
jeux-societe,JigsawPuzzles,the puzzpe,5,53,245,120,0.55
jeux-societe,JigsawPuzzles,color match memory game,5,,183,60,0.63
jeux-societe,JigsawPuzzles,io juego,5,72,248,180,0.51
jeux-societe,JigsawPuzzles,jogo de quebra cabeça,5,79,250,2,2.29
jeux-societe,JigsawPuzzles,master memory,5,40,241,104,0.56
jeux-societe,JigsawPuzzles,eduly,5,98,243,160,0.52
jeux-societe,JigsawPuzzles,post apocalypse game,5,97,242,238,0.48
jeux-societe,JigsawPuzzles,relaxing photo,5,,229,125,0.54
jeux-societe,JigsawPuzzles,game for gril games,5,42,249,87,0.58
jeux-societe,JigsawPuzzles,nifyt,5,49,226,110,0.56
jeux-societe,JigsawPuzzles,spikk,5,,200,44,0.67
jeux-societe,JigsawPuzzles,relax image,5,87,245,133,0.54
jeux-societe,JigsawPuzzles,mind arts,5,,226,86,0.58
jeux-societe,JigsawPuzzles,anxiety rleief,5,40,244,202,0.50
jeux-societe,JigsawPuzzles,daily relief,5,40,248,47,0.66
jeux-societe,JigsawPuzzles,anti anxiety relief,5,40,244,216,0.49
jeux-societe,JigsawPuzzles,anti stress anxiety,5,40,243,180,0.51
jeux-societe,JigsawPuzzles,anti relief,5,40,232,65,0.62
jeux-societe,JigsawPuzzles,anti mindfulness,5,40,246,102,0.56
jeux-societe,JigsawPuzzles,anti relax,5,40,246,96,0.57
jeux-societe,JigsawPuzzles,image game,5,63,241,134,0.54
jeux-societe,JigsawPuzzles,colorful cat,5,,237,187,0.51
jeux-societe,JigsawPuzzles,pattern color,5,,216,85,0.58
jeux-societe,JigsawPuzzles,coloring pattern,5,,215,74,0.60
jeux-societe,JigsawPuzzles,puzzle sort game,5,90,247,196,0.50
jeux-societe,JigsawPuzzles,jigsawpuzzleassociation,5,58,249,73,0.60
jeux-societe,JigsawPuzzles,easybrain ltd,5,78,248,13,0.93
jeux-societe,JigsawPuzzles,malpa jigsaw puzzle,5,63,248,96,0.57
jeux-societe,JigsawPuzzles,easy brain jigsaw,5,56,247,15,0.89
jeux-societe,JigsawPuzzles,easybrain jigsaw puzzle,5,67,248,1,5.00
jeux-societe,JigsawPuzzles,easybrain jigsaw puzzles,5,69,247,1,5.00
jeux-societe,JigsawPuzzles,ny times jigsaws,5,75,250,80,0.59
jeux-societe,JigsawPuzzles,ny jigsaws,5,40,249,183,0.51
jeux-societe,JigsawPuzzles,ny jigsaw puzzle,5,62,247,114,0.55
jeux-societe,JigsawPuzzles,ny jigsaw puzzles,5,48,245,8,1.10
jeux-societe,JigsawPuzzles,nytimes jigsaw,5,75,248,157,0.52
jeux-societe,JigsawPuzzles,nytimes jigsaws,5,73,249,49,0.66
jeux-societe,JigsawPuzzles,nytimes jigsaw puzzles,5,48,245,18,0.84
jeux-societe,JigsawPuzzles,too game,5,92,241,129,0.54
jeux-societe,JigsawPuzzles,puzz ganes,5,77,147,16,0.87
jeux-societe,JigsawPuzzles,puzzle fames,5,93,247,1,5.00
jeux-societe,JigsawPuzzles,jigsaw fames,5,46,240,214,0.49
jeux-societe,JigsawPuzzles,relaxing famea,5,82,248,121,0.55
jeux-societe,JigsawPuzzles,puzle ganes,5,93,248,1,5.00
jeux-societe,JigsawPuzzles,puzzl ganes,5,88,245,103,0.56
jeux-societe,JigsawPuzzles,puzsle gams,5,65,246,11,0.98
jeux-societe,JigsawPuzzles,puzzle gamer,5,60,248,176,0.51
jeux-societe,JigsawPuzzles,daily jigsaw puzzles easy games for kids,5,48,245,12,0.96
jeux-societe,JigsawPuzzles,easy game - brain puzzle,5,78,245,229,0.49
jeux-societe,JigsawPuzzles,puzzle games: jigsaw puzzles,5,80,249,1,5.00
jeux-societe,JigsawPuzzles,dily photo,5,49,240,77,0.60
jeux-societe,JigsawPuzzles,relaxing master,5,49,244,145,0.53
jeux-societe,JigsawPuzzles,relaxing antistress,5,56,244,238,0.48
jeux-societe,JigsawPuzzles,anxiety relıef,5,44,244,236,0.49
jeux-societe,JigsawPuzzles,mindful connection,5,35,228,126,0.54
jeux-societe,JigsawPuzzles,one line art: puzzle game,5,,238,210,0.50
jeux-societe,JigsawPuzzles,magiv,5,,237,162,0.52
jeux-societe,JigsawPuzzles,成人直播,5,,218,214,0.49
jeux-societe,JigsawPuzzles,anxidty relief,5,40,246,198,0.50
jeux-societe,JigsawPuzzles,cando,5,55,239,199,0.50
jeux-societe,JigsawPuzzles,relaxinggames,5,71,248,32,0.73
jeux-societe,JigsawPuzzles,puzzle gmae,5,95,246,1,5.00
jeux-societe,JigsawPuzzles,brain puzzle game for adults,5,81,249,154,0.52
jeux-societe,JigsawPuzzles,game for adults,5,85,243,49,0.66
jeux-societe,JigsawPuzzles,stress phone,5,,246,55,0.64
jeux-societe,JigsawPuzzles,jigsaw%20master,5,43,213,14,0.91
jeux-societe,JigsawPuzzles,top%20free%20games%20for%20adults,5,96,250,128,0.54
jeux-societe,JigsawPuzzles,free%20ad%20free%20games,5,89,247,174,0.51
jeux-societe,JigsawPuzzles,free%20wifi%20games,5,91,248,172,0.51
jeux-societe,JigsawPuzzles,juegos%20gratis%20sin%20internet,5,86,247,112,0.55
jeux-societe,JigsawPuzzles,puzzle%20solving%20games,5,59,249,73,0.60
jeux-societe,JigsawPuzzles,fun%20and%20challenging%20puzzle%20games,5,81,248,158,0.52
jeux-societe,JigsawPuzzles,fun%20games%20for%20adults,5,89,249,149,0.53
jeux-societe,JigsawPuzzles,dino%20fun,5,78,223,47,0.66
jeux-societe,JigsawPuzzles,free%20games%20no%20internet,5,96,250,217,0.49
jeux-societe,JigsawPuzzles,anti%20stress%20games,5,86,248,118,0.55
jeux-societe,JigsawPuzzles,fun%20games%20no%20wifi,5,83,248,178,0.51
jeux-societe,JigsawPuzzles,ad%20blocker%20for%20games,5,70,233,230,0.49
jeux-societe,JigsawPuzzles,destress%20relaxing%20games,5,53,249,31,0.73
jeux-societe,JigsawPuzzles,bus%20puzzle,5,57,235,23,0.79
jeux-societe,JigsawPuzzles,phone%20app%20for%20iphone%20free,5,45,232,170,0.51
jeux-societe,JigsawPuzzles,no%20internet%20games,5,75,249,203,0.50
jeux-societe,JigsawPuzzles,free%20memory%20games%20for%20adults,5,85,249,49,0.66
jeux-societe,JigsawPuzzles,free%20games%20for%20ipad,5,75,243,32,0.73
jeux-societe,JigsawPuzzles,no%20internet%20games%20for%20girls,5,40,207,19,0.83
jeux-societe,JigsawPuzzles,anxiety%20relief%20games,5,40,246,154,0.52
jeux-societe,JigsawPuzzles,free%20apps%20for%20iphone,5,93,247,209,0.50
jeux-societe,JigsawPuzzles,number%20puzzle%20games,5,75,249,155,0.52
jeux-societe,JigsawPuzzles,easy%20games%20for%20kids,5,83,243,37,0.70
jeux-societe,JigsawPuzzles,stress%20anxiety%20relief%20games,5,40,248,132,0.54
jeux-societe,JigsawPuzzles,knots%203d,5,56,246,240,0.48
jeux-societe,JigsawPuzzles,fun%20apps%20for%20girls,5,57,242,100,0.57
jeux-societe,JigsawPuzzles,free%20brain%20games,5,89,249,205,0.50
jeux-societe,JigsawPuzzles,ad%20free%20games,5,73,249,177,0.51
jeux-societe,JigsawPuzzles,memory%20games%20for%20adults,5,70,234,161,0.52
jeux-societe,JigsawPuzzles,puzzle%20tracker,5,57,216,4,1.49
jeux-societe,JigsawPuzzles,color%20by%20%20number%20for%20adults,5,80,249,162,0.52
jeux-societe,JigsawPuzzles,magic%20tricks,5,57,224,14,0.91
jeux-societe,JigsawPuzzles,free%20relaxation%20app,5,82,221,173,0.51
jeux-societe,JigsawPuzzles,free%20art%20games,5,53,248,97,0.57
jeux-societe,JigsawPuzzles,kids%20matching%20games,5,66,228,142,0.53
jeux-societe,JigsawPuzzles,no%20wifi%20games%20for%20free,5,87,247,119,0.55
jeux-societe,JigsawPuzzles,free%20number%20games,5,82,247,209,0.50
jeux-societe,JigsawPuzzles,games like trouble,5,93,249,113,0.55
jeux-societe,JigsawPuzzles,easy memorize,5,,246,71,0.61
jeux-societe,JigsawPuzzles,daily picture puzzle,5,72,244,85,0.58
jeux-societe,JigsawPuzzles,puzzle challange,5,88,249,240,0.48
jeux-societe,JigsawPuzzles,memorize lines,5,,241,76,0.60
jeux-societe,JigsawPuzzles,free%20mind%20games,5,85,249,99,0.57
jeux-societe,JigsawPuzzles,free%20brain%20games%20for%20adults,5,88,249,77,0.60
jeux-societe,JigsawPuzzles,fun%20games%20girls,5,72,246,173,0.51
jeux-societe,JigsawPuzzles,games%20for%20girls%20for%20free,5,80,246,100,0.57
jeux-societe,JigsawPuzzles,free%20games%20for%20girls,5,69,244,72,0.60
jeux-societe,JigsawPuzzles,lose%20it%20app%20free,5,78,248,171,0.51
jeux-societe,JigsawPuzzles,fun%20games%20with%20no%20wifi,5,84,247,175,0.51
jeux-societe,JigsawPuzzles,mind%20puzzle%20games,5,78,249,217,0.49
jeux-societe,JigsawPuzzles,free%20games%20for%20seniors,5,,243,56,0.64
jeux-societe,JigsawPuzzles,puzzle%20games%20for%20adults,5,71,248,40,0.69
jeux-societe,JigsawPuzzles,antistress%20relaxing%20games,5,,246,108,0.56
jeux-societe,JigsawPuzzles,free%20fun%20games,5,70,247,189,0.50
jeux-societe,JigsawPuzzles,free%20easy%20games,5,84,246,91,0.58
jeux-societe,JigsawPuzzles,enbrel,5,,153,45,0.67
jeux-societe,JigsawPuzzles,amgic,5,,237,159,0.52
jeux-societe,JigsawPuzzles,j o,5,90,248,155,0.52
jeux-societe,JigsawPuzzles,memory games app,5,76,237,65,0.62
jeux-societe,JigsawPuzzles,ib s,5,,237,58,0.63
jeux-societe,JigsawPuzzles,free da,5,100,250,203,0.50
jeux-societe,JigsawPuzzles,brainoffboard,5,73,248,48,0.66
jeux-societe,JigsawPuzzles,puzzie,5,79,243,1,5.00
jeux-societe,JigsawPuzzles,picture jigsaw puzzle,5,,191,2,2.29
jeux-societe,JigsawPuzzles,puzzeel game,5,55,248,2,2.29
jeux-societe,JigsawPuzzles,gameq,5,63,243,206,0.50
jeux-societe,JigsawPuzzles,no winfi game,5,71,247,159,0.52
jeux-societe,JigsawPuzzles,relacing game,5,71,248,29,0.74
jeux-societe,JigsawPuzzles,number matvh,5,55,249,219,0.49
jeux-societe,JigsawPuzzles,co@,5,56,243,174,0.51
jeux-societe,JigsawPuzzles,jigfun-jigsaw puzzle,5,,221,9,1.06
jeux-societe,JigsawPuzzles,jigfun-jigsaw,5,,219,5,1.34
jeux-societe,JigsawPuzzles,daily number match  number match  daily,5,,248,204,0.50
jeux-societe,JigsawPuzzles,jigzaw puzzle,5,59,249,1,5.00
jeux-societe,JigsawPuzzles,jigza puzzle,5,59,249,1,5.00
jeux-societe,JigsawPuzzles,mind stimulating,5,77,247,216,0.49
jeux-societe,JigsawPuzzles,war troop puzzle rescue,5,,247,162,0.52
jeux-societe,JigsawPuzzles,لغز,5,90,229,9,1.06
jeux-societe,JigsawPuzzles,stress reliefs,5,89,248,248,0.48
jeux-societe,JigsawPuzzles,maggic,5,,227,104,0.56
jeux-societe,JigsawPuzzles,aı puzzle,5,98,248,55,0.64
jeux-societe,JigsawPuzzles,益智解谜,5,,233,112,0.55
jeux-societe,JigsawPuzzles,generalized anxiety,5,46,239,217,0.49
jeux-societe,JigsawPuzzles,brain gales,5,91,248,239,0.48
jeux-societe,JigsawPuzzles,cluely ao,5,,250,213,0.49
jeux-societe,JigsawPuzzles,jigsaw puzzle games !,5,53,248,2,2.29
jeux-societe,JigsawPuzzles,jigsaw puzles game,5,,246,26,0.76
jeux-societe,JigsawPuzzles,jigsaw puzle game,5,,247,16,0.87
jeux-societe,JigsawPuzzles,relaxing jigsaw puzzle game,5,,227,1,5.00
jeux-societe,JigsawPuzzles,relaxing jigsaw puzzle,5,,245,3,1.74
jeux-societe,JigsawPuzzles,brain training jigsaw puzzle,5,,210,1,5.00
jeux-societe,JigsawPuzzles,jigsaw puzzles - for adults,5,,243,15,0.89
jeux-societe,JigsawPuzzles,jigsaw logic puzzles,5,,201,4,1.49
jeux-societe,JigsawPuzzles,jigsaw solver,5,70,249,3,1.74
jeux-societe,JigsawPuzzles,color games for baby,5,,243,239,0.48
jeux-societe,JigsawPuzzles,jogos infantil educativo,5,,228,215,0.49
jeux-societe,JigsawPuzzles,spi game,5,,208,143,0.53
jeux-societe,JigsawPuzzles,jigsaw puzzles collection,5,,195,1,5.00
jeux-societe,JigsawPuzzles,jigsaw puzzle game for adults,5,,244,4,1.49
jeux-societe,JigsawPuzzles,fun & challenging puzzle games,5,54,250,174,0.51
jeux-societe,JigsawPuzzles,fun challenging puzzle games,5,42,248,150,0.52
jeux-societe,JigsawPuzzles,puzzle games for teens,5,58,246,217,0.49
jeux-societe,JigsawPuzzles,gratis games,5,86,248,128,0.54
jeux-societe,JigsawPuzzles,/app/my-jigsaw-puzzles,5,,244,6,1.24
jeux-societe,JigsawPuzzles,my-jigsaw-puzzles,5,70,246,26,0.76
jeux-societe,JigsawPuzzles,my jigsaw puzzles,5,,245,52,0.65
jeux-societe,JigsawPuzzles,بكتيريا,5,46,232,158,0.52
jeux-societe,JigsawPuzzles,adnes,5,93,250,201,0.50
jeux-societe,JigsawPuzzles,pazle,5,77,249,3,1.74
jeux-societe,JigsawPuzzles,fun and challenging puzzle gam,5,66,249,181,0.51
jeux-societe,JigsawPuzzles,addicting puzzles,5,50,242,220,0.49
jeux-societe,JigsawPuzzles,jigsolitiare,5,,198,8,1.10
jeux-societe,JigsawPuzzles,jigsolitire,5,,238,15,0.89
jeux-societe,JigsawPuzzles,daily pohto,5,49,239,207,0.50
jeux-societe,JigsawPuzzles,gratis puslespil,5,,113,2,2.29
jeux-societe,JigsawPuzzles,puzel games,5,93,247,1,5.00
jeux-societe,JigsawPuzzles,fun jigsaw fun puzzle,5,,240,19,0.83
jeux-societe,JigsawPuzzles,daily jigsaw fun,5,51,247,43,0.68
jeux-societe,JigsawPuzzles,christmas jigsaw puzzles halloween,5,,222,4,1.49
jeux-societe,JigsawPuzzles,puzzle games for ipad,5,82,242,87,0.58
jeux-societe,JigsawPuzzles,maagic,5,,238,158,0.52
jeux-societe,JigsawPuzzles,sửa chữa,5,51,248,204,0.50
jeux-societe,JigsawPuzzles,magicpuzz,5,,233,3,1.74
jeux-societe,JigsawPuzzles,puzzl game,5,95,245,1,5.00
jeux-societe,JigsawPuzzles,puzzl games,5,95,247,1,5.00
jeux-societe,JigsawPuzzles,triad,5,39,182,153,0.52
jeux-societe,JigsawPuzzles,elderly game,5,86,203,63,0.62
jeux-societe,JigsawPuzzles,elderly brain,5,,200,25,0.77
jeux-societe,JigsawPuzzles,mind relielf,5,,221,190,0.50
jeux-societe,JigsawPuzzles,stress free game,5,49,249,15,0.89
jeux-societe,JigsawPuzzles,phne,5,95,242,136,0.53
jeux-societe,JigsawPuzzles,joc de memòria,5,86,179,7,1.16
jeux-societe,JigsawPuzzles,challanging game,5,88,246,236,0.49
jeux-societe,JigsawPuzzles,anti phone,5,,232,224,0.49
jeux-societe,JigsawPuzzles,saying no,5,,246,122,0.55
jeux-societe,JigsawPuzzles,gio pictures,5,,242,23,0.79
jeux-societe,JigsawPuzzles,gio photography,5,,248,9,1.06
jeux-societe,JigsawPuzzles,pictures gio,5,,247,32,0.73
jeux-societe,JigsawPuzzles,cam for,5,,235,65,0.62
jeux-societe,JigsawPuzzles,s.l.,5,98,248,243,0.48
jeux-societe,JigsawPuzzles,anxiety rel?ef,5,40,245,174,0.51
jeux-societe,JigsawPuzzles,a? puzzle,5,77,246,72,0.60
jeux-societe,JigsawPuzzles,stress rel?ef,5,42,241,234,0.49
jeux-societe,JigsawPuzzles,challenging game?,5,42,235,97,0.57
jeux-societe,JigsawPuzzles,daily puzzles for adults,5,48,248,30,0.74
jeux-societe,JigsawPuzzles,number sliding,5,51,243,136,0.53
jeux-societe,JigsawPuzzles,for adult,5,,229,87,0.58
jeux-societe,JigsawPuzzles,stress relief for girls,5,52,249,43,0.68
jeux-societe,JigsawPuzzles,bu jo,5,42,250,204,0.50
jeux-societe,JigsawPuzzles,offline image,5,40,230,100,0.57
jeux-societe,JigsawPuzzles,blokx,5,96,248,163,0.52
jeux-societe,JigsawPuzzles,puzzle game free,5,60,246,3,1.74
jeux-societe,JigsawPuzzles,jigsolitaire puzzle relaxing,5,77,250,111,0.55
jeux-societe,JigsawPuzzles,image to line art,5,43,240,229,0.49
jeux-societe,JigsawPuzzles,line art from photo,5,40,244,170,0.51
jeux-societe,JigsawPuzzles,ad free puzzle,5,61,248,7,1.16
jeux-societe,JigsawPuzzles,anxiety puzzle,5,54,245,7,1.16
jeux-societe,JigsawPuzzles,anxiety relief puzzle,5,50,246,105,0.56
jeux-societe,JigsawPuzzles,destress relaxing,5,41,249,71,0.61
jeux-societe,JigsawPuzzles,no phon,5,,247,114,0.55
jeux-societe,JigsawPuzzles,elderly workouts,5,,226,165,0.52
jeux-societe,JigsawPuzzles,anxiety app for women,5,46,248,214,0.49
jeux-societe,JigsawPuzzles,interactive l,5,,247,171,0.51
jeux-societe,JigsawPuzzles,no ads no iap,5,,221,166,0.52
jeux-societe,JigsawPuzzles,trò,5,,242,14,0.91
jeux-societe,JigsawPuzzles,phone free challenge,5,,219,54,0.64
jeux-societe,JigsawPuzzles,猫育成 ねこ育成 猫育成ゲーム ねこ育成ゲーム 猫アプリ ねこアプリ 放置育成,5,,250,51,0.65
jeux-societe,JigsawPuzzles,applications with,5,,249,185,0.51
jeux-societe,JigsawPuzzles,j line,5,88,250,139,0.53
jeux-societe,JigsawPuzzles,câu,5,,230,167,0.52
jeux-societe,JigsawPuzzles,sprem,5,,232,122,0.55
jeux-societe,JigsawPuzzles,adult jigsaw puzzle games,5,,247,6,1.24
jeux-societe,JigsawPuzzles,alphabet jigsaw puzzle games online,5,,248,23,0.79
jeux-societe,JigsawPuzzles,an ipad,5,,246,246,0.48
jeux-societe,JigsawPuzzles,art jigsaw puzzle games,5,,249,242,0.48
jeux-societe,JigsawPuzzles,art puzzle: jigsaw art games,5,,247,9,1.06
jeux-societe,JigsawPuzzles,beautiful italy jigsaw puzzle,5,,224,94,0.57
jeux-societe,JigsawPuzzles,best jigsaw puzzle games hd,5,,244,15,0.89
jeux-societe,JigsawPuzzles,best jigsaw puzzles free,5,,241,21,0.81
jeux-societe,JigsawPuzzles,blog lát,5,,246,197,0.50
jeux-societe,JigsawPuzzles,daily i do,5,82,243,159,0.52
jeux-societe,JigsawPuzzles,dessert jigsaw puzzles,5,,246,13,0.93
jeux-societe,JigsawPuzzles,elderly phone,5,,192,20,0.82
jeux-societe,JigsawPuzzles,free senior puzzles,5,85,250,18,0.84
jeux-societe,JigsawPuzzles,game girll,5,,249,115,0.55
jeux-societe,JigsawPuzzles,game không cần mạng,5,,247,91,0.58
jeux-societe,JigsawPuzzles,game xếp gạch,5,,245,44,0.67
jeux-societe,JigsawPuzzles,hd o,5,,243,76,0.60
jeux-societe,JigsawPuzzles,interactive ipa,5,,226,206,0.50
jeux-societe,JigsawPuzzles,l o g x,5,100,250,245,0.48
jeux-societe,JigsawPuzzles,offline jigsaw puzzles,5,,238,3,1.74
jeux-societe,JigsawPuzzles,puzzle villa: jigsaw games,5,,230,2,2.29
jeux-societe,JigsawPuzzles,senior puzzles,5,55,249,20,0.82
jeux-societe,JigsawPuzzles,photos adult,5,,204,186,0.51
jeux-societe,JigsawPuzzles,art adult,5,,244,220,0.49
jeux-societe,JigsawPuzzles,picture line,5,,228,196,0.50
jeux-societe,JigsawPuzzles,picture adult,5,,221,42,0.68
jeux-societe,JigsawPuzzles,image adult,5,,237,28,0.75
jeux-societe,JigsawPuzzles,line adult,5,,234,94,0.57
jeux-societe,JigsawPuzzles,entertain with,5,,245,193,0.50
jeux-societe,JigsawPuzzles,adult you,5,,223,184,0.51
jeux-societe,JigsawPuzzles,ipad free,5,,234,149,0.53
jeux-societe,JigsawPuzzles,dailies puzzle,5,66,245,187,0.51
jeux-societe,JigsawPuzzles,number challenges,5,52,240,183,0.51
jeux-societe,JigsawPuzzles,game where match no ads,5,,229,152,0.52
jeux-societe,JigsawPuzzles,no ads game where match,5,,230,147,0.53
jeux-societe,JigsawPuzzles,game where match for anxiety,5,46,248,112,0.55
jeux-societe,JigsawPuzzles,easy game where match,5,,235,126,0.54
jeux-societe,JigsawPuzzles,easy game where match app,5,,229,115,0.55
jeux-societe,JigsawPuzzles,jigsaw puzzles llc,5,,244,58,0.63
jeux-societe,JigsawPuzzles,blast offline,5,,249,119,0.55
jeux-societe,JigsawPuzzles,image outline,5,,250,228,0.49
jeux-societe,JigsawPuzzles,picture line art,5,,213,157,0.52
jeux-societe,JigsawPuzzles,elder apps,5,42,215,182,0.51
jeux-societe,JigsawPuzzles,easy for seniors,5,40,247,85,0.58
jeux-societe,JigsawPuzzles,easy fors seniors,5,64,248,115,0.55
jeux-societe,JigsawPuzzles,easy for senior,5,50,247,68,0.61
jeux-societe,JigsawPuzzles,daily memories with,5,54,216,47,0.66
jeux-societe,JigsawPuzzles,adults share daily iphone,5,75,250,51,0.65
jeux-societe,JigsawPuzzles,iphone adults share daily,5,75,222,74,0.60
jeux-societe,JigsawPuzzles,adults share daily ipad,5,68,249,22,0.80
jeux-societe,JigsawPuzzles,ipad adults share daily,5,68,247,21,0.81
jeux-societe,JigsawPuzzles,adults share daily no ads,5,48,173,5,1.34
jeux-societe,JigsawPuzzles,no ads adults share daily,5,49,180,5,1.34
jeux-societe,JigsawPuzzles,adults share daily offline,5,81,245,9,1.06
jeux-societe,JigsawPuzzles,offline adults share daily,5,81,250,8,1.10
jeux-societe,JigsawPuzzles,adults share daily for anxiety,5,47,216,5,1.34
jeux-societe,JigsawPuzzles,top adults share daily app,5,59,245,71,0.61
jeux-societe,JigsawPuzzles,easy adults share daily,5,66,245,27,0.76
jeux-societe,JigsawPuzzles,easy adults share daily app,5,56,204,55,0.64
jeux-societe,JigsawPuzzles,is there an app for adults share daily,5,,218,11,0.98
jeux-societe,JigsawPuzzles,iphone daily memories with,5,55,231,128,0.54
jeux-societe,JigsawPuzzles,daily memories with ipad,5,55,236,6,1.24
jeux-societe,JigsawPuzzles,ipad daily memories with,5,66,235,9,1.06
jeux-societe,JigsawPuzzles,daily memories with no ads,5,60,200,1,5.00
jeux-societe,JigsawPuzzles,no ads daily memories with,5,60,195,1,5.00
jeux-societe,JigsawPuzzles,daily memories with offline,5,61,246,79,0.59
jeux-societe,JigsawPuzzles,offline daily memories with,5,50,247,97,0.57
jeux-societe,JigsawPuzzles,daily memories with for anxiety,5,51,224,4,1.49
jeux-societe,JigsawPuzzles,free top elder apps,5,,233,135,0.54
jeux-societe,JigsawPuzzles,easy top elder apps,5,,226,104,0.56
jeux-societe,JigsawPuzzles,top elder apps free,5,,234,156,0.52
jeux-societe,JigsawPuzzles,easy family memories game,5,,200,13,0.93
jeux-societe,JigsawPuzzles,top photos memories game,5,,172,23,0.79
jeux-societe,JigsawPuzzles,top photos memories free,5,,239,197,0.50
jeux-societe,JigsawPuzzles,easy fors seniors free game,5,45,247,69,0.61
jeux-societe,JigsawPuzzles,free easy fors seniors free,5,,248,93,0.57
jeux-societe,JigsawPuzzles,top easy fors seniors free,5,86,250,116,0.55
jeux-societe,JigsawPuzzles,easy fors seniors free best,5,86,250,133,0.54
jeux-societe,JigsawPuzzles,easy daily memories with,5,46,215,60,0.63
jeux-societe,JigsawPuzzles,adults share daily download game,5,,225,3,1.74
jeux-societe,JigsawPuzzles,offline daily memories with review,5,,225,23,0.79
jeux-societe,JigsawPuzzles,offline daily memories with review app,5,,246,223,0.49
jeux-societe,JigsawPuzzles,offline daily memories with review game,5,,205,3,1.74
jeux-societe,JigsawPuzzles,offline daily memories with review free,5,,223,5,1.34
jeux-societe,JigsawPuzzles,offline daily memories with review best,5,,223,19,0.83
jeux-societe,JigsawPuzzles,memory solver,5,,173,32,0.73
jeux-societe,JigsawPuzzles,photos memories reviews game,5,,162,20,0.82
jeux-societe,JigsawPuzzles,easy daily memories with app,5,,224,70,0.61
jeux-societe,JigsawPuzzles,photos memories reviews app game,5,,185,43,0.68
jeux-societe,JigsawPuzzles,top photos memories reviews game,5,,168,34,0.71
jeux-societe,JigsawPuzzles,top photos memories reviews daily,5,,212,154,0.52
jeux-societe,JigsawPuzzles,photos memories reviews online game,5,,239,36,0.70
jeux-societe,JigsawPuzzles,easy daily memories with review,5,,248,191,0.50
jeux-societe,JigsawPuzzles,easy daily memories with reviews,5,,249,176,0.51
jeux-societe,JigsawPuzzles,easy daily memories with guide,5,,247,219,0.49
jeux-societe,JigsawPuzzles,premium adults share daily review game,5,,247,119,0.55
jeux-societe,JigsawPuzzles,photos memories reviews app free game,5,,192,48,0.66
jeux-societe,JigsawPuzzles,photos memories reviews app free daily,5,,231,32,0.73
jeux-societe,JigsawPuzzles,photos memories reviews online app game,5,,191,48,0.66
jeux-societe,JigsawPuzzles,photos memories reviews online app daily,5,,211,118,0.55
jeux-societe,JigsawPuzzles,photos memories reviews online best game,5,,166,45,0.67
jeux-societe,JigsawPuzzles,senior memories,5,59,247,36,0.70
jeux-societe,JigsawPuzzles,dailies memory,5,,223,183,0.51
jeux-societe,JigsawPuzzles,dailies memory senior app,5,,216,88,0.58
jeux-societe,JigsawPuzzles,dailies memory senior game,5,54,248,187,0.51
jeux-societe,JigsawPuzzles,free elders,5,,242,48,0.66
jeux-societe,JigsawPuzzles,easy elders,5,49,247,13,0.93
jeux-societe,JigsawPuzzles,elders free,5,,244,64,0.62
jeux-societe,JigsawPuzzles,connection memories,5,,225,66,0.62
jeux-societe,JigsawPuzzles,anxiety iphone game,5,46,243,103,0.56
jeux-societe,JigsawPuzzles,easy anxiety iphone,5,,217,47,0.66
jeux-societe,JigsawPuzzles,seniors connection,5,89,249,231,0.49
jeux-societe,JigsawPuzzles,mind gamwes,5,40,244,180,0.51
jeux-societe,JigsawPuzzles,fluffy balls,5,,202,84,0.59
jeux-societe,JigsawPuzzles,relaxing block game,5,,244,94,0.57
jeux-societe,JigsawPuzzles,challenge picture,5,,229,199,0.50
jeux-societe,JigsawPuzzles,master relaxing,5,,241,158,0.52
jeux-societe,JigsawPuzzles,cardscapes jigsaw,5,,231,59,0.63
jeux-societe,JigsawPuzzles,free lifeline app,5,,249,161,0.52
jeux-societe,JigsawPuzzles,easy lifeline app,5,,204,70,0.61
jeux-societe,JigsawPuzzles,mind relier,5,,222,99,0.57
jeux-societe,JigsawPuzzles,puzzles calculator reviews,5,,234,12,0.96
jeux-societe,JigsawPuzzles,no games mindfulness,5,44,248,202,0.50
jeux-societe,JigsawPuzzles,senior seniors elderly iphone help phone,5,,228,97,0.57
jeux-societe,JigsawPuzzles,anxiety memories,5,,220,34,0.71
jeux-societe,JigsawPuzzles,magic gems,5,51,240,104,0.56
jeux-societe,JigsawPuzzles,stress blast,5,53,239,38,0.70
jeux-societe,JigsawPuzzles,plants vs. zombies™,5,,189,9,1.06
jeux-societe,JigsawPuzzles,easy daily memories,5,,211,33,0.72
jeux-societe,JigsawPuzzles,easy magic,5,,188,99,0.57
jeux-societe,JigsawPuzzles,easy challenge,5,,202,138,0.53
jeux-societe,JigsawPuzzles,daily block,5,,240,69,0.61
jeux-societe,JigsawPuzzles,anxiety solver,5,,250,16,0.87
jeux-societe,JigsawPuzzles,offline ki,5,86,249,56,0.64
jeux-societe,JigsawPuzzles,ju pro,5,,245,180,0.51
jeux-societe,JigsawPuzzles,p2 pro,5,83,249,242,0.48
jeux-societe,JigsawPuzzles,لعبة الصراحة,5,74,248,104,0.56
jeux-societe,JigsawPuzzles,puzzle no wifi,5,,239,8,1.10
jeux-societe,JigsawPuzzles,the patteren,5,67,249,75,0.60
jeux-societe,JigsawPuzzles,offline jigsaw puzzle,5,59,249,3,1.74
jeux-societe,JigsawPuzzles,jigsaw puzzles planner,5,,245,76,0.60
jeux-societe,JigsawPuzzles,黒魔術,5,46,238,21,0.81
jeux-societe,JigsawPuzzles,daily pour,5,,249,104,0.56
jeux-societe,JigsawPuzzles,widi for ipad,5,86,243,76,0.60
jeux-societe,JigsawPuzzles,widi for iphone,5,88,247,60,0.63
jeux-societe,JigsawPuzzles,top rated game,5,93,243,124,0.54
jeux-societe,JigsawPuzzles,hd puzzles,5,58,242,41,0.68
jeux-societe,JigsawPuzzles,puzzles hd,5,51,235,61,0.63
jeux-societe,JigsawPuzzles,jigsaw puzzle creater,5,,249,21,0.81
jeux-societe,JigsawPuzzles,puzzles.,5,,244,158,0.52
jeux-societe,JigsawPuzzles,spiele ohne werbung,,,221,20,
jeux-societe,JigsawPuzzles,有料ゲーム,,,247,123,
jeux-societe,JigsawPuzzles,ゲーム 無料,,,246,181,
jeux-societe,JigsawPuzzles,бесплатные,,,238,156,
jeux-societe,JigsawPuzzles,giochi rilassanti,,79,157,13,
jeux-societe,JigsawPuzzles,ジグソーパズル,,59,104,1,
jeux-societe,JigsawPuzzles,퍼즐게임,,84,247,2,
jeux-societe,JigsawPuzzles,アプリ！,,45,232,151,
jeux-societe,JigsawPuzzles,スマホアプリ,,98,249,156,
jeux-societe,JigsawPuzzles,vẽ,,69,248,93,
jeux-societe,JigsawPuzzles,เกมสี,,94,141,19,
jeux-societe,JigsawPuzzles,เกมตัวต่อ,,,249,118,
jeux-societe,JigsawPuzzles,kostenlose spiele ohne werbung,,,208,19,
jeux-societe,JigsawPuzzles,cờ,,,244,44,
jeux-societe,JigsawPuzzles,小游戏,,69,244,88,
jeux-societe,JigsawPuzzles,ad-free photo,,31,244,168,
jeux-societe,JigsawPuzzles,free%20senior%20games,,,247,73,
jeux-societe,JigsawPuzzles,girl%20games%20for%20free,,,246,84,
jeux-societe,JigsawPuzzles,photo puzzle games,,,240,6,
jeux-societe,JigsawPuzzles,gio for,,,224,8,
jeux-societe,JigsawPuzzles,頭脳,,,242,27,
jeux-societe,JigsawPuzzles,earthday,,,210,11,
jeux-societe,JigsawPuzzles,picture to line art,,,212,176,
jeux-societe,JigsawPuzzles,review easy daily memories with,,,219,88,
jeux-societe,JigsawPuzzles,dailies memory senior,,,197,56,
jeux-societe,JigsawPuzzles,anxiety memories smart,,40,248,15,
jeux-societe,JigsawPuzzles,embarkation,,,205,99,
jeux-societe,JigsawPuzzles,auctioneer tool,,,221,77,
jeux-societe,JigsawPuzzles,艺术品,,53,240,214,
jeux-societe,JigsawPuzzles,vẽ tranh,,80,250,118,
jeux-societe,JigsawPuzzles,& daily relief,,,247,87,
jeux-societe,JigsawPuzzles,satin,,,249,34,
jeux-societe,JigsawPuzzles,lyll,,,250,138,
jeux-societe,JigsawPuzzles,hinh dien,,,243,44,
jeux-societe,JigsawPuzzles,paze,,,30,20,
jeux-societe,WordLife,word,74,100,246,198,7.40
jeux-societe,WordLife,words with friends,66,87,248,86,7.69
jeux-societe,WordLife,wordscapes,63,78,250,95,7.20
jeux-societe,WordLife,word games,62,88,246,190,6.25
jeux-societe,WordLife,puzzle:,60,94,247,232,5.84
jeux-societe,WordLife,crossword puzzle free,59,69,248,115,6.50
jeux-societe,WordLife,퍼즐,59,92,250,230,5.76
jeux-societe,WordLife,워드,56,95,247,45,7.49
jeux-societe,WordLife,zen word,54,94,250,84,6.32
jeux-societe,WordLife,words,52,100,247,216,5.13
jeux-societe,WordLife,游戏,52,89,245,157,5.42
jeux-societe,WordLife,ward,43,97,249,75,5.15
jeux-societe,WordLife,puzzel,39,82,248,153,4.08
jeux-societe,WordLife,word games for adults,38,88,245,186,3.84
jeux-societe,WordLife,words with friends 2,38,82,250,126,4.12
jeux-societe,WordLife,mot croiser,38,,238,181,3.86
jeux-societe,WordLife,words with friends classic,35,64,240,34,5.00
jeux-societe,WordLife,字,34,54,242,17,5.84
jeux-societe,WordLife,jeux de dés,34,69,246,205,3.38
jeux-societe,WordLife,mots croisés gratuit,33,,247,60,4.14
jeux-societe,WordLife,puzle,32,77,235,179,3.26
jeux-societe,WordLife,wordscapes free,30,82,245,79,3.56
jeux-societe,WordLife,cheers,30,92,248,111,3.33
jeux-societe,WordLife,scape,26,85,246,238,2.52
jeux-societe,WordLife,free word scapes,26,69,249,48,3.43
jeux-societe,WordLife,free crossword puzzles,24,70,246,50,3.13
jeux-societe,WordLife,쿠키런,23,72,222,174,2.35
jeux-societe,WordLife,woord,22,90,193,149,2.31
jeux-societe,WordLife,canuckle,22,70,245,106,2.46
jeux-societe,WordLife,beste spiele,18,96,250,206,1.79
jeux-societe,WordLife,words with friends word game,17,55,244,10,3.46
jeux-societe,WordLife,wordscape,17,86,247,240,1.65
jeux-societe,WordLife,best ipad apps,16,95,234,152,1.68
jeux-societe,WordLife,life game,10,84,245,218,0.98
jeux-societe,WordLife,wordpad,9,92,249,190,0.91
jeux-societe,WordLife,worl,9,,224,15,1.61
jeux-societe,WordLife,word blitz,9,71,248,211,0.89
jeux-societe,WordLife,easy brain,9,70,245,92,1.04
jeux-societe,WordLife,lives,9,89,234,103,1.01
jeux-societe,WordLife,bestie,8,72,242,158,0.83
jeux-societe,WordLife,easy words,8,51,250,28,1.20
jeux-societe,WordLife,lif,6,92,235,6,1.48
jeux-societe,WordLife,word crush,6,73,246,104,0.67
jeux-societe,WordLife,word collect,6,76,247,103,0.68
jeux-societe,WordLife,smartick,6,49,250,214,0.59
jeux-societe,WordLife,word wizard,6,46,244,34,0.86
jeux-societe,WordLife,tfg,6,,248,72,0.72
jeux-societe,WordLife,wrd,6,90,248,107,0.67
jeux-societe,WordLife,byword,5,93,245,212,0.49
jeux-societe,WordLife,games word,5,80,246,38,0.70
jeux-societe,WordLife,dede,5,,231,106,0.56
jeux-societe,WordLife,word puzzle games free,5,91,247,204,0.50
jeux-societe,WordLife,word wall,5,73,249,121,0.55
jeux-societe,WordLife,wordgames,5,80,242,129,0.54
jeux-societe,WordLife,free word puzzles,5,77,246,49,0.66
jeux-societe,WordLife,word games free,5,86,248,89,0.58
jeux-societe,WordLife,word2,5,85,242,162,0.52
jeux-societe,WordLife,words with friends 2 word game,5,76,235,26,0.76
jeux-societe,WordLife,words classic,5,59,247,155,0.52
jeux-societe,WordLife,classic words,5,68,248,27,0.76
jeux-societe,WordLife,jeux amis,5,63,243,55,0.64
jeux-societe,WordLife,new puzzle games,5,93,247,12,0.96
jeux-societe,WordLife,collect app,5,,232,146,0.53
jeux-societe,WordLife,case tete,5,67,248,113,0.55
jeux-societe,WordLife,puzzeln,5,77,250,108,0.56
jeux-societe,WordLife,crossword free,5,60,248,148,0.53
jeux-societe,WordLife,words game,5,76,247,34,0.71
jeux-societe,WordLife,puzzle words,5,72,250,29,0.74
jeux-societe,WordLife,word games for kids,5,87,247,22,0.80
jeux-societe,WordLife,growing up,5,77,244,166,0.52
jeux-societe,WordLife,word spot,5,82,248,97,0.57
jeux-societe,WordLife,word stack,5,52,241,141,0.53
jeux-societe,WordLife,word link,5,73,245,113,0.55
jeux-societe,WordLife,word brain,5,62,246,34,0.71
jeux-societe,WordLife,friends test,5,52,237,138,0.53
jeux-societe,WordLife,word puzzle game,5,86,248,34,0.71
jeux-societe,WordLife,jeux de mots,5,85,227,39,0.69
jeux-societe,WordLife,best free,5,94,246,137,0.53
jeux-societe,WordLife,word unscrambler,5,86,247,219,0.49
jeux-societe,WordLife,offline word games,5,96,247,236,0.49
jeux-societe,WordLife,free word puzzle,5,80,248,135,0.54
jeux-societe,WordLife,wrod,5,96,223,8,1.10
jeux-societe,WordLife,fantasy life,5,,227,123,0.54
jeux-societe,WordLife,best friends forever,5,50,233,176,0.51
jeux-societe,WordLife,word free games,5,84,250,37,0.70
jeux-societe,WordLife,english word games,5,41,242,19,0.83
jeux-societe,WordLife,spanish word games,5,,208,99,0.57
jeux-societe,WordLife,буквы,5,,196,179,0.51
jeux-societe,WordLife,word cross game,5,76,250,33,0.72
jeux-societe,WordLife,word cookies answers,5,,210,72,0.60
jeux-societe,WordLife,essential words,5,,209,38,0.70
jeux-societe,WordLife,free word search puzzles,5,90,240,144,0.53
jeux-societe,WordLife,free word search games,5,90,248,105,0.56
jeux-societe,WordLife,yatch,5,60,249,167,0.52
jeux-societe,WordLife,математические головоломки,5,51,250,115,0.55
jeux-societe,WordLife,puzze,5,62,237,132,0.54
jeux-societe,WordLife,word brain game,5,80,245,45,0.67
jeux-societe,WordLife,单词游戏,5,73,248,4,1.49
jeux-societe,WordLife,gummy,5,59,240,172,0.51
jeux-societe,WordLife,word search puzzle game,5,84,239,156,0.52
jeux-societe,WordLife,educational puzzle,5,53,240,159,0.52
jeux-societe,WordLife,pari pro,5,83,248,236,0.49
jeux-societe,WordLife,puzzly,5,76,244,197,0.50
jeux-societe,WordLife,0-100,5,63,248,231,0.49
jeux-societe,WordLife,word search kids,5,81,237,191,0.50
jeux-societe,WordLife,top word games,5,92,248,97,0.57
jeux-societe,WordLife,free word puzzle games,5,76,248,39,0.69
jeux-societe,WordLife,игра слов,5,,247,114,0.55
jeux-societe,WordLife,unpuzzle,5,54,250,195,0.50
jeux-societe,WordLife,練字,5,40,242,199,0.50
jeux-societe,WordLife,puzzle word games,5,96,248,156,0.52
jeux-societe,WordLife,endless word,5,46,241,8,1.10
jeux-societe,WordLife,concentration game,5,56,244,12,0.96
jeux-societe,WordLife,exercise games,5,65,226,56,0.64
jeux-societe,WordLife,bestiefy,5,96,247,149,0.53
jeux-societe,WordLife,casse tête,5,66,250,54,0.64
jeux-societe,WordLife,word club,5,47,247,75,0.60
jeux-societe,WordLife,wod game,5,81,248,100,0.57
jeux-societe,WordLife,Word Mind Games,5,66,250,45,0.67
jeux-societe,WordLife,Fun word games,5,89,246,32,0.73
jeux-societe,WordLife,Word Finder Games,5,83,245,81,0.59
jeux-societe,WordLife,Word Maker,5,85,248,129,0.54
jeux-societe,WordLife,Scrabble words,5,82,241,91,0.58
jeux-societe,WordLife,world facts,5,40,179,12,0.96
jeux-societe,WordLife,word scape,5,77,250,109,0.56
jeux-societe,WordLife,haut,5,52,245,148,0.53
jeux-societe,WordLife,jeu amis,5,50,247,215,0.49
jeux-societe,WordLife,wordlink,5,62,245,173,0.51
jeux-societe,WordLife,wheel of life,5,86,222,194,0.50
jeux-societe,WordLife,puzz,5,93,245,148,0.53
jeux-societe,WordLife,word game apps,5,86,245,92,0.58
jeux-societe,WordLife,word mind,5,79,249,6,1.24
jeux-societe,WordLife,crossword clue solver,5,,237,158,0.52
jeux-societe,WordLife,scrobble,5,56,239,127,0.54
jeux-societe,WordLife,best life,5,81,245,172,0.51
jeux-societe,WordLife,best games for ipad,5,88,247,242,0.48
jeux-societe,WordLife,life games free,5,87,245,175,0.51
jeux-societe,WordLife,word hippo,5,67,249,154,0.52
jeux-societe,WordLife,word scapes,5,78,250,236,0.49
jeux-societe,WordLife,unscramble,5,75,245,245,0.48
jeux-societe,WordLife,classic word,5,82,245,157,0.52
jeux-societe,WordLife,chill out,5,52,164,19,0.83
jeux-societe,WordLife,сложные головоломки,5,74,247,97,0.57
jeux-societe,WordLife,word guessing game,5,81,247,206,0.50
jeux-societe,WordLife,criss,5,96,249,81,0.59
jeux-societe,WordLife,игры головоломки для взрослых,5,51,248,65,0.62
jeux-societe,WordLife,desafio mental,5,50,244,9,1.06
jeux-societe,WordLife,brain helping games,5,59,245,226,0.49
jeux-societe,WordLife,best educational games,5,69,246,123,0.54
jeux-societe,WordLife,words swipe game,5,42,239,8,1.10
jeux-societe,WordLife,word pictures,5,,244,226,0.49
jeux-societe,WordLife,game puzzle,5,62,247,240,0.48
jeux-societe,WordLife,Creative thinking,5,48,244,35,0.71
jeux-societe,WordLife,puzzle! world,5,40,238,207,0.50
jeux-societe,WordLife,wordedout,5,54,248,113,0.55
jeux-societe,WordLife,desafíos,5,,208,65,0.62
jeux-societe,WordLife,life sucks,5,73,237,133,0.54
jeux-societe,WordLife,scrabble classic,5,60,238,143,0.53
jeux-societe,WordLife,giant bible word search puzzle,5,57,249,172,0.51
jeux-societe,WordLife,matchy,5,64,233,153,0.52
jeux-societe,WordLife,free word game,5,78,248,67,0.61
jeux-societe,WordLife,mund,5,72,242,212,0.49
jeux-societe,WordLife,van life app,5,79,245,229,0.49
jeux-societe,WordLife,правописание,5,36,130,20,0.82
jeux-societe,WordLife,life reflection,5,40,246,82,0.59
jeux-societe,WordLife,どうぶつ,5,75,231,58,0.63
jeux-societe,WordLife,mind training game,5,69,249,37,0.70
jeux-societe,WordLife,memory cache,5,54,237,6,1.24
jeux-societe,WordLife,collect word,5,66,247,240,0.48
jeux-societe,WordLife,game word,5,80,246,91,0.58
jeux-societe,WordLife,拼写,5,44,241,119,0.55
jeux-societe,WordLife,crosswordword game,5,60,248,14,0.91
jeux-societe,WordLife,crossword game,5,82,248,208,0.50
jeux-societe,WordLife,easy mind,5,66,246,135,0.54
jeux-societe,WordLife,classic brain,5,58,244,222,0.49
jeux-societe,WordLife,easy word,5,59,248,5,1.34
jeux-societe,WordLife,science puzzle,5,43,233,15,0.89
jeux-societe,WordLife,word diary,5,53,243,48,0.66
jeux-societe,WordLife,one stroke,5,55,248,101,0.56
jeux-societe,WordLife,để,5,86,248,164,0.52
jeux-societe,WordLife,spell it,5,55,246,160,0.52
jeux-societe,WordLife,words puzzle,5,64,249,26,0.76
jeux-societe,WordLife,words puzzle game,5,60,250,14,0.91
jeux-societe,WordLife,words puzzle games,5,69,249,17,0.86
jeux-societe,WordLife,free words game,5,86,248,12,0.96
jeux-societe,WordLife,free words games,5,83,247,78,0.59
jeux-societe,WordLife,free words puzzle,5,50,249,25,0.77
jeux-societe,WordLife,word slayer,5,87,249,3,1.74
jeux-societe,WordLife,brain healing,5,47,249,7,1.16
jeux-societe,WordLife,puz,5,92,247,96,0.57
jeux-societe,WordLife,word love,5,46,244,8,1.10
jeux-societe,WordLife,matching test,5,40,243,184,0.51
jeux-societe,WordLife,easy word game,5,59,248,7,1.16
jeux-societe,WordLife,word puzzle brain game,5,61,247,12,0.96
jeux-societe,WordLife,play puzzel,5,42,244,98,0.57
jeux-societe,WordLife,Wordguess,5,64,246,129,0.54
jeux-societe,WordLife,puzzelen,5,78,249,220,0.49
jeux-societe,WordLife,daily word notification,5,40,246,92,0.58
jeux-societe,WordLife,word brain games,5,70,248,37,0.70
jeux-societe,WordLife,brain word puzzle,5,56,245,106,0.56
jeux-societe,WordLife,word scroll,5,,191,82,0.59
jeux-societe,WordLife,spell training,5,40,245,72,0.60
jeux-societe,WordLife,unscrambler,5,54,246,165,0.52
jeux-societe,WordLife,word tetris,5,,248,206,0.50
jeux-societe,WordLife,collect them all,5,54,240,190,0.50
jeux-societe,WordLife,هانت,5,42,249,171,0.51
jeux-societe,WordLife,mind challenges,5,49,246,19,0.83
jeux-societe,WordLife,strategy iq,5,46,241,6,1.24
jeux-societe,WordLife,brain story,5,,222,39,0.69
jeux-societe,WordLife,best word game,5,61,247,8,1.10
jeux-societe,WordLife,word game puzzle,5,76,249,18,0.84
jeux-societe,WordLife,match friend,5,55,226,218,0.49
jeux-societe,WordLife,sex games  word games  quiz  puzzle,5,80,247,12,0.96
jeux-societe,WordLife,mots de vocabulaire,5,42,248,38,0.70
jeux-societe,WordLife,ez game,5,85,247,187,0.51
jeux-societe,WordLife,jogo desafiante,5,44,247,222,0.49
jeux-societe,WordLife,word serenity,5,66,249,16,0.87
jeux-societe,WordLife,логикуум,5,58,246,34,0.71
jeux-societe,WordLife,thinking skills,5,51,242,15,0.89
jeux-societe,WordLife,logic for kids,5,44,244,112,0.55
jeux-societe,WordLife,french word game,5,93,213,4,1.49
jeux-societe,WordLife,healthy words,5,40,247,141,0.53
jeux-societe,WordLife,hard word games,5,81,248,208,0.50
jeux-societe,WordLife,to the point,5,95,247,71,0.61
jeux-societe,WordLife,crossword daily,5,,238,222,0.49
jeux-societe,WordLife,palavras,5,83,242,34,0.71
jeux-societe,WordLife,adivinhar,5,61,216,17,0.86
jeux-societe,WordLife,کالاف,5,,215,29,0.74
jeux-societe,WordLife,word games online,5,58,249,20,0.82
jeux-societe,WordLife,crossword with friends,5,50,244,170,0.51
jeux-societe,WordLife,mind spell,5,80,240,20,0.82
jeux-societe,WordLife,grat,5,60,232,227,0.49
jeux-societe,WordLife,Секс игра,5,34,247,205,0.50
jeux-societe,WordLife,9 mens morris,5,32,104,39,0.69
jeux-societe,WordLife,word combo,5,66,246,48,0.66
jeux-societe,WordLife,wordcapes,5,78,249,118,0.55
jeux-societe,WordLife,classic crossword,5,62,247,245,0.48
jeux-societe,WordLife,sweet words,5,51,192,104,0.56
jeux-societe,WordLife,word games!,5,84,238,223,0.49
jeux-societe,WordLife,word games - free,5,77,249,26,0.76
jeux-societe,WordLife,find word games,5,86,247,44,0.67
jeux-societe,WordLife,argos board games adults,5,89,249,35,0.71
jeux-societe,WordLife,argos board games for adults,5,89,250,35,0.71
jeux-societe,WordLife,best couple board games reddit,5,86,247,53,0.64
jeux-societe,WordLife,board games for adults argos,5,77,250,6,1.24
jeux-societe,WordLife,love language game for couples,5,46,248,142,0.53
jeux-societe,WordLife,toddler brain,5,40,245,23,0.79
jeux-societe,WordLife,count words,5,51,248,38,0.70
jeux-societe,WordLife,learn a new word every day,5,77,240,154,0.52
jeux-societe,WordLife,plusword,5,52,246,59,0.63
jeux-societe,WordLife,puzzle de blocos,5,64,249,80,0.59
jeux-societe,WordLife,speeling word engilish,5,56,247,214,0.49
jeux-societe,WordLife,cross-train,5,47,238,136,0.53
jeux-societe,WordLife,minimalist puzzle,5,54,248,148,0.53
jeux-societe,WordLife,mom brain,5,14,22,3,1.74
jeux-societe,WordLife,aword,5,95,245,84,0.59
jeux-societe,WordLife,crossword lite,5,50,232,88,0.58
jeux-societe,WordLife,learn word daily,5,79,246,133,0.54
jeux-societe,WordLife,corre ct word,5,95,249,79,0.59
jeux-societe,WordLife,daily word enrichment,5,40,247,113,0.55
jeux-societe,WordLife,wors pooster,5,62,249,25,0.77
jeux-societe,WordLife,learn a new word daily,5,78,244,152,0.52
jeux-societe,WordLife,word pals,5,87,245,3,1.74
jeux-societe,WordLife,lean new words,5,40,246,14,0.91
jeux-societe,WordLife,make spelling word game,5,67,248,1,5.00
jeux-societe,WordLife,gre vocab game,5,48,245,185,0.51
jeux-societe,WordLife,vocabe games,5,46,250,7,1.16
jeux-societe,WordLife,Word discovery,5,48,36,3,1.74
jeux-societe,WordLife,Wrods,5,94,246,141,0.53
jeux-societe,WordLife,Worrd,5,92,204,184,0.51
jeux-societe,WordLife,quote game,5,60,181,14,0.91
jeux-societe,WordLife,puzzling,5,82,244,134,0.54
jeux-societe,WordLife,word collections,5,62,243,71,0.61
jeux-societe,WordLife,count word,5,50,240,38,0.70
jeux-societe,WordLife,cross word puzzle game,5,77,249,22,0.80
jeux-societe,WordLife,word type,5,95,248,218,0.49
jeux-societe,WordLife,cross word type,5,40,249,57,0.63
jeux-societe,WordLife,cute cross word,5,49,245,48,0.66
jeux-societe,WordLife,fun cross word,5,71,236,174,0.51
jeux-societe,WordLife,play cross word,5,65,215,27,0.76
jeux-societe,WordLife,free cross word,5,59,249,186,0.51
jeux-societe,WordLife,fun crosswords,5,60,235,170,0.51
jeux-societe,WordLife,cute crossword,5,59,238,186,0.51
jeux-societe,WordLife,crossword fun,5,76,239,138,0.53
jeux-societe,WordLife,brain food,5,78,250,11,0.98
jeux-societe,WordLife,الورديه,5,88,250,152,0.52
jeux-societe,WordLife,wordbase,5,84,223,42,0.68
jeux-societe,WordLife,dream boards,5,43,246,53,0.64
jeux-societe,WordLife,crosswerd,5,67,245,226,0.49
jeux-societe,WordLife,spelling puzzle,5,73,247,8,1.10
jeux-societe,WordLife,word build,5,87,249,13,0.93
jeux-societe,WordLife,Challenges compete,5,44,242,13,0.93
jeux-societe,WordLife,word scales,5,75,250,157,0.52
jeux-societe,WordLife,board game helper,5,69,245,105,0.56
jeux-societe,WordLife,midlife,5,83,249,159,0.52
jeux-societe,WordLife,competitive word games,5,40,248,6,1.24
jeux-societe,WordLife,daily word games,5,72,247,15,0.89
jeux-societe,WordLife,social word game,5,52,242,3,1.74
jeux-societe,WordLife,speed puzzle,5,46,250,246,0.48
jeux-societe,WordLife,simple scrabble,5,75,235,46,0.67
jeux-societe,WordLife,training life,5,49,246,80,0.59
jeux-societe,WordLife,spirit words,5,,200,72,0.60
jeux-societe,WordLife,clear thinking,5,46,233,5,1.34
jeux-societe,WordLife,hunt puzzle,5,54,239,36,0.70
jeux-societe,WordLife,crosswordword puzzles,5,57,217,217,0.49
jeux-societe,WordLife,crossowrd,5,66,244,221,0.49
jeux-societe,WordLife,jeu mot de passe,5,53,193,32,0.73
jeux-societe,WordLife,spelling test\,5,40,222,221,0.49
jeux-societe,WordLife,çaça palavras,5,45,235,154,0.52
jeux-societe,WordLife,word games for seniors,5,74,246,15,0.89
jeux-societe,WordLife,игра игра,5,93,242,74,0.60
jeux-societe,WordLife,jeu de vocabulaire,5,83,249,28,0.75
jeux-societe,WordLife,bong,5,,238,201,0.50
jeux-societe,WordLife,wrood,5,71,249,162,0.52
jeux-societe,WordLife,crossword quest,5,79,226,148,0.53
jeux-societe,WordLife,ipad crossword,5,46,232,121,0.55
jeux-societe,WordLife,adivina las palabras,5,70,237,96,0.57
jeux-societe,WordLife,amigos jogo,5,40,248,239,0.48
jeux-societe,WordLife,jogo de adivinhar palavras,5,65,184,4,1.49
jeux-societe,WordLife,بازل,5,86,242,120,0.55
jeux-societe,WordLife,word multiplayer,5,47,245,46,0.67
jeux-societe,WordLife,die besten apps,5,85,243,166,0.52
jeux-societe,WordLife,advinhar,5,66,210,30,0.74
jeux-societe,WordLife,tête à tête,5,80,249,101,0.56
jeux-societe,WordLife,tête jeu,5,65,247,90,0.58
jeux-societe,WordLife,word find game,5,91,248,40,0.69
jeux-societe,WordLife,ubest,5,84,241,117,0.55
jeux-societe,WordLife,best ipad app,5,86,237,211,0.49
jeux-societe,WordLife,логіка,5,74,240,90,0.58
jeux-societe,WordLife,classic crossword games,5,52,249,117,0.55
jeux-societe,WordLife,life like,5,98,229,178,0.51
jeux-societe,WordLife,brain fart,5,55,249,86,0.58
jeux-societe,WordLife,matching brain,5,49,246,239,0.48
jeux-societe,WordLife,kids word game,5,79,246,15,0.89
jeux-societe,WordLife,collect puzzle,5,50,242,89,0.58
jeux-societe,WordLife,puzzle collect,5,68,235,99,0.57
jeux-societe,WordLife,collection puzzle,5,47,241,56,0.64
jeux-societe,WordLife,word match puzzle,5,41,244,39,0.69
jeux-societe,WordLife,word match puzzle game,5,54,246,2,2.29
jeux-societe,WordLife,word puzzle matching game,5,56,246,1,5.00
jeux-societe,WordLife,word match game,5,51,246,21,0.81
jeux-societe,WordLife,match word,5,70,247,108,0.56
jeux-societe,WordLife,words match,5,71,246,32,0.73
jeux-societe,WordLife,kids word puzzle,5,66,250,37,0.70
jeux-societe,WordLife,word collector,5,67,246,65,0.62
jeux-societe,WordLife,word colleect,5,70,250,203,0.50
jeux-societe,WordLife,wordcollect,5,65,247,22,0.80
jeux-societe,WordLife,dumbell exercise,5,43,237,147,0.53
jeux-societe,WordLife,learn scrabble words,5,87,219,71,0.61
jeux-societe,WordLife,relaxing word search game,5,91,249,5,1.34
jeux-societe,WordLife,doc word,5,94,245,177,0.51
jeux-societe,WordLife,ideal life,5,,236,11,0.98
jeux-societe,WordLife,best  word game,5,89,242,9,1.06
jeux-societe,WordLife,vocablualru games,5,61,247,46,0.67
jeux-societe,WordLife,best wordgames,5,83,245,27,0.76
jeux-societe,WordLife,chess exercise,5,67,238,88,0.58
jeux-societe,WordLife,life memories,5,52,247,131,0.54
jeux-societe,WordLife,play with friends word,5,72,202,45,0.67
jeux-societe,WordLife,play word game with friends,5,81,225,31,0.73
jeux-societe,WordLife,online word,5,94,239,23,0.79
jeux-societe,WordLife,Start a life,5,57,240,138,0.53
jeux-societe,WordLife,word brain puzzle,5,57,249,207,0.50
jeux-societe,WordLife,Words Notifications,5,92,249,47,0.66
jeux-societe,WordLife,zenword,5,75,250,121,0.55
jeux-societe,WordLife,unscrumble,5,83,246,149,0.53
jeux-societe,WordLife,سبل,5,55,249,137,0.53
jeux-societe,WordLife,word swipe,5,42,233,49,0.66
jeux-societe,WordLife,interactive life,5,85,235,170,0.51
jeux-societe,WordLife,Unscrambly,5,82,244,68,0.61
jeux-societe,WordLife,word games for adult,5,93,242,8,1.10
jeux-societe,WordLife,comways game of life,5,66,226,45,0.67
jeux-societe,WordLife,make words games,5,74,241,1,5.00
jeux-societe,WordLife,flow puzzel,5,52,246,236,0.49
jeux-societe,WordLife,easy to play games,5,90,229,189,0.50
jeux-societe,WordLife,vocabulary crossword,5,52,238,154,0.52
jeux-societe,WordLife,croosword game,5,73,229,79,0.59
jeux-societe,WordLife,swipe training,5,87,249,35,0.71
jeux-societe,WordLife,classic words \,5,55,238,66,0.62
jeux-societe,WordLife,minfull,5,91,249,173,0.51
jeux-societe,WordLife,find the answer,5,83,248,234,0.49
jeux-societe,WordLife,搜尋,5,92,242,188,0.50
jeux-societe,WordLife,active memory,5,55,226,209,0.50
jeux-societe,WordLife,magic word,5,100,209,183,0.51
jeux-societe,WordLife,中国游戏,5,91,248,104,0.56
jeux-societe,WordLife,word puzlle,5,90,250,159,0.52
jeux-societe,WordLife,mindfullness games,5,73,12,1,5.00
jeux-societe,WordLife,word puzzşe,5,62,249,206,0.50
jeux-societe,WordLife,4. word grid helper,5,60,216,22,0.80
jeux-societe,WordLife,word scrapes,5,83,249,111,0.55
jeux-societe,WordLife,wordscrapes,5,75,249,110,0.56
jeux-societe,WordLife,ipad word games,5,74,240,46,0.67
jeux-societe,WordLife,word games for ipad,5,75,243,23,0.79
jeux-societe,WordLife,easy connections,5,86,236,93,0.57
jeux-societe,WordLife,word wipe,5,74,210,33,0.72
jeux-societe,WordLife,words phrases,5,33,206,14,0.91
jeux-societe,WordLife,binn,5,42,236,115,0.55
jeux-societe,WordLife,puzzle pad,5,91,244,39,0.69
jeux-societe,WordLife,wordswith friends cheat,5,77,197,70,0.61
jeux-societe,WordLife,collect words language,5,8,214,14,0.91
jeux-societe,WordLife,libra word,5,87,246,69,0.61
jeux-societe,WordLife,word gam,5,100,246,77,0.60
jeux-societe,WordLife,wotd,5,91,239,73,0.60
jeux-societe,WordLife,wordvibe,5,60,250,142,0.53
jeux-societe,WordLife,deep thinkinh,5,56,246,6,1.24
jeux-societe,WordLife,deep thinking,5,50,248,7,1.16
jeux-societe,WordLife,quit games,5,66,250,225,0.49
jeux-societe,WordLife,hand excercise,5,40,236,209,0.50
jeux-societe,WordLife,拼字游戏,5,42,231,3,1.74
jeux-societe,WordLife,拼写游戏,5,40,201,2,2.29
jeux-societe,WordLife,字母游戏,5,42,243,1,5.00
jeux-societe,WordLife,填字游戏,5,43,222,5,1.34
jeux-societe,WordLife,字母拼图,5,33,225,219,0.49
jeux-societe,WordLife,词汇训练,5,25,158,21,0.81
jeux-societe,WordLife,拼写训练,5,24,29,3,1.74
jeux-societe,WordLife,拼单词,5,36,239,224,0.49
jeux-societe,WordLife,通关,5,81,249,100,0.57
jeux-societe,WordLife,juegos de rompecabezas de letras,5,46,185,43,0.68
jeux-societe,WordLife,word cros,5,87,215,56,0.64
jeux-societe,WordLife,8 letter word game,5,57,241,23,0.79
jeux-societe,WordLife,word bridge,5,62,230,76,0.60
jeux-societe,WordLife,brain words,5,44,231,162,0.52
jeux-societe,WordLife,wise words,5,45,67,9,1.06
jeux-societe,WordLife,bestie easy,5,98,244,91,0.58
jeux-societe,WordLife,quartiles,5,89,249,138,0.53
jeux-societe,WordLife,kim's game,5,83,224,145,0.53
jeux-societe,WordLife,ying,5,,239,208,0.50
jeux-societe,WordLife,match quiz,5,22,208,25,0.77
jeux-societe,WordLife,improve reaction,5,44,68,8,1.10
jeux-societe,WordLife,memory board,5,,220,15,0.89
jeux-societe,WordLife,memory life,5,53,243,1,5.00
jeux-societe,WordLife,uzzle,5,97,247,100,0.57
jeux-societe,WordLife,wordpuzz,5,,246,45,0.67
jeux-societe,WordLife,best spelling,5,40,242,56,0.64
jeux-societe,WordLife,missing word,5,,226,112,0.55
jeux-societe,WordLife,cross word quest,5,,226,138,0.53
jeux-societe,WordLife,woard,5,,237,7,1.16
jeux-societe,WordLife,realistic life,5,90,243,179,0.51
jeux-societe,WordLife,word decoder,5,47,247,38,0.70
jeux-societe,WordLife,kids leaning games,5,85,238,113,0.55
jeux-societe,WordLife,words friends,5,,214,154,0.52
jeux-societe,WordLife,math blob,5,,11,4,1.49
jeux-societe,WordLife,complex words,5,,13,1,5.00
jeux-societe,WordLife,words video,5,98,238,133,0.54
jeux-societe,WordLife,life life,5,59,228,98,0.57
jeux-societe,WordLife,wordset,5,,247,230,0.49
jeux-societe,WordLife,sopa de lletres,5,,222,129,0.54
jeux-societe,WordLife,crosswords cheat,5,64,231,110,0.56
jeux-societe,WordLife,word book,5,94,245,145,0.53
jeux-societe,WordLife,puzsle gams,5,65,246,158,0.52
jeux-societe,WordLife,word identifier,5,57,249,1,5.00
jeux-societe,WordLife,classic easy games,5,57,246,7,1.16
jeux-societe,WordLife,spanish word game - prof.,5,58,225,67,0.61
jeux-societe,WordLife,smart games studios,5,87,245,23,0.79
jeux-societe,WordLife,match tester,5,,241,91,0.58
jeux-societe,WordLife,hot card games,5,,242,121,0.55
jeux-societe,WordLife,test friends,5,,175,155,0.52
jeux-societe,WordLife,word chums free,5,66,247,50,0.65
jeux-societe,WordLife,toddler brain games,5,71,223,56,0.64
jeux-societe,WordLife,friends word quiz,5,51,246,8,1.10
jeux-societe,WordLife,left center right,5,,58,7,1.16
jeux-societe,WordLife,solve any crossword,5,58,236,87,0.58
jeux-societe,WordLife,lamp word,5,,102,15,0.89
jeux-societe,WordLife,tap to learn,5,45,195,93,0.57
jeux-societe,WordLife,wordava,5,,220,30,0.74
jeux-societe,WordLife,wordacify,5,70,212,36,0.70
jeux-societe,WordLife,sonavo,5,,221,34,0.71
jeux-societe,WordLife,word%20hippo,5,77,235,144,0.53
jeux-societe,WordLife,%08%20wordie,5,65,199,34,0.71
jeux-societe,WordLife,4%20pics%201%20word,5,66,218,44,0.67
jeux-societe,WordLife,cold%20turkey,5,70,227,84,0.59
jeux-societe,WordLife,bubble%20level,5,46,219,97,0.57
jeux-societe,WordLife,zen%20word,5,62,226,11,0.98
jeux-societe,WordLife,word choice analyzer,5,63,224,26,0.76
jeux-societe,WordLife,u%20dictionary,5,,249,34,0.71
jeux-societe,WordLife,word%20scape,5,48,248,26,0.76
jeux-societe,WordLife,crossword find,5,,234,225,0.49
jeux-societe,WordLife,find crossword,5,,239,154,0.52
jeux-societe,WordLife,crossword puzzle for seniors,5,,243,82,0.59
jeux-societe,WordLife,funwords: words of wonders,5,,237,63,0.62
jeux-societe,WordLife,kids challenge,5,35,231,18,0.84
jeux-societe,WordLife,calming crossword,5,,229,50,0.65
jeux-societe,WordLife,jeux logique casse tete,5,,220,14,0.91
jeux-societe,WordLife,spelletjes met vrienden,5,,219,44,0.67
jeux-societe,WordLife,puzzie,5,79,243,137,0.53
jeux-societe,WordLife,words jam,5,,201,35,0.71
jeux-societe,WordLife,word swap,5,,201,30,0.74
jeux-societe,WordLife,puzzeel game,5,55,248,238,0.48
jeux-societe,WordLife,wordpop,5,,199,70,0.61
jeux-societe,WordLife,best for,5,,248,220,0.49
jeux-societe,WordLife,life at,5,84,240,117,0.55
jeux-societe,WordLife,wordza,5,,216,23,0.79
jeux-societe,WordLife,win word,5,,230,147,0.53
jeux-societe,WordLife,mind stimulating,5,77,247,151,0.52
jeux-societe,WordLife,moxie: relaxing word game,5,,215,18,0.84
jeux-societe,WordLife,vord,5,,232,26,0.76
jeux-societe,WordLife,work search,5,,205,185,0.51
jeux-societe,WordLife,travel puzzle,5,75,239,81,0.59
jeux-societe,WordLife,catch phrases,5,44,248,203,0.50
jeux-societe,WordLife,plan your life,5,,244,175,0.51
jeux-societe,WordLife,story words,5,61,227,48,0.66
jeux-societe,WordLife,braingrid: word puzzle game,5,,247,7,1.16
jeux-societe,WordLife,识花,5,,242,179,0.51
jeux-societe,WordLife,online deices,5,,215,33,0.72
jeux-societe,WordLife,traina,5,47,250,186,0.51
jeux-societe,WordLife,repeat words,5,40,249,99,0.57
jeux-societe,WordLife,words training,5,50,239,35,0.71
jeux-societe,WordLife,puffiness check,5,,208,65,0.62
jeux-societe,WordLife,local wordle,5,46,246,234,0.49
jeux-societe,WordLife,picture card game,5,,204,158,0.52
jeux-societe,WordLife,1343272447,5,,238,38,0.70
jeux-societe,WordLife,end lateness,5,,221,22,0.80
jeux-societe,WordLife,global word,5,53,247,29,0.74
jeux-societe,WordLife,jigsaw helper,5,70,246,154,0.52
jeux-societe,WordLife,exercise memory,5,40,243,161,0.52
jeux-societe,WordLife,gradually introduced,5,51,225,61,0.63
jeux-societe,WordLife,solitare associations: words,5,79,243,197,0.50
jeux-societe,WordLife,solitare associations words,5,,223,113,0.55
jeux-societe,WordLife,bestfriends,5,,232,222,0.49
jeux-societe,WordLife,wordscapes word,5,,247,17,0.86
jeux-societe,WordLife,say words,5,,200,54,0.64
jeux-societe,WordLife,wordscapes: word puzzle game,5,91,250,35,0.71
jeux-societe,WordLife,word beat,5,64,229,128,0.54
jeux-societe,WordLife,cruza,5,44,230,4,1.49
jeux-societe,WordLife,word rain,5,81,249,32,0.73
jeux-societe,WordLife,word origin,5,53,246,55,0.64
jeux-societe,WordLife,matching puzzl,5,75,246,78,0.59
jeux-societe,WordLife,ramble to text,5,,210,63,0.62
jeux-societe,WordLife,vocabulair,5,,239,212,0.49
jeux-societe,WordLife,腦訓練,5,28,203,148,0.53
jeux-societe,WordLife,words love,5,88,240,227,0.49
jeux-societe,WordLife,vocab for gamers,5,59,221,70,0.61
jeux-societe,WordLife,word search kannada,5,,237,190,0.50
jeux-societe,WordLife,friendly test,5,,199,58,0.63
jeux-societe,WordLife,daily word practice,5,,216,8,1.10
jeux-societe,WordLife,word per,5,,246,172,0.51
jeux-societe,WordLife,mindful word,5,,223,19,0.83
jeux-societe,WordLife,word collectio,5,55,244,33,0.72
jeux-societe,WordLife,reading word,5,,205,25,0.77
jeux-societe,WordLife,read word,5,,244,69,0.61
jeux-societe,WordLife,for best,5,,248,109,0.56
jeux-societe,WordLife,easy best,5,,225,23,0.79
jeux-societe,WordLife,for iphone best,5,,207,181,0.51
jeux-societe,WordLife,word ios,5,,228,45,0.67
jeux-societe,WordLife,pro easy best,5,,242,64,0.62
jeux-societe,WordLife,clue maker editor,5,,226,61,0.63
jeux-societe,WordLife,stitch world editor,5,,241,67,0.61
jeux-societe,WordLife,save vocab,5,,193,24,0.78
jeux-societe,WordLife,grams to cups,5,28,201,38,0.70
jeux-societe,WordLife,lists game,5,40,239,213,0.49
jeux-societe,WordLife,nummo,5,33,226,136,0.53
jeux-societe,WordLife,group word,5,61,248,132,0.54
jeux-societe,WordLife,english word games with answers,5,,220,23,0.79
jeux-societe,WordLife,word game classic,5,,246,9,1.06
jeux-societe,WordLife,word puzzle relax,5,,230,24,0.78
jeux-societe,WordLife,thinking of you,5,,69,10,1.02
jeux-societe,WordLife,word puzle,5,,247,78,0.59
jeux-societe,WordLife,level it,5,,193,108,0.56
jeux-societe,WordLife,mentee app,5,,243,87,0.58
jeux-societe,WordLife,daily word notifications,5,,201,65,0.62
jeux-societe,WordLife,word-by-word,5,,243,212,0.49
jeux-societe,WordLife,word winner,5,,190,78,0.59
jeux-societe,WordLife,word wildlife search,5,,246,42,0.68
jeux-societe,WordLife,voabdulary daily words,5,,226,178,0.51
jeux-societe,WordLife,sprem,5,,232,191,0.50
jeux-societe,WordLife,action words,5,,174,5,1.34
jeux-societe,WordLife,addictive russian language games,5,,222,150,0.52
jeux-societe,WordLife,classical quiz,5,,185,122,0.55
jeux-societe,WordLife,learning braille,5,,208,78,0.59
jeux-societe,WordLife,preschool bingo,5,,213,188,0.50
jeux-societe,WordLife,talkword: podcast dictionary,5,,199,73,0.60
jeux-societe,WordLife,classic mode,5,54,245,203,0.50
jeux-societe,WordLife,crossword cross,5,49,235,97,0.57
jeux-societe,WordLife,crossword number,5,66,247,190,0.50
jeux-societe,WordLife,games cross,5,,228,151,0.52
jeux-societe,WordLife,easy game where match,5,,235,33,0.72
jeux-societe,WordLife,easy game where match app,5,,229,25,0.77
jeux-societe,WordLife,pvp word game,5,26,246,117,0.55
jeux-societe,WordLife,easy family memories game,5,,200,2,2.29
jeux-societe,WordLife,top ejercicios game,5,,222,39,0.69
jeux-societe,WordLife,wagepay game,5,,221,62,0.62
jeux-societe,WordLife,easy word search free,5,,239,43,0.68
jeux-societe,WordLife,crossword practice,5,,238,78,0.59
jeux-societe,WordLife,crossword trainer,5,,232,90,0.58
jeux-societe,WordLife,letras bonitas game,5,,204,9,1.06
jeux-societe,WordLife,puzzify  word games,5,,231,191,0.50
jeux-societe,WordLife,word geneartor,5,,200,63,0.62
jeux-societe,WordLife,my shares stories ideas,5,43,249,203,0.50
jeux-societe,WordLife,anagram checker english,5,40,243,153,0.52
jeux-societe,WordLife,a  swipe,5,,223,212,0.49
jeux-societe,WordLife,mod have gentle nudge,5,57,234,32,0.73
jeux-societe,WordLife,offline have gentle nudge,5,48,249,141,0.53
jeux-societe,WordLife,top have gentle nudge,5,38,222,42,0.68
jeux-societe,WordLife,shift compound,5,,225,41,0.68
jeux-societe,WordLife,connection memories,5,,225,30,0.74
jeux-societe,WordLife,checkin nudge gentle,5,,234,41,0.68
jeux-societe,WordLife,elip_EPPO,5,,214,22,0.80
jeux-societe,WordLife,remind have gentle game,5,,232,23,0.79
jeux-societe,WordLife,alternatives individually answer,5,,228,45,0.67
jeux-societe,WordLife,nudge gentle special,5,,234,30,0.74
jeux-societe,WordLife,nudge gentle have,5,,238,41,0.68
jeux-societe,WordLife,homescreen questions answer,5,,222,48,0.66
jeux-societe,WordLife,crossplay word,5,,214,64,0.62
jeux-societe,WordLife,collection collect,5,,230,35,0.71
jeux-societe,WordLife,spells spell,5,,208,207,0.50
jeux-societe,WordLife,iphone word,5,,245,133,0.54
jeux-societe,WordLife,letter bang fasteco,5,,219,47,0.66
jeux-societe,WordLife,calcar devoirs,5,,220,21,0.81
jeux-societe,WordLife,memory connects,5,,194,41,0.68
jeux-societe,WordLife,memory connects app,5,,185,73,0.60
jeux-societe,WordLife,free memory connects,5,,205,48,0.66
jeux-societe,WordLife,detector dailies solitaire,5,,247,32,0.73
jeux-societe,WordLife,best match,5,75,239,237,0.49
jeux-societe,WordLife,Moodword,5,,249,219,0.49
jeux-societe,WordLife,bible woodle,5,,248,25,0.77
jeux-societe,WordLife,one word at a time stories,5,,195,42,0.68
jeux-societe,WordLife,word memorizer,5,,213,169,0.51
jeux-societe,WordLife,word prevalence,5,,221,59,0.63
jeux-societe,WordLife,unscramble game,5,80,248,225,0.49
jeux-societe,WordLife,king cap,5,,250,47,0.66
jeux-societe,WordLife,lingocam,5,,198,4,1.49
jeux-societe,WordLife,chess puzzle game,5,,230,21,0.81
jeux-societe,WordLife,chess match game,5,,207,19,0.83
jeux-societe,WordLife,crossword for seniors,5,,232,50,0.65
jeux-societe,WordLife,collect,5,,221,19,0.83
jeux-societe,WordLife,djconnect,5,,229,211,0.49
jeux-societe,WordLife,afconnect,5,,212,126,0.54
jeux-societe,WordLife,k4connect,5,,207,62,0.62
jeux-societe,WordLife,gsconnect,5,,210,55,0.64
jeux-societe,WordLife,hrconnect,5,,203,61,0.63
jeux-societe,WordLife,collect & puzzle,5,46,247,32,0.73
jeux-societe,WordLife,dream-up,5,,244,101,0.56
jeux-societe,WordLife,mots c,5,,246,101,0.56
jeux-societe,WordLife,med minder,5,,250,224,0.49
jeux-societe,WordLife,xercise,5,,219,165,0.52
jeux-societe,WordLife,math strategy,5,47,238,43,0.68
jeux-societe,WordLife,mind strategy,5,40,243,3,1.74
jeux-societe,WordLife,power puzzle,5,48,236,14,0.91
jeux-societe,WordLife,word game steal anagram vocabulary,5,,246,14,0.91
jeux-societe,WordLife,word steal game puzzle anagram multiplay,5,,246,12,0.96
jeux-societe,WordLife,camword,5,,246,204,0.50
jeux-societe,WordLife,mots mêlés,,80,247,205,
jeux-societe,WordLife,japanese crossword,,,234,120,
jeux-societe,WordLife,퍼즐게임,,84,247,208,
jeux-societe,WordLife,bestes,,73,237,135,
jeux-societe,WordLife,golife,,,249,172,
jeux-societe,WordLife,puzzle crossword,,,238,79,
jeux-societe,WordLife,tabugo,,62,226,29,
jeux-societe,WordLife,word puzzel,,,223,122,
jeux-societe,WordLife,word games for vocabulary,,,226,11,
jeux-societe,WordLife,good word games,,30,240,2,
jeux-societe,WordLife,training word,,,176,27,
jeux-societe,WordLife,wipe memory,,66,16,2,
jeux-societe,WordLife,小游戏,,69,244,179,
jeux-societe,WordLife,words%20with%20friends%20classic,,,177,33,
jeux-societe,WordLife,categories%20game,,,217,22,
jeux-societe,WordLife,word%20word%20zen,,,226,12,
jeux-societe,WordLife,buzz word,,,225,179,
jeux-societe,WordLife,word mint,,,220,14,
jeux-societe,WordLife,pro easy bests,,,237,19,
jeux-societe,WordLife,puzzle words: word search,,,234,146,
jeux-societe,WordLife,memory archive senior game,,,226,7,
jeux-societe,WordLife,sprachmemos have game,,,224,27,
jeux-societe,WordLife,each answer homescreen,,,225,42,
jeux-societe,WordLife,word pazzle,,,249,88,
jeux-societe,WordLife,大闹,,,246,40,
jeux-societe,WordLife,think out loud typing,,,215,32,
jeux-societe,WordLife,collect connect,,,244,20,
jeux-societe,WordLife,wordbank,,78,250,92,
jeux-societe,WordLife,collect words,,62,242,13,
jeux-societe,WordLife,listen to words,,77,247,226,
jeux-societe,WordLife,besten,,,238,156,
jeux-societe,DominoesJogatina,juegos sin internet,63,92,246,217,6.21
jeux-societe,DominoesJogatina,dominoes,55,86,250,8,12.12
jeux-societe,DominoesJogatina,domino,54,86,250,8,11.90
jeux-societe,DominoesJogatina,board games,52,93,248,165,5.37
jeux-societe,DominoesJogatina,حاسبة الحمل,52,65,250,249,5.01
jeux-societe,DominoesJogatina,dominos game,52,68,250,12,9.95
jeux-societe,DominoesJogatina,juego,51,88,247,41,6.97
jeux-societe,DominoesJogatina,sorry board game,50,79,249,102,5.64
jeux-societe,DominoesJogatina,por,49,100,249,206,4.87
jeux-societe,DominoesJogatina,juegos de mesa,39,95,250,12,7.46
jeux-societe,DominoesJogatina,ganes,38,84,247,56,4.84
jeux-societe,DominoesJogatina,クラシック,34,58,249,86,3.96
jeux-societe,DominoesJogatina,play now,33,70,241,180,3.36
jeux-societe,DominoesJogatina,dominoes game,31,48,250,10,6.30
jeux-societe,DominoesJogatina,dominoes gold,28,68,248,108,3.12
jeux-societe,DominoesJogatina,vdose,28,,249,150,2.94
jeux-societe,DominoesJogatina,domino online,27,57,248,6,6.67
jeux-societe,DominoesJogatina,42 dominoes,25,59,249,16,4.37
jeux-societe,DominoesJogatina,juego de mesa,21,97,250,5,5.62
jeux-societe,DominoesJogatina,dominoes game free,20,55,248,10,4.07
jeux-societe,DominoesJogatina,dominoe,20,89,236,7,4.64
jeux-societe,DominoesJogatina,board game,19,91,249,25,2.93
jeux-societe,DominoesJogatina,onof,19,91,247,230,1.85
jeux-societe,DominoesJogatina,برنامج حساب الحمل,17,69,249,35,2.41
jeux-societe,DominoesJogatina,tina,16,77,200,145,1.69
jeux-societe,DominoesJogatina,game 2,16,89,245,139,1.70
jeux-societe,DominoesJogatina,ges,14,90,249,142,1.48
jeux-societe,DominoesJogatina,حاسبه الحمل,13,60,249,23,2.05
jeux-societe,DominoesJogatina,domino's,9,,244,12,1.72
jeux-societe,DominoesJogatina,sorry,7,95,250,84,0.82
jeux-societe,DominoesJogatina,triominos,7,52,250,129,0.76
jeux-societe,DominoesJogatina,domino game,6,64,218,11,1.18
jeux-societe,DominoesJogatina,dom,6,76,243,41,0.82
jeux-societe,DominoesJogatina,boardgames,5,68,245,201,0.50
jeux-societe,DominoesJogatina,free board games,5,58,246,24,0.78
jeux-societe,DominoesJogatina,gaems,5,75,246,21,0.81
jeux-societe,DominoesJogatina,gamea,5,86,247,244,0.48
jeux-societe,DominoesJogatina,line games,5,84,250,221,0.49
jeux-societe,DominoesJogatina,line friends,5,,213,207,0.50
jeux-societe,DominoesJogatina,free games off line,5,93,247,90,0.58
jeux-societe,DominoesJogatina,jeux de société,5,91,250,204,0.50
jeux-societe,DominoesJogatina,domino's pizza,5,85,247,165,0.52
jeux-societe,DominoesJogatina,dominate,5,42,231,8,1.10
jeux-societe,DominoesJogatina,jeux societe,5,81,248,10,1.02
jeux-societe,DominoesJogatina,mexican train for ipad,5,40,242,34,0.71
jeux-societe,DominoesJogatina,mexican train dominoes gold,5,44,244,26,0.76
jeux-societe,DominoesJogatina,دومينو,5,65,209,9,1.06
jeux-societe,DominoesJogatina,clue board game,5,,239,162,0.52
jeux-societe,DominoesJogatina,borad games,5,,248,22,0.80
jeux-societe,DominoesJogatina,gqmes,5,90,245,156,0.52
jeux-societe,DominoesJogatina,dominos online,5,53,248,4,1.49
jeux-societe,DominoesJogatina,classic dominoes,5,58,249,16,0.87
jeux-societe,DominoesJogatina,board games online,5,63,246,5,1.34
jeux-societe,DominoesJogatina,free games offline,5,94,248,169,0.51
jeux-societe,DominoesJogatina,internet freedom,5,86,249,226,0.49
jeux-societe,DominoesJogatina,now now,5,,224,161,0.52
jeux-societe,DominoesJogatina,dominant,5,56,226,5,1.34
jeux-societe,DominoesJogatina,bord,5,58,238,26,0.76
jeux-societe,DominoesJogatina,domino games,5,62,250,9,1.06
jeux-societe,DominoesJogatina,amigos juegos,5,88,249,193,0.50
jeux-societe,DominoesJogatina,visualization board,5,40,246,81,0.59
jeux-societe,DominoesJogatina,dominoes score,5,48,249,74,0.60
jeux-societe,DominoesJogatina,.net,5,67,245,164,0.52
jeux-societe,DominoesJogatina,juegos gratuitos,5,88,247,228,0.49
jeux-societe,DominoesJogatina,dream vision board,5,47,241,182,0.51
jeux-societe,DominoesJogatina,playgo,5,,213,62,0.62
jeux-societe,DominoesJogatina,dominoes games,5,79,213,20,0.82
jeux-societe,DominoesJogatina,classico,5,48,206,2,2.29
jeux-societe,DominoesJogatina,domino's pizza usa,5,79,214,32,0.73
jeux-societe,DominoesJogatina,dama gratis,5,32,245,160,0.52
jeux-societe,DominoesJogatina,games play,5,93,244,8,1.10
jeux-societe,DominoesJogatina,clean now,5,,237,173,0.51
jeux-societe,DominoesJogatina,biliar,5,,180,32,0.73
jeux-societe,DominoesJogatina,play online with friends,5,82,235,113,0.55
jeux-societe,DominoesJogatina,société,5,57,241,10,1.02
jeux-societe,DominoesJogatina,انترنت,5,79,249,33,0.72
jeux-societe,DominoesJogatina,español gratis,5,54,248,187,0.51
jeux-societe,DominoesJogatina,online offline,5,77,240,174,0.51
jeux-societe,DominoesJogatina,domino apunte,5,,250,45,0.67
jeux-societe,DominoesJogatina,game-play,5,59,240,116,0.55
jeux-societe,DominoesJogatina,gamesin,5,49,242,156,0.52
jeux-societe,DominoesJogatina,gaming play,5,49,236,169,0.51
jeux-societe,DominoesJogatina,play gaming,5,50,235,210,0.50
jeux-societe,DominoesJogatina,online gratis,5,71,249,202,0.50
jeux-societe,DominoesJogatina,gratis online,5,71,249,175,0.51
jeux-societe,DominoesJogatina,board lite-,5,88,240,17,0.86
jeux-societe,DominoesJogatina,internet protector,5,40,230,137,0.53
jeux-societe,DominoesJogatina,board games with friends,5,70,246,241,0.48
jeux-societe,DominoesJogatina,go for a jog,5,56,250,22,0.80
jeux-societe,DominoesJogatina,اللعبة,5,78,247,166,0.52
jeux-societe,DominoesJogatina,jogos de animais,5,49,249,234,0.49
jeux-societe,DominoesJogatina,classic board,5,54,245,34,0.71
jeux-societe,DominoesJogatina,قاموس,5,78,246,168,0.51
jeux-societe,DominoesJogatina,dea com,5,92,91,25,0.77
jeux-societe,DominoesJogatina,Higgs Domino,5,50,244,234,0.49
jeux-societe,DominoesJogatina,juesgos sin internet,5,91,246,210,0.50
jeux-societe,DominoesJogatina,dominos game free,5,51,249,10,1.02
jeux-societe,DominoesJogatina,puzzel games ofline,5,81,248,40,0.69
jeux-societe,DominoesJogatina,dama live,5,90,209,144,0.53
jeux-societe,DominoesJogatina,bloqueador,5,67,205,200,0.50
jeux-societe,DominoesJogatina,a1 español,5,40,247,32,0.73
jeux-societe,DominoesJogatina,open internet,5,86,239,170,0.51
jeux-societe,DominoesJogatina,passatempo,5,54,156,5,1.34
jeux-societe,DominoesJogatina,espanhol gratis,5,46,250,197,0.50
jeux-societe,DominoesJogatina,دومینو,5,66,239,11,0.98
jeux-societe,DominoesJogatina,clássico,5,62,236,2,2.29
jeux-societe,DominoesJogatina,domino rich,5,92,246,107,0.56
jeux-societe,DominoesJogatina,dominoes board,5,76,202,1,5.00
jeux-societe,DominoesJogatina,jogo da velha,5,72,248,170,0.51
jeux-societe,DominoesJogatina,אינטרנט,5,84,247,70,0.61
jeux-societe,DominoesJogatina,multiplayer dominos,5,54,248,5,1.34
jeux-societe,DominoesJogatina,unlimited internet,5,59,245,213,0.49
jeux-societe,DominoesJogatina,boardgamers,5,64,242,150,0.52
jeux-societe,DominoesJogatina,board games⋆,5,68,248,41,0.68
jeux-societe,DominoesJogatina,board-game,5,92,248,242,0.48
jeux-societe,DominoesJogatina,$2 games,5,73,250,189,0.50
jeux-societe,DominoesJogatina,board !,5,40,231,7,1.16
jeux-societe,DominoesJogatina,games for all,5,89,247,47,0.66
jeux-societe,DominoesJogatina,Domino game with friends,5,73,190,14,0.91
jeux-societe,DominoesJogatina,Domino with friends,5,64,216,8,1.10
jeux-societe,DominoesJogatina,Domino play,5,69,182,5,1.34
jeux-societe,DominoesJogatina,domino attack,5,66,213,24,0.78
jeux-societe,DominoesJogatina,domino adventure,5,68,198,28,0.75
jeux-societe,DominoesJogatina,متابعة حمل,5,68,250,119,0.55
jeux-societe,DominoesJogatina,متابعه حمل,5,58,250,189,0.50
jeux-societe,DominoesJogatina,حمل وولادة,5,43,249,108,0.56
jeux-societe,DominoesJogatina,do min,5,66,246,46,0.67
jeux-societe,DominoesJogatina,domineering,5,83,182,26,0.76
jeux-societe,DominoesJogatina,حملي,5,60,232,87,0.58
jeux-societe,DominoesJogatina,board gmes,5,93,247,118,0.55
jeux-societe,DominoesJogatina,هدوء,5,74,247,24,0.78
jeux-societe,DominoesJogatina,a€¢,5,85,245,229,0.49
jeux-societe,DominoesJogatina,5s audit,5,85,240,84,0.59
jeux-societe,DominoesJogatina,Dnd board,5,56,242,237,0.49
jeux-societe,DominoesJogatina,jogo online gratis,5,73,242,20,0.82
jeux-societe,DominoesJogatina,jogos online gratis,5,93,249,32,0.73
jeux-societe,DominoesJogatina,حامل,5,78,226,158,0.52
jeux-societe,DominoesJogatina,حوامل,5,58,235,213,0.49
jeux-societe,DominoesJogatina,بريود,5,78,220,29,0.74
jeux-societe,DominoesJogatina,حملات,5,59,193,138,0.53
jeux-societe,DominoesJogatina,تطبيق حملات,5,57,152,32,0.73
jeux-societe,DominoesJogatina,اختبار الحمل,5,67,221,189,0.50
jeux-societe,DominoesJogatina,الحمل يوم بيوم,5,64,221,53,0.64
jeux-societe,DominoesJogatina,كشف الحمل,5,53,240,147,0.53
jeux-societe,DominoesJogatina,الحامل,5,75,230,119,0.55
jeux-societe,DominoesJogatina,dream boards,5,43,246,87,0.58
jeux-societe,DominoesJogatina,espanol+,5,51,244,226,0.49
jeux-societe,DominoesJogatina,yams,5,53,232,94,0.57
jeux-societe,DominoesJogatina,board gam,5,96,242,115,0.55
jeux-societe,DominoesJogatina,vision boare,5,98,245,166,0.52
jeux-societe,DominoesJogatina,vision 2024,5,48,242,170,0.51
jeux-societe,DominoesJogatina,personal internet,5,84,243,210,0.50
jeux-societe,DominoesJogatina,amigos jogo,5,40,248,204,0.50
jeux-societe,DominoesJogatina,friends play games,5,75,232,227,0.49
jeux-societe,DominoesJogatina,Lines Top,5,87,248,221,0.49
jeux-societe,DominoesJogatina,internet on the go,5,84,244,74,0.60
jeux-societe,DominoesJogatina,one internet,5,78,248,146,0.53
jeux-societe,DominoesJogatina,no internet puzzle games,5,91,245,57,0.63
jeux-societe,DominoesJogatina,No internet offline games,5,81,247,126,0.54
jeux-societe,DominoesJogatina,domínio,5,,222,1,5.00
jeux-societe,DominoesJogatina,bard game,5,84,248,31,0.73
jeux-societe,DominoesJogatina,أو,5,77,244,75,0.60
jeux-societe,DominoesJogatina,🚀,5,89,245,227,0.49
jeux-societe,DominoesJogatina,no internet games offline,5,81,248,118,0.55
jeux-societe,DominoesJogatina,offline no internet games,5,80,248,110,0.56
jeux-societe,DominoesJogatina,internet-free games,5,80,249,35,0.71
jeux-societe,DominoesJogatina,jugeos,5,92,249,35,0.71
jeux-societe,DominoesJogatina,dode,5,50,236,226,0.49
jeux-societe,DominoesJogatina,arcadia dominoes seniors,5,,244,10,1.02
jeux-societe,DominoesJogatina,straight vision,5,49,221,91,0.58
jeux-societe,DominoesJogatina,jogar com amigos,5,85,244,58,0.63
jeux-societe,DominoesJogatina,domino game score,5,61,210,46,0.67
jeux-societe,DominoesJogatina,domino score board,5,,250,227,0.49
jeux-societe,DominoesJogatina,domino tracker,5,64,206,76,0.60
jeux-societe,DominoesJogatina,straight a,5,59,214,76,0.60
jeux-societe,DominoesJogatina,dminus,5,,214,13,0.93
jeux-societe,DominoesJogatina,internet%20free%20games,5,83,249,171,0.51
jeux-societe,DominoesJogatina,juegos%20gratis%20sin%20internet,5,86,247,81,0.59
jeux-societe,DominoesJogatina,free%20games%20no%20internet,5,96,250,181,0.51
jeux-societe,DominoesJogatina,no%20internet%20games,5,75,249,105,0.56
jeux-societe,DominoesJogatina,vision%20board%20free,5,40,248,45,0.67
jeux-societe,DominoesJogatina,dominos%20game,5,38,201,27,0.76
jeux-societe,DominoesJogatina,free%20vision%20board%20app,5,53,247,146,0.53
jeux-societe,DominoesJogatina,games like trouble,5,93,249,10,1.02
jeux-societe,DominoesJogatina,tempo train,5,58,248,150,0.52
jeux-societe,DominoesJogatina,free%20play%20games,5,70,247,155,0.52
jeux-societe,DominoesJogatina,juegos%20para%20ni%C3%B1os%20de%203%20a%C3%B1os,5,,210,27,0.76
jeux-societe,DominoesJogatina,juegos%20para%20ni%C3%B1os%20de%202%20a%C3%B1os,5,,207,26,0.76
jeux-societe,DominoesJogatina,romino,5,,247,12,0.96
jeux-societe,DominoesJogatina,j o,5,90,248,147,0.53
jeux-societe,DominoesJogatina,now and,5,87,236,211,0.49
jeux-societe,DominoesJogatina,domino topple,5,,211,26,0.76
jeux-societe,DominoesJogatina,gameq,5,63,243,23,0.79
jeux-societe,DominoesJogatina,b1^,5,,242,238,0.48
jeux-societe,DominoesJogatina,vision boardard,5,,243,77,0.60
jeux-societe,DominoesJogatina,board vision,5,44,240,62,0.62
jeux-societe,DominoesJogatina,pipagerardo,5,,203,34,0.71
jeux-societe,DominoesJogatina,game boards,5,,245,155,0.52
jeux-societe,DominoesJogatina,dozuno,5,,247,88,0.58
jeux-societe,DominoesJogatina,pips path puzzle game,5,,232,13,0.93
jeux-societe,DominoesJogatina,games%20you%20can%20play%20with%20friend,5,51,233,97,0.57
jeux-societe,DominoesJogatina,dominoes games for all ages,5,,233,12,0.96
jeux-societe,DominoesJogatina,board game tools,5,69,242,78,0.59
jeux-societe,DominoesJogatina,infancy,5,37,247,31,0.73
jeux-societe,DominoesJogatina,goplay now,5,84,249,53,0.64
jeux-societe,DominoesJogatina,go play now,5,85,193,54,0.64
jeux-societe,DominoesJogatina,denomination,5,72,245,104,0.56
jeux-societe,DominoesJogatina,j line,5,88,250,166,0.52
jeux-societe,DominoesJogatina,domino classic edition offline,5,,191,7,1.16
jeux-societe,DominoesJogatina,domino classic online,5,54,249,7,1.16
jeux-societe,DominoesJogatina,dominoes: classic dominos game,5,57,248,7,1.16
jeux-societe,DominoesJogatina,j v online,5,87,245,86,0.58
jeux-societe,DominoesJogatina,on top,5,,229,165,0.52
jeux-societe,DominoesJogatina,subway juego,5,,221,168,0.51
jeux-societe,DominoesJogatina,estadiogana.mx,5,,209,43,0.68
jeux-societe,DominoesJogatina,play lines,5,,242,216,0.49
jeux-societe,DominoesJogatina,broken bonez,5,,233,60,0.63
jeux-societe,DominoesJogatina,top kg plates game free,5,,202,49,0.66
jeux-societe,DominoesJogatina,plates game,5,42,204,78,0.59
jeux-societe,DominoesJogatina,plates each sleeve reddit game,5,,195,15,0.89
jeux-societe,DominoesJogatina,plates each sleeve review game,5,,215,21,0.81
jeux-societe,DominoesJogatina,domino score app,5,,212,83,0.59
jeux-societe,DominoesJogatina,domino score game,5,,243,34,0.71
jeux-societe,DominoesJogatina,free domino score,5,,224,59,0.63
jeux-societe,DominoesJogatina,top domino score,5,,244,72,0.60
jeux-societe,DominoesJogatina,easy domino score,5,,205,44,0.67
jeux-societe,DominoesJogatina,my domino score,5,,224,56,0.64
jeux-societe,DominoesJogatina,domino score free,5,,223,62,0.62
jeux-societe,DominoesJogatina,domino score best,5,,222,37,0.70
jeux-societe,DominoesJogatina,home fiche burbuja,5,,202,57,0.63
jeux-societe,DominoesJogatina,drop clean,5,,230,193,0.50
jeux-societe,DominoesJogatina,اداره ملفات,5,,238,109,0.56
jeux-societe,DominoesJogatina,pimple popping game 18/42,5,,209,29,0.74
jeux-societe,DominoesJogatina,vision boar,5,,250,47,0.66
jeux-societe,DominoesJogatina,لعبة الصراحة,5,74,248,89,0.58
jeux-societe,DominoesJogatina,dominoes rules,5,,202,5,1.34
jeux-societe,DominoesJogatina,dominoes scoring,5,,248,7,1.16
jeux-societe,DominoesJogatina,دومينوز,,,248,9,
jeux-societe,DominoesJogatina,domino island,,,249,23,
jeux-societe,DominoesJogatina,domino legends,,,250,215,
jeux-societe,DominoesJogatina,games%20you%20can%20play%20with%20friends,,,233,128,
jeux-societe,DominoesJogatina,juegos de matem�ticas,,,192,4,
jeux-societe,DominoesJogatina,juegos gratis para ni�os,,,186,42,
jeux-societe,DominoesJogatina,juego de l�gica,,,230,15,
jeux-societe,DominoesJogatina,board',,52,234,48,
jeux-societe,DominoesJogatina,satin,,,249,98,
jeux-societe,DominoesJogatina,offline friend,,,248,188,