cluster,app,keyword,popularity,competitiveness,num_apps,rank,importance
langues-apprentissage,LearnSpanish,learn spanish,53,97,248,194,5.32
langues-apprentissage,LearnSpanish,spanish,50,97,248,107,5.59
langues-apprentissage,LearnSpanish,duolingo spanish,40,91,248,4,11.91
langues-apprentissage,LearnSpanish,parrot spanish,38,68,248,9,8.02
langues-apprentissage,LearnSpanish,nha,36,57,249,215,3.55
langues-apprentissage,LearnSpanish,lesen,35,87,239,48,4.61
langues-apprentissage,LearnSpanish,공부시간,32,42,250,221,3.14
langues-apprentissage,LearnSpanish,duo lingo spanish,31,91,248,4,9.23
langues-apprentissage,LearnSpanish,changed,29,56,233,213,2.87
langues-apprentissage,LearnSpanish,스페인어,29,93,247,2,13.31
langues-apprentissage,LearnSpanish,発音,28,62,247,151,2.94
langues-apprentissage,LearnSpanish,공부 앱,25,,248,178,2.55
langues-apprentissage,LearnSpanish,free spanish learning for beginners,25,97,247,85,2.92
langues-apprentissage,LearnSpanish,参考書,24,84,250,131,2.58
langues-apprentissage,LearnSpanish,learning spanish,23,93,246,25,3.55
langues-apprentissage,LearnSpanish,話,21,51,242,57,2.67
langues-apprentissage,LearnSpanish,변역기,18,81,247,71,2.18
langues-apprentissage,LearnSpanish,spanish learning for beginners,13,95,247,132,1.40
langues-apprentissage,LearnSpanish,madrid,9,63,195,95,1.03
langues-apprentissage,LearnSpanish,spanisch vokabeltrainer,9,40,249,7,2.09
langues-apprentissage,LearnSpanish,ban ban,7,74,244,241,0.68
langues-apprentissage,LearnSpanish,dan,6,98,237,136,0.64
langues-apprentissage,LearnSpanish,spanishdict,6,85,245,41,0.82
langues-apprentissage,LearnSpanish,mec idiomas,6,84,185,18,1.01
langues-apprentissage,LearnSpanish,spanish lessons,5,91,246,124,0.54
langues-apprentissage,LearnSpanish,medical spanish,5,92,243,129,0.54
langues-apprentissage,LearnSpanish,spanish apps,5,95,246,184,0.51
langues-apprentissage,LearnSpanish,spanish chat,5,77,246,228,0.49
langues-apprentissage,LearnSpanish,fun spanish,5,87,248,224,0.49
langues-apprentissage,LearnSpanish,spanish kids,5,95,204,55,0.64
langues-apprentissage,LearnSpanish,news in slow spanish,5,,194,12,0.96
langues-apprentissage,LearnSpanish,vocabeltrainer,5,51,216,18,0.84
langues-apprentissage,LearnSpanish,espagnol,5,84,246,88,0.58
langues-apprentissage,LearnSpanish,spanish learning app for kids,5,,235,62,0.62
langues-apprentissage,LearnSpanish,kids learn spanish,5,96,207,26,0.76
langues-apprentissage,LearnSpanish,free spanish,5,90,246,232,0.49
langues-apprentissage,LearnSpanish,kids spanish,5,95,246,191,0.50
langues-apprentissage,LearnSpanish,study spanish,5,89,248,244,0.48
langues-apprentissage,LearnSpanish,spanish practice,5,92,246,174,0.51
langues-apprentissage,LearnSpanish,learn spanish game,5,96,247,239,0.48
langues-apprentissage,LearnSpanish,learn spanish app,5,96,247,199,0.50
langues-apprentissage,LearnSpanish,spanish language app,5,89,240,9,1.06
langues-apprentissage,LearnSpanish,spanish for children,5,46,249,94,0.57
langues-apprentissage,LearnSpanish,spanish language,5,92,244,9,1.06
langues-apprentissage,LearnSpanish,endless spanish,5,49,244,51,0.65
langues-apprentissage,LearnSpanish,apprendre l'espagnol,5,45,240,18,0.84
langues-apprentissage,LearnSpanish,coffee break spanish,5,82,241,10,1.02
langues-apprentissage,LearnSpanish,spanish arabic,5,40,249,148,0.53
langues-apprentissage,LearnSpanish,话,5,48,242,151,0.52
langues-apprentissage,LearnSpanish,句子,5,55,238,41,0.68
langues-apprentissage,LearnSpanish,learn spanish for kids,5,80,248,71,0.61
langues-apprentissage,LearnSpanish,learn spanish games,5,80,235,44,0.67
langues-apprentissage,LearnSpanish,travel phrases,5,54,225,77,0.60
langues-apprentissage,LearnSpanish,spanish conversation,5,86,246,71,0.61
langues-apprentissage,LearnSpanish,spanish phrases,5,60,248,1,5.00
langues-apprentissage,LearnSpanish,phrases,5,56,248,92,0.58
langues-apprentissage,LearnSpanish,espagne,5,47,244,60,0.63
langues-apprentissage,LearnSpanish,learn spanish mexico,5,66,218,26,0.76
langues-apprentissage,LearnSpanish,espanol gramatica,5,40,250,188,0.50
langues-apprentissage,LearnSpanish,spanish english dictionary,5,52,194,47,0.66
langues-apprentissage,LearnSpanish,learn spanish words,5,90,246,151,0.52
langues-apprentissage,LearnSpanish,learn spanish grammar,5,57,242,122,0.55
langues-apprentissage,LearnSpanish,phrase,5,100,243,95,0.57
langues-apprentissage,LearnSpanish,learn spanish vocabulary,5,54,239,25,0.77
langues-apprentissage,LearnSpanish,catalan,5,98,185,63,0.62
langues-apprentissage,LearnSpanish,spanish lessons for beginners,5,92,245,6,1.24
langues-apprentissage,LearnSpanish,spanish for beginners,5,73,242,48,0.66
langues-apprentissage,LearnSpanish,word of the day spanish,5,71,188,27,0.76
langues-apprentissage,LearnSpanish,intercambio de idiomas,5,60,181,29,0.74
langues-apprentissage,LearnSpanish,spanish words,5,62,246,3,1.74
langues-apprentissage,LearnSpanish,西班牙语,5,90,250,5,1.34
langues-apprentissage,LearnSpanish,spanish podcast,5,,209,24,0.78
langues-apprentissage,LearnSpanish,learn spanish for adults,5,90,247,109,0.56
langues-apprentissage,LearnSpanish,esquiadas,5,38,197,43,0.68
langues-apprentissage,LearnSpanish,spanish word of the day,5,74,200,27,0.76
langues-apprentissage,LearnSpanish,spanish intermediate,5,48,246,13,0.93
langues-apprentissage,LearnSpanish,spanish news,5,,205,27,0.76
langues-apprentissage,LearnSpanish,duolingo kids spanish,5,81,248,79,0.59
langues-apprentissage,LearnSpanish,文法,5,55,247,138,0.53
langues-apprentissage,LearnSpanish,learn spanish verbs,5,57,242,64,0.62
langues-apprentissage,LearnSpanish,spanish hashtags,5,44,244,26,0.76
langues-apprentissage,LearnSpanish,spanish verbs pro,5,45,219,125,0.54
langues-apprentissage,LearnSpanish,memorize spanish,5,46,234,12,0.96
langues-apprentissage,LearnSpanish,spanish flashcards,5,57,246,212,0.49
langues-apprentissage,LearnSpanish,学西班牙语,5,,212,1,5.00
langues-apprentissage,LearnSpanish,every day spanish,5,46,212,53,0.64
langues-apprentissage,LearnSpanish,speaking spanish,5,96,244,44,0.67
langues-apprentissage,LearnSpanish,spanish pronounciation,5,63,247,60,0.63
langues-apprentissage,LearnSpanish,fast spanish,5,67,235,48,0.66
langues-apprentissage,LearnSpanish,spanish talk,5,81,232,31,0.73
langues-apprentissage,LearnSpanish,shy spanish,5,57,234,153,0.52
langues-apprentissage,LearnSpanish,how to learn spanish,5,83,247,7,1.16
langues-apprentissage,LearnSpanish,native spanish,5,45,248,168,0.51
langues-apprentissage,LearnSpanish,pronuncian,5,,231,40,0.69
langues-apprentissage,LearnSpanish,confident spanish,5,44,243,60,0.63
langues-apprentissage,LearnSpanish,fluent spanish,5,100,249,233,0.49
langues-apprentissage,LearnSpanish,spanish pronunciation,5,71,248,54,0.64
langues-apprentissage,LearnSpanish,spanish conversation practice,5,42,241,233,0.49
langues-apprentissage,LearnSpanish,learn spanish offline,5,50,246,139,0.53
langues-apprentissage,LearnSpanish,learn more,5,86,240,194,0.50
langues-apprentissage,LearnSpanish,spanish alphabet,5,,193,15,0.89
langues-apprentissage,LearnSpanish,spanisch verben,5,40,235,87,0.58
langues-apprentissage,LearnSpanish,spanish numbers,5,37,248,228,0.49
langues-apprentissage,LearnSpanish,spanish owl,5,,215,144,0.53
langues-apprentissage,LearnSpanish,español conjugacion,5,40,250,114,0.55
langues-apprentissage,LearnSpanish,gratuitement,5,40,231,226,0.49
langues-apprentissage,LearnSpanish,babble spanish,5,92,245,5,1.34
langues-apprentissage,LearnSpanish,offline spanish,5,,245,25,0.77
langues-apprentissage,LearnSpanish,spanish toddler,5,60,243,104,0.56
langues-apprentissage,LearnSpanish,learn indonesian,5,,213,208,0.50
langues-apprentissage,LearnSpanish,read spanish,5,37,246,66,0.62
langues-apprentissage,LearnSpanish,spanish learn,5,92,245,15,0.89
langues-apprentissage,LearnSpanish,spanish quiz,5,47,243,206,0.50
langues-apprentissage,LearnSpanish,spanish word,5,54,174,19,0.83
langues-apprentissage,LearnSpanish,learn spanish free kids,5,80,226,28,0.75
langues-apprentissage,LearnSpanish,spanish a1,5,41,184,5,1.34
langues-apprentissage,LearnSpanish,limite,5,83,249,208,0.50
langues-apprentissage,LearnSpanish,advanced spanish,5,88,247,184,0.51
langues-apprentissage,LearnSpanish,speak spanish faster,5,64,248,79,0.59
langues-apprentissage,LearnSpanish,babbel spanish,5,90,247,57,0.63
langues-apprentissage,LearnSpanish,resultante,5,42,250,177,0.51
langues-apprentissage,LearnSpanish,spanish dialogues,5,27,240,61,0.63
langues-apprentissage,LearnSpanish,spanish dialogue,5,46,231,49,0.66
langues-apprentissage,LearnSpanish,debutant,5,53,219,147,0.53
langues-apprentissage,LearnSpanish,changes,5,60,238,221,0.49
langues-apprentissage,LearnSpanish,séquito,5,40,249,116,0.55
langues-apprentissage,LearnSpanish,изучать,5,42,233,37,0.70
langues-apprentissage,LearnSpanish,word search spanish,5,65,209,50,0.65
langues-apprentissage,LearnSpanish,pronunciación,5,40,248,233,0.49
langues-apprentissage,LearnSpanish,aprenda,5,97,247,202,0.50
langues-apprentissage,LearnSpanish,lengua,5,,219,18,0.84
langues-apprentissage,LearnSpanish,spanish french,5,59,177,26,0.76
langues-apprentissage,LearnSpanish,learn creole,5,92,229,105,0.56
langues-apprentissage,LearnSpanish,Spanish for Kids+,5,80,227,52,0.65
langues-apprentissage,LearnSpanish,changing,5,88,221,202,0.50
langues-apprentissage,LearnSpanish,spanish dictionary - offline,5,49,175,22,0.80
langues-apprentissage,LearnSpanish,카메라 번역기,5,49,248,181,0.51
langues-apprentissage,LearnSpanish,공부자극,5,,246,60,0.63
langues-apprentissage,LearnSpanish,learn spanish phrases,5,53,247,1,5.00
langues-apprentissage,LearnSpanish,dictionary of spanish language,5,46,220,85,0.58
langues-apprentissage,LearnSpanish,lançamos,5,32,250,213,0.49
langues-apprentissage,LearnSpanish,turbinar,5,32,249,236,0.49
langues-apprentissage,LearnSpanish,heads up spanish,5,91,249,142,0.53
langues-apprentissage,LearnSpanish,spanish course,5,72,225,112,0.55
langues-apprentissage,LearnSpanish,ib learning,5,68,245,240,0.48
langues-apprentissage,LearnSpanish,canticos bilingual preschool,5,,196,39,0.69
langues-apprentissage,LearnSpanish,top spanish words,5,81,159,5,1.34
langues-apprentissage,LearnSpanish,spanische grammatik,5,40,250,201,0.50
langues-apprentissage,LearnSpanish,путешествия,5,78,246,246,0.48
langues-apprentissage,LearnSpanish,spanish exercises,5,42,239,140,0.53
langues-apprentissage,LearnSpanish,spanisch lektionen,5,46,249,61,0.63
langues-apprentissage,LearnSpanish,spanish grammar lessons,5,40,226,98,0.57
langues-apprentissage,LearnSpanish,generos español,5,42,250,226,0.49
langues-apprentissage,LearnSpanish,duolingo spanish grammar,5,40,238,189,0.50
langues-apprentissage,LearnSpanish,spanish ser estar,5,42,237,49,0.66
langues-apprentissage,LearnSpanish,spanish tests,5,40,236,209,0.50
langues-apprentissage,LearnSpanish,spanish tiempo,5,51,240,50,0.65
langues-apprentissage,LearnSpanish,spanish perfecto,5,40,235,75,0.60
langues-apprentissage,LearnSpanish,spanish tiempos,5,40,242,45,0.67
langues-apprentissage,LearnSpanish,spanish grammar trainer,5,40,238,218,0.49
langues-apprentissage,LearnSpanish,study spanish grammar,5,40,235,211,0.49
langues-apprentissage,LearnSpanish,spanish grammar basics,5,40,235,26,0.76
langues-apprentissage,LearnSpanish,spanish pronouns,5,40,239,94,0.57
langues-apprentissage,LearnSpanish,spanisch spanisch,5,42,247,5,1.34
langues-apprentissage,LearnSpanish,spanisch aprender,5,40,232,23,0.79
langues-apprentissage,LearnSpanish,spanisch gerundio,5,70,250,218,0.49
langues-apprentissage,LearnSpanish,español generos,5,40,249,87,0.58
langues-apprentissage,LearnSpanish,español verbos,5,40,245,133,0.54
langues-apprentissage,LearnSpanish,spanish gerundio,5,40,239,184,0.51
langues-apprentissage,LearnSpanish,word reference spanish,5,57,249,84,0.59
langues-apprentissage,LearnSpanish,conjugación español,5,44,249,88,0.58
langues-apprentissage,LearnSpanish,reglas español,5,40,249,109,0.56
langues-apprentissage,LearnSpanish,b1 español,5,40,249,146,0.53
langues-apprentissage,LearnSpanish,tiempos español,5,40,249,119,0.55
langues-apprentissage,LearnSpanish,changs,5,40,233,209,0.50
langues-apprentissage,LearnSpanish,translation pronunciation,5,66,222,181,0.51
langues-apprentissage,LearnSpanish,learn spanish language,5,85,240,46,0.67
langues-apprentissage,LearnSpanish,learn-spanish,5,90,248,229,0.49
langues-apprentissage,LearnSpanish,cervantes spanish,5,40,239,68,0.61
langues-apprentissage,LearnSpanish,spanish level test,5,48,238,141,0.53
langues-apprentissage,LearnSpanish,spanisch sprache,5,53,247,71,0.61
langues-apprentissage,LearnSpanish,spanisch vokabel,5,40,247,16,0.87
langues-apprentissage,LearnSpanish,공부 시간,5,42,247,135,0.54
langues-apprentissage,LearnSpanish,aprende espanhol,5,83,242,62,0.62
langues-apprentissage,LearnSpanish,espanhol rapido,5,94,250,46,0.67
langues-apprentissage,LearnSpanish,lección de español,5,40,248,127,0.54
langues-apprentissage,LearnSpanish,Spanish vocab test,5,40,240,84,0.59
langues-apprentissage,LearnSpanish,Spanish word quiz,5,40,221,142,0.53
langues-apprentissage,LearnSpanish,Spanish language quiz,5,44,224,156,0.52
langues-apprentissage,LearnSpanish,everyday spanish,5,52,215,41,0.68
langues-apprentissage,LearnSpanish,learning latin,5,,204,52,0.65
langues-apprentissage,LearnSpanish,learn spanish with music,5,50,249,118,0.55
langues-apprentissage,LearnSpanish,español lecciones,5,40,249,92,0.58
langues-apprentissage,LearnSpanish,listen Spanish,5,42,242,96,0.57
langues-apprentissage,LearnSpanish,basic Spanish,5,90,248,2,2.29
langues-apprentissage,LearnSpanish,іспанська,5,84,249,125,0.54
langues-apprentissage,LearnSpanish,repostia,5,40,249,220,0.49
langues-apprentissage,LearnSpanish,translate spanis,5,62,229,224,0.49
langues-apprentissage,LearnSpanish,spanish books,5,58,202,12,0.96
langues-apprentissage,LearnSpanish,ef spanish,5,40,236,162,0.52
langues-apprentissage,LearnSpanish,translate from english to spanish,5,97,243,237,0.49
langues-apprentissage,LearnSpanish,spanish easy,5,50,234,97,0.57
langues-apprentissage,LearnSpanish,rajaban,5,34,188,15,0.89
langues-apprentissage,LearnSpanish,speak spanish fast,5,46,227,84,0.59
langues-apprentissage,LearnSpanish,gramática espanol,5,40,248,202,0.50
langues-apprentissage,LearnSpanish,spanish gender,5,44,243,95,0.57
langues-apprentissage,LearnSpanish,spanish level a2,5,40,241,171,0.51
langues-apprentissage,LearnSpanish,rocket spanish,5,93,244,76,0.60
langues-apprentissage,LearnSpanish,dreaming spanish,5,93,246,32,0.73
langues-apprentissage,LearnSpanish,habla español,5,29,236,213,0.49
langues-apprentissage,LearnSpanish,spanish reading,5,50,202,43,0.68
langues-apprentissage,LearnSpanish,learning spanish for beginners,5,98,245,141,0.53
langues-apprentissage,LearnSpanish,ella verbs learn spanish,5,46,249,153,0.52
langues-apprentissage,LearnSpanish,learning spanish basic words,5,40,230,26,0.76
langues-apprentissage,LearnSpanish,video spanish,5,40,232,110,0.56
langues-apprentissage,LearnSpanish,كتابتحميل كتاب,5,75,254,117,0.55
langues-apprentissage,LearnSpanish,parecerse,5,28,206,16,0.87
langues-apprentissage,LearnSpanish,conciliar el sueño,5,2,231,17,0.86
langues-apprentissage,LearnSpanish,for learning,5,82,247,221,0.49
langues-apprentissage,LearnSpanish,Phrase Plus,5,37,203,42,0.68
langues-apprentissage,LearnSpanish,apsnish,5,90,247,65,0.62
langues-apprentissage,LearnSpanish,learn spanish easy,5,96,235,38,0.70
langues-apprentissage,LearnSpanish,spanish flashcard for learning,5,,188,25,0.77
langues-apprentissage,LearnSpanish,spanishdictionary com learning,5,,190,33,0.72
langues-apprentissage,LearnSpanish,spanish lesosns,5,90,246,78,0.59
langues-apprentissage,LearnSpanish,learn castillian,5,28,10,9,1.06
langues-apprentissage,LearnSpanish,learn castilian,5,31,10,9,1.06
langues-apprentissage,LearnSpanish,spanish spaced repetition,5,40,241,73,0.60
langues-apprentissage,LearnSpanish,quick spanish,5,42,231,76,0.60
langues-apprentissage,LearnSpanish,learn spanis,5,96,248,113,0.55
langues-apprentissage,LearnSpanish,Spanish Vocabulary builder,5,40,232,22,0.80
langues-apprentissage,LearnSpanish,learn spanish for beginner,5,54,224,10,1.02
langues-apprentissage,LearnSpanish,learn Spanish aı,5,51,243,89,0.58
langues-apprentissage,LearnSpanish,spanish vocabularies,5,79,191,109,0.56
langues-apprentissage,LearnSpanish,learn spanish conjugation,5,54,231,38,0.70
langues-apprentissage,LearnSpanish,hablars,5,,239,59,0.63
langues-apprentissage,LearnSpanish,1000 spanish words,5,50,163,8,1.10
langues-apprentissage,LearnSpanish,驴友,5,77,248,221,0.49
langues-apprentissage,LearnSpanish,quilometraje gratis,5,51,247,144,0.53
langues-apprentissage,LearnSpanish,语,5,69,246,122,0.55
langues-apprentissage,LearnSpanish,chuyển nhà,5,,250,64,0.62
langues-apprentissage,LearnSpanish,búsqueda de palabras,5,43,239,200,0.50
langues-apprentissage,LearnSpanish,encontrar la palabra,5,76,245,116,0.55
langues-apprentissage,LearnSpanish,spanish voice text,5,47,239,148,0.53
langues-apprentissage,LearnSpanish,apps that conjugat spanish,5,43,229,110,0.56
langues-apprentissage,LearnSpanish,apps that conjugate spanish,5,46,227,132,0.54
langues-apprentissage,LearnSpanish,advance spanish free,5,54,238,158,0.52
langues-apprentissage,LearnSpanish,advanced spanish free,5,44,238,154,0.52
langues-apprentissage,LearnSpanish,intermediate spanish,5,84,247,120,0.55
langues-apprentissage,LearnSpanish,spanish refresher,5,44,231,6,1.24
langues-apprentissage,LearnSpanish,spanish test com,5,45,237,172,0.51
langues-apprentissage,LearnSpanish,spanish practicing,5,43,233,156,0.52
langues-apprentissage,LearnSpanish,a1 spanish test,5,40,243,179,0.51
langues-apprentissage,LearnSpanish,spanish level 1,5,47,247,216,0.49
langues-apprentissage,LearnSpanish,español advanced,5,40,240,190,0.50
langues-apprentissage,LearnSpanish,learn spanish by topics,5,44,228,33,0.72
langues-apprentissage,LearnSpanish,spanish gramatical,5,44,230,65,0.62
langues-apprentissage,LearnSpanish,learn spanishg,5,58,229,13,0.93
langues-apprentissage,LearnSpanish,learn spanish vocab,5,75,248,18,0.84
langues-apprentissage,LearnSpanish,learn spainish,5,89,247,218,0.49
langues-apprentissage,LearnSpanish,learn spannish,5,89,247,214,0.49
langues-apprentissage,LearnSpanish,learn spanish quickly,5,50,222,12,0.96
langues-apprentissage,LearnSpanish,learn spanish easily,5,67,221,7,1.16
langues-apprentissage,LearnSpanish,best app for spanish,5,93,247,211,0.49
langues-apprentissage,LearnSpanish,comprehensible input spanish,5,5,244,185,0.51
langues-apprentissage,LearnSpanish,learn spanish in spanish,5,46,170,102,0.56
langues-apprentissage,LearnSpanish,master spanish,5,55,248,184,0.51
langues-apprentissage,LearnSpanish,master spanish easily,5,40,240,59,0.63
langues-apprentissage,LearnSpanish,spanish conjugations,5,44,184,19,0.83
langues-apprentissage,LearnSpanish,learn spain spanish,5,67,171,4,1.49
langues-apprentissage,LearnSpanish,fun way to learn spanish,5,95,172,6,1.24
langues-apprentissage,LearnSpanish,speak spanish easily,5,44,226,78,0.59
langues-apprentissage,LearnSpanish,learn to think spanish,5,44,231,105,0.56
langues-apprentissage,LearnSpanish,SRS spanish,5,42,235,59,0.63
langues-apprentissage,LearnSpanish,Zero to Fluent Spanish App,5,40,235,114,0.55
langues-apprentissage,LearnSpanish,a1 spanish app,5,40,236,124,0.54
langues-apprentissage,LearnSpanish,spanish conversational,5,79,241,66,0.62
langues-apprentissage,LearnSpanish,learn spanish basics,5,47,222,6,1.24
langues-apprentissage,LearnSpanish,spanish immersion,5,51,248,27,0.76
langues-apprentissage,LearnSpanish,learn spanish efficiently,5,18,215,3,1.74
langues-apprentissage,LearnSpanish,spanish anki,5,48,238,55,0.64
langues-apprentissage,LearnSpanish,castilian spanish,5,95,249,5,1.34
langues-apprentissage,LearnSpanish,Practice Spanish Pronunciation,5,40,244,52,0.65
langues-apprentissage,LearnSpanish,Practice Mexican Spanish,5,40,243,163,0.52
langues-apprentissage,LearnSpanish,Speak Mexican Spanish,5,43,231,164,0.52
langues-apprentissage,LearnSpanish,Fluent Mexican Spanish,5,52,202,29,0.74
langues-apprentissage,LearnSpanish,Fluent Spanish Conversation,5,56,169,8,1.10
langues-apprentissage,LearnSpanish,Speak Learning Spanish,5,44,224,129,0.54
langues-apprentissage,LearnSpanish,Learn Spanish Immersion,5,32,227,25,0.77
langues-apprentissage,LearnSpanish,Quick Spanish Learning,5,46,229,170,0.51
langues-apprentissage,LearnSpanish,talk spanish,5,,246,71,0.61
langues-apprentissage,LearnSpanish,learn spanish fluently,5,44,227,8,1.10
langues-apprentissage,LearnSpanish,basic spanish learning,5,37,81,56,0.64
langues-apprentissage,LearnSpanish,learn spanish child,5,63,223,4,1.49
langues-apprentissage,LearnSpanish,food recipes spanish,5,44,235,61,0.63
langues-apprentissage,LearnSpanish,book lessons,5,49,239,194,0.50
langues-apprentissage,LearnSpanish,изучать языки,5,,210,45,0.67
langues-apprentissage,LearnSpanish,best dictionary app for iphone,5,71,231,138,0.53
langues-apprentissage,LearnSpanish,best language apps for spanish,5,63,228,99,0.57
langues-apprentissage,LearnSpanish,listen to spanish,5,67,245,36,0.70
langues-apprentissage,LearnSpanish,practice spanish speaking,5,98,249,40,0.69
langues-apprentissage,LearnSpanish,spanish fluency,5,72,247,150,0.52
langues-apprentissage,LearnSpanish,spanish reading practice,5,40,241,82,0.59
langues-apprentissage,LearnSpanish,spanish language exchange,5,40,237,221,0.49
langues-apprentissage,LearnSpanish,practice spanish conversation,5,43,237,140,0.53
langues-apprentissage,LearnSpanish,interactive spanish,5,45,247,240,0.48
langues-apprentissage,LearnSpanish,best spanish app,5,93,250,154,0.52
langues-apprentissage,LearnSpanish,learn intermediate spanish,5,43,229,104,0.56
langues-apprentissage,LearnSpanish,intermediate spanish lesson,5,44,229,52,0.65
langues-apprentissage,LearnSpanish,conversational spanish app,5,81,245,29,0.74
langues-apprentissage,LearnSpanish,fluent in spanish,5,98,248,16,0.87
langues-apprentissage,LearnSpanish,advanced spanish lessons,5,42,230,59,0.63
langues-apprentissage,LearnSpanish,spanish learning intermediate,5,44,230,152,0.52
langues-apprentissage,LearnSpanish,¡adivina la palabra,5,45,241,230,0.49
langues-apprentissage,LearnSpanish,spanish conjugator,5,40,235,178,0.51
langues-apprentissage,LearnSpanish,spanish free app,5,90,245,95,0.57
langues-apprentissage,LearnSpanish,learn to speak spanish palteca,5,2,178,22,0.80
langues-apprentissage,LearnSpanish,lenguaje natural,5,1,222,14,0.91
langues-apprentissage,LearnSpanish,practice spanish vocabulary,5,20,172,12,0.96
langues-apprentissage,LearnSpanish,beginner spanish vocabulary,5,81,228,8,1.10
langues-apprentissage,LearnSpanish,beginner spanish vocab,5,24,169,8,1.10
langues-apprentissage,LearnSpanish,speak catalan,5,28,241,70,0.61
langues-apprentissage,LearnSpanish,spanish language lesson,5,93,176,21,0.81
langues-apprentissage,LearnSpanish,laern,5,92,233,174,0.51
langues-apprentissage,LearnSpanish,learn phrases,5,81,227,2,2.29
langues-apprentissage,LearnSpanish,new phrases,5,43,239,64,0.62
langues-apprentissage,LearnSpanish,spanish grammar offline,5,47,239,134,0.54
langues-apprentissage,LearnSpanish,learn spanish with flashcards!,5,46,232,80,0.59
langues-apprentissage,LearnSpanish,learn spanish!,5,98,219,6,1.24
langues-apprentissage,LearnSpanish,phraze,5,52,204,5,1.34
langues-apprentissage,LearnSpanish,spanish pronouncitaion,5,,191,7,1.16
langues-apprentissage,LearnSpanish,aprender idiomnas,5,44,246,232,0.49
langues-apprentissage,LearnSpanish,từ khoá,5,,200,23,0.79
langues-apprentissage,LearnSpanish,bàn,5,,240,82,0.59
langues-apprentissage,LearnSpanish,spanish vocab builder,5,,174,11,0.98
langues-apprentissage,LearnSpanish,how to learn spanish apps,5,44,226,12,0.96
langues-apprentissage,LearnSpanish,learn spanish apps,5,92,247,166,0.52
langues-apprentissage,LearnSpanish,spanish medical phrases,5,65,183,4,1.49
langues-apprentissage,LearnSpanish,spanish verbs and grammar,5,,228,213,0.49
langues-apprentissage,LearnSpanish,tools to practice spanish conjugations,5,,234,162,0.52
langues-apprentissage,LearnSpanish,spanish vocabulary cards,5,40,225,144,0.53
langues-apprentissage,LearnSpanish,one word a day spanish,5,,229,151,0.52
langues-apprentissage,LearnSpanish,spanish daily word,5,,179,15,0.89
langues-apprentissage,LearnSpanish,spanish english flashcards,5,,164,17,0.86
langues-apprentissage,LearnSpanish,học tiếng tây ban nha,5,39,222,1,5.00
langues-apprentissage,LearnSpanish,từ vựng,5,37,244,97,0.57
langues-apprentissage,LearnSpanish,type spanish,5,63,245,85,0.58
langues-apprentissage,LearnSpanish,speak: learn spanish  french,5,,186,23,0.79
langues-apprentissage,LearnSpanish,arbequina,5,,158,48,0.66
langues-apprentissage,LearnSpanish,spanishlessons,5,98,246,91,0.58
langues-apprentissage,LearnSpanish,dejarlo ahora,5,,231,34,0.71
langues-apprentissage,LearnSpanish,发音,5,55,223,197,0.50
langues-apprentissage,LearnSpanish,cuentos bilingües,5,87,250,55,0.64
langues-apprentissage,LearnSpanish,sing spanish,5,74,195,3,1.74
langues-apprentissage,LearnSpanish,yellow%20taxi,5,67,229,70,0.61
langues-apprentissage,LearnSpanish,traductor%20de%20voz,5,70,234,17,0.86
langues-apprentissage,LearnSpanish,cuenta%20regresiva,5,50,234,24,0.78
langues-apprentissage,LearnSpanish,spanish%20learning%20kids,5,55,164,7,1.16
langues-apprentissage,LearnSpanish,contar%20calorias,5,55,231,57,0.63
langues-apprentissage,LearnSpanish,llamadas%20falsas,5,72,250,102,0.56
langues-apprentissage,LearnSpanish,grabar%20audio,5,40,248,47,0.66
langues-apprentissage,LearnSpanish,tolan%20ai,5,51,231,99,0.57
langues-apprentissage,LearnSpanish,liberar%20espacio,5,67,235,41,0.68
langues-apprentissage,LearnSpanish,firmar%20documentos,5,59,250,221,0.49
langues-apprentissage,LearnSpanish,mood%20meter,5,73,224,72,0.60
langues-apprentissage,LearnSpanish,spaced%20repetition,5,62,228,31,0.73
langues-apprentissage,LearnSpanish,spanish%20translator,5,73,206,26,0.76
langues-apprentissage,LearnSpanish,endless%20spanish,5,72,213,33,0.72
langues-apprentissage,LearnSpanish,la%20vaca%20lola,5,97,233,19,0.83
langues-apprentissage,LearnSpanish,urban%20dictionary,5,65,208,65,0.62
langues-apprentissage,LearnSpanish,daily%20task,5,55,235,53,0.64
langues-apprentissage,LearnSpanish,cooking%20mama,5,71,227,41,0.68
langues-apprentissage,LearnSpanish,fluent%20forever,5,68,250,222,0.49
langues-apprentissage,LearnSpanish,spanish%20vocabulary,5,75,224,130,0.54
langues-apprentissage,LearnSpanish,speak%20chinese,5,57,203,40,0.69
langues-apprentissage,LearnSpanish,auto%20redial,5,79,229,56,0.64
langues-apprentissage,LearnSpanish,learn%20to%20speak%20spanish,5,66,228,172,0.51
langues-apprentissage,LearnSpanish,vacation%20planner,5,72,248,81,0.59
langues-apprentissage,LearnSpanish,billetera%20digital,5,60,230,32,0.73
langues-apprentissage,LearnSpanish,lady%20bug,5,77,248,76,0.60
langues-apprentissage,LearnSpanish,10%20minute%20spanish,5,75,202,19,0.83
langues-apprentissage,LearnSpanish,learn%20spanish%20free,5,62,245,44,0.67
langues-apprentissage,LearnSpanish,gestor%20de%20gastos,5,57,249,149,0.53
langues-apprentissage,LearnSpanish,little%20alchemy,5,72,237,60,0.63
langues-apprentissage,LearnSpanish,convenience%20store,5,58,233,92,0.58
langues-apprentissage,LearnSpanish,grow%20taller,5,46,232,83,0.59
langues-apprentissage,LearnSpanish,beb%C3%A9,5,71,229,25,0.77
langues-apprentissage,LearnSpanish,spanish%20conjugation,5,49,192,9,1.06
langues-apprentissage,LearnSpanish,dominican%20spanish,5,41,240,152,0.52
langues-apprentissage,LearnSpanish,spanish%20game,5,49,162,12,0.96
langues-apprentissage,LearnSpanish,spanish%20to%20english,5,65,227,46,0.67
langues-apprentissage,LearnSpanish,learning%20spanish,5,62,168,21,0.81
langues-apprentissage,LearnSpanish,spanish%20word%20of%20the%20day,5,49,161,4,1.49
langues-apprentissage,LearnSpanish,spanish%20for%20kids,5,71,201,14,0.91
langues-apprentissage,LearnSpanish,spanish%20learning%20app%20free,5,58,226,48,0.66
langues-apprentissage,LearnSpanish,spanish%20kids,5,73,196,23,0.79
langues-apprentissage,LearnSpanish,aprender%20a%20leer,5,70,231,39,0.69
langues-apprentissage,LearnSpanish,language%20learning%20spanish,5,50,224,131,0.54
langues-apprentissage,LearnSpanish,learn%20mexican%20spanish,5,48,180,9,1.06
langues-apprentissage,LearnSpanish,learn%20spanish%20for%20beginners,5,56,186,19,0.83
langues-apprentissage,LearnSpanish,cuentos%20para%20ni%C3%B1os%20gratuito,5,82,212,30,0.74
langues-apprentissage,LearnSpanish,grammar%20check,5,74,228,44,0.67
langues-apprentissage,LearnSpanish,cash%20register,5,52,237,51,0.65
langues-apprentissage,LearnSpanish,grabadora%20de%20voz,5,75,228,12,0.96
langues-apprentissage,LearnSpanish,travel%20freely,5,55,247,68,0.61
langues-apprentissage,LearnSpanish,traductor%20de%20ingles%20a%20espa%C3%B1ol,5,55,227,58,0.63
langues-apprentissage,LearnSpanish,spanish%20flash%20cards,5,42,177,5,1.34
langues-apprentissage,LearnSpanish,reproductor%20de%20musica,5,32,224,94,0.57
langues-apprentissage,LearnSpanish,dreaming%20spanish,5,55,239,118,0.55
langues-apprentissage,LearnSpanish,homework%20answers,5,83,231,67,0.61
langues-apprentissage,LearnSpanish,how%20to%20speak%20spanish,5,45,181,17,0.86
langues-apprentissage,LearnSpanish,cartera%20digital,5,47,250,105,0.56
langues-apprentissage,LearnSpanish,codigo%20qr,5,64,235,32,0.73
langues-apprentissage,LearnSpanish,diario%20personal,5,53,232,60,0.63
langues-apprentissage,LearnSpanish,del%20taco,5,50,217,45,0.67
langues-apprentissage,LearnSpanish,nota%20de%20voz,5,68,230,22,0.80
langues-apprentissage,LearnSpanish,sound%20bored,5,67,233,30,0.74
langues-apprentissage,LearnSpanish,spanish%20learning,5,44,165,11,0.98
langues-apprentissage,LearnSpanish,record%20conversation,5,69,233,59,0.63
langues-apprentissage,LearnSpanish,spanish%20learning%20games,5,38,167,22,0.80
langues-apprentissage,LearnSpanish,learning%20spanish%20for%20kids,5,83,183,22,0.80
langues-apprentissage,LearnSpanish,learning%20spanish%20for%20beginners,5,50,232,37,0.70
langues-apprentissage,LearnSpanish,licencia%20de%20conducir,5,35,223,39,0.69
langues-apprentissage,LearnSpanish,kind%20words,5,59,235,43,0.68
langues-apprentissage,LearnSpanish,shut%20up,5,54,196,7,1.16
langues-apprentissage,LearnSpanish,escanear%20documentos,5,60,234,40,0.69
langues-apprentissage,LearnSpanish,lista%20de%20compras,5,62,207,68,0.61
langues-apprentissage,LearnSpanish,spanish%20apps,5,44,236,50,0.65
langues-apprentissage,LearnSpanish,examen%20de%20manejo,5,47,233,19,0.83
langues-apprentissage,LearnSpanish,english%20to%20spanish,5,65,193,27,0.76
langues-apprentissage,LearnSpanish,learn%20spanish%20kids,5,35,196,9,1.06
langues-apprentissage,LearnSpanish,buscar%20pareja,5,70,229,56,0.64
langues-apprentissage,LearnSpanish,punto%20final,5,51,231,48,0.66
langues-apprentissage,LearnSpanish,learn%20spanish,5,35,179,9,1.06
langues-apprentissage,LearnSpanish,spanish%2021,5,57,220,28,0.75
langues-apprentissage,LearnSpanish,spanish%20keyboard,5,57,202,11,0.98
langues-apprentissage,LearnSpanish,remind%20101,5,25,250,166,0.52
langues-apprentissage,LearnSpanish,nivel%20de%20burbuja,5,53,228,45,0.67
langues-apprentissage,LearnSpanish,grabador%20de%20voz,5,55,225,8,1.10
langues-apprentissage,LearnSpanish,how%20to%20learn%20spanish,5,49,172,16,0.87
langues-apprentissage,LearnSpanish,spanish%20word,5,52,204,15,0.89
langues-apprentissage,LearnSpanish,reloj%20despertador,5,49,230,39,0.69
langues-apprentissage,LearnSpanish,notas%20de%20voz,5,58,250,137,0.53
langues-apprentissage,LearnSpanish,spanish%20grammar,5,71,213,14,0.91
langues-apprentissage,LearnSpanish,speak%20spanish,5,44,175,8,1.10
langues-apprentissage,LearnSpanish,rocket%20spanish,5,59,210,26,0.76
langues-apprentissage,LearnSpanish,memorize%20by%20heart,5,55,226,16,0.87
langues-apprentissage,LearnSpanish,free%20spanish%20lessons,5,64,238,30,0.74
langues-apprentissage,LearnSpanish,hispanic%20dating,5,73,248,140,0.53
langues-apprentissage,LearnSpanish,yo%20nunca%20nunca,5,62,234,31,0.73
langues-apprentissage,LearnSpanish,mando%20a%20distancia,5,92,239,67,0.61
langues-apprentissage,LearnSpanish,peliculas%20gratis,5,72,229,67,0.61
langues-apprentissage,LearnSpanish,spanish%20learning%20apps%20for%20kids,5,34,160,7,1.16
langues-apprentissage,LearnSpanish,ella%20verbs%20learn%20spanish,5,44,227,59,0.63
langues-apprentissage,LearnSpanish,poop%20log,5,54,250,101,0.56
langues-apprentissage,LearnSpanish,languagefabulingua: kids learn spanish,5,,208,21,0.81
langues-apprentissage,LearnSpanish,paced%20breathing,5,,239,97,0.57
langues-apprentissage,LearnSpanish,poem%20writer,5,,242,94,0.57
langues-apprentissage,LearnSpanish,learn%20spanish%20for%20free,5,,232,29,0.74
langues-apprentissage,LearnSpanish,custom%20font,5,,247,136,0.53
langues-apprentissage,LearnSpanish,pronounce%20words,5,,248,174,0.51
langues-apprentissage,LearnSpanish,spanish%20verbs,5,,232,191,0.50
langues-apprentissage,LearnSpanish,medidor%20de%20velocidad,5,,226,33,0.72
langues-apprentissage,LearnSpanish,blur%20tool,5,,230,102,0.56
langues-apprentissage,LearnSpanish,spanish%20app,5,,159,8,1.10
langues-apprentissage,LearnSpanish,chore%20list,5,,211,61,0.63
langues-apprentissage,LearnSpanish,stop%20barking,5,,233,32,0.73
langues-apprentissage,LearnSpanish,aprender%20a%20hablar%20ingl%C3%A9s,5,57,248,117,0.55
langues-apprentissage,LearnSpanish,gif%20keyboard,5,,218,32,0.73
langues-apprentissage,LearnSpanish,duo%20lingo%20spanish,5,78,232,100,0.57
langues-apprentissage,LearnSpanish,spanish%20learning%20app,5,62,222,40,0.69
langues-apprentissage,LearnSpanish,middle%20school,5,,213,16,0.87
langues-apprentissage,LearnSpanish,spanish%20dict,5,48,236,175,0.51
langues-apprentissage,LearnSpanish,duolingo%20spanish,5,44,237,76,0.60
langues-apprentissage,LearnSpanish,audio book spanish,5,,187,13,0.93
langues-apprentissage,LearnSpanish,audio books spanish,5,88,247,208,0.50
langues-apprentissage,LearnSpanish,kids learn spanish\,5,,180,14,0.91
langues-apprentissage,LearnSpanish,hablo espanol,5,,223,29,0.74
langues-apprentissage,LearnSpanish,español ingles diccionario,5,,182,21,0.81
langues-apprentissage,LearnSpanish,español inglés diccionario,5,,182,21,0.81
langues-apprentissage,LearnSpanish,diccionario español inglés,5,,181,37,0.70
langues-apprentissage,LearnSpanish,diccionario españolinglés,5,,190,11,0.98
langues-apprentissage,LearnSpanish,ingles español diccionario,5,25,179,23,0.79
langues-apprentissage,LearnSpanish,español y en inglés,5,,194,38,0.70
langues-apprentissage,LearnSpanish,inglés español diccionario,5,,180,22,0.80
langues-apprentissage,LearnSpanish,diccionarios en español,5,,239,76,0.60
langues-apprentissage,LearnSpanish,translator for spanish,5,86,239,194,0.50
langues-apprentissage,LearnSpanish,español y inglés,5,,195,29,0.74
langues-apprentissage,LearnSpanish,español a inglés,5,,196,30,0.74
langues-apprentissage,LearnSpanish,traducir el español en inglés,5,,186,41,0.68
langues-apprentissage,LearnSpanish,español traducción,5,,217,40,0.69
langues-apprentissage,LearnSpanish,en español,5,,210,66,0.62
langues-apprentissage,LearnSpanish,traducción de español,5,,203,30,0.74
langues-apprentissage,LearnSpanish,learn english spanish,5,48,233,124,0.54
langues-apprentissage,LearnSpanish,spanish english word match,5,,157,6,1.24
langues-apprentissage,LearnSpanish,spanish english offline dictionary,5,,178,22,0.80
langues-apprentissage,LearnSpanish,spanish to english vocabulary,5,,165,14,0.91
langues-apprentissage,LearnSpanish,spanish keyboard with english,5,,201,10,1.02
langues-apprentissage,LearnSpanish,learn daily spanish vocabulary,5,,157,5,1.34
langues-apprentissage,LearnSpanish,latin phrase,5,,167,147,0.53
langues-apprentissage,LearnSpanish,c1 vocabulary spanish advanced,5,,180,8,1.10
langues-apprentissage,LearnSpanish,the phrase,5,51,224,68,0.61
langues-apprentissage,LearnSpanish,learn spanisch numbers,5,,186,7,1.16
langues-apprentissage,LearnSpanish,listening spanish,5,42,237,92,0.58
langues-apprentissage,LearnSpanish,learning for beginners,5,,237,140,0.53
langues-apprentissage,LearnSpanish,learnning spanish,5,,201,27,0.76
langues-apprentissage,LearnSpanish,spanishgrammar,5,50,236,84,0.59
langues-apprentissage,LearnSpanish,learning spanish beginners,5,97,244,134,0.54
langues-apprentissage,LearnSpanish,spanish beginner,5,43,221,24,0.78
langues-apprentissage,LearnSpanish,spanishfor kids,5,,169,78,0.59
langues-apprentissage,LearnSpanish,learn spanish word,5,,178,5,1.34
langues-apprentissage,LearnSpanish,homework in spanish,5,,182,7,1.16
langues-apprentissage,LearnSpanish,spanish homework,5,88,247,218,0.49
langues-apprentissage,LearnSpanish,phrase learning,5,,221,8,1.10
langues-apprentissage,LearnSpanish,voz grabada,5,,223,16,0.87
langues-apprentissage,LearnSpanish,spanish learning for begginers,5,,154,21,0.81
langues-apprentissage,LearnSpanish,repeat phrases,5,40,248,38,0.70
langues-apprentissage,LearnSpanish,- pronunciation,5,55,192,167,0.52
langues-apprentissage,LearnSpanish,spanish shadowing,5,40,239,119,0.55
langues-apprentissage,LearnSpanish,spanish typing,5,,179,1,5.00
langues-apprentissage,LearnSpanish,intermidiate speakers,5,,231,15,0.89
langues-apprentissage,LearnSpanish,spanish convo,5,,167,9,1.06
langues-apprentissage,LearnSpanish,spanish phrase,5,73,132,1,5.00
langues-apprentissage,LearnSpanish,spanish learna,5,42,249,36,0.70
langues-apprentissage,LearnSpanish,advance spanish,5,,210,22,0.80
langues-apprentissage,LearnSpanish,common portuguese phrases,5,40,241,186,0.51
langues-apprentissage,LearnSpanish,no sabo,5,50,249,65,0.62
langues-apprentissage,LearnSpanish,yo sabo,5,40,249,60,0.63
langues-apprentissage,LearnSpanish,adelanto de efectivo,5,,235,75,0.60
langues-apprentissage,LearnSpanish,ogos de carros,5,,225,65,0.62
langues-apprentissage,LearnSpanish,context  vocabulary  dictionary  transla,5,,219,46,0.67
langues-apprentissage,LearnSpanish,reloop,5,,221,151,0.52
langues-apprentissage,LearnSpanish,business spanish vocab,5,32,195,6,1.24
langues-apprentissage,LearnSpanish,legal spanish,5,40,250,202,0.50
langues-apprentissage,LearnSpanish,spanish verbs for cats,5,,204,9,1.06
langues-apprentissage,LearnSpanish,spanish medical terminology,5,43,215,17,0.86
langues-apprentissage,LearnSpanish,business spanish,5,,148,6,1.24
langues-apprentissage,LearnSpanish,professional spanish,5,,185,6,1.24
langues-apprentissage,LearnSpanish,spanish for work,5,,179,3,1.74
langues-apprentissage,LearnSpanish,spanish for travel emergencies,5,,164,4,1.49
langues-apprentissage,LearnSpanish,spanish words for work,5,,154,7,1.16
langues-apprentissage,LearnSpanish,practicar espanol,5,,203,29,0.74
langues-apprentissage,LearnSpanish,meaningful lessons,5,,231,31,0.73
langues-apprentissage,LearnSpanish,habla idiomas,5,,230,29,0.74
langues-apprentissage,LearnSpanish,spanish online,5,,204,23,0.79
langues-apprentissage,LearnSpanish,learn spanish adults,5,,202,7,1.16
langues-apprentissage,LearnSpanish,spanish beginners,5,,183,17,0.86
langues-apprentissage,LearnSpanish,spanish school,5,35,164,15,0.89
langues-apprentissage,LearnSpanish,spanish class,5,98,247,31,0.73
langues-apprentissage,LearnSpanish,spanish study,5,94,218,59,0.63
langues-apprentissage,LearnSpanish,spanish helper,5,,207,14,0.91
langues-apprentissage,LearnSpanish,tagalog phrases,5,,207,9,1.06
langues-apprentissage,LearnSpanish,meta de alhorro,5,,231,51,0.65
langues-apprentissage,LearnSpanish,refrencia,5,50,247,206,0.50
langues-apprentissage,LearnSpanish,improve vocabulary spanish builder study,5,,179,22,0.80
langues-apprentissage,LearnSpanish,organizar organizars,5,,231,68,0.61
langues-apprentissage,LearnSpanish,spanglish,5,,245,5,1.34
langues-apprentissage,LearnSpanish,bilingual baby,5,43,244,230,0.49
langues-apprentissage,LearnSpanish,spanish subjuntive,5,,232,31,0.73
langues-apprentissage,LearnSpanish,spanish courses,5,,165,23,0.79
langues-apprentissage,LearnSpanish,spanish gsmes for kids,5,,175,18,0.84
langues-apprentissage,LearnSpanish,lecciones de idiomas,5,,175,23,0.79
langues-apprentissage,LearnSpanish,spanish cefr test,5,,244,206,0.50
langues-apprentissage,LearnSpanish,spanish assessment,5,32,161,7,1.16
langues-apprentissage,LearnSpanish,perfect spanish,5,,244,34,0.71
langues-apprentissage,LearnSpanish,improve spanish,5,,208,14,0.91
langues-apprentissage,LearnSpanish,aprendo espanol,5,,208,32,0.73
langues-apprentissage,LearnSpanish,spanish.,5,,138,18,0.84
langues-apprentissage,LearnSpanish,spansh,5,,208,29,0.74
langues-apprentissage,LearnSpanish,lern spanish,5,89,247,183,0.51
langues-apprentissage,LearnSpanish,better spanish,5,,242,69,0.61
langues-apprentissage,LearnSpanish,learna spanish,5,97,247,5,1.34
langues-apprentissage,LearnSpanish,4000 esential spanish words,5,,153,10,1.02
langues-apprentissage,LearnSpanish,studycat spanish,5,,249,3,1.74
langues-apprentissage,LearnSpanish,loora spanish,5,,250,177,0.51
langues-apprentissage,LearnSpanish,teleprompter spanish,5,,245,182,0.51
langues-apprentissage,LearnSpanish,yo spanish,5,,241,132,0.54
langues-apprentissage,LearnSpanish,learn spanish: for beginners,5,51,225,15,0.89
langues-apprentissage,LearnSpanish,how good is my spanish,5,,175,5,1.34
langues-apprentissage,LearnSpanish,spanish level,5,,167,7,1.16
langues-apprentissage,LearnSpanish,spanish cefr,5,,183,8,1.10
langues-apprentissage,LearnSpanish,spanish b2,5,,165,6,1.24
langues-apprentissage,LearnSpanish,brújula (accented),5,,228,14,0.91
langues-apprentissage,LearnSpanish,yacire one,5,,199,58,0.63
langues-apprentissage,LearnSpanish,aplicación para gastos del hogar,5,,208,60,0.63
langues-apprentissage,LearnSpanish,espanol facil,5,,250,126,0.54
langues-apprentissage,LearnSpanish,aprende leyes de tránsito,5,,185,32,0.73
langues-apprentissage,LearnSpanish,learn spanish padel,5,40,243,48,0.66
langues-apprentissage,LearnSpanish,地鐵,5,,242,226,0.49
langues-apprentissage,LearnSpanish,dictionarycom,5,,237,210,0.50
langues-apprentissage,LearnSpanish,duolingo spanish free,5,89,246,45,0.67
langues-apprentissage,LearnSpanish,afford this,5,60,249,45,0.67
langues-apprentissage,LearnSpanish,eppika: learn spanish reading,5,,208,65,0.62
langues-apprentissage,LearnSpanish,learn spanish free offline,5,,208,13,0.93
langues-apprentissage,LearnSpanish,my dictionary・learn new words,5,,212,198,0.50
langues-apprentissage,LearnSpanish,spanish interpreter,5,,195,46,0.67
langues-apprentissage,LearnSpanish,beginner pro,5,,238,238,0.48
langues-apprentissage,LearnSpanish,learning basic,5,,230,83,0.59
langues-apprentissage,LearnSpanish,poseo,5,,195,8,1.10
langues-apprentissage,LearnSpanish,spanish films,5,42,243,119,0.55
langues-apprentissage,LearnSpanish,leaen,5,42,209,183,0.51
langues-apprentissage,LearnSpanish,easy letras bonitas,5,,200,7,1.16
langues-apprentissage,LearnSpanish,top horario de trabajo,5,,212,63,0.62
langues-apprentissage,LearnSpanish,latin phrases,5,52,188,7,1.16
langues-apprentissage,LearnSpanish,latin practice,5,,195,153,0.52
langues-apprentissage,LearnSpanish,latin trainer,5,,216,79,0.59
langues-apprentissage,LearnSpanish,free nota de voz meaning,5,,249,91,0.58
langues-apprentissage,LearnSpanish,reviews ruler tablas,5,,250,127,0.54
langues-apprentissage,LearnSpanish,iphone basics,5,,214,173,0.51
langues-apprentissage,LearnSpanish,spanishconmigo,5,,207,3,1.74
langues-apprentissage,LearnSpanish,spell wizards spanish,5,,196,30,0.74
langues-apprentissage,LearnSpanish,leann spanish,5,,212,7,1.16
langues-apprentissage,LearnSpanish,學西班牙文,5,67,158,1,5.00
langues-apprentissage,LearnSpanish,發音,5,34,224,140,0.53
langues-apprentissage,LearnSpanish,al siraat : apprendre le coran,5,40,250,115,0.55
langues-apprentissage,LearnSpanish,studycat learn spanish,5,,185,6,1.24
langues-apprentissage,LearnSpanish,visual verbs: spanish verbs,5,,205,82,0.59
langues-apprentissage,LearnSpanish,teléfono tonto,5,,192,17,0.86
langues-apprentissage,LearnSpanish,mec idiomas: inglês e espanhol,5,,178,23,0.79
langues-apprentissage,LearnSpanish,just moved,5,,201,13,0.93
langues-apprentissage,LearnSpanish,lancedor,5,54,250,223,0.49
langues-apprentissage,LearnSpanish,biletçi,5,,201,39,0.69
langues-apprentissage,LearnSpanish,learn words spanish,5,,205,111,0.55
langues-apprentissage,LearnSpanish,text like native,5,,248,67,0.61
langues-apprentissage,LearnSpanish,spanishhomework,5,,250,42,0.68
langues-apprentissage,LearnSpanish,lernen espanol,5,,191,25,0.77
langues-apprentissage,LearnSpanish,spanish hw,5,37,225,21,0.81
langues-apprentissage,LearnSpanish,conjugate spanish,5,49,241,95,0.57
langues-apprentissage,LearnSpanish,how to spanish,5,,208,25,0.77
langues-apprentissage,LearnSpanish,spanish dictation,5,,194,10,1.02
langues-apprentissage,LearnSpanish,mexican spanish dictation,5,40,243,181,0.51
langues-apprentissage,LearnSpanish,latin spanish dictation,5,,199,11,0.98
langues-apprentissage,LearnSpanish,spanish voice keyboard,5,,249,129,0.54
langues-apprentissage,LearnSpanish,spanish speech to text,5,,246,229,0.49
langues-apprentissage,LearnSpanish,ahorcado en español,5,,192,66,0.62
langues-apprentissage,LearnSpanish,travel phrase,5,,231,37,0.70
langues-apprentissage,LearnSpanish,write spanish,5,,250,205,0.50
langues-apprentissage,LearnSpanish,spell spanish,5,,235,56,0.64
langues-apprentissage,LearnSpanish,spanishdictionary,5,,216,95,0.57
langues-apprentissage,LearnSpanish,spanishdictionary language,5,,231,104,0.56
langues-apprentissage,LearnSpanish,邮件翻译,5,,249,184,0.51
langues-apprentissage,LearnSpanish,parrot – learn spanish,5,52,250,15,0.89
langues-apprentissage,LearnSpanish,travel tranlate,5,,240,219,0.49
langues-apprentissage,LearnSpanish,spain / iphone,5,,238,44,0.67
langues-apprentissage,LearnSpanish,learn spanish flashcards,5,,237,45,0.67
langues-apprentissage,LearnSpanish,taco%20bell,,,231,96,
langues-apprentissage,LearnSpanish,free%20spanish%20learning%20for%20beginners,,,179,24,
langues-apprentissage,LearnSpanish,llamadas%20internacionales,,,187,3,
langues-apprentissage,LearnSpanish,recortar%20fotos,,,250,87,
langues-apprentissage,LearnSpanish,medical%20spanish,,48,239,131,
langues-apprentissage,LearnSpanish,spanish%20dictionary,,,160,7,
langues-apprentissage,LearnSpanish,free%20learn%20spanish%20app,,,233,50,
langues-apprentissage,LearnSpanish,class%20dojo,,46,250,82,
langues-apprentissage,LearnSpanish,blank%20spaces,,47,250,209,
langues-apprentissage,LearnSpanish,sweet%20selfie,,,234,37,
langues-apprentissage,LearnSpanish,seeking%20arrangement,,,225,56,
langues-apprentissage,LearnSpanish,spanish%20games,,,177,16,
langues-apprentissage,LearnSpanish,traductor%20de%20ingles%20a%20espa%C3%B1ol%20gratis,,46,247,181,
langues-apprentissage,LearnSpanish,stone learn bests,,,228,97,
langues-apprentissage,LearnSpanish,learn translations,,,226,84,
langues-apprentissage,LearnSpanish,spanish number,,,198,20,
langues-apprentissage,LearnSpanish,spanishes,,,183,8,
langues-apprentissage,LearnSpanish,learn esperanto phrasebook pro,,,221,8,
langues-apprentissage,LearnSpanish,reading in spanish,,,187,10,
langues-apprentissage,LearnSpanish,spanish grammar: gramático,,,206,96,
langues-apprentissage,LearnSpanish,spanish in 100 days,,,178,4,
langues-apprentissage,LearnSpanish,dutch phrases,,,205,23,
langues-apprentissage,LearnSpanish,avocabo - learn words daily,,,222,51,
langues-apprentissage,LearnSpanish,voz quick keeper,,,215,32,
langues-apprentissage,LearnSpanish,reviews my nota de voz online,,,249,77,
langues-apprentissage,LearnSpanish,spanish verb practice,,42,247,205,
langues-apprentissage,LearnSpanish,spanish conjugation practice,,42,238,180,
langues-apprentissage,LearnSpanish,spanish subjunctive,,49,238,101,
langues-apprentissage,LearnSpanish,spanish subjuntivo,,40,240,57,
langues-apprentissage,LearnSpanish,spanish prepositions,,42,236,130,
langues-apprentissage,LearnSpanish,noun gender spanish,,40,236,200,
langues-apprentissage,LearnSpanish,spanish verb quiz,,40,231,188,
langues-apprentissage,LearnSpanish,spanish c1,,47,239,84,
langues-apprentissage,LearnSpanish,spanish guide,,42,218,15,
langues-apprentissage,LearnSpanish,spanishpod,,50,246,109,
langues-apprentissage,LearnSpanish,momolingo,,33,249,5,
langues-apprentissage,LearnSpanish,conjugato language,,,248,154,
langues-apprentissage,LearnSpanish,learn spanish french,,,235,15,
langues-apprentissage,LearnSpanish,am i pretty in spanish,,,176,7,
langues-apprentissage,LearnJapanese,reddit,94,100,246,200,9.39
langues-apprentissage,LearnJapanese,converse,52,100,248,146,5.49
langues-apprentissage,LearnJapanese,changed,29,56,233,173,2.97
langues-apprentissage,LearnJapanese,apprendre japonais,27,67,240,41,3.69
langues-apprentissage,LearnJapanese,話,21,51,242,164,2.17
langues-apprentissage,LearnJapanese,tabelog english japan,21,64,250,21,3.40
langues-apprentissage,LearnJapanese,학습,20,96,247,209,1.98
langues-apprentissage,LearnJapanese,学,18,92,236,176,1.84
langues-apprentissage,LearnJapanese,read it,17,93,248,215,1.68
langues-apprentissage,LearnJapanese,lern,13,75,213,75,1.56
langues-apprentissage,LearnJapanese,easy japanese,10,55,248,216,0.99
langues-apprentissage,LearnJapanese,duolingo japanese,8,81,247,216,0.79
langues-apprentissage,LearnJapanese,japanese phrases,5,57,243,7,1.16
langues-apprentissage,LearnJapanese,osaka,5,57,249,163,0.52
langues-apprentissage,LearnJapanese,ew,5,97,245,194,0.50
langues-apprentissage,LearnJapanese,japanese learn japanese,5,42,241,31,0.73
langues-apprentissage,LearnJapanese,learn japanese game,5,69,233,45,0.67
langues-apprentissage,LearnJapanese,reddit nsfw,5,80,185,164,0.52
langues-apprentissage,LearnJapanese,话,5,48,242,180,0.51
langues-apprentissage,LearnJapanese,句子,5,55,238,67,0.61
langues-apprentissage,LearnJapanese,japanese phrasebook,5,,206,6,1.24
langues-apprentissage,LearnJapanese,nihongo japanese dictionary,5,40,236,138,0.53
langues-apprentissage,LearnJapanese,reddit reader,5,,181,142,0.53
langues-apprentissage,LearnJapanese,wods,5,100,219,193,0.50
langues-apprentissage,LearnJapanese,японский,5,,204,35,0.71
langues-apprentissage,LearnJapanese,japonés,5,84,225,26,0.76
langues-apprentissage,LearnJapanese,japanese alphabet,5,53,241,86,0.58
langues-apprentissage,LearnJapanese,aprender japonés,5,43,228,147,0.53
langues-apprentissage,LearnJapanese,japanese phrasebook travel,5,,175,13,0.93
langues-apprentissage,LearnJapanese,japanese language,5,67,247,180,0.51
langues-apprentissage,LearnJapanese,learn japanese easily,5,48,243,29,0.74
langues-apprentissage,LearnJapanese,obenkyo,5,47,250,112,0.55
langues-apprentissage,LearnJapanese,Japanese words,5,54,244,17,0.86
langues-apprentissage,LearnJapanese,Japan words,5,36,248,12,0.96
langues-apprentissage,LearnJapanese,talk me,5,82,239,200,0.50
langues-apprentissage,LearnJapanese,phrase,5,100,243,207,0.50
langues-apprentissage,LearnJapanese,日文翻譯,5,82,250,26,0.76
langues-apprentissage,LearnJapanese,翻譯,5,75,221,73,0.60
langues-apprentissage,LearnJapanese,learn japanese grammar,5,43,241,26,0.76
langues-apprentissage,LearnJapanese,japanisch lernen,5,89,249,19,0.83
langues-apprentissage,LearnJapanese,learn more,5,86,240,183,0.51
langues-apprentissage,LearnJapanese,aprender japonês,5,69,245,87,0.58
langues-apprentissage,LearnJapanese,speak japanese,5,74,245,44,0.67
langues-apprentissage,LearnJapanese,japanesepod101,5,43,249,153,0.52
langues-apprentissage,LearnJapanese,日文單字,5,25,245,155,0.52
langues-apprentissage,LearnJapanese,日文,5,83,248,33,0.72
langues-apprentissage,LearnJapanese,yomiwa japanese dictionary,5,40,235,134,0.54
langues-apprentissage,LearnJapanese,fluent japanese,5,50,249,98,0.57
langues-apprentissage,LearnJapanese,- how to speak japanese,5,40,246,63,0.62
langues-apprentissage,LearnJapanese,japanese speaking,5,52,249,73,0.60
langues-apprentissage,LearnJapanese,akaino,5,15,190,184,0.51
langues-apprentissage,LearnJapanese,debutant,5,53,219,182,0.51
langues-apprentissage,LearnJapanese,learning guide,5,,238,119,0.55
langues-apprentissage,LearnJapanese,изучать,5,42,233,135,0.54
langues-apprentissage,LearnJapanese,фразы,5,45,219,124,0.54
langues-apprentissage,LearnJapanese,japanese word,5,55,247,195,0.50
langues-apprentissage,LearnJapanese,easy learning japanese,5,86,247,17,0.86
langues-apprentissage,LearnJapanese,midori japanese dictionary,5,40,242,183,0.51
langues-apprentissage,LearnJapanese,traductor japones,5,57,249,234,0.49
langues-apprentissage,LearnJapanese,japanese dictionary english,5,35,233,169,0.51
langues-apprentissage,LearnJapanese,ord,5,100,249,229,0.49
langues-apprentissage,LearnJapanese,offline japanese dictionary,5,43,246,134,0.54
langues-apprentissage,LearnJapanese,japanese vocab,5,52,247,129,0.54
langues-apprentissage,LearnJapanese,translate english japanese,5,60,234,129,0.54
langues-apprentissage,LearnJapanese,world phrasebooks & travel guides,5,33,58,38,0.70
langues-apprentissage,LearnJapanese,learn conversation,5,40,247,142,0.53
langues-apprentissage,LearnJapanese,rre,5,100,224,205,0.50
langues-apprentissage,LearnJapanese,todai easy japanese,5,42,250,201,0.50
langues-apprentissage,LearnJapanese,japanese to english translator,5,98,189,148,0.53
langues-apprentissage,LearnJapanese,10 minute japanese,5,45,248,158,0.52
langues-apprentissage,LearnJapanese,学日语,5,78,248,207,0.50
langues-apprentissage,LearnJapanese,boki,5,100,240,183,0.51
langues-apprentissage,LearnJapanese,japanese alphabet learn,5,44,245,238,0.48
langues-apprentissage,LearnJapanese,japanese lessons,5,45,244,112,0.55
langues-apprentissage,LearnJapanese,minute japanese,5,47,241,21,0.81
langues-apprentissage,LearnJapanese,guided course,5,42,239,132,0.54
langues-apprentissage,LearnJapanese,srs japanese,5,42,241,152,0.52
langues-apprentissage,LearnJapanese,nihongo lessons,5,47,248,147,0.53
langues-apprentissage,LearnJapanese,japanese grammer,5,59,249,247,0.48
langues-apprentissage,LearnJapanese,japanese spaced repetition,5,42,246,92,0.58
langues-apprentissage,LearnJapanese,japanese grammar rules,5,47,242,84,0.59
langues-apprentissage,LearnJapanese,japanese vocabulary builder,5,40,239,56,0.64
langues-apprentissage,LearnJapanese,japanese language exchange,5,70,249,137,0.53
langues-apprentissage,LearnJapanese,japanese language proficiency,5,40,236,65,0.62
langues-apprentissage,LearnJapanese,japanese language course,5,40,232,91,0.58
langues-apprentissage,LearnJapanese,japanese language school,5,43,239,197,0.50
langues-apprentissage,LearnJapanese,japanese language basics,5,40,240,67,0.61
langues-apprentissage,LearnJapanese,japanese phrases for travelers,5,49,250,9,1.06
langues-apprentissage,LearnJapanese,learn japanese from manga,5,40,244,40,0.69
langues-apprentissage,LearnJapanese,learn japanese from videogames,5,40,243,24,0.78
langues-apprentissage,LearnJapanese,japanese dictionary offline,5,38,236,136,0.53
langues-apprentissage,LearnJapanese,japanese learning daily use,5,44,243,117,0.55
langues-apprentissage,LearnJapanese,japanese learning - beginners,5,44,239,64,0.62
langues-apprentissage,LearnJapanese,japanese dictionary grammar,5,40,232,137,0.53
langues-apprentissage,LearnJapanese,jisho dictionary,5,32,240,160,0.52
langues-apprentissage,LearnJapanese,japanese stories,5,40,182,54,0.64
langues-apprentissage,LearnJapanese,nihongo japanese,5,40,243,194,0.50
langues-apprentissage,LearnJapanese,japanese nihongo,5,40,244,202,0.50
langues-apprentissage,LearnJapanese,shirabe jisho japanese dictionary,5,32,242,148,0.53
langues-apprentissage,LearnJapanese,japanese for busy people,5,52,249,82,0.59
langues-apprentissage,LearnJapanese,Phrase Plus,5,37,203,56,0.64
langues-apprentissage,LearnJapanese,Wrds,5,79,207,61,0.63
langues-apprentissage,LearnJapanese,japanese german,5,59,200,35,0.71
langues-apprentissage,LearnJapanese,reduck,5,98,226,124,0.54
langues-apprentissage,LearnJapanese,childruhn,5,43,250,163,0.52
langues-apprentissage,LearnJapanese,reference range,5,73,231,171,0.51
langues-apprentissage,LearnJapanese,meshclass,5,,250,204,0.50
langues-apprentissage,LearnJapanese,japanese lessons online,5,40,238,9,1.06
langues-apprentissage,LearnJapanese,japanese language pronunciation,5,40,237,7,1.16
langues-apprentissage,LearnJapanese,japanese writing skills,5,43,237,212,0.49
langues-apprentissage,LearnJapanese,japanese drill,5,43,239,62,0.62
langues-apprentissage,LearnJapanese,japanese vocabulary study,5,40,237,43,0.68
langues-apprentissage,LearnJapanese,japanese language immersion,5,61,238,234,0.49
langues-apprentissage,LearnJapanese,japanese language beginner,5,42,235,112,0.55
langues-apprentissage,LearnJapanese,bunpo japanese,5,47,249,78,0.59
langues-apprentissage,LearnJapanese,japanese language tutorials,5,40,238,90,0.58
langues-apprentissage,LearnJapanese,japanese learning game,5,,227,101,0.56
langues-apprentissage,LearnJapanese,subreddits,5,100,226,153,0.52
langues-apprentissage,LearnJapanese,japanese tutor,5,67,204,32,0.73
langues-apprentissage,LearnJapanese,conversation guide,5,91,238,87,0.58
langues-apprentissage,LearnJapanese,talkme,5,90,247,138,0.53
langues-apprentissage,LearnJapanese,japanese diktionary,5,44,235,60,0.63
langues-apprentissage,LearnJapanese,talk japanese,5,,185,21,0.81
langues-apprentissage,LearnJapanese,speaking japanese,5,64,193,12,0.96
langues-apprentissage,LearnJapanese,studying Japanese,5,43,233,84,0.59
langues-apprentissage,LearnJapanese,best way to learn japanese,5,74,237,38,0.70
langues-apprentissage,LearnJapanese,CONVERSATION4,5,44,246,110,0.56
langues-apprentissage,LearnJapanese,japanese listening,5,,207,26,0.76
langues-apprentissage,LearnJapanese,japanese daily,5,45,247,84,0.59
langues-apprentissage,LearnJapanese,daily japanese,5,50,230,16,0.87
langues-apprentissage,LearnJapanese,every day japanese,5,31,201,43,0.68
langues-apprentissage,LearnJapanese,speak  japanese,5,65,246,87,0.58
langues-apprentissage,LearnJapanese,speak japanese easily,5,35,245,41,0.68
langues-apprentissage,LearnJapanese,practise Japanese,5,90,231,51,0.65
langues-apprentissage,LearnJapanese,學日文,5,73,232,3,1.74
langues-apprentissage,LearnJapanese,japanesse,5,72,238,51,0.65
langues-apprentissage,LearnJapanese,conversation japanese,5,40,241,25,0.77
langues-apprentissage,LearnJapanese,pronunciations anki,5,89,206,45,0.67
langues-apprentissage,LearnJapanese,tokyo city guide,5,45,156,96,0.57
langues-apprentissage,LearnJapanese,app to learn japanese,5,91,231,58,0.63
langues-apprentissage,LearnJapanese,re-edit,5,98,246,192,0.50
langues-apprentissage,LearnJapanese,language japanese,5,85,247,179,0.51
langues-apprentissage,LearnJapanese,words  phrases,5,40,229,34,0.71
langues-apprentissage,LearnJapanese,words phrases,5,33,206,39,0.69
langues-apprentissage,LearnJapanese,practice japanese vocabulary,5,46,197,5,1.34
langues-apprentissage,LearnJapanese,laern,5,92,233,122,0.55
langues-apprentissage,LearnJapanese,learn phrases,5,81,227,11,0.98
langues-apprentissage,LearnJapanese,corinna,5,100,227,215,0.49
langues-apprentissage,LearnJapanese,japanese proverbs,5,31,241,65,0.62
langues-apprentissage,LearnJapanese,phraze,5,52,204,89,0.58
langues-apprentissage,LearnJapanese,học tiếng nhật,5,,215,13,0.93
langues-apprentissage,LearnJapanese,type japanese,5,46,211,31,0.73
langues-apprentissage,LearnJapanese,từ khoá,5,,200,51,0.65
langues-apprentissage,LearnJapanese,japanese phrase,5,55,242,3,1.74
langues-apprentissage,LearnJapanese,japanese business,5,,221,26,0.76
langues-apprentissage,LearnJapanese,japanese travel words,5,,64,38,0.70
langues-apprentissage,LearnJapanese,japanese travel phrase,5,43,223,45,0.67
langues-apprentissage,LearnJapanese,từ vựng,5,37,244,212,0.49
langues-apprentissage,LearnJapanese,日本語能力試験,5,34,208,117,0.55
langues-apprentissage,LearnJapanese,easy japanese - read & ai talk,5,44,242,132,0.54
langues-apprentissage,LearnJapanese,learn%20japanese,5,42,197,25,0.77
langues-apprentissage,LearnJapanese,japanese%20learning,5,46,194,21,0.81
langues-apprentissage,LearnJapanese,keiki%20preschool%20kids%20learning,5,73,236,26,0.76
langues-apprentissage,LearnJapanese,japanese%20learn%20japanese,5,46,197,25,0.77
langues-apprentissage,LearnJapanese,word%20counter,5,40,249,185,0.51
langues-apprentissage,LearnJapanese,kanji%20study,5,64,230,97,0.57
langues-apprentissage,LearnJapanese,japanese%20translator,5,60,228,86,0.58
langues-apprentissage,LearnJapanese,keiki%3A%20preschool%20kids%20learning,5,69,235,24,0.78
langues-apprentissage,LearnJapanese,trace%20table,5,72,202,41,0.68
langues-apprentissage,LearnJapanese,learn%20japanese%20free,5,33,233,36,0.70
langues-apprentissage,LearnJapanese,japanese%20dictionary,5,54,243,119,0.55
langues-apprentissage,LearnJapanese,write%20japanese,5,28,211,19,0.83
langues-apprentissage,LearnJapanese,japanese grammarvocabulary builder,5,,213,47,0.66
langues-apprentissage,LearnJapanese,count%20things,5,,239,19,0.83
langues-apprentissage,LearnJapanese,jlpt%20test,5,,228,26,0.76
langues-apprentissage,LearnJapanese,hiragana%20practice,5,,250,159,0.52
langues-apprentissage,LearnJapanese,japanese dialogues,5,,204,11,0.98
langues-apprentissage,LearnJapanese,japenese teacher,5,,208,139,0.53
langues-apprentissage,LearnJapanese,phrase learning,5,,221,19,0.83
langues-apprentissage,LearnJapanese,japaneese,5,,238,51,0.65
langues-apprentissage,LearnJapanese,japanisch jlpt,5,,250,211,0.49
langues-apprentissage,LearnJapanese,japanese scan,5,,221,80,0.59
langues-apprentissage,LearnJapanese,vocabin,5,50,214,18,0.84
langues-apprentissage,LearnJapanese,business japanese for engineers,5,40,246,81,0.59
langues-apprentissage,LearnJapanese,learn japanse,5,,223,36,0.70
langues-apprentissage,LearnJapanese,japanese workou,5,,247,53,0.64
langues-apprentissage,LearnJapanese,japanese teach,5,,210,48,0.66
langues-apprentissage,LearnJapanese,japanese teacher,5,,198,97,0.57
langues-apprentissage,LearnJapanese,effects oji,5,,201,29,0.74
langues-apprentissage,LearnJapanese,learn kanjio,5,,230,148,0.53
langues-apprentissage,LearnJapanese,japanese learning easy,5,,192,36,0.70
langues-apprentissage,LearnJapanese,japanese read,5,,215,73,0.60
langues-apprentissage,LearnJapanese,language beginners japanese,5,,184,12,0.96
langues-apprentissage,LearnJapanese,speal,5,82,244,196,0.50
langues-apprentissage,LearnJapanese,learn romaji,5,44,250,113,0.55
langues-apprentissage,LearnJapanese,best japanese,5,43,241,84,0.59
langues-apprentissage,LearnJapanese,beginner japanese,5,46,243,139,0.53
langues-apprentissage,LearnJapanese,japanese sentence,5,44,249,25,0.77
langues-apprentissage,LearnJapanese,grammar japanese,5,40,242,159,0.52
langues-apprentissage,LearnJapanese,vocab japanese,5,40,241,51,0.65
langues-apprentissage,LearnJapanese,jlpt word,5,52,246,111,0.55
langues-apprentissage,LearnJapanese,jlpt translation,5,40,247,201,0.50
langues-apprentissage,LearnJapanese,learn japanese vocab,5,45,239,14,0.91
langues-apprentissage,LearnJapanese,learn japanese romaji,5,44,246,54,0.64
langues-apprentissage,LearnJapanese,learn japanese furigana,5,40,245,59,0.63
langues-apprentissage,LearnJapanese,learn japanese translation,5,40,240,6,1.24
langues-apprentissage,LearnJapanese,learn japanese word,5,47,234,1,5.00
langues-apprentissage,LearnJapanese,learn japanese reading,5,40,245,30,0.74
langues-apprentissage,LearnJapanese,learn japanese sentence,5,40,249,2,2.29
langues-apprentissage,LearnJapanese,learn japanese text,5,40,244,15,0.89
langues-apprentissage,LearnJapanese,study japanese grammar,5,40,244,164,0.52
langues-apprentissage,LearnJapanese,study japanese vocab,5,64,239,54,0.64
langues-apprentissage,LearnJapanese,study japanese romaji,5,40,246,130,0.54
langues-apprentissage,LearnJapanese,study japanese reading,5,40,245,148,0.53
langues-apprentissage,LearnJapanese,study japanese translation,5,40,241,124,0.54
langues-apprentissage,LearnJapanese,study japanese word,5,40,240,12,0.96
langues-apprentissage,LearnJapanese,study japanese sentence,5,40,243,20,0.82
langues-apprentissage,LearnJapanese,best japanese grammar,5,40,245,184,0.51
langues-apprentissage,LearnJapanese,study japanese text,5,40,245,72,0.60
langues-apprentissage,LearnJapanese,best japanese vocab,5,40,243,21,0.81
langues-apprentissage,LearnJapanese,best japanese reading,5,40,248,121,0.55
langues-apprentissage,LearnJapanese,best japanese translation,5,55,240,68,0.61
langues-apprentissage,LearnJapanese,easy japanese grammar,5,40,247,188,0.50
langues-apprentissage,LearnJapanese,easy japanese reading,5,40,249,134,0.54
langues-apprentissage,LearnJapanese,easy japanese vocab,5,40,246,32,0.73
langues-apprentissage,LearnJapanese,easy japanese translation,5,40,236,160,0.52
langues-apprentissage,LearnJapanese,beginner japanese vocab,5,42,242,60,0.63
langues-apprentissage,LearnJapanese,beginner japanese reading,5,40,245,219,0.49
langues-apprentissage,LearnJapanese,ai japanese vocab,5,40,248,44,0.67
langues-apprentissage,LearnJapanese,ai japanese word,5,40,242,36,0.70
langues-apprentissage,LearnJapanese,ai japanese sentence,5,40,248,43,0.68
langues-apprentissage,LearnJapanese,best jlpt study,5,40,242,237,0.49
langues-apprentissage,LearnJapanese,japanese grammar learn,5,42,243,221,0.49
langues-apprentissage,LearnJapanese,japanese vocab study,5,64,239,83,0.59
langues-apprentissage,LearnJapanese,japanese vocab learn,5,42,244,56,0.64
langues-apprentissage,LearnJapanese,japanese sentence analyzer,5,45,246,163,0.52
langues-apprentissage,LearnJapanese,japanese sentence reading,5,40,245,78,0.59
langues-apprentissage,LearnJapanese,japanese sentence translation,5,40,239,23,0.79
langues-apprentissage,LearnJapanese,japanese word translation,5,40,235,31,0.73
langues-apprentissage,LearnJapanese,japanese word reading,5,40,246,77,0.60
langues-apprentissage,LearnJapanese,japanese romaji reading,5,40,247,216,0.49
langues-apprentissage,LearnJapanese,learn japanese language,5,50,218,58,0.63
langues-apprentissage,LearnJapanese,study japanese language,5,42,227,79,0.59
langues-apprentissage,LearnJapanese,best japanese language,5,40,237,142,0.53
langues-apprentissage,LearnJapanese,easy japanese language,5,40,235,132,0.54
langues-apprentissage,LearnJapanese,best furigana reading,5,40,249,161,0.52
langues-apprentissage,LearnJapanese,best learn japanese kanji reading,5,42,244,98,0.57
langues-apprentissage,LearnJapanese,best learn japanese grammar beginner,5,42,240,47,0.66
langues-apprentissage,LearnJapanese,beginner learn japanese grammar easy,5,42,244,53,0.64
langues-apprentissage,LearnJapanese,beginner study japanese grammar vocab,5,42,244,88,0.58
langues-apprentissage,LearnJapanese,learn japanese language grammar easy,5,42,242,37,0.70
langues-apprentissage,LearnJapanese,best japanese language study grammar,5,40,244,244,0.48
langues-apprentissage,LearnJapanese,easy japanese language learn beginner,5,42,240,81,0.59
langues-apprentissage,LearnJapanese,learn japanese kanji reading,5,42,245,193,0.50
langues-apprentissage,LearnJapanese,learn japanese kanji vocab,5,42,246,57,0.63
langues-apprentissage,LearnJapanese,learn japanese grammar easy,5,42,246,61,0.63
langues-apprentissage,LearnJapanese,learn japanese grammar beginner,5,42,243,60,0.63
langues-apprentissage,LearnJapanese,learn japanese text reading,5,40,245,39,0.69
langues-apprentissage,LearnJapanese,learn japanese word reading,5,40,245,3,1.74
langues-apprentissage,LearnJapanese,learn japanese sentence reading,5,40,246,7,1.16
langues-apprentissage,LearnJapanese,study japanese grammar easy,5,42,242,146,0.53
langues-apprentissage,LearnJapanese,study japanese grammar beginner,5,42,243,238,0.48
langues-apprentissage,LearnJapanese,study japanese text reading,5,40,243,221,0.49
langues-apprentissage,LearnJapanese,best learn japanese kanji,5,42,241,141,0.53
langues-apprentissage,LearnJapanese,best study japanese grammar,5,40,242,233,0.49
langues-apprentissage,LearnJapanese,best learn japanese vocab,5,42,239,6,1.24
langues-apprentissage,LearnJapanese,best learn japanese grammar,5,42,240,47,0.66
langues-apprentissage,LearnJapanese,easy learn japanese kanji,5,43,244,138,0.53
langues-apprentissage,LearnJapanese,easy study japanese grammar,5,42,241,177,0.51
langues-apprentissage,LearnJapanese,best japanese vocab study,5,64,239,135,0.54
langues-apprentissage,LearnJapanese,ai japanese sentence reading,5,40,247,163,0.52
langues-apprentissage,LearnJapanese,ai japanese sentence translation,5,40,247,112,0.55
langues-apprentissage,LearnJapanese,ai japanese vocab study,5,63,242,67,0.61
langues-apprentissage,LearnJapanese,beginner japanese grammar learn,5,42,242,240,0.48
langues-apprentissage,LearnJapanese,beginner japanese vocab study,5,42,243,90,0.58
langues-apprentissage,LearnJapanese,beginner learn japanese grammar,5,42,246,62,0.62
langues-apprentissage,LearnJapanese,learn japanese language easy,5,42,237,36,0.70
langues-apprentissage,LearnJapanese,learn japanese language beginner,5,43,234,34,0.71
langues-apprentissage,LearnJapanese,best japanese language study,5,42,229,134,0.54
langues-apprentissage,LearnJapanese,easy japanese language learn,5,42,236,69,0.61
langues-apprentissage,LearnJapanese,study japanese language beginner,5,43,237,89,0.58
langues-apprentissage,LearnJapanese,japanese romaji reading translation,5,40,246,88,0.58
langues-apprentissage,LearnJapanese,ai furigana reading japanese,5,40,246,165,0.52
langues-apprentissage,LearnJapanese,japanese text reading easy,5,40,247,214,0.49
langues-apprentissage,LearnJapanese,easy read japanese text,5,40,248,156,0.52
langues-apprentissage,LearnJapanese,easy read japanese sentence,5,40,244,30,0.74
langues-apprentissage,LearnJapanese,best read japanese text,5,40,249,129,0.54
langues-apprentissage,LearnJapanese,japanese words quiz app,5,,244,32,0.73
langues-apprentissage,LearnJapanese,japan discount,5,44,247,166,0.52
langues-apprentissage,LearnJapanese,jp language,5,,201,29,0.74
langues-apprentissage,LearnJapanese,200+ lessons,5,,220,39,0.69
langues-apprentissage,LearnJapanese,vocabulary & phrases,5,,215,94,0.57
langues-apprentissage,LearnJapanese,learn japanaise,5,,227,22,0.80
langues-apprentissage,LearnJapanese,learn things,5,,223,151,0.52
langues-apprentissage,LearnJapanese,learn japanese anime,5,,235,22,0.80
langues-apprentissage,LearnJapanese,beginner japanese vocabulary,5,,209,38,0.70
langues-apprentissage,LearnJapanese,classical jpn grammar camera,5,,209,93,0.57
langues-apprentissage,LearnJapanese,community: japan,5,,191,74,0.60
langues-apprentissage,LearnJapanese,crunchyroll: lost words,5,,214,102,0.56
langues-apprentissage,LearnJapanese,dictionary spanish japanese,5,,187,16,0.87
langues-apprentissage,LearnJapanese,guided conversations,5,,180,21,0.81
langues-apprentissage,LearnJapanese,japanese dungeon: learn j-word,5,,249,176,0.51
langues-apprentissage,LearnJapanese,japanese grammar jlpt n3,5,,228,36,0.70
langues-apprentissage,LearnJapanese,learning japanese tool,5,,224,78,0.59
langues-apprentissage,LearnJapanese,memorize japanese words,5,,242,21,0.81
langues-apprentissage,LearnJapanese,my dictionary・learn new words,5,,212,20,0.82
langues-apprentissage,LearnJapanese,phrasebook: learn to speak english,5,,224,52,0.65
langues-apprentissage,LearnJapanese,stay japan,5,,167,93,0.57
langues-apprentissage,LearnJapanese,kanjify,5,,208,49,0.66
langues-apprentissage,LearnJapanese,learn and speak,5,97,245,191,0.50
langues-apprentissage,LearnJapanese,leaen,5,42,209,108,0.56
langues-apprentissage,LearnJapanese,japanese trainer,5,,200,28,0.75
langues-apprentissage,LearnJapanese,japanese verbs,5,,233,20,0.82
langues-apprentissage,LearnJapanese,kanji coach,5,,220,85,0.58
langues-apprentissage,LearnJapanese,how to write japanese,5,,210,18,0.84
langues-apprentissage,LearnJapanese,learn to write japanse,5,,210,33,0.72
langues-apprentissage,LearnJapanese,learn to write japanese,5,,223,24,0.78
langues-apprentissage,LearnJapanese,japonès,5,,231,35,0.71
langues-apprentissage,LearnJapanese,frasesjaponés,5,,204,55,0.64
langues-apprentissage,LearnJapanese,japanese phrase book,5,,205,5,1.34
langues-apprentissage,LearnJapanese,japanese write,5,,222,79,0.59
langues-apprentissage,LearnJapanese,japanese voice typing,5,,227,33,0.72
langues-apprentissage,LearnJapanese,japanese speech to text,5,,235,34,0.71
langues-apprentissage,LearnJapanese,voice to text japanese,5,,229,92,0.58
langues-apprentissage,LearnJapanese,kigaru talks,5,,220,165,0.52
langues-apprentissage,LearnJapanese,jlpt vocab myanmar,5,,231,72,0.60
langues-apprentissage,LearnJapanese,japanese name generator,5,,193,71,0.61
langues-apprentissage,LearnJapanese,japanese numbers,5,,215,46,0.67
langues-apprentissage,LearnJapanese,conversational study,5,,247,156,0.52
langues-apprentissage,LearnJapanese,chuuni,5,40,249,112,0.55
langues-apprentissage,LearnJapanese,jlpt learn japanese,5,,246,55,0.64
langues-apprentissage,LearnJapanese,japanese pro,5,,238,214,0.49
langues-apprentissage,LearnJapanese,learn japanese vocabulary,5,,248,137,0.53
langues-apprentissage,LearnJapanese,japanese examples,5,,242,93,0.57
langues-apprentissage,LearnJapanese,learn jlpt,5,35,243,225,0.49
langues-apprentissage,LearnJapanese,japanese proficiency test,5,,244,225,0.49
langues-apprentissage,LearnJapanese,maru japanese,5,,250,159,0.52
langues-apprentissage,LearnJapanese,mikan japanese,5,,249,80,0.59
langues-apprentissage,LearnJapanese,maru japanese japanese,5,,240,101,0.56
langues-apprentissage,LearnJapanese,heyjapan japanese,5,,249,76,0.60
langues-apprentissage,LearnJapanese,migii jlpt japanese,5,,248,172,0.51
langues-apprentissage,LearnJapanese,mojisho japanese,5,,247,195,0.50
langues-apprentissage,LearnJapanese,yomiwa japanese,5,,243,70,0.61
langues-apprentissage,LearnJapanese,japanese dictionary japanese,5,,234,119,0.55
langues-apprentissage,LearnJapanese,benkyo japanese,5,,247,59,0.63
langues-apprentissage,LearnJapanese,kana town japanese,5,,247,164,0.52
langues-apprentissage,LearnJapanese,satori reader japanese,5,,247,167,0.52
langues-apprentissage,LearnJapanese,ringotan japanese,5,,248,172,0.51
langues-apprentissage,LearnJapanese,japanese prep,5,,248,96,0.57
langues-apprentissage,LearnJapanese,am i pretty in japanese,5,,240,94,0.57
langues-apprentissage,LearnJapanese,japanese immersion tracker,5,,242,193,0.50
langues-apprentissage,LearnJapanese,japanese signs,5,,244,44,0.67
langues-apprentissage,LearnJapanese,japanisch lesen,5,,249,62,0.62
langues-apprentissage,LearnJapanese,cades,5,,242,215,0.49
langues-apprentissage,LearnJapanese,japanese crossword,,,234,73,
langues-apprentissage,LearnJapanese,dịch tiếng nhật,,51,247,26,
langues-apprentissage,LearnJapanese,words translation,,,216,174,
langues-apprentissage,LearnJapanese,từ điển tiếng nhật,,58,250,53,
langues-apprentissage,LearnJapanese,class%20dojo,,46,250,219,
langues-apprentissage,LearnJapanese,pimsleur language scanner tracker,,,232,41,
langues-apprentissage,LearnJapanese,pimsleur language scanner editor,,,232,37,
langues-apprentissage,LearnJapanese,verbdojo,,,194,16,
langues-apprentissage,LearnJapanese,all oji,,,228,227,
langues-apprentissage,LearnJapanese,learn translations,,,226,129,
langues-apprentissage,LearnJapanese,miwago : advanced japanese,,,219,56,
langues-apprentissage,LearnJapanese,dutch phrases,,,205,58,
langues-apprentissage,LearnJapanese,relationship languages each,,,228,150,
langues-apprentissage,LearnJapanese,kanji n5 &amp; n4,,,219,10,
langues-apprentissage,LearnJapanese,learn japanese kanji and kana,,,246,111,
langues-apprentissage,LearnJapanese,wagotabi japanese,,,249,65,
langues-apprentissage,LearnJapanese,renshuu japanese,,,246,97,
langues-apprentissage,LearnJapanese,wanikani japanese,,,245,103,
langues-apprentissage,LearnJapanese,bunpro japanese,,,247,111,
langues-apprentissage,LearnJapanese,shirabe jisho japanese,,,246,68,
langues-apprentissage,LearnJapanese,meshclass japanese,,,235,73,
langues-apprentissage,LearnJapanese,jlpt plus japanese,,,247,190,
langues-apprentissage,LearnJapanese,learn japanese kanji and kana japanese,,,245,73,
langues-apprentissage,LearnJapanese,jaccent japanese,,,248,137,
langues-apprentissage,LearnJapanese,speak sjapanese,,,239,108,
langues-apprentissage,LearnJapanese,jlpt アプリ,,,249,204,
langues-apprentissage,LearnJapanese,jlpt lern app,,,246,178,
langues-apprentissage,Drops,free yuka app,61,78,248,244,5.89
langues-apprentissage,Drops,mango languages:,51,85,244,118,5.59
langues-apprentissage,Drops,japanese,47,94,247,32,6.82
langues-apprentissage,Drops,drop,47,82,246,234,4.57
langues-apprentissage,Drops,renshuu,46,51,114,19,7.65
langues-apprentissage,Drops,作曲アプリ,40,45,247,161,4.15
langues-apprentissage,Drops,japanese learning,39,91,248,31,5.70
langues-apprentissage,Drops,学習アプリ,37,88,250,149,3.89
langues-apprentissage,Drops,言語学習,36,98,249,24,5.62
langues-apprentissage,Drops,busuu language learning app,33,92,238,31,4.82
langues-apprentissage,Drops,courrir,31,96,243,225,3.03
langues-apprentissage,Drops,日语,29,96,246,132,3.12
langues-apprentissage,Drops,apprendre japonais,27,67,240,15,4.82
langues-apprentissage,Drops,apprendre,26,88,247,163,2.69
langues-apprentissage,Drops,duolingo spanisch,25,82,247,209,2.48
langues-apprentissage,Drops,japones,21,49,250,3,7.32
langues-apprentissage,Drops,학습,20,96,247,86,2.33
langues-apprentissage,Drops,学,18,92,236,227,1.76
langues-apprentissage,Drops,tiếng nhật,17,49,250,30,2.50
langues-apprentissage,Drops,언어학습,14,83,247,6,3.46
langues-apprentissage,Drops,드롭,13,97,244,95,1.49
langues-apprentissage,Drops,aprender japones,12,86,249,2,5.51
langues-apprentissage,Drops,aprender español gratis,10,42,247,229,0.98
langues-apprentissage,Drops,learn japanese,9,93,248,21,1.46
langues-apprentissage,Drops,shirabe jisho,9,53,188,150,0.94
langues-apprentissage,Drops,write it japanese,9,42,250,22,1.44
langues-apprentissage,Drops,bunpro,9,50,250,37,1.26
langues-apprentissage,Drops,maru,9,89,123,4,2.68
langues-apprentissage,Drops,busu,8,88,247,8,1.76
langues-apprentissage,Drops,duolingo japanese,8,81,247,15,1.43
langues-apprentissage,Drops,langue,7,92,248,50,0.91
langues-apprentissage,Drops,tenten,7,54,249,93,0.80
langues-apprentissage,Drops,wanikani,7,49,81,66,0.86
langues-apprentissage,Drops,todaii,7,37,138,88,0.81
langues-apprentissage,Drops,animoji for iphone free,5,,194,102,0.56
langues-apprentissage,Drops,japanese games,5,44,249,249,0.48
langues-apprentissage,Drops,drops app,5,32,239,21,0.81
langues-apprentissage,Drops,japanese vocabulary,5,54,248,24,0.78
langues-apprentissage,Drops,rosetta,5,97,234,197,0.50
langues-apprentissage,Drops,apprendre langues,5,92,250,50,0.65
langues-apprentissage,Drops,kana town,5,,249,233,0.49
langues-apprentissage,Drops,drops language learning,5,83,239,29,0.74
langues-apprentissage,Drops,learning japanese,5,90,248,15,0.89
langues-apprentissage,Drops,orthographe projet voltaire,5,44,247,146,0.53
langues-apprentissage,Drops,pin drop,5,69,249,246,0.48
langues-apprentissage,Drops,corecteur orthographe,5,49,249,157,0.52
langues-apprentissage,Drops,jeu orthographe,5,40,247,210,0.50
langues-apprentissage,Drops,japanese learn japanese,5,42,241,24,0.78
langues-apprentissage,Drops,learn japanese game,5,69,233,16,0.87
langues-apprentissage,Drops,ja sensei,5,72,247,3,1.74
langues-apprentissage,Drops,japanese phrasebook,5,,206,39,0.69
langues-apprentissage,Drops,japenese,5,84,247,32,0.73
langues-apprentissage,Drops,lingodeer learn languages,5,85,247,18,0.84
langues-apprentissage,Drops,絵,5,89,219,149,0.53
langues-apprentissage,Drops,japanese writing,5,53,248,61,0.63
langues-apprentissage,Drops,японский,5,,204,3,1.74
langues-apprentissage,Drops,japonés,5,84,225,7,1.16
langues-apprentissage,Drops,japanese alphabet,5,53,241,15,0.89
langues-apprentissage,Drops,aprender japonés,5,43,228,9,1.06
langues-apprentissage,Drops,japanese phrasebook travel,5,,175,8,1.10
langues-apprentissage,Drops,japanese language,5,67,247,110,0.56
langues-apprentissage,Drops,learn japanese easily,5,48,243,30,0.74
langues-apprentissage,Drops,learn japanese kanji,5,49,247,27,0.76
langues-apprentissage,Drops,learn hiragana,5,54,246,62,0.62
langues-apprentissage,Drops,real kana,5,,211,24,0.78
langues-apprentissage,Drops,obenkyo,5,47,250,152,0.52
langues-apprentissage,Drops,Japan words,5,36,248,63,0.62
langues-apprentissage,Drops,quest lab,5,69,250,131,0.54
langues-apprentissage,Drops,kaizen,5,58,248,153,0.52
langues-apprentissage,Drops,顔,5,42,239,230,0.49
langues-apprentissage,Drops,mindsnacks,5,,183,41,0.68
langues-apprentissage,Drops,learn japanese grammar,5,43,241,126,0.54
langues-apprentissage,Drops,語言學習,5,75,245,49,0.66
langues-apprentissage,Drops,palabra,5,86,236,97,0.57
langues-apprentissage,Drops,japanisch lernen,5,89,249,4,1.49
langues-apprentissage,Drops,aprender japonês,5,69,245,7,1.16
langues-apprentissage,Drops,speak japanese,5,74,245,225,0.49
langues-apprentissage,Drops,japanesepod101,5,43,249,12,0.96
langues-apprentissage,Drops,imparare giapponese,5,,22,1,5.00
langues-apprentissage,Drops,日文單字,5,25,245,114,0.55
langues-apprentissage,Drops,日文,5,83,248,228,0.49
langues-apprentissage,Drops,日本美食,5,88,248,119,0.55
langues-apprentissage,Drops,genki,5,66,223,180,0.51
langues-apprentissage,Drops,hiragana quest,5,47,249,29,0.74
langues-apprentissage,Drops,语言学习,5,90,244,124,0.54
langues-apprentissage,Drops,- how to speak japanese,5,40,246,18,0.84
langues-apprentissage,Drops,japanese speaking,5,52,249,212,0.49
langues-apprentissage,Drops,kanji keyboard,5,,222,153,0.52
langues-apprentissage,Drops,hiragana memory hint,5,39,38,12,0.96
langues-apprentissage,Drops,takoboto,5,44,249,226,0.49
langues-apprentissage,Drops,lernhilfen,5,40,246,131,0.54
langues-apprentissage,Drops,resette,5,31,220,146,0.53
langues-apprentissage,Drops,aprenda,5,97,247,105,0.56
langues-apprentissage,Drops,leçon,5,61,248,153,0.52
langues-apprentissage,Drops,heyjapan,5,,250,5,1.34
langues-apprentissage,Drops,mobile learning,5,53,242,194,0.50
langues-apprentissage,Drops,language drops,5,43,239,96,0.57
langues-apprentissage,Drops,easy learning japanese,5,86,247,39,0.69
langues-apprentissage,Drops,impara,5,100,187,95,0.57
langues-apprentissage,Drops,midori japanese dictionary,5,40,242,193,0.50
langues-apprentissage,Drops,shirabe,5,65,74,63,0.62
langues-apprentissage,Drops,拼写,5,44,241,116,0.55
langues-apprentissage,Drops,rossetta,5,93,238,227,0.49
langues-apprentissage,Drops,rosett stone,5,89,168,143,0.53
langues-apprentissage,Drops,tsurukame,5,39,66,29,0.74
langues-apprentissage,Drops,japanese vocab,5,52,247,9,1.06
langues-apprentissage,Drops,be your best,5,76,93,7,1.16
langues-apprentissage,Drops,leaning,5,90,249,245,0.48
langues-apprentissage,Drops,ترتيب الدوري الاسباني الدرجة الثانية,5,80,266,130,0.54
langues-apprentissage,Drops,الدوري الالماني الدرجة الثانية,5,74,267,112,0.55
langues-apprentissage,Drops,jape,5,44,247,42,0.68
langues-apprentissage,Drops,game learning app,5,32,246,244,0.48
langues-apprentissage,Drops,佳明,5,59,249,87,0.58
langues-apprentissage,Drops,hey japan,5,44,250,16,0.87
langues-apprentissage,Drops,10 minute japanese,5,45,248,9,1.06
langues-apprentissage,Drops,aprende espanhol,5,83,242,237,0.49
langues-apprentissage,Drops,japanese app,5,52,246,161,0.52
langues-apprentissage,Drops,vocable,5,24,90,47,0.66
langues-apprentissage,Drops,学日语,5,78,248,90,0.58
langues-apprentissage,Drops,vocabulário,5,64,234,54,0.64
langues-apprentissage,Drops,alphabite loare,5,72,247,85,0.58
langues-apprentissage,Drops,jlpt jisho,5,40,247,215,0.49
langues-apprentissage,Drops,japanese alphabet learn,5,44,245,73,0.60
langues-apprentissage,Drops,study learn,5,68,237,233,0.49
langues-apprentissage,Drops,learning lessons,5,,241,72,0.60
langues-apprentissage,Drops,learn practice,5,64,245,235,0.49
langues-apprentissage,Drops,旅行日语,5,64,242,21,0.81
langues-apprentissage,Drops,japanese lessons,5,45,244,6,1.24
langues-apprentissage,Drops,aprenda idiomas,5,86,247,88,0.58
langues-apprentissage,Drops,nihongo lessons,5,47,248,99,0.57
langues-apprentissage,Drops,learn to write kanji,5,37,93,7,1.16
langues-apprentissage,Drops,japanese characters,5,40,248,223,0.49
langues-apprentissage,Drops,japanese vocabulary builder,5,40,239,76,0.60
langues-apprentissage,Drops,japanese language proficiency,5,40,236,205,0.50
langues-apprentissage,Drops,japanese language course,5,40,232,28,0.75
langues-apprentissage,Drops,japanese language school,5,43,239,147,0.53
langues-apprentissage,Drops,katakana learning,5,40,242,89,0.58
langues-apprentissage,Drops,learn japanese from videogames,5,40,243,67,0.61
langues-apprentissage,Drops,japanese learning: kanji  kana,5,42,245,92,0.58
langues-apprentissage,Drops,japanese learning daily use,5,44,243,56,0.64
langues-apprentissage,Drops,japanese learning - beginners,5,44,239,83,0.59
langues-apprentissage,Drops,japanese learning assistant,5,44,237,18,0.84
langues-apprentissage,Drops,japanese learning: kanji,5,40,242,106,0.56
langues-apprentissage,Drops,日语字典,5,41,250,46,0.67
langues-apprentissage,Drops,satori,5,34,153,123,0.54
langues-apprentissage,Drops,jisho search app,5,40,233,130,0.54
langues-apprentissage,Drops,learn new vocab free,5,40,250,37,0.70
langues-apprentissage,Drops,learn vocabularies,5,40,220,161,0.52
langues-apprentissage,Drops,学习语言,5,93,250,73,0.60
langues-apprentissage,Drops,learn kana,5,,249,157,0.52
langues-apprentissage,Drops,learn language with kids,5,68,244,175,0.51
langues-apprentissage,Drops,robert’s,5,44,241,125,0.54
langues-apprentissage,Drops,idiomas aprender,5,40,246,79,0.59
langues-apprentissage,Drops,mango baby,5,76,210,137,0.53
langues-apprentissage,Drops,日,5,75,241,178,0.51
langues-apprentissage,Drops,nihongguo,5,40,247,210,0.50
langues-apprentissage,Drops,kanj,5,62,237,38,0.70
langues-apprentissage,Drops,japanese lessons online,5,40,238,61,0.63
langues-apprentissage,Drops,japanese language pronunciation,5,40,237,187,0.51
langues-apprentissage,Drops,japanese pod101,5,44,247,8,1.10
langues-apprentissage,Drops,hiragana study,5,40,243,133,0.54
langues-apprentissage,Drops,japanese vocabulary study,5,40,237,91,0.58
langues-apprentissage,Drops,japanese language immersion,5,61,238,183,0.51
langues-apprentissage,Drops,japanese study tools,5,40,239,38,0.70
langues-apprentissage,Drops,japanese language resources,5,40,237,226,0.49
langues-apprentissage,Drops,katakana study,5,40,238,101,0.56
langues-apprentissage,Drops,japanese language tutorials,5,40,238,117,0.55
langues-apprentissage,Drops,learn japanease,5,84,248,20,0.82
langues-apprentissage,Drops,oji app,5,,248,45,0.67
langues-apprentissage,Drops,juegos de palabras en español,5,75,209,207,0.50
langues-apprentissage,Drops,hiragana training,5,33,198,14,0.91
langues-apprentissage,Drops,solesavy,5,57,26,14,0.91
langues-apprentissage,Drops,japanese learning game,5,,227,13,0.93
langues-apprentissage,Drops,japanese tutor,5,67,204,22,0.80
langues-apprentissage,Drops,kana chart,5,45,212,55,0.64
langues-apprentissage,Drops,hiragana writing,5,42,202,115,0.55
langues-apprentissage,Drops,kanji quest,5,45,243,185,0.51
langues-apprentissage,Drops,learn japaneseajapanese games,5,23,220,22,0.80
langues-apprentissage,Drops,hiragana quiz,5,50,197,53,0.64
langues-apprentissage,Drops,たんご,5,46,230,125,0.54
langues-apprentissage,Drops,たんご,5,,229,112,0.55
langues-apprentissage,Drops,practice vocabualry,5,45,242,44,0.67
langues-apprentissage,Drops,speaking japanese,5,64,193,27,0.76
langues-apprentissage,Drops,line learner app,5,52,47,32,0.73
langues-apprentissage,Drops,der die das lernen,5,49,249,201,0.50
langues-apprentissage,Drops,lelarn,5,85,248,201,0.50
langues-apprentissage,Drops,studying Japanese,5,43,233,57,0.63
langues-apprentissage,Drops,best way to learn japanese,5,74,237,83,0.59
langues-apprentissage,Drops,§orthographe,5,40,244,135,0.54
langues-apprentissage,Drops,詞彙,5,40,246,81,0.59
langues-apprentissage,Drops,japanese listening,5,,207,11,0.98
langues-apprentissage,Drops,japanese immersion,5,41,250,39,0.69
langues-apprentissage,Drops,Japanese Diary,5,30,224,69,0.61
langues-apprentissage,Drops,daily japanese,5,50,230,40,0.69
langues-apprentissage,Drops,every day japanese,5,31,201,31,0.73
langues-apprentissage,Drops,practise Japanese,5,90,231,54,0.64
langues-apprentissage,Drops,學日文,5,73,232,70,0.61
langues-apprentissage,Drops,japanesse,5,72,238,21,0.81
langues-apprentissage,Drops,busuu: language learning app,5,96,247,229,0.49
langues-apprentissage,Drops,vocabularies,5,91,245,27,0.76
langues-apprentissage,Drops,app to learn japanese,5,91,231,6,1.24
langues-apprentissage,Drops,elevan lab,5,95,249,193,0.50
langues-apprentissage,Drops,aprender línguas,5,78,230,170,0.51
langues-apprentissage,Drops,practice japanese vocabulary,5,46,197,18,0.84
langues-apprentissage,Drops,learn foreign vocab,5,40,248,11,0.98
langues-apprentissage,Drops,vcaabulary,5,65,212,24,0.78
langues-apprentissage,Drops,拼写游戏,5,40,201,45,0.67
langues-apprentissage,Drops,词汇学习,5,52,245,4,1.49
langues-apprentissage,Drops,学习教育,5,43,249,156,0.52
langues-apprentissage,Drops,learn idioms,5,51,229,135,0.54
langues-apprentissage,Drops,habla espanol,5,27,248,224,0.49
langues-apprentissage,Drops,orthograph,5,55,249,164,0.52
langues-apprentissage,Drops,palabras en español,5,,238,170,0.51
langues-apprentissage,Drops,học tiếng nhật,5,,215,2,2.29
langues-apprentissage,Drops,ghibli free,5,40,188,18,0.84
langues-apprentissage,Drops,aprender idiomaas,5,46,246,122,0.55
langues-apprentissage,Drops,japanese business,5,,221,25,0.77
langues-apprentissage,Drops,visual learn,5,54,242,199,0.50
langues-apprentissage,Drops,japanese vocabulaly,5,,233,1,5.00
langues-apprentissage,Drops,manji,5,,242,54,0.64
langues-apprentissage,Drops,kumami world,5,,236,11,0.98
langues-apprentissage,Drops,drops%20language%20learning,5,42,239,78,0.59
langues-apprentissage,Drops,learn%20japanese,5,42,197,14,0.91
langues-apprentissage,Drops,japanese%20learning,5,46,194,10,1.02
langues-apprentissage,Drops,japanese%20learn%20japanese,5,46,197,14,0.91
langues-apprentissage,Drops,kanji%20study,5,64,230,25,0.77
langues-apprentissage,Drops,lingo%20deer,5,47,249,195,0.50
langues-apprentissage,Drops,learn%20japanese%20free,5,33,233,17,0.86
langues-apprentissage,Drops,write%20japanese,5,28,211,24,0.78
langues-apprentissage,Drops,japanese grammarvocabulary builder,5,,213,39,0.69
langues-apprentissage,Drops,count%20things,5,,239,26,0.76
langues-apprentissage,Drops,hiragana%20practice,5,,250,129,0.54
langues-apprentissage,Drops,学习游戏,5,,249,169,0.51
langues-apprentissage,Drops,learning lingo,5,54,244,146,0.53
langues-apprentissage,Drops,japenese teacher,5,,208,26,0.76
langues-apprentissage,Drops,ankk,5,,221,147,0.53
langues-apprentissage,Drops,japaneese,5,,238,21,0.81
langues-apprentissage,Drops,jlpt grammatik,5,40,249,169,0.51
langues-apprentissage,Drops,vocabin,5,50,214,25,0.77
langues-apprentissage,Drops,business japanese for engineers,5,40,246,206,0.50
langues-apprentissage,Drops,learn japanse,5,,223,20,0.82
langues-apprentissage,Drops,learn japanase,5,,248,20,0.82
langues-apprentissage,Drops,lingoly,5,55,249,158,0.52
langues-apprentissage,Drops,travel quests,5,44,241,205,0.50
langues-apprentissage,Drops,vocab check,5,,217,208,0.50
langues-apprentissage,Drops,volcano learning,5,,185,36,0.70
langues-apprentissage,Drops,drops: language learning,5,86,245,20,0.82
langues-apprentissage,Drops,japanese teach,5,,210,15,0.89
langues-apprentissage,Drops,japanese teacher,5,,198,21,0.81
langues-apprentissage,Drops,science based vocabulary,5,,237,52,0.65
langues-apprentissage,Drops,aprende idioma,5,85,218,156,0.52
langues-apprentissage,Drops,vocab gamers,5,87,237,110,0.56
langues-apprentissage,Drops,idiom learn,5,43,237,115,0.55
langues-apprentissage,Drops,复习,5,44,247,141,0.53
langues-apprentissage,Drops,duoo,5,84,246,159,0.52
langues-apprentissage,Drops,busuu language app,5,,216,34,0.71
langues-apprentissage,Drops,airlearn language ios,5,,232,163,0.52
langues-apprentissage,Drops,babbel language ios,5,,234,155,0.52
langues-apprentissage,Drops,stone learn best,5,,233,91,0.58
langues-apprentissage,Drops,stone learn app,5,,218,74,0.60
langues-apprentissage,Drops,lingodeer learn tracker,5,51,249,171,0.51
langues-apprentissage,Drops,ai language learninglearn a language,5,,242,122,0.55
langues-apprentissage,Drops,learn kanjio,5,,230,24,0.78
langues-apprentissage,Drops,japanese learning easy,5,,192,26,0.76
langues-apprentissage,Drops,japanese read,5,,215,141,0.53
langues-apprentissage,Drops,language beginners japanese,5,,184,25,0.77
langues-apprentissage,Drops,daily kanji,5,,202,104,0.56
langues-apprentissage,Drops,learn furigana,5,40,249,246,0.48
langues-apprentissage,Drops,study hiragana,5,49,239,196,0.50
langues-apprentissage,Drops,hiragana learn,5,48,236,202,0.50
langues-apprentissage,Drops,easy jlpt,5,40,248,230,0.49
langues-apprentissage,Drops,vocab japanese,5,40,241,47,0.66
langues-apprentissage,Drops,learn japanese vocab,5,45,239,15,0.89
langues-apprentissage,Drops,learn japanese hiragana,5,55,248,216,0.49
langues-apprentissage,Drops,learn japanese furigana,5,40,245,54,0.64
langues-apprentissage,Drops,learn japanese word,5,47,234,158,0.52
langues-apprentissage,Drops,learn japanese reading,5,40,245,129,0.54
langues-apprentissage,Drops,learn japanese sentence,5,40,249,198,0.50
langues-apprentissage,Drops,study japanese kanji,5,42,239,207,0.50
langues-apprentissage,Drops,learn japanese text,5,40,244,145,0.53
langues-apprentissage,Drops,study japanese vocab,5,64,239,48,0.66
langues-apprentissage,Drops,study japanese hiragana,5,40,237,111,0.55
langues-apprentissage,Drops,best japanese analyzer,5,40,249,171,0.51
langues-apprentissage,Drops,beginner japanese grammar,5,42,248,201,0.50
langues-apprentissage,Drops,beginner japanese hiragana,5,42,239,183,0.51
langues-apprentissage,Drops,best kanji analyzer,5,42,249,236,0.49
langues-apprentissage,Drops,easy hiragana learn,5,44,242,155,0.52
langues-apprentissage,Drops,beginner hiragana learn,5,42,241,148,0.53
langues-apprentissage,Drops,japanese kanji learn,5,47,245,96,0.57
langues-apprentissage,Drops,japanese grammar learn,5,42,243,177,0.51
langues-apprentissage,Drops,japanese vocab study,5,64,239,45,0.67
langues-apprentissage,Drops,japanese vocab learn,5,42,244,6,1.24
langues-apprentissage,Drops,japanese text analyzer,5,40,247,96,0.57
langues-apprentissage,Drops,japanese sentence analyzer,5,45,246,157,0.52
langues-apprentissage,Drops,japanese hiragana learn,5,44,241,69,0.61
langues-apprentissage,Drops,learn kanji vocab,5,42,245,205,0.50
langues-apprentissage,Drops,learn japanese language,5,50,218,94,0.57
langues-apprentissage,Drops,study japanese language,5,42,227,90,0.58
langues-apprentissage,Drops,best japanese language,5,40,237,183,0.51
langues-apprentissage,Drops,easy japanese language,5,40,235,209,0.50
langues-apprentissage,Drops,best learn japanese grammar beginner,5,42,240,153,0.52
langues-apprentissage,Drops,easy study japanese grammar beginner,5,42,243,110,0.56
langues-apprentissage,Drops,best japanese kanji reading analyzer,5,42,242,159,0.52
langues-apprentissage,Drops,best japanese sentence reading analyzer,5,40,241,159,0.52
langues-apprentissage,Drops,beginner learn japanese grammar easy,5,42,244,98,0.57
langues-apprentissage,Drops,beginner japanese grammar study easy,5,42,243,99,0.57
langues-apprentissage,Drops,easy learn japanese kanji beginner,5,43,245,196,0.50
langues-apprentissage,Drops,ai learn japanese grammar easy,5,42,245,85,0.58
langues-apprentissage,Drops,ai study japanese kanji easy,5,42,242,237,0.49
langues-apprentissage,Drops,learn japanese language grammar easy,5,42,242,182,0.51
langues-apprentissage,Drops,easy japanese language learn beginner,5,42,240,33,0.72
langues-apprentissage,Drops,beginner japanese language grammar study,5,42,238,130,0.54
langues-apprentissage,Drops,learn japanese kanji vocab,5,42,246,67,0.61
langues-apprentissage,Drops,learn japanese grammar easy,5,42,246,207,0.50
langues-apprentissage,Drops,learn japanese grammar beginner,5,42,243,213,0.49
langues-apprentissage,Drops,learn japanese text reading,5,40,245,190,0.50
langues-apprentissage,Drops,learn japanese word reading,5,40,245,237,0.49
langues-apprentissage,Drops,learn japanese sentence reading,5,40,246,218,0.49
langues-apprentissage,Drops,study japanese grammar beginner,5,42,243,235,0.49
langues-apprentissage,Drops,best learn japanese kanji,5,42,241,149,0.53
langues-apprentissage,Drops,best learn japanese vocab,5,42,239,43,0.68
langues-apprentissage,Drops,best learn japanese grammar,5,42,240,113,0.55
langues-apprentissage,Drops,easy learn japanese kanji,5,43,244,172,0.51
langues-apprentissage,Drops,easy learn japanese hiragana,5,42,243,158,0.52
langues-apprentissage,Drops,best japanese kanji analyzer,5,42,242,163,0.52
langues-apprentissage,Drops,best japanese text analyzer,5,40,245,190,0.50
langues-apprentissage,Drops,best japanese sentence analyzer,5,40,245,181,0.51
langues-apprentissage,Drops,best japanese vocab study,5,64,239,50,0.65
langues-apprentissage,Drops,ai japanese vocab study,5,63,242,44,0.67
langues-apprentissage,Drops,beginner japanese grammar study,5,42,243,229,0.49
langues-apprentissage,Drops,beginner japanese grammar learn,5,42,242,196,0.50
langues-apprentissage,Drops,beginner japanese hiragana learn,5,42,241,144,0.53
langues-apprentissage,Drops,beginner learn japanese grammar,5,42,246,184,0.51
langues-apprentissage,Drops,learn japanese language easy,5,42,237,152,0.52
langues-apprentissage,Drops,learn japanese language beginner,5,43,234,152,0.52
langues-apprentissage,Drops,best japanese language study,5,42,229,94,0.57
langues-apprentissage,Drops,easy japanese language learn,5,42,236,83,0.59
langues-apprentissage,Drops,ai japanese language study,5,40,245,67,0.61
langues-apprentissage,Drops,study japanese language beginner,5,43,237,72,0.60
langues-apprentissage,Drops,japanese text reading easy,5,40,247,195,0.50
langues-apprentissage,Drops,دراس,5,,243,124,0.54
langues-apprentissage,Drops,japanese words quiz app,5,,244,145,0.53
langues-apprentissage,Drops,ankii,5,70,227,79,0.59
langues-apprentissage,Drops,jp language,5,,201,43,0.68
langues-apprentissage,Drops,200+ lessons,5,,220,11,0.98
langues-apprentissage,Drops,learn japanaise,5,,227,18,0.84
langues-apprentissage,Drops,learn japanese anime,5,,235,27,0.76
langues-apprentissage,Drops,an alternative,5,60,240,175,0.51
langues-apprentissage,Drops,beginner japanese vocabulary,5,,209,35,0.71
langues-apprentissage,Drops,best kanji learning tools,5,,218,34,0.71
langues-apprentissage,Drops,classical jpn grammar camera,5,,209,64,0.62
langues-apprentissage,Drops,crunchyroll: lost words,5,,214,189,0.50
langues-apprentissage,Drops,filmn lite: japan,5,100,246,68,0.61
langues-apprentissage,Drops,hyakunin isshu: poetry game,5,,195,177,0.51
langues-apprentissage,Drops,learning japanese tool,5,,224,24,0.78
langues-apprentissage,Drops,learning yogi pte ltd,5,,227,65,0.62
langues-apprentissage,Drops,memorize japanese words,5,,242,156,0.52
langues-apprentissage,Drops,drop a pin,5,53,234,186,0.51
langues-apprentissage,Drops,anime as ci to learn a language,5,,230,217,0.49
langues-apprentissage,Drops,kanjify,5,,208,28,0.75
langues-apprentissage,Drops,japanese trainer,5,,200,22,0.80
langues-apprentissage,Drops,japanese verbs,5,,233,41,0.68
langues-apprentissage,Drops,kanji coach,5,,220,46,0.67
langues-apprentissage,Drops,kanji lessons,5,,232,72,0.60
langues-apprentissage,Drops,kanji trainer,5,,231,220,0.49
langues-apprentissage,Drops,lingidy,5,,226,136,0.53
langues-apprentissage,Drops,ipad alternatives,5,,216,131,0.54
langues-apprentissage,Drops,languages kit students,5,,250,89,0.58
langues-apprentissage,Drops,how to write japanese,5,,210,181,0.51
langues-apprentissage,Drops,learn to write japanse,5,,210,67,0.61
langues-apprentissage,Drops,learn to write japanese,5,,223,100,0.57
langues-apprentissage,Drops,japonès,5,,231,3,1.74
langues-apprentissage,Drops,learn ui,5,,249,84,0.59
langues-apprentissage,Drops,learning lesson,5,,242,197,0.50
langues-apprentissage,Drops,frasesjaponés,5,,204,41,0.68
langues-apprentissage,Drops,japanese phrase book,5,,205,34,0.71
langues-apprentissage,Drops,japanese write,5,,222,114,0.55
langues-apprentissage,Drops,japanese dictation app,5,,210,16,0.87
langues-apprentissage,Drops,kigaru talks,5,,220,41,0.68
langues-apprentissage,Drops,jlpt vocab myanmar,5,,231,44,0.67
langues-apprentissage,Drops,gichuru shayo,5,,249,155,0.52
langues-apprentissage,Drops,kojo technologies  inc.,5,,158,44,0.67
langues-apprentissage,Drops,rapid learning,5,,247,125,0.54
langues-apprentissage,Drops,學習app,5,,246,231,0.49
langues-apprentissage,Drops,japanese pro,5,,238,72,0.60
langues-apprentissage,Drops,learn japanese vocabulary,5,,248,16,0.87
langues-apprentissage,Drops,maru japanese,5,,250,3,1.74
langues-apprentissage,Drops,maru japanese japanese,5,,240,5,1.34
langues-apprentissage,Drops,mojisho japanese,5,,247,239,0.48
langues-apprentissage,Drops,satori reader japanese,5,,247,109,0.56
langues-apprentissage,Drops,ringotan japanese,5,,248,237,0.49
langues-apprentissage,Drops,stickystudy japanese,5,,244,27,0.76
langues-apprentissage,Drops,japanese prep,5,,248,65,0.62
langues-apprentissage,Drops,animelon,5,,247,2,2.29
langues-apprentissage,Drops,japanese immersion tracker,5,,242,74,0.60
langues-apprentissage,Drops,japanase learning app,5,,241,16,0.87
langues-apprentissage,Drops,japanese education app,5,,231,16,0.87
langues-apprentissage,Drops,vocably,5,,47,33,0.72
langues-apprentissage,Drops,ドロップ,,80,246,54,
langues-apprentissage,Drops,anime japanese,,46,239,130,
langues-apprentissage,Drops,japanese crossword,,,234,129,
langues-apprentissage,Drops,일본어 공부,,73,250,142,
langues-apprentissage,Drops,dịch tiếng nhật,,51,247,91,
langues-apprentissage,Drops,từ điển tiếng nhật,,58,250,45,
langues-apprentissage,Drops,babbel language tracker,,,216,73,
langues-apprentissage,Drops,hellotalk language maker,,,240,74,
langues-apprentissage,Drops,pimsleur language scanner tracker,,,232,15,
langues-apprentissage,Drops,pimsleur language scanner editor,,,232,18,
langues-apprentissage,Drops,babbel language io,,,212,63,
langues-apprentissage,Drops,drop visuals,,43,239,11,
langues-apprentissage,Drops,miwago : advanced japanese,,,219,24,
langues-apprentissage,Drops,spanlab: language unlocks apps,,,219,79,
langues-apprentissage,Drops,duloingo for rizz,,,224,125,
langues-apprentissage,Drops,언어교환,,55,249,236,
langues-apprentissage,Drops,kanji n5 &amp; n4,,,219,145,
langues-apprentissage,Drops,language fountain,,,250,157,
langues-apprentissage,Drops,study drop,,,245,15,
langues-apprentissage,Drops,parrylingo,,,250,121,
langues-apprentissage,Drops,learn japanese kanji and kana,,,246,241,
langues-apprentissage,Drops,parrylingo app,,,250,147,
langues-apprentissage,Drops,yuspeak japanese,,,247,70,
langues-apprentissage,Drops,renshuu japanese,,,246,15,
langues-apprentissage,Drops,wanikani japanese,,,245,22,
langues-apprentissage,Drops,shirabe jisho japanese,,,246,52,
langues-apprentissage,Drops,meshclass japanese,,,235,135,
langues-apprentissage,Drops,learn japanese kanji and kana japanese,,,245,179,
langues-apprentissage,Drops,nihongo アプリ,,,247,22,
langues-apprentissage,Drops,jlpt アプリ,,,249,64,
langues-apprentissage,Drops,renshu,,,127,38,
langues-apprentissage,Drops,jlpt lern app,,,246,154,
langues-apprentissage,LearnRussian,va,56,73,246,182,5.68
langues-apprentissage,LearnRussian,dulingo app,54,,248,102,6.09
langues-apprentissage,LearnRussian,doulingo,50,88,247,213,4.94
langues-apprentissage,LearnRussian,lern app,50,92,248,151,5.24
langues-apprentissage,LearnRussian,learna,48,98,248,178,4.89
langues-apprentissage,LearnRussian,dualingo,44,87,247,217,4.33
langues-apprentissage,LearnRussian,клавиатура,44,87,247,192,4.42
langues-apprentissage,LearnRussian,俄罗斯方块,42,80,244,208,4.17
langues-apprentissage,LearnRussian,russisch lernen,39,95,250,4,11.61
langues-apprentissage,LearnRussian,学習アプリ,37,88,250,187,3.74
langues-apprentissage,LearnRussian,lesen,35,87,239,185,3.54
langues-apprentissage,LearnRussian,学習記録,30,46,250,155,3.13
langues-apprentissage,LearnRussian,apprendre,26,88,247,146,2.74
langues-apprentissage,LearnRussian,sign language learning app,25,,245,102,2.82
langues-apprentissage,LearnRussian,드롭,13,97,244,85,1.52
langues-apprentissage,LearnRussian,学習管理,12,53,248,187,1.21
langues-apprentissage,LearnRussian,russian,9,93,247,1,9.00
langues-apprentissage,LearnRussian,learn russian,9,95,242,2,4.13
langues-apprentissage,LearnRussian,duolongo,9,88,247,216,0.89
langues-apprentissage,LearnRussian,学習時間,9,40,243,239,0.87
langues-apprentissage,LearnRussian,write russian,9,,249,2,4.13
langues-apprentissage,LearnRussian,russian language,7,100,246,1,7.00
langues-apprentissage,LearnRussian,발음,7,50,238,222,0.69
langues-apprentissage,LearnRussian,drops app,5,32,239,96,0.57
langues-apprentissage,LearnRussian,apprendre langues,5,92,250,26,0.76
langues-apprentissage,LearnRussian,drops language learning,5,83,239,11,0.98
langues-apprentissage,LearnRussian,geschichte schreiben,5,82,248,84,0.59
langues-apprentissage,LearnRussian,russian alphabet,5,55,210,6,1.24
langues-apprentissage,LearnRussian,русский,5,45,243,98,0.57
langues-apprentissage,LearnRussian,русский язык,5,97,248,11,0.98
langues-apprentissage,LearnRussian,mindsnacks,5,,183,46,0.67
langues-apprentissage,LearnRussian,duoligo,5,,247,241,0.48
langues-apprentissage,LearnRussian,speak russian,5,95,188,1,5.00
langues-apprentissage,LearnRussian,rusa,5,,249,66,0.62
langues-apprentissage,LearnRussian,быстрой,5,42,243,236,0.49
langues-apprentissage,LearnRussian,ruso,5,47,250,1,5.00
langues-apprentissage,LearnRussian,russian words,5,51,235,1,5.00
langues-apprentissage,LearnRussian,imparare le lettere,5,31,34,2,2.29
langues-apprentissage,LearnRussian,duolingo niños,5,,228,148,0.53
langues-apprentissage,LearnRussian,alphabet lernen,5,,222,23,0.79
langues-apprentissage,LearnRussian,learn first words,5,,216,38,0.70
langues-apprentissage,LearnRussian,duolingo russian,5,82,233,2,2.29
langues-apprentissage,LearnRussian,learn russian free,5,,247,1,5.00
langues-apprentissage,LearnRussian,learn morse,5,52,201,96,0.57
langues-apprentissage,LearnRussian,apprendre les langues gratuitement,5,87,243,242,0.48
langues-apprentissage,LearnRussian,language learnings,5,95,229,48,0.66
langues-apprentissage,LearnRussian,conversational russian,5,46,214,75,0.60
langues-apprentissage,LearnRussian,russian language app,5,40,222,1,5.00
langues-apprentissage,LearnRussian,study russian,5,46,211,4,1.49
langues-apprentissage,LearnRussian,russian learn,5,,240,1,5.00
langues-apprentissage,LearnRussian,aprenda a,5,43,244,142,0.53
langues-apprentissage,LearnRussian,изучать,5,42,233,16,0.87
langues-apprentissage,LearnRussian,pronunciación,5,40,248,179,0.51
langues-apprentissage,LearnRussian,aprenda,5,97,247,79,0.59
langues-apprentissage,LearnRussian,lectura rápida,5,,239,188,0.50
langues-apprentissage,LearnRussian,lern-app,5,46,246,194,0.50
langues-apprentissage,LearnRussian,language drops,5,43,239,99,0.57
langues-apprentissage,LearnRussian,учить русский,5,40,240,2,2.29
langues-apprentissage,LearnRussian,俄语翻译,5,71,228,64,0.62
langues-apprentissage,LearnRussian,俄语学习,5,56,204,1,5.00
langues-apprentissage,LearnRussian,俄语词典,5,44,249,20,0.82
langues-apprentissage,LearnRussian,俄语单词,5,44,212,1,5.00
langues-apprentissage,LearnRussian,俄语字母表,5,32,47,6,1.24
langues-apprentissage,LearnRussian,俄语词典 +,5,36,110,9,1.06
langues-apprentissage,LearnRussian,俄语单词发音与书写,5,36,115,3,1.74
langues-apprentissage,LearnRussian,учить русский язык,5,40,249,1,5.00
langues-apprentissage,LearnRussian,russian flashcard for learning,5,,198,1,5.00
langues-apprentissage,LearnRussian,d'étude,5,28,249,169,0.51
langues-apprentissage,LearnRussian,拼写,5,44,241,102,0.56
langues-apprentissage,LearnRussian,language learning for kids,5,84,244,200,0.50
langues-apprentissage,LearnRussian,키패드,5,42,247,200,0.50
langues-apprentissage,LearnRussian,запаси,5,40,217,57,0.63
langues-apprentissage,LearnRussian,learn languages fast,5,96,248,33,0.72
langues-apprentissage,LearnRussian,aprender idiomas fácil,5,46,245,46,0.67
langues-apprentissage,LearnRussian,aprender idiomas rápido,5,40,247,45,0.67
langues-apprentissage,LearnRussian,redirect,5,56,223,186,0.51
langues-apprentissage,LearnRussian,نتائج البث المباشر للدوري الاسباني,5,80,274,248,0.48
langues-apprentissage,LearnRussian,aprender idiomas facil,5,46,246,54,0.64
langues-apprentissage,LearnRussian,apprenez une langue,5,40,250,45,0.67
langues-apprentissage,LearnRussian,duolingo ingilizce,5,82,245,133,0.54
langues-apprentissage,LearnRussian,читати,5,48,240,173,0.51
langues-apprentissage,LearnRussian,apprendre du vocabulaire,5,95,248,111,0.55
langues-apprentissage,LearnRussian,mots de vocabulaire,5,42,248,122,0.55
langues-apprentissage,LearnRussian,apprendre les vocabulaire,5,40,247,103,0.56
langues-apprentissage,LearnRussian,learn to read letters,5,40,238,185,0.51
langues-apprentissage,LearnRussian,Russian Multiple Choice,5,0,163,3,1.74
langues-apprentissage,LearnRussian,cyrillic,5,,224,3,1.74
langues-apprentissage,LearnRussian,palavras,5,83,242,128,0.54
langues-apprentissage,LearnRussian,vocabulário,5,64,234,14,0.91
langues-apprentissage,LearnRussian,學習,5,86,233,64,0.62
langues-apprentissage,LearnRussian,tự,5,86,246,68,0.61
langues-apprentissage,LearnRussian,alphabite loare,5,72,247,39,0.69
langues-apprentissage,LearnRussian,duolingo reading,5,,232,97,0.57
langues-apprentissage,LearnRussian,aprende idiomas facil,5,46,242,41,0.68
langues-apprentissage,LearnRussian,drop word,5,45,227,32,0.73
langues-apprentissage,LearnRussian,fast language,5,58,242,164,0.52
langues-apprentissage,LearnRussian,study learn,5,68,237,59,0.63
langues-apprentissage,LearnRussian,ラーンズ,5,79,248,146,0.53
langues-apprentissage,LearnRussian,lingostory,5,10,250,79,0.59
langues-apprentissage,LearnRussian,learning first words,5,75,212,30,0.74
langues-apprentissage,LearnRussian,aprenda idiomas,5,86,247,90,0.58
langues-apprentissage,LearnRussian,Language Learning Education,5,59,246,60,0.63
langues-apprentissage,LearnRussian,Vocab list,5,78,232,123,0.54
langues-apprentissage,LearnRussian,falau,5,89,241,179,0.51
langues-apprentissage,LearnRussian,vocab learning,5,75,250,210,0.50
langues-apprentissage,LearnRussian,learn new vocab free,5,40,250,26,0.76
langues-apprentissage,LearnRussian,vocab learn new words,5,40,246,107,0.56
langues-apprentissage,LearnRussian,a app for learning new words,5,48,245,100,0.57
langues-apprentissage,LearnRussian,study words fast,5,87,244,71,0.61
langues-apprentissage,LearnRussian,learn vocabularies,5,40,220,214,0.49
langues-apprentissage,LearnRussian,говорити,5,40,235,97,0.57
langues-apprentissage,LearnRussian,read russian,5,,206,6,1.24
langues-apprentissage,LearnRussian,russian vocabulary,5,49,151,2,2.29
langues-apprentissage,LearnRussian,fast language learning,5,52,245,23,0.79
langues-apprentissage,LearnRussian,Language class,5,60,245,200,0.50
langues-apprentissage,LearnRussian,idiomas aprender,5,40,246,39,0.69
langues-apprentissage,LearnRussian,language quick,5,55,241,176,0.51
langues-apprentissage,LearnRussian,apprenez mots,5,,208,7,1.16
langues-apprentissage,LearnRussian,quick language learning,5,53,243,26,0.76
langues-apprentissage,LearnRussian,books in russian,5,47,237,217,0.49
langues-apprentissage,LearnRussian,russian books,5,62,246,118,0.55
langues-apprentissage,LearnRussian,speaking and language,5,44,247,144,0.53
langues-apprentissage,LearnRussian,读 写,5,40,243,190,0.50
langues-apprentissage,LearnRussian,たんご,5,46,230,130,0.54
langues-apprentissage,LearnRussian,たんご,5,,229,109,0.56
langues-apprentissage,LearnRussian,cyrillic letters,5,,222,5,1.34
langues-apprentissage,LearnRussian,詞彙,5,40,246,5,1.34
langues-apprentissage,LearnRussian,language classes,5,54,247,122,0.55
langues-apprentissage,LearnRussian,learning free,5,,247,149,0.53
langues-apprentissage,LearnRussian,Learn a Language Vocab,5,46,247,2,2.29
langues-apprentissage,LearnRussian,Clavier intelligent,5,,228,174,0.51
langues-apprentissage,LearnRussian,изучать языки,5,,210,62,0.62
langues-apprentissage,LearnRussian,easy-language,5,60,243,94,0.57
langues-apprentissage,LearnRussian,easy-languages,5,63,242,67,0.61
langues-apprentissage,LearnRussian,easy languages,5,43,244,75,0.60
langues-apprentissage,LearnRussian,learn language easy,5,43,247,37,0.70
langues-apprentissage,LearnRussian,vocabularies,5,91,245,61,0.63
langues-apprentissage,LearnRussian,hablo language,5,57,248,59,0.63
langues-apprentissage,LearnRussian,learna learn,5,44,243,185,0.51
langues-apprentissage,LearnRussian,russian voice,5,23,191,4,1.49
langues-apprentissage,LearnRussian,fast learning,5,89,243,19,0.83
langues-apprentissage,LearnRussian,ukrainan learn,5,44,237,89,0.58
langues-apprentissage,LearnRussian,learn ukranian,5,79,202,22,0.80
langues-apprentissage,LearnRussian,speak fast language,5,50,247,138,0.53
langues-apprentissage,LearnRussian,russian language learning,5,97,248,1,5.00
langues-apprentissage,LearnRussian,learn telugu language,5,29,243,210,0.50
langues-apprentissage,LearnRussian,speak beginner russian,5,58,165,1,5.00
langues-apprentissage,LearnRussian,russian language tutor,5,40,226,58,0.63
langues-apprentissage,LearnRussian,vcaabulary,5,65,212,167,0.52
langues-apprentissage,LearnRussian,stories russian,5,62,244,240,0.48
langues-apprentissage,LearnRussian,字母拼图,5,33,225,146,0.53
langues-apprentissage,LearnRussian,词汇学习,5,52,245,25,0.77
langues-apprentissage,LearnRussian,拼单词,5,36,239,216,0.49
langues-apprentissage,LearnRussian,学习教育,5,43,249,97,0.57
langues-apprentissage,LearnRussian,language leranring,5,65,241,150,0.52
langues-apprentissage,LearnRussian,quick words,5,34,215,24,0.78
langues-apprentissage,LearnRussian,read & learn,5,54,246,154,0.52
langues-apprentissage,LearnRussian,dancy,5,48,238,238,0.48
langues-apprentissage,LearnRussian,learn langugage,5,55,233,52,0.65
langues-apprentissage,LearnRussian,language vocabulart,5,40,238,35,0.71
langues-apprentissage,LearnRussian,learn lanuage,5,90,248,187,0.51
langues-apprentissage,LearnRussian,100 languages,5,56,245,244,0.48
langues-apprentissage,LearnRussian,labs reader,5,37,248,214,0.49
langues-apprentissage,LearnRussian,study fast,5,64,245,72,0.60
langues-apprentissage,LearnRussian,palabras en español,5,,238,222,0.49
langues-apprentissage,LearnRussian,easy studying,5,,248,149,0.53
langues-apprentissage,LearnRussian,study noted,5,,232,202,0.50
langues-apprentissage,LearnRussian,aprender idiomaas,5,46,246,57,0.63
langues-apprentissage,LearnRussian,vocab learn words,5,41,211,6,1.24
langues-apprentissage,LearnRussian,vocabularr,5,,245,245,0.48
langues-apprentissage,LearnRussian,từ vựng,5,37,244,142,0.53
langues-apprentissage,LearnRussian,pronúncia,5,39,213,70,0.61
langues-apprentissage,LearnRussian,fal bak,5,,219,185,0.51
langues-apprentissage,LearnRussian,发音,5,55,223,211,0.49
langues-apprentissage,LearnRussian,drops%20language%20learning,5,42,239,3,1.74
langues-apprentissage,LearnRussian,learn%20swedish,5,68,210,17,0.86
langues-apprentissage,LearnRussian,learn%20vietnamese,5,70,217,17,0.86
langues-apprentissage,LearnRussian,russian%20language,5,43,200,3,1.74
langues-apprentissage,LearnRussian,learn%20greek,5,50,216,54,0.64
langues-apprentissage,LearnRussian,learn%20russian,5,33,198,2,2.29
langues-apprentissage,LearnRussian,language%20learning%20app,5,59,247,37,0.70
langues-apprentissage,LearnRussian,silbe%20by%20silvy,5,37,227,76,0.60
langues-apprentissage,LearnRussian,russian%20roulette,5,25,195,3,1.74
langues-apprentissage,LearnRussian,free%20language%20learning%20apps,5,48,246,103,0.56
langues-apprentissage,LearnRussian,language%20learning%20free,5,51,248,84,0.59
langues-apprentissage,LearnRussian,learning%20russian,5,40,224,25,0.77
langues-apprentissage,LearnRussian,speak new language fast,5,40,245,203,0.50
langues-apprentissage,LearnRussian,learn free language,5,,249,61,0.63
langues-apprentissage,LearnRussian,單字王,5,,248,157,0.52
langues-apprentissage,LearnRussian,fast study,5,,247,105,0.56
langues-apprentissage,LearnRussian,langauge vocab,5,,197,1,5.00
langues-apprentissage,LearnRussian,lnaguage learning,5,64,241,190,0.50
langues-apprentissage,LearnRussian,languages language,5,47,247,145,0.53
langues-apprentissage,LearnRussian,https://appfigures.com/top-apps/ios-app-,5,83,228,164,0.52
langues-apprentissage,LearnRussian,educational language,5,57,248,148,0.53
langues-apprentissage,LearnRussian,vocabulary language,5,82,244,96,0.57
langues-apprentissage,LearnRussian,- pronunciation,5,55,192,188,0.50
langues-apprentissage,LearnRussian,sự đọc chính tả,5,,69,6,1.24
langues-apprentissage,LearnRussian,vocab language,5,40,243,4,1.49
langues-apprentissage,LearnRussian,clavier vocal,5,,238,164,0.52
langues-apprentissage,LearnRussian,vocab check,5,,217,15,0.89
langues-apprentissage,LearnRussian,language fast,5,,239,29,0.74
langues-apprentissage,LearnRussian,1000 words language learn,5,,248,40,0.69
langues-apprentissage,LearnRussian,languages learnings,5,48,241,235,0.49
langues-apprentissage,LearnRussian,study & travel,5,,214,9,1.06
langues-apprentissage,LearnRussian,memrise: free language learning,5,87,246,62,0.62
langues-apprentissage,LearnRussian,drops: language learning,5,86,245,15,0.89
langues-apprentissage,LearnRussian,vocabcam,5,,241,39,0.69
langues-apprentissage,LearnRussian,travel vocabulary,5,44,168,18,0.84
langues-apprentissage,LearnRussian,science based vocabulary,5,,237,42,0.68
langues-apprentissage,LearnRussian,aprende idioma,5,85,218,124,0.54
langues-apprentissage,LearnRussian,hablar idiomas,5,,217,39,0.69
langues-apprentissage,LearnRussian,habla idiomas,5,,230,59,0.63
langues-apprentissage,LearnRussian,idiom learn,5,43,237,86,0.58
langues-apprentissage,LearnRussian,study languages,5,87,247,117,0.55
langues-apprentissage,LearnRussian,language words,5,72,232,4,1.49
langues-apprentissage,LearnRussian,vocabulary study,5,,236,37,0.70
langues-apprentissage,LearnRussian,language vocab,5,48,247,5,1.34
langues-apprentissage,LearnRussian,复习,5,44,247,108,0.56
langues-apprentissage,LearnRussian,vocab quizzes,5,,190,100,0.57
langues-apprentissage,LearnRussian,learn russian kids,5,40,246,3,1.74
langues-apprentissage,LearnRussian,russian letters,5,,184,2,2.29
langues-apprentissage,LearnRussian,russian cursive,5,,186,4,1.49
langues-apprentissage,LearnRussian,learn &speak,5,40,238,170,0.51
langues-apprentissage,LearnRussian,easylanguage,5,,240,39,0.69
langues-apprentissage,LearnRussian,airlearn language ios,5,,232,35,0.71
langues-apprentissage,LearnRussian,learn languages app,5,90,248,205,0.50
langues-apprentissage,LearnRussian,stone learn best,5,,233,47,0.66
langues-apprentissage,LearnRussian,learn pronunciation app,5,50,238,228,0.49
langues-apprentissage,LearnRussian,learn languages\,5,,241,187,0.51
langues-apprentissage,LearnRussian,fast learnih,5,,244,57,0.63
langues-apprentissage,LearnRussian,fast learnig,5,,228,22,0.80
langues-apprentissage,LearnRussian,ai language learninglearn a language,5,,242,41,0.68
langues-apprentissage,LearnRussian,learn word fast,5,,199,57,0.63
langues-apprentissage,LearnRussian,learn words fast,5,,247,110,0.56
langues-apprentissage,LearnRussian,duolingos,5,82,245,180,0.51
langues-apprentissage,LearnRussian,a1 vocabulary,5,,225,169,0.51
langues-apprentissage,LearnRussian,quick language,5,,244,156,0.52
langues-apprentissage,LearnRussian,read learn language,5,,247,26,0.76
langues-apprentissage,LearnRussian,languages class,5,,202,4,1.49
langues-apprentissage,LearnRussian,speak fluentl,5,,218,16,0.87
langues-apprentissage,LearnRussian,class language,5,,201,2,2.29
langues-apprentissage,LearnRussian,anguage learning,5,,241,30,0.74
langues-apprentissage,LearnRussian,serbian language,5,,209,30,0.74
langues-apprentissage,LearnRussian,addictive russian language games,5,,222,1,5.00
langues-apprentissage,LearnRussian,beginner dutch: smart choice,5,,218,36,0.70
langues-apprentissage,LearnRussian,beginner italian: smart choice,5,,208,96,0.57
langues-apprentissage,LearnRussian,best language learning apps,5,94,248,182,0.51
langues-apprentissage,LearnRussian,cardio language learning,5,,232,15,0.89
langues-apprentissage,LearnRussian,italian phrasebook app for travelers,5,,201,95,0.57
langues-apprentissage,LearnRussian,learn cyrillic alphabet now,5,,214,1,5.00
langues-apprentissage,LearnRussian,learn russian alphabet quickly,5,,199,1,5.00
langues-apprentissage,LearnRussian,learning alphabet and letters,5,,233,109,0.56
langues-apprentissage,LearnRussian,phrasebook kg,5,,205,15,0.89
langues-apprentissage,LearnRussian,study up: online learning app,5,,249,237,0.49
langues-apprentissage,LearnRussian,drop a pin,5,53,234,192,0.50
langues-apprentissage,LearnRussian,learn the letters,5,43,243,242,0.48
langues-apprentissage,LearnRussian,russian flashcards,5,,249,5,1.34
langues-apprentissage,LearnRussian,russian phrases,5,,167,22,0.80
langues-apprentissage,LearnRussian,russian practice,5,,191,12,0.96
langues-apprentissage,LearnRussian,russian quiz,5,,184,12,0.96
langues-apprentissage,LearnRussian,lingidy,5,,226,44,0.67
langues-apprentissage,LearnRussian,russian trainer,5,,181,7,1.16
langues-apprentissage,LearnRussian,russian verbs,5,,246,12,0.96
langues-apprentissage,LearnRussian,beginners apk remind,5,,228,17,0.86
langues-apprentissage,LearnRussian,drop clean,5,,230,60,0.63
langues-apprentissage,LearnRussian,發音,5,34,224,176,0.51
langues-apprentissage,LearnRussian,phát âm,5,,227,107,0.56
langues-apprentissage,LearnRussian,easy flash,5,,196,83,0.59
langues-apprentissage,LearnRussian,snaplingo,5,,213,51,0.65
langues-apprentissage,LearnRussian,vocabulary - language learning,5,,237,6,1.24
langues-apprentissage,LearnRussian,language leanring app,5,,245,85,0.58
langues-apprentissage,LearnRussian,learn & speak english,5,,242,108,0.56
langues-apprentissage,LearnRussian,learn 41 languages,5,54,249,140,0.53
langues-apprentissage,LearnRussian,lyudmyla ivanova,5,,198,9,1.06
langues-apprentissage,LearnRussian,read learn languages,5,44,247,36,0.70
langues-apprentissage,LearnRussian,speak and study,5,,250,41,0.68
langues-apprentissage,LearnRussian,學習app,5,,246,159,0.52
langues-apprentissage,LearnRussian,language reading,5,,248,15,0.89
langues-apprentissage,LearnRussian,study vocab,5,,246,119,0.55
langues-apprentissage,LearnRussian,travel langauge,5,,243,120,0.55
langues-apprentissage,LearnRussian,travel words,5,,239,192,0.50
langues-apprentissage,LearnRussian,duoliga,5,,247,245,0.48
langues-apprentissage,LearnRussian,der die das language,5,,250,223,0.49
langues-apprentissage,LearnRussian,apprendre vocabulaire,,,250,165,
langues-apprentissage,LearnRussian,ドロップ,,80,246,61,
langues-apprentissage,LearnRussian,learn%20languages%20free,,,249,172,
langues-apprentissage,LearnRussian,babbel language tracker,,,216,35,
langues-apprentissage,LearnRussian,hellotalk language maker,,,240,33,
langues-apprentissage,LearnRussian,duolingo language editor,,83,249,45,
langues-apprentissage,LearnRussian,hellotalk editor tracker,,,241,45,
langues-apprentissage,LearnRussian,hellotalk editor scanner,,,242,44,
langues-apprentissage,LearnRussian,pimsleur language scanner scanner,,,220,51,
langues-apprentissage,LearnRussian,babbel language io,,,212,34,
langues-apprentissage,LearnRussian,language easy,,,246,68,
langues-apprentissage,LearnRussian,learn esperanto phrasebook pro,,,221,27,
langues-apprentissage,LearnRussian,duloingo for rizz,,,224,26,
langues-apprentissage,LearnRussian,apk voice translate app game planner tr,,,220,126,
langues-apprentissage,LearnRussian,单词学习,,43,247,108,
langues-apprentissage,LearnRussian,russian voice typing,,,223,55,
langues-apprentissage,LearnRussian,read & study,,,248,79,
langues-apprentissage,LearnRussian,language learning pro,,,248,58,
langues-apprentissage,LearnRussian,study drop,,,245,5,
langues-apprentissage,LearnRussian,ulingo,,,247,219,
langues-apprentissage,LearnRussian,traveling and learning,,40,240,16,
langues-apprentissage,LearnFrench,pluxee cadeaux,57,39,248,152,5.97
langues-apprentissage,LearnFrench,vita,53,91,250,213,5.24
langues-apprentissage,LearnFrench,french learning app,34,87,248,153,3.56
langues-apprentissage,LearnFrench,soutien scolaire,10,43,217,45,1.34
langues-apprentissage,LearnFrench,langue,7,92,248,201,0.70
langues-apprentissage,LearnFrench,scholastic,7,82,247,131,0.75
langues-apprentissage,LearnFrench,cours anglais gratuit,6,66,248,186,0.61
langues-apprentissage,LearnFrench,ecole,5,50,184,117,0.55
langues-apprentissage,LearnFrench,learning language,5,94,248,38,0.70
langues-apprentissage,LearnFrench,french language,5,93,247,52,0.65
langues-apprentissage,LearnFrench,french apps,5,82,248,224,0.49
langues-apprentissage,LearnFrench,french learn,5,100,242,211,0.49
langues-apprentissage,LearnFrench,french learn french,5,40,218,172,0.51
langues-apprentissage,LearnFrench,french learning apps,5,91,248,27,0.76
langues-apprentissage,LearnFrench,apprendre l'anglais,5,44,237,76,0.60
langues-apprentissage,LearnFrench,auto ecole,5,49,185,122,0.55
langues-apprentissage,LearnFrench,aprende francés,5,45,239,190,0.50
langues-apprentissage,LearnFrench,apprendre langlais,5,82,244,177,0.51
langues-apprentissage,LearnFrench,apprendre l'anglais gratuit,5,45,246,69,0.61
langues-apprentissage,LearnFrench,apprendre l'anglais facilement,5,40,246,136,0.53
langues-apprentissage,LearnFrench,apprendre l'anglais gratuitement,5,42,242,89,0.58
langues-apprentissage,LearnFrench,anglais grammaire,5,40,247,126,0.54
langues-apprentissage,LearnFrench,french beginners,5,40,234,113,0.55
langues-apprentissage,LearnFrench,french keyboard,5,91,225,139,0.53
langues-apprentissage,LearnFrench,l'anglais,5,57,229,78,0.59
langues-apprentissage,LearnFrench,learing,5,88,231,46,0.67
langues-apprentissage,LearnFrench,french learning app free,5,86,248,139,0.53
langues-apprentissage,LearnFrench,french reading,5,,203,180,0.51
langues-apprentissage,LearnFrench,French French,5,84,219,205,0.50
langues-apprentissage,LearnFrench,translate french language,5,51,238,64,0.62
langues-apprentissage,LearnFrench,learn french verb,5,28,229,226,0.49
langues-apprentissage,LearnFrench,leçon,5,61,248,230,0.49
langues-apprentissage,LearnFrench,french english,5,100,215,122,0.55
langues-apprentissage,LearnFrench,learn creole,5,92,229,172,0.51
langues-apprentissage,LearnFrench,conjugation app french,5,25,230,118,0.55
langues-apprentissage,LearnFrench,conjugation app french verbs,5,25,233,218,0.49
langues-apprentissage,LearnFrench,Conjugation.app: French,5,40,228,151,0.52
langues-apprentissage,LearnFrench,conjugation of app in french,5,40,230,191,0.50
langues-apprentissage,LearnFrench,best french conjugation app,5,40,230,90,0.58
langues-apprentissage,LearnFrench,best app to learn french conjugation,5,40,235,93,0.57
langues-apprentissage,LearnFrench,french conjugation app free,5,40,230,71,0.61
langues-apprentissage,LearnFrench,app for french verb conjugation,5,40,240,176,0.51
langues-apprentissage,LearnFrench,app for french conjugation,5,40,232,107,0.56
langues-apprentissage,LearnFrench,french conjugation app help,5,40,233,153,0.52
langues-apprentissage,LearnFrench,french conjugation app offline,5,40,236,42,0.68
langues-apprentissage,LearnFrench,app de passagens,5,75,248,95,0.57
langues-apprentissage,LearnFrench,Educatieve,5,74,249,197,0.50
langues-apprentissage,LearnFrench,french conjugation app,5,43,236,116,0.55
langues-apprentissage,LearnFrench,conjugation app full version,5,40,247,87,0.58
langues-apprentissage,LearnFrench,French  Language,5,88,248,58,0.63
langues-apprentissage,LearnFrench,fluent in french,5,40,238,224,0.49
langues-apprentissage,LearnFrench,French Lesson,5,81,237,173,0.51
langues-apprentissage,LearnFrench,French daily,5,45,233,123,0.54
langues-apprentissage,LearnFrench,learning french vocabulary,5,45,223,196,0.50
langues-apprentissage,LearnFrench,learning french - basic words,5,29,166,159,0.52
langues-apprentissage,LearnFrench,babbel learning french daily,5,40,226,95,0.57
langues-apprentissage,LearnFrench,learning French basic words,5,37,167,139,0.53
langues-apprentissage,LearnFrench,French Exercises,5,40,222,167,0.52
langues-apprentissage,LearnFrench,apprenez l'anglais,5,59,240,104,0.56
langues-apprentissage,LearnFrench,learn french busuu,5,40,227,223,0.49
langues-apprentissage,LearnFrench,learn French translator,5,40,228,58,0.63
langues-apprentissage,LearnFrench,migliorare la fonetica,5,44,249,26,0.76
langues-apprentissage,LearnFrench,quebec french,5,40,244,155,0.52
langues-apprentissage,LearnFrench,apprendre le vocabulaire français,5,40,247,214,0.49
langues-apprentissage,LearnFrench,apprendre l'anglais en chantant,5,40,247,75,0.60
langues-apprentissage,LearnFrench,apprendre l'anglais rapidement,5,82,244,89,0.58
langues-apprentissage,LearnFrench,apprendre l'anglais facile,5,42,247,73,0.60
langues-apprentissage,LearnFrench,français coran,5,42,249,190,0.50
langues-apprentissage,LearnFrench,francais coran,5,42,248,183,0.51
langues-apprentissage,LearnFrench,fluyo,5,66,249,227,0.49
langues-apprentissage,LearnFrench,chatgpt francais,5,87,248,157,0.52
langues-apprentissage,LearnFrench,learnings,5,56,248,187,0.51
langues-apprentissage,LearnFrench,french conjugator,5,64,183,157,0.52
langues-apprentissage,LearnFrench,conditionnel,5,41,249,65,0.62
langues-apprentissage,LearnFrench,infinitif,5,28,247,190,0.50
langues-apprentissage,LearnFrench,chatgpt français,5,86,246,106,0.56
langues-apprentissage,LearnFrench,chatgpt france,5,87,246,146,0.53
langues-apprentissage,LearnFrench,gptchat francais,5,54,249,136,0.53
langues-apprentissage,LearnFrench,chatgpt en francais,5,86,249,85,0.58
langues-apprentissage,LearnFrench,French education,5,82,227,45,0.67
langues-apprentissage,LearnFrench,French Language Learning game,5,62,235,13,0.93
langues-apprentissage,LearnFrench,learn french game,5,88,248,192,0.50
langues-apprentissage,LearnFrench,12+,5,71,249,168,0.51
langues-apprentissage,LearnFrench,Learning Language Frech,5,48,243,10,1.02
langues-apprentissage,LearnFrench,frenches,5,61,195,139,0.53
langues-apprentissage,LearnFrench,leçons d'anglais,5,40,249,97,0.57
langues-apprentissage,LearnFrench,education de chien,5,41,248,59,0.63
langues-apprentissage,LearnFrench,educate plus,5,71,246,141,0.53
langues-apprentissage,LearnFrench,lelarn,5,85,248,168,0.51
langues-apprentissage,LearnFrench,learn french on the go,5,62,225,143,0.53
langues-apprentissage,LearnFrench,talk french language,5,40,231,223,0.49
langues-apprentissage,LearnFrench,master french,5,40,204,97,0.57
langues-apprentissage,LearnFrench,learn french words,5,50,228,167,0.52
langues-apprentissage,LearnFrench,learn a french,5,97,246,228,0.49
langues-apprentissage,LearnFrench,learning french app,5,78,226,46,0.67
langues-apprentissage,LearnFrench,french  top accent,5,40,246,166,0.52
langues-apprentissage,LearnFrench,ai learn french,5,40,236,208,0.50
langues-apprentissage,LearnFrench,french podcasts,5,46,245,167,0.52
langues-apprentissage,LearnFrench,learn french - beginners,5,44,224,107,0.56
langues-apprentissage,LearnFrench,french advanced,5,40,245,163,0.52
langues-apprentissage,LearnFrench,learn french for beginners.,5,44,243,170,0.51
langues-apprentissage,LearnFrench,ai language learning french,5,54,242,114,0.55
langues-apprentissage,LearnFrench,vie scolaire,5,69,247,158,0.52
langues-apprentissage,LearnFrench,word translate,5,68,235,166,0.52
langues-apprentissage,LearnFrench,translate word,5,71,235,168,0.51
langues-apprentissage,LearnFrench,unacademy languages,5,57,250,142,0.53
langues-apprentissage,LearnFrench,french toddler,5,14,238,84,0.59
langues-apprentissage,LearnFrench,catalan language tutor,5,40,249,205,0.50
langues-apprentissage,LearnFrench,beginner french vocabulary,5,18,79,26,0.76
langues-apprentissage,LearnFrench,beginner french vocab,5,64,191,58,0.63
langues-apprentissage,LearnFrench,english language lesson,5,94,226,53,0.64
langues-apprentissage,LearnFrench,french language lesson,5,80,115,4,1.49
langues-apprentissage,LearnFrench,french language tutor,5,46,238,113,0.55
langues-apprentissage,LearnFrench,ai french language tutor,5,40,244,157,0.52
langues-apprentissage,LearnFrench,language leranring,5,65,241,170,0.51
langues-apprentissage,LearnFrench,learn langugage,5,55,233,103,0.56
langues-apprentissage,LearnFrench,translatoe word,5,,241,65,0.62
langues-apprentissage,LearnFrench,improve french,5,42,224,212,0.49
langues-apprentissage,LearnFrench,french beginneer,5,,143,35,0.71
langues-apprentissage,LearnFrench,french beginner,5,82,239,147,0.53
langues-apprentissage,LearnFrench,french improvement,5,,183,42,0.68
langues-apprentissage,LearnFrench,lingu,5,,234,175,0.51
langues-apprentissage,LearnFrench,[lingu],5,,235,169,0.51
langues-apprentissage,LearnFrench,languag,5,100,245,181,0.51
langues-apprentissage,LearnFrench,french (canada),5,,188,110,0.56
langues-apprentissage,LearnFrench,gregory de jonckheere,5,,207,119,0.55
langues-apprentissage,LearnFrench,learn%20french%20free,5,67,247,132,0.54
langues-apprentissage,LearnFrench,learn%20vietnamese,5,70,217,210,0.50
langues-apprentissage,LearnFrench,learn%20french%20for%20beginners,5,70,213,194,0.50
langues-apprentissage,LearnFrench,french%20learning%20app,5,71,215,80,0.59
langues-apprentissage,LearnFrench,conjugaison%20fran%C3%A7aise,5,40,247,153,0.52
langues-apprentissage,LearnFrench,french tip,5,,169,107,0.56
langues-apprentissage,LearnFrench,learning langauge,5,91,248,34,0.71
langues-apprentissage,LearnFrench,most common french,5,,193,181,0.51
langues-apprentissage,LearnFrench,french dialogue,5,,220,196,0.50
langues-apprentissage,LearnFrench,french tips,5,,176,156,0.52
langues-apprentissage,LearnFrench,spaced repetition free trial,5,40,249,208,0.50
langues-apprentissage,LearnFrench,learngpt,5,,246,223,0.49
langues-apprentissage,LearnFrench,lnaguage learning,5,64,241,149,0.53
langues-apprentissage,LearnFrench,lrb french,5,,241,112,0.55
langues-apprentissage,LearnFrench,retranscrire,5,,201,173,0.51
langues-apprentissage,LearnFrench,learnning,5,47,247,188,0.50
langues-apprentissage,LearnFrench,vocabcam,5,,241,161,0.52
langues-apprentissage,LearnFrench,k-12 stem,5,,245,166,0.52
langues-apprentissage,LearnFrench,learnin language,5,92,248,48,0.66
langues-apprentissage,LearnFrench,pimsleur tracker,5,,219,122,0.55
langues-apprentissage,LearnFrench,stone learn best,5,,233,231,0.49
langues-apprentissage,LearnFrench,lingodeer learn maker,5,49,249,130,0.54
langues-apprentissage,LearnFrench,lingodeer learn tracker,5,51,249,238,0.48
langues-apprentissage,LearnFrench,audio learning,5,40,228,152,0.52
langues-apprentissage,LearnFrench,app to learn translated words,5,63,245,97,0.57
langues-apprentissage,LearnFrench,frenchio,5,,212,119,0.55
langues-apprentissage,LearnFrench,beginner language,5,77,247,246,0.48
langues-apprentissage,LearnFrench,1st - 12th grade,5,,242,222,0.49
langues-apprentissage,LearnFrench,grades 1-12,5,,174,74,0.60
langues-apprentissage,LearnFrench,learn span,5,,228,33,0.72
langues-apprentissage,LearnFrench,teach athom mbuma,5,,197,78,0.59
langues-apprentissage,LearnFrench,beginner intermediate,5,,139,12,0.96
langues-apprentissage,LearnFrench,beginner dutch: smart choice,5,,218,156,0.52
langues-apprentissage,LearnFrench,claude free app,5,,250,212,0.49
langues-apprentissage,LearnFrench,claude joseph angelique,5,,165,114,0.55
langues-apprentissage,LearnFrench,langauge audio,5,,175,144,0.53
langues-apprentissage,LearnFrench,language audio,5,,196,146,0.53
langues-apprentissage,LearnFrench,ek 2024 duitsland poule,5,40,250,50,0.65
langues-apprentissage,LearnFrench,frenchapp understand french,5,,234,61,0.63
langues-apprentissage,LearnFrench,1st 12th grade,5,64,242,126,0.54
langues-apprentissage,LearnFrench,copycat cafe,5,,229,115,0.55
langues-apprentissage,LearnFrench,leaen,5,42,209,121,0.55
langues-apprentissage,LearnFrench,daily memories with vs reddit,5,,207,139,0.53
langues-apprentissage,LearnFrench,french trainer,5,,188,81,0.59
langues-apprentissage,LearnFrench,reviews daily check in free online tutor,5,,226,115,0.55
langues-apprentissage,LearnFrench,review top daily pay free best tutorial,5,,166,122,0.55
langues-apprentissage,LearnFrench,tutorial daily pay free online app best,5,,173,158,0.52
langues-apprentissage,LearnFrench,language phrase,5,33,243,234,0.49
langues-apprentissage,LearnFrench,free sprachmemos have,5,49,248,50,0.65
langues-apprentissage,LearnFrench,douane app,5,,195,49,0.66
langues-apprentissage,LearnFrench,twelve relier,5,,249,106,0.56
langues-apprentissage,LearnFrench,morseify,5,,250,247,0.48
langues-apprentissage,LearnFrench,learning lesson,5,,242,177,0.51
langues-apprentissage,LearnFrench,lingox: tuteur de langue ia,5,,204,138,0.53
langues-apprentissage,LearnFrench,learne french,5,,223,185,0.51
langues-apprentissage,LearnFrench,language leanring app,5,,245,205,0.50
langues-apprentissage,LearnFrench,language beginner,5,40,247,239,0.48
langues-apprentissage,LearnFrench,learn 41 languages,5,54,249,210,0.50
langues-apprentissage,LearnFrench,cmi france,5,,241,53,0.64
langues-apprentissage,LearnFrench,learn french pro,5,,224,137,0.53
langues-apprentissage,LearnFrench,smart learn french,5,,230,217,0.49
langues-apprentissage,LearnFrench,learn french maker,5,,228,151,0.52
langues-apprentissage,LearnFrench,french recipe hub,5,,250,152,0.52
langues-apprentissage,LearnFrench,travel langauge,5,,243,220,0.49
langues-apprentissage,LearnFrench,justspeak app,5,,250,200,0.50
langues-apprentissage,LearnFrench,tv5monde language,5,,249,57,0.63
langues-apprentissage,LearnFrench,le conjugueur language,5,,248,74,0.60
langues-apprentissage,LearnFrench,game to learn french,5,,230,96,0.57
langues-apprentissage,LearnFrench,150+ languages offline,5,,247,25,0.77
langues-apprentissage,LearnFrench,languaue lesson,5,,242,32,0.73
langues-apprentissage,LearnFrench,anglais enfant gratuit,,95,248,227,
langues-apprentissage,LearnFrench,langhantel training,,49,250,114,
langues-apprentissage,LearnFrench,tchat albanais,,43,190,113,
langues-apprentissage,LearnFrench,dev.madeny.conjugation.french.full,,40,242,192,
langues-apprentissage,LearnFrench,duolingo language editor,,83,249,218,
langues-apprentissage,LearnFrench,pimsleur tracker editor,,,222,128,
langues-apprentissage,LearnFrench,pimsleur tracker maker,,,224,116,
langues-apprentissage,LearnFrench,learn translations,,,226,215,
langues-apprentissage,LearnFrench,french travel app,,,193,82,
langues-apprentissage,LearnFrench,anglais débutant,,40,247,154,
langues-apprentissage,LearnFrench,canadian french dictation,,,209,149,
langues-apprentissage,LearnFrench,parrylingo,,,250,138,
langues-apprentissage,LearnFrench,momolingo app,,,250,74,
langues-apprentissage,LearnFrench,french more,,,247,198,
langues-apprentissage,Duolingo,duolingo,79,94,248,1,79.00
langues-apprentissage,Duolingo,тик ток,75,95,243,232,7.31
langues-apprentissage,Duolingo,claude,74,98,247,190,7.45
langues-apprentissage,Duolingo,duo mobile,72,97,249,2,33.04
langues-apprentissage,Duolingo,happ,72,98,245,212,7.12
langues-apprentissage,Duolingo,alo,70,72,249,246,6.75
langues-apprentissage,Duolingo,chess,70,80,248,138,7.46
langues-apprentissage,Duolingo,quizlet,69,95,248,16,12.07
langues-apprentissage,Duolingo,duo,69,93,242,2,31.66
langues-apprentissage,Duolingo,google gemini,69,98,247,184,6.99
langues-apprentissage,Duolingo,class dojo,67,94,247,4,19.95
langues-apprentissage,Duolingo,hellotalk,67,85,250,4,19.95
langues-apprentissage,Duolingo,デュオリンゴ,67,72,133,1,67.00
langues-apprentissage,Duolingo,lemon8,67,96,129,96,7.64
langues-apprentissage,Duolingo,anki,66,97,250,6,16.30
langues-apprentissage,Duolingo,clever,66,97,249,75,7.91
langues-apprentissage,Duolingo,weverse,65,98,201,21,10.52
langues-apprentissage,Duolingo,khan academy,64,96,248,3,22.31
langues-apprentissage,Duolingo,weplay,64,94,246,140,6.80
langues-apprentissage,Duolingo,app,63,98,242,78,7.49
langues-apprentissage,Duolingo,finch,63,75,247,169,6.48
langues-apprentissage,Duolingo,khan  academy,63,91,248,3,21.96
langues-apprentissage,Duolingo,kahoot,62,95,248,77,7.39
langues-apprentissage,Duolingo,a,62,97,246,44,8.34
langues-apprentissage,Duolingo,勉強アプリ,62,47,235,24,9.68
langues-apprentissage,Duolingo,amazon a to z,62,98,204,151,6.50
langues-apprentissage,Duolingo,вк видео,62,,231,27,9.38
langues-apprentissage,Duolingo,dola,62,88,131,30,9.14
langues-apprentissage,Duolingo,math,61,93,247,15,10.88
langues-apprentissage,Duolingo,sofascore,61,59,170,151,6.40
langues-apprentissage,Duolingo,update my apps,61,98,249,124,6.63
langues-apprentissage,Duolingo,韓国語,61,89,247,3,21.26
langues-apprentissage,Duolingo,free,60,97,246,16,10.50
langues-apprentissage,Duolingo,play together,60,92,247,17,10.31
langues-apprentissage,Duolingo,smarty me,60,89,79,6,14.82
langues-apprentissage,Duolingo,heartopia,60,96,52,31,8.77
langues-apprentissage,Duolingo,language learning,59,97,248,1,59.00
langues-apprentissage,Duolingo,vocabulary,59,84,249,11,11.62
langues-apprentissage,Duolingo,英会話,59,100,247,1,59.00
langues-apprentissage,Duolingo,дискорд,59,,88,59,7.43
langues-apprentissage,Duolingo,imprint,59,95,247,6,14.57
langues-apprentissage,Duolingo,speak:,59,97,242,4,17.57
langues-apprentissage,Duolingo,math games,58,87,248,6,14.33
langues-apprentissage,Duolingo,ixl,58,88,244,2,26.61
langues-apprentissage,Duolingo,tandem,58,75,243,20,9.51
langues-apprentissage,Duolingo,speak,57,98,248,2,26.16
langues-apprentissage,Duolingo,coursera,57,80,247,12,10.90
langues-apprentissage,Duolingo,ギター,57,84,181,141,6.05
langues-apprentissage,Duolingo,일본어,57,75,246,2,26.16
langues-apprentissage,Duolingo,макс мессенджер,57,96,77,32,8.27
langues-apprentissage,Duolingo,lingo,56,97,248,2,25.70
langues-apprentissage,Duolingo,busuu,56,92,247,2,25.70
langues-apprentissage,Duolingo,ath móvil,56,,82,79,6.64
langues-apprentissage,Duolingo,pingo ai,56,95,249,4,16.67
langues-apprentissage,Duolingo,spanish learning app,55,93,248,1,55.00
langues-apprentissage,Duolingo,udemy,55,96,248,20,9.02
langues-apprentissage,Duolingo,谷歌翻译,55,90,248,159,5.72
langues-apprentissage,Duolingo,영어,55,82,247,1,55.00
langues-apprentissage,Duolingo,i ready,54,98,190,16,9.45
langues-apprentissage,Duolingo,rosetta stone,54,96,248,3,18.82
langues-apprentissage,Duolingo,memrise,54,93,249,2,24.78
langues-apprentissage,Duolingo,asl,54,75,248,6,13.34
langues-apprentissage,Duolingo,sprachen lernen,54,95,248,1,54.00
langues-apprentissage,Duolingo,green dot,54,84,103,99,6.12
langues-apprentissage,Duolingo,preply,54,95,128,2,24.78
langues-apprentissage,Duolingo,rutube,54,94,77,66,6.64
langues-apprentissage,Duolingo,language transfer,54,93,247,2,24.78
langues-apprentissage,Duolingo,дуолинго,54,66,247,1,54.00
langues-apprentissage,Duolingo,qwen,54,98,244,16,9.45
langues-apprentissage,Duolingo,dulingo app,54,,248,1,54.00
langues-apprentissage,Duolingo,fun,53,96,248,24,8.27
langues-apprentissage,Duolingo,learn spanish,53,97,248,1,53.00
langues-apprentissage,Duolingo,fr legends,53,77,210,193,5.32
langues-apprentissage,Duolingo,mango languages,53,92,248,2,24.32
langues-apprentissage,Duolingo,duolingo anglais,53,82,244,1,53.00
langues-apprentissage,Duolingo,duolingo language lessons,53,76,247,1,53.00
langues-apprentissage,Duolingo,knowunity,53,95,108,5,14.18
langues-apprentissage,Duolingo,pingo,53,98,248,5,14.18
langues-apprentissage,Duolingo,zigazoo,53,93,250,11,10.43
langues-apprentissage,Duolingo,language transfer:,53,96,247,3,18.47
langues-apprentissage,Duolingo,duolingo: language lessons,53,80,248,1,53.00
langues-apprentissage,Duolingo,3cx,52,80,101,55,6.65
langues-apprentissage,Duolingo,elsa speak,52,97,236,2,23.86
langues-apprentissage,Duolingo,duolingo gratis,52,88,248,1,52.00
langues-apprentissage,Duolingo,hello watt,52,78,30,19,8.65
langues-apprentissage,Duolingo,asl bloom,52,88,112,5,13.91
langues-apprentissage,Duolingo,i am monkey,52,87,246,213,5.14
langues-apprentissage,Duolingo,sign language,51,98,247,6,12.60
langues-apprentissage,Duolingo,payday loans,51,84,243,218,5.02
langues-apprentissage,Duolingo,多邻国,51,84,247,1,51.00
langues-apprentissage,Duolingo,ling,51,95,248,3,17.78
langues-apprentissage,Duolingo,teuida,51,72,82,4,15.19
langues-apprentissage,Duolingo,blooket,51,87,247,13,9.51
langues-apprentissage,Duolingo,toca boca jr,51,91,170,156,5.32
langues-apprentissage,Duolingo,sky: children of the light,51,75,236,211,5.05
langues-apprentissage,Duolingo,mango languages:,51,85,244,5,13.64
langues-apprentissage,Duolingo,clear tok,51,40,51,49,6.69
langues-apprentissage,Duolingo,education,50,93,248,5,13.38
langues-apprentissage,Duolingo,hippo,50,94,247,231,4.87
langues-apprentissage,Duolingo,spanish,50,97,248,1,50.00
langues-apprentissage,Duolingo,doulingo,50,88,247,1,50.00
langues-apprentissage,Duolingo,learning games,50,98,247,7,11.60
langues-apprentissage,Duolingo,du,50,95,249,7,11.60
langues-apprentissage,Duolingo,do,50,97,247,2,22.94
langues-apprentissage,Duolingo,lingodeer,50,92,248,2,22.94
langues-apprentissage,Duolingo,中国語,50,56,246,29,7.43
langues-apprentissage,Duolingo,lern app,50,92,248,1,50.00
langues-apprentissage,Duolingo,asl learning,50,79,247,6,12.35
langues-apprentissage,Duolingo,шахматы,50,68,247,18,8.45
langues-apprentissage,Duolingo,anki flashcards free,50,,248,240,4.84
langues-apprentissage,Duolingo,language,49,98,247,1,49.00
langues-apprentissage,Duolingo,learning,49,96,246,3,17.08
langues-apprentissage,Duolingo,italki,49,96,250,5,13.11
langues-apprentissage,Duolingo,bbc learning english,49,96,247,5,13.11
langues-apprentissage,Duolingo,linkedin learning,49,89,247,7,11.37
langues-apprentissage,Duolingo,oki,49,82,205,3,17.08
langues-apprentissage,Duolingo,百词斩,49,89,247,2,22.48
langues-apprentissage,Duolingo,smart quiz,49,100,250,4,14.59
langues-apprentissage,Duolingo,دولينجو,49,79,247,1,49.00
langues-apprentissage,Duolingo,smartyme,49,95,250,6,12.10
langues-apprentissage,Duolingo,simply,48,98,248,28,7.20
langues-apprentissage,Duolingo,不背单词,48,100,248,5,12.84
langues-apprentissage,Duolingo,lemon 8,48,84,120,97,5.47
langues-apprentissage,Duolingo,로톡,48,75,151,138,5.12
langues-apprentissage,Duolingo,дуалинго,48,61,145,1,48.00
langues-apprentissage,Duolingo,dualigo,48,87,247,1,48.00
langues-apprentissage,Duolingo,learna,48,98,248,3,16.73
langues-apprentissage,Duolingo,english,47,100,247,1,47.00
langues-apprentissage,Duolingo,duo lingo,47,87,248,1,47.00
langues-apprentissage,Duolingo,japanese,47,94,247,5,12.57
langues-apprentissage,Duolingo,korean,47,96,248,6,11.61
langues-apprentissage,Duolingo,pleco,47,65,108,8,10.36
langues-apprentissage,Duolingo,bradesco,47,,82,82,5.53
langues-apprentissage,Duolingo,lingq,47,91,242,2,21.57
langues-apprentissage,Duolingo,kinnu,47,80,74,71,5.70
langues-apprentissage,Duolingo,多领国,47,79,178,1,47.00
langues-apprentissage,Duolingo,langua,47,100,250,4,13.99
langues-apprentissage,Duolingo,chinese,46,78,248,13,8.58
langues-apprentissage,Duolingo,lingo kids,46,94,245,8,10.14
langues-apprentissage,Duolingo,английский язык,46,89,246,1,46.00
langues-apprentissage,Duolingo,stimuler,46,93,248,2,21.11
langues-apprentissage,Duolingo,lingopie,46,77,250,2,21.11
langues-apprentissage,Duolingo,renshuu,46,51,114,106,5.15
langues-apprentissage,Duolingo,телега,46,,94,81,5.43
langues-apprentissage,Duolingo,영단어,46,97,246,4,13.70
langues-apprentissage,Duolingo,hello chinese,45,86,249,4,13.40
langues-apprentissage,Duolingo,elsa,45,80,250,9,9.50
langues-apprentissage,Duolingo,每日英语听力,45,89,245,2,20.65
langues-apprentissage,Duolingo,istoria,45,92,112,2,20.65
langues-apprentissage,Duolingo,japan,44,71,249,24,6.87
langues-apprentissage,Duolingo,learn english,44,97,248,2,20.19
langues-apprentissage,Duolingo,dulingo,44,87,247,1,44.00
langues-apprentissage,Duolingo,dualingo,44,87,247,1,44.00
langues-apprentissage,Duolingo,dolingo,44,87,248,1,44.00
langues-apprentissage,Duolingo,ewa,44,97,249,2,20.19
langues-apprentissage,Duolingo,mondly,44,94,248,2,20.19
langues-apprentissage,Duolingo,aprender ingles gratis,44,95,248,1,44.00
langues-apprentissage,Duolingo,falou,44,94,248,2,20.19
langues-apprentissage,Duolingo,mova,44,98,136,130,4.74
langues-apprentissage,Duolingo,nibble,44,88,189,10,8.95
langues-apprentissage,Duolingo,english galaxy,44,92,248,2,20.19
langues-apprentissage,Duolingo,englisch lernen,43,92,247,9,9.08
langues-apprentissage,Duolingo,dw learn german,43,90,246,2,19.73
langues-apprentissage,Duolingo,英単語アプリ,43,44,244,99,4.88
langues-apprentissage,Duolingo,talkpal,43,95,249,3,14.99
langues-apprentissage,Duolingo,the ick,43,96,154,98,4.89
langues-apprentissage,Duolingo,cambly,42,94,128,3,14.64
langues-apprentissage,Duolingo,spanisch lernen,42,94,248,5,11.24
langues-apprentissage,Duolingo,sprachen lernen kostenlos,42,87,249,1,42.00
langues-apprentissage,Duolingo,beeline,42,59,233,210,4.16
langues-apprentissage,Duolingo,Lets Pop,42,,164,136,4.49
langues-apprentissage,Duolingo,cluade,42,94,247,196,4.21
langues-apprentissage,Duolingo,gemini flash,42,86,51,48,5.54
langues-apprentissage,Duolingo,learna gratis,42,91,250,2,19.27
langues-apprentissage,Duolingo,tinker,41,80,168,150,4.30
langues-apprentissage,Duolingo,cabuu,41,38,37,33,5.90
langues-apprentissage,Duolingo,英语,41,96,244,1,41.00
langues-apprentissage,Duolingo,duolingo sprachkurse,41,,250,1,41.00
langues-apprentissage,Duolingo,[toca boca jr],41,90,124,84,4.80
langues-apprentissage,Duolingo,redes sociales,40,98,250,72,4.83
langues-apprentissage,Duolingo,babble app,40,92,248,2,18.35
langues-apprentissage,Duolingo,duolingo spanish,40,91,248,1,40.00
langues-apprentissage,Duolingo,ixl learning,40,92,247,4,11.91
langues-apprentissage,Duolingo,dolingue,40,,248,1,40.00
langues-apprentissage,Duolingo,japanese learning,39,91,248,2,17.90
langues-apprentissage,Duolingo,bussu,39,79,247,2,17.90
langues-apprentissage,Duolingo,russisch lernen,39,95,250,10,7.93
langues-apprentissage,Duolingo,inglese,39,49,240,40,5.36
langues-apprentissage,Duolingo,air learn,39,88,249,2,17.90
langues-apprentissage,Duolingo,英語ゲーム,39,,226,16,6.82
langues-apprentissage,Duolingo,phone app,38,97,244,91,4.38
langues-apprentissage,Duolingo,english learning app free,38,94,248,1,38.00
langues-apprentissage,Duolingo,italienisch lernen kostenlos,38,91,248,6,9.39
langues-apprentissage,Duolingo,bsl,38,53,127,123,4.14
langues-apprentissage,Duolingo,ish,38,71,175,161,3.94
langues-apprentissage,Duolingo,英文法,38,55,240,85,4.44
langues-apprentissage,Duolingo,apprendre l’anglais,38,85,248,1,38.00
langues-apprentissage,Duolingo,duolingo language,37,76,247,1,37.00
langues-apprentissage,Duolingo,学習アプリ,37,88,250,15,6.60
langues-apprentissage,Duolingo,暗記アプリ,36,97,244,47,4.77
langues-apprentissage,Duolingo,言語学習,36,98,249,1,36.00
langues-apprentissage,Duolingo,辞書アプリ,36,35,229,122,3.92
langues-apprentissage,Duolingo,schach online,35,88,241,67,4.29
langues-apprentissage,Duolingo,opensky,35,78,207,197,3.50
langues-apprentissage,Duolingo,french learning for beginners,35,82,248,58,4.43
langues-apprentissage,Duolingo,babbel learn languages,34,78,228,3,11.85
langues-apprentissage,Duolingo,watpad,34,,247,198,3.40
langues-apprentissage,Duolingo,french learning app,34,87,248,1,34.00
langues-apprentissage,Duolingo,dup,34,97,240,2,15.60
langues-apprentissage,Duolingo,hello heart,34,79,228,213,3.36
langues-apprentissage,Duolingo,ewa learn english language,34,56,241,11,6.69
langues-apprentissage,Duolingo,learning languages,33,90,248,1,33.00
langues-apprentissage,Duolingo,lernapp,33,97,247,31,4.82
langues-apprentissage,Duolingo,busuu language learning app,33,92,238,5,8.83
langues-apprentissage,Duolingo,mygp,33,92,224,202,3.29
langues-apprentissage,Duolingo,alco,33,53,156,152,3.46
langues-apprentissage,Duolingo,教育,33,93,247,5,8.83
langues-apprentissage,Duolingo,言語,33,100,226,1,33.00
langues-apprentissage,Duolingo,aprender ingles,32,88,247,1,32.00
langues-apprentissage,Duolingo,ewa english,32,88,247,2,14.68
langues-apprentissage,Duolingo,aprender idiomas,32,91,248,1,32.00
langues-apprentissage,Duolingo,idiomas,32,90,222,1,32.00
langues-apprentissage,Duolingo,rocket loans,32,90,193,191,3.22
langues-apprentissage,Duolingo,언어,32,95,247,2,14.68
langues-apprentissage,Duolingo,sign language learning,32,95,246,5,8.56
langues-apprentissage,Duolingo,회화,32,75,249,148,3.37
langues-apprentissage,Duolingo,smarty me free,32,67,70,12,6.12
langues-apprentissage,Duolingo,duo lingo spanish,31,91,248,1,31.00
langues-apprentissage,Duolingo,ath,31,93,246,245,2.99
langues-apprentissage,Duolingo,free app,30,97,248,76,3.59
langues-apprentissage,Duolingo,english speaking,30,98,248,7,6.96
langues-apprentissage,Duolingo,learning games for adults,30,88,248,10,6.10
langues-apprentissage,Duolingo,free language learning apps,30,89,248,1,30.00
langues-apprentissage,Duolingo,lola,30,95,189,169,3.08
langues-apprentissage,Duolingo,master english,30,96,247,3,10.46
langues-apprentissage,Duolingo,rocked,30,45,27,26,4.59
langues-apprentissage,Duolingo,learn english free,29,90,247,2,13.31
langues-apprentissage,Duolingo,italienisch lernen,29,97,244,6,7.16
langues-apprentissage,Duolingo,日语,29,96,246,3,10.11
langues-apprentissage,Duolingo,스페인어,29,93,247,1,29.00
langues-apprentissage,Duolingo,learn spanish for beginners free,29,91,246,2,13.31
langues-apprentissage,Duolingo,portuguese,28,95,250,2,12.85
langues-apprentissage,Duolingo,englisch vokabeln lernen,28,40,243,14,5.10
langues-apprentissage,Duolingo,imparare lingue,28,90,248,1,28.00
langues-apprentissage,Duolingo,greek,27,93,247,2,12.39
langues-apprentissage,Duolingo,memrise free language learning,27,88,247,2,12.39
langues-apprentissage,Duolingo,educational games for adults,27,90,248,6,6.67
langues-apprentissage,Duolingo,apprendre japonais,27,67,240,71,3.27
langues-apprentissage,Duolingo,교육,27,53,245,82,3.18
langues-apprentissage,Duolingo,learn math,26,94,247,11,5.12
langues-apprentissage,Duolingo,apprendre,26,88,247,2,11.93
langues-apprentissage,Duolingo,bildung,26,54,221,164,2.69
langues-apprentissage,Duolingo,b1 deutsch,26,44,218,198,2.60
langues-apprentissage,Duolingo,外国語,26,91,245,1,26.00
langues-apprentissage,Duolingo,sprachen,25,49,241,15,4.46
langues-apprentissage,Duolingo,duolingo spanisch,25,82,247,1,25.00
langues-apprentissage,Duolingo,spanish flash cards,25,91,246,18,4.22
langues-apprentissage,Duolingo,deutsch lernen a1 a2 b1 b2 c1,25,40,243,42,3.40
langues-apprentissage,Duolingo,ree,25,100,244,240,2.42
langues-apprentissage,Duolingo,sign language learning app,25,,245,3,8.71
langues-apprentissage,Duolingo,공부 앱,25,,248,113,2.76
langues-apprentissage,Duolingo,free spanish learning for beginners,25,97,247,1,25.00
langues-apprentissage,Duolingo,application pour courir,24,,240,161,2.49
langues-apprentissage,Duolingo,español,23,90,249,4,6.85
langues-apprentissage,Duolingo,learning spanish,23,93,246,1,23.00
langues-apprentissage,Duolingo,spanish games,23,87,246,6,5.68
langues-apprentissage,Duolingo,hebrew,23,93,247,7,5.34
langues-apprentissage,Duolingo,germany,23,94,250,19,3.83
langues-apprentissage,Duolingo,apprendre une langue,23,97,249,1,23.00
langues-apprentissage,Duolingo,lingualeo,23,,250,2,10.55
langues-apprentissage,Duolingo,impara inglese,23,87,129,6,5.68
langues-apprentissage,Duolingo,japanese language learning,23,89,0,3,8.02
langues-apprentissage,Duolingo,clearnote,23,96,247,184,2.33
langues-apprentissage,Duolingo,ギターアプリ,22,46,181,49,2.89
langues-apprentissage,Duolingo,aprender,22,100,247,5,5.89
langues-apprentissage,Duolingo,ielts 単語,22,35,85,9,4.64
langues-apprentissage,Duolingo,taleek,22,,250,3,7.67
langues-apprentissage,Duolingo,learn japanese free,21,87,247,5,5.62
langues-apprentissage,Duolingo,japones,21,49,250,39,2.90
langues-apprentissage,Duolingo,lernzettel,21,96,223,92,2.42
langues-apprentissage,Duolingo,promova learn languages,21,85,250,2,9.64
langues-apprentissage,Duolingo,promova app,21,,249,3,7.32
langues-apprentissage,Duolingo,where to go,21,54,202,196,2.10
langues-apprentissage,Duolingo,スタディプランナー,20,79,127,9,4.22
langues-apprentissage,Duolingo,italki learn languages online,20,88,241,3,6.97
langues-apprentissage,Duolingo,학습,20,96,247,7,4.64
langues-apprentissage,Duolingo,on target,20,79,154,148,2.10
langues-apprentissage,Duolingo,learn korean free,19,85,248,6,4.69
langues-apprentissage,Duolingo,apprendre coreen,19,,247,24,2.97
langues-apprentissage,Duolingo,green book global,19,,177,19,3.16
langues-apprentissage,Duolingo,popular apps,18,96,242,78,2.14
langues-apprentissage,Duolingo,vocabulaire anglais,18,45,244,40,2.47
langues-apprentissage,Duolingo,gaelic,18,93,244,4,5.36
langues-apprentissage,Duolingo,kinder spiele ab 2,18,72,248,242,1.74
langues-apprentissage,Duolingo,法语助手,18,88,249,3,6.27
langues-apprentissage,Duolingo,cờ vua,18,,249,40,2.47
langues-apprentissage,Duolingo,学,18,92,236,2,8.26
langues-apprentissage,Duolingo,read along,18,94,246,102,2.03
langues-apprentissage,Duolingo,немецкий,17,95,248,4,5.06
langues-apprentissage,Duolingo,g1 test ontario,17,44,229,223,1.67
langues-apprentissage,Duolingo,dala,17,92,196,182,1.73
langues-apprentissage,Duolingo,homeschool good and beautiful,17,61,246,222,1.67
langues-apprentissage,Duolingo,linga,17,76,118,104,1.91
langues-apprentissage,Duolingo,tiếng nhật,17,49,250,13,3.17
langues-apprentissage,Duolingo,we heart it,16,86,114,92,1.84
langues-apprentissage,Duolingo,app iphone,16,96,243,90,1.85
langues-apprentissage,Duolingo,udemy online courses,16,44,245,245,1.54
langues-apprentissage,Duolingo,lengo,16,100,68,4,4.76
langues-apprentissage,Duolingo,10k a day,16,77,64,50,2.09
langues-apprentissage,Duolingo,englisch vokabeln lernen kostenlos,16,40,244,8,3.53
langues-apprentissage,Duolingo,bplay,16,100,136,133,1.72
langues-apprentissage,Duolingo,chatgpt español gratis,16,86,247,109,1.78
langues-apprentissage,Duolingo,learn languages free,15,87,248,1,15.00
langues-apprentissage,Duolingo,duolingo german,15,82,239,1,15.00
langues-apprentissage,Duolingo,juegos para aprender,15,93,247,5,4.01
langues-apprentissage,Duolingo,sprach,15,73,244,33,2.16
langues-apprentissage,Duolingo,沪江开心词场,15,48,219,219,1.48
langues-apprentissage,Duolingo,hablar,14,97,247,5,3.75
langues-apprentissage,Duolingo,choose app,14,97,242,89,1.62
langues-apprentissage,Duolingo,éducation,14,94,243,3,4.88
langues-apprentissage,Duolingo,fr legend,14,59,106,97,1.59
langues-apprentissage,Duolingo,언어학습,14,83,247,3,4.88
langues-apprentissage,Duolingo,spanish learning for beginners,13,95,247,3,4.53
langues-apprentissage,Duolingo,lern,13,75,213,1,13.00
langues-apprentissage,Duolingo,imparare francese,13,,250,6,3.21
langues-apprentissage,Duolingo,bright — english for beginners,13,85,247,23,2.05
langues-apprentissage,Duolingo,learn polish,13,100,243,3,4.53
langues-apprentissage,Duolingo,educacion,13,91,249,4,3.87
langues-apprentissage,Duolingo,kontakte löschen,13,86,233,212,1.29
langues-apprentissage,Duolingo,daka,13,,250,10,2.64
langues-apprentissage,Duolingo,암기장,13,98,246,197,1.30
langues-apprentissage,Duolingo,bold moves: match 3 word game!,13,71,10,8,2.86
langues-apprentissage,Duolingo,revyze,13,80,33,3,4.53
langues-apprentissage,Duolingo,dual lingo,12,97,244,1,12.00
langues-apprentissage,Duolingo,vocabeln,12,95,247,32,1.74
langues-apprentissage,Duolingo,aprender japones,12,86,249,5,3.21
langues-apprentissage,Duolingo,welsh,12,57,249,28,1.80
langues-apprentissage,Duolingo,more app,12,95,242,84,1.41
langues-apprentissage,Duolingo,duolingo ingles,12,74,246,1,12.00
langues-apprentissage,Duolingo,b1 english test,12,,246,168,1.23
langues-apprentissage,Duolingo,doa,12,91,246,2,5.51
langues-apprentissage,Duolingo,apprendre les langues,11,83,248,2,5.05
langues-apprentissage,Duolingo,do you lingo,11,97,245,1,11.00
langues-apprentissage,Duolingo,schneller lesen,11,40,199,35,1.56
langues-apprentissage,Duolingo,caboo,11,80,17,13,2.05
langues-apprentissage,Duolingo,i̇ngilizce öğren,11,86,249,1,11.00
langues-apprentissage,Duolingo,wattlad,10,96,246,205,0.99
langues-apprentissage,Duolingo,irish,10,58,247,29,1.49
langues-apprentissage,Duolingo,aprender español gratis,10,42,247,18,1.69
langues-apprentissage,Duolingo,révise,10,96,245,242,0.97
langues-apprentissage,Duolingo,urdu learning,10,,230,9,2.11
langues-apprentissage,Duolingo,gork3,10,92,217,203,1.00
langues-apprentissage,Duolingo,learn chinese,9,96,247,2,4.13
langues-apprentissage,Duolingo,learning english,9,96,247,1,9.00
langues-apprentissage,Duolingo,duolingo english,9,80,247,1,9.00
langues-apprentissage,Duolingo,learn japanese,9,93,248,1,9.00
langues-apprentissage,Duolingo,fluentu,9,92,250,3,3.14
langues-apprentissage,Duolingo,learn spanish free,9,90,247,2,4.13
langues-apprentissage,Duolingo,learn german,9,100,245,3,3.14
langues-apprentissage,Duolingo,russian,9,93,247,5,2.41
langues-apprentissage,Duolingo,quizzlet,9,87,247,16,1.57
langues-apprentissage,Duolingo,dio,9,92,249,3,3.14
langues-apprentissage,Duolingo,babble,9,93,247,2,4.13
langues-apprentissage,Duolingo,language learning free,9,87,248,2,4.13
langues-apprentissage,Duolingo,owl,9,98,249,7,2.09
langues-apprentissage,Duolingo,english grammar,9,57,246,124,0.98
langues-apprentissage,Duolingo,english vocabulary,9,87,246,23,1.42
langues-apprentissage,Duolingo,learn english grammar,9,91,244,6,2.22
langues-apprentissage,Duolingo,tagalog,9,95,249,6,2.22
langues-apprentissage,Duolingo,learn vietnamese,9,93,247,3,3.14
langues-apprentissage,Duolingo,learn russian,9,95,242,4,2.68
langues-apprentissage,Duolingo,learn dutch,9,89,240,2,4.13
langues-apprentissage,Duolingo,aprende ingles,9,94,247,1,9.00
langues-apprentissage,Duolingo,papumba,9,42,41,40,1.24
langues-apprentissage,Duolingo,wlingua,9,97,247,7,2.09
langues-apprentissage,Duolingo,spanisch vokabeltrainer,9,40,249,52,1.17
langues-apprentissage,Duolingo,lingo deer,9,84,249,2,4.13
langues-apprentissage,Duolingo,chess kids,9,,203,7,2.09
langues-apprentissage,Duolingo,lesen lernen,9,47,225,43,1.22
langues-apprentissage,Duolingo,learn thai,9,95,242,6,2.22
langues-apprentissage,Duolingo,ringo,9,81,117,110,1.00
langues-apprentissage,Duolingo,anton,9,92,250,2,4.13
langues-apprentissage,Duolingo,open english,9,87,250,3,3.14
langues-apprentissage,Duolingo,lingvist,9,90,248,4,2.68
langues-apprentissage,Duolingo,duolongo,9,88,247,1,9.00
langues-apprentissage,Duolingo,法语,9,96,247,3,3.14
langues-apprentissage,Duolingo,all app,9,97,243,92,1.04
langues-apprentissage,Duolingo,english score,9,84,250,2,4.13
langues-apprentissage,Duolingo,jaccent,9,36,31,30,1.33
langues-apprentissage,Duolingo,conjugato,9,54,171,163,0.93
langues-apprentissage,Duolingo,utalk,9,,244,5,2.41
langues-apprentissage,Duolingo,wordup,9,100,244,4,2.68
langues-apprentissage,Duolingo,tiktok kids,9,83,201,161,0.93
langues-apprentissage,Duolingo,learn turkish,9,92,245,3,3.14
langues-apprentissage,Duolingo,like to know,9,,67,35,1.28
langues-apprentissage,Duolingo,limba,9,69,217,216,0.89
langues-apprentissage,Duolingo,duo abc,9,82,245,4,2.68
langues-apprentissage,Duolingo,aprender inglés,9,92,246,1,9.00
langues-apprentissage,Duolingo,wever,9,94,46,41,1.23
langues-apprentissage,Duolingo,practica,9,92,246,39,1.24
langues-apprentissage,Duolingo,idioma,9,94,234,1,9.00
langues-apprentissage,Duolingo,learn welsh,9,,222,3,3.14
langues-apprentissage,Duolingo,dou lingo,9,88,246,1,9.00
langues-apprentissage,Duolingo,ling app,9,,249,3,3.14
langues-apprentissage,Duolingo,lingvano,9,98,249,3,3.14
langues-apprentissage,Duolingo,lingo app,9,90,248,2,4.13
langues-apprentissage,Duolingo,ewa english language learning,9,85,248,3,3.14
langues-apprentissage,Duolingo,learn arabic for beginners,9,,250,3,3.14
langues-apprentissage,Duolingo,nerdish,9,79,52,51,1.17
langues-apprentissage,Duolingo,lingo legend,9,89,248,3,3.14
langues-apprentissage,Duolingo,duolingo math,9,85,244,1,9.00
langues-apprentissage,Duolingo,duocards,9,91,250,2,4.13
langues-apprentissage,Duolingo,home gpt,9,96,226,218,0.89
langues-apprentissage,Duolingo,practika,9,93,249,2,4.13
langues-apprentissage,Duolingo,language reactor,9,91,246,8,1.98
langues-apprentissage,Duolingo,maru,9,89,123,5,2.41
langues-apprentissage,Duolingo,topia,9,100,166,94,1.03
langues-apprentissage,Duolingo,nova score,9,47,179,160,0.93
langues-apprentissage,Duolingo,playlingo,9,88,250,4,2.68
langues-apprentissage,Duolingo,epop,9,,80,3,3.14
langues-apprentissage,Duolingo,ki lernen,9,95,173,62,1.12
langues-apprentissage,Duolingo,lingo ai,9,89,250,8,1.98
langues-apprentissage,Duolingo,let them in,9,,58,5,2.41
langues-apprentissage,Duolingo,linguee,8,89,250,3,2.79
langues-apprentissage,Duolingo,german,8,93,250,3,2.79
langues-apprentissage,Duolingo,duo push,8,93,221,219,0.79
langues-apprentissage,Duolingo,busu,8,88,247,2,3.67
langues-apprentissage,Duolingo,como aprender ingles,8,98,247,1,8.00
langues-apprentissage,Duolingo,google maps offline,8,,208,203,0.80
langues-apprentissage,Duolingo,arabic learning,8,96,248,3,2.79
langues-apprentissage,Duolingo,educational games,8,95,248,13,1.49
langues-apprentissage,Duolingo,dw,8,89,213,205,0.80
langues-apprentissage,Duolingo,learn sign language,8,93,247,3,2.79
langues-apprentissage,Duolingo,english speaking practice,8,96,247,6,1.98
langues-apprentissage,Duolingo,learn italian free,8,97,246,3,2.79
langues-apprentissage,Duolingo,duolingo kids,8,95,247,2,3.67
langues-apprentissage,Duolingo,duolingo japanese,8,81,247,1,8.00
langues-apprentissage,Duolingo,aprende idiomas,8,92,246,1,8.00
langues-apprentissage,Duolingo,jw language,8,76,245,2,3.67
langues-apprentissage,Duolingo,seedlang,8,52,212,208,0.79
langues-apprentissage,Duolingo,magic chess,8,,207,189,0.81
langues-apprentissage,Duolingo,pleco chinese dictionary,8,,198,16,1.40
langues-apprentissage,Duolingo,mydlink,8,30,78,76,0.96
langues-apprentissage,Duolingo,scacchi,8,84,198,193,0.80
langues-apprentissage,Duolingo,corsi,8,49,236,205,0.80
langues-apprentissage,Duolingo,duolingi,8,,248,1,8.00
langues-apprentissage,Duolingo,duolingo abc,8,97,248,2,3.67
langues-apprentissage,Duolingo,juegos ingles,8,86,244,7,1.86
langues-apprentissage,Duolingo,aprende ingles gratis,8,94,248,1,8.00
langues-apprentissage,Duolingo,sprachenlernen,8,84,247,2,3.67
langues-apprentissage,Duolingo,듀오링고,8,,248,1,8.00
langues-apprentissage,Duolingo,superchinese,8,,248,129,0.86
langues-apprentissage,Duolingo,speakly,8,100,249,5,2.14
langues-apprentissage,Duolingo,gaga,8,64,171,168,0.82
langues-apprentissage,Duolingo,know unity,8,94,120,5,2.14
langues-apprentissage,Duolingo,dupe,8,94,233,208,0.79
langues-apprentissage,Duolingo,1999,8,57,75,15,1.43
langues-apprentissage,Duolingo,darija,8,54,130,127,0.87
langues-apprentissage,Duolingo,ai language tutor,8,95,248,6,1.98
langues-apprentissage,Duolingo,italki language learning,8,88,243,4,2.38
langues-apprentissage,Duolingo,mubr,8,66,50,50,1.04
langues-apprentissage,Duolingo,blarma,8,79,28,5,2.14
langues-apprentissage,Duolingo,ingo,8,75,151,121,0.87
langues-apprentissage,Duolingo,oxford reading university,8,,204,169,0.82
langues-apprentissage,Duolingo,duolingo chess,8,96,248,1,8.00
langues-apprentissage,Duolingo,ingles ia,8,94,250,130,0.86
langues-apprentissage,Duolingo,caude,8,94,246,182,0.81
langues-apprentissage,Duolingo,talk pal,8,90,239,5,2.14
langues-apprentissage,Duolingo,capwords,8,80,112,2,3.67
langues-apprentissage,Duolingo,poly is,8,97,172,157,0.83
langues-apprentissage,Duolingo,gogle gemini,8,97,246,116,0.88
langues-apprentissage,Duolingo,amazon quick,8,98,205,202,0.80
langues-apprentissage,Duolingo,todaii japanese,8,,250,185,0.81
langues-apprentissage,Duolingo,iphone apps,7,97,242,91,0.81
langues-apprentissage,Duolingo,learn french,7,96,248,2,3.21
langues-apprentissage,Duolingo,learn,7,96,248,4,2.08
langues-apprentissage,Duolingo,learn latin,7,92,246,3,2.44
langues-apprentissage,Duolingo,english game,7,91,246,7,1.62
langues-apprentissage,Duolingo,tendem,7,,248,16,1.22
langues-apprentissage,Duolingo,langue,7,92,248,1,7.00
langues-apprentissage,Duolingo,cours de langue,7,89,248,2,3.21
langues-apprentissage,Duolingo,english learning,7,96,246,1,7.00
langues-apprentissage,Duolingo,lingua,7,100,248,2,3.21
langues-apprentissage,Duolingo,anglais,7,92,247,1,7.00
langues-apprentissage,Duolingo,italiano,7,88,248,6,1.73
langues-apprentissage,Duolingo,learn french free,7,91,248,3,2.44
langues-apprentissage,Duolingo,vokabelheft,7,44,248,48,0.92
langues-apprentissage,Duolingo,aprender idiomas gratis,7,88,248,1,7.00
langues-apprentissage,Duolingo,inglés,7,93,241,1,7.00
langues-apprentissage,Duolingo,latin,7,57,245,24,1.09
langues-apprentissage,Duolingo,vietnamese,7,95,186,5,1.87
langues-apprentissage,Duolingo,aprender coreano,7,49,248,12,1.34
langues-apprentissage,Duolingo,russian language,7,100,246,3,2.44
langues-apprentissage,Duolingo,coreano,7,87,244,4,2.08
langues-apprentissage,Duolingo,let me talk,7,37,165,150,0.73
langues-apprentissage,Duolingo,apprendre anglais,7,88,247,1,7.00
langues-apprentissage,Duolingo,home exchange,7,,230,74,0.84
langues-apprentissage,Duolingo,giochi di matematica,7,43,244,153,0.73
langues-apprentissage,Duolingo,lingbe,7,68,67,67,0.86
langues-apprentissage,Duolingo,cake english,7,89,248,3,2.44
langues-apprentissage,Duolingo,duolingo learn english,7,87,245,1,7.00
langues-apprentissage,Duolingo,funeasylearn,7,92,250,2,3.21
langues-apprentissage,Duolingo,dus,7,97,176,151,0.73
langues-apprentissage,Duolingo,apprendre turc,7,40,243,22,1.12
langues-apprentissage,Duolingo,room gpt,7,96,241,230,0.68
langues-apprentissage,Duolingo,todaii,7,37,138,138,0.75
langues-apprentissage,Duolingo,praktika ai,7,97,250,5,1.87
langues-apprentissage,Duolingo,we rise,7,,48,15,1.25
langues-apprentissage,Duolingo,ai 영어,7,96,247,127,0.76
langues-apprentissage,Duolingo,lyric fluent,7,86,249,2,3.21
langues-apprentissage,Duolingo,head on,7,97,197,190,0.71
langues-apprentissage,Duolingo,melonds,7,,199,158,0.73
langues-apprentissage,Duolingo,school apps,6,95,244,19,1.00
langues-apprentissage,Duolingo,learning apps,6,94,248,4,1.79
langues-apprentissage,Duolingo,learn german free,6,90,247,4,1.79
langues-apprentissage,Duolingo,korean learning,6,89,248,4,1.79
langues-apprentissage,Duolingo,kahot,6,84,248,76,0.72
langues-apprentissage,Duolingo,sprache,6,92,243,2,2.75
langues-apprentissage,Duolingo,cours anglais gratuit,6,66,248,2,2.75
langues-apprentissage,Duolingo,watpadd,6,96,246,171,0.62
langues-apprentissage,Duolingo,learn asl,6,95,249,4,1.79
langues-apprentissage,Duolingo,duolinguo,6,87,247,1,6.00
langues-apprentissage,Duolingo,clozemaster,6,89,51,2,2.75
langues-apprentissage,Duolingo,deutsch lernen,6,49,248,109,0.67
langues-apprentissage,Duolingo,hello english,6,93,247,2,2.75
langues-apprentissage,Duolingo,juegos para aprender inglés,6,81,247,1,6.00
langues-apprentissage,Duolingo,учить английский,6,86,248,1,6.00
langues-apprentissage,Duolingo,koreanisch lernen,6,86,250,13,1.12
langues-apprentissage,Duolingo,испанский язык,6,92,248,3,2.09
langues-apprentissage,Duolingo,apprendre le français,6,44,249,26,0.92
langues-apprentissage,Duolingo,simpler,6,97,218,2,2.75
langues-apprentissage,Duolingo,imparare inglese,6,91,98,2,2.75
langues-apprentissage,Duolingo,bilingual,6,100,248,1,6.00
langues-apprentissage,Duolingo,langmate,6,58,250,13,1.12
langues-apprentissage,Duolingo,spanishdict,6,85,245,4,1.79
langues-apprentissage,Duolingo,thai language,6,94,245,6,1.48
langues-apprentissage,Duolingo,hellotalk language learning,6,87,246,4,1.79
langues-apprentissage,Duolingo,learn irish,6,98,248,3,2.09
langues-apprentissage,Duolingo,voscreen,6,86,250,2,2.75
langues-apprentissage,Duolingo,learn hindi,6,91,241,4,1.79
langues-apprentissage,Duolingo,glossika,6,,42,40,0.82
langues-apprentissage,Duolingo,almanca,6,91,250,1,6.00
langues-apprentissage,Duolingo,free english learning app,6,90,248,4,1.79
langues-apprentissage,Duolingo,немецкий с нуля,6,40,250,20,0.98
langues-apprentissage,Duolingo,hilokal,6,,69,67,0.74
langues-apprentissage,Duolingo,kout,6,,147,134,0.64
langues-apprentissage,Duolingo,umi,6,,173,105,0.67
langues-apprentissage,Duolingo,chat với người lạ,6,69,114,113,0.66
langues-apprentissage,Duolingo,knounity,6,,105,5,1.61
langues-apprentissage,Duolingo,speak english with loora ai,6,95,250,4,1.79
langues-apprentissage,Duolingo,duolingo english test,6,88,244,2,2.75
langues-apprentissage,Duolingo,beespeaker,6,87,248,3,2.09
langues-apprentissage,Duolingo,английский язык с нуля,6,87,250,1,6.00
langues-apprentissage,Duolingo,natulang,6,,195,172,0.61
langues-apprentissage,Duolingo,ailearn,6,67,250,193,0.60
langues-apprentissage,Duolingo,lerna,6,97,244,2,2.75
langues-apprentissage,Duolingo,educational,5,95,247,4,1.49
langues-apprentissage,Duolingo,entertaiment,5,92,250,16,0.87
langues-apprentissage,Duolingo,climendo,5,77,54,23,0.79
langues-apprentissage,Duolingo,learning music notes,5,60,235,122,0.55
langues-apprentissage,Duolingo,fun apps,5,97,241,17,0.86
langues-apprentissage,Duolingo,german language learning,5,91,247,2,2.29
langues-apprentissage,Duolingo,funny apps,5,96,242,20,0.82
langues-apprentissage,Duolingo,reflex math,5,78,248,25,0.77
langues-apprentissage,Duolingo,awsome games,5,95,234,19,0.83
langues-apprentissage,Duolingo,dou,5,,217,3,1.74
langues-apprentissage,Duolingo,snapchat kids,5,,175,52,0.65
langues-apprentissage,Duolingo,snapchat plus,5,96,194,121,0.55
langues-apprentissage,Duolingo,duopush,5,,221,218,0.49
langues-apprentissage,Duolingo,duolingo free,5,81,247,1,5.00
langues-apprentissage,Duolingo,how to speak spanish,5,98,246,1,5.00
langues-apprentissage,Duolingo,duolingo french,5,90,248,1,5.00
langues-apprentissage,Duolingo,learn portuguese,5,95,246,2,2.29
langues-apprentissage,Duolingo,spanish lessons,5,91,246,1,5.00
langues-apprentissage,Duolingo,learn a new language,5,94,248,1,5.00
langues-apprentissage,Duolingo,duolingo italian,5,82,247,1,5.00
langues-apprentissage,Duolingo,recent,5,94,242,97,0.57
langues-apprentissage,Duolingo,kahn academy,5,92,248,3,1.74
langues-apprentissage,Duolingo,khanacademy,5,92,246,7,1.16
langues-apprentissage,Duolingo,free language apps,5,83,247,1,5.00
langues-apprentissage,Duolingo,wuizlet,5,82,224,13,0.93
langues-apprentissage,Duolingo,y disc,5,,211,180,0.51
langues-apprentissage,Duolingo,foreign language,5,95,246,2,2.29
langues-apprentissage,Duolingo,language apps,5,92,248,1,5.00
langues-apprentissage,Duolingo,learn hebrew,5,91,244,4,1.49
langues-apprentissage,Duolingo,languages,5,96,247,1,5.00
langues-apprentissage,Duolingo,language app,5,83,248,1,5.00
langues-apprentissage,Duolingo,medical spanish,5,92,243,4,1.49
langues-apprentissage,Duolingo,spanish apps,5,95,246,1,5.00
langues-apprentissage,Duolingo,learn different languages,5,88,248,1,5.00
langues-apprentissage,Duolingo,spanish learning app free,5,91,247,4,1.49
langues-apprentissage,Duolingo,learning english free,5,98,247,3,1.74
langues-apprentissage,Duolingo,spanish learning,5,94,247,1,5.00
langues-apprentissage,Duolingo,korean dictionary,5,33,185,45,0.67
langues-apprentissage,Duolingo,conversation exchange,5,68,250,13,0.93
langues-apprentissage,Duolingo,language chat,5,78,247,12,0.96
langues-apprentissage,Duolingo,momo english,5,,227,3,1.74
langues-apprentissage,Duolingo,pop camera,5,,163,90,0.58
langues-apprentissage,Duolingo,red tube,5,,195,183,0.51
langues-apprentissage,Duolingo,memrize,5,,205,2,2.29
langues-apprentissage,Duolingo,learn tagalog,5,94,246,4,1.49
langues-apprentissage,Duolingo,app para aprender ingles,5,92,248,1,5.00
langues-apprentissage,Duolingo,fun english,5,77,246,156,0.52
langues-apprentissage,Duolingo,kids language,5,83,247,4,1.49
langues-apprentissage,Duolingo,ligokids,5,,248,8,1.10
langues-apprentissage,Duolingo,ingles para niños,5,95,249,9,1.06
langues-apprentissage,Duolingo,curso de ingles,5,84,248,2,2.29
langues-apprentissage,Duolingo,learn english vocabulary,5,97,245,6,1.24
langues-apprentissage,Duolingo,teach english,5,97,246,4,1.49
langues-apprentissage,Duolingo,english learn,5,92,246,1,5.00
langues-apprentissage,Duolingo,study english,5,90,248,1,5.00
langues-apprentissage,Duolingo,english word,5,70,245,230,0.49
langues-apprentissage,Duolingo,english class,5,95,244,1,5.00
langues-apprentissage,Duolingo,cool app,5,96,238,17,0.86
langues-apprentissage,Duolingo,notes math,5,,197,52,0.65
langues-apprentissage,Duolingo,language learning app,5,96,248,1,5.00
langues-apprentissage,Duolingo,free language learning,5,88,248,1,5.00
langues-apprentissage,Duolingo,voice dating,5,79,195,129,0.54
langues-apprentissage,Duolingo,you can perfect,5,,139,122,0.55
langues-apprentissage,Duolingo,newgames,5,96,243,51,0.65
langues-apprentissage,Duolingo,clear day,5,48,178,163,0.52
langues-apprentissage,Duolingo,kahhot,5,92,248,81,0.59
langues-apprentissage,Duolingo,brainpop,5,62,247,147,0.53
langues-apprentissage,Duolingo,ixl com,5,71,55,27,0.76
langues-apprentissage,Duolingo,free iphone apps,5,97,248,89,0.58
langues-apprentissage,Duolingo,apps for free,5,97,248,87,0.58
langues-apprentissage,Duolingo,kahn,5,,200,4,1.49
langues-apprentissage,Duolingo,free learning games,5,80,247,64,0.62
langues-apprentissage,Duolingo,educational apps,5,95,248,6,1.24
langues-apprentissage,Duolingo,école,5,43,236,211,0.49
langues-apprentissage,Duolingo,ecole,5,50,184,130,0.54
langues-apprentissage,Duolingo,quizet,5,88,248,15,0.89
langues-apprentissage,Duolingo,rosetta,5,97,234,20,0.82
langues-apprentissage,Duolingo,fun spanish,5,87,248,8,1.10
langues-apprentissage,Duolingo,spanish kids,5,95,204,3,1.74
langues-apprentissage,Duolingo,i phone apps,5,97,243,90,0.58
langues-apprentissage,Duolingo,langauge,5,91,248,1,5.00
langues-apprentissage,Duolingo,learn a language,5,94,248,1,5.00
langues-apprentissage,Duolingo,beelinguapp,5,92,250,2,2.29
langues-apprentissage,Duolingo,beelinguapp language learning,5,85,246,5,1.34
langues-apprentissage,Duolingo,apprendre langues,5,92,250,4,1.49
langues-apprentissage,Duolingo,learn spanish kids,5,84,247,4,1.49
langues-apprentissage,Duolingo,watt pad,5,96,246,208,0.50
langues-apprentissage,Duolingo,learning a language,5,91,248,1,5.00
langues-apprentissage,Duolingo,spanish app,5,90,245,1,5.00
langues-apprentissage,Duolingo,learning app,5,96,248,3,1.74
langues-apprentissage,Duolingo,edicational games,5,94,248,13,0.93
langues-apprentissage,Duolingo,qwe,5,65,41,35,0.71
langues-apprentissage,Duolingo,french app,5,93,246,2,2.29
langues-apprentissage,Duolingo,german learn,5,91,239,5,1.34
langues-apprentissage,Duolingo,snap math,5,79,196,148,0.53
langues-apprentissage,Duolingo,instaread,5,79,39,39,0.69
langues-apprentissage,Duolingo,instareads,5,76,39,39,0.69
langues-apprentissage,Duolingo,teaching,5,100,249,11,0.98
langues-apprentissage,Duolingo,learning language,5,94,248,1,5.00
langues-apprentissage,Duolingo,french language,5,93,247,2,2.29
langues-apprentissage,Duolingo,drops language learning,5,83,239,3,1.74
langues-apprentissage,Duolingo,get a loan,5,84,161,157,0.52
langues-apprentissage,Duolingo,lesson,5,100,225,2,2.29
langues-apprentissage,Duolingo,vocabeltrainer,5,51,216,21,0.81
langues-apprentissage,Duolingo,spanisch grammatik,5,40,246,14,0.91
langues-apprentissage,Duolingo,innovative language 101,5,82,247,2,2.29
langues-apprentissage,Duolingo,espagnol,5,84,246,2,2.29
langues-apprentissage,Duolingo,spanish learning app for kids,5,,235,2,2.29
langues-apprentissage,Duolingo,kids learn spanish,5,96,207,4,1.49
langues-apprentissage,Duolingo,free learn spanish,5,91,246,2,2.29
langues-apprentissage,Duolingo,free spanish,5,90,246,2,2.29
langues-apprentissage,Duolingo,kids spanish,5,95,246,2,2.29
langues-apprentissage,Duolingo,free spanish app,5,88,248,2,2.29
langues-apprentissage,Duolingo,study spanish,5,89,248,4,1.49
langues-apprentissage,Duolingo,spanish practice,5,92,246,4,1.49
langues-apprentissage,Duolingo,learn spanish game,5,96,247,5,1.34
langues-apprentissage,Duolingo,learn spanish app,5,96,247,1,5.00
langues-apprentissage,Duolingo,learning french,5,95,248,2,2.29
langues-apprentissage,Duolingo,spanish language app,5,89,240,2,2.29
langues-apprentissage,Duolingo,spanish language,5,92,244,1,5.00
langues-apprentissage,Duolingo,ttik,5,46,170,170,0.51
langues-apprentissage,Duolingo,speech box,5,31,34,22,0.80
langues-apprentissage,Duolingo,coréen,5,,218,119,0.55
langues-apprentissage,Duolingo,learning japanese,5,90,248,3,1.74
langues-apprentissage,Duolingo,learning korean,5,57,248,16,0.87
langues-apprentissage,Duolingo,french apps,5,82,248,3,1.74
langues-apprentissage,Duolingo,italian dictionary,5,66,198,72,0.60
langues-apprentissage,Duolingo,babbel italian,5,97,244,3,1.74
langues-apprentissage,Duolingo,apprendre l'espagnol,5,45,240,15,0.89
langues-apprentissage,Duolingo,tinycards,5,74,204,122,0.55
langues-apprentissage,Duolingo,learning german,5,89,247,4,1.49
langues-apprentissage,Duolingo,afterschool,5,78,242,139,0.53
langues-apprentissage,Duolingo,math lessons,5,92,246,12,0.96
langues-apprentissage,Duolingo,free language,5,82,248,2,2.29
langues-apprentissage,Duolingo,free spanish learning app,5,90,247,3,1.74
langues-apprentissage,Duolingo,coffee break spanish,5,82,241,4,1.49
langues-apprentissage,Duolingo,free talk,5,,243,95,0.57
langues-apprentissage,Duolingo,math and science tutor,5,,214,104,0.56
langues-apprentissage,Duolingo,englis,5,96,246,1,5.00
langues-apprentissage,Duolingo,bengali,5,60,247,13,0.93
langues-apprentissage,Duolingo,duolingo portuguese,5,82,247,1,5.00
langues-apprentissage,Duolingo,aprender portugues,5,68,249,2,2.29
langues-apprentissage,Duolingo,learning portuguese,5,85,244,2,2.29
langues-apprentissage,Duolingo,learn japanese game,5,69,233,18,0.84
langues-apprentissage,Duolingo,ja sensei,5,72,247,24,0.78
langues-apprentissage,Duolingo,apprendre l'anglais enfant,5,40,209,17,0.86
langues-apprentissage,Duolingo,french learn,5,100,242,45,0.67
langues-apprentissage,Duolingo,arabe,5,40,236,11,0.98
langues-apprentissage,Duolingo,duoling,5,89,246,1,5.00
langues-apprentissage,Duolingo,iplay tube video music play,5,,204,95,0.57
langues-apprentissage,Duolingo,learn bengali,5,,228,5,1.34
langues-apprentissage,Duolingo,learn mandarin,5,84,244,6,1.24
langues-apprentissage,Duolingo,learning mandarin,5,,242,7,1.16
langues-apprentissage,Duolingo,chinese language,5,77,245,6,1.24
langues-apprentissage,Duolingo,hellochinese,5,,250,5,1.34
langues-apprentissage,Duolingo,apprendre le mandarin,5,44,195,9,1.06
langues-apprentissage,Duolingo,learning chinese,5,87,239,2,2.29
langues-apprentissage,Duolingo,how to learn english,5,90,247,1,5.00
langues-apprentissage,Duolingo,anglais gratuit,5,87,248,2,2.29
langues-apprentissage,Duolingo,englisch vokabeln,5,44,243,34,0.71
langues-apprentissage,Duolingo,learn to speak french,5,100,245,2,2.29
langues-apprentissage,Duolingo,educational app,5,91,248,6,1.24
langues-apprentissage,Duolingo,klearn,5,77,248,4,1.49
langues-apprentissage,Duolingo,learn english kids,5,82,248,6,1.24
langues-apprentissage,Duolingo,clear todos,5,54,109,74,0.60
langues-apprentissage,Duolingo,khan academy math,5,,206,68,0.61
langues-apprentissage,Duolingo,guitar note,5,88,248,6,1.24
langues-apprentissage,Duolingo,phone apps,5,96,245,90,0.58
langues-apprentissage,Duolingo,all free apps,5,97,248,87,0.58
langues-apprentissage,Duolingo,free language app,5,85,247,1,5.00
langues-apprentissage,Duolingo,englich lernen,5,82,248,6,1.24
langues-apprentissage,Duolingo,learn spanish for kids,5,80,248,5,1.34
langues-apprentissage,Duolingo,aprende inglés gratis,5,97,246,1,5.00
langues-apprentissage,Duolingo,perfect world,5,29,191,189,0.50
langues-apprentissage,Duolingo,japenese,5,84,247,5,1.34
langues-apprentissage,Duolingo,lingodeer learn languages,5,85,247,6,1.24
langues-apprentissage,Duolingo,english to arabic,5,63,226,220,0.49
langues-apprentissage,Duolingo,aprender inglés gratis,5,86,247,1,5.00
langues-apprentissage,Duolingo,turc,5,41,169,16,0.87
langues-apprentissage,Duolingo,hebreu,5,41,157,57,0.63
langues-apprentissage,Duolingo,with music,5,,231,169,0.51
langues-apprentissage,Duolingo,piano lessons for beginners,5,76,208,198,0.50
langues-apprentissage,Duolingo,5 star app,5,97,245,160,0.52
langues-apprentissage,Duolingo,french learning apps,5,91,248,2,2.29
langues-apprentissage,Duolingo,english speaking app,5,92,248,2,2.29
langues-apprentissage,Duolingo,learn spanish games,5,80,235,4,1.49
langues-apprentissage,Duolingo,hindi,5,88,248,4,1.49
langues-apprentissage,Duolingo,italian learning app,5,93,246,2,2.29
langues-apprentissage,Duolingo,guitar songs for beginners,5,,47,31,0.73
langues-apprentissage,Duolingo,sign language games,5,,242,193,0.50
langues-apprentissage,Duolingo,breaking bad,5,92,219,217,0.49
langues-apprentissage,Duolingo,mojo stories,5,93,224,209,0.50
langues-apprentissage,Duolingo,piano teacher app,5,73,200,117,0.55
langues-apprentissage,Duolingo,spanish games for kids,5,87,247,26,0.76
langues-apprentissage,Duolingo,duolingo for kids,5,77,246,2,2.29
langues-apprentissage,Duolingo,ios app,5,94,242,87,0.58
langues-apprentissage,Duolingo,bright english for beginners,5,40,248,33,0.72
langues-apprentissage,Duolingo,search app,5,90,243,88,0.58
langues-apprentissage,Duolingo,course hero homework help,5,44,227,196,0.50
langues-apprentissage,Duolingo,chinois,5,,250,131,0.54
langues-apprentissage,Duolingo,алгебра,5,95,234,229,0.49
langues-apprentissage,Duolingo,уроки,5,88,250,1,5.00
langues-apprentissage,Duolingo,mobile app,5,95,243,95,0.57
langues-apprentissage,Duolingo,medical english,5,75,186,12,0.96
langues-apprentissage,Duolingo,ひまトーク,5,40,200,160,0.52
langues-apprentissage,Duolingo,portugiesisch lernen,5,79,215,11,0.98
langues-apprentissage,Duolingo,французский,5,86,247,4,1.49
langues-apprentissage,Duolingo,испанский,5,94,249,6,1.24
langues-apprentissage,Duolingo,spanisch lernen kostenlos,5,96,205,6,1.24
langues-apprentissage,Duolingo,японский,5,,204,4,1.49
langues-apprentissage,Duolingo,итальянский,5,,174,2,2.29
langues-apprentissage,Duolingo,learn greek,5,92,242,3,1.74
langues-apprentissage,Duolingo,inglés gratis,5,86,248,2,2.29
langues-apprentissage,Duolingo,немецкий язык,5,90,227,4,1.49
langues-apprentissage,Duolingo,japonés,5,84,225,6,1.24
langues-apprentissage,Duolingo,иврит,5,42,145,128,0.54
langues-apprentissage,Duolingo,язык,5,84,248,1,5.00
langues-apprentissage,Duolingo,spanish word games,5,,208,14,0.91
langues-apprentissage,Duolingo,francés,5,85,236,1,5.00
langues-apprentissage,Duolingo,speak arabic,5,93,216,8,1.10
langues-apprentissage,Duolingo,lesson notes,5,,220,19,0.83
langues-apprentissage,Duolingo,download apps,5,96,242,93,0.57
langues-apprentissage,Duolingo,learn american english,5,91,239,11,0.98
langues-apprentissage,Duolingo,apprendre le portugais,5,40,246,59,0.63
langues-apprentissage,Duolingo,duolingo app,5,81,248,1,5.00
langues-apprentissage,Duolingo,sign language for kids,5,95,209,5,1.34
langues-apprentissage,Duolingo,english learning app for kids,5,,244,5,1.34
langues-apprentissage,Duolingo,basic phone,5,,102,57,0.63
langues-apprentissage,Duolingo,random apps,5,96,242,86,0.58
langues-apprentissage,Duolingo,aprender japonés,5,43,228,18,0.84
langues-apprentissage,Duolingo,トーク,5,52,220,179,0.51
langues-apprentissage,Duolingo,tap app,5,97,242,85,0.58
langues-apprentissage,Duolingo,music theory quiz,5,60,194,86,0.58
langues-apprentissage,Duolingo,aprende,5,55,245,7,1.16
langues-apprentissage,Duolingo,learn to speak english,5,91,247,3,1.74
langues-apprentissage,Duolingo,teaching app,5,89,240,89,0.58
langues-apprentissage,Duolingo,apprendre le turc,5,44,239,29,0.74
langues-apprentissage,Duolingo,essential english words,5,69,79,55,0.64
langues-apprentissage,Duolingo,espagne,5,47,244,25,0.77
langues-apprentissage,Duolingo,mandarin learning,5,95,226,3,1.74
langues-apprentissage,Duolingo,english learning games,5,82,246,4,1.49
langues-apprentissage,Duolingo,learn to speak arabic,5,,224,3,1.74
langues-apprentissage,Duolingo,kahoot.it,5,,70,21,0.81
langues-apprentissage,Duolingo,learn german for beginners,5,89,246,5,1.34
langues-apprentissage,Duolingo,german phrasebook,5,57,228,108,0.56
langues-apprentissage,Duolingo,how to learn japanese,5,88,247,4,1.49
langues-apprentissage,Duolingo,latein,5,75,28,3,1.74
langues-apprentissage,Duolingo,learn to speak korean,5,58,248,136,0.53
langues-apprentissage,Duolingo,hellotalk app,5,,249,7,1.16
langues-apprentissage,Duolingo,apprendre l'arabe,5,46,245,47,0.66
langues-apprentissage,Duolingo,funny app,5,97,239,24,0.78
langues-apprentissage,Duolingo,word bit,5,94,249,5,1.34
langues-apprentissage,Duolingo,learn spanish mexico,5,66,218,4,1.49
langues-apprentissage,Duolingo,beintraining,5,82,79,58,0.63
langues-apprentissage,Duolingo,fun app,5,96,240,18,0.84
langues-apprentissage,Duolingo,apprendre l'anglais,5,44,237,22,0.80
langues-apprentissage,Duolingo,parler anglais,5,93,249,2,2.29
langues-apprentissage,Duolingo,reseau sociaux,5,95,249,193,0.50
langues-apprentissage,Duolingo,delonghi,5,74,24,3,1.74
langues-apprentissage,Duolingo,aprender musica,5,40,247,18,0.84
langues-apprentissage,Duolingo,音声翻訳,5,54,214,179,0.51
langues-apprentissage,Duolingo,learn spanish words,5,90,246,2,2.29
langues-apprentissage,Duolingo,スペイン語,5,73,64,10,1.02
langues-apprentissage,Duolingo,sprachen lernen babbel,5,92,225,3,1.74
langues-apprentissage,Duolingo,portugiesisch lernen für kinder,5,40,249,42,0.68
langues-apprentissage,Duolingo,brain tutor,5,,240,81,0.59
langues-apprentissage,Duolingo,uda,5,77,205,64,0.62
langues-apprentissage,Duolingo,khan academy for kids,5,,226,119,0.55
langues-apprentissage,Duolingo,mathe lernen,5,24,167,20,0.82
langues-apprentissage,Duolingo,speaking practice,5,81,250,19,0.83
langues-apprentissage,Duolingo,practice english,5,66,246,2,2.29
langues-apprentissage,Duolingo,italienisch lernen für kinder,5,40,194,101,0.56
langues-apprentissage,Duolingo,italienisch lernen kostenlos app,5,66,24,17,0.86
langues-apprentissage,Duolingo,spanisch lernen kostenlos offline,5,50,47,36,0.70
langues-apprentissage,Duolingo,cambly app,5,,250,26,0.76
langues-apprentissage,Duolingo,giochi per bambini 4 anni,5,42,245,194,0.50
langues-apprentissage,Duolingo,imparare spagnolo,5,82,46,3,1.74
langues-apprentissage,Duolingo,imparare le lingue,5,89,248,1,5.00
langues-apprentissage,Duolingo,corso inglese,5,82,249,2,2.29
langues-apprentissage,Duolingo,impara l'inglese,5,86,37,3,1.74
langues-apprentissage,Duolingo,impara le lingue,5,91,171,2,2.29
langues-apprentissage,Duolingo,impara lingue,5,88,59,7,1.16
langues-apprentissage,Duolingo,english teacher,5,100,246,8,1.10
langues-apprentissage,Duolingo,marathi,5,77,249,4,1.49
langues-apprentissage,Duolingo,english lernen,5,83,236,3,1.74
langues-apprentissage,Duolingo,lingvo,5,95,196,2,2.29
langues-apprentissage,Duolingo,aprende francés,5,45,239,39,0.69
langues-apprentissage,Duolingo,clases de ingles gratis,5,89,248,1,5.00
langues-apprentissage,Duolingo,english to hindi,5,90,226,76,0.60
langues-apprentissage,Duolingo,englisch kinder,5,88,52,5,1.34
langues-apprentissage,Duolingo,apprendre langlais,5,82,244,4,1.49
langues-apprentissage,Duolingo,apprendre l'anglais gratuit,5,45,246,205,0.50
langues-apprentissage,Duolingo,inglese b1,5,40,241,76,0.60
langues-apprentissage,Duolingo,englisch lernen kinder,5,82,248,7,1.16
langues-apprentissage,Duolingo,daydream,5,62,194,73,0.60
langues-apprentissage,Duolingo,apprendre l'allemand,5,40,239,30,0.74
langues-apprentissage,Duolingo,danish,5,54,158,11,0.98
langues-apprentissage,Duolingo,fluent,5,61,250,79,0.59
langues-apprentissage,Duolingo,how to speak french,5,98,248,2,2.29
langues-apprentissage,Duolingo,apprendre l'anglais facilement,5,40,246,243,0.48
langues-apprentissage,Duolingo,learn paino,5,72,228,25,0.77
langues-apprentissage,Duolingo,bright english,5,54,250,28,0.75
langues-apprentissage,Duolingo,mojo story,5,84,128,101,0.56
langues-apprentissage,Duolingo,スタディプラス,5,74,24,3,1.74
langues-apprentissage,Duolingo,spagnolo,5,39,57,15,0.89
langues-apprentissage,Duolingo,english for it,5,88,221,7,1.16
langues-apprentissage,Duolingo,payday loans online,5,51,197,193,0.50
langues-apprentissage,Duolingo,impara l'inglese gratis,5,88,30,8,1.10
langues-apprentissage,Duolingo,language free,5,94,246,2,2.29
langues-apprentissage,Duolingo,duolingo chinese,5,88,248,1,5.00
langues-apprentissage,Duolingo,teach me,5,51,217,216,0.49
langues-apprentissage,Duolingo,chess for beginners,5,57,221,130,0.54
langues-apprentissage,Duolingo,미프,5,78,113,42,0.68
langues-apprentissage,Duolingo,english quiz,5,54,243,12,0.96
langues-apprentissage,Duolingo,deutsch lernen kostenlos,5,97,232,8,1.10
langues-apprentissage,Duolingo,deutsch lernen b1,5,40,245,154,0.52
langues-apprentissage,Duolingo,catalan,5,98,185,4,1.49
langues-apprentissage,Duolingo,sparx,5,54,78,73,0.60
langues-apprentissage,Duolingo,spanish lessons for beginners,5,92,245,4,1.49
langues-apprentissage,Duolingo,auto chest,5,,195,24,0.78
langues-apprentissage,Duolingo,classroom language,5,42,246,31,0.73
langues-apprentissage,Duolingo,spanish for beginners,5,73,242,4,1.49
langues-apprentissage,Duolingo,libros en ingles para niños,5,28,90,23,0.79
langues-apprentissage,Duolingo,aprender espanhol,5,85,247,2,2.29
langues-apprentissage,Duolingo,apprendre l'anglais gratuitement,5,42,242,12,0.96
langues-apprentissage,Duolingo,deutsch lernen b2,5,97,218,8,1.10
langues-apprentissage,Duolingo,anglais grammaire,5,40,247,171,0.51
langues-apprentissage,Duolingo,mindsnacks,5,,183,3,1.74
langues-apprentissage,Duolingo,ピアノ楽譜,5,79,152,61,0.63
langues-apprentissage,Duolingo,imparare italiano,5,96,214,8,1.10
langues-apprentissage,Duolingo,arabic app,5,,237,4,1.49
langues-apprentissage,Duolingo,the power of now,5,80,67,52,0.65
langues-apprentissage,Duolingo,nederlands leren,5,82,249,3,1.74
langues-apprentissage,Duolingo,fast payday loans,5,62,188,188,0.50
langues-apprentissage,Duolingo,learn app,5,89,247,6,1.24
langues-apprentissage,Duolingo,xhosa,5,57,203,201,0.50
langues-apprentissage,Duolingo,best learning app,5,96,248,1,5.00
langues-apprentissage,Duolingo,intercambio de idiomas,5,60,181,61,0.63
langues-apprentissage,Duolingo,download app,5,96,242,87,0.58
langues-apprentissage,Duolingo,西班牙语,5,90,250,2,2.29
langues-apprentissage,Duolingo,ギター 練習,5,54,114,26,0.76
langues-apprentissage,Duolingo,德语,5,90,248,3,1.74
langues-apprentissage,Duolingo,ef hello,5,,242,21,0.81
langues-apprentissage,Duolingo,英语学习,5,88,244,1,5.00
langues-apprentissage,Duolingo,grammar game,5,94,247,6,1.24
langues-apprentissage,Duolingo,opi,5,51,89,85,0.58
langues-apprentissage,Duolingo,i-ready math,5,97,249,36,0.70
langues-apprentissage,Duolingo,word up,5,100,244,3,1.74
langues-apprentissage,Duolingo,法语词典,5,40,238,14,0.91
langues-apprentissage,Duolingo,法文字典,5,35,225,57,0.63
langues-apprentissage,Duolingo,spanish podcast,5,,209,35,0.71
langues-apprentissage,Duolingo,c language,5,94,195,77,0.60
langues-apprentissage,Duolingo,get loan,5,83,179,177,0.51
langues-apprentissage,Duolingo,learn spanish for adults,5,90,247,1,5.00
langues-apprentissage,Duolingo,ギターゲーム,5,68,180,33,0.72
langues-apprentissage,Duolingo,英语流利说,5,96,305,2,2.29
langues-apprentissage,Duolingo,英语口语,5,100,247,4,1.49
langues-apprentissage,Duolingo,ピアノアプリ,5,92,187,44,0.67
langues-apprentissage,Duolingo,babbel free,5,93,248,2,2.29
langues-apprentissage,Duolingo,cursos online,5,66,216,71,0.61
langues-apprentissage,Duolingo,duoligo,5,,247,1,5.00
langues-apprentissage,Duolingo,cours d'anglais,5,82,246,1,5.00
langues-apprentissage,Duolingo,ingles niños,5,84,244,72,0.60
langues-apprentissage,Duolingo,i-ready,5,95,189,13,0.93
langues-apprentissage,Duolingo,語言學習,5,75,245,4,1.49
langues-apprentissage,Duolingo,anglais facile,5,85,248,2,2.29
langues-apprentissage,Duolingo,ewa learn english,5,50,246,153,0.52
langues-apprentissage,Duolingo,单词,5,100,248,7,1.16
langues-apprentissage,Duolingo,aprender matemáticas,5,95,245,195,0.50
langues-apprentissage,Duolingo,rechnen lernen,5,42,243,156,0.52
langues-apprentissage,Duolingo,con academy,5,,200,3,1.74
langues-apprentissage,Duolingo,math learn,5,89,248,28,0.75
langues-apprentissage,Duolingo,babel gratuit,5,87,249,4,1.49
langues-apprentissage,Duolingo,учим английский язык,5,84,247,1,5.00
langues-apprentissage,Duolingo,imparare l'italiano,5,40,222,62,0.62
langues-apprentissage,Duolingo,chess online free,5,,233,86,0.58
langues-apprentissage,Duolingo,英検,5,58,211,74,0.60
langues-apprentissage,Duolingo,mediamonkey,5,82,112,59,0.63
langues-apprentissage,Duolingo,english to tagalog,5,80,220,210,0.50
langues-apprentissage,Duolingo,spanish word of the day,5,74,200,31,0.73
langues-apprentissage,Duolingo,7th grade,5,76,126,118,0.55
langues-apprentissage,Duolingo,essential apps,5,97,247,23,0.79
langues-apprentissage,Duolingo,coupe,5,,224,207,0.50
langues-apprentissage,Duolingo,гдз,5,98,160,74,0.60
langues-apprentissage,Duolingo,speak russian,5,95,188,6,1.24
langues-apprentissage,Duolingo,vokabeln lernen,5,95,248,16,0.87
langues-apprentissage,Duolingo,daily use,5,,197,107,0.56
langues-apprentissage,Duolingo,long screen,5,47,217,169,0.51
langues-apprentissage,Duolingo,dutch learning,5,88,243,18,0.84
langues-apprentissage,Duolingo,latein vokabeln,5,82,28,5,1.34
langues-apprentissage,Duolingo,口语,5,96,247,2,2.29
langues-apprentissage,Duolingo,spanish intermediate,5,48,246,11,0.98
langues-apprentissage,Duolingo,clix,5,91,127,101,0.56
langues-apprentissage,Duolingo,make it,5,,235,231,0.49
langues-apprentissage,Duolingo,spanish news,5,,205,34,0.71
langues-apprentissage,Duolingo,lær engelsk,5,87,214,5,1.34
langues-apprentissage,Duolingo,haitian,5,32,148,27,0.76
langues-apprentissage,Duolingo,english fun,5,59,242,230,0.49
langues-apprentissage,Duolingo,duolingo kids spanish,5,81,248,1,5.00
langues-apprentissage,Duolingo,文法,5,55,247,169,0.51
langues-apprentissage,Duolingo,the app,5,97,244,90,0.58
langues-apprentissage,Duolingo,griechisch lernen,5,,149,5,1.34
langues-apprentissage,Duolingo,my target,5,,176,151,0.52
langues-apprentissage,Duolingo,italienisch lernen offline,5,73,143,16,0.87
langues-apprentissage,Duolingo,the american english,5,86,248,4,1.49
langues-apprentissage,Duolingo,spansk,5,80,19,4,1.49
langues-apprentissage,Duolingo,speak and spell,5,96,192,4,1.49
langues-apprentissage,Duolingo,dreambox math,5,82,248,6,1.24
langues-apprentissage,Duolingo,dual language,5,88,248,1,5.00
langues-apprentissage,Duolingo,bang dream,5,76,218,174,0.51
langues-apprentissage,Duolingo,music jump,5,,178,165,0.52
langues-apprentissage,Duolingo,my e training,5,,233,150,0.52
langues-apprentissage,Duolingo,twitter replies,5,86,160,140,0.53
langues-apprentissage,Duolingo,get 10,5,54,177,156,0.52
langues-apprentissage,Duolingo,conjuguemos,5,84,248,5,1.34
langues-apprentissage,Duolingo,real tags,5,98,232,208,0.50
langues-apprentissage,Duolingo,be apps,5,97,240,17,0.86
langues-apprentissage,Duolingo,snaptube music,5,69,182,100,0.57
langues-apprentissage,Duolingo,carlink,5,53,100,40,0.69
langues-apprentissage,Duolingo,speak french,5,98,247,2,2.29
langues-apprentissage,Duolingo,türkisch lernen app,5,89,17,7,1.16
langues-apprentissage,Duolingo,китайский,5,58,249,162,0.52
langues-apprentissage,Duolingo,educación,5,93,250,2,2.29
langues-apprentissage,Duolingo,學中文,5,42,242,84,0.59
langues-apprentissage,Duolingo,japanisch lernen,5,89,249,7,1.16
langues-apprentissage,Duolingo,ピアノ練習,5,80,169,25,0.77
langues-apprentissage,Duolingo,türkisch,5,58,248,13,0.93
langues-apprentissage,Duolingo,french for beginners,5,90,249,7,1.16
langues-apprentissage,Duolingo,german for beginners,5,,181,51,0.65
langues-apprentissage,Duolingo,english practice,5,92,246,3,1.74
langues-apprentissage,Duolingo,schachspiel,5,83,235,154,0.52
langues-apprentissage,Duolingo,spanish speaking,5,94,247,2,2.29
langues-apprentissage,Duolingo,memrise language learning,5,,234,11,0.98
langues-apprentissage,Duolingo,global security,5,,215,129,0.54
langues-apprentissage,Duolingo,easy english,5,91,248,3,1.74
langues-apprentissage,Duolingo,daily stickers,5,65,197,101,0.56
langues-apprentissage,Duolingo,top free app,5,97,248,31,0.73
langues-apprentissage,Duolingo,basic app,5,89,243,86,0.58
langues-apprentissage,Duolingo,iOS apps,5,95,242,92,0.58
langues-apprentissage,Duolingo,ek iş,5,97,98,16,0.87
langues-apprentissage,Duolingo,portugiesisch lernen kostenlos,5,81,216,2,2.29
langues-apprentissage,Duolingo,wörter lernen,5,90,184,4,1.49
langues-apprentissage,Duolingo,googel play,5,92,248,164,0.52
langues-apprentissage,Duolingo,プラス,5,91,237,182,0.51
langues-apprentissage,Duolingo,learn british,5,91,234,4,1.49
langues-apprentissage,Duolingo,free hames,5,96,248,72,0.60
langues-apprentissage,Duolingo,world community,5,90,217,117,0.55
langues-apprentissage,Duolingo,beginner chess,5,,220,213,0.49
langues-apprentissage,Duolingo,dueling,5,98,246,1,5.00
langues-apprentissage,Duolingo,学西班牙语,5,,212,9,1.06
langues-apprentissage,Duolingo,school tool,5,70,225,33,0.72
langues-apprentissage,Duolingo,all languages,5,92,247,2,2.29
langues-apprentissage,Duolingo,learn conversational spanish,5,93,248,5,1.34
langues-apprentissage,Duolingo,teach spanish,5,97,248,1,5.00
langues-apprentissage,Duolingo,speaking spanish,5,96,244,2,2.29
langues-apprentissage,Duolingo,learn spanish fast,5,91,247,5,1.34
langues-apprentissage,Duolingo,how to learn spanish,5,83,247,1,5.00
langues-apprentissage,Duolingo,apps to learn spanish,5,89,246,1,5.00
langues-apprentissage,Duolingo,pronuncian,5,,231,11,0.98
langues-apprentissage,Duolingo,math fluency,5,80,216,97,0.57
langues-apprentissage,Duolingo,learn english game,5,84,246,3,1.74
langues-apprentissage,Duolingo,curso aleman,5,40,241,235,0.49
langues-apprentissage,Duolingo,learn new languages,5,91,248,1,5.00
langues-apprentissage,Duolingo,learn finnish,5,91,247,8,1.10
langues-apprentissage,Duolingo,how to speak,5,95,249,2,2.29
langues-apprentissage,Duolingo,葡萄牙语,5,51,244,54,0.64
langues-apprentissage,Duolingo,magic school,5,100,195,161,0.52
langues-apprentissage,Duolingo,translator online,5,,220,115,0.55
langues-apprentissage,Duolingo,cake learn english,5,88,250,3,1.74
langues-apprentissage,Duolingo,504,5,49,78,71,0.61
langues-apprentissage,Duolingo,fluent spanish,5,100,249,9,1.06
langues-apprentissage,Duolingo,learning different languages,5,89,248,1,5.00
langues-apprentissage,Duolingo,korean language app,5,85,248,8,1.10
langues-apprentissage,Duolingo,aprende español,5,82,250,6,1.24
langues-apprentissage,Duolingo,spanish listening practice,5,64,27,3,1.74
langues-apprentissage,Duolingo,lithuanian,5,,202,14,0.91
langues-apprentissage,Duolingo,hindi kids,5,,101,13,0.93
langues-apprentissage,Duolingo,how to speak english,5,93,248,1,5.00
langues-apprentissage,Duolingo,learn spanish offline,5,50,246,141,0.53
langues-apprentissage,Duolingo,spanish alphabet,5,,193,62,0.62
langues-apprentissage,Duolingo,英語 話す,5,76,245,19,0.83
langues-apprentissage,Duolingo,polnisch lernen kostenlos,5,93,184,5,1.34
langues-apprentissage,Duolingo,storynory,5,88,250,5,1.34
langues-apprentissage,Duolingo,duolingo español,5,74,246,1,5.00
langues-apprentissage,Duolingo,法语单词,5,62,224,26,0.76
langues-apprentissage,Duolingo,walkup,5,62,244,244,0.48
langues-apprentissage,Duolingo,hindi app,5,78,246,3,1.74
langues-apprentissage,Duolingo,anglais pour enfant,5,84,213,9,1.06
langues-apprentissage,Duolingo,app free,5,98,248,73,0.60
langues-apprentissage,Duolingo,op.gg,5,74,73,62,0.62
langues-apprentissage,Duolingo,language game,5,93,245,4,1.49
langues-apprentissage,Duolingo,apprendre l'italien gratuit,5,42,226,41,0.68
langues-apprentissage,Duolingo,aplicacion para aprender ingles gratis,5,91,246,1,5.00
langues-apprentissage,Duolingo,curso de inglês,5,44,240,34,0.71
langues-apprentissage,Duolingo,aprender japonês,5,69,245,36,0.70
langues-apprentissage,Duolingo,green owl,5,94,247,1,5.00
langues-apprentissage,Duolingo,long story,5,53,208,207,0.50
langues-apprentissage,Duolingo,easy green,5,91,201,150,0.52
langues-apprentissage,Duolingo,popular app,5,97,242,83,0.59
langues-apprentissage,Duolingo,chess beginners,5,,208,207,0.50
langues-apprentissage,Duolingo,cambly - english teacher,5,53,248,10,1.02
langues-apprentissage,Duolingo,medical translation,5,97,104,31,0.73
langues-apprentissage,Duolingo,nederlands,5,93,239,29,0.74
langues-apprentissage,Duolingo,duolingo niños,5,,228,1,5.00
langues-apprentissage,Duolingo,粤语,5,91,244,3,1.74
langues-apprentissage,Duolingo,learn english app,5,90,248,1,5.00
langues-apprentissage,Duolingo,babbel app,5,93,248,2,2.29
langues-apprentissage,Duolingo,lingokids app,5,,244,36,0.70
langues-apprentissage,Duolingo,spoken english,5,95,247,1,5.00
langues-apprentissage,Duolingo,jw language app,5,77,245,2,2.29
langues-apprentissage,Duolingo,法語,5,84,242,6,1.24
langues-apprentissage,Duolingo,英语单词,5,85,247,10,1.02
langues-apprentissage,Duolingo,amazingtalker,5,72,129,114,0.55
langues-apprentissage,Duolingo,top app,5,94,243,30,0.74
langues-apprentissage,Duolingo,dui,5,89,199,2,2.29
langues-apprentissage,Duolingo,beginner english,5,47,246,229,0.49
langues-apprentissage,Duolingo,Learning Games Free,5,86,248,227,0.49
langues-apprentissage,Duolingo,learn games,5,90,248,10,1.02
langues-apprentissage,Duolingo,fun learning,5,97,243,2,2.29
langues-apprentissage,Duolingo,learn game,5,94,245,15,0.89
langues-apprentissage,Duolingo,must have apps,5,97,240,18,0.84
langues-apprentissage,Duolingo,speak japanese,5,74,245,40,0.69
langues-apprentissage,Duolingo,learning spanish for kids,5,82,247,3,1.74
langues-apprentissage,Duolingo,music learning,5,93,247,8,1.10
langues-apprentissage,Duolingo,chess two player,5,,214,174,0.51
langues-apprentissage,Duolingo,daily spanish,5,75,248,149,0.53
langues-apprentissage,Duolingo,learing,5,88,231,1,5.00
langues-apprentissage,Duolingo,ビアノ,5,82,183,66,0.62
langues-apprentissage,Duolingo,imparare giapponese,5,,22,3,1.74
langues-apprentissage,Duolingo,babble spanish,5,92,245,2,2.29
langues-apprentissage,Duolingo,apprendre l'italien,5,40,234,10,1.02
langues-apprentissage,Duolingo,finnish,5,57,248,25,0.77
langues-apprentissage,Duolingo,french learning app free,5,86,248,3,1.74
langues-apprentissage,Duolingo,voca,5,97,248,125,0.54
langues-apprentissage,Duolingo,best ganes,5,96,238,25,0.77
langues-apprentissage,Duolingo,real chess master 3d,5,27,199,148,0.53
langues-apprentissage,Duolingo,practice language,5,98,247,2,2.29
langues-apprentissage,Duolingo,triplingo,5,86,248,5,1.34
langues-apprentissage,Duolingo,cest,5,81,248,27,0.76
langues-apprentissage,Duolingo,polonais,5,45,230,50,0.65
langues-apprentissage,Duolingo,日文單字,5,25,245,24,0.78
langues-apprentissage,Duolingo,tiktok game,5,86,227,140,0.53
langues-apprentissage,Duolingo,yomo,5,87,208,191,0.50
langues-apprentissage,Duolingo,日文,5,83,248,1,5.00
langues-apprentissage,Duolingo,estudiar español,5,27,214,34,0.71
langues-apprentissage,Duolingo,沪江小d,5,48,229,27,0.76
langues-apprentissage,Duolingo,duolingo hebrew,5,82,247,1,5.00
langues-apprentissage,Duolingo,imparare l'inglese,5,89,27,5,1.34
langues-apprentissage,Duolingo,my person,5,,235,117,0.55
langues-apprentissage,Duolingo,ti nspire cx,5,34,33,27,0.76
langues-apprentissage,Duolingo,quick stories,5,,216,193,0.50
langues-apprentissage,Duolingo,speexx,5,,8,8,1.10
langues-apprentissage,Duolingo,learn to speak italian,5,97,246,4,1.49
langues-apprentissage,Duolingo,vtfc,5,26,241,33,0.72
langues-apprentissage,Duolingo,korean learning app,5,60,237,6,1.24
langues-apprentissage,Duolingo,squla,5,82,13,12,0.96
langues-apprentissage,Duolingo,french reading,5,,203,9,1.06
langues-apprentissage,Duolingo,transfer talk,5,90,204,158,0.52
langues-apprentissage,Duolingo,learn my lines,5,,206,189,0.50
langues-apprentissage,Duolingo,tubemate,5,84,159,143,0.53
langues-apprentissage,Duolingo,フランス 語,5,34,77,30,0.74
langues-apprentissage,Duolingo,learn piano app,5,,231,63,0.62
langues-apprentissage,Duolingo,english lessons,5,98,244,7,1.16
langues-apprentissage,Duolingo,تعلم الإسبانية,5,68,230,9,1.06
langues-apprentissage,Duolingo,learn indonesian,5,,213,4,1.49
langues-apprentissage,Duolingo,duolingo russian,5,82,233,1,5.00
langues-apprentissage,Duolingo,b3,5,79,241,201,0.50
langues-apprentissage,Duolingo,learn russian free,5,,247,4,1.49
langues-apprentissage,Duolingo,apprendre l'italien gratuitement,5,44,194,13,0.93
langues-apprentissage,Duolingo,english b2,5,41,244,8,1.10
langues-apprentissage,Duolingo,rosetta stone app,5,,240,3,1.74
langues-apprentissage,Duolingo,i̇ngilizce kelime öğren,5,44,239,30,0.74
langues-apprentissage,Duolingo,schwedisch,5,85,165,4,1.49
langues-apprentissage,Duolingo,uchi,5,49,157,153,0.52
langues-apprentissage,Duolingo,turn green,5,87,230,221,0.49
langues-apprentissage,Duolingo,spanish learn,5,92,245,1,5.00
langues-apprentissage,Duolingo,andy english,5,,67,61,0.63
langues-apprentissage,Duolingo,learn new skills,5,93,247,4,1.49
langues-apprentissage,Duolingo,kajoot,5,90,248,73,0.60
langues-apprentissage,Duolingo,corso di inglese,5,97,245,3,1.74
langues-apprentissage,Duolingo,learn portugese,5,91,243,2,2.29
langues-apprentissage,Duolingo,learn turkish language,5,88,142,2,2.29
langues-apprentissage,Duolingo,deutschlernen,5,40,248,135,0.54
langues-apprentissage,Duolingo,lerne deutsch,5,40,248,19,0.83
langues-apprentissage,Duolingo,lern german,5,81,248,38,0.70
langues-apprentissage,Duolingo,lxl,5,95,249,3,1.74
langues-apprentissage,Duolingo,cours de français,5,82,248,5,1.34
langues-apprentissage,Duolingo,teach kids spanish,5,,249,1,5.00
langues-apprentissage,Duolingo,linkee,5,,207,143,0.53
langues-apprentissage,Duolingo,maltese,5,,84,7,1.16
langues-apprentissage,Duolingo,learn spanish free kids,5,80,226,7,1.16
langues-apprentissage,Duolingo,wep,5,94,171,80,0.59
langues-apprentissage,Duolingo,apprendre les langues gratuitement,5,87,243,2,2.29
langues-apprentissage,Duolingo,during,5,91,246,1,5.00
langues-apprentissage,Duolingo,spanish a1,5,41,184,29,0.74
langues-apprentissage,Duolingo,sweden,5,56,249,12,0.96
langues-apprentissage,Duolingo,math games adults,5,79,229,32,0.73
langues-apprentissage,Duolingo,apprendre le portugais gratuitement,5,82,241,9,1.06
langues-apprentissage,Duolingo,türkisch lernen app kostenlos,5,57,187,17,0.86
langues-apprentissage,Duolingo,开言英语,5,91,246,1,5.00
langues-apprentissage,Duolingo,语言学习,5,90,244,3,1.74
langues-apprentissage,Duolingo,advanced spanish,5,88,247,8,1.10
langues-apprentissage,Duolingo,a app,5,95,244,84,0.59
langues-apprentissage,Duolingo,spanish speaking app,5,96,244,2,2.29
langues-apprentissage,Duolingo,inglés fácil,5,89,248,2,2.29
langues-apprentissage,Duolingo,spanish test,5,85,248,6,1.24
langues-apprentissage,Duolingo,c2 english,5,,248,5,1.34
langues-apprentissage,Duolingo,music lesson,5,54,249,60,0.63
langues-apprentissage,Duolingo,макбук,5,84,21,5,1.34
langues-apprentissage,Duolingo,videos zombies 2,5,87,26,4,1.49
langues-apprentissage,Duolingo,- how to speak japanese,5,40,246,208,0.50
langues-apprentissage,Duolingo,how to speak japanese,5,87,247,6,1.24
langues-apprentissage,Duolingo,ti 84 plus ce,5,83,130,109,0.56
langues-apprentissage,Duolingo,teach app,5,83,222,4,1.49
langues-apprentissage,Duolingo,mad head,5,65,67,46,0.67
langues-apprentissage,Duolingo,cool free apps,5,97,248,18,0.84
langues-apprentissage,Duolingo,language learnings,5,95,229,36,0.70
langues-apprentissage,Duolingo,simply do,5,88,145,106,0.56
langues-apprentissage,Duolingo,serbia,5,82,214,5,1.34
langues-apprentissage,Duolingo,aleman,5,82,250,4,1.49
langues-apprentissage,Duolingo,telugu podcasts,5,49,240,133,0.54
langues-apprentissage,Duolingo,malayalam songs,5,72,240,68,0.61
langues-apprentissage,Duolingo,lingohut,5,84,250,2,2.29
langues-apprentissage,Duolingo,new language,5,96,246,1,5.00
langues-apprentissage,Duolingo,Language Lessons,5,96,248,1,5.00
langues-apprentissage,Duolingo,french lessons,5,100,247,1,5.00
langues-apprentissage,Duolingo,language lesson,5,94,248,2,2.29
langues-apprentissage,Duolingo,learning spanish course,5,,140,2,2.29
langues-apprentissage,Duolingo,language learning games,5,87,248,3,1.74
langues-apprentissage,Duolingo,babbel spanish,5,90,247,2,2.29
langues-apprentissage,Duolingo,babbel french,5,70,192,2,2.29
langues-apprentissage,Duolingo,foreign languages,5,97,247,3,1.74
langues-apprentissage,Duolingo,arabic language app,5,60,247,12,0.96
langues-apprentissage,Duolingo,conversational french,5,97,250,10,1.02
langues-apprentissage,Duolingo,chinese language app,5,86,247,4,1.49
langues-apprentissage,Duolingo,dutch language,5,52,244,205,0.50
langues-apprentissage,Duolingo,portuguese language,5,54,240,10,1.02
langues-apprentissage,Duolingo,study french,5,98,236,4,1.49
langues-apprentissage,Duolingo,polish language app,5,40,245,8,1.10
langues-apprentissage,Duolingo,study polish,5,45,230,167,0.52
langues-apprentissage,Duolingo,polish language,5,90,242,5,1.34
langues-apprentissage,Duolingo,study dutch,5,45,233,203,0.50
langues-apprentissage,Duolingo,hindi learning,5,84,243,3,1.74
langues-apprentissage,Duolingo,learn hindi free,5,83,243,10,1.02
langues-apprentissage,Duolingo,learn hindi language,5,85,217,9,1.06
langues-apprentissage,Duolingo,apprendre l'anglais américain,5,45,37,15,0.89
langues-apprentissage,Duolingo,okay sign,5,98,221,135,0.54
langues-apprentissage,Duolingo,drop cap,5,95,70,38,0.70
langues-apprentissage,Duolingo,elsa english,5,56,242,42,0.68
langues-apprentissage,Duolingo,app best,5,97,242,21,0.81
langues-apprentissage,Duolingo,app for,5,92,245,91,0.58
langues-apprentissage,Duolingo,hindi movie quiz,5,97,10,6,1.24
langues-apprentissage,Duolingo,powerful disco,5,91,24,5,1.34
langues-apprentissage,Duolingo,hindi songa,5,95,98,44,0.67
langues-apprentissage,Duolingo,apps for,5,97,245,83,0.59
langues-apprentissage,Duolingo,sparen und,5,83,240,237,0.49
langues-apprentissage,Duolingo,spanish teacher,5,98,249,2,2.29
langues-apprentissage,Duolingo,language podcast,5,97,59,2,2.29
langues-apprentissage,Duolingo,gamess,5,98,241,54,0.64
langues-apprentissage,Duolingo,9to5,5,75,236,226,0.49
langues-apprentissage,Duolingo,türkisch lernen kostenlos,5,90,19,6,1.24
langues-apprentissage,Duolingo,türkisch lernen,5,44,249,13,0.93
langues-apprentissage,Duolingo,dots and boxes plus,5,87,229,188,0.50
langues-apprentissage,Duolingo,4 in 1 theory,5,40,104,100,0.57
langues-apprentissage,Duolingo,theory 4-in-1,5,40,238,162,0.52
langues-apprentissage,Duolingo,studycat,5,86,227,7,1.16
langues-apprentissage,Duolingo,daily practice quizzes,5,86,8,2,2.29
langues-apprentissage,Duolingo,言語、,5,47,208,132,0.54
langues-apprentissage,Duolingo,bitmoji for ipad free,5,87,237,234,0.49
langues-apprentissage,Duolingo,apps free,5,97,248,67,0.61
langues-apprentissage,Duolingo,app popular,5,91,242,80,0.59
langues-apprentissage,Duolingo,top 10 apps,5,97,246,30,0.74
langues-apprentissage,Duolingo,app for iphone,5,91,244,91,0.58
langues-apprentissage,Duolingo,recommended apps,5,97,240,24,0.78
langues-apprentissage,Duolingo,ios 9 apps,5,96,242,85,0.58
langues-apprentissage,Duolingo,most popular app,5,97,242,81,0.59
langues-apprentissage,Duolingo,quizler,5,60,205,13,0.93
langues-apprentissage,Duolingo,my math way,5,,202,43,0.68
langues-apprentissage,Duolingo,everybody,5,73,221,5,1.34
langues-apprentissage,Duolingo,quiz o league of legends,5,68,171,164,0.52
langues-apprentissage,Duolingo,quizy o league of legends,5,59,146,78,0.59
langues-apprentissage,Duolingo,u.gg league of legends,5,66,239,208,0.50
langues-apprentissage,Duolingo,e pal league of legends,5,95,242,199,0.50
langues-apprentissage,Duolingo,kontakte todo,5,98,191,51,0.65
langues-apprentissage,Duolingo,режиме,5,76,216,80,0.59
langues-apprentissage,Duolingo,learn other languages,5,88,248,1,5.00
langues-apprentissage,Duolingo,lingochamp,5,87,249,1,5.00
langues-apprentissage,Duolingo,deusch lernen,5,40,249,37,0.70
langues-apprentissage,Duolingo,free grammar app,5,75,245,123,0.54
langues-apprentissage,Duolingo,para transferi,5,89,240,163,0.52
langues-apprentissage,Duolingo,deutch lernen,5,40,249,63,0.62
langues-apprentissage,Duolingo,story mojo,5,48,230,201,0.50
langues-apprentissage,Duolingo,rester en forme,5,98,244,111,0.55
langues-apprentissage,Duolingo,lemon pie,5,32,35,29,0.74
langues-apprentissage,Duolingo,learn any language,5,91,248,1,5.00
langues-apprentissage,Duolingo,английский,5,93,245,1,5.00
langues-apprentissage,Duolingo,учить,5,97,250,1,5.00
langues-apprentissage,Duolingo,учить немецкий,5,90,250,2,2.29
langues-apprentissage,Duolingo,english classes,5,88,247,11,0.98
langues-apprentissage,Duolingo,novakid,5,,41,3,1.74
langues-apprentissage,Duolingo,owl app,5,77,192,7,1.16
langues-apprentissage,Duolingo,apprentissage,5,54,238,105,0.56
langues-apprentissage,Duolingo,تعلم,5,98,247,1,5.00
langues-apprentissage,Duolingo,aprenda,5,97,247,31,0.73
langues-apprentissage,Duolingo,réviser,5,82,243,25,0.77
langues-apprentissage,Duolingo,lengua,5,,219,6,1.24
langues-apprentissage,Duolingo,تعلم اللغة,5,87,250,1,5.00
langues-apprentissage,Duolingo,تعلم الفرنسية,5,75,223,3,1.74
langues-apprentissage,Duolingo,c1 english,5,,250,17,0.86
langues-apprentissage,Duolingo,estudiar inglés,5,98,246,1,5.00
langues-apprentissage,Duolingo,practica idiomas,5,,219,35,0.71
langues-apprentissage,Duolingo,french german,5,,198,66,0.62
langues-apprentissage,Duolingo,helpful,5,86,148,11,0.98
langues-apprentissage,Duolingo,spanish french,5,59,177,62,0.62
langues-apprentissage,Duolingo,apprendre le polonais,5,80,165,7,1.16
langues-apprentissage,Duolingo,language skills,5,52,248,151,0.52
langues-apprentissage,Duolingo,french english,5,100,215,20,0.82
langues-apprentissage,Duolingo,fremdsprachen,5,82,248,1,5.00
langues-apprentissage,Duolingo,sprachkurse,5,85,250,1,5.00
langues-apprentissage,Duolingo,اللغة الانجليزية,5,88,248,1,5.00
langues-apprentissage,Duolingo,الانجليزية,5,97,247,1,5.00
langues-apprentissage,Duolingo,polyglot,5,93,250,8,1.10
langues-apprentissage,Duolingo,deutschkurs,5,51,248,240,0.48
langues-apprentissage,Duolingo,deutsch kurs,5,40,249,214,0.49
langues-apprentissage,Duolingo,polnisch lernen,5,95,194,6,1.24
langues-apprentissage,Duolingo,dino widget,5,60,55,44,0.67
langues-apprentissage,Duolingo,antin,5,,236,10,1.02
langues-apprentissage,Duolingo,creole,5,82,186,2,2.29
langues-apprentissage,Duolingo,learn creole,5,92,229,3,1.74
langues-apprentissage,Duolingo,class message,5,98,238,190,0.50
langues-apprentissage,Duolingo,class messanger,5,97,227,187,0.51
langues-apprentissage,Duolingo,irish language,5,52,247,34,0.71
langues-apprentissage,Duolingo,speak languages,5,96,248,1,5.00
langues-apprentissage,Duolingo,ili,5,47,112,102,0.56
langues-apprentissage,Duolingo,simple gameplay,5,50,206,151,0.52
langues-apprentissage,Duolingo,get to know you,5,73,219,214,0.49
langues-apprentissage,Duolingo,get to know,5,63,156,145,0.53
langues-apprentissage,Duolingo,the 5 love languages book,5,88,15,2,2.29
langues-apprentissage,Duolingo,language tutor,5,82,248,17,0.86
langues-apprentissage,Duolingo,top news app,5,97,243,26,0.76
langues-apprentissage,Duolingo,free french learning app,5,90,248,4,1.49
langues-apprentissage,Duolingo,法文,5,29,249,25,0.77
langues-apprentissage,Duolingo,LANGO,5,84,248,2,2.29
langues-apprentissage,Duolingo,deutsch üben,5,40,246,136,0.53
langues-apprentissage,Duolingo,b2 deutsch lernen,5,49,243,133,0.54
langues-apprentissage,Duolingo,duo lingo german,5,83,229,1,5.00
langues-apprentissage,Duolingo,sing lessons,5,,199,180,0.51
langues-apprentissage,Duolingo,music tutor plus,5,,215,56,0.64
langues-apprentissage,Duolingo,on my way,5,,202,168,0.51
langues-apprentissage,Duolingo,easy learning japanese,5,86,247,2,2.29
langues-apprentissage,Duolingo,aces up,5,68,190,168,0.51
langues-apprentissage,Duolingo,voice social media,5,85,148,54,0.64
langues-apprentissage,Duolingo,kids prime,5,84,144,90,0.58
langues-apprentissage,Duolingo,do math,5,79,239,48,0.66
langues-apprentissage,Duolingo,now and then,5,43,122,99,0.57
langues-apprentissage,Duolingo,dil öğren,5,90,249,3,1.74
langues-apprentissage,Duolingo,クリップ,5,98,78,42,0.68
langues-apprentissage,Duolingo,easy japanese news,5,37,78,18,0.84
langues-apprentissage,Duolingo,italian apps,5,83,243,6,1.24
langues-apprentissage,Duolingo,goghle play,5,95,248,194,0.50
langues-apprentissage,Duolingo,goofle play,5,95,248,212,0.49
langues-apprentissage,Duolingo,google olay,5,95,248,186,0.51
langues-apprentissage,Duolingo,oogle play,5,98,247,228,0.49
langues-apprentissage,Duolingo,ps5 release date,5,35,71,51,0.65
langues-apprentissage,Duolingo,language learn,5,97,248,1,5.00
langues-apprentissage,Duolingo,impara,5,100,187,8,1.10
langues-apprentissage,Duolingo,engelsk,5,63,244,11,0.98
langues-apprentissage,Duolingo,italiensk,5,87,248,3,1.74
langues-apprentissage,Duolingo,zombie moji,5,34,78,18,0.84
langues-apprentissage,Duolingo,engels,5,50,132,65,0.62
langues-apprentissage,Duolingo,dvo,5,93,218,79,0.59
langues-apprentissage,Duolingo,legends bang,5,57,96,56,0.64
langues-apprentissage,Duolingo,apps best,5,97,243,24,0.78
langues-apprentissage,Duolingo,how long ago,5,59,225,219,0.49
langues-apprentissage,Duolingo,then and now,5,43,126,106,0.56
langues-apprentissage,Duolingo,schnellste,5,40,244,129,0.54
langues-apprentissage,Duolingo,language kids,5,78,244,2,2.29
langues-apprentissage,Duolingo,languages kids,5,87,240,5,1.34
langues-apprentissage,Duolingo,linq app,5,29,114,65,0.62
langues-apprentissage,Duolingo,leren,5,97,238,4,1.49
langues-apprentissage,Duolingo,giochi di apprendimento,5,40,197,45,0.67
langues-apprentissage,Duolingo,talking heads,5,,101,68,0.61
langues-apprentissage,Duolingo,kinderen leren,5,85,248,242,0.48
langues-apprentissage,Duolingo,popup book,5,80,152,96,0.57
langues-apprentissage,Duolingo,ever bloom,5,63,247,222,0.49
langues-apprentissage,Duolingo,ever bloom free,5,85,248,161,0.52
langues-apprentissage,Duolingo,мова,5,92,249,2,2.29
langues-apprentissage,Duolingo,англійська,5,89,98,2,2.29
langues-apprentissage,Duolingo,французька,5,40,242,19,0.83
langues-apprentissage,Duolingo,перекладач google,5,85,246,156,0.52
langues-apprentissage,Duolingo,destaque,5,40,109,86,0.58
langues-apprentissage,Duolingo,destacar,5,49,134,134,0.54
langues-apprentissage,Duolingo,учить русский,5,40,240,23,0.79
langues-apprentissage,Duolingo,слово дня,5,45,106,103,0.56
langues-apprentissage,Duolingo,俄语学习,5,56,204,58,0.63
langues-apprentissage,Duolingo,词汇斩,5,44,224,152,0.52
langues-apprentissage,Duolingo,俄语入门,5,40,120,79,0.59
langues-apprentissage,Duolingo,俄语单词,5,44,212,202,0.50
langues-apprentissage,Duolingo,俄语词典 +,5,36,110,46,0.67
langues-apprentissage,Duolingo,俄语单词发音与书写,5,36,115,27,0.76
langues-apprentissage,Duolingo,учить русский язык,5,40,249,174,0.51
langues-apprentissage,Duolingo,русский словарь и тезаурус,5,55,233,130,0.54
langues-apprentissage,Duolingo,ภาษาอังกฤษ,5,87,110,1,5.00
langues-apprentissage,Duolingo,ภาษา,5,84,101,2,2.29
langues-apprentissage,Duolingo,do my math,5,,211,60,0.63
langues-apprentissage,Duolingo,ewa: learn english language,5,86,247,2,2.29
langues-apprentissage,Duolingo,learn a new skill,5,92,247,6,1.24
langues-apprentissage,Duolingo,english education app,5,88,247,2,2.29
langues-apprentissage,Duolingo,bàn thắng,5,85,236,108,0.56
langues-apprentissage,Duolingo,子供向けの教育ゲーム,5,82,208,5,1.34
langues-apprentissage,Duolingo,inglês,5,92,244,1,5.00
langues-apprentissage,Duolingo,apprenez le turc,5,71,12,6,1.24
langues-apprentissage,Duolingo,apprendre l'anglais avec de la musique,5,89,187,52,0.65
langues-apprentissage,Duolingo,games practice,5,,242,162,0.52
langues-apprentissage,Duolingo,lern türkisch,5,72,181,52,0.65
langues-apprentissage,Duolingo,türkisch lernen für anfänger,5,81,19,8,1.10
langues-apprentissage,Duolingo,polnisch lernen app,5,89,12,3,1.74
langues-apprentissage,Duolingo,deutsch portugiesisch lernen kostenlos,5,97,5,2,2.29
langues-apprentissage,Duolingo,englisch lernen app,5,44,247,16,0.87
langues-apprentissage,Duolingo,sprachen lernen 24,5,61,193,13,0.93
langues-apprentissage,Duolingo,sprachen lernen app,5,91,247,1,5.00
langues-apprentissage,Duolingo,חינם,5,59,170,76,0.60
langues-apprentissage,Duolingo,בחינם,5,77,72,36,0.70
langues-apprentissage,Duolingo,telegram tracker,5,,68,52,0.65
langues-apprentissage,Duolingo,perfect logo,5,77,16,8,1.10
langues-apprentissage,Duolingo,stories one,5,54,233,32,0.73
langues-apprentissage,Duolingo,German learning app,5,95,247,2,2.29
langues-apprentissage,Duolingo,how to speak german,5,94,249,2,2.29
langues-apprentissage,Duolingo,Langauge app,5,81,248,1,5.00
langues-apprentissage,Duolingo,German verb,5,48,154,80,0.59
langues-apprentissage,Duolingo,rossetta,5,93,238,20,0.82
langues-apprentissage,Duolingo,rosett stone,5,89,168,3,1.74
langues-apprentissage,Duolingo,fast  fun learning,5,87,237,175,0.51
langues-apprentissage,Duolingo,Almanca öğren,5,74,94,2,2.29
langues-apprentissage,Duolingo,korece,5,88,220,5,1.34
langues-apprentissage,Duolingo,Изучение немецкого языка,5,80,117,4,1.49
langues-apprentissage,Duolingo,немецкий глаголы,5,40,196,79,0.59
langues-apprentissage,Duolingo,Немецкий Язык Бесплатно,5,72,35,5,1.34
langues-apprentissage,Duolingo,немецкий для начинающих,5,89,206,4,1.49
langues-apprentissage,Duolingo,language learning for kids,5,84,244,1,5.00
langues-apprentissage,Duolingo,myylink,5,82,91,67,0.61
langues-apprentissage,Duolingo,mylink bio,5,82,245,181,0.51
langues-apprentissage,Duolingo,vietnamese translator offline,5,75,24,19,0.83
langues-apprentissage,Duolingo,cours guitare gratuit,5,71,249,34,0.71
langues-apprentissage,Duolingo,free ecards online,5,85,242,233,0.49
langues-apprentissage,Duolingo,perfect prep,5,,35,28,0.75
langues-apprentissage,Duolingo,fun language learning,5,85,248,4,1.49
langues-apprentissage,Duolingo,learn germna,5,96,244,3,1.74
langues-apprentissage,Duolingo,lear german,5,96,244,3,1.74
langues-apprentissage,Duolingo,똑똑한,5,74,225,193,0.50
langues-apprentissage,Duolingo,does he love me or no?,5,71,11,7,1.16
langues-apprentissage,Duolingo,don best mobile hd,5,85,210,125,0.54
langues-apprentissage,Duolingo,owl game,5,88,164,12,0.96
langues-apprentissage,Duolingo,english to arabic translator!,5,90,224,205,0.50
langues-apprentissage,Duolingo,by dua com,5,40,232,151,0.52
langues-apprentissage,Duolingo,albanisch,5,89,58,10,1.02
langues-apprentissage,Duolingo,albanisch lernen kostenlos,5,91,206,7,1.16
langues-apprentissage,Duolingo,albanische,5,58,44,40,0.69
langues-apprentissage,Duolingo,dublin travel guide & offline map,5,38,177,165,0.52
langues-apprentissage,Duolingo,word dreams - word puzzle game,5,74,67,56,0.64
langues-apprentissage,Duolingo,first words software learning to read kids free,5,14,240,64,0.62
langues-apprentissage,Duolingo,arabic japanese dictionary,5,89,12,7,1.16
langues-apprentissage,Duolingo,dutch arabic dictionary,5,86,6,5,1.34
langues-apprentissage,Duolingo,app of,5,96,244,84,0.59
langues-apprentissage,Duolingo,google新聞,5,88,217,171,0.51
langues-apprentissage,Duolingo,cu stories,5,71,63,33,0.72
langues-apprentissage,Duolingo,be your best,5,76,93,61,0.63
langues-apprentissage,Duolingo,Engelske,5,52,142,58,0.63
langues-apprentissage,Duolingo,promo insta,5,51,31,27,0.76
langues-apprentissage,Duolingo,záchranka,5,74,23,3,1.74
langues-apprentissage,Duolingo,audiobooks para crianças,5,70,10,4,1.49
langues-apprentissage,Duolingo,teacg,5,46,247,19,0.83
langues-apprentissage,Duolingo,chatroom live,5,55,201,160,0.52
langues-apprentissage,Duolingo,chatroom now,5,44,66,49,0.66
langues-apprentissage,Duolingo,english language learning,5,94,247,1,5.00
langues-apprentissage,Duolingo,canva promo,5,57,4,3,1.74
langues-apprentissage,Duolingo,editor promo,5,52,38,23,0.79
langues-apprentissage,Duolingo,readalong,5,100,245,23,0.79
langues-apprentissage,Duolingo,pics mojo,5,88,168,123,0.54
langues-apprentissage,Duolingo,camera mojo,5,95,32,22,0.80
langues-apprentissage,Duolingo,write promo,5,0,3,3,1.74
langues-apprentissage,Duolingo,leaning,5,90,249,1,5.00
langues-apprentissage,Duolingo,app cool,5,97,236,23,0.79
langues-apprentissage,Duolingo,app cool app,5,96,239,23,0.79
langues-apprentissage,Duolingo,French  Language,5,88,248,3,1.74
langues-apprentissage,Duolingo,foto 8bit,5,96,30,11,0.98
langues-apprentissage,Duolingo,8bit by number,5,46,69,40,0.69
langues-apprentissage,Duolingo,play & learn,5,76,233,79,0.59
langues-apprentissage,Duolingo,hearing through,5,49,191,118,0.55
langues-apprentissage,Duolingo,chinese learning kids,5,95,210,29,0.74
langues-apprentissage,Duolingo,app app,5,97,242,88,0.58
langues-apprentissage,Duolingo,tabee,5,70,182,176,0.51
langues-apprentissage,Duolingo,pre-k math games,5,47,226,37,0.70
langues-apprentissage,Duolingo,PreK math games,5,47,217,35,0.71
langues-apprentissage,Duolingo,learn french fast,5,86,246,2,2.29
langues-apprentissage,Duolingo,learn languages fast,5,96,248,2,2.29
langues-apprentissage,Duolingo,foto op canvas,5,83,13,7,1.16
langues-apprentissage,Duolingo,ingilizce kelime oyunu,5,44,242,131,0.54
langues-apprentissage,Duolingo,انكليزي,5,90,250,1,5.00
langues-apprentissage,Duolingo,كلمات انكليزي,5,44,50,50,0.65
langues-apprentissage,Duolingo,ingilizce öğrenme,5,84,195,71,0.61
langues-apprentissage,Duolingo,تعليم اللغة الانجليزية بسهوله,5,79,102,3,1.74
langues-apprentissage,Duolingo,dil öğrenme,5,74,238,1,5.00
langues-apprentissage,Duolingo,geliştirme,5,43,248,197,0.50
langues-apprentissage,Duolingo,mantık oyunları internetsiz,5,91,112,73,0.60
langues-apprentissage,Duolingo,1. sınıf ders oyunları,5,62,9,4,1.49
langues-apprentissage,Duolingo,4. sınıf oyunları,5,65,5,2,2.29
langues-apprentissage,Duolingo,học online,5,66,247,13,0.93
langues-apprentissage,Duolingo,học tốt,5,45,228,78,0.59
langues-apprentissage,Duolingo,hocmai,5,73,79,37,0.70
langues-apprentissage,Duolingo,aprende un idioma,5,40,247,67,0.61
langues-apprentissage,Duolingo,aprender coreano gratis,5,82,250,2,2.29
langues-apprentissage,Duolingo,aprender frances fácil,5,35,42,14,0.91
langues-apprentissage,Duolingo,aprender francés facil,5,35,42,14,0.91
langues-apprentissage,Duolingo,aprender francés fácil,5,40,249,142,0.53
langues-apprentissage,Duolingo,aprender idiomas fácil,5,46,245,71,0.61
langues-apprentissage,Duolingo,aprender ingles basico,5,40,240,197,0.50
langues-apprentissage,Duolingo,aprender ingles con música,5,75,62,3,1.74
langues-apprentissage,Duolingo,aprender ingles con videos,5,40,239,101,0.56
langues-apprentissage,Duolingo,aprender ingles americano,5,40,236,114,0.55
langues-apprentissage,Duolingo,aprender ingles rápido,5,77,234,172,0.51
langues-apprentissage,Duolingo,aprender inglés con musica,5,36,62,12,0.96
langues-apprentissage,Duolingo,aprender inglés con música,5,75,62,6,1.24
langues-apprentissage,Duolingo,aprende ingles con musica,5,75,58,5,1.34
langues-apprentissage,Duolingo,social ring,5,65,145,73,0.60
langues-apprentissage,Duolingo,aprender ingles gratis con música,5,75,59,8,1.10
langues-apprentissage,Duolingo,ingles fácil,5,82,245,2,2.29
langues-apprentissage,Duolingo,learn languages with videos,5,40,246,180,0.51
langues-apprentissage,Duolingo,practice languages,5,95,248,1,5.00
langues-apprentissage,Duolingo,learn english for free,5,91,248,2,2.29
langues-apprentissage,Duolingo,language learning game,5,92,247,3,1.74
langues-apprentissage,Duolingo,chime com,5,80,142,85,0.58
langues-apprentissage,Duolingo,moth games,5,89,248,5,1.34
langues-apprentissage,Duolingo,longs peak,5,33,57,41,0.68
langues-apprentissage,Duolingo,học tiếng anh,5,96,248,1,5.00
langues-apprentissage,Duolingo,تعلم انكليزي,5,96,249,1,5.00
langues-apprentissage,Duolingo,اللغة الإنجليزي,5,40,246,169,0.51
langues-apprentissage,Duolingo,الانجليزي,5,86,248,1,5.00
langues-apprentissage,Duolingo,تعلم اللغة الانجليزي,5,48,243,184,0.51
langues-apprentissage,Duolingo,اللغة الانكليزي,5,69,1,1,5.00
langues-apprentissage,Duolingo,two dots one line,5,96,224,219,0.49
langues-apprentissage,Duolingo,guitar open d,5,59,22,11,0.98
langues-apprentissage,Duolingo,music legend,5,37,159,24,0.78
langues-apprentissage,Duolingo,vocab puzzle game,5,,194,102,0.56
langues-apprentissage,Duolingo,gå 10,5,84,149,116,0.55
langues-apprentissage,Duolingo,gå10,5,79,166,126,0.54
langues-apprentissage,Duolingo,phần mềm đi bộ,5,77,83,45,0.67
langues-apprentissage,Duolingo,learn new word,5,88,245,96,0.57
langues-apprentissage,Duolingo,place cards,5,52,143,71,0.61
langues-apprentissage,Duolingo,baby learn speak,5,34,110,17,0.86
langues-apprentissage,Duolingo,one tap sticker,5,95,18,12,0.96
langues-apprentissage,Duolingo,one tap stickers,5,82,34,10,1.02
langues-apprentissage,Duolingo,one tap ap,5,98,186,147,0.53
langues-apprentissage,Duolingo,sticker one tap,5,82,34,10,1.02
langues-apprentissage,Duolingo,stickers one tap,5,82,34,10,1.02
langues-apprentissage,Duolingo,portugal match,5,92,12,6,1.24
langues-apprentissage,Duolingo,يلا كورة تعيش,5,92,275,2,2.29
langues-apprentissage,Duolingo,word game lingo,5,59,190,110,0.56
langues-apprentissage,Duolingo,kidslanguage,5,52,241,35,0.71
langues-apprentissage,Duolingo,1st year,5,52,213,164,0.52
langues-apprentissage,Duolingo,din din don,5,71,37,23,0.79
langues-apprentissage,Duolingo,jape,5,44,247,5,1.34
langues-apprentissage,Duolingo,zigs,5,35,104,83,0.59
langues-apprentissage,Duolingo,mwah,5,93,246,15,0.89
langues-apprentissage,Duolingo,kpop coaching,5,75,17,16,0.87
langues-apprentissage,Duolingo,iready,5,96,183,21,0.81
langues-apprentissage,Duolingo,a to z kids learning,5,57,193,47,0.66
langues-apprentissage,Duolingo,easy training plans,5,17,203,30,0.74
langues-apprentissage,Duolingo,kinderpuzzle ab 2,5,35,94,56,0.64
langues-apprentissage,Duolingo,english notebook,5,82,224,130,0.54
langues-apprentissage,Duolingo,language youtube,5,40,247,107,0.56
langues-apprentissage,Duolingo,simple english learning,5,90,114,45,0.67
langues-apprentissage,Duolingo,vide teacher,5,39,195,53,0.64
langues-apprentissage,Duolingo,kinderen puzzels,5,40,129,54,0.64
langues-apprentissage,Duolingo,voor kinderen en,5,85,246,152,0.52
langues-apprentissage,Duolingo,kinderen en,5,85,250,175,0.51
langues-apprentissage,Duolingo,leren rekenen,5,36,62,29,0.74
langues-apprentissage,Duolingo,aprende italiano gratis,5,46,247,197,0.50
langues-apprentissage,Duolingo,aprender portuguese gratis,5,40,244,191,0.50
langues-apprentissage,Duolingo,aprender idiomas facil,5,46,246,71,0.61
langues-apprentissage,Duolingo,apprendre les langues en musique,5,73,15,4,1.49
langues-apprentissage,Duolingo,ewa english: apprendre anglais,5,50,247,90,0.58
langues-apprentissage,Duolingo,子供英語,5,96,112,5,1.34
langues-apprentissage,Duolingo,cake英会話,5,58,9,7,1.16
langues-apprentissage,Duolingo,英語 アプリ,5,70,245,3,1.74
langues-apprentissage,Duolingo,えいご,5,70,243,8,1.10
langues-apprentissage,Duolingo,英語勉強,5,48,198,131,0.54
langues-apprentissage,Duolingo,تعلم الانجليزية,5,85,247,1,5.00
langues-apprentissage,Duolingo,kelime oyunu internetsiz,5,93,246,212,0.49
langues-apprentissage,Duolingo,internetsiz kelime oyunu,5,40,241,201,0.50
langues-apprentissage,Duolingo,flashcards remember,5,76,242,114,0.55
langues-apprentissage,Duolingo,8bio,5,90,33,24,0.78
langues-apprentissage,Duolingo,ingilizce kelime öğrenme,5,40,201,52,0.65
langues-apprentissage,Duolingo,Class 10th,5,100,242,67,0.61
langues-apprentissage,Duolingo,vkos,5,34,22,11,0.98
langues-apprentissage,Duolingo,curso español,5,44,250,89,0.58
langues-apprentissage,Duolingo,plural,5,50,72,11,0.98
langues-apprentissage,Duolingo,一点英语,5,100,223,10,1.02
langues-apprentissage,Duolingo,duolingo spanish grammar,5,40,238,20,0.82
langues-apprentissage,Duolingo,c toon,5,89,244,239,0.48
langues-apprentissage,Duolingo,学国字,5,47,240,84,0.59
langues-apprentissage,Duolingo,chinese learning game,5,90,246,9,1.06
langues-apprentissage,Duolingo,10 minute spanish,5,85,246,4,1.49
langues-apprentissage,Duolingo,innovative language learning,5,95,247,3,1.74
langues-apprentissage,Duolingo,kinder world,5,64,203,188,0.50
langues-apprentissage,Duolingo,super cool,5,98,243,80,0.59
langues-apprentissage,Duolingo,learn hungarian,5,,175,2,2.29
langues-apprentissage,Duolingo,spanisch aprender,5,40,232,165,0.52
langues-apprentissage,Duolingo,spanisch a2,5,40,240,150,0.52
langues-apprentissage,Duolingo,business cards reading,5,48,108,66,0.62
langues-apprentissage,Duolingo,dersler,5,47,244,108,0.56
langues-apprentissage,Duolingo,dersleri,5,40,243,223,0.49
langues-apprentissage,Duolingo,amazing test,5,88,232,172,0.51
langues-apprentissage,Duolingo,amazing clever,5,72,8,5,1.34
langues-apprentissage,Duolingo,smart amazing,5,84,192,143,0.53
langues-apprentissage,Duolingo,test amazing,5,87,237,194,0.50
langues-apprentissage,Duolingo,clever amazing,5,72,7,5,1.34
langues-apprentissage,Duolingo,uygulamalar,5,96,249,219,0.49
langues-apprentissage,Duolingo,italino,5,91,250,4,1.49
langues-apprentissage,Duolingo,çalışma,5,,123,101,0.56
langues-apprentissage,Duolingo,duolingo ingilizce,5,82,245,1,5.00
langues-apprentissage,Duolingo,global language,5,59,241,78,0.59
langues-apprentissage,Duolingo,a2 español,5,40,243,116,0.55
langues-apprentissage,Duolingo,b1 español,5,40,249,222,0.49
langues-apprentissage,Duolingo,estudos,5,97,248,11,0.98
langues-apprentissage,Duolingo,learn english 1000 word game,5,59,239,71,0.61
langues-apprentissage,Duolingo,get loans,5,83,184,182,0.51
langues-apprentissage,Duolingo,place open,5,86,63,45,0.67
langues-apprentissage,Duolingo,ngủ,5,81,245,100,0.57
langues-apprentissage,Duolingo,translation pronunciation,5,66,222,47,0.66
langues-apprentissage,Duolingo,language translater,5,,244,26,0.76
langues-apprentissage,Duolingo,essen videos,5,80,231,136,0.53
langues-apprentissage,Duolingo,đi ngủ,5,2,154,13,0.93
langues-apprentissage,Duolingo,new languages,5,94,248,1,5.00
langues-apprentissage,Duolingo,khan academy online courses,5,66,245,240,0.48
langues-apprentissage,Duolingo,bbc skill,5,85,105,64,0.62
langues-apprentissage,Duolingo,khan academy eng,5,40,250,170,0.51
langues-apprentissage,Duolingo,toeicbooks,5,40,250,230,0.49
langues-apprentissage,Duolingo,cursos de ing,5,40,247,107,0.56
langues-apprentissage,Duolingo,eedx,5,68,127,123,0.54
langues-apprentissage,Duolingo,ed2x,5,97,249,232,0.49
langues-apprentissage,Duolingo,tưd talk,5,84,211,154,0.52
langues-apprentissage,Duolingo,foreign language learning app,5,98,248,1,5.00
langues-apprentissage,Duolingo,learn foreign language,5,97,247,1,5.00
langues-apprentissage,Duolingo,how to learn language,5,86,248,1,5.00
langues-apprentissage,Duolingo,learn spanish language,5,85,242,64,0.62
langues-apprentissage,Duolingo,apps kosovo,5,55,92,16,0.87
langues-apprentissage,Duolingo,writing teacher,5,85,78,28,0.75
langues-apprentissage,Duolingo,italian master,5,30,241,229,0.49
langues-apprentissage,Duolingo,learn-spanish,5,90,248,1,5.00
langues-apprentissage,Duolingo,newganes,5,97,244,88,0.58
langues-apprentissage,Duolingo,due now,5,75,29,15,0.89
langues-apprentissage,Duolingo,arab music,5,41,188,23,0.79
langues-apprentissage,Duolingo,mate heart,5,38,172,121,0.55
langues-apprentissage,Duolingo,educative apps,5,94,248,6,1.24
langues-apprentissage,Duolingo,link in bio\,5,63,222,165,0.52
langues-apprentissage,Duolingo,easyten,5,93,232,3,1.74
langues-apprentissage,Duolingo,home learning,5,47,246,183,0.51
langues-apprentissage,Duolingo,spanisch vokabel,5,40,247,108,0.56
langues-apprentissage,Duolingo,entrainement course,5,94,211,186,0.51
langues-apprentissage,Duolingo,violin skills,5,71,5,2,2.29
langues-apprentissage,Duolingo,greendot com,5,85,243,92,0.58
langues-apprentissage,Duolingo,grendot,5,77,66,64,0.62
langues-apprentissage,Duolingo,falou app,5,,248,2,2.29
langues-apprentissage,Duolingo,deutsch grammar verb,5,31,30,23,0.79
langues-apprentissage,Duolingo,"deutsch lernen,5,40,242,154,0.52
langues-apprentissage,Duolingo,top 5 german apps,5,81,185,9,1.06
langues-apprentissage,Duolingo,aprender alemão,5,40,242,12,0.96
langues-apprentissage,Duolingo,nitro gram,5,91,237,94,0.57
langues-apprentissage,Duolingo,top-up transfer,5,39,58,29,0.74
langues-apprentissage,Duolingo,bereel,5,95,247,130,0.54
langues-apprentissage,Duolingo,practica ingles,5,92,246,5,1.34
langues-apprentissage,Duolingo,english lesson,5,87,240,2,2.29
langues-apprentissage,Duolingo,falouapp,5,77,248,2,2.29
langues-apprentissage,Duolingo,learn languagr,5,90,247,1,5.00
langues-apprentissage,Duolingo,best news app,5,97,243,19,0.83
langues-apprentissage,Duolingo,reading plus,5,89,247,7,1.16
langues-apprentissage,Duolingo,language learning kids,5,87,247,3,1.74
langues-apprentissage,Duolingo,the good and the beautiful,5,68,101,96,0.57
langues-apprentissage,Duolingo,tofugu,5,44,245,218,0.49
langues-apprentissage,Duolingo,blooket com,5,90,40,15,0.89
langues-apprentissage,Duolingo,3gp,5,76,222,220,0.49
langues-apprentissage,Duolingo,learn to read duolingo abc,5,94,247,2,2.29
langues-apprentissage,Duolingo,letmespeak,5,46,38,23,0.79
langues-apprentissage,Duolingo,speakly learn languages fast,5,84,248,4,1.49
langues-apprentissage,Duolingo,10 minute english,5,90,243,8,1.10
langues-apprentissage,Duolingo,greenfot,5,81,99,95,0.57
langues-apprentissage,Duolingo,leaning french,5,92,248,2,2.29
langues-apprentissage,Duolingo,fransızca öğren,5,,38,3,1.74
langues-apprentissage,Duolingo,language for kids,5,83,244,1,5.00
langues-apprentissage,Duolingo,language apps for kids,5,87,246,1,5.00
langues-apprentissage,Duolingo,language app for kids,5,79,245,2,2.29
langues-apprentissage,Duolingo,imparare con i giochi,5,75,68,18,0.84
langues-apprentissage,Duolingo,learn to speak,5,100,246,2,2.29
langues-apprentissage,Duolingo,bahasa,5,88,250,2,2.29
langues-apprentissage,Duolingo,aprende espanhol,5,83,242,5,1.34
langues-apprentissage,Duolingo,espanhol gratis,5,46,250,178,0.51
langues-apprentissage,Duolingo,curso espanhol,5,88,250,3,1.74
langues-apprentissage,Duolingo,app para aprender espanhol,5,83,247,3,1.74
langues-apprentissage,Duolingo,听力,5,69,220,201,0.50
langues-apprentissage,Duolingo,外语,5,90,248,1,5.00
langues-apprentissage,Duolingo,语法酷,5,38,84,29,0.74
langues-apprentissage,Duolingo,每日法语,5,92,236,3,1.74
langues-apprentissage,Duolingo,awsome game,5,95,234,16,0.87
langues-apprentissage,Duolingo,french language quiz,5,88,48,7,1.16
langues-apprentissage,Duolingo,french word test,5,32,42,17,0.86
langues-apprentissage,Duolingo,english speak,5,94,247,116,0.55
langues-apprentissage,Duolingo,abc per bambini,5,72,83,39,0.69
langues-apprentissage,Duolingo,app gratis per bambini,5,40,246,235,0.49
langues-apprentissage,Duolingo,app per bambini gratis,5,44,244,153,0.52
langues-apprentissage,Duolingo,gratis per bambini,5,78,218,114,0.55
langues-apprentissage,Duolingo,imparare l'italiano per bambini,5,37,137,40,0.69
langues-apprentissage,Duolingo,leran math,5,91,247,9,1.06
langues-apprentissage,Duolingo,japanese app,5,52,246,15,0.89
langues-apprentissage,Duolingo,albanan,5,39,190,136,0.53
langues-apprentissage,Duolingo,dictionary german,5,,151,7,1.16
langues-apprentissage,Duolingo,flash cards language,5,85,245,120,0.55
langues-apprentissage,Duolingo,language learning korean,5,85,247,6,1.24
langues-apprentissage,Duolingo,cyrillic,5,,224,24,0.78
langues-apprentissage,Duolingo,amazon halo,5,73,25,21,0.81
langues-apprentissage,Duolingo,taginfo,5,62,78,52,0.65
langues-apprentissage,Duolingo,learning latin,5,,204,3,1.74
langues-apprentissage,Duolingo,topg,5,43,27,25,0.77
langues-apprentissage,Duolingo,học tiếng trung,5,91,228,3,1.74
langues-apprentissage,Duolingo,学习葡萄牙语,5,39,189,87,0.58
langues-apprentissage,Duolingo,学日语,5,78,248,1,5.00
langues-apprentissage,Duolingo,clip drop,5,60,130,124,0.54
langues-apprentissage,Duolingo,how long,5,69,167,112,0.55
langues-apprentissage,Duolingo,creole bible,5,61,134,39,0.69
langues-apprentissage,Duolingo,pop lr,5,66,164,156,0.52
langues-apprentissage,Duolingo,aprenda inglês,5,98,235,3,1.74
langues-apprentissage,Duolingo,learn languange,5,89,247,1,5.00
langues-apprentissage,Duolingo,doodle pages,5,41,204,57,0.63
langues-apprentissage,Duolingo,学法语!,5,42,244,50,0.65
langues-apprentissage,Duolingo,学习法语 - 免费,5,49,247,107,0.56
langues-apprentissage,Duolingo,学法语,5,92,245,1,5.00
langues-apprentissage,Duolingo,make video game clips,5,96,47,33,0.72
langues-apprentissage,Duolingo,puerto rican spanish,5,47,248,18,0.84
langues-apprentissage,Duolingo,abc duo,5,,237,235,0.49
langues-apprentissage,Duolingo,spanish teaching,5,90,245,1,5.00
langues-apprentissage,Duolingo,know how,5,43,220,219,0.49
langues-apprentissage,Duolingo,wordup learn english words,5,74,244,92,0.58
langues-apprentissage,Duolingo,learn dutch free,5,83,245,3,1.74
langues-apprentissage,Duolingo,cake or fake,5,69,35,25,0.77
langues-apprentissage,Duolingo,learn french with music,5,40,230,204,0.50
langues-apprentissage,Duolingo,learn italian with music,5,40,222,204,0.50
langues-apprentissage,Duolingo,apprentissage de l'espagnol,5,38,173,51,0.65
langues-apprentissage,Duolingo,apprentissage de l'anglais,5,40,243,108,0.56
langues-apprentissage,Duolingo,apprentissage des langues gratuit,5,43,250,67,0.61
langues-apprentissage,Duolingo,apprentissage de l'allemand gratuit,5,46,161,60,0.63
langues-apprentissage,Duolingo,apprendre le turc rapidement,5,32,48,19,0.83
langues-apprentissage,Duolingo,apprentissage du français,5,35,94,11,0.98
langues-apprentissage,Duolingo,apprendre le turc gratuitement,5,82,240,10,1.02
langues-apprentissage,Duolingo,apprendre les langues rapidement,5,40,247,45,0.67
langues-apprentissage,Duolingo,aprender alemán,5,46,241,157,0.52
langues-apprentissage,Duolingo,aprender alemán gratis,5,40,249,70,0.61
langues-apprentissage,Duolingo,aprender portugués gratis,5,83,248,3,1.74
langues-apprentissage,Duolingo,aprende portugués,5,83,248,2,2.29
langues-apprentissage,Duolingo,aprende idiomas s con música,5,40,246,40,0.69
langues-apprentissage,Duolingo,let me be,5,69,86,65,0.62
langues-apprentissage,Duolingo,mochimochi,5,46,115,55,0.64
langues-apprentissage,Duolingo,anki language,5,89,247,3,1.74
langues-apprentissage,Duolingo,quick learning,5,88,247,1,5.00
langues-apprentissage,Duolingo,muisc lessons,5,85,248,96,0.57
langues-apprentissage,Duolingo,tools zone,5,47,69,43,0.68
langues-apprentissage,Duolingo,memory lineup,5,74,10,7,1.16
langues-apprentissage,Duolingo,wonderium,5,46,34,31,0.73
langues-apprentissage,Duolingo,luyện nghe tiếng anh,5,41,243,53,0.64
langues-apprentissage,Duolingo,luyện nghe tiếng trung,5,54,248,39,0.69
langues-apprentissage,Duolingo,german for beginner,5,,190,149,0.53
langues-apprentissage,Duolingo,basic Spanish,5,90,248,8,1.10
langues-apprentissage,Duolingo,ดัชนี,5,65,34,27,0.76
langues-apprentissage,Duolingo,duolingo english test practice,5,90,243,1,5.00
langues-apprentissage,Duolingo,doglingo,5,87,248,1,5.00
langues-apprentissage,Duolingo,dogolingo,5,86,248,1,5.00
langues-apprentissage,Duolingo,dogjo,5,98,248,5,1.34
langues-apprentissage,Duolingo,ELSA: Learn And Speak English,5,86,244,7,1.16
langues-apprentissage,Duolingo,німецька,5,95,16,5,1.34
langues-apprentissage,Duolingo,іспанська,5,84,249,1,5.00
langues-apprentissage,Duolingo,польська,5,83,110,9,1.06
langues-apprentissage,Duolingo,tyskt,5,31,42,15,0.89
langues-apprentissage,Duolingo,franska,5,77,246,32,0.73
langues-apprentissage,Duolingo,turski,5,82,227,5,1.34
langues-apprentissage,Duolingo,señor,5,57,156,57,0.63
langues-apprentissage,Duolingo,inglizce öğren,5,40,242,98,0.57
langues-apprentissage,Duolingo,pin to lock screen,5,4,147,97,0.57
langues-apprentissage,Duolingo,aprender íngles,5,25,232,81,0.59
langues-apprentissage,Duolingo,french flashcard for learning,5,,194,12,0.96
langues-apprentissage,Duolingo,courez,5,77,124,12,0.96
langues-apprentissage,Duolingo,qui est le plus,5,89,37,8,1.10
langues-apprentissage,Duolingo,galo,5,45,238,209,0.50
langues-apprentissage,Duolingo,math games for,5,82,243,32,0.73
langues-apprentissage,Duolingo,dominican spanish,5,83,245,4,1.49
langues-apprentissage,Duolingo,10 minutes english,5,86,248,20,0.82
langues-apprentissage,Duolingo,lern english,5,93,248,2,2.29
langues-apprentissage,Duolingo,hey owl,5,75,30,1,5.00
langues-apprentissage,Duolingo,instamoney,5,49,122,118,0.55
langues-apprentissage,Duolingo,new target,5,64,79,44,0.67
langues-apprentissage,Duolingo,學習,5,86,233,215,0.49
langues-apprentissage,Duolingo,me perfect,5,74,228,203,0.50
langues-apprentissage,Duolingo,tópicos,5,,195,117,0.55
langues-apprentissage,Duolingo,language languages,5,83,246,1,5.00
langues-apprentissage,Duolingo,englischtrainer,5,57,116,20,0.82
langues-apprentissage,Duolingo,Becool,5,84,154,98,0.57
langues-apprentissage,Duolingo,Learning Pages,5,87,243,169,0.51
langues-apprentissage,Duolingo,language learnig,5,90,246,1,5.00
langues-apprentissage,Duolingo,yabancı,5,48,78,32,0.73
langues-apprentissage,Duolingo,learn twi,5,54,229,226,0.49
langues-apprentissage,Duolingo,max tik tok,5,83,145,71,0.61
langues-apprentissage,Duolingo,get to know me,5,47,169,154,0.52
langues-apprentissage,Duolingo,spanish books,5,58,202,46,0.67
langues-apprentissage,Duolingo,learn english easily,5,,240,4,1.49
langues-apprentissage,Duolingo,app all,5,,243,92,0.58
langues-apprentissage,Duolingo,zing cam,5,93,14,10,1.02
langues-apprentissage,Duolingo,belajar bahasa,5,90,250,2,2.29
langues-apprentissage,Duolingo,course link,5,,187,172,0.51
langues-apprentissage,Duolingo,no-language,5,71,246,108,0.56
langues-apprentissage,Duolingo,aplicație,5,67,179,52,0.65
langues-apprentissage,Duolingo,ed place,5,81,45,22,0.80
langues-apprentissage,Duolingo,2023 hindi,5,75,33,10,1.02
langues-apprentissage,Duolingo,Let's Get Deep,5,84,69,63,0.62
langues-apprentissage,Duolingo,学法文,5,42,222,87,0.58
langues-apprentissage,Duolingo,break off,5,37,81,62,0.62
langues-apprentissage,Duolingo,españa 2023,5,96,26,10,1.02
langues-apprentissage,Duolingo,screen flash,5,41,203,197,0.50
langues-apprentissage,Duolingo,учить испанский,5,92,250,2,2.29
langues-apprentissage,Duolingo,duolingo reading,5,,232,2,2.29
langues-apprentissage,Duolingo,kazakh,5,91,100,5,1.34
langues-apprentissage,Duolingo,казахский,5,47,76,22,0.80
langues-apprentissage,Duolingo,yuspeak,5,,41,37,0.70
langues-apprentissage,Duolingo,simple ai art,5,73,46,38,0.70
langues-apprentissage,Duolingo,italia 2023,5,95,33,9,1.06
langues-apprentissage,Duolingo,الثلث الأخير من الليل,5,90,250,2,2.29
langues-apprentissage,Duolingo,정답,5,,66,32,0.73
langues-apprentissage,Duolingo,learn czech,5,,94,3,1.74
langues-apprentissage,Duolingo,facile infos,5,79,20,5,1.34
langues-apprentissage,Duolingo,5min,5,,239,166,0.52
langues-apprentissage,Duolingo,aprende idiomas facil,5,46,242,93,0.57
langues-apprentissage,Duolingo,aprende inglés con musica,5,76,58,4,1.49
langues-apprentissage,Duolingo,ders,5,91,250,1,5.00
langues-apprentissage,Duolingo,apprendre l'anglais avec la musique,5,87,187,16,0.87
langues-apprentissage,Duolingo,apprendre l'anglais avec des vidéos,5,58,212,180,0.51
langues-apprentissage,Duolingo,apprendre l'anglais rapidement,5,82,244,8,1.10
langues-apprentissage,Duolingo,apprendre l'anglais facile,5,42,247,11,0.98
langues-apprentissage,Duolingo,l'apprentissage des langues,5,40,247,49,0.66
langues-apprentissage,Duolingo,l'apprentissage de l'anglais,5,40,245,114,0.55
langues-apprentissage,Duolingo,apprentissage de l'anglais.,5,40,244,160,0.52
langues-apprentissage,Duolingo,apprentissage des langues,5,86,209,4,1.49
langues-apprentissage,Duolingo,live lingua,5,72,21,3,1.74
langues-apprentissage,Duolingo,learn engli]sh words,5,42,247,109,0.56
langues-apprentissage,Duolingo,language learning with music,5,47,245,79,0.59
langues-apprentissage,Duolingo,impara il portoghese,5,72,2,2,2.29
langues-apprentissage,Duolingo,impara il turco,5,76,35,2,2.29
langues-apprentissage,Duolingo,impara l'inglese americano,5,36,71,34,0.71
langues-apprentissage,Duolingo,impara l'inglese con i video,5,73,14,5,1.34
langues-apprentissage,Duolingo,impara l'inglese con la musica,5,40,178,81,0.59
langues-apprentissage,Duolingo,impara l'inglese facile,5,56,29,17,0.86
langues-apprentissage,Duolingo,impara l'italiano,5,89,21,9,1.06
langues-apprentissage,Duolingo,impara le lingue facilmente,5,40,249,149,0.53
langues-apprentissage,Duolingo,impara le lingue gratis,5,96,249,1,5.00
langues-apprentissage,Duolingo,l'apprendimento dell'inglese,5,40,240,172,0.51
langues-apprentissage,Duolingo,fluyo,5,66,249,7,1.16
langues-apprentissage,Duolingo,ngo plus,5,78,203,99,0.57
langues-apprentissage,Duolingo,zamerican,5,,95,2,2.29
langues-apprentissage,Duolingo,Bio Read,5,98,244,189,0.50
langues-apprentissage,Duolingo,ring fing,5,,136,133,0.54
langues-apprentissage,Duolingo,duel & earn,5,53,6,5,1.34
langues-apprentissage,Duolingo,for bereal,5,88,242,155,0.52
langues-apprentissage,Duolingo,ぴあの,5,85,202,71,0.61
langues-apprentissage,Duolingo,ぴあの 練習,5,76,174,16,0.87
langues-apprentissage,Duolingo,ピアノ　練習,5,73,44,15,0.89
langues-apprentissage,Duolingo,ピアノ　アプリ,5,77,166,126,0.54
langues-apprentissage,Duolingo,ピアノ3,5,70,30,29,0.74
langues-apprentissage,Duolingo,ピアノ ゲーム,5,91,177,9,1.06
langues-apprentissage,Duolingo,update my phone,5,,232,89,0.58
langues-apprentissage,Duolingo,boost your english,5,87,246,10,1.02
langues-apprentissage,Duolingo,rain journal,5,80,19,10,1.02
langues-apprentissage,Duolingo,Open Ak,5,34,161,161,0.52
langues-apprentissage,Duolingo,videogame log,5,90,95,39,0.69
langues-apprentissage,Duolingo,videogame social,5,40,197,152,0.52
langues-apprentissage,Duolingo,chatgpt francais,5,87,248,233,0.49
langues-apprentissage,Duolingo,rocket spanish,5,93,244,4,1.49
langues-apprentissage,Duolingo,map hello,5,26,146,97,0.57
langues-apprentissage,Duolingo,交流电,5,80,10,2,2.29
langues-apprentissage,Duolingo,learning lessons,5,,241,27,0.76
langues-apprentissage,Duolingo,languages learning,5,90,248,1,5.00
langues-apprentissage,Duolingo,know me.,5,40,222,196,0.50
langues-apprentissage,Duolingo,do you know?,5,61,212,199,0.50
langues-apprentissage,Duolingo,how do you know me,5,55,100,86,0.58
langues-apprentissage,Duolingo,how you know me,5,55,97,70,0.61
langues-apprentissage,Duolingo,adults never have i ever,5,42,210,204,0.50
langues-apprentissage,Duolingo,drunk games couples,5,94,240,46,0.67
langues-apprentissage,Duolingo,ingilizce kelime ogren,5,40,194,57,0.63
langues-apprentissage,Duolingo,langauge learning,5,90,248,1,5.00
langues-apprentissage,Duolingo,hán tự,5,64,243,113,0.55
langues-apprentissage,Duolingo,aprende new,5,45,247,69,0.61
langues-apprentissage,Duolingo,bored games for adults,5,91,242,62,0.62
langues-apprentissage,Duolingo,readingcom,5,93,248,174,0.51
langues-apprentissage,Duolingo,nibble power,5,16,12,9,1.06
langues-apprentissage,Duolingo,lingvano sign,5,44,15,13,0.93
langues-apprentissage,Duolingo,screen cap,5,58,215,211,0.49
langues-apprentissage,Duolingo,旅行日语,5,64,242,25,0.77
langues-apprentissage,Duolingo,国語辞書 無料,5,54,238,102,0.56
langues-apprentissage,Duolingo,Manyo,5,50,247,220,0.49
langues-apprentissage,Duolingo,leraning games,5,96,245,7,1.16
langues-apprentissage,Duolingo,uchi ai,5,54,3,2,2.29
langues-apprentissage,Duolingo,dreaming spanish,5,93,246,2,2.29
langues-apprentissage,Duolingo,Baby signing,5,51,39,28,0.75
langues-apprentissage,Duolingo,aprenda ingles,5,84,216,4,1.49
langues-apprentissage,Duolingo,aprende inglês,5,40,230,17,0.86
langues-apprentissage,Duolingo,aprender inglês,5,84,236,2,2.29
langues-apprentissage,Duolingo,Green Tube,5,37,52,40,0.69
langues-apprentissage,Duolingo,didn't,5,98,50,34,0.71
langues-apprentissage,Duolingo,home education,5,47,248,97,0.57
langues-apprentissage,Duolingo,moji pops,5,94,194,5,1.34
langues-apprentissage,Duolingo,french practice,5,100,248,4,1.49
langues-apprentissage,Duolingo,تعلم الإنجليزية,5,84,248,1,5.00
langues-apprentissage,Duolingo,ogren,5,40,239,223,0.49
langues-apprentissage,Duolingo,learn french game,5,88,248,8,1.10
langues-apprentissage,Duolingo,dua lipa,5,78,208,1,5.00
langues-apprentissage,Duolingo,ingilizce kelime ezber,5,39,187,78,0.59
langues-apprentissage,Duolingo,free app app,5,97,248,76,0.60
langues-apprentissage,Duolingo,app for free,5,95,248,79,0.59
langues-apprentissage,Duolingo,app app for free,5,93,248,25,0.77
langues-apprentissage,Duolingo,free iphone app,5,97,248,82,0.59
langues-apprentissage,Duolingo,iphone free app,5,97,248,82,0.59
langues-apprentissage,Duolingo,max：more,5,90,171,149,0.53
langues-apprentissage,Duolingo,minute spanish,5,40,30,26,0.76
langues-apprentissage,Duolingo,martese,5,82,102,10,1.02
langues-apprentissage,Duolingo,learn a new word every day,5,77,243,191,0.50
langues-apprentissage,Duolingo,learn english language,5,87,245,1,5.00
langues-apprentissage,Duolingo,Fun Learning App,5,93,245,3,1.74
langues-apprentissage,Duolingo,su dua.com!,5,38,174,38,0.70
langues-apprentissage,Duolingo,dua.com è,5,94,241,9,1.06
langues-apprentissage,Duolingo,qui per,5,90,62,35,0.71
langues-apprentissage,Duolingo,vooscreen,5,85,186,2,2.29
langues-apprentissage,Duolingo,prime video®,5,98,219,125,0.54
langues-apprentissage,Duolingo,languages math,5,,245,1,5.00
langues-apprentissage,Duolingo,habla español,5,29,236,116,0.55
langues-apprentissage,Duolingo,duolingo max,5,95,248,1,5.00
langues-apprentissage,Duolingo,abc duolingo,5,77,247,2,2.29
langues-apprentissage,Duolingo,language learning spanish,5,93,245,1,5.00
langues-apprentissage,Duolingo,spanish reading,5,50,202,13,0.93
langues-apprentissage,Duolingo,get ready with me,5,98,171,154,0.52
langues-apprentissage,Duolingo,learning english for beginners,5,44,249,31,0.73
langues-apprentissage,Duolingo,language teacher,5,98,247,1,5.00
langues-apprentissage,Duolingo,line them up,5,,172,156,0.52
langues-apprentissage,Duolingo,learning spanish for beginners,5,98,245,1,5.00
langues-apprentissage,Duolingo,ai game tool,5,84,124,92,0.58
langues-apprentissage,Duolingo,learning first words,5,75,212,154,0.52
langues-apprentissage,Duolingo,send credit,5,69,113,42,0.68
langues-apprentissage,Duolingo,top apps for iphone,5,96,244,28,0.75
langues-apprentissage,Duolingo,links in bio,5,53,229,204,0.50
langues-apprentissage,Duolingo,blooklet,5,90,122,7,1.16
langues-apprentissage,Duolingo,the weight loss & fat loss аpp,5,81,22,17,0.86
langues-apprentissage,Duolingo,كورسات اون لاين,5,38,173,40,0.69
langues-apprentissage,Duolingo,espelhar app,5,88,206,40,0.69
langues-apprentissage,Duolingo,multi language,5,48,197,22,0.80
langues-apprentissage,Duolingo,aprenda idiomas,5,86,247,2,2.29
langues-apprentissage,Duolingo,revisapp,5,85,27,7,1.16
langues-apprentissage,Duolingo,masters amazing,5,,139,34,0.71
langues-apprentissage,Duolingo,무료채팅어플,5,87,242,120,0.55
langues-apprentissage,Duolingo,como hablar,5,38,78,46,0.67
langues-apprentissage,Duolingo,beginner 10k,5,47,228,179,0.51
langues-apprentissage,Duolingo,chat gpt teachers,5,91,201,90,0.58
langues-apprentissage,Duolingo,japanese kanji keyboard,5,45,98,70,0.61
langues-apprentissage,Duolingo,angielski,5,48,111,11,0.98
langues-apprentissage,Duolingo,falau,5,89,241,2,2.29
langues-apprentissage,Duolingo,learn dating,5,,208,68,0.61
langues-apprentissage,Duolingo,belajar inggris,5,,250,5,1.34
langues-apprentissage,Duolingo,英会話アプリ,5,45,222,75,0.60
langues-apprentissage,Duolingo,ready to print,5,84,13,4,1.49
langues-apprentissage,Duolingo,preschool communication,5,82,207,31,0.73
langues-apprentissage,Duolingo,miễn phí,5,98,236,65,0.62
langues-apprentissage,Duolingo,공짜,5,74,79,13,0.93
langues-apprentissage,Duolingo,de graça,5,88,240,29,0.74
langues-apprentissage,Duolingo,za darmo,5,97,228,13,0.93
langues-apprentissage,Duolingo,dig & do,5,82,60,25,0.77
langues-apprentissage,Duolingo,Library Stickers,5,96,25,9,1.06
langues-apprentissage,Duolingo,Goal Puzzle,5,41,175,41,0.68
langues-apprentissage,Duolingo,bio page,5,47,89,51,0.65
langues-apprentissage,Duolingo,Tap Widgetsٖ,5,100,243,112,0.55
langues-apprentissage,Duolingo,ingilizce okuma,5,49,250,39,0.69
langues-apprentissage,Duolingo,ingilizce kitap,5,,219,24,0.78
langues-apprentissage,Duolingo,ders programı,5,40,86,29,0.74
langues-apprentissage,Duolingo,apsnish,5,90,247,1,5.00
langues-apprentissage,Duolingo,ABC Learners,5,75,185,17,0.86
langues-apprentissage,Duolingo,do you konw me?,5,55,112,88,0.58
langues-apprentissage,Duolingo,do you know me?,5,66,124,117,0.55
langues-apprentissage,Duolingo,spanish learning kids,5,82,246,4,1.49
langues-apprentissage,Duolingo,spanish learning game,5,95,247,6,1.24
langues-apprentissage,Duolingo,learn spanish easy,5,96,235,2,2.29
langues-apprentissage,Duolingo,learnenglishe,5,40,228,151,0.52
langues-apprentissage,Duolingo,learnengliash,5,40,241,133,0.54
langues-apprentissage,Duolingo,vocabulry,5,69,249,11,0.98
langues-apprentissage,Duolingo,learnenglish for kids,5,82,245,6,1.24
langues-apprentissage,Duolingo,word bit ingles,5,89,249,7,1.16
langues-apprentissage,Duolingo,8th grade reading,5,82,129,121,0.55
langues-apprentissage,Duolingo,volcabulary,5,69,249,11,0.98
langues-apprentissage,Duolingo,asl learn now,5,56,241,196,0.50
langues-apprentissage,Duolingo,lesrn new vocab,5,40,246,151,0.52
langues-apprentissage,Duolingo,day learn new,5,87,239,176,0.51
langues-apprentissage,Duolingo,lesrning new words,5,72,248,40,0.69
langues-apprentissage,Duolingo,pals prep,5,37,152,99,0.57
langues-apprentissage,Duolingo,learning vocab enlish,5,40,248,230,0.49
langues-apprentissage,Duolingo,learn new workds,5,55,245,169,0.51
langues-apprentissage,Duolingo,spanish flashcard for learning,5,,188,7,1.16
langues-apprentissage,Duolingo,bard by google,5,86,240,234,0.49
langues-apprentissage,Duolingo,Vocabularry,5,69,249,10,1.02
langues-apprentissage,Duolingo,Vocabluary,5,69,249,11,0.98
langues-apprentissage,Duolingo,green hell guide,5,93,4,4,1.49
langues-apprentissage,Duolingo,micro green,5,73,34,15,0.89
langues-apprentissage,Duolingo,anki new,5,57,78,50,0.65
langues-apprentissage,Duolingo,anki easy,5,75,210,102,0.56
langues-apprentissage,Duolingo,learning italian for beginners,5,85,249,1,5.00
langues-apprentissage,Duolingo,super school,5,69,226,179,0.51
langues-apprentissage,Duolingo,no screen,5,47,186,120,0.55
langues-apprentissage,Duolingo,vocabualry,5,69,249,11,0.98
langues-apprentissage,Duolingo,mirinae,5,,30,30,0.74
langues-apprentissage,Duolingo,вивчення,5,84,49,2,2.29
langues-apprentissage,Duolingo,Basic Units,5,30,22,12,0.96
langues-apprentissage,Duolingo,word-pal,5,94,247,30,0.74
langues-apprentissage,Duolingo,chatgpt免费,5,88,248,190,0.50
langues-apprentissage,Duolingo,japanese easy words,5,39,55,31,0.73
langues-apprentissage,Duolingo,simple apple music,5,86,63,26,0.76
langues-apprentissage,Duolingo,speak like me,5,93,249,178,0.51
langues-apprentissage,Duolingo,Ad-free dictionary,5,67,17,11,0.98
langues-apprentissage,Duolingo,due dat,5,65,209,193,0.50
langues-apprentissage,Duolingo,Mental Health Education,5,45,232,147,0.53
langues-apprentissage,Duolingo,langly,5,76,67,3,1.74
langues-apprentissage,Duolingo,تعليم الانجليزية,5,93,248,1,5.00
langues-apprentissage,Duolingo,تعلم اللغات,5,,248,1,5.00
langues-apprentissage,Duolingo,book learn english,5,82,248,3,1.74
langues-apprentissage,Duolingo,spanishdictionary com learning,5,,190,19,0.83
langues-apprentissage,Duolingo,sticker doodle,5,78,171,91,0.58
langues-apprentissage,Duolingo,com skills,5,34,95,50,0.65
langues-apprentissage,Duolingo,LearnEnglish words,5,78,247,212,0.49
langues-apprentissage,Duolingo,math mini game,5,60,165,47,0.66
langues-apprentissage,Duolingo,self-care connection,5,79,40,15,0.89
langues-apprentissage,Duolingo,ap english language,5,48,236,141,0.53
langues-apprentissage,Duolingo,english learning book,5,50,215,34,0.71
langues-apprentissage,Duolingo,学习语言,5,93,250,3,1.74
langues-apprentissage,Duolingo,piano lessons  learn piano,5,84,215,42,0.68
langues-apprentissage,Duolingo,tele doctor,5,53,174,94,0.57
langues-apprentissage,Duolingo,medical interpreter,5,82,168,2,2.29
langues-apprentissage,Duolingo,lola speak,5,92,31,5,1.34
langues-apprentissage,Duolingo,spanish lesosns,5,90,246,1,5.00
langues-apprentissage,Duolingo,1tap＆lets,5,7,88,29,0.74
langues-apprentissage,Duolingo,bling real,5,47,42,39,0.69
langues-apprentissage,Duolingo,Skill Master,5,52,224,187,0.51
langues-apprentissage,Duolingo,green deep,5,46,82,60,0.63
langues-apprentissage,Duolingo,buo,5,93,250,2,2.29
langues-apprentissage,Duolingo,a-b loop,5,79,178,111,0.55
langues-apprentissage,Duolingo,livros online gratis,5,92,248,20,0.82
langues-apprentissage,Duolingo,jogo online gratis,5,73,242,111,0.55
langues-apprentissage,Duolingo,chinese vocab,5,69,227,16,0.87
langues-apprentissage,Duolingo,beginner Chinese,5,38,214,203,0.50
langues-apprentissage,Duolingo,học tiếng Trung Quốc,5,52,240,9,1.06
langues-apprentissage,Duolingo,superpower learning,5,82,26,7,1.16
langues-apprentissage,Duolingo,minute french,5,53,26,21,0.81
langues-apprentissage,Duolingo,latvian,5,,198,33,0.72
langues-apprentissage,Duolingo,english skill,5,65,217,79,0.59
langues-apprentissage,Duolingo,i am now,5,90,214,174,0.51
langues-apprentissage,Duolingo,loop a-b,5,55,181,111,0.55
langues-apprentissage,Duolingo,برنامج الدوره,5,76,105,77,0.60
langues-apprentissage,Duolingo,לימוד אנגלית,5,85,79,3,1.74
langues-apprentissage,Duolingo,english gramar,5,40,245,53,0.64
langues-apprentissage,Duolingo,learn spanis,5,96,248,1,5.00
langues-apprentissage,Duolingo,languge,5,92,247,1,5.00
langues-apprentissage,Duolingo,dive buddy,5,38,46,34,0.71
langues-apprentissage,Duolingo,go home or go hoe,5,81,106,78,0.59
langues-apprentissage,Duolingo,R10w,5,76,93,72,0.60
langues-apprentissage,Duolingo,dil öğrenme oyunları,5,74,18,2,2.29
langues-apprentissage,Duolingo,Inglês para crianças,5,69,186,28,0.75
langues-apprentissage,Duolingo,ace up,5,42,187,162,0.52
langues-apprentissage,Duolingo,new blooms,5,98,246,182,0.51
langues-apprentissage,Duolingo,jogos de idiomas,5,82,245,6,1.24
langues-apprentissage,Duolingo,jogos para aprender ingles,5,87,238,5,1.34
langues-apprentissage,Duolingo,adult learning,5,94,248,6,1.24
langues-apprentissage,Duolingo,Love Legend,5,43,46,27,0.76
langues-apprentissage,Duolingo,read adhd,5,35,83,47,0.66
langues-apprentissage,Duolingo,Juegos para idiomas,5,44,244,85,0.58
langues-apprentissage,Duolingo,ai language teacher,5,65,247,52,0.65
langues-apprentissage,Duolingo,language practice,5,95,247,3,1.74
langues-apprentissage,Duolingo,how to help me,5,,44,37,0.70
langues-apprentissage,Duolingo,talking head,5,47,206,203,0.50
langues-apprentissage,Duolingo,ingilizce ogren,5,,219,15,0.89
langues-apprentissage,Duolingo,Learning Language Frech,5,48,243,175,0.51
langues-apprentissage,Duolingo,language quiz,5,91,246,4,1.49
langues-apprentissage,Duolingo,espanol+,5,51,244,116,0.55
langues-apprentissage,Duolingo,vocabulery,5,69,249,11,0.98
langues-apprentissage,Duolingo,bad days,5,39,184,66,0.62
langues-apprentissage,Duolingo,engels leren,5,80,132,2,2.29
langues-apprentissage,Duolingo,speakeng,5,96,247,4,1.49
langues-apprentissage,Duolingo,meditation skill,5,59,33,12,0.96
langues-apprentissage,Duolingo,Kingdom of god,5,52,65,40,0.69
langues-apprentissage,Duolingo,todo later,5,86,230,139,0.53
langues-apprentissage,Duolingo,edu apps,5,51,232,60,0.63
langues-apprentissage,Duolingo,Real Simple,5,90,192,96,0.57
langues-apprentissage,Duolingo,Practise languages,5,42,246,148,0.53
langues-apprentissage,Duolingo,photo pod,5,54,83,44,0.67
langues-apprentissage,Duolingo,frenches,5,61,195,73,0.60
langues-apprentissage,Duolingo,langotalk,5,96,250,5,1.34
langues-apprentissage,Duolingo,ai learn spanish,5,97,246,3,1.74
langues-apprentissage,Duolingo,learn Spanish ai,5,94,247,7,1.16
langues-apprentissage,Duolingo,spanish vocabularies,5,79,191,120,0.55
langues-apprentissage,Duolingo,live speaking english,5,33,53,29,0.74
langues-apprentissage,Duolingo,English Language App,5,44,246,141,0.53
langues-apprentissage,Duolingo,English speaking buddy,5,,26,16,0.87
langues-apprentissage,Duolingo,NEVER AHVE I EVER,5,96,240,68,0.61
langues-apprentissage,Duolingo,von smart,5,40,234,209,0.50
langues-apprentissage,Duolingo,nki,5,97,54,52,0.65
langues-apprentissage,Duolingo,game log book,5,54,185,149,0.53
langues-apprentissage,Duolingo,wa dual,5,49,202,198,0.50
langues-apprentissage,Duolingo,代号鸢,5,87,49,16,0.87
langues-apprentissage,Duolingo,speaking english praktika,5,,222,147,0.53
langues-apprentissage,Duolingo,初心者,5,56,210,201,0.50
langues-apprentissage,Duolingo,quizlight,5,,5,4,1.49
langues-apprentissage,Duolingo,get me home,5,72,105,85,0.58
langues-apprentissage,Duolingo,adult camera,5,,178,85,0.58
langues-apprentissage,Duolingo,Ready to Rise,5,0,20,11,0.98
langues-apprentissage,Duolingo,với người lạ,5,98,224,185,0.51
langues-apprentissage,Duolingo,Easily Learn,5,44,239,30,0.74
langues-apprentissage,Duolingo,todo for others,5,58,208,135,0.54
langues-apprentissage,Duolingo,idiomas aprender,5,40,246,180,0.51
langues-apprentissage,Duolingo,telugu read,5,68,19,17,0.86
langues-apprentissage,Duolingo,learn telugu,5,98,246,9,1.06
langues-apprentissage,Duolingo,done-adhd,5,41,88,61,0.63
langues-apprentissage,Duolingo,alpha man,5,64,88,88,0.58
langues-apprentissage,Duolingo,thailand offline map,5,30,90,81,0.59
langues-apprentissage,Duolingo,offline maps Thailand,5,81,30,14,0.91
langues-apprentissage,Duolingo,lingues,5,77,206,56,0.64
langues-apprentissage,Duolingo,official transfer,5,74,222,167,0.52
langues-apprentissage,Duolingo,Coach & Play,5,68,221,64,0.62
langues-apprentissage,Duolingo,easy dutch,5,76,34,5,1.34
langues-apprentissage,Duolingo,social bible,5,74,213,72,0.60
langues-apprentissage,Duolingo,coach notepad,5,89,14,12,0.96
langues-apprentissage,Duolingo,practice planning,5,41,99,50,0.65
langues-apprentissage,Duolingo,english to german,5,73,211,57,0.63
langues-apprentissage,Duolingo,Thước cân bằng,5,43,247,125,0.54
langues-apprentissage,Duolingo,nomad maps,5,32,42,19,0.83
langues-apprentissage,Duolingo,playbook pad,5,69,223,103,0.56
langues-apprentissage,Duolingo,speak any language video,5,,30,6,1.24
langues-apprentissage,Duolingo,spanish vocabulary by picture,5,30,28,17,0.86
langues-apprentissage,Duolingo,benkyo,5,49,46,43,0.68
langues-apprentissage,Duolingo,Read Along Story,5,40,219,188,0.50
langues-apprentissage,Duolingo,Xmas word puzzle,5,51,78,29,0.74
langues-apprentissage,Duolingo,aprender gramática ingles,5,42,239,89,0.58
langues-apprentissage,Duolingo,aprender gramática inglesa,5,42,247,69,0.61
langues-apprentissage,Duolingo,英语练习,5,90,246,1,5.00
langues-apprentissage,Duolingo,英語文法,5,46,240,23,0.79
langues-apprentissage,Duolingo,memק,5,0,111,94,0.57
langues-apprentissage,Duolingo,new linkedin picture,5,87,30,18,0.84
langues-apprentissage,Duolingo,chatgpt translate,5,,234,178,0.51
langues-apprentissage,Duolingo,loans$300 payday,5,87,228,218,0.49
langues-apprentissage,Duolingo,kids language learning,5,75,247,1,5.00
langues-apprentissage,Duolingo,bee story,5,50,47,33,0.72
langues-apprentissage,Duolingo,Chola AI,5,89,30,17,0.86
langues-apprentissage,Duolingo,star study,5,92,92,46,0.67
langues-apprentissage,Duolingo,super teacher inc,5,,203,32,0.73
langues-apprentissage,Duolingo,speak language learning,5,94,248,2,2.29
langues-apprentissage,Duolingo,adult head,5,45,228,190,0.50
langues-apprentissage,Duolingo,dự,5,78,241,204,0.50
langues-apprentissage,Duolingo,Best Brain Power,5,,15,6,1.24
langues-apprentissage,Duolingo,uk road signs: test and theory,5,44,117,79,0.59
langues-apprentissage,Duolingo,Learn German: The Daily,5,77,196,65,0.62
langues-apprentissage,Duolingo,learn german news,5,67,16,8,1.10
langues-apprentissage,Duolingo,doing,5,100,249,1,5.00
langues-apprentissage,Duolingo,spanish tutor,5,100,246,7,1.16
langues-apprentissage,Duolingo,good and beautiful,5,63,105,100,0.57
langues-apprentissage,Duolingo,learning gmaes,5,96,246,8,1.10
langues-apprentissage,Duolingo,id by amo,5,98,229,223,0.49
langues-apprentissage,Duolingo,language courses,5,51,236,229,0.49
langues-apprentissage,Duolingo,language English,5,97,247,18,0.84
langues-apprentissage,Duolingo,VoicePad,5,86,195,176,0.51
langues-apprentissage,Duolingo,story flashcards,5,35,63,32,0.73
langues-apprentissage,Duolingo,story flashcard,5,36,68,35,0.71
langues-apprentissage,Duolingo,Flash Story,5,65,65,28,0.75
langues-apprentissage,Duolingo,dual global,5,74,113,99,0.57
langues-apprentissage,Duolingo,espanole chats,5,40,245,162,0.52
langues-apprentissage,Duolingo,Beautiful Memories,5,64,67,14,0.91
langues-apprentissage,Duolingo,ia bard,5,98,245,182,0.51
langues-apprentissage,Duolingo,class widget,5,,31,5,1.34
langues-apprentissage,Duolingo,tư vấn y tế online,5,94,232,154,0.52
langues-apprentissage,Duolingo,our hоuse,5,,20,10,1.02
langues-apprentissage,Duolingo,music duolingo,5,80,248,1,5.00
langues-apprentissage,Duolingo,gre language,5,64,148,10,1.02
langues-apprentissage,Duolingo,Simple AI Camera,5,69,43,35,0.71
langues-apprentissage,Duolingo,sparx maths,5,96,250,2,2.29
langues-apprentissage,Duolingo,English courses 100% free,5,44,223,88,0.58
langues-apprentissage,Duolingo,mathe lerne,5,36,143,61,0.63
langues-apprentissage,Duolingo,Fun Way to Learn Math,5,90,80,9,1.06
langues-apprentissage,Duolingo,belajar spanyol,5,40,246,176,0.51
langues-apprentissage,Duolingo,von lat,5,46,149,145,0.53
langues-apprentissage,Duolingo,japanese language beginner,5,42,235,122,0.55
langues-apprentissage,Duolingo,bunpo free,5,36,78,35,0.71
langues-apprentissage,Duolingo,Cô đơn,5,43,248,56,0.64
langues-apprentissage,Duolingo,long clips,5,59,135,90,0.58
langues-apprentissage,Duolingo,10 minute french,5,44,248,56,0.64
langues-apprentissage,Duolingo,quzlet,5,,219,13,0.93
langues-apprentissage,Duolingo,easyessay,5,,236,212,0.49
langues-apprentissage,Duolingo,learn japanease,5,84,248,1,5.00
langues-apprentissage,Duolingo,sciatic,5,86,250,174,0.51
langues-apprentissage,Duolingo,MUBR - see what friends listen,5,70,21,10,1.02
langues-apprentissage,Duolingo,u19 world cup 2024,5,77,72,40,0.69
langues-apprentissage,Duolingo,juegos aprender idiomas,5,86,198,24,0.78
langues-apprentissage,Duolingo,find app,5,98,243,91,0.58
langues-apprentissage,Duolingo,learn bosnian,5,,224,5,1.34
langues-apprentissage,Duolingo,vocubulary cards,5,39,196,194,0.50
langues-apprentissage,Duolingo,学习一门语言,5,48,178,20,0.82
langues-apprentissage,Duolingo,ar dog game,5,59,98,74,0.60
langues-apprentissage,Duolingo,child avatars,5,43,37,17,0.86
langues-apprentissage,Duolingo,children avatars,5,44,38,18,0.84
langues-apprentissage,Duolingo,doubling,5,92,222,1,5.00
langues-apprentissage,Duolingo,ai-powered character,5,36,84,72,0.60
langues-apprentissage,Duolingo,Speak a new language,5,96,248,1,5.00
langues-apprentissage,Duolingo,learn the language,5,90,248,1,5.00
langues-apprentissage,Duolingo,speaking languages,5,92,248,10,1.02
langues-apprentissage,Duolingo,testing keyboard,5,36,77,21,0.81
langues-apprentissage,Duolingo,Mindful Minutes,5,40,73,43,0.68
langues-apprentissage,Duolingo,lesson ai,5,90,233,156,0.52
langues-apprentissage,Duolingo,minicord,5,80,15,10,1.02
langues-apprentissage,Duolingo,pal world,5,47,198,164,0.52
langues-apprentissage,Duolingo,senio,5,93,160,46,0.67
langues-apprentissage,Duolingo,Five Lives: Brain Health 50,5,85,37,4,1.49
langues-apprentissage,Duolingo,Fun Learning Aoo,5,42,228,221,0.49
langues-apprentissage,Duolingo,برنامج فبن,5,88,171,156,0.52
langues-apprentissage,Duolingo,tengugo,5,,115,5,1.34
langues-apprentissage,Duolingo,learn sicilian,5,,210,3,1.74
langues-apprentissage,Duolingo,spanishdictionary com,5,,39,17,0.86
langues-apprentissage,Duolingo,talk translate-global,5,81,15,10,1.02
langues-apprentissage,Duolingo,langugae learning,5,91,247,1,5.00
langues-apprentissage,Duolingo,linqapp,5,42,169,168,0.51
langues-apprentissage,Duolingo,mochi mochi,5,,205,5,1.34
langues-apprentissage,Duolingo,new appa,5,98,243,89,0.58
langues-apprentissage,Duolingo,a1 spanish test,5,40,243,211,0.49
langues-apprentissage,Duolingo,10 min spanish,5,92,246,1,5.00
langues-apprentissage,Duolingo,juego de gramatica,5,45,244,191,0.50
langues-apprentissage,Duolingo,iTranslate Medical,5,56,12,11,0.98
langues-apprentissage,Duolingo,Falou - Fast language learning,5,88,247,2,2.29
langues-apprentissage,Duolingo,Driving Test germany,5,72,8,2,2.29
langues-apprentissage,Duolingo,bu-jo,5,49,145,117,0.55
langues-apprentissage,Duolingo,tube pour,5,54,210,148,0.53
langues-apprentissage,Duolingo,kids photo book,5,88,236,217,0.49
langues-apprentissage,Duolingo,Anki spansih,5,40,249,70,0.61
langues-apprentissage,Duolingo,Anki spanish,5,79,246,152,0.52
langues-apprentissage,Duolingo,Student Voice,5,15,45,27,0.76
langues-apprentissage,Duolingo,praktica,5,93,130,2,2.29
langues-apprentissage,Duolingo,falaou,5,89,153,4,1.49
langues-apprentissage,Duolingo,kids gpt,5,62,195,119,0.55
langues-apprentissage,Duolingo,o2 exercise,5,93,24,11,0.98
langues-apprentissage,Duolingo,japanese learning game,5,,227,12,0.96
langues-apprentissage,Duolingo,baby name 2024,5,,12,6,1.24
langues-apprentissage,Duolingo,taal leren,5,70,124,4,1.49
langues-apprentissage,Duolingo,spaans leren,5,84,110,2,2.29
langues-apprentissage,Duolingo,talen leren,5,81,128,1,5.00
langues-apprentissage,Duolingo,real single,5,43,135,114,0.55
langues-apprentissage,Duolingo,online chatnew,5,77,23,18,0.84
langues-apprentissage,Duolingo,Move to Germany,5,95,7,6,1.24
langues-apprentissage,Duolingo,praktika app,5,,250,2,2.29
langues-apprentissage,Duolingo,dinolingo,5,83,250,2,2.29
langues-apprentissage,Duolingo,best bio,5,76,79,49,0.66
langues-apprentissage,Duolingo,a good app,5,97,243,24,0.78
langues-apprentissage,Duolingo,pin masters,5,53,241,149,0.53
langues-apprentissage,Duolingo,dune Quiz,5,,12,4,1.49
langues-apprentissage,Duolingo,bb2v,5,96,98,72,0.60
langues-apprentissage,Duolingo,how deep will you go,5,44,58,51,0.65
langues-apprentissage,Duolingo,fun skill game,5,54,223,223,0.49
langues-apprentissage,Duolingo,vpn business,5,81,212,165,0.52
langues-apprentissage,Duolingo,lingvokids,5,97,242,5,1.34
langues-apprentissage,Duolingo,adult learning games,5,90,244,9,1.06
langues-apprentissage,Duolingo,freeopen gpt,5,98,236,174,0.51
langues-apprentissage,Duolingo,faceoff games,5,52,113,49,0.66
langues-apprentissage,Duolingo,bilingual stories,5,40,26,17,0.86
langues-apprentissage,Duolingo,math game plus,5,40,219,69,0.61
langues-apprentissage,Duolingo,chess square,5,90,233,168,0.51
langues-apprentissage,Duolingo,chess blind,5,90,230,173,0.51
langues-apprentissage,Duolingo,chess.com vision,5,71,227,54,0.64
langues-apprentissage,Duolingo,chess cheating,5,85,235,225,0.49
langues-apprentissage,Duolingo,chess pieces,5,92,231,184,0.51
langues-apprentissage,Duolingo,learn japaneseajapanese games,5,23,220,39,0.69
langues-apprentissage,Duolingo,duolingo duolingo,5,74,248,1,5.00
langues-apprentissage,Duolingo,claude 3 opus,5,95,50,35,0.71
langues-apprentissage,Duolingo,Find anyone's social media,5,92,22,14,0.91
langues-apprentissage,Duolingo,heads up aduly,5,80,158,141,0.53
langues-apprentissage,Duolingo,where baby,5,35,83,80,0.59
langues-apprentissage,Duolingo,edicational,5,92,245,8,1.10
langues-apprentissage,Duolingo,heads  adult,5,51,223,196,0.50
langues-apprentissage,Duolingo,heads up kid,5,86,177,171,0.51
langues-apprentissage,Duolingo,linkedin profile pic,5,87,214,196,0.50
langues-apprentissage,Duolingo,chess exercise,5,67,238,185,0.51
langues-apprentissage,Duolingo,premium chess,5,89,229,204,0.50
langues-apprentissage,Duolingo,chess basics,5,81,232,105,0.56
langues-apprentissage,Duolingo,chess blindfold,5,81,235,134,0.54
langues-apprentissage,Duolingo,chess blindfold,5,81,235,134,0.54
langues-apprentissage,Duolingo,chess speed,5,80,230,205,0.50
langues-apprentissage,Duolingo,chess repertoire,5,87,239,157,0.52
langues-apprentissage,Duolingo,chess visualization,5,82,231,163,0.52
langues-apprentissage,Duolingo,chess mania,5,85,231,153,0.52
langues-apprentissage,Duolingo,memory line,5,40,93,47,0.66
langues-apprentissage,Duolingo,rep pics,5,81,23,19,0.83
langues-apprentissage,Duolingo,coffee break languages,5,47,246,206,0.50
langues-apprentissage,Duolingo,중국어학습,5,52,212,15,0.89
langues-apprentissage,Duolingo,finish books,5,91,99,89,0.58
langues-apprentissage,Duolingo,checss,5,77,242,38,0.70
langues-apprentissage,Duolingo,korean learning for beginners,5,52,248,21,0.81
langues-apprentissage,Duolingo,jack off,5,70,58,57,0.63
langues-apprentissage,Duolingo,wondrium,5,42,19,17,0.86
langues-apprentissage,Duolingo,podcast language,5,98,77,8,1.10
langues-apprentissage,Duolingo,chess visual,5,87,232,164,0.52
langues-apprentissage,Duolingo,AI Dream Home,5,66,87,74,0.60
langues-apprentissage,Duolingo,logo quiz master,5,94,21,10,1.02
langues-apprentissage,Duolingo,logo quiz 2024,5,49,21,12,0.96
langues-apprentissage,Duolingo,えいたんご,5,44,247,111,0.55
langues-apprentissage,Duolingo,たんご,5,46,230,79,0.59
langues-apprentissage,Duolingo,lets get deep +,5,43,67,46,0.67
langues-apprentissage,Duolingo,AI central,5,40,44,31,0.73
langues-apprentissage,Duolingo,hidy,5,,228,206,0.50
langues-apprentissage,Duolingo,moving doodle,5,67,12,2,2.29
langues-apprentissage,Duolingo,reply gpt,5,54,127,102,0.56
langues-apprentissage,Duolingo,deep connection,5,42,172,59,0.63
langues-apprentissage,Duolingo,learning app for adults,5,88,235,2,2.29
langues-apprentissage,Duolingo,translator guru: voice & text,5,92,56,52,0.65
langues-apprentissage,Duolingo,school learning ai,5,46,232,31,0.73
langues-apprentissage,Duolingo,adhd Courses,5,58,15,5,1.34
langues-apprentissage,Duolingo,prolong,5,35,91,12,0.96
langues-apprentissage,Duolingo,learn spanish vocab,5,75,248,3,1.74
langues-apprentissage,Duolingo,Claude opus,5,96,81,69,0.61
langues-apprentissage,Duolingo,read bay,5,43,35,24,0.78
langues-apprentissage,Duolingo,loans game,5,68,107,56,0.64
langues-apprentissage,Duolingo,easy english stories,5,30,25,17,0.86
langues-apprentissage,Duolingo,best book summaries,5,79,19,15,0.89
langues-apprentissage,Duolingo,chat with claude,5,97,130,113,0.55
langues-apprentissage,Duolingo,claude ai opus,5,90,90,74,0.60
langues-apprentissage,Duolingo,make me bold,5,90,28,3,1.74
langues-apprentissage,Duolingo,learn spainish,5,89,247,1,5.00
langues-apprentissage,Duolingo,learn spannish,5,89,247,1,5.00
langues-apprentissage,Duolingo,How is your daddy,5,80,109,8,1.10
langues-apprentissage,Duolingo,aplicación para aprender inglés,5,89,249,1,5.00
langues-apprentissage,Duolingo,chatgpt use,5,82,40,26,0.76
langues-apprentissage,Duolingo,best app for spanish,5,93,247,3,1.74
langues-apprentissage,Duolingo,learn spanish in spanish,5,46,170,55,0.64
langues-apprentissage,Duolingo,master spanish,5,55,248,12,0.96
langues-apprentissage,Duolingo,master spanish fast,5,72,6,4,1.49
langues-apprentissage,Duolingo,master spanish quickly,5,72,3,2,2.29
langues-apprentissage,Duolingo,fun way to learn spanish,5,95,172,26,0.76
langues-apprentissage,Duolingo,speak spanish quickly,5,62,17,2,2.29
langues-apprentissage,Duolingo,beginner spanish online,5,87,10,7,1.16
langues-apprentissage,Duolingo,beginner spanish course,5,52,31,18,0.84
langues-apprentissage,Duolingo,spanish basics quick,5,75,12,7,1.16
langues-apprentissage,Duolingo,Spanish Listening for Beginners,5,65,17,2,2.29
langues-apprentissage,Duolingo,spanish basics made easy,5,30,26,15,0.89
langues-apprentissage,Duolingo,learn spanish basics,5,47,222,120,0.55
langues-apprentissage,Duolingo,learn spanish efficiently,5,18,215,146,0.53
langues-apprentissage,Duolingo,spanish anki,5,48,238,226,0.49
langues-apprentissage,Duolingo,games to play on discord,5,89,94,60,0.63
langues-apprentissage,Duolingo,Fluent Mexican Spanish,5,52,202,27,0.76
langues-apprentissage,Duolingo,duolingo free app,5,79,248,1,5.00
langues-apprentissage,Duolingo,free learn spanish app,5,86,248,2,2.29
langues-apprentissage,Duolingo,talk spanish,5,,246,4,1.49
langues-apprentissage,Duolingo,real talks,5,97,227,84,0.59
langues-apprentissage,Duolingo,do you know e,5,65,207,16,0.87
langues-apprentissage,Duolingo,gpt 40,5,89,138,122,0.55
langues-apprentissage,Duolingo,vocabualary,5,93,249,10,1.02
langues-apprentissage,Duolingo,t2 note,5,98,241,232,0.49
langues-apprentissage,Duolingo,english fluency,5,95,248,7,1.16
langues-apprentissage,Duolingo,cyrillic letters,5,,222,9,1.06
langues-apprentissage,Duolingo,vocabulary adults,5,69,90,50,0.65
langues-apprentissage,Duolingo,10 minite english,5,82,246,7,1.16
langues-apprentissage,Duolingo,test tube games,5,46,54,34,0.71
langues-apprentissage,Duolingo,dublingo,5,88,247,1,5.00
langues-apprentissage,Duolingo,QuickCap,5,88,85,57,0.63
langues-apprentissage,Duolingo,simple home screen,5,82,107,11,0.98
langues-apprentissage,Duolingo,loan till payday,5,,142,130,0.54
langues-apprentissage,Duolingo,Print ready photo book,5,74,5,4,1.49
langues-apprentissage,Duolingo,Google memories,5,79,31,20,0.82
langues-apprentissage,Duolingo,line learner app,5,52,47,16,0.87
langues-apprentissage,Duolingo,planet Education,5,48,200,22,0.80
langues-apprentissage,Duolingo,flashcards editor,5,87,77,20,0.82
langues-apprentissage,Duolingo,Chiness,5,93,247,11,0.98
langues-apprentissage,Duolingo,5un5et,5,90,145,104,0.56
langues-apprentissage,Duolingo,10 minute english],5,53,229,6,1.24
langues-apprentissage,Duolingo,messenger 2-way,5,93,72,49,0.66
langues-apprentissage,Duolingo,onlinechat voice,5,49,150,106,0.56
langues-apprentissage,Duolingo,Anki card,5,83,228,164,0.52
langues-apprentissage,Duolingo,book of rings,5,97,153,126,0.54
langues-apprentissage,Duolingo,book of five rings,5,83,139,117,0.55
langues-apprentissage,Duolingo,OneRepMax,5,39,110,64,0.62
langues-apprentissage,Duolingo,A Book of Five Rings,5,96,22,14,0.91
langues-apprentissage,Duolingo,중국어,5,80,249,3,1.74
langues-apprentissage,Duolingo,중국어배우기,5,49,236,130,0.54
langues-apprentissage,Duolingo,lelarn,5,85,248,7,1.16
langues-apprentissage,Duolingo,wpm,5,100,191,154,0.52
langues-apprentissage,Duolingo,Life Story Book,5,37,94,64,0.62
langues-apprentissage,Duolingo,medical store,5,44,201,84,0.59
langues-apprentissage,Duolingo,news  entertainment and chats,5,93,73,34,0.71
langues-apprentissage,Duolingo,perfect day,5,53,165,153,0.52
langues-apprentissage,Duolingo,irish learning,5,37,47,24,0.78
langues-apprentissage,Duolingo,swedish learning,5,93,179,6,1.24
langues-apprentissage,Duolingo,greek learning,5,87,172,4,1.49
langues-apprentissage,Duolingo,learn to speak mandarin,5,93,195,62,0.62
langues-apprentissage,Duolingo,learn to speak irish,5,32,47,17,0.86
langues-apprentissage,Duolingo,irish language course,5,60,4,2,2.29
langues-apprentissage,Duolingo,hindi language lessons,5,86,16,2,2.29
langues-apprentissage,Duolingo,learn hindi vocabulary,5,95,214,124,0.54
langues-apprentissage,Duolingo,learn arabic vocabulary,5,70,217,132,0.54
langues-apprentissage,Duolingo,first due,5,58,73,68,0.61
langues-apprentissage,Duolingo,Language practice app,5,97,247,3,1.74
langues-apprentissage,Duolingo,sing-a-long,5,73,186,181,0.51
langues-apprentissage,Duolingo,sing trainer,5,78,201,124,0.54
langues-apprentissage,Duolingo,talk irish language,5,68,6,2,2.29
langues-apprentissage,Duolingo,talk italian language,5,66,50,18,0.84
langues-apprentissage,Duolingo,talk chinese language,5,64,168,85,0.58
langues-apprentissage,Duolingo,japanese learning flash cards,5,44,188,94,0.57
langues-apprentissage,Duolingo,spanish learning flash cards,5,86,202,26,0.76
langues-apprentissage,Duolingo,irish practice,5,73,10,7,1.16
langues-apprentissage,Duolingo,beginners Chinese,5,37,84,54,0.64
langues-apprentissage,Duolingo,Chinese grammar beginners,5,80,5,3,1.74
langues-apprentissage,Duolingo,Speak – learn dutch,5,54,60,25,0.77
langues-apprentissage,Duolingo,Italian online course,5,73,6,5,1.34
langues-apprentissage,Duolingo,speaking german,5,100,192,11,0.98
langues-apprentissage,Duolingo,how to study Japanese,5,66,17,11,0.98
langues-apprentissage,Duolingo,japanese beginner lessons,5,90,19,5,1.34
langues-apprentissage,Duolingo,dutch talk,5,68,27,13,0.93
langues-apprentissage,Duolingo,Zone 5,5,54,235,223,0.49
langues-apprentissage,Duolingo,bunny  chat,5,86,43,21,0.81
langues-apprentissage,Duolingo,read long,5,80,215,8,1.10
langues-apprentissage,Duolingo,you english,5,,189,32,0.73
langues-apprentissage,Duolingo,duno,5,100,236,3,1.74
langues-apprentissage,Duolingo,human to,5,63,238,5,1.34
langues-apprentissage,Duolingo,lern french,5,92,248,2,2.29
langues-apprentissage,Duolingo,French Verbs.,5,43,163,72,0.60
langues-apprentissage,Duolingo,claude 3 5,5,97,95,66,0.62
langues-apprentissage,Duolingo,學習法語,5,43,237,214,0.49
langues-apprentissage,Duolingo,de Ingles a Español,5,45,233,189,0.50
langues-apprentissage,Duolingo,tan fast,5,95,236,210,0.50
langues-apprentissage,Duolingo,teak,5,,81,48,0.66
langues-apprentissage,Duolingo,duolingo thai,5,83,248,2,2.29
langues-apprentissage,Duolingo,native language teachers,5,29,10,2,2.29
langues-apprentissage,Duolingo,irish grammar,5,45,224,149,0.53
langues-apprentissage,Duolingo,dirija,5,37,154,147,0.53
langues-apprentissage,Duolingo,francai,5,64,231,75,0.60
langues-apprentissage,Duolingo,natulang language learning,5,90,244,3,1.74
langues-apprentissage,Duolingo,learning free,5,,247,1,5.00
langues-apprentissage,Duolingo,improve language skills,5,62,33,3,1.74
langues-apprentissage,Duolingo,fast foreign language learning,5,46,246,138,0.53
langues-apprentissage,Duolingo,line learning,5,,227,10,1.02
langues-apprentissage,Duolingo,GPT-4o mini,5,95,124,101,0.56
langues-apprentissage,Duolingo,8-bit widget,5,16,28,22,0.80
langues-apprentissage,Duolingo,french lessons for beginners,5,98,248,2,2.29
langues-apprentissage,Duolingo,japonais courant,5,32,247,216,0.49
langues-apprentissage,Duolingo,jumpspeak app,5,,250,225,0.49
langues-apprentissage,Duolingo,duocard,5,92,209,42,0.68
langues-apprentissage,Duolingo,bird language,5,89,246,2,2.29
langues-apprentissage,Duolingo,learn french for beginners!,5,98,248,2,2.29
langues-apprentissage,Duolingo,Japanese Diary,5,30,224,150,0.52
langues-apprentissage,Duolingo,learn language ai,5,88,248,4,1.49
langues-apprentissage,Duolingo,lolas cupcake,5,,33,3,1.74
langues-apprentissage,Duolingo,Quick revision,5,81,47,36,0.70
langues-apprentissage,Duolingo,learn dua games,5,82,247,245,0.48
langues-apprentissage,Duolingo,dua vietnamese,5,31,27,22,0.80
langues-apprentissage,Duolingo,japanese fluent,5,46,25,22,0.80
langues-apprentissage,Duolingo,quizzes for instagram,5,64,4,2,2.29
langues-apprentissage,Duolingo,learn a french,5,97,246,2,2.29
langues-apprentissage,Duolingo,Learn a Language Vocab,5,46,247,229,0.49
langues-apprentissage,Duolingo,foreign language learning,5,90,248,1,5.00
langues-apprentissage,Duolingo,dublin news,5,61,19,10,1.02
langues-apprentissage,Duolingo,get stickers,5,88,128,62,0.62
langues-apprentissage,Duolingo,gacha quiz,5,59,6,4,1.49
langues-apprentissage,Duolingo,Imparare d'Italiano,5,64,148,18,0.84
langues-apprentissage,Duolingo,Imparare di Italiano,5,57,142,18,0.84
langues-apprentissage,Duolingo,Monnkey Tag,5,80,169,125,0.54
langues-apprentissage,Duolingo,jumpjumpvpn-,5,61,50,32,0.73
langues-apprentissage,Duolingo,Aprenda português,5,42,209,22,0.80
langues-apprentissage,Duolingo,book lessons,5,49,239,153,0.52
langues-apprentissage,Duolingo,business lessons,5,95,153,13,0.93
langues-apprentissage,Duolingo,Ants log,5,75,9,4,1.49
langues-apprentissage,Duolingo,gemini 1.5,5,85,42,32,0.73
langues-apprentissage,Duolingo,ielts coach,5,45,219,160,0.52
langues-apprentissage,Duolingo,ielts lesson,5,70,50,6,1.24
langues-apprentissage,Duolingo,ielts lessons,5,65,50,5,1.34
langues-apprentissage,Duolingo,spea english,5,94,247,11,0.98
langues-apprentissage,Duolingo,eng,5,95,247,5,1.34
langues-apprentissage,Duolingo,ielts app,5,56,218,129,0.54
langues-apprentissage,Duolingo,quickboos,5,92,199,110,0.56
langues-apprentissage,Duolingo,„Å° „ÇÉ „Å£ „Å® gpt,5,95,17,14,0.91
langues-apprentissage,Duolingo,learn langauge,5,90,248,1,5.00
langues-apprentissage,Duolingo,Belajar Bahasa Inggris,5,86,225,1,5.00
langues-apprentissage,Duolingo,изучать языки,5,,210,1,5.00
langues-apprentissage,Duolingo,AI音楽,5,84,70,48,0.66
langues-apprentissage,Duolingo,5 minute rule,5,56,207,137,0.53
langues-apprentissage,Duolingo,verbs with audio,5,32,16,12,0.96
langues-apprentissage,Duolingo,bold & easy,5,73,7,5,1.34
langues-apprentissage,Duolingo,dear me,5,49,49,43,0.68
langues-apprentissage,Duolingo,Quién es Más,5,66,38,10,1.02
langues-apprentissage,Duolingo,linkedin stats,5,94,196,152,0.52
langues-apprentissage,Duolingo,laguage learning,5,92,248,1,5.00
langues-apprentissage,Duolingo,bio lines,5,66,103,92,0.58
langues-apprentissage,Duolingo,learn inglés gratis,5,61,243,240,0.48
langues-apprentissage,Duolingo,study inglés gratis,5,42,240,89,0.58
langues-apprentissage,Duolingo,free grammar lessons,5,40,244,122,0.55
langues-apprentissage,Duolingo,learn inglés,5,94,247,103,0.56
langues-apprentissage,Duolingo,free english lessons,5,82,247,3,1.74
langues-apprentissage,Duolingo,face readig',5,14,38,29,0.74
langues-apprentissage,Duolingo,face reading',5,62,104,75,0.60
langues-apprentissage,Duolingo,IELTS test prep 2024,5,18,75,57,0.63
langues-apprentissage,Duolingo,Picture frammer,5,80,94,24,0.78
langues-apprentissage,Duolingo,learning french app,5,78,226,30,0.74
langues-apprentissage,Duolingo,تعلم انجليزي,5,,244,1,5.00
langues-apprentissage,Duolingo,snap & learn,5,40,245,210,0.50
langues-apprentissage,Duolingo,Galaxy Puzzle Game,5,47,189,102,0.56
langues-apprentissage,Duolingo,Simple Business Game,5,79,31,19,0.83
langues-apprentissage,Duolingo,speak  japanese,5,65,246,154,0.52
langues-apprentissage,Duolingo,line practice,5,32,241,221,0.49
langues-apprentissage,Duolingo,practise Japanese,5,90,231,22,0.80
langues-apprentissage,Duolingo,learn englisj,5,90,248,2,2.29
langues-apprentissage,Duolingo,frans leren,5,73,26,4,1.49
langues-apprentissage,Duolingo,speak language ai,5,87,245,180,0.51
langues-apprentissage,Duolingo,contact lockets,5,92,22,11,0.98
langues-apprentissage,Duolingo,teach tap,5,82,62,5,1.34
langues-apprentissage,Duolingo,ai language practice,5,95,248,3,1.74
langues-apprentissage,Duolingo,學英文,5,91,231,1,5.00
langues-apprentissage,Duolingo,學日文,5,73,232,1,5.00
langues-apprentissage,Duolingo,widget mini app,5,68,54,48,0.66
langues-apprentissage,Duolingo,widget 10 in 1,5,87,11,9,1.06
langues-apprentissage,Duolingo,mini‏‏‎ ‎note,5,82,187,97,0.57
langues-apprentissage,Duolingo,10 minute workout2,5,60,3,3,1.74
langues-apprentissage,Duolingo,10 minute workout3,5,61,4,3,1.74
langues-apprentissage,Duolingo,simulado enem,5,,236,130,0.54
langues-apprentissage,Duolingo,my hero academi,5,59,68,57,0.63
langues-apprentissage,Duolingo,japanesse,5,72,238,5,1.34
langues-apprentissage,Duolingo,baby cam free,5,76,238,219,0.49
langues-apprentissage,Duolingo,百词斩-学英语、背单词必备,5,80,149,3,1.74
langues-apprentissage,Duolingo,bilingual books,5,94,168,7,1.16
langues-apprentissage,Duolingo,GPT-O1,5,85,186,140,0.53
langues-apprentissage,Duolingo,gpt 1o,5,86,189,139,0.53
langues-apprentissage,Duolingo,test123,5,48,47,14,0.91
langues-apprentissage,Duolingo,get ten fast,5,96,95,75,0.60
langues-apprentissage,Duolingo,practice sign language,5,61,12,3,1.74
langues-apprentissage,Duolingo,Mindfulness tutor,5,79,41,12,0.96
langues-apprentissage,Duolingo,dialing,5,91,248,1,5.00
langues-apprentissage,Duolingo,disci,5,100,205,186,0.51
langues-apprentissage,Duolingo,link drip,5,38,113,50,0.65
langues-apprentissage,Duolingo,ingilizce oyun,5,43,243,30,0.74
langues-apprentissage,Duolingo,bright - english for beginners,5,54,250,14,0.91
langues-apprentissage,Duolingo,hellotalk - language learning,5,76,247,171,0.51
langues-apprentissage,Duolingo,practice spanish speaking,5,98,249,1,5.00
langues-apprentissage,Duolingo,ai foreign language tutor,5,97,248,4,1.49
langues-apprentissage,Duolingo,learn korean app,5,85,246,4,1.49
langues-apprentissage,Duolingo,spanish practice app,5,87,246,3,1.74
langues-apprentissage,Duolingo,tandem: language exchange,5,70,248,174,0.51
langues-apprentissage,Duolingo,linqiapp: speak english fast,5,40,248,29,0.74
langues-apprentissage,Duolingo,best app to learn spanish,5,98,246,2,2.29
langues-apprentissage,Duolingo,language learning german,5,90,247,4,1.49
langues-apprentissage,Duolingo,learn spanish game app,5,88,246,6,1.24
langues-apprentissage,Duolingo,duolingo - language lessons,5,75,247,1,5.00
langues-apprentissage,Duolingo,italian app,5,82,244,3,1.74
langues-apprentissage,Duolingo,best spanish app,5,93,250,3,1.74
langues-apprentissage,Duolingo,pimsleur: language learning,5,90,245,6,1.24
langues-apprentissage,Duolingo,xeropan learn languages,5,83,249,3,1.74
langues-apprentissage,Duolingo,learn to speak portuguese,5,83,248,3,1.74
langues-apprentissage,Duolingo,english speaking practice!,5,62,243,181,0.51
langues-apprentissage,Duolingo,language learning italian,5,92,240,6,1.24
langues-apprentissage,Duolingo,speak french ai,5,64,242,224,0.49
langues-apprentissage,Duolingo,preply: learn languages,5,98,248,2,2.29
langues-apprentissage,Duolingo,fluent in spanish,5,98,248,1,5.00
langues-apprentissage,Duolingo,babbel – learn languages,5,95,248,2,2.29
langues-apprentissage,Duolingo,busuu: language learning app,5,96,247,3,1.74
langues-apprentissage,Duolingo,coffee break: learn languages,5,85,244,10,1.02
langues-apprentissage,Duolingo,preply: language learning app,5,83,247,2,2.29
langues-apprentissage,Duolingo,langster: language learning,5,82,248,8,1.10
langues-apprentissage,Duolingo,rosetta stone: learn languages,5,91,243,4,1.49
langues-apprentissage,Duolingo,learn to speak german,5,97,246,1,5.00
langues-apprentissage,Duolingo,german app,5,83,247,3,1.74
langues-apprentissage,Duolingo,Stimuler- English Speaking App,5,90,249,2,2.29
langues-apprentissage,Duolingo,Pet & Widget,5,92,124,78,0.59
langues-apprentissage,Duolingo,widget mini apps,5,73,54,48,0.66
langues-apprentissage,Duolingo,first this then that,5,77,13,6,1.24
langues-apprentissage,Duolingo,gpt o1,5,86,184,131,0.54
langues-apprentissage,Duolingo,1rs,5,43,183,40,0.69
langues-apprentissage,Duolingo,nauka angielskiego,5,93,174,2,2.29
langues-apprentissage,Duolingo,hands-off,5,95,71,39,0.69
langues-apprentissage,Duolingo,translate english to indonesian,5,40,29,15,0.89
langues-apprentissage,Duolingo,foreign language skills,5,46,248,155,0.52
langues-apprentissage,Duolingo,language flash cards,5,86,219,3,1.74
langues-apprentissage,Duolingo,note widget live,5,66,53,42,0.68
langues-apprentissage,Duolingo,english lession,5,86,248,2,2.29
langues-apprentissage,Duolingo,app learn english,5,92,248,2,2.29
langues-apprentissage,Duolingo,aprender francês,5,,239,10,1.02
langues-apprentissage,Duolingo,easy-languages,5,63,242,85,0.58
langues-apprentissage,Duolingo,easy languages,5,43,244,60,0.63
langues-apprentissage,Duolingo,https://apps.apple.com/ru/app/%d1%81%d0%,5,64,247,203,0.50
langues-apprentissage,Duolingo,be clear,5,88,119,85,0.58
langues-apprentissage,Duolingo,create a link in bio,5,48,20,16,0.87
langues-apprentissage,Duolingo,dig gem,5,49,89,43,0.68
langues-apprentissage,Duolingo,voice max ai,5,88,34,25,0.77
langues-apprentissage,Duolingo,benkyou,5,22,72,52,0.65
langues-apprentissage,Duolingo,how deep will you go?,5,89,38,31,0.73
langues-apprentissage,Duolingo,x-mas,5,,159,104,0.56
langues-apprentissage,Duolingo,math study cards,5,70,76,26,0.76
langues-apprentissage,Duolingo,2k labs,5,79,188,172,0.51
langues-apprentissage,Duolingo,3g2,5,68,229,158,0.52
langues-apprentissage,Duolingo,real games on ads,5,50,208,154,0.52
langues-apprentissage,Duolingo,math gates,5,87,29,3,1.74
langues-apprentissage,Duolingo,play together card,5,87,30,17,0.86
langues-apprentissage,Duolingo,thrift shopper,5,,55,40,0.69
langues-apprentissage,Duolingo,léa english,5,84,46,41,0.68
langues-apprentissage,Duolingo,bloom screen,5,44,244,192,0.50
langues-apprentissage,Duolingo,see map,5,75,183,73,0.60
langues-apprentissage,Duolingo,notes gpt,5,97,216,209,0.50
langues-apprentissage,Duolingo,dual wa,5,71,209,206,0.50
langues-apprentissage,Duolingo,vocabularies,5,91,245,11,0.98
langues-apprentissage,Duolingo,gpt-4o-mini,5,89,142,87,0.58
langues-apprentissage,Duolingo,learning bite-sized,5,63,212,12,0.96
langues-apprentissage,Duolingo,duo wa,5,89,234,216,0.49
langues-apprentissage,Duolingo,language transfer translation,5,87,209,183,0.51
langues-apprentissage,Duolingo,poly lines,5,69,88,26,0.76
langues-apprentissage,Duolingo,business play generator,5,98,17,9,1.06
langues-apprentissage,Duolingo,translation: language transfer,5,87,221,107,0.56
langues-apprentissage,Duolingo,translation language transfer,5,87,217,154,0.52
langues-apprentissage,Duolingo,practice a language,5,96,248,2,2.29
langues-apprentissage,Duolingo,homeschool: good and beautiful,5,56,182,178,0.51
langues-apprentissage,Duolingo,language transfer translation,5,87,209,183,0.51
langues-apprentissage,Duolingo,sticker to do,5,69,133,59,0.63
langues-apprentissage,Duolingo,talk jobs,5,64,199,126,0.54
langues-apprentissage,Duolingo,talka i,5,74,170,8,1.10
langues-apprentissage,Duolingo,kayouo,5,73,232,204,0.50
langues-apprentissage,Duolingo,translation language transfer,5,87,217,154,0.52
langues-apprentissage,Duolingo,smart business card,5,65,222,150,0.52
langues-apprentissage,Duolingo,spanish free app,5,90,245,4,1.49
langues-apprentissage,Duolingo,dream seer,5,81,7,5,1.34
langues-apprentissage,Duolingo,save your number,5,33,45,26,0.76
langues-apprentissage,Duolingo,stone iq,5,85,6,4,1.49
langues-apprentissage,Duolingo,healthscore,5,82,231,202,0.50
langues-apprentissage,Duolingo,print mastẻ,5,97,183,117,0.55
langues-apprentissage,Duolingo,kitap al,5,61,60,20,0.82
langues-apprentissage,Duolingo,app to learn japanese,5,91,231,5,1.34
langues-apprentissage,Duolingo,art widget,5,83,154,108,0.56
langues-apprentissage,Duolingo,stone tools,5,69,31,16,0.87
langues-apprentissage,Duolingo,owllai note,5,,240,34,0.71
langues-apprentissage,Duolingo,language test,5,87,244,3,1.74
langues-apprentissage,Duolingo,englishquiz,5,40,243,76,0.60
langues-apprentissage,Duolingo,copl,5,92,243,16,0.87
langues-apprentissage,Duolingo,blink flash light,5,30,32,18,0.84
langues-apprentissage,Duolingo,2 4 5-t,5,46,244,209,0.50
langues-apprentissage,Duolingo,a.b.,5,58,238,217,0.49
langues-apprentissage,Duolingo,a.u.,5,93,245,166,0.52
langues-apprentissage,Duolingo,aapss,5,97,241,79,0.59
langues-apprentissage,Duolingo,play together lite,5,84,200,187,0.51
langues-apprentissage,Duolingo,errors,5,77,190,150,0.52
langues-apprentissage,Duolingo,learn english with flashcards,5,81,210,15,0.89
langues-apprentissage,Duolingo,english learning flashcard,5,70,228,94,0.57
langues-apprentissage,Duolingo,binky,5,87,10,5,1.34
langues-apprentissage,Duolingo,posting,5,70,199,27,0.76
langues-apprentissage,Duolingo,somewhat,5,35,100,14,0.91
langues-apprentissage,Duolingo,learn catalan for beginners,5,63,11,5,1.34
langues-apprentissage,Duolingo,indirect,5,48,91,54,0.64
langues-apprentissage,Duolingo,brainway adhd,5,42,13,9,1.06
langues-apprentissage,Duolingo,line learenr,5,46,17,14,0.91
langues-apprentissage,Duolingo,cute music,5,46,209,165,0.52
langues-apprentissage,Duolingo,sie prwp,5,12,21,16,0.87
langues-apprentissage,Duolingo,mini‏‏‎ ‎notes,5,50,139,106,0.56
langues-apprentissage,Duolingo,mini‏‏‎note,5,44,183,94,0.57
langues-apprentissage,Duolingo,mini‏‏‎ note,5,90,159,116,0.55
langues-apprentissage,Duolingo,meme libaery,5,60,9,4,1.49
langues-apprentissage,Duolingo,notebook l,5,72,186,81,0.59
langues-apprentissage,Duolingo,speaking game,5,95,249,3,1.74
langues-apprentissage,Duolingo,just aces up,5,92,23,11,0.98
langues-apprentissage,Duolingo,voice to-do,5,28,240,153,0.52
langues-apprentissage,Duolingo,daily english speaking,5,67,115,55,0.64
langues-apprentissage,Duolingo,fast learning,5,89,243,128,0.54
langues-apprentissage,Duolingo,summary for x,5,76,26,14,0.91
langues-apprentissage,Duolingo,sign langauge,5,88,246,5,1.34
langues-apprentissage,Duolingo,lipa,5,32,49,25,0.77
langues-apprentissage,Duolingo,voice dupe,5,87,8,5,1.34
langues-apprentissage,Duolingo,ogren ruscas,5,74,12,5,1.34
langues-apprentissage,Duolingo,fun math app,5,53,214,80,0.59
langues-apprentissage,Duolingo,speaking buddy,5,40,106,78,0.59
langues-apprentissage,Duolingo,6 hats,5,94,192,185,0.51
langues-apprentissage,Duolingo,professor x,5,84,244,170,0.51
langues-apprentissage,Duolingo,voice note translator,5,70,180,59,0.63
langues-apprentissage,Duolingo,pic to toon,5,86,195,141,0.53
langues-apprentissage,Duolingo,exam read,5,28,217,84,0.59
langues-apprentissage,Duolingo,ai avatar tutor,5,69,14,11,0.98
langues-apprentissage,Duolingo,espaniol,5,83,247,8,1.10
langues-apprentissage,Duolingo,interesting learning,5,97,248,235,0.49
langues-apprentissage,Duolingo,test speakers,5,38,97,48,0.66
langues-apprentissage,Duolingo,langugae learning app,5,93,246,1,5.00
langues-apprentissage,Duolingo,ai chat 19,5,76,5,5,1.34
langues-apprentissage,Duolingo,medical german,5,96,208,3,1.74
langues-apprentissage,Duolingo,lemon-8,5,98,134,60,0.63
langues-apprentissage,Duolingo,learn duth,5,96,243,2,2.29
langues-apprentissage,Duolingo,monkey tracker,5,92,33,23,0.79
langues-apprentissage,Duolingo,ビニール,5,87,231,75,0.60
langues-apprentissage,Duolingo,mono go stickers,5,69,27,18,0.84
langues-apprentissage,Duolingo,apple music kids,5,94,210,50,0.65
langues-apprentissage,Duolingo,fun for learning,5,93,246,1,5.00
langues-apprentissage,Duolingo,turkisch lernen,5,91,19,7,1.16
langues-apprentissage,Duolingo,germen,5,90,195,5,1.34
langues-apprentissage,Duolingo,global filipino,5,73,12,11,0.98
langues-apprentissage,Duolingo,aibuddy,5,21,48,40,0.69
langues-apprentissage,Duolingo,no-nut,5,39,152,125,0.54
langues-apprentissage,Duolingo,leer nederlands,5,83,165,2,2.29
langues-apprentissage,Duolingo,language learning tutor,5,58,247,59,0.63
langues-apprentissage,Duolingo,washington dol,5,29,121,101,0.56
langues-apprentissage,Duolingo,air-look,5,,106,76,0.60
langues-apprentissage,Duolingo,monkeys maps,5,96,28,11,0.98
langues-apprentissage,Duolingo,video french,5,33,62,30,0.74
langues-apprentissage,Duolingo,offline skill builder,5,60,2,2,2.29
langues-apprentissage,Duolingo,manga translate,5,22,34,10,1.02
langues-apprentissage,Duolingo,4note,5,85,242,191,0.50
langues-apprentissage,Duolingo,language japanese,5,85,247,9,1.06
langues-apprentissage,Duolingo,english apps for kids,5,67,226,124,0.54
langues-apprentissage,Duolingo,apps for learning english,5,83,246,2,2.29
langues-apprentissage,Duolingo,speaking language,5,75,247,22,0.80
langues-apprentissage,Duolingo,tag photo notes,5,91,78,48,0.66
langues-apprentissage,Duolingo,notes  photos  tags,5,82,76,43,0.68
langues-apprentissage,Duolingo,ai pet singing,5,77,18,13,0.93
langues-apprentissage,Duolingo,learn by teaching,5,79,225,23,0.79
langues-apprentissage,Duolingo,social skills kids,5,64,49,2,2.29
langues-apprentissage,Duolingo,minutes 1i,5,32,52,43,0.68
langues-apprentissage,Duolingo,eng ai,5,85,60,46,0.67
langues-apprentissage,Duolingo,language practise,5,97,247,3,1.74
langues-apprentissage,Duolingo,ai̇ baby story,5,85,175,77,0.60
langues-apprentissage,Duolingo,contacts mapping tool,5,87,13,8,1.10
langues-apprentissage,Duolingo,speak in different voices,5,93,4,3,1.74
langues-apprentissage,Duolingo,word kingdom,5,22,75,29,0.74
langues-apprentissage,Duolingo,take place,5,39,49,18,0.84
langues-apprentissage,Duolingo,contac map,5,20,115,56,0.64
langues-apprentissage,Duolingo,map my contacts,5,63,41,30,0.74
langues-apprentissage,Duolingo,learn simple,5,47,234,90,0.58
langues-apprentissage,Duolingo,improve screen,5,13,30,21,0.81
langues-apprentissage,Duolingo,how to rest,5,90,248,169,0.51
langues-apprentissage,Duolingo,self care tool,5,43,46,18,0.84
langues-apprentissage,Duolingo,app fun,5,96,240,19,0.83
langues-apprentissage,Duolingo,dictionary ads free,5,44,18,12,0.96
langues-apprentissage,Duolingo,baby su,5,21,122,64,0.62
langues-apprentissage,Duolingo,ton of voices,5,50,245,171,0.51
langues-apprentissage,Duolingo,ai magic voşce,5,40,143,89,0.58
langues-apprentissage,Duolingo,open world・real,5,41,189,106,0.56
langues-apprentissage,Duolingo,do you me know,5,54,114,88,0.58
langues-apprentissage,Duolingo,angol,5,86,169,53,0.64
langues-apprentissage,Duolingo,nyelv tanulás,5,61,22,6,1.24
langues-apprentissage,Duolingo,store new words,5,88,21,9,1.06
langues-apprentissage,Duolingo,aprender línguas,5,78,230,9,1.06
langues-apprentissage,Duolingo,luyện nghe nói,5,25,245,78,0.59
langues-apprentissage,Duolingo,ewit,5,57,213,94,0.57
langues-apprentissage,Duolingo,play nut,5,55,70,39,0.69
langues-apprentissage,Duolingo,get memory,5,32,62,39,0.69
langues-apprentissage,Duolingo,ahead save,5,,31,12,0.96
langues-apprentissage,Duolingo,5 signs,5,67,222,160,0.52
langues-apprentissage,Duolingo,russian language learning,5,97,248,4,1.49
langues-apprentissage,Duolingo,korean language learning,5,94,242,4,1.49
langues-apprentissage,Duolingo,then and no,5,83,88,63,0.62
langues-apprentissage,Duolingo,no screen kids,5,70,223,199,0.50
langues-apprentissage,Duolingo,perfect message,5,87,235,228,0.49
langues-apprentissage,Duolingo,language flashcard,5,90,247,6,1.24
langues-apprentissage,Duolingo,4k moving,5,40,217,147,0.53
langues-apprentissage,Duolingo,custom moving lock screens,5,51,100,42,0.68
langues-apprentissage,Duolingo,communication skills trainer,5,42,31,12,0.96
langues-apprentissage,Duolingo,fun gamz,5,91,245,87,0.58
langues-apprentissage,Duolingo,screenoff,5,73,231,77,0.60
langues-apprentissage,Duolingo,free learning apps for adults,5,94,245,5,1.34
langues-apprentissage,Duolingo,neww game,5,97,243,67,0.61
langues-apprentissage,Duolingo,top10 games,5,97,245,94,0.57
langues-apprentissage,Duolingo,duolingo dictionary,5,47,238,103,0.56
langues-apprentissage,Duolingo,tap legend,5,39,165,97,0.57
langues-apprentissage,Duolingo,learn vietnamese language,5,84,184,8,1.10
langues-apprentissage,Duolingo,learn telugu language,5,29,243,218,0.49
langues-apprentissage,Duolingo,beginner polish language,5,88,20,10,1.02
langues-apprentissage,Duolingo,beginner thai language,5,88,25,8,1.10
langues-apprentissage,Duolingo,speak beginner russian,5,58,165,123,0.54
langues-apprentissage,Duolingo,speak beginner catalan,5,61,7,3,1.74
langues-apprentissage,Duolingo,learn polish vocabulary,5,48,49,26,0.76
langues-apprentissage,Duolingo,learn beginner catalan,5,60,11,5,1.34
langues-apprentissage,Duolingo,learn beginner dutch,5,56,20,11,0.98
langues-apprentissage,Duolingo,learn beginner greek,5,56,25,14,0.91
langues-apprentissage,Duolingo,greek language tutor,5,40,234,193,0.50
langues-apprentissage,Duolingo,dutch language tutor,5,65,9,4,1.49
langues-apprentissage,Duolingo,danish language tutor,5,61,4,2,2.29
langues-apprentissage,Duolingo,catalan language tutor,5,40,249,60,0.63
langues-apprentissage,Duolingo,arabic language tutor,5,74,24,9,1.06
langues-apprentissage,Duolingo,romanian language tutor,5,61,4,2,2.29
langues-apprentissage,Duolingo,swedish language tutor,5,61,7,5,1.34
langues-apprentissage,Duolingo,tamil language tutor,5,60,3,2,2.29
langues-apprentissage,Duolingo,turkish language tutor,5,65,11,3,1.74
langues-apprentissage,Duolingo,ukrainian language tutor,5,60,3,3,1.74
langues-apprentissage,Duolingo,vietnamese language tutor,5,61,193,16,0.87
langues-apprentissage,Duolingo,japanese language tutor,5,75,31,11,0.98
langues-apprentissage,Duolingo,finnish language tutor,5,61,4,4,1.49
langues-apprentissage,Duolingo,chinese language tutor,5,88,177,13,0.93
langues-apprentissage,Duolingo,malay language tutor,5,60,3,2,2.29
langues-apprentissage,Duolingo,norwegian language tutor,5,61,4,2,2.29
langues-apprentissage,Duolingo,polish language tutor,5,40,231,191,0.50
langues-apprentissage,Duolingo,bilingual tutor,5,73,11,4,1.49
langues-apprentissage,Duolingo,hablar inglé,5,40,247,127,0.54
langues-apprentissage,Duolingo,learn finnish language,5,54,235,30,0.74
langues-apprentissage,Duolingo,learn catalan language,5,70,27,5,1.34
langues-apprentissage,Duolingo,learn portuguese language,5,52,230,66,0.62
langues-apprentissage,Duolingo,speak thai fast,5,62,12,8,1.10
langues-apprentissage,Duolingo,speak polish fast,5,58,10,7,1.16
langues-apprentissage,Duolingo,practice polish vocabulary,5,61,7,7,1.16
langues-apprentissage,Duolingo,practice spanish vocabulary,5,20,172,65,0.62
langues-apprentissage,Duolingo,practice french vocabulary,5,18,64,42,0.68
langues-apprentissage,Duolingo,foreign language tutor,5,54,247,144,0.53
langues-apprentissage,Duolingo,beginner french vocabulary,5,18,79,52,0.65
langues-apprentissage,Duolingo,beginner korean vocab,5,61,7,4,1.49
langues-apprentissage,Duolingo,beginner french vocab,5,64,191,178,0.51
langues-apprentissage,Duolingo,beginner spanish vocab,5,24,169,127,0.54
langues-apprentissage,Duolingo,practice foreign vocab,5,61,4,4,1.49
langues-apprentissage,Duolingo,speak catalan,5,28,241,93,0.57
langues-apprentissage,Duolingo,speak greek,5,50,246,12,0.96
langues-apprentissage,Duolingo,speak romanian,5,17,57,30,0.74
langues-apprentissage,Duolingo,speak vietnamese,5,25,184,183,0.51
langues-apprentissage,Duolingo,practice catalan,5,61,7,6,1.24
langues-apprentissage,Duolingo,learn catalan,5,89,249,5,1.34
langues-apprentissage,Duolingo,speak finnish,5,69,22,10,1.02
langues-apprentissage,Duolingo,babbel ai,5,49,52,42,0.68
langues-apprentissage,Duolingo,duolingo language tutor,5,83,248,1,5.00
langues-apprentissage,Duolingo,english language lesson,5,94,226,5,1.34
langues-apprentissage,Duolingo,spanish language lesson,5,93,176,5,1.34
langues-apprentissage,Duolingo,french language lesson,5,80,115,6,1.24
langues-apprentissage,Duolingo,german language lesson,5,87,102,4,1.49
langues-apprentissage,Duolingo,ai french language lesson,5,79,170,10,1.02
langues-apprentissage,Duolingo,ai spanish language lesson,5,44,242,183,0.51
langues-apprentissage,Duolingo,bussu ai,5,77,9,9,1.06
langues-apprentissage,Duolingo,busu ai,5,72,4,4,1.49
langues-apprentissage,Duolingo,korean language tutor,5,37,212,19,0.83
langues-apprentissage,Duolingo,ai arabic language tutor,5,73,12,8,1.10
langues-apprentissage,Duolingo,ai chinese language tutor,5,33,205,27,0.76
langues-apprentissage,Duolingo,ai hindi language tutor,5,61,4,4,1.49
langues-apprentissage,Duolingo,ai turkish language tutor,5,61,4,3,1.74
langues-apprentissage,Duolingo,ai polish language tutor,5,60,213,12,0.96
langues-apprentissage,Duolingo,ai finnish language tutor,5,60,3,3,1.74
langues-apprentissage,Duolingo,deepseek - r1,5,80,114,85,0.58
langues-apprentissage,Duolingo,ai singing coach,5,55,12,12,0.96
langues-apprentissage,Duolingo,english cards,5,47,240,24,0.78
langues-apprentissage,Duolingo,rednote save,5,90,26,18,0.84
langues-apprentissage,Duolingo,loan pal,5,88,180,168,0.51
langues-apprentissage,Duolingo,for linkedin,5,91,193,140,0.53
langues-apprentissage,Duolingo,russian ucrainian,5,86,31,5,1.34
langues-apprentissage,Duolingo,dupa,5,86,241,213,0.49
langues-apprentissage,Duolingo,perfect reply,5,69,38,36,0.70
langues-apprentissage,Duolingo,deep tal,5,68,105,68,0.61
langues-apprentissage,Duolingo,deepseek-r1,5,98,140,131,0.54
langues-apprentissage,Duolingo,ace english,5,44,63,44,0.67
langues-apprentissage,Duolingo,extra fun,5,30,62,39,0.69
langues-apprentissage,Duolingo,coach green,5,29,56,29,0.74
langues-apprentissage,Duolingo,doodle 3d line,5,54,37,16,0.87
langues-apprentissage,Duolingo,r1 gpt,5,22,139,83,0.59
langues-apprentissage,Duolingo,deepseek tale,5,85,11,6,1.24
langues-apprentissage,Duolingo,super memo,5,82,126,62,0.62
langues-apprentissage,Duolingo,aphi,5,29,39,23,0.79
langues-apprentissage,Duolingo,laern,5,92,233,1,5.00
langues-apprentissage,Duolingo,baby math games,5,41,230,98,0.57
langues-apprentissage,Duolingo,real human,5,32,162,136,0.53
langues-apprentissage,Duolingo,genimi 1.5 pro,5,92,36,19,0.83
langues-apprentissage,Duolingo,genimi 1.5,5,83,191,140,0.53
langues-apprentissage,Duolingo,qwen 2.5,5,76,19,8,1.10
langues-apprentissage,Duolingo,qwen2.5,5,78,19,7,1.16
langues-apprentissage,Duolingo,qwen 2.5 max,5,83,14,8,1.10
langues-apprentissage,Duolingo,let it rain,5,92,100,29,0.74
langues-apprentissage,Duolingo,deepseek gratuit,5,86,213,114,0.55
langues-apprentissage,Duolingo,deepseek italiano,5,87,249,158,0.52
langues-apprentissage,Duolingo,deepseek gratis,5,98,186,80,0.59
langues-apprentissage,Duolingo,chat gut,5,86,244,193,0.50
langues-apprentissage,Duolingo,time tracking social media,5,56,200,98,0.57
langues-apprentissage,Duolingo,social media use tracker,5,46,157,95,0.57
langues-apprentissage,Duolingo,case date,5,45,248,240,0.48
langues-apprentissage,Duolingo,tracker social media use,5,46,157,95,0.57
langues-apprentissage,Duolingo,german audio stories,5,60,4,2,2.29
langues-apprentissage,Duolingo,chatgpt翻譯,5,92,217,44,0.67
langues-apprentissage,Duolingo,preschool directions,5,87,8,6,1.24
langues-apprentissage,Duolingo,kinder learning,5,61,218,122,0.55
langues-apprentissage,Duolingo,学 英语,5,52,236,22,0.80
langues-apprentissage,Duolingo,c# academy,5,44,239,142,0.53
langues-apprentissage,Duolingo,juego de idiomas,5,74,193,19,0.83
langues-apprentissage,Duolingo,juegos para aprender palabras,5,32,245,238,0.48
langues-apprentissage,Duolingo,deep r1,5,37,121,79,0.59
langues-apprentissage,Duolingo,seek r1,5,44,148,79,0.59
langues-apprentissage,Duolingo,gpt o3,5,96,174,125,0.54
langues-apprentissage,Duolingo,gpt-o3,5,72,184,131,0.54
langues-apprentissage,Duolingo,i ngilizce,5,51,226,14,0.91
langues-apprentissage,Duolingo,địa phương,5,82,85,64,0.62
langues-apprentissage,Duolingo,dinolungo,5,79,247,21,0.81
langues-apprentissage,Duolingo,qwen 2.5 plus,5,67,10,5,1.34
langues-apprentissage,Duolingo,word network,5,74,220,134,0.54
langues-apprentissage,Duolingo,fluent learn,5,57,227,110,0.56
langues-apprentissage,Duolingo,giải bài tập,5,85,231,87,0.58
langues-apprentissage,Duolingo,o3mini,5,93,246,215,0.49
langues-apprentissage,Duolingo,kannada stories,5,61,4,4,1.49
langues-apprentissage,Duolingo,new flashcards,5,36,204,114,0.55
langues-apprentissage,Duolingo,dutch course,5,18,33,14,0.91
langues-apprentissage,Duolingo,language vocabulart,5,40,238,230,0.49
langues-apprentissage,Duolingo,learn lanuage,5,90,248,1,5.00
langues-apprentissage,Duolingo,learn lanuages,5,93,246,1,5.00
langues-apprentissage,Duolingo,ai chess,5,71,234,75,0.60
langues-apprentissage,Duolingo,aplikasi latihan,5,,249,214,0.49
langues-apprentissage,Duolingo,after-school,5,44,228,74,0.60
langues-apprentissage,Duolingo,change language,5,91,230,66,0.62
langues-apprentissage,Duolingo,kid language learning,5,87,236,31,0.73
langues-apprentissage,Duolingo,learning2,5,45,237,54,0.64
langues-apprentissage,Duolingo,chatai for watch,5,67,20,16,0.87
langues-apprentissage,Duolingo,100 languages,5,56,245,135,0.54
langues-apprentissage,Duolingo,store comment,5,86,8,6,1.24
langues-apprentissage,Duolingo,dua ai,5,41,86,52,0.65
langues-apprentissage,Duolingo,places you’ve,5,89,33,17,0.86
langues-apprentissage,Duolingo,claudi,5,95,248,237,0.49
langues-apprentissage,Duolingo,wordcord,5,85,27,9,1.06
langues-apprentissage,Duolingo,gpt-4.5,5,87,242,236,0.49
langues-apprentissage,Duolingo,ucenje,5,66,40,3,1.74
langues-apprentissage,Duolingo,make long story,5,61,11,4,1.49
langues-apprentissage,Duolingo,speak & learn english: learna,5,98,248,92,0.58
langues-apprentissage,Duolingo,business tracker youtube,5,73,35,14,0.91
langues-apprentissage,Duolingo,ai pet communication,5,84,10,6,1.24
langues-apprentissage,Duolingo,ai pet communication,5,84,10,6,1.24
langues-apprentissage,Duolingo,neet flash cards,5,75,184,176,0.51
langues-apprentissage,Duolingo,life lesson,5,84,92,25,0.77
langues-apprentissage,Duolingo,teaches,5,96,230,131,0.54
langues-apprentissage,Duolingo,learn spanish!,5,98,219,4,1.49
langues-apprentissage,Duolingo,daily bio,5,63,12,6,1.24
langues-apprentissage,Duolingo,learn & speak fluent,5,61,249,226,0.49
langues-apprentissage,Duolingo,six hats,5,94,235,180,0.51
langues-apprentissage,Duolingo,deep reader,5,71,106,93,0.57
langues-apprentissage,Duolingo,scio,5,76,39,8,1.10
langues-apprentissage,Duolingo,brainpop jr.,5,,105,49,0.66
langues-apprentissage,Duolingo,game to improve,5,,137,37,0.70
langues-apprentissage,Duolingo,improve mental skills,5,,29,13,0.93
langues-apprentissage,Duolingo,mental skills,5,,220,99,0.57
langues-apprentissage,Duolingo,pad work,5,,245,239,0.48
langues-apprentissage,Duolingo,doodle movie,5,,32,11,0.98
langues-apprentissage,Duolingo,doodle line,5,,129,27,0.76
langues-apprentissage,Duolingo,doodle flash,5,,23,7,1.16
langues-apprentissage,Duolingo,engish,5,94,248,1,5.00
langues-apprentissage,Duolingo,podcast language learning,5,,38,8,1.10
langues-apprentissage,Duolingo,chinee,5,,240,7,1.16
langues-apprentissage,Duolingo,lasson,5,,179,65,0.62
langues-apprentissage,Duolingo,play 2.0,5,,140,75,0.60
langues-apprentissage,Duolingo,peer to peer chat,5,,208,27,0.76
langues-apprentissage,Duolingo,translate your words,5,,32,11,0.98
langues-apprentissage,Duolingo,notebook learning,5,87,246,155,0.52
langues-apprentissage,Duolingo,germany stories,5,,51,10,1.02
langues-apprentissage,Duolingo,learn new skill,5,,54,2,2.29
langues-apprentissage,Duolingo,linkedin ai photos,5,,107,85,0.58
langues-apprentissage,Duolingo,coolest,5,100,243,85,0.58
langues-apprentissage,Duolingo,chat on grok,5,,181,97,0.57
langues-apprentissage,Duolingo,fun english,5,,238,88,0.58
langues-apprentissage,Duolingo,fun language,5,46,230,228,0.49
langues-apprentissage,Duolingo,turkish to english,5,,50,31,0.73
langues-apprentissage,Duolingo,ai word translation,5,,109,77,0.60
langues-apprentissage,Duolingo,wa story,5,42,198,187,0.51
langues-apprentissage,Duolingo,tieng anh,5,96,247,1,5.00
langues-apprentissage,Duolingo,topmedia,5,87,229,125,0.54
langues-apprentissage,Duolingo,top media ai,5,,50,36,0.70
langues-apprentissage,Duolingo,top media,5,,228,130,0.54
langues-apprentissage,Duolingo,linkedin voice,5,,25,10,1.02
langues-apprentissage,Duolingo,how to go viral,5,97,221,219,0.49
langues-apprentissage,Duolingo,fun memory test,5,,97,49,0.66
langues-apprentissage,Duolingo,ai memory tracker,5,,22,11,0.98
langues-apprentissage,Duolingo,power up: adhd,5,,4,3,1.74
langues-apprentissage,Duolingo,boxe thaï,5,,99,49,0.66
langues-apprentissage,Duolingo,voi̇ce dream,5,89,242,169,0.51
langues-apprentissage,Duolingo,make you bold,5,76,22,17,0.86
langues-apprentissage,Duolingo,face to lego,5,,11,4,1.49
langues-apprentissage,Duolingo,learn english together,5,,11,5,1.34
langues-apprentissage,Duolingo,redbird,5,,134,47,0.66
langues-apprentissage,Duolingo,chatterbait,5,18,79,79,0.59
langues-apprentissage,Duolingo,lingual,5,93,243,2,2.29
langues-apprentissage,Duolingo,dive maps.,5,,46,23,0.79
langues-apprentissage,Duolingo,studyless,5,,20,14,0.91
langues-apprentissage,Duolingo,greenbird,5,80,122,1,5.00
langues-apprentissage,Duolingo,english and spanish games,5,78,195,7,1.16
langues-apprentissage,Duolingo,học tiếng nhật,5,,215,4,1.49
langues-apprentissage,Duolingo,skill in 10 mins,5,,9,4,1.49
langues-apprentissage,Duolingo,master language,5,44,242,56,0.64
langues-apprentissage,Duolingo,basic mobile phone,5,,99,50,0.65
langues-apprentissage,Duolingo,learn guitar with justin,5,,14,13,0.93
langues-apprentissage,Duolingo,get high,5,,210,181,0.51
langues-apprentissage,Duolingo,reflex skills,5,,126,17,0.86
langues-apprentissage,Duolingo,multiple langualges,5,,231,6,1.24
langues-apprentissage,Duolingo,bocavulary,5,,249,10,1.02
langues-apprentissage,Duolingo,lời nhắc nhở,5,,232,38,0.70
langues-apprentissage,Duolingo,kế hoạch adhd,5,,18,17,0.86
langues-apprentissage,Duolingo,qwen wan,5,84,24,6,1.24
langues-apprentissage,Duolingo,bird online,5,,205,183,0.51
langues-apprentissage,Duolingo,music entertainment,5,,236,225,0.49
langues-apprentissage,Duolingo,entertainment superapp,5,,223,93,0.57
langues-apprentissage,Duolingo,кinк mate,5,,48,27,0.76
langues-apprentissage,Duolingo,кinк,5,,237,136,0.53
langues-apprentissage,Duolingo,aı video gpt,5,86,246,245,0.48
langues-apprentissage,Duolingo,learn langugae,5,91,247,1,5.00
langues-apprentissage,Duolingo,learn a langauge,5,93,247,1,5.00
langues-apprentissage,Duolingo,anki languages,5,94,245,9,1.06
langues-apprentissage,Duolingo,let them,5,60,208,198,0.50
langues-apprentissage,Duolingo,simply snap photo,5,,11,6,1.24
langues-apprentissage,Duolingo,8 characters,5,,63,23,0.79
langues-apprentissage,Duolingo,character puzzle,5,,216,67,0.61
langues-apprentissage,Duolingo,ki notes,5,,206,185,0.51
langues-apprentissage,Duolingo,learning gamea,5,87,248,8,1.10
langues-apprentissage,Duolingo,learn kanada,5,77,219,2,2.29
langues-apprentissage,Duolingo,learn kannada,5,93,250,15,0.89
langues-apprentissage,Duolingo,phone basics,5,,116,71,0.61
langues-apprentissage,Duolingo,ixl\,5,,215,2,2.29
langues-apprentissage,Duolingo,snap language,5,,56,5,1.34
langues-apprentissage,Duolingo,gork 3,5,92,209,173,0.51
langues-apprentissage,Duolingo,ai character pet,5,,22,15,0.89
langues-apprentissage,Duolingo,relaxing virtual pet,5,,31,18,0.84
langues-apprentissage,Duolingo,nyelvtanulás,5,49,228,34,0.71
langues-apprentissage,Duolingo,spanish flash cards for kids,5,66,236,3,1.74
langues-apprentissage,Duolingo,pie way,5,,218,52,0.65
langues-apprentissage,Duolingo,pie time,5,,49,25,0.77
langues-apprentissage,Duolingo,kids langauge,5,,183,16,0.87
langues-apprentissage,Duolingo,so yo red,5,,51,35,0.71
langues-apprentissage,Duolingo,you doodle pro - art on the go,5,,9,8,1.10
langues-apprentissage,Duolingo,duomo phone,5,,3,3,1.74
langues-apprentissage,Duolingo,doll box,5,,70,37,0.70
langues-apprentissage,Duolingo,home notes,5,,228,138,0.53
langues-apprentissage,Duolingo,gibki,5,95,244,11,0.98
langues-apprentissage,Duolingo,ai picture fale,5,,7,7,1.16
langues-apprentissage,Duolingo,digital nomads,5,55,226,211,0.49
langues-apprentissage,Duolingo,aprender idiomnas,5,44,246,245,0.48
langues-apprentissage,Duolingo,duolingo workout,5,76,247,5,1.34
langues-apprentissage,Duolingo,green screen fun,5,46,167,57,0.63
langues-apprentissage,Duolingo,rede canais,5,,162,26,0.76
langues-apprentissage,Duolingo,languages translate,5,,234,28,0.75
langues-apprentissage,Duolingo,message translation,5,,223,128,0.54
langues-apprentissage,Duolingo,language gpt,5,,228,33,0.72
langues-apprentissage,Duolingo,music cleanup,5,,218,45,0.67
langues-apprentissage,Duolingo,blingo,5,91,248,1,5.00
langues-apprentissage,Duolingo,br book trackert,5,,11,8,1.10
langues-apprentissage,Duolingo,japanese business,5,,221,141,0.53
langues-apprentissage,Duolingo,fasting app fоr women free,5,,32,6,1.24
langues-apprentissage,Duolingo,fasting app fоr women,5,,32,18,0.84
langues-apprentissage,Duolingo,how to use,5,58,70,53,0.64
langues-apprentissage,Duolingo,'-тик,5,,213,85,0.58
langues-apprentissage,Duolingo,late one,5,,95,25,0.77
langues-apprentissage,Duolingo,40s,5,81,224,174,0.51
langues-apprentissage,Duolingo,real-time message translator,5,,25,14,0.91
langues-apprentissage,Duolingo,polishhome,5,,12,6,1.24
langues-apprentissage,Duolingo,polish home,5,,12,6,1.24
langues-apprentissage,Duolingo,home gbt,5,,190,177,0.51
langues-apprentissage,Duolingo,deep listening,5,,142,132,0.54
langues-apprentissage,Duolingo,play and learn egucational games,5,94,234,59,0.63
langues-apprentissage,Duolingo,memory chess,5,,237,104,0.56
langues-apprentissage,Duolingo,englsih,5,94,248,1,5.00
langues-apprentissage,Duolingo,tutor german,5,,80,34,0.71
langues-apprentissage,Duolingo,english vocabulary - ai quiz,5,,54,25,0.77
langues-apprentissage,Duolingo,city vpn,5,,46,36,0.70
langues-apprentissage,Duolingo,x voice translator,5,,32,24,0.78
langues-apprentissage,Duolingo,updates podcast,5,,36,26,0.76
langues-apprentissage,Duolingo,live minutes,5,,116,80,0.59
langues-apprentissage,Duolingo,max vo2,5,40,245,205,0.50
langues-apprentissage,Duolingo,vo2 test,5,,248,213,0.49
langues-apprentissage,Duolingo,test vo2 max,5,33,162,97,0.57
langues-apprentissage,Duolingo,vo₂ max,5,,185,109,0.56
langues-apprentissage,Duolingo,on my head,5,69,47,34,0.71
langues-apprentissage,Duolingo,plan roon,5,76,231,102,0.56
langues-apprentissage,Duolingo,vocabularr,5,,245,16,0.87
langues-apprentissage,Duolingo,learn it,5,92,248,2,2.29
langues-apprentissage,Duolingo,chess app for kids,5,63,224,6,1.24
langues-apprentissage,Duolingo,edu prep,5,,78,67,0.61
langues-apprentissage,Duolingo,gramma,5,,224,4,1.49
langues-apprentissage,Duolingo,line-learning,5,38,220,41,0.68
langues-apprentissage,Duolingo,ngữ pháp,5,,227,8,1.10
langues-apprentissage,Duolingo,quick japanese,5,,119,54,0.64
langues-apprentissage,Duolingo,japanese vocabulaly,5,,233,159,0.52
langues-apprentissage,Duolingo,learn to earn,5,,80,44,0.67
langues-apprentissage,Duolingo,prime puzzle,5,,82,33,0.72
langues-apprentissage,Duolingo,pi test,5,,205,161,0.52
langues-apprentissage,Duolingo,spanish flash card,5,,202,56,0.64
langues-apprentissage,Duolingo,learning spanish flashcards,5,,199,66,0.62
langues-apprentissage,Duolingo,learn spanish apps,5,92,247,1,5.00
langues-apprentissage,Duolingo,learn spanish mexican beginner,5,,24,20,0.82
langues-apprentissage,Duolingo,free spanish flashcards,5,,205,10,1.02
langues-apprentissage,Duolingo,spanish basic vocabulary,5,,39,28,0.75
langues-apprentissage,Duolingo,spanish flash cards free,5,,242,17,0.86
langues-apprentissage,Duolingo,language app for kids offline,5,,28,5,1.34
langues-apprentissage,Duolingo,ai second bra,5,,9,3,1.74
langues-apprentissage,Duolingo,[lingy],5,32,42,22,0.80
langues-apprentissage,Duolingo,học tiếng anh miễn phí  tiếng anh  học n,5,,235,9,1.06
langues-apprentissage,Duolingo,học tiếng anh miễn phí  tiếng anh  học,5,,250,204,0.50
langues-apprentissage,Duolingo,từ vựng,5,37,244,22,0.80
langues-apprentissage,Duolingo,another puzzle game,5,,64,32,0.73
langues-apprentissage,Duolingo,omad and fasting tracker,5,,35,30,0.74
langues-apprentissage,Duolingo,basic mat,5,,29,13,0.93
langues-apprentissage,Duolingo,language tutro,5,42,247,142,0.53
langues-apprentissage,Duolingo,nomad map,5,,45,21,0.81
langues-apprentissage,Duolingo,training tool,5,,233,145,0.53
langues-apprentissage,Duolingo,thước lỗ ban,5,,219,158,0.52
langues-apprentissage,Duolingo,game story generator,5,,70,40,0.69
langues-apprentissage,Duolingo,french beginneer,5,,143,97,0.57
langues-apprentissage,Duolingo,french delf,5,,47,20,0.82
langues-apprentissage,Duolingo,com open vpn,5,,32,20,0.82
langues-apprentissage,Duolingo,four open vpn,5,62,43,23,0.79
langues-apprentissage,Duolingo,net openvpn,5,,87,39,0.69
langues-apprentissage,Duolingo,net open vpn,5,,87,64,0.62
langues-apprentissage,Duolingo,co art generator,5,,147,111,0.55
langues-apprentissage,Duolingo,artgenerator co,5,82,16,6,1.24
langues-apprentissage,Duolingo,score book,5,,232,188,0.50
langues-apprentissage,Duolingo,art generator hi,5,77,15,7,1.16
langues-apprentissage,Duolingo,activelistening,5,42,235,33,0.72
langues-apprentissage,Duolingo,quizzlie,5,55,209,11,0.98
langues-apprentissage,Duolingo,英语发音,5,52,248,136,0.53
langues-apprentissage,Duolingo,single phone game,5,,24,18,0.84
langues-apprentissage,Duolingo,lingu,5,,234,2,2.29
langues-apprentissage,Duolingo,[lingu],5,,235,226,0.49
langues-apprentissage,Duolingo,ccse exame nacionalidad españa,5,80,236,29,0.74
langues-apprentissage,Duolingo,chinese handwriting recognition,5,,36,20,0.82
langues-apprentissage,Duolingo,buddy single,5,,24,14,0.91
langues-apprentissage,Duolingo,toán học,5,,203,17,0.86
langues-apprentissage,Duolingo,music notes tutor,5,,219,41,0.68
langues-apprentissage,Duolingo,musical notes tutor,5,,224,139,0.53
langues-apprentissage,Duolingo,music note widget,5,,24,10,1.02
langues-apprentissage,Duolingo,speak: learn spanish  french,5,,186,35,0.71
langues-apprentissage,Duolingo,poly family,5,77,243,187,0.51
langues-apprentissage,Duolingo,prodify mobile,5,,14,6,1.24
langues-apprentissage,Duolingo,babbel - language learning,5,94,242,2,2.29
langues-apprentissage,Duolingo,gems drop,5,70,184,87,0.58
langues-apprentissage,Duolingo,learn i.t,5,87,247,23,0.79
langues-apprentissage,Duolingo,italian coach,5,,11,9,1.06
langues-apprentissage,Duolingo,french coach,5,,16,11,0.98
langues-apprentissage,Duolingo,live super-res,5,,64,45,0.67
langues-apprentissage,Duolingo,japan train tracker,5,,5,3,1.74
langues-apprentissage,Duolingo,learn chinese with flashcard,5,,213,88,0.58
langues-apprentissage,Duolingo,duolingua,5,89,248,1,5.00
langues-apprentissage,Duolingo,print health,5,,89,28,0.75
langues-apprentissage,Duolingo,heart line reading,5,,181,65,0.62
langues-apprentissage,Duolingo,learneng,5,54,238,134,0.54
langues-apprentissage,Duolingo,speaking english app for kids,5,,226,135,0.54
langues-apprentissage,Duolingo,speak business english,5,,93,45,0.67
langues-apprentissage,Duolingo,smart games kids math,5,59,215,12,0.96
langues-apprentissage,Duolingo,languag,5,100,245,1,5.00
langues-apprentissage,Duolingo,education.com,5,90,247,13,0.93
langues-apprentissage,Duolingo,learna ai: english learning,5,95,247,2,2.29
langues-apprentissage,Duolingo,reading.com,5,95,248,166,0.52
langues-apprentissage,Duolingo,tiktok lemon8,5,91,239,225,0.49
langues-apprentissage,Duolingo,testo in voce con ai,5,,54,45,0.67
langues-apprentissage,Duolingo,do you ever,5,29,91,71,0.61
langues-apprentissage,Duolingo,kids social skilss,5,,32,11,0.98
langues-apprentissage,Duolingo,kids social skills,5,,45,16,0.87
langues-apprentissage,Duolingo,mental bold,5,,2,2,2.29
langues-apprentissage,Duolingo,superhero buddy,5,,17,7,1.16
langues-apprentissage,Duolingo,kid ai buddt,5,,33,19,0.83
langues-apprentissage,Duolingo,baby podcast ai,5,,12,5,1.34
langues-apprentissage,Duolingo,baby translatır,5,87,96,45,0.67
langues-apprentissage,Duolingo,mmmath,5,88,246,12,0.96
langues-apprentissage,Duolingo,story playground,5,,50,20,0.82
langues-apprentissage,Duolingo,whtz,5,,237,206,0.50
langues-apprentissage,Duolingo,bunny academy,5,76,137,85,0.58
langues-apprentissage,Duolingo,learn english with youtube,5,,73,20,0.82
langues-apprentissage,Duolingo,me as x,5,95,225,186,0.51
langues-apprentissage,Duolingo,wordly ai,5,,89,75,0.60
langues-apprentissage,Duolingo,do or pay,5,,128,51,0.65
langues-apprentissage,Duolingo,help me learn,5,70,166,98,0.57
langues-apprentissage,Duolingo,baffle,5,92,175,39,0.69
langues-apprentissage,Duolingo,zapcut,5,,231,212,0.49
langues-apprentissage,Duolingo,note widgt,5,,228,170,0.51
langues-apprentissage,Duolingo,لغات,5,78,208,1,5.00
langues-apprentissage,Duolingo,r.e.p.o,5,96,248,18,0.84
langues-apprentissage,Duolingo,guitar learning tool,5,,177,144,0.53
langues-apprentissage,Duolingo,тok,5,,147,102,0.56
langues-apprentissage,Duolingo,learning flashcardds,5,,214,87,0.58
langues-apprentissage,Duolingo,mermerise,5,,228,2,2.29
langues-apprentissage,Duolingo,pop it online,5,,111,94,0.57
langues-apprentissage,Duolingo,tg tools,5,,177,25,0.77
langues-apprentissage,Duolingo,course finder,5,,202,141,0.53
langues-apprentissage,Duolingo,you know me-how do you know me,5,,122,88,0.58
langues-apprentissage,Duolingo,make quiz from notes,5,,232,182,0.51
langues-apprentissage,Duolingo,howtouseai,5,86,19,12,0.96
langues-apprentissage,Duolingo,baby gpt,5,,121,119,0.55
langues-apprentissage,Duolingo,tan log,5,98,204,86,0.58
langues-apprentissage,Duolingo,study language,5,87,248,1,5.00
langues-apprentissage,Duolingo,master a language,5,43,246,43,0.68
langues-apprentissage,Duolingo,speak new language,5,,214,5,1.34
langues-apprentissage,Duolingo,learn language fun,5,,250,1,5.00
langues-apprentissage,Duolingo,teach to learn,5,55,238,15,0.89
langues-apprentissage,Duolingo,learn engish,5,91,248,2,2.29
langues-apprentissage,Duolingo,educational learning apps,5,,246,152,0.52
langues-apprentissage,Duolingo,hakken,5,,162,126,0.54
langues-apprentissage,Duolingo,linelearner,5,57,151,149,0.53
langues-apprentissage,Duolingo,note con ia,5,,141,120,0.55
langues-apprentissage,Duolingo,キャップカット無料,5,,243,108,0.56
langues-apprentissage,Duolingo,englih,5,94,248,1,5.00
langues-apprentissage,Duolingo,learn proramming,5,,212,138,0.53
langues-apprentissage,Duolingo,learning easily,5,,237,22,0.80
langues-apprentissage,Duolingo,lessons in minutes,5,40,245,39,0.69
langues-apprentissage,Duolingo,toon me up,5,,92,57,0.63
langues-apprentissage,Duolingo,learn with,5,43,225,78,0.59
langues-apprentissage,Duolingo,good hang,5,88,104,102,0.56
langues-apprentissage,Duolingo,english speak fluent,5,,212,143,0.53
langues-apprentissage,Duolingo,deep ai cha,5,,126,114,0.55
langues-apprentissage,Duolingo,speakinglanguage,5,96,250,6,1.24
langues-apprentissage,Duolingo,flash cards learning,5,,224,193,0.50
langues-apprentissage,Duolingo,spanishlessons,5,98,246,1,5.00
langues-apprentissage,Duolingo,education\,5,93,239,2,2.29
langues-apprentissage,Duolingo,deo 3,5,,75,52,0.65
langues-apprentissage,Duolingo,offline skills,5,,227,111,0.55
langues-apprentissage,Duolingo,发音,5,55,223,114,0.55
langues-apprentissage,Duolingo,libros en inglés y español,5,86,237,146,0.53
langues-apprentissage,Duolingo,dual language stories,5,40,248,28,0.75
langues-apprentissage,Duolingo,men transaltor,5,,94,19,0.83
langues-apprentissage,Duolingo,where is this place,5,,49,25,0.77
langues-apprentissage,Duolingo,mind snacks,5,,197,6,1.24
langues-apprentissage,Duolingo,learn in 10 min,5,,241,75,0.60
langues-apprentissage,Duolingo,tap to learn,5,45,195,19,0.83
langues-apprentissage,Duolingo,do you know me kids,5,,48,27,0.76
langues-apprentissage,Duolingo,sing spanish,5,74,195,114,0.55
langues-apprentissage,Duolingo,practice foreign language writing daily,5,40,246,113,0.55
langues-apprentissage,Duolingo,duol%C4%B1ngo,5,68,7,4,1.49
langues-apprentissage,Duolingo,a%C4%B1,5,42,242,192,0.50
langues-apprentissage,Duolingo,%E8%B1%86%E5%8C%85,5,69,123,96,0.57
langues-apprentissage,Duolingo,%DA%AF%D8%B1%D8%A8%D9%87,5,87,146,103,0.56
langues-apprentissage,Duolingo,language%20learning,5,65,212,18,0.84
langues-apprentissage,Duolingo,sign%20language%20learning,5,70,205,13,0.93
langues-apprentissage,Duolingo,%D1%81%D0%B0%D0%BC%D0%BE%D0%BB%D0%B5%D1%82,5,96,43,36,0.70
langues-apprentissage,Duolingo,play%20do%20it,5,79,235,175,0.51
langues-apprentissage,Duolingo,%D1%83%D0%B1%D0%BE%D1%80%D0%BA%D0%B0,5,97,160,96,0.57
langues-apprentissage,Duolingo,free%20bible%20games,5,78,228,156,0.52
langues-apprentissage,Duolingo,%E5%8D%AB%E6%98%9F%E5%9C%B0%E5%9B%BE,5,85,92,78,0.59
langues-apprentissage,Duolingo,%E6%8D%A2%E8%84%B8,5,83,159,84,0.59
langues-apprentissage,Duolingo,%D0%BB%D0%BE%D0%BA%D0%B5%D1%82,5,91,113,69,0.61
langues-apprentissage,Duolingo,%E4%BA%A4%E5%8F%8B,5,90,230,181,0.51
langues-apprentissage,Duolingo,%D8%A7%D8%B3%D8%AA%D9%82%D8%B1%D8%A7%D9%85,5,90,46,34,0.71
langues-apprentissage,Duolingo,%D8%A8%D8%B1%D9%83%D8%A9,5,95,197,147,0.53
langues-apprentissage,Duolingo,%D0%B7%D0%B0%D0%BC%D0%B5%D1%82%D0%BA%D0%B8,5,97,83,38,0.70
langues-apprentissage,Duolingo,%D9%83%D9%8A%D8%A8%D9%88%D8%B1,5,90,198,147,0.53
langues-apprentissage,Duolingo,spanish%20learning%20kids,5,55,164,15,0.89
langues-apprentissage,Duolingo,sign%20language%20translator,5,72,220,129,0.54
langues-apprentissage,Duolingo,kids%20piano%20games,5,86,209,133,0.54
langues-apprentissage,Duolingo,language%20lab,5,66,218,24,0.78
langues-apprentissage,Duolingo,%E8%BE%93%E5%85%A5%E6%B3%95,5,72,133,101,0.56
langues-apprentissage,Duolingo,read%20with%20ello,5,50,32,25,0.77
langues-apprentissage,Duolingo,%DA%A9%D8%B1%D9%81%D8%B3,5,98,249,225,0.49
langues-apprentissage,Duolingo,%D8%B1%D9%88%D8%B4%D9%86,5,86,122,52,0.65
langues-apprentissage,Duolingo,asl%20sign%20language,5,57,191,88,0.58
langues-apprentissage,Duolingo,tolan%20ai,5,51,231,22,0.80
langues-apprentissage,Duolingo,%E9%97%B9%E9%92%9F,5,90,166,131,0.54
langues-apprentissage,Duolingo,i%20am%20a%20cat,5,86,242,201,0.50
langues-apprentissage,Duolingo,%E9%9F%B3%E4%B9%90,5,97,196,150,0.52
langues-apprentissage,Duolingo,%E8%8A%B1,5,76,197,148,0.53
langues-apprentissage,Duolingo,3d%E5%BB%BA%E6%A8%A1,5,46,190,157,0.52
langues-apprentissage,Duolingo,Together%3A,5,84,154,103,0.56
langues-apprentissage,Duolingo,%E6%89%AB%E6%8F%8F,5,84,74,51,0.65
langues-apprentissage,Duolingo,%D0%B1%D1%83%D0%B4%D0%B8%D0%BB%D1%8C%D0%BD%D0%B8%D0%BA,5,98,246,228,0.49
langues-apprentissage,Duolingo,%D8%B5%D9%88%D8%B1%D9%87,5,76,151,117,0.55
langues-apprentissage,Duolingo,how%20do%20you,5,63,224,204,0.50
langues-apprentissage,Duolingo,learn%20sign%20language,5,68,223,54,0.64
langues-apprentissage,Duolingo,%D1%80%D0%B8%D1%81%D0%BE%D0%B2%D0%B0%D0%BB%D0%BA%D0%B0,5,91,112,74,0.60
langues-apprentissage,Duolingo,heads%20up%20kids,5,88,227,202,0.50
langues-apprentissage,Duolingo,drops%20language%20learning,5,42,239,61,0.63
langues-apprentissage,Duolingo,free%20pre%20k%20games,5,97,211,182,0.51
langues-apprentissage,Duolingo,%D1%81%D0%BE%D0%B1%D0%B0%D0%BA%D0%B0,5,97,184,128,0.54
langues-apprentissage,Duolingo,%E8%AF%AD%E9%9F%B3,5,94,120,82,0.59
langues-apprentissage,Duolingo,%E6%8F%90%E7%A4%BA,5,94,63,42,0.68
langues-apprentissage,Duolingo,%D1%83%D0%BB%D1%8C%D1%82%D1%80%D0%B0%D0%B7%D0%B2%D1%83%D0%BA,5,90,88,62,0.62
langues-apprentissage,Duolingo,%D8%AA%D9%8A%D9%83%20%D8%AA%D9%88%D9%83%20tik%20tok,5,81,93,55,0.64
langues-apprentissage,Duolingo,learn%20to%20play%20piano,5,87,232,63,0.62
langues-apprentissage,Duolingo,pros%20and%20cons,5,84,243,231,0.49
langues-apprentissage,Duolingo,%D1%82%D0%B5%D0%BB%D0%B5%D0%B3%D1%80%D0%B0%D0%BC,5,96,37,31,0.73
langues-apprentissage,Duolingo,%D9%88%D8%AC%D9%8A%D8%B2,5,80,37,14,0.91
langues-apprentissage,Duolingo,%E4%B8%93%E6%B3%A8,5,74,246,223,0.49
langues-apprentissage,Duolingo,face%20off,5,50,183,167,0.52
langues-apprentissage,Duolingo,%E6%97%B6%E9%97%B4,5,86,89,50,0.65
langues-apprentissage,Duolingo,%D8%AC%D9%84%D8%B3%D8%A9,5,73,40,15,0.89
langues-apprentissage,Duolingo,duolingo%20language%20lessons,5,94,248,1,5.00
langues-apprentissage,Duolingo,%D9%87%D9%85%D8%B1%D8%A7%D9%87%20%DA%A9%D8%A7%D8%B1%D8%AA,5,95,163,137,0.53
langues-apprentissage,Duolingo,%D9%81%D9%88%D8%B1%D9%83%D8%B3,5,78,133,74,0.60
langues-apprentissage,Duolingo,%E8%82%A1%E5%B8%82,5,76,151,118,0.55
langues-apprentissage,Duolingo,%E4%B9%A6,5,87,88,46,0.67
langues-apprentissage,Duolingo,toca%20boca%20jr,5,80,90,68,0.61
langues-apprentissage,Duolingo,%E1%BA%A3nh,5,88,15,7,1.16
langues-apprentissage,Duolingo,10%20minute%20spanish,5,75,202,39,0.69
langues-apprentissage,Duolingo,%D0%BB%D0%B0%D0%B2%D0%BA%D0%B0,5,94,120,85,0.58
langues-apprentissage,Duolingo,learn%20language,5,66,204,57,0.63
langues-apprentissage,Duolingo,aplicacion%20para%20descargar%20musica,5,97,209,73,0.60
langues-apprentissage,Duolingo,ply%20ai,5,82,223,151,0.52
langues-apprentissage,Duolingo,%D8%B3%D9%83%D9%86%D8%B1,5,98,149,112,0.55
langues-apprentissage,Duolingo,how%20to%20learn%20english,5,59,248,77,0.60
langues-apprentissage,Duolingo,simple%20chat,5,50,165,126,0.54
langues-apprentissage,Duolingo,%D8%B9%D8%B1%D8%A8%D9%8A,5,98,247,225,0.49
langues-apprentissage,Duolingo,%E9%A3%9E%E8%A1%8C,5,90,148,117,0.55
langues-apprentissage,Duolingo,%E6%96%87%E4%BB%B6,5,92,77,55,0.64
langues-apprentissage,Duolingo,Rise%3A,5,65,218,211,0.49
langues-apprentissage,Duolingo,first%20in%20math,5,69,201,24,0.78
langues-apprentissage,Duolingo,%E5%85%AB%E5%AD%97%E6%8E%92%E7%9B%98,5,73,79,47,0.66
langues-apprentissage,Duolingo,ni%C3%B1os,5,67,54,28,0.75
langues-apprentissage,Duolingo,para%20ni%C3%B1os,5,75,59,34,0.71
langues-apprentissage,Duolingo,duolingo%20english%20test,5,86,245,2,2.29
langues-apprentissage,Duolingo,learn%20swedish,5,68,210,20,0.82
langues-apprentissage,Duolingo,learn%20french%20for%20beginners,5,70,213,59,0.63
langues-apprentissage,Duolingo,spanish%20games%20for%20kids,5,46,165,26,0.76
langues-apprentissage,Duolingo,learning%20spanish,5,62,168,30,0.74
langues-apprentissage,Duolingo,the%20language%20of%20letting%20go,5,66,224,21,0.81
langues-apprentissage,Duolingo,%E6%BB%B4%E7%AD%94%E6%B8%85%E5%8D%95,5,92,48,26,0.76
langues-apprentissage,Duolingo,learn%20french%20for%20beginners,5,70,213,59,0.63
langues-apprentissage,Duolingo,spanish%20games%20for%20kids,5,46,165,26,0.76
langues-apprentissage,Duolingo,learning%20spanish,5,62,168,30,0.74
langues-apprentissage,Duolingo,the%20language%20of%20letting%20go,5,66,224,21,0.81
langues-apprentissage,Duolingo,%E6%BB%B4%E7%AD%94%E6%B8%85%E5%8D%95,5,92,48,26,0.76
langues-apprentissage,Duolingo,bright%20%E2%80%94%20english%20for%20beginners,5,73,14,13,0.93
langues-apprentissage,Duolingo,3rd%20grade%20reading,5,41,194,136,0.53
langues-apprentissage,Duolingo,spanish%20word%20of%20the%20day,5,49,161,45,0.67
langues-apprentissage,Duolingo,new%20word%20a%20day,5,98,215,145,0.53
langues-apprentissage,Duolingo,learn%20english%20grammar,5,40,244,195,0.50
langues-apprentissage,Duolingo,%D1%81%D0%B8%D0%BC%D1%83%D0%BB%D1%8F%D1%82%D0%BE%D1%80%20%D0%BA%D0%B5%D0%B9%D1%81%D0%BE%D0%B2,5,54,111,26,0.76
langues-apprentissage,Duolingo,learn%20cantonese,5,45,212,35,0.71
langues-apprentissage,Duolingo,spanish%20for%20kids,5,71,201,6,1.24
langues-apprentissage,Duolingo,spanish%20learning%20app%20free,5,58,226,98,0.57
langues-apprentissage,Duolingo,spanish%20kids,5,73,196,10,1.02
langues-apprentissage,Duolingo,juegos%20para%20aprender%20ingles,5,62,203,118,0.55
langues-apprentissage,Duolingo,pre%20k%20preschool%20learning%20games,5,70,232,44,0.67
langues-apprentissage,Duolingo,a%20small%20world%20cup,5,14,43,37,0.70
langues-apprentissage,Duolingo,language%20learning%20spanish,5,50,224,50,0.65
langues-apprentissage,Duolingo,learn%20spanish%20for%20beginners,5,56,186,39,0.69
langues-apprentissage,Duolingo,juego%20de%20ni%C3%B1os,5,73,192,126,0.54
langues-apprentissage,Duolingo,%D8%A8%D9%88%D8%B5%D9%84%D8%A9,5,68,239,193,0.50
langues-apprentissage,Duolingo,green%20dot%20app,5,25,167,100,0.57
langues-apprentissage,Duolingo,what%20song%20is%20this,5,65,56,34,0.71
langues-apprentissage,Duolingo,%D9%BE%D8%A7%D8%B3%D8%AA%D9%88%D8%B1,5,82,112,62,0.62
langues-apprentissage,Duolingo,%D9%88%D8%B1%D8%B2%D8%B4,5,67,242,211,0.49
langues-apprentissage,Duolingo,rosetta%20stone%3A%20learn%20languages,5,50,245,47,0.66
langues-apprentissage,Duolingo,ewa%3A%20learn%20english%20language,5,46,220,47,0.66
langues-apprentissage,Duolingo,%E5%81%A5%E8%BA%AB,5,83,124,61,0.63
langues-apprentissage,Duolingo,%D9%84%D8%B9%D8%A8%D8%AA,5,77,69,56,0.64
langues-apprentissage,Duolingo,french%20learning%20app,5,71,215,50,0.65
langues-apprentissage,Duolingo,aprender%20ingles%20gratis,5,50,224,12,0.96
langues-apprentissage,Duolingo,%E8%8A%B1%E7%93%A3%E6%B5%8B%E9%80%9F,5,98,242,214,0.49
langues-apprentissage,Duolingo,%D0%B0%D0%BB%D1%8C%D1%84%D0%B0,5,98,213,180,0.51
langues-apprentissage,Duolingo,learn%20to%20sing,5,81,246,243,0.48
langues-apprentissage,Duolingo,learn%20to%20read%20for%20kids%20free,5,72,240,11,0.98
langues-apprentissage,Duolingo,learn%20piano%20free,5,75,241,60,0.63
langues-apprentissage,Duolingo,learning%20apps%20for%20adults,5,60,248,65,0.62
langues-apprentissage,Duolingo,how%20to%20speak%20spanish,5,45,181,68,0.61
langues-apprentissage,Duolingo,%D9%82%D8%B1%D8%B9%D8%A9,5,80,197,146,0.53
langues-apprentissage,Duolingo,promova%20learn%20languages,5,57,221,31,0.73
langues-apprentissage,Duolingo,%D9%81%D8%B6%D9%81%D8%B6%D9%87,5,79,182,139,0.53
langues-apprentissage,Duolingo,%E8%8B%B9%E6%9E%9C,5,65,163,64,0.62
langues-apprentissage,Duolingo,foreign%20language,5,67,249,213,0.49
langues-apprentissage,Duolingo,duolingo%20free,5,85,247,2,2.29
langues-apprentissage,Duolingo,heads%20%20up%20adult,5,76,229,167,0.52
langues-apprentissage,Duolingo,%D0%BC%D1%83%D0%B7%D1%8B%D0%BA%D0%B0,5,62,62,32,0.73
langues-apprentissage,Duolingo,%D1%80%D1%83%D0%BB%D0%B5%D1%82%D0%BA%D0%B0,5,90,96,69,0.61
langues-apprentissage,Duolingo,free%20online%20books,5,79,238,188,0.50
langues-apprentissage,Duolingo,free%20offline%20music,5,82,229,198,0.50
langues-apprentissage,Duolingo,duo%20lingo,5,95,250,26,0.76
langues-apprentissage,Duolingo,heads%20up%20adult,5,79,170,132,0.54
langues-apprentissage,Duolingo,%E6%9D%80%E6%AF%92%E8%BD%AF%E4%BB%B6,5,98,239,225,0.49
langues-apprentissage,Duolingo,english%20learning%20app,5,32,242,126,0.54
langues-apprentissage,Duolingo,easy%20games%20for%20kids,5,83,243,235,0.49
langues-apprentissage,Duolingo,lets%20get%20deep,5,34,47,18,0.84
langues-apprentissage,Duolingo,%D8%B3%D9%88%D9%8A%D8%AA%D8%B1,5,80,76,63,0.62
langues-apprentissage,Duolingo,the%20best%20games%20in%20the%20world,5,68,219,194,0.50
langues-apprentissage,Duolingo,%E5%A4%AA%E7%A9%BA,5,66,54,37,0.70
langues-apprentissage,Duolingo,thailand%20dating,5,28,154,82,0.59
langues-apprentissage,Duolingo,Learn%20new%20language,5,47,245,109,0.56
langues-apprentissage,Duolingo,%E4%BA%BA%E5%B7%A5%E6%99%BA%E8%83%BD,5,54,107,84,0.59
langues-apprentissage,Duolingo,aprende%20ingles%20gratis,5,65,234,24,0.78
langues-apprentissage,Duolingo,lingo%20deer,5,47,249,242,0.48
langues-apprentissage,Duolingo,preply%3A%20language%20learning%20app,5,47,247,41,0.68
langues-apprentissage,Duolingo,music%20note%20reader,5,58,218,36,0.70
langues-apprentissage,Duolingo,spanish%20learning%20games,5,38,167,12,0.96
langues-apprentissage,Duolingo,learning%20spanish%20for%20kids,5,83,183,10,1.02
langues-apprentissage,Duolingo,duolingo%20english%20test%20practice,5,83,245,1,5.00
langues-apprentissage,Duolingo,how%20to%20read,5,98,237,206,0.50
langues-apprentissage,Duolingo,%D0%BE%D1%82%D0%B5%D0%BB%D1%8C,5,53,56,38,0.70
langues-apprentissage,Duolingo,%D8%B5%D9%88%D8%B1,5,49,145,76,0.60
langues-apprentissage,Duolingo,learn%20how%20to%20play%20piano,5,72,226,212,0.49
langues-apprentissage,Duolingo,fun%20math%20games,5,67,230,134,0.54
langues-apprentissage,Duolingo,learn%20greek,5,50,216,119,0.55
langues-apprentissage,Duolingo,%E6%98%9F%E5%BA%A7,5,75,101,65,0.62
langues-apprentissage,Duolingo,english%20to%20spanish,5,65,193,40,0.69
langues-apprentissage,Duolingo,learn%20spanish%20kids,5,35,196,25,0.77
langues-apprentissage,Duolingo,%E5%A5%BD%E5%8C%BB%E7%94%9F,5,96,117,95,0.57
langues-apprentissage,Duolingo,language%20learning%20games,5,78,241,7,1.16
langues-apprentissage,Duolingo,%E5%85%8D%E8%B4%B9,5,73,131,70,0.61
langues-apprentissage,Duolingo,finch%20self%20care%20pet,5,70,114,109,0.56
langues-apprentissage,Duolingo,pic%20monkey%20free,5,93,224,191,0.50
langues-apprentissage,Duolingo,spanish%2021,5,57,220,24,0.78
langues-apprentissage,Duolingo,%E7%88%B1%E5%A5%87%E8%89%BA,5,72,241,178,0.51
langues-apprentissage,Duolingo,get%20to%20know%20you,5,82,76,38,0.70
langues-apprentissage,Duolingo,%E5%8D%B3%E6%A2%A6ai,5,43,78,36,0.70
langues-apprentissage,Duolingo,get%20ready%20with%20me,5,67,24,18,0.84
langues-apprentissage,Duolingo,innovative%20language%20learning,5,48,248,167,0.52
langues-apprentissage,Duolingo,how%20to%20learn%20spanish,5,49,172,39,0.69
langues-apprentissage,Duolingo,pre%20k%20preschool%20games%20for%20kids,5,62,247,241,0.48
langues-apprentissage,Duolingo,google%20sky%20map,5,72,142,115,0.55
langues-apprentissage,Duolingo,english%20grammar%20practice,5,36,241,187,0.51
langues-apprentissage,Duolingo,lo%C3%B3na,5,51,75,22,0.80
langues-apprentissage,Duolingo,language%20learning%20app,5,59,247,20,0.82
langues-apprentissage,Duolingo,fun%20learning%20games,5,66,249,168,0.51
langues-apprentissage,Duolingo,learn%20to%20read%20duolingo%20abc,5,76,245,2,2.29
langues-apprentissage,Duolingo,%D8%BA%D8%B3%D9%8A%D9%84%20%D8%B3%D9%8A%D8%A7%D8%B1%D8%A7%D8%AA,5,97,86,58,0.63
langues-apprentissage,Duolingo,how%20to%20play%20piano,5,59,206,92,0.58
langues-apprentissage,Duolingo,learn%20music%20notes,5,68,219,37,0.70
langues-apprentissage,Duolingo,free%20kids%20apps,5,70,244,116,0.55
langues-apprentissage,Duolingo,do%20you%20know,5,43,207,167,0.52
langues-apprentissage,Duolingo,%E6%89%8B%E5%B8%90,5,69,171,149,0.53
langues-apprentissage,Duolingo,free%20spanish%20lessons,5,64,238,47,0.66
langues-apprentissage,Duolingo,%E7%BA%B3%E7%B1%B3ai,5,91,68,37,0.70
langues-apprentissage,Duolingo,%D1%88%D0%BA%D0%BE%D0%BB%D0%B0,5,90,98,67,0.61
langues-apprentissage,Duolingo,%D9%82%D8%B5%D8%B5,5,76,241,194,0.50
langues-apprentissage,Duolingo,%E6%96%87%E4%BB%B6%E4%BC%A0%E8%BE%93,5,98,243,184,0.51
langues-apprentissage,Duolingo,%D0%BA%D0%BB%D0%B8%D0%BA%D0%B5%D1%80,5,97,121,81,0.59
langues-apprentissage,Duolingo,%5Blingo%5D,5,40,249,213,0.49
langues-apprentissage,Duolingo,%D0%B2%D0%B7%D0%BB%D0%BE%D0%BC,5,97,94,53,0.64
langues-apprentissage,Duolingo,learn%20to%20read%20music,5,67,213,19,0.83
langues-apprentissage,Duolingo,spanish%20learning%20apps%20for%20kids,5,34,160,14,0.91
langues-apprentissage,Duolingo,%D0%BA%D0%B0%D0%BB%D0%B5%D0%BD%D0%B4%D0%B0%D1%80%D1%8C,5,98,233,199,0.50
langues-apprentissage,Duolingo,%E6%98%9F%E5%9B%BE,5,96,143,101,0.56
langues-apprentissage,Duolingo,%E5%8E%8B%E7%BC%A9,5,97,98,75,0.60
langues-apprentissage,Duolingo,韩语,5,90,247,2,2.29
langues-apprentissage,Duolingo,learnings games,5,96,245,8,1.10
langues-apprentissage,Duolingo,real language,5,47,243,189,0.50
langues-apprentissage,Duolingo,leo stories,5,94,245,241,0.48
langues-apprentissage,Duolingo,languagefabulingua: kids learn spanish,5,,208,79,0.59
langues-apprentissage,Duolingo,batchim,5,,27,8,1.10
langues-apprentissage,Duolingo,learn languages   maths & music,5,83,246,1,5.00
langues-apprentissage,Duolingo,snap together,5,,28,15,0.89
langues-apprentissage,Duolingo,snap.io,5,,229,137,0.53
langues-apprentissage,Duolingo,snap2play,5,,180,82,0.59
langues-apprentissage,Duolingo,slovenian,5,64,191,9,1.06
langues-apprentissage,Duolingo,online shool,5,,231,175,0.51
langues-apprentissage,Duolingo,vocabulay,5,,246,14,0.91
langues-apprentissage,Duolingo,sparx math,5,,204,4,1.49
langues-apprentissage,Duolingo,on%20the%20go%20map,5,,216,192,0.50
langues-apprentissage,Duolingo,learn%20spanish%20for%20free,5,,232,37,0.70
langues-apprentissage,Duolingo,clases%20de%20ingles%20gratis,5,40,246,65,0.62
langues-apprentissage,Duolingo,link%20in%20bio,5,,208,86,0.58
langues-apprentissage,Duolingo,learn%20a%20language,5,,212,62,0.62
langues-apprentissage,Duolingo,pia%20login,5,,23,21,0.81
langues-apprentissage,Duolingo,babbel%20learn%20languages,5,64,229,61,0.63
langues-apprentissage,Duolingo,baby%20sign%20language,5,,202,26,0.76
langues-apprentissage,Duolingo,free%20language%20learning%20apps,5,48,246,36,0.70
langues-apprentissage,Duolingo,language%20learning%20free,5,51,248,109,0.56
langues-apprentissage,Duolingo,prodigy%3A%20kids%20math%20game,5,,245,221,0.49
langues-apprentissage,Duolingo,learna%20ai%3A%20english%20learning,5,,231,25,0.77
langues-apprentissage,Duolingo,esl%20english,5,,232,6,1.24
langues-apprentissage,Duolingo,juegos%20para%20ni%C3%B1os%20de%203%20a%C3%B1os,5,,210,152,0.52
langues-apprentissage,Duolingo,juegos%20educativos%20para%20ni%C3%B1os,5,,167,40,0.69
langues-apprentissage,Duolingo,dw%20learn%20german,5,,29,21,0.81
langues-apprentissage,Duolingo,duolingo%20english,5,86,246,1,5.00
langues-apprentissage,Duolingo,rosetta%20stone%20learn%20languages,5,54,247,33,0.72
langues-apprentissage,Duolingo,learning%20languages,5,,209,49,0.66
langues-apprentissage,Duolingo,do%20you%20know%20me,5,92,113,84,0.59
langues-apprentissage,Duolingo,google%20sky%20map%20free,5,,106,86,0.58
langues-apprentissage,Duolingo,juegos%20para%20ni%C3%B1os%20de%202%20a%C3%B1os,5,,207,148,0.53
langues-apprentissage,Duolingo,lingodeer%20learn%20languages,5,52,248,46,0.67
langues-apprentissage,Duolingo,duo%20lingo%20spanish,5,78,232,32,0.73
langues-apprentissage,Duolingo,a%20z%20app%20amazon,5,,209,164,0.52
langues-apprentissage,Duolingo,let%20it%20go,5,,97,60,0.63
langues-apprentissage,Duolingo,learn%20a%20new%20language,5,,222,46,0.67
langues-apprentissage,Duolingo,italki%20learn%20languages%20online,5,,211,30,0.74
langues-apprentissage,Duolingo,duolingo%20spanish,5,44,237,41,0.68
langues-apprentissage,Duolingo,math%20ai%20free,5,,231,30,0.74
langues-apprentissage,Duolingo,busuu%20language%20learning%20app,5,56,239,41,0.68
langues-apprentissage,Duolingo,busuu%3A%20language%20learning%20app,5,56,241,32,0.73
langues-apprentissage,Duolingo,screen disco,5,,67,59,0.63
langues-apprentissage,Duolingo,vietnamese translator english,5,62,195,13,0.93
langues-apprentissage,Duolingo,kids learn spanish\,5,,180,6,1.24
langues-apprentissage,Duolingo,كلمات إنجليزية,5,,230,39,0.69
langues-apprentissage,Duolingo,單字庫,5,28,96,29,0.74
langues-apprentissage,Duolingo,español y en inglés,5,,194,44,0.67
langues-apprentissage,Duolingo,español y inglés,5,,195,27,0.76
langues-apprentissage,Duolingo,español a inglés,5,,196,18,0.84
langues-apprentissage,Duolingo,en español,5,,210,156,0.52
langues-apprentissage,Duolingo,español ingles,5,,249,91,0.58
langues-apprentissage,Duolingo,spanish to english vocabulary,5,,165,84,0.59
langues-apprentissage,Duolingo,聞き流し,5,25,59,47,0.66
langues-apprentissage,Duolingo,сook book,5,,53,32,0.73
langues-apprentissage,Duolingo,educataion,5,93,248,5,1.34
langues-apprentissage,Duolingo,nigger,5,90,162,138,0.53
langues-apprentissage,Duolingo,speak new language fast,5,40,245,157,0.52
langues-apprentissage,Duolingo,learn daily spanish vocabulary,5,,157,118,0.55
langues-apprentissage,Duolingo,language learn free,5,,249,4,1.49
langues-apprentissage,Duolingo,practice english daily,5,,206,120,0.55
langues-apprentissage,Duolingo,speak english free,5,95,248,5,1.34
langues-apprentissage,Duolingo,open partners,5,42,190,23,0.79
langues-apprentissage,Duolingo,poly partners,5,85,169,77,0.60
langues-apprentissage,Duolingo,nauka języków,5,64,25,4,1.49
langues-apprentissage,Duolingo,angličtina,5,40,46,23,0.79
langues-apprentissage,Duolingo,învață engleză,5,73,13,7,1.16
langues-apprentissage,Duolingo,clear voices,5,,107,105,0.56
langues-apprentissage,Duolingo,learn script,5,42,229,62,0.62
langues-apprentissage,Duolingo,ib s,5,,237,152,0.52
langues-apprentissage,Duolingo,chess score,5,,221,31,0.73
langues-apprentissage,Duolingo,now and than,5,,121,104,0.56
langues-apprentissage,Duolingo,英単語学習アプリ,5,,243,15,0.89
langues-apprentissage,Duolingo,mini self,5,,70,58,0.63
langues-apprentissage,Duolingo,map reading skills,5,,196,108,0.56
langues-apprentissage,Duolingo,go small,5,61,130,113,0.55
langues-apprentissage,Duolingo,nova sign,5,,65,56,0.64
langues-apprentissage,Duolingo,vpn tốt nhất,5,41,23,18,0.84
langues-apprentissage,Duolingo,duolingo for manifestation,5,,230,9,1.06
langues-apprentissage,Duolingo,10k beginner,5,,59,57,0.63
langues-apprentissage,Duolingo,c1 vocabulary spanish advanced,5,,180,62,0.62
langues-apprentissage,Duolingo,ingles para sanitarios,5,,213,110,0.56
langues-apprentissage,Duolingo,kids languages,5,,245,3,1.74
langues-apprentissage,Duolingo,learn languages kids,5,87,249,1,5.00
langues-apprentissage,Duolingo,learn spanisch numbers,5,,186,67,0.61
langues-apprentissage,Duolingo,offline learning,5,,231,8,1.10
langues-apprentissage,Duolingo,learning langauges,5,89,244,1,5.00
langues-apprentissage,Duolingo,learning langauge,5,91,248,1,5.00
langues-apprentissage,Duolingo,langauge vocab,5,,197,3,1.74
langues-apprentissage,Duolingo,language fluency,5,52,241,138,0.53
langues-apprentissage,Duolingo,learning for beginners,5,,237,78,0.59
langues-apprentissage,Duolingo,learnning spanish,5,,201,2,2.29
langues-apprentissage,Duolingo,spanishgrammar,5,50,236,211,0.49
langues-apprentissage,Duolingo,langauge learning games,5,85,246,2,2.29
langues-apprentissage,Duolingo,learning spanish beginners,5,97,244,1,5.00
langues-apprentissage,Duolingo,chatgpt language translator,5,,200,74,0.60
langues-apprentissage,Duolingo,chatgpt for translation,5,,222,138,0.53
langues-apprentissage,Duolingo,use chatgpt to translate,5,,217,133,0.54
langues-apprentissage,Duolingo,translate with chatgpt,5,,221,204,0.50
langues-apprentissage,Duolingo,chatgpt translate on phone,5,,220,141,0.53
langues-apprentissage,Duolingo,gemini 2.5 flash,5,,36,30,0.74
langues-apprentissage,Duolingo,medical german language,5,,201,75,0.60
langues-apprentissage,Duolingo,prodigy ai,5,,217,32,0.73
langues-apprentissage,Duolingo,easy french,5,,173,22,0.80
langues-apprentissage,Duolingo,vo2 max trainign,5,84,186,84,0.59
langues-apprentissage,Duolingo,smart replies,5,,248,234,0.49
langues-apprentissage,Duolingo,new apps we love,5,,120,87,0.58
langues-apprentissage,Duolingo,pre tube,5,83,112,86,0.58
langues-apprentissage,Duolingo,learn englsih,5,91,248,2,2.29
langues-apprentissage,Duolingo,for gat 6,5,98,226,216,0.49
langues-apprentissage,Duolingo,geo me,5,82,220,209,0.50
langues-apprentissage,Duolingo,math ganes,5,90,248,5,1.34
langues-apprentissage,Duolingo,deep drop,5,,22,12,0.96
langues-apprentissage,Duolingo,vocanulary,5,,249,10,1.02
langues-apprentissage,Duolingo,vocanbulary,5,,245,14,0.91
langues-apprentissage,Duolingo,spanishfor kids,5,,169,3,1.74
langues-apprentissage,Duolingo,languange learning,5,90,248,1,5.00
langues-apprentissage,Duolingo,offfline gpt,5,,27,16,0.87
langues-apprentissage,Duolingo,fast replies,5,40,240,156,0.52
langues-apprentissage,Duolingo,bilingul,5,97,244,1,5.00
langues-apprentissage,Duolingo,target language,5,55,234,9,1.06
langues-apprentissage,Duolingo,learn spanish word,5,,178,59,0.63
langues-apprentissage,Duolingo,gpt6,5,,117,91,0.58
langues-apprentissage,Duolingo,frence,5,,223,2,2.29
langues-apprentissage,Duolingo,gpt3o,5,,172,21,0.81
langues-apprentissage,Duolingo,gpt 3o,5,,205,127,0.54
langues-apprentissage,Duolingo,flashcards for student,5,,195,148,0.53
langues-apprentissage,Duolingo,language flashcards offline,5,,210,30,0.74
langues-apprentissage,Duolingo,music worksheets,5,,226,24,0.78
langues-apprentissage,Duolingo,learn bio,5,,110,108,0.56
langues-apprentissage,Duolingo,language flashcards offline,5,,210,30,0.74
langues-apprentissage,Duolingo,music worksheets,5,,226,24,0.78
langues-apprentissage,Duolingo,learn bio,5,,110,108,0.56
langues-apprentissage,Duolingo,math now,5,,210,25,0.77
langues-apprentissage,Duolingo,tag log,5,62,248,12,0.96
langues-apprentissage,Duolingo,quick tag log,5,98,243,179,0.51
langues-apprentissage,Duolingo,alpacards,5,,245,6,1.24
langues-apprentissage,Duolingo,language leaning,5,90,246,1,5.00
langues-apprentissage,Duolingo,how to use my mobile,5,,177,119,0.55
langues-apprentissage,Duolingo,how to use apps,5,,185,30,0.74
langues-apprentissage,Duolingo,nômade days,5,,157,69,0.61
langues-apprentissage,Duolingo,tiếng trung hsk,5,,197,47,0.66
langues-apprentissage,Duolingo,fast rivision,5,,172,146,0.53
langues-apprentissage,Duolingo,quick tan,5,57,195,108,0.56
langues-apprentissage,Duolingo,echo learn,5,51,213,39,0.69
langues-apprentissage,Duolingo,audio translate to english,5,,214,168,0.51
langues-apprentissage,Duolingo,chess 2d,5,66,229,39,0.69
langues-apprentissage,Duolingo,jolie,5,,175,84,0.59
langues-apprentissage,Duolingo,flashcards live activities,5,,229,47,0.66
langues-apprentissage,Duolingo,language flashcards for seniors,5,,217,41,0.68
langues-apprentissage,Duolingo,typing tutor home screen widget,5,,217,61,0.63
langues-apprentissage,Duolingo,perfectday,5,69,192,164,0.52
langues-apprentissage,Duolingo,learn englis,5,92,244,5,1.34
langues-apprentissage,Duolingo,chinese music,5,,208,18,0.84
langues-apprentissage,Duolingo,screen time education app,5,,229,107,0.56
langues-apprentissage,Duolingo,offline kids learning app,5,,248,65,0.62
langues-apprentissage,Duolingo,red signs,5,,153,125,0.54
langues-apprentissage,Duolingo,wellsy,5,,197,139,0.53
langues-apprentissage,Duolingo,magicschoolai,5,,183,40,0.69
langues-apprentissage,Duolingo,ispanyolca öğren,5,71,28,9,1.06
langues-apprentissage,Duolingo,doullingo,5,86,247,1,5.00
langues-apprentissage,Duolingo,duolingio,5,82,249,1,5.00
langues-apprentissage,Duolingo,language helper,5,98,247,2,2.29
langues-apprentissage,Duolingo,learn a languages,5,91,246,1,5.00
langues-apprentissage,Duolingo,home gemini,5,86,248,232,0.49
langues-apprentissage,Duolingo,duo piano,5,,199,2,2.29
langues-apprentissage,Duolingo,music thẻoy,5,,218,2,2.29
langues-apprentissage,Duolingo,best years,5,,231,162,0.52
langues-apprentissage,Duolingo,ankk,5,,221,20,0.82
langues-apprentissage,Duolingo,ai tren,5,88,247,165,0.52
langues-apprentissage,Duolingo,japaneese,5,,238,5,1.34
langues-apprentissage,Duolingo,bavel,5,90,237,2,2.29
langues-apprentissage,Duolingo,remember what you read,5,,73,66,0.62
langues-apprentissage,Duolingo,gensmall,5,,14,12,0.96
langues-apprentissage,Duolingo,gen small,5,,7,5,1.34
langues-apprentissage,Duolingo,mysivi,5,37,30,24,0.78
langues-apprentissage,Duolingo,lone star overnight,5,,134,124,0.54
langues-apprentissage,Duolingo,language learnign,5,90,247,1,5.00
langues-apprentissage,Duolingo,no interest,5,83,182,134,0.54
langues-apprentissage,Duolingo,tieng viet ai,5,42,236,201,0.50
langues-apprentissage,Duolingo,stockfish  chess,5,,231,88,0.58
langues-apprentissage,Duolingo,super read,5,,196,140,0.53
langues-apprentissage,Duolingo,spanish learning for begginers,5,,154,16,0.87
langues-apprentissage,Duolingo,love languag,5,70,224,20,0.82
langues-apprentissage,Duolingo,poly partner,5,87,243,146,0.53
langues-apprentissage,Duolingo,signs language,5,,247,5,1.34
langues-apprentissage,Duolingo,learning talk,5,,235,49,0.66
langues-apprentissage,Duolingo,now reading,5,62,173,121,0.55
langues-apprentissage,Duolingo,super talk,5,,216,212,0.49
langues-apprentissage,Duolingo,class 6,5,,159,30,0.74
langues-apprentissage,Duolingo,read book language,5,,237,59,0.63
langues-apprentissage,Duolingo,hsk prep,5,,205,77,0.60
langues-apprentissage,Duolingo,learning spanish for begginers,5,91,246,1,5.00
langues-apprentissage,Duolingo,lingua speak,5,40,248,210,0.50
langues-apprentissage,Duolingo,ai language learning app,5,87,248,35,0.71
langues-apprentissage,Duolingo,learn  bengali,5,,217,3,1.74
langues-apprentissage,Duolingo,idiomas aprender inglés español francés,5,,200,38,0.70
langues-apprentissage,Duolingo,learn japanse,5,,223,4,1.49
langues-apprentissage,Duolingo,learn japanase,5,,248,1,5.00
langues-apprentissage,Duolingo,widget vıcabulary,5,44,230,60,0.63
langues-apprentissage,Duolingo,dee-seek,5,,72,59,0.63
langues-apprentissage,Duolingo,kpops lyric,5,,190,82,0.59
langues-apprentissage,Duolingo,gemini 2.5 pro,5,,61,50,0.65
langues-apprentissage,Duolingo,learn box,5,,217,24,0.78
langues-apprentissage,Duolingo,learn englihs,5,89,248,2,2.29
langues-apprentissage,Duolingo,алим,5,70,6,6,1.24
langues-apprentissage,Duolingo,gorok,5,,227,157,0.52
langues-apprentissage,Duolingo,cole notes,5,,6,5,1.34
langues-apprentissage,Duolingo,coole notes,5,,79,24,0.78
langues-apprentissage,Duolingo,nuts notes,5,,37,33,0.72
langues-apprentissage,Duolingo,kelime bulucu,5,,224,78,0.59
langues-apprentissage,Duolingo,learning language app,5,91,247,1,5.00
langues-apprentissage,Duolingo,learning voice,5,,232,65,0.62
langues-apprentissage,Duolingo,sign language interpetor,5,,205,146,0.53
langues-apprentissage,Duolingo,asl lessons,5,74,176,102,0.56
langues-apprentissage,Duolingo,getting ready,5,,19,3,1.74
langues-apprentissage,Duolingo,app urdu to english translation,5,79,220,94,0.57
langues-apprentissage,Duolingo,квизлет,5,72,67,36,0.70
langues-apprentissage,Duolingo,bit-perfect,5,,45,40,0.69
langues-apprentissage,Duolingo,color games for baby,5,,243,60,0.63
langues-apprentissage,Duolingo,английский ии,5,66,125,121,0.55
langues-apprentissage,Duolingo,mini lesson,5,,100,63,0.62
langues-apprentissage,Duolingo,teaching languages,5,98,250,2,2.29
langues-apprentissage,Duolingo,teacher languages,5,40,244,17,0.86
langues-apprentissage,Duolingo,vocab language,5,40,243,192,0.50
langues-apprentissage,Duolingo,englisch lernern,5,,177,19,0.83
langues-apprentissage,Duolingo,language tutors,5,78,248,36,0.70
langues-apprentissage,Duolingo,idomas,5,86,248,1,5.00
langues-apprentissage,Duolingo,abc chinese,5,,210,176,0.51
langues-apprentissage,Duolingo,ai-free,5,96,247,14,0.91
langues-apprentissage,Duolingo,language fast,5,,239,218,0.49
langues-apprentissage,Duolingo,caairoom,5,,228,55,0.64
langues-apprentissage,Duolingo,learn multiple languages,5,94,248,2,2.29
langues-apprentissage,Duolingo,class 8,5,,171,143,0.53
langues-apprentissage,Duolingo,grok pal,5,,21,4,1.49
langues-apprentissage,Duolingo,study aş,5,,141,53,0.64
langues-apprentissage,Duolingo,suoli,5,87,247,1,5.00
langues-apprentissage,Duolingo,practice vocab,5,,206,116,0.55
langues-apprentissage,Duolingo,genalpha,5,,32,32,0.73
langues-apprentissage,Duolingo,cortis,5,,129,123,0.54
langues-apprentissage,Duolingo,hack latino,5,,166,6,1.24
langues-apprentissage,Duolingo,10ace,5,59,70,49,0.66
langues-apprentissage,Duolingo,chess for dummies,5,,238,216,0.49
langues-apprentissage,Duolingo,language learning games for kids,5,49,238,108,0.56
langues-apprentissage,Duolingo,advance spanish,5,,210,3,1.74
langues-apprentissage,Duolingo,languages learnings,5,48,241,154,0.52
langues-apprentissage,Duolingo,clever study,5,,100,93,0.57
langues-apprentissage,Duolingo,english speaking practise,5,93,245,8,1.10
langues-apprentissage,Duolingo,investing duolingo,5,87,247,133,0.54
langues-apprentissage,Duolingo,сербский язык,5,77,23,4,1.49
langues-apprentissage,Duolingo,rainy puzzle,5,74,232,207,0.50
langues-apprentissage,Duolingo,planet aii,5,,206,53,0.64
langues-apprentissage,Duolingo,know history,5,,180,111,0.55
langues-apprentissage,Duolingo,how to 5k,5,100,223,217,0.49
langues-apprentissage,Duolingo,tiktok gane,5,,224,130,0.54
langues-apprentissage,Duolingo,ai ude,5,,41,40,0.69
langues-apprentissage,Duolingo,do my hw,5,87,124,85,0.58
langues-apprentissage,Duolingo,memrise: free language learning,5,87,246,2,2.29
langues-apprentissage,Duolingo,profilowe,5,,59,56,0.64
langues-apprentissage,Duolingo,schootool,5,,215,21,0.81
langues-apprentissage,Duolingo,تعلم اللغة الإنجليزية,5,,224,46,0.67
langues-apprentissage,Duolingo,let them go,5,82,45,37,0.70
langues-apprentissage,Duolingo,onmyway,5,,193,152,0.52
langues-apprentissage,Duolingo,baby bangs,5,23,183,91,0.58
langues-apprentissage,Duolingo,kids now vs kids then,5,60,41,31,0.73
langues-apprentissage,Duolingo,echoday,5,,43,31,0.73
langues-apprentissage,Duolingo,training tools,5,,239,37,0.70
langues-apprentissage,Duolingo,drops: language learning,5,86,245,3,1.74
langues-apprentissage,Duolingo,изучение английского языка,5,78,205,10,1.02
langues-apprentissage,Duolingo,английский для путешествий,5,80,37,5,1.34
langues-apprentissage,Duolingo,music quest,5,,210,114,0.55
langues-apprentissage,Duolingo,talk with ia,5,87,153,105,0.56
langues-apprentissage,Duolingo,asl american,5,,159,109,0.56
langues-apprentissage,Duolingo,quiz ıa,5,87,249,204,0.50
langues-apprentissage,Duolingo,learn korea,5,,226,6,1.24
langues-apprentissage,Duolingo,study for kids,5,,218,12,0.96
langues-apprentissage,Duolingo,perfect days,5,43,194,131,0.54
langues-apprentissage,Duolingo,is learning arabic easy?,5,,215,123,0.54
langues-apprentissage,Duolingo,classroom translation tool,5,,222,95,0.57
langues-apprentissage,Duolingo,co2 tolerance,5,,161,161,0.52
langues-apprentissage,Duolingo,clear days,5,53,219,187,0.51
langues-apprentissage,Duolingo,japanese teach,5,,210,37,0.70
langues-apprentissage,Duolingo,5 minutes learning,5,87,248,176,0.51
langues-apprentissage,Duolingo,talk with family,5,,208,97,0.57
langues-apprentissage,Duolingo,practica espanol,5,35,249,93,0.57
langues-apprentissage,Duolingo,camera roll games,5,,159,84,0.59
langues-apprentissage,Duolingo,chat gğpt,5,85,181,139,0.53
langues-apprentissage,Duolingo,spanish medical terminology,5,43,215,3,1.74
langues-apprentissage,Duolingo,business french vocab,5,,193,189,0.50
langues-apprentissage,Duolingo,business italian,5,,179,100,0.57
langues-apprentissage,Duolingo,business spanish,5,,148,67,0.61
langues-apprentissage,Duolingo,science based vocabulary,5,,237,35,0.71
langues-apprentissage,Duolingo,practica coreano,5,,246,93,0.57
langues-apprentissage,Duolingo,practicar espanol,5,,203,176,0.51
langues-apprentissage,Duolingo,meaningful lessons,5,,231,35,0.71
langues-apprentissage,Duolingo,aprende idioma,5,85,218,10,1.02
langues-apprentissage,Duolingo,hablar idiomas,5,,217,4,1.49
langues-apprentissage,Duolingo,habla idiomas,5,,230,9,1.06
langues-apprentissage,Duolingo,hablar coreano,5,,116,109,0.56
langues-apprentissage,Duolingo,vocabulairo,5,93,249,10,1.02
langues-apprentissage,Duolingo,languagespractice,5,,238,64,0.62
langues-apprentissage,Duolingo,rinch,5,,211,33,0.72
langues-apprentissage,Duolingo,spanish online,5,,204,98,0.57
langues-apprentissage,Duolingo,language online,5,,235,28,0.75
langues-apprentissage,Duolingo,language skill,5,,234,25,0.77
langues-apprentissage,Duolingo,conjugames,5,,234,4,1.49
langues-apprentissage,Duolingo,langauge reactor,5,,43,4,1.49
langues-apprentissage,Duolingo,linguno,5,,207,3,1.74
langues-apprentissage,Duolingo,vocab for gamers,5,59,221,28,0.75
langues-apprentissage,Duolingo,math simple,5,,219,34,0.71
langues-apprentissage,Duolingo,snap simple,5,86,183,117,0.55
langues-apprentissage,Duolingo,essential app,5,97,239,23,0.79
langues-apprentissage,Duolingo,must have app,5,97,238,22,0.80
langues-apprentissage,Duolingo,spa card,5,,217,123,0.54
langues-apprentissage,Duolingo,study languages,5,87,247,1,5.00
langues-apprentissage,Duolingo,language words,5,72,232,155,0.52
langues-apprentissage,Duolingo,learn spanish adults,5,,202,8,1.10
langues-apprentissage,Duolingo,spanish beginners,5,,183,5,1.34
langues-apprentissage,Duolingo,spanish school,5,35,164,11,0.98
langues-apprentissage,Duolingo,spanish class,5,98,247,1,5.00
langues-apprentissage,Duolingo,spanish study,5,94,218,4,1.49
langues-apprentissage,Duolingo,spanish helper,5,,207,3,1.74
langues-apprentissage,Duolingo,any language,5,57,222,40,0.69
langues-apprentissage,Duolingo,learnin language,5,92,248,1,5.00
langues-apprentissage,Duolingo,study kids,5,,221,27,0.76
langues-apprentissage,Duolingo,vocabulury,5,72,249,11,0.98
langues-apprentissage,Duolingo,smarty em free,5,,22,6,1.24
langues-apprentissage,Duolingo,language vocab builder,5,,226,18,0.84
langues-apprentissage,Duolingo,تعلّم لغة,5,86,249,1,5.00
langues-apprentissage,Duolingo,vocabular app,5,,218,18,0.84
langues-apprentissage,Duolingo,book my dive,5,,206,94,0.57
langues-apprentissage,Duolingo,duoo,5,84,246,3,1.74
langues-apprentissage,Duolingo,read trainer,5,,227,190,0.50
langues-apprentissage,Duolingo,vocablury,5,,242,17,0.86
langues-apprentissage,Duolingo,sppeak,5,92,248,2,2.29
langues-apprentissage,Duolingo,training vocabulary,5,,119,81,0.59
langues-apprentissage,Duolingo,language hacks,5,,230,20,0.82
langues-apprentissage,Duolingo,language hack,5,,233,56,0.64
langues-apprentissage,Duolingo,practice with flashcards,5,,199,98,0.57
langues-apprentissage,Duolingo,ai language reading,5,,218,31,0.73
langues-apprentissage,Duolingo,learn with reading,5,,204,81,0.59
langues-apprentissage,Duolingo,https://apps.apple.com/us/app/heartopia-,5,68,248,188,0.50
langues-apprentissage,Duolingo,how to be fun,5,,122,65,0.62
langues-apprentissage,Duolingo,learn english with reading,5,,203,70,0.61
langues-apprentissage,Duolingo,learn english byreading,5,,214,71,0.61
langues-apprentissage,Duolingo,learn english by reading,5,,208,42,0.68
langues-apprentissage,Duolingo,изучение иностранного языка,5,80,41,1,5.00
langues-apprentissage,Duolingo,learn historuy,5,,232,46,0.67
langues-apprentissage,Duolingo,open google maps,5,,176,169,0.51
langues-apprentissage,Duolingo,flashcards and quizzes,5,,209,127,0.54
langues-apprentissage,Duolingo,labguage learning,5,90,247,1,5.00
langues-apprentissage,Duolingo,read germn,5,,164,152,0.52
langues-apprentissage,Duolingo,ai lern,5,,246,187,0.51
langues-apprentissage,Duolingo,maps link opener,5,,232,216,0.49
langues-apprentissage,Duolingo,learnign for adult,5,,204,69,0.61
langues-apprentissage,Duolingo,english to germen,5,,204,13,0.93
langues-apprentissage,Duolingo,umax aş,5,,61,40,0.69
langues-apprentissage,Duolingo,mydear,5,,192,142,0.53
langues-apprentissage,Duolingo,kısa link,5,96,58,39,0.69
langues-apprentissage,Duolingo,reply all,5,,103,61,0.63
langues-apprentissage,Duolingo,learn russian kids,5,40,246,15,0.89
langues-apprentissage,Duolingo,talk wiht bibble,5,75,32,25,0.77
langues-apprentissage,Duolingo,talk with bibble,5,,36,31,0.73
langues-apprentissage,Duolingo,tagalog for beginners,5,,235,121,0.55
langues-apprentissage,Duolingo,social trainer,5,30,209,116,0.55
langues-apprentissage,Duolingo,quickbooks best,5,,196,37,0.70
langues-apprentissage,Duolingo,easylanguage,5,,240,23,0.79
langues-apprentissage,Duolingo,airlearn language,5,52,246,236,0.49
langues-apprentissage,Duolingo,busuu language app,5,,216,32,0.73
langues-apprentissage,Duolingo,hellotalk best,5,,196,53,0.64
langues-apprentissage,Duolingo,learn languages app,5,90,248,1,5.00
langues-apprentissage,Duolingo,pimsleur tracker,5,,219,43,0.68
langues-apprentissage,Duolingo,lingodeer learn free,5,52,249,192,0.50
langues-apprentissage,Duolingo,stone learn best,5,,233,63,0.62
langues-apprentissage,Duolingo,busuulanguage,5,,216,47,0.66
langues-apprentissage,Duolingo,memrises,5,,209,65,0.62
langues-apprentissage,Duolingo,stone learn app,5,,218,30,0.74
langues-apprentissage,Duolingo,globals best,5,,149,136,0.53
langues-apprentissage,Duolingo,reader sign best,5,,231,107,0.56
langues-apprentissage,Duolingo,clear best,5,,197,146,0.53
langues-apprentissage,Duolingo,lingodeer learn frees,5,52,249,124,0.54
langues-apprentissage,Duolingo,duolingo language tracker,5,64,250,24,0.78
langues-apprentissage,Duolingo,knowuinty,5,,101,6,1.24
langues-apprentissage,Duolingo,hello heart for,5,56,229,144,0.53
langues-apprentissage,Duolingo,hello heart for hearts,5,49,217,201,0.50
langues-apprentissage,Duolingo,hello heart for heart,5,48,234,155,0.52
langues-apprentissage,Duolingo,play music offlines,5,,228,212,0.49
langues-apprentissage,Duolingo,offline music tubes,5,,220,137,0.53
langues-apprentissage,Duolingo,tube video music play,5,,197,118,0.55
langues-apprentissage,Duolingo,language 10,5,,214,16,0.87
langues-apprentissage,Duolingo,learn gitur,5,,233,10,1.02
langues-apprentissage,Duolingo,communication practice app,5,,229,59,0.63
langues-apprentissage,Duolingo,language  game,5,,225,5,1.34
langues-apprentissage,Duolingo,learn languages faster,5,,224,49,0.66
langues-apprentissage,Duolingo,polish languagr,5,,148,3,1.74
langues-apprentissage,Duolingo,kearn,5,87,246,4,1.49
langues-apprentissage,Duolingo,english practise,5,89,246,3,1.74
langues-apprentissage,Duolingo,esl speak,5,93,249,2,2.29
langues-apprentissage,Duolingo,translator app: all language,5,,232,58,0.63
langues-apprentissage,Duolingo,speak bold,5,55,130,107,0.56
langues-apprentissage,Duolingo,eeva,5,,46,39,0.69
langues-apprentissage,Duolingo,nibble free,5,80,177,162,0.52
langues-apprentissage,Duolingo,u peak,5,,85,63,0.62
langues-apprentissage,Duolingo,shared game,5,62,209,197,0.50
langues-apprentissage,Duolingo,chatgpt para estudos,5,,229,110,0.56
langues-apprentissage,Duolingo,bold speak,5,,43,38,0.70
langues-apprentissage,Duolingo,iki kişilik oyunlar,5,,156,92,0.58
langues-apprentissage,Duolingo,lin test,5,,169,158,0.52
langues-apprentissage,Duolingo,glowvy,5,,232,171,0.51
langues-apprentissage,Duolingo,speakint,5,95,249,4,1.49
langues-apprentissage,Duolingo,背單字,5,50,249,138,0.53
langues-apprentissage,Duolingo,polish video,5,,240,202,0.50
langues-apprentissage,Duolingo,polish youcut,5,,44,43,0.68
langues-apprentissage,Duolingo,polish with,5,,242,125,0.54
langues-apprentissage,Duolingo,polish quick,5,,200,76,0.60
langues-apprentissage,Duolingo,with polish,5,,192,93,0.57
langues-apprentissage,Duolingo,cam music,5,,203,22,0.80
langues-apprentissage,Duolingo,pic polish,5,,238,142,0.53
langues-apprentissage,Duolingo,quick polish,5,,113,43,0.68
langues-apprentissage,Duolingo,and youcut,5,,206,174,0.51
langues-apprentissage,Duolingo,speeking,5,96,248,3,1.74
langues-apprentissage,Duolingo,one tap sharing,5,,182,123,0.54
langues-apprentissage,Duolingo,learn languges,5,91,244,1,5.00
langues-apprentissage,Duolingo,afterdark,5,89,223,133,0.54
langues-apprentissage,Duolingo,voice brain notes,5,52,235,156,0.52
langues-apprentissage,Duolingo,never have i ever: adult,5,,202,159,0.52
langues-apprentissage,Duolingo,get it out of my head,5,,22,19,0.83
langues-apprentissage,Duolingo,note it real quick,5,,93,80,0.59
langues-apprentissage,Duolingo,10 minute reading,5,98,212,100,0.57
langues-apprentissage,Duolingo,get my day together,5,91,81,65,0.62
langues-apprentissage,Duolingo,youtube to quiz,5,71,182,158,0.52
langues-apprentissage,Duolingo,music tutorial,5,50,213,57,0.63
langues-apprentissage,Duolingo,juegos de mat,5,68,230,213,0.49
langues-apprentissage,Duolingo,fast learnih,5,,244,158,0.52
langues-apprentissage,Duolingo,fast learnig,5,,228,19,0.83
langues-apprentissage,Duolingo,learning bites,5,,222,7,1.16
langues-apprentissage,Duolingo,learn new interesting,5,,243,87,0.58
langues-apprentissage,Duolingo,pimsleur method,5,,105,56,0.64
langues-apprentissage,Duolingo,translate and learn,5,,229,78,0.59
langues-apprentissage,Duolingo,chat gpt translate,5,,235,64,0.62
langues-apprentissage,Duolingo,bilingual baby,5,43,244,100,0.57
langues-apprentissage,Duolingo,stone snap,5,,188,87,0.58
langues-apprentissage,Duolingo,de  het,5,,242,43,0.68
langues-apprentissage,Duolingo,quiz app for school,5,,206,83,0.59
langues-apprentissage,Duolingo,maxscan,5,,225,11,0.98
langues-apprentissage,Duolingo,cat translatır,5,,234,156,0.52
langues-apprentissage,Duolingo,language study,5,97,248,3,1.74
langues-apprentissage,Duolingo,bilingual learning,5,,228,6,1.24
langues-apprentissage,Duolingo,ai language learninglearn a language,5,,242,18,0.84
langues-apprentissage,Duolingo,i ready to,5,,71,37,0.70
langues-apprentissage,Duolingo,engl,5,95,249,1,5.00
langues-apprentissage,Duolingo,waptp,5,,224,218,0.49
langues-apprentissage,Duolingo,preptp,5,,223,22,0.80
langues-apprentissage,Duolingo,music vocabulary,5,,219,22,0.80
langues-apprentissage,Duolingo,spanish courses,5,,165,5,1.34
langues-apprentissage,Duolingo,language hw,5,93,248,9,1.06
langues-apprentissage,Duolingo,qwen 3.5,5,,34,12,0.96
langues-apprentissage,Duolingo,clear talk,5,,48,40,0.69
langues-apprentissage,Duolingo,https://apps.apple.com/us/app/mu%c3%a9-o,5,,244,205,0.50
langues-apprentissage,Duolingo,dualingo kids,5,,232,2,2.29
langues-apprentissage,Duolingo,spanish gsmes for kids,5,,175,11,0.98
langues-apprentissage,Duolingo,learn with cards,5,,188,22,0.80
langues-apprentissage,Duolingo,ai kids learning games,5,,230,45,0.67
langues-apprentissage,Duolingo,japanese learning easy,5,,192,39,0.69
langues-apprentissage,Duolingo,language beginners japanese,5,,184,34,0.71
langues-apprentissage,Duolingo,flashcards & vocabulary,5,,215,147,0.53
langues-apprentissage,Duolingo,gpt 5 4,5,,214,136,0.53
langues-apprentissage,Duolingo,days rest,5,,161,78,0.59
langues-apprentissage,Duolingo,vocabolario spagnolo,5,,164,2,2.29
langues-apprentissage,Duolingo,pet spoken,5,,201,158,0.52
langues-apprentissage,Duolingo,bible duolingo,5,91,248,5,1.34
langues-apprentissage,Duolingo,langua ai language tutor,5,69,246,137,0.53
langues-apprentissage,Duolingo,spanish language test,5,,230,219,0.49
langues-apprentissage,Duolingo,improve spanish,5,,208,2,2.29
langues-apprentissage,Duolingo,aprender espoanol,5,,219,32,0.73
langues-apprentissage,Duolingo,aprendo espanol,5,,208,86,0.58
langues-apprentissage,Duolingo,spansh,5,,208,3,1.74
langues-apprentissage,Duolingo,babbal,5,90,242,2,2.29
langues-apprentissage,Duolingo,lern spanish,5,89,247,1,5.00
langues-apprentissage,Duolingo,duolngo,5,87,246,1,5.00
langues-apprentissage,Duolingo,conjuemos,5,,250,54,0.64
langues-apprentissage,Duolingo,4000 esential spanish words,5,,153,23,0.79
langues-apprentissage,Duolingo,preply learn language,5,,233,7,1.16
langues-apprentissage,Duolingo,loora spanish,5,,250,3,1.74
langues-apprentissage,Duolingo,green owls,5,,49,9,1.06
langues-apprentissage,Duolingo,duolingos,5,82,245,1,5.00
langues-apprentissage,Duolingo,yo spanish,5,,241,5,1.34
langues-apprentissage,Duolingo,es learn,5,,210,4,1.49
langues-apprentissage,Duolingo,learn es,5,,213,13,0.93
langues-apprentissage,Duolingo,lerne sprachen mit ki,5,,182,8,1.10
langues-apprentissage,Duolingo,reading quiz,5,,230,11,0.98
langues-apprentissage,Duolingo,how long has it been,5,,174,82,0.59
langues-apprentissage,Duolingo,every app,5,97,243,84,0.59
langues-apprentissage,Duolingo,speaking practice app,5,66,249,177,0.51
langues-apprentissage,Duolingo,spanish b2,5,,165,21,0.81
langues-apprentissage,Duolingo,go readling,5,,234,126,0.54
langues-apprentissage,Duolingo,buo app,5,,232,3,1.74
langues-apprentissage,Duolingo,ai study app for students,5,,237,144,0.53
langues-apprentissage,Duolingo,gemini 3.1,5,,192,170,0.51
langues-apprentissage,Duolingo,c1 vocabulary,5,,216,206,0.50
langues-apprentissage,Duolingo,learn german vocabulary,5,,193,95,0.57
langues-apprentissage,Duolingo,5 seco,5,,129,47,0.66
langues-apprentissage,Duolingo,dua cards,5,,223,14,0.91
langues-apprentissage,Duolingo,game is easy,5,98,200,155,0.52
langues-apprentissage,Duolingo,wverse,5,,187,20,0.82
langues-apprentissage,Duolingo,greel,5,,250,2,2.29
langues-apprentissage,Duolingo,chess vs ai,5,,226,115,0.55
langues-apprentissage,Duolingo,days in canada,5,,131,66,0.62
langues-apprentissage,Duolingo,practice language tiktok,5,,237,11,0.98
langues-apprentissage,Duolingo,language tiktok,5,49,248,129,0.54
langues-apprentissage,Duolingo,daily language quiz,5,,221,18,0.84
langues-apprentissage,Duolingo,speaking  practice,5,66,250,44,0.67
langues-apprentissage,Duolingo,connected together,5,,217,47,0.66
langues-apprentissage,Duolingo,nhắc thanh toán hóa đơn,5,61,20,2,2.29
langues-apprentissage,Duolingo,ứng dụng sổ thu chi đơn giản dễ dùng,5,77,231,52,0.65
langues-apprentissage,Duolingo,ứng dụng quản lý tiền mặt,5,61,239,30,0.74
langues-apprentissage,Duolingo,chat practice,5,,198,183,0.51
langues-apprentissage,Duolingo,dualis,5,,36,26,0.76
langues-apprentissage,Duolingo,pay together,5,95,247,14,0.91
langues-apprentissage,Duolingo,homeschool lesson,5,,202,34,0.71
langues-apprentissage,Duolingo,pinterest to my room,5,,88,55,0.64
langues-apprentissage,Duolingo,go play now,5,85,193,155,0.52
langues-apprentissage,Duolingo,five minutes,5,,208,175,0.51
langues-apprentissage,Duolingo,languages class,5,,202,6,1.24
langues-apprentissage,Duolingo,language trainer,5,97,243,1,5.00
langues-apprentissage,Duolingo,phone training,5,,218,199,0.50
langues-apprentissage,Duolingo,world language,5,,245,4,1.49
langues-apprentissage,Duolingo,master languages,5,91,228,2,2.29
langues-apprentissage,Duolingo,practice lessons,5,,238,38,0.70
langues-apprentissage,Duolingo,langauge transfer,5,81,224,2,2.29
langues-apprentissage,Duolingo,speak language translator,5,,225,154,0.52
langues-apprentissage,Duolingo,gloz,5,71,239,97,0.57
langues-apprentissage,Duolingo,arabic lessons,5,,224,34,0.71
langues-apprentissage,Duolingo,learn arabic for free,5,,249,5,1.34
langues-apprentissage,Duolingo,ankii,5,70,227,67,0.61
langues-apprentissage,Duolingo,listening and hearing,5,,212,99,0.57
langues-apprentissage,Duolingo,iscore5,5,,110,31,0.73
langues-apprentissage,Duolingo,beginners english,5,,225,76,0.60
langues-apprentissage,Duolingo,beginner language,5,77,247,158,0.52
langues-apprentissage,Duolingo,classroom languages,5,40,245,28,0.75
langues-apprentissage,Duolingo,classroom tutor,5,,219,102,0.56
langues-apprentissage,Duolingo,class language,5,,201,6,1.24
langues-apprentissage,Duolingo,school language,5,,240,54,0.64
langues-apprentissage,Duolingo,practice language s,5,,241,34,0.71
langues-apprentissage,Duolingo,espanol facil,5,,250,168,0.51
langues-apprentissage,Duolingo,english learning kids,5,76,238,6,1.24
langues-apprentissage,Duolingo,chess ratings,5,,232,167,0.52
langues-apprentissage,Duolingo,kahoot join,5,,218,114,0.55
langues-apprentissage,Duolingo,portuguese learn,5,,204,57,0.63
langues-apprentissage,Duolingo,dutch learn,5,,204,41,0.68
langues-apprentissage,Duolingo,speaker test app,5,,238,235,0.49
langues-apprentissage,Duolingo,phone speaker test,5,,233,212,0.49
langues-apprentissage,Duolingo,clear loan,5,,129,53,0.64
langues-apprentissage,Duolingo,anguage learning,5,,241,122,0.55
langues-apprentissage,Duolingo,quicksign,5,72,148,129,0.54
langues-apprentissage,Duolingo,b4ha,5,72,154,86,0.58
langues-apprentissage,Duolingo,speak max,5,91,231,116,0.55
langues-apprentissage,Duolingo,fс cards,5,,52,39,0.69
langues-apprentissage,Duolingo,learning language kids,5,,231,8,1.10
langues-apprentissage,Duolingo,translater polish dutch,5,,237,226,0.49
langues-apprentissage,Duolingo,ahead with,5,82,136,99,0.57
langues-apprentissage,Duolingo,date see,5,87,228,148,0.53
langues-apprentissage,Duolingo,language learning cards,5,,206,4,1.49
langues-apprentissage,Duolingo,bilingual learn,5,,222,14,0.91
langues-apprentissage,Duolingo,bilingual vocabulary,5,,207,40,0.69
langues-apprentissage,Duolingo,the quiz of kings,5,,201,109,0.56
langues-apprentissage,Duolingo,french bulldog training,5,,203,61,0.63
langues-apprentissage,Duolingo,read language,5,86,248,6,1.24
langues-apprentissage,Duolingo,how to talk girls,5,,192,173,0.51
langues-apprentissage,Duolingo,english leaning,5,93,248,1,5.00
langues-apprentissage,Duolingo,mochi kids,5,,159,8,1.10
langues-apprentissage,Duolingo,along with,5,62,186,59,0.63
langues-apprentissage,Duolingo,apprendre courir,5,,230,27,0.76
langues-apprentissage,Duolingo,class master,5,90,235,220,0.49
langues-apprentissage,Duolingo,con pour,5,,170,122,0.55
langues-apprentissage,Duolingo,a1 deutsch lernen,5,,213,32,0.73
langues-apprentissage,Duolingo,learn japanese anime,5,,235,77,0.60
langues-apprentissage,Duolingo,similar books,5,,44,23,0.79
langues-apprentissage,Duolingo,motchi,5,,170,69,0.61
langues-apprentissage,Duolingo,motchie,5,,181,34,0.71
langues-apprentissage,Duolingo,vokabeln deutsch,5,,193,31,0.73
langues-apprentissage,Duolingo,free reading adults,5,,226,184,0.51
langues-apprentissage,Duolingo,can read,5,80,207,161,0.52
langues-apprentissage,Duolingo,can write,5,79,210,92,0.58
langues-apprentissage,Duolingo,care key,5,62,228,203,0.50
langues-apprentissage,Duolingo,don how,5,,19,11,0.98
langues-apprentissage,Duolingo,direct conversations,5,35,227,75,0.60
langues-apprentissage,Duolingo,dream came,5,25,213,204,0.50
langues-apprentissage,Duolingo,a b c  runner español,5,,206,46,0.67
langues-apprentissage,Duolingo,abc việt,5,,245,242,0.48
langues-apprentissage,Duolingo,addictive russian language games,5,,222,7,1.16
langues-apprentissage,Duolingo,ai english teacher-i̇ngilizce,5,90,6,5,1.34
langues-apprentissage,Duolingo,ai english tutor free,5,95,250,9,1.06
langues-apprentissage,Duolingo,ai language tutor free,5,89,248,33,0.72
langues-apprentissage,Duolingo,amazon get link,5,,168,82,0.59
langues-apprentissage,Duolingo,amazon quicksuite,5,,137,98,0.57
langues-apprentissage,Duolingo,auslan tutor: key signs,5,,196,61,0.63
langues-apprentissage,Duolingo,bbc x pay,5,,213,49,0.66
langues-apprentissage,Duolingo,befreed: personalized learning,5,,233,54,0.64
langues-apprentissage,Duolingo,beginner ab,5,,166,66,0.62
langues-apprentissage,Duolingo,beginner dutch: smart choice,5,,218,27,0.76
langues-apprentissage,Duolingo,beginner italian: smart choice,5,,208,83,0.59
langues-apprentissage,Duolingo,beginner japanese vocabulary,5,,209,68,0.61
langues-apprentissage,Duolingo,best interest,5,,182,171,0.51
langues-apprentissage,Duolingo,best language learning apps,5,94,248,2,2.29
langues-apprentissage,Duolingo,bilingual future academy,5,,235,91,0.58
langues-apprentissage,Duolingo,bilingual malayalam dictionary,5,,231,10,1.02
langues-apprentissage,Duolingo,bilingual news: transcripts,5,,196,69,0.61
langues-apprentissage,Duolingo,bilingual talk,5,,212,22,0.80
langues-apprentissage,Duolingo,bilingual wealth,5,,233,11,0.98
langues-apprentissage,Duolingo,bio guru,5,,183,28,0.75
langues-apprentissage,Duolingo,bus map hà nội,5,,39,35,0.71
langues-apprentissage,Duolingo,capcut music,5,,226,111,0.55
langues-apprentissage,Duolingo,cardio language learning,5,,232,5,1.34
langues-apprentissage,Duolingo,chat gpt music,5,,208,149,0.53
langues-apprentissage,Duolingo,chat.qwen.ai,5,,221,203,0.50
langues-apprentissage,Duolingo,chatgpt school,5,,225,17,0.86
langues-apprentissage,Duolingo,chess database,5,,241,236,0.49
langues-apprentissage,Duolingo,chess how to,5,,225,128,0.54
langues-apprentissage,Duolingo,chess quiz,5,,235,131,0.54
langues-apprentissage,Duolingo,claude max,5,,44,25,0.77
langues-apprentissage,Duolingo,cool unity,5,,20,19,0.83
langues-apprentissage,Duolingo,cosentino gamified learning,5,,240,4,1.49
langues-apprentissage,Duolingo,cot z-score,5,,35,12,0.96
langues-apprentissage,Duolingo,d l pro cuts,5,,231,174,0.51
langues-apprentissage,Duolingo,dictionary korean vietnamese,5,,220,180,0.51
langues-apprentissage,Duolingo,dictionary spanish japanese,5,,187,64,0.62
langues-apprentissage,Duolingo,duolingo bible study,5,,212,2,2.29
langues-apprentissage,Duolingo,duolingo det,5,,249,8,1.10
langues-apprentissage,Duolingo,duolingo piano,5,94,247,1,5.00
langues-apprentissage,Duolingo,duolingo test,5,,245,2,2.29
langues-apprentissage,Duolingo,duolingo-language lessons,5,85,248,1,5.00
langues-apprentissage,Duolingo,educational networks inc,5,,155,53,0.64
langues-apprentissage,Duolingo,english easy practice,5,89,249,8,1.10
langues-apprentissage,Duolingo,english flashcard kids,5,,218,180,0.51
langues-apprentissage,Duolingo,english home,5,,237,157,0.52
langues-apprentissage,Duolingo,english ipa,5,,210,169,0.51
langues-apprentissage,Duolingo,english urdu q-dictionary,5,,238,183,0.51
langues-apprentissage,Duolingo,eppika: learn spanish reading,5,,208,3,1.74
langues-apprentissage,Duolingo,escola leal à face,5,,187,16,0.87
langues-apprentissage,Duolingo,flashcard world,5,,198,141,0.53
langues-apprentissage,Duolingo,fluentu: learn language videos,5,,224,2,2.29
langues-apprentissage,Duolingo,ge p s training,5,,179,29,0.74
langues-apprentissage,Duolingo,global sku,5,,168,150,0.52
langues-apprentissage,Duolingo,go teach x,5,,185,8,1.10
langues-apprentissage,Duolingo,go v home,5,,228,193,0.50
langues-apprentissage,Duolingo,learn spanish free offline,5,,208,68,0.61
langues-apprentissage,Duolingo,grammar master,5,,235,2,2.29
langues-apprentissage,Duolingo,identify language,5,,237,19,0.83
langues-apprentissage,Duolingo,khan academy adults,5,,249,2,2.29
langues-apprentissage,Duolingo,language curry,5,,248,5,1.34
langues-apprentissage,Duolingo,language learning vietnamese,5,,205,3,1.74
langues-apprentissage,Duolingo,leah remini,5,,244,238,0.48
langues-apprentissage,Duolingo,learn a note,5,,228,38,0.70
langues-apprentissage,Duolingo,learn italian beginner offline,5,,196,154,0.52
langues-apprentissage,Duolingo,learn to read game,5,,233,14,0.91
langues-apprentissage,Duolingo,learn xhosa for beginners,5,,248,233,0.49
langues-apprentissage,Duolingo,learning how to spell,5,,224,10,1.02
langues-apprentissage,Duolingo,learning japanese tool,5,,224,3,1.74
langues-apprentissage,Duolingo,lichess • online chess,5,,220,200,0.50
langues-apprentissage,Duolingo,lshk bilingual glossary,5,,223,24,0.78
langues-apprentissage,Duolingo,map learner,5,,195,155,0.52
langues-apprentissage,Duolingo,math-x,5,,219,109,0.56
langues-apprentissage,Duolingo,music lesson notepad,5,,213,5,1.34
langues-apprentissage,Duolingo,my dictionary・learn new words,5,,212,180,0.51
langues-apprentissage,Duolingo,my q home,5,,136,125,0.54
langues-apprentissage,Duolingo,my q x,5,,163,146,0.53
langues-apprentissage,Duolingo,my tutor room,5,,218,66,0.62
langues-apprentissage,Duolingo,my twitch,5,,199,180,0.51
langues-apprentissage,Duolingo,new q,5,,207,198,0.50
langues-apprentissage,Duolingo,now bpn,5,,207,179,0.51
langues-apprentissage,Duolingo,now grades,5,,199,96,0.57
langues-apprentissage,Duolingo,now you know,5,,44,5,1.34
langues-apprentissage,Duolingo,on-target,5,,155,151,0.52
langues-apprentissage,Duolingo,pa daily,5,,197,82,0.59
langues-apprentissage,Duolingo,radar escolar iperó,5,,206,17,0.86
langues-apprentissage,Duolingo,s now sa,5,93,241,176,0.51
langues-apprentissage,Duolingo,score quick,5,,224,189,0.50
langues-apprentissage,Duolingo,scores on 33rd,5,,164,53,0.64
langues-apprentissage,Duolingo,snap g camera,5,,208,185,0.51
langues-apprentissage,Duolingo,spanish peaks club,5,,175,8,1.10
langues-apprentissage,Duolingo,target quiz,5,,192,150,0.52
langues-apprentissage,Duolingo,target x,5,,170,79,0.59
langues-apprentissage,Duolingo,targetcom,5,,221,121,0.55
langues-apprentissage,Duolingo,teach babies to read,5,,171,91,0.58
langues-apprentissage,Duolingo,teacher on,5,,218,107,0.56
langues-apprentissage,Duolingo,teacher word games,5,,207,116,0.55
langues-apprentissage,Duolingo,pages line,5,,165,49,0.66
langues-apprentissage,Duolingo,pages make,5,,185,44,0.67
langues-apprentissage,Duolingo,line adult,5,,234,217,0.49
langues-apprentissage,Duolingo,adult make,5,,218,213,0.49
langues-apprentissage,Duolingo,torix,5,25,225,8,1.10
langues-apprentissage,Duolingo,codingx,5,,202,174,0.51
langues-apprentissage,Duolingo,during gameplay,5,,141,23,0.79
langues-apprentissage,Duolingo,during playing,5,,127,57,0.63
langues-apprentissage,Duolingo,airdrop plus,5,,198,10,1.02
langues-apprentissage,Duolingo,easy toon,5,,145,47,0.66
langues-apprentissage,Duolingo,don see,5,,10,2,2.29
langues-apprentissage,Duolingo,entered the,5,,218,97,0.57
langues-apprentissage,Duolingo,stud tools,5,,179,50,0.65
langues-apprentissage,Duolingo,wall tools,5,,215,111,0.55
langues-apprentissage,Duolingo,learner learning game,5,,230,23,0.79
langues-apprentissage,Duolingo,10m students,5,,206,6,1.24
langues-apprentissage,Duolingo,foundational math,5,,195,29,0.74
langues-apprentissage,Duolingo,language support,5,,222,156,0.52
langues-apprentissage,Duolingo,learners learn,5,,227,104,0.56
langues-apprentissage,Duolingo,math isn,5,,206,49,0.66
langues-apprentissage,Duolingo,math pre,5,,203,26,0.76
langues-apprentissage,Duolingo,math with,5,,219,60,0.63
langues-apprentissage,Duolingo,notes long,5,,213,94,0.57
langues-apprentissage,Duolingo,along simple,5,,16,6,1.24
langues-apprentissage,Duolingo,world math,5,,210,10,1.02
langues-apprentissage,Duolingo,test math for,5,,214,39,0.69
langues-apprentissage,Duolingo,math the,5,93,246,18,0.84
langues-apprentissage,Duolingo,math their,5,,191,56,0.64
langues-apprentissage,Duolingo,math you,5,,216,28,0.75
langues-apprentissage,Duolingo,adults math games,5,,232,42,0.68
langues-apprentissage,Duolingo,math for adult,5,,219,53,0.64
langues-apprentissage,Duolingo,school game math,5,,209,66,0.62
langues-apprentissage,Duolingo,60 (!) new to me games for 2023,5,,233,123,0.54
langues-apprentissage,Duolingo,easymp3 video,5,,188,174,0.51
langues-apprentissage,Duolingo,math puzzle game offline,5,,239,40,0.69
langues-apprentissage,Duolingo,copycat cafe,5,,229,7,1.16
langues-apprentissage,Duolingo,simple maps,5,,184,178,0.51
langues-apprentissage,Duolingo,ai dating lessons,5,,220,217,0.49
langues-apprentissage,Duolingo,learn languages with emma,5,,208,21,0.81
langues-apprentissage,Duolingo,dinolingo language,5,,181,3,1.74
langues-apprentissage,Duolingo,gogomath games,5,,213,69,0.61
langues-apprentissage,Duolingo,imgo,5,,147,27,0.76
langues-apprentissage,Duolingo,flat head baby,5,,10,3,1.74
langues-apprentissage,Duolingo,mobility men,5,,214,95,0.57
langues-apprentissage,Duolingo,transfert for 4,5,,215,206,0.50
langues-apprentissage,Duolingo,funs math,5,40,222,140,0.53
langues-apprentissage,Duolingo,schools math,5,73,192,50,0.65
langues-apprentissage,Duolingo,learn my part,5,,40,6,1.24
langues-apprentissage,Duolingo,lines learner,5,73,246,145,0.53
langues-apprentissage,Duolingo,lines partner,5,61,212,140,0.53
langues-apprentissage,Duolingo,kids math puzzle game,5,,242,137,0.53
langues-apprentissage,Duolingo,me tranfer,5,,180,62,0.62
langues-apprentissage,Duolingo,duolingo for music,5,87,248,1,5.00
langues-apprentissage,Duolingo,kids music training,5,,217,33,0.72
langues-apprentissage,Duolingo,kids music lessons,5,,214,2,2.29
langues-apprentissage,Duolingo,jobs coach,5,,226,173,0.51
langues-apprentissage,Duolingo,podcast trainer,5,,220,188,0.50
langues-apprentissage,Duolingo,learn hinglish,5,90,248,2,2.29
langues-apprentissage,Duolingo,french cards,5,,224,68,0.61
langues-apprentissage,Duolingo,french quiz,5,,207,6,1.24
langues-apprentissage,Duolingo,duolingo for bible,5,,222,2,2.29
langues-apprentissage,Duolingo,gemini 2 5 flash,5,,26,14,0.91
langues-apprentissage,Duolingo,la gemini,5,,136,112,0.55
langues-apprentissage,Duolingo,k-5 maths,5,,203,177,0.51
langues-apprentissage,Duolingo,k1 math,5,,208,25,0.77
langues-apprentissage,Duolingo,adults share daily apk,5,72,178,43,0.68
langues-apprentissage,Duolingo,apk adults share daily,5,69,181,45,0.67
langues-apprentissage,Duolingo,adults share daily mod,5,36,197,37,0.70
langues-apprentissage,Duolingo,mod adults share daily,5,44,177,22,0.80
langues-apprentissage,Duolingo,adults share daily homescreen,5,78,213,71,0.61
langues-apprentissage,Duolingo,homescreen adults share daily,5,70,200,92,0.58
langues-apprentissage,Duolingo,adults share daily for beginners,5,79,174,25,0.77
langues-apprentissage,Duolingo,vs adults share daily,5,71,169,31,0.73
langues-apprentissage,Duolingo,adults share daily like,5,79,175,37,0.70
langues-apprentissage,Duolingo,adults share daily vs app,5,,203,99,0.57
langues-apprentissage,Duolingo,easy adults share daily app,5,56,204,137,0.53
langues-apprentissage,Duolingo,braintap best app,5,,192,67,0.61
langues-apprentissage,Duolingo,e2ee notes,5,,132,34,0.71
langues-apprentissage,Duolingo,easy my ones rep max game,5,50,246,148,0.53
langues-apprentissage,Duolingo,learn chinise,5,,220,3,1.74
langues-apprentissage,Duolingo,printing tester,5,,224,204,0.50
langues-apprentissage,Duolingo,chinese quiz,5,,207,20,0.82
langues-apprentissage,Duolingo,networking coach,5,,214,201,0.50
langues-apprentissage,Duolingo,hindi cards,5,,215,140,0.53
langues-apprentissage,Duolingo,notas de voz app game app,5,,207,77,0.60
langues-apprentissage,Duolingo,linkedin coach,5,,201,89,0.58
langues-apprentissage,Duolingo,adults share daily download app,5,,175,105,0.56
langues-apprentissage,Duolingo,adults share daily download game,5,,225,223,0.49
langues-apprentissage,Duolingo,free adults share daily download,5,,125,53,0.64
langues-apprentissage,Duolingo,chess hints,5,,233,160,0.52
langues-apprentissage,Duolingo,dutch cards,5,,217,153,0.52
langues-apprentissage,Duolingo,dutch flashcards,5,,190,26,0.76
langues-apprentissage,Duolingo,dutch practice,5,,175,76,0.60
langues-apprentissage,Duolingo,dutch quiz,5,,202,132,0.54
langues-apprentissage,Duolingo,dutch trainer,5,,187,81,0.59
langues-apprentissage,Duolingo,toeic prep,5,44,166,11,0.98
langues-apprentissage,Duolingo,adults share daily download app free,5,,158,86,0.58
langues-apprentissage,Duolingo,adults share daily download app best,5,,153,90,0.58
langues-apprentissage,Duolingo,adults share daily download app online,5,,170,95,0.57
langues-apprentissage,Duolingo,french trainer,5,,188,25,0.77
langues-apprentissage,Duolingo,hindi trainer,5,,209,68,0.61
langues-apprentissage,Duolingo,music class,5,,212,67,0.61
langues-apprentissage,Duolingo,chess finder,5,,231,128,0.54
langues-apprentissage,Duolingo,japanese trainer,5,,200,36,0.70
langues-apprentissage,Duolingo,chess log,5,,228,85,0.58
langues-apprentissage,Duolingo,dawnload video free game,5,,181,119,0.55
langues-apprentissage,Duolingo,easy dawnload video free,5,,190,135,0.54
langues-apprentissage,Duolingo,dawnload video free best,5,,207,188,0.50
langues-apprentissage,Duolingo,piano pal,5,,198,109,0.56
langues-apprentissage,Duolingo,my loan advance,5,,149,100,0.57
langues-apprentissage,Duolingo,latin cards,5,,209,102,0.56
langues-apprentissage,Duolingo,latin practice,5,,195,145,0.53
langues-apprentissage,Duolingo,latin quiz,5,,197,133,0.54
langues-apprentissage,Duolingo,latin trainer,5,,216,94,0.57
langues-apprentissage,Duolingo,portuguese cards,5,,216,202,0.50
langues-apprentissage,Duolingo,portuguese quiz,5,,206,144,0.53
langues-apprentissage,Duolingo,my payday loans,5,,164,122,0.55
langues-apprentissage,Duolingo,russian quiz,5,,184,156,0.52
langues-apprentissage,Duolingo,lingidy,5,,226,58,0.63
langues-apprentissage,Duolingo,russian trainer,5,,181,117,0.55
langues-apprentissage,Duolingo,buddy.ai: kids learning games,5,,232,2,2.29
langues-apprentissage,Duolingo,teacher booking,5,,208,106,0.56
langues-apprentissage,Duolingo,easy daily pay game,5,,202,198,0.50
langues-apprentissage,Duolingo,daily pay free game,5,,190,190,0.50
langues-apprentissage,Duolingo,turkish puzzle,5,,226,154,0.52
langues-apprentissage,Duolingo,easy daily pay game free,5,,182,149,0.53
langues-apprentissage,Duolingo,easy daily pay game best,5,,191,170,0.51
langues-apprentissage,Duolingo,easy daily pay game coach,5,,200,147,0.53
langues-apprentissage,Duolingo,easy daily pay best free,5,,208,149,0.53
langues-apprentissage,Duolingo,easy daily pay best online,5,,217,192,0.50
langues-apprentissage,Duolingo,easy daily pay best daily,5,,201,146,0.53
langues-apprentissage,Duolingo,easy daily pay free online,5,,213,172,0.51
langues-apprentissage,Duolingo,daily pay free online coach,5,,210,34,0.71
langues-apprentissage,Duolingo,daily pay free coach app,5,,217,58,0.63
langues-apprentissage,Duolingo,daily pay free coach game,5,,177,158,0.52
langues-apprentissage,Duolingo,daily pay free coach online,5,,206,38,0.70
langues-apprentissage,Duolingo,iphone older adults mod apk,5,,192,43,0.68
langues-apprentissage,Duolingo,iphone older adults offline apk,5,,209,55,0.64
langues-apprentissage,Duolingo,apk iphone older adults offline,5,,210,53,0.64
langues-apprentissage,Duolingo,apk premium adults share daily,5,,181,57,0.63
langues-apprentissage,Duolingo,premium adults share daily mod,5,,159,31,0.73
langues-apprentissage,Duolingo,apk top daily pay free best,5,,187,112,0.55
langues-apprentissage,Duolingo,mod top daily pay free best,5,,123,52,0.65
langues-apprentissage,Duolingo,homescreen top daily pay free best,5,,185,107,0.56
langues-apprentissage,Duolingo,daily pay free online app game,5,,191,160,0.52
langues-apprentissage,Duolingo,daily pay free online app coach,5,,221,45,0.67
langues-apprentissage,Duolingo,daily pay free online best game,5,,181,138,0.53
langues-apprentissage,Duolingo,daily pay free online best coach,5,,208,45,0.67
langues-apprentissage,Duolingo,daily pay free coach game app,5,,209,64,0.62
langues-apprentissage,Duolingo,daily pay free coach game free,5,,174,86,0.58
langues-apprentissage,Duolingo,daily pay free coach game best,5,,170,119,0.55
langues-apprentissage,Duolingo,daily pay free coach game online,5,,177,121,0.55
langues-apprentissage,Duolingo,daily pay free coach game coach,5,,201,101,0.56
langues-apprentissage,Duolingo,daily pay free coach game tips,5,,205,112,0.55
langues-apprentissage,Duolingo,daily pay free coach game daily,5,,182,89,0.58
langues-apprentissage,Duolingo,daily pay free coach online app,5,,218,39,0.69
langues-apprentissage,Duolingo,daily pay free coach online game,5,,182,117,0.55
langues-apprentissage,Duolingo,daily check in review free online tutori,5,,216,46,0.67
langues-apprentissage,Duolingo,iphone older adults offline reddit onlin,5,,206,139,0.53
langues-apprentissage,Duolingo,review iphone older adults offline onlin,5,,233,134,0.54
langues-apprentissage,Duolingo,review iphone older adults offline coach,5,,226,98,0.57
langues-apprentissage,Duolingo,reviews daily check in free online tutor,5,,226,64,0.62
langues-apprentissage,Duolingo,apk iphone older adults free trial revie,5,,158,70,0.61
langues-apprentissage,Duolingo,mod iphone older adults free trial revie,5,,154,66,0.62
langues-apprentissage,Duolingo,review homescreen easy daily pay best re,5,,204,80,0.59
langues-apprentissage,Duolingo,reviews homescreen easy daily pay best r,5,,207,66,0.62
langues-apprentissage,Duolingo,premium adults share daily review coach,5,,211,90,0.58
langues-apprentissage,Duolingo,review top daily pay free best apk,5,,194,107,0.56
langues-apprentissage,Duolingo,apk review top daily pay free best,5,,195,126,0.54
langues-apprentissage,Duolingo,review top daily pay free best mod,5,,113,52,0.65
langues-apprentissage,Duolingo,mod review top daily pay free best,5,,175,67,0.61
langues-apprentissage,Duolingo,daily pay free online app best apk,5,,178,61,0.63
langues-apprentissage,Duolingo,apk daily pay free online app best,5,,182,70,0.61
langues-apprentissage,Duolingo,daily pay free online app best mod,5,,167,69,0.61
langues-apprentissage,Duolingo,review daily pay free online best game,5,,195,191,0.50
langues-apprentissage,Duolingo,reviews daily pay free online best game,5,,191,187,0.51
langues-apprentissage,Duolingo,daily pay free online best game guide,5,,173,127,0.54
langues-apprentissage,Duolingo,daily pay free online best game apk,5,,159,33,0.72
langues-apprentissage,Duolingo,apk daily pay free online best game,5,,155,47,0.66
langues-apprentissage,Duolingo,daily pay free coach game free review,5,,179,100,0.57
langues-apprentissage,Duolingo,review daily pay free coach game free,5,,182,105,0.56
langues-apprentissage,Duolingo,daily pay free coach game free reviews,5,,182,99,0.57
langues-apprentissage,Duolingo,reviews daily pay free coach game free,5,,173,97,0.57
langues-apprentissage,Duolingo,daily pay free coach game free guide,5,,181,96,0.57
langues-apprentissage,Duolingo,daily pay free coach game free apk,5,,224,61,0.63
langues-apprentissage,Duolingo,apk daily pay free coach game free,5,,203,54,0.64
langues-apprentissage,Duolingo,daily pay free coach online game review,5,,181,131,0.54
langues-apprentissage,Duolingo,review daily pay free coach online game,5,,184,121,0.55
langues-apprentissage,Duolingo,daily pay free coach online game reviews,5,,184,128,0.54
langues-apprentissage,Duolingo,reviews daily pay free coach online game,5,,189,129,0.54
langues-apprentissage,Duolingo,daily pay free coach online game guide,5,,189,113,0.55
langues-apprentissage,Duolingo,apk daily pay free coach online game,5,,184,16,0.87
langues-apprentissage,Duolingo,reviews apk target weight works game bes,5,66,4,2,2.29
langues-apprentissage,Duolingo,easy mathe 3rd,5,,187,89,0.58
langues-apprentissage,Duolingo,my mathe 3rd,5,,181,38,0.70
langues-apprentissage,Duolingo,grader math number,5,,202,23,0.79
langues-apprentissage,Duolingo,1st adults,5,73,103,67,0.61
langues-apprentissage,Duolingo,easy quick stories,5,,188,47,0.66
langues-apprentissage,Duolingo,loan practice,5,,174,72,0.60
langues-apprentissage,Duolingo,free families stories best,5,,206,86,0.58
langues-apprentissage,Duolingo,top families stories best,5,,240,199,0.50
langues-apprentissage,Duolingo,top families stories coach,5,,204,79,0.59
langues-apprentissage,Duolingo,hearing notes,5,,221,169,0.51
langues-apprentissage,Duolingo,easy family sharing,5,,201,185,0.51
langues-apprentissage,Duolingo,memo ai quiz,5,,236,224,0.49
langues-apprentissage,Duolingo,apk voice message,5,,211,182,0.51
langues-apprentissage,Duolingo,tutorial remind me,5,76,197,8,1.10
langues-apprentissage,Duolingo,good daily remind stay game app apk,5,,219,81,0.59
langues-apprentissage,Duolingo,review my nota de voz online,5,,217,72,0.60
langues-apprentissage,Duolingo,mod reddit my nota de voz online,5,,216,14,0.91
langues-apprentissage,Duolingo,nota de voz meaning game,5,,214,33,0.72
langues-apprentissage,Duolingo,my nota de voz meaning,5,,210,36,0.70
langues-apprentissage,Duolingo,nota de voz meaning app coach,5,,221,35,0.71
langues-apprentissage,Duolingo,nota de voz meaning app tips,5,,223,47,0.66
langues-apprentissage,Duolingo,nota de voz meaning app ideas,5,,212,32,0.73
langues-apprentissage,Duolingo,nota de voz meaning app daily,5,,223,38,0.70
langues-apprentissage,Duolingo,nota de voz meaning app game review,5,,217,71,0.61
langues-apprentissage,Duolingo,nota de voz meaning app game reviews,5,,203,101,0.56
langues-apprentissage,Duolingo,reviews nota de voz meaning app game,5,,203,106,0.56
langues-apprentissage,Duolingo,nota de voz apk,5,,228,84,0.59
langues-apprentissage,Duolingo,apk free nota voz app free,5,,236,120,0.55
langues-apprentissage,Duolingo,subscription free nota voz app free,5,,226,57,0.63
langues-apprentissage,Duolingo,duiling,5,86,247,1,5.00
langues-apprentissage,Duolingo,review free notas de voz,5,,214,44,0.67
langues-apprentissage,Duolingo,reviews free notas de voz,5,,212,39,0.69
langues-apprentissage,Duolingo,review free notas de voz app,5,,224,59,0.63
langues-apprentissage,Duolingo,review free notas de voz free,5,,233,54,0.64
langues-apprentissage,Duolingo,review free notas de voz tips,5,,220,38,0.70
langues-apprentissage,Duolingo,voices like,5,,223,210,0.50
langues-apprentissage,Duolingo,my voices like,5,,218,155,0.52
langues-apprentissage,Duolingo,nudge messages stay,5,,217,7,1.16
langues-apprentissage,Duolingo,easy family sharing online free,5,,192,52,0.65
langues-apprentissage,Duolingo,easy family sharing reviews,5,,199,181,0.51
langues-apprentissage,Duolingo,review family sharing reviews app game a,5,,196,192,0.50
langues-apprentissage,Duolingo,easy review voice message,5,,196,182,0.51
langues-apprentissage,Duolingo,top apk voice message,5,,207,194,0.50
langues-apprentissage,Duolingo,easy apk voice message,5,,202,194,0.50
langues-apprentissage,Duolingo,easy voice message apk game,5,,198,180,0.51
langues-apprentissage,Duolingo,voice message apk game app free,5,,198,184,0.51
langues-apprentissage,Duolingo,apk voice message apk game app game,5,,210,189,0.50
langues-apprentissage,Duolingo,voice message game app game coach,5,,213,166,0.52
langues-apprentissage,Duolingo,voice message games,5,,218,65,0.62
langues-apprentissage,Duolingo,test echo,5,,132,25,0.77
langues-apprentissage,Duolingo,Duolingo for Dating,5,83,246,1,5.00
langues-apprentissage,Duolingo,AI English speaking coach,5,,243,133,0.54
langues-apprentissage,Duolingo,em prep,5,,221,147,0.53
langues-apprentissage,Duolingo,beginners apk,5,,203,13,0.93
langues-apprentissage,Duolingo,beginners apk remind,5,,228,5,1.34
langues-apprentissage,Duolingo,voice students,5,,219,197,0.50
langues-apprentissage,Duolingo,number blocks learn,5,94,245,9,1.06
langues-apprentissage,Duolingo,wall story,5,89,214,146,0.53
langues-apprentissage,Duolingo,quick share game,5,89,194,105,0.56
langues-apprentissage,Duolingo,official log,5,,190,31,0.73
langues-apprentissage,Duolingo,pool logs,5,,209,129,0.54
langues-apprentissage,Duolingo,love languages needs,5,74,209,5,1.34
langues-apprentissage,Duolingo,store connection nudge,5,,204,18,0.84
langues-apprentissage,Duolingo,questions scorecard languages,5,,200,3,1.74
langues-apprentissage,Duolingo,homescreen scorecard,5,,208,104,0.56
langues-apprentissage,Duolingo,family stories apk,5,67,208,111,0.55
langues-apprentissage,Duolingo,apk family stories,5,69,208,92,0.58
langues-apprentissage,Duolingo,gıda atık,5,,220,161,0.52
langues-apprentissage,Duolingo,family stories homescreen,5,,204,95,0.57
langues-apprentissage,Duolingo,homescreen family stories,5,,205,105,0.56
langues-apprentissage,Duolingo,ipad relationship check scorecard for fa,5,,221,213,0.49
langues-apprentissage,Duolingo,widget share stories,5,64,198,177,0.51
langues-apprentissage,Duolingo,homescreen share stories,5,32,185,94,0.57
langues-apprentissage,Duolingo,families stories apk,5,78,211,57,0.63
langues-apprentissage,Duolingo,apk families stories,5,54,208,59,0.63
langues-apprentissage,Duolingo,homescreen families stories,5,,206,79,0.59
langues-apprentissage,Duolingo,share stories offline,5,58,196,151,0.52
langues-apprentissage,Duolingo,share stories for students,5,23,178,63,0.62
langues-apprentissage,Duolingo,individually each languages,5,,222,2,2.29
langues-apprentissage,Duolingo,offline family stories,5,,213,210,0.50
langues-apprentissage,Duolingo,family stories for beginners,5,,200,81,0.59
langues-apprentissage,Duolingo,loves languages,5,,219,46,0.67
langues-apprentissage,Duolingo,owl log,5,,248,212,0.49
langues-apprentissage,Duolingo,finch log,5,63,163,59,0.63
langues-apprentissage,Duolingo,dove log,5,,174,33,0.72
langues-apprentissage,Duolingo,math practice log,5,,197,7,1.16
langues-apprentissage,Duolingo,spelling practice log,5,,216,127,0.54
langues-apprentissage,Duolingo,grammar practice app,5,87,228,10,1.02
langues-apprentissage,Duolingo,dream comment,5,,216,100,0.57
langues-apprentissage,Duolingo,how to write japanese,5,,210,37,0.70
langues-apprentissage,Duolingo,hablar italiano,5,64,247,3,1.74
langues-apprentissage,Duolingo,jeux de maths app,5,,230,77,0.60
langues-apprentissage,Duolingo,top jeux de maths app,5,,224,123,0.54
langues-apprentissage,Duolingo,easy jeux de maths app,5,,207,33,0.72
langues-apprentissage,Duolingo,my jeux de maths app,5,,227,61,0.63
langues-apprentissage,Duolingo,jeux de maths app free,5,,230,68,0.61
langues-apprentissage,Duolingo,jeux de maths app best,5,,226,62,0.62
langues-apprentissage,Duolingo,jeux de maths app online,5,,231,11,0.98
langues-apprentissage,Duolingo,jeux de maths app game best,5,,225,139,0.53
langues-apprentissage,Duolingo,jeux de maths app game tips,5,,226,178,0.51
langues-apprentissage,Duolingo,learn to write japanse,5,,210,25,0.77
langues-apprentissage,Duolingo,learn to write japanese,5,,223,146,0.53
langues-apprentissage,Duolingo,maths adults,5,,224,77,0.60
langues-apprentissage,Duolingo,videos math,5,,206,17,0.86
langues-apprentissage,Duolingo,maths pay,5,,247,170,0.51
langues-apprentissage,Duolingo,math para,5,,236,23,0.79
langues-apprentissage,Duolingo,niveau voice,5,,208,156,0.52
langues-apprentissage,Duolingo,topik math,5,57,245,238,0.48
langues-apprentissage,Duolingo,country sprachmemos,5,,208,13,0.93
langues-apprentissage,Duolingo,stories voz avr,5,,222,14,0.91
langues-apprentissage,Duolingo,smarty giochi math,5,40,250,218,0.49
langues-apprentissage,Duolingo,descargar maths math,5,,193,6,1.24
langues-apprentissage,Duolingo,preplo,5,92,182,2,2.29
langues-apprentissage,Duolingo,review juegos bambini,5,,227,19,0.83
langues-apprentissage,Duolingo,review ruler tablas,5,,206,20,0.82
langues-apprentissage,Duolingo,tiime trainingsplan juegos,5,,222,8,1.10
langues-apprentissage,Duolingo,mathe giochi,5,,89,23,0.79
langues-apprentissage,Duolingo,mathe giochi vision,5,,42,19,0.83
langues-apprentissage,Duolingo,deep kostenlos,5,,134,50,0.65
langues-apprentissage,Duolingo,fluenday: spanish & french,5,,209,11,0.98
langues-apprentissage,Duolingo,deep kostenlos prep,5,,236,51,0.65
langues-apprentissage,Duolingo,prep juegos educativi,5,,203,27,0.76
langues-apprentissage,Duolingo,descargar loan,5,,134,48,0.66
langues-apprentissage,Duolingo,cas advance iphone,5,,147,70,0.61
langues-apprentissage,Duolingo,math pay,5,,206,2,2.29
langues-apprentissage,Duolingo,interest study,5,,226,54,0.64
langues-apprentissage,Duolingo,interest study test,5,,208,187,0.51
langues-apprentissage,Duolingo,mathe aplicaciones,5,,209,19,0.83
langues-apprentissage,Duolingo,families stories review apk,5,,213,81,0.59
langues-apprentissage,Duolingo,rosetta stone sapphire,5,,202,192,0.50
langues-apprentissage,Duolingo,alsa games,5,44,206,125,0.54
langues-apprentissage,Duolingo,stories transfer story,5,,185,92,0.58
langues-apprentissage,Duolingo,language learning wit ai,5,,242,13,0.93
langues-apprentissage,Duolingo,boring daily practice,5,,241,47,0.66
langues-apprentissage,Duolingo,no coaches,5,,230,108,0.56
langues-apprentissage,Duolingo,no teachers,5,,247,213,0.49
langues-apprentissage,Duolingo,phone reflex,5,,159,39,0.69
langues-apprentissage,Duolingo,pick language reCalm,5,,235,5,1.34
langues-apprentissage,Duolingo,homescreen top edu chemical calculator g,5,,214,82,0.59
langues-apprentissage,Duolingo,japonès,5,,231,38,0.70
langues-apprentissage,Duolingo,quick math test,5,,205,31,0.73
langues-apprentissage,Duolingo,quic kmath,5,,51,6,1.24
langues-apprentissage,Duolingo,ajournal quick,5,,219,33,0.72
langues-apprentissage,Duolingo,talk to myself,5,,220,59,0.63
langues-apprentissage,Duolingo,families ari,5,,173,5,1.34
langues-apprentissage,Duolingo,families ari descargar,5,,9,2,2.29
langues-apprentissage,Duolingo,notas stories,5,,210,27,0.76
langues-apprentissage,Duolingo,fast french,5,,189,43,0.68
langues-apprentissage,Duolingo,spanish classes,5,86,247,1,5.00
langues-apprentissage,Duolingo,the prof g podcast,5,,216,6,1.24
langues-apprentissage,Duolingo,lingox,5,,241,107,0.56
langues-apprentissage,Duolingo,learna language,5,90,247,1,5.00
langues-apprentissage,Duolingo,chatgpt course,5,,191,27,0.76
langues-apprentissage,Duolingo,learn chatgpt,5,,202,7,1.16
langues-apprentissage,Duolingo,學西班牙文,5,67,158,4,1.49
langues-apprentissage,Duolingo,học ngoại ngữ,5,,242,1,5.00
langues-apprentissage,Duolingo,belajar jepang,5,,249,6,1.24
langues-apprentissage,Duolingo,japans leren,5,,195,1,5.00
langues-apprentissage,Duolingo,hiszpański,5,,23,3,1.74
langues-apprentissage,Duolingo,japonca öğren,5,,11,2,2.29
langues-apprentissage,Duolingo,αγγλικά,5,83,17,3,1.74
langues-apprentissage,Duolingo,brainpil,5,,190,6,1.24
langues-apprentissage,Duolingo,road signs &theory ireland,5,,206,69,0.61
langues-apprentissage,Duolingo,luyện thi toeic,5,,221,17,0.86
langues-apprentissage,Duolingo,studycat learn spanish,5,,185,32,0.73
langues-apprentissage,Duolingo,inglese ai gratis,5,61,250,48,0.66
langues-apprentissage,Duolingo,app pra falar inglês,5,84,244,1,5.00
langues-apprentissage,Duolingo,aplicativo para falar inglês,5,85,240,2,2.29
langues-apprentissage,Duolingo,app de falar inglês,5,85,238,1,5.00
langues-apprentissage,Duolingo,英会話 練習 アプリ,5,40,248,152,0.52
langues-apprentissage,Duolingo,practice mate,5,,237,180,0.51
langues-apprentissage,Duolingo,snap and learn,5,,243,185,0.51
langues-apprentissage,Duolingo,tap to pa,5,,129,113,0.55
langues-apprentissage,Duolingo,ibgles,5,,237,2,2.29
langues-apprentissage,Duolingo,best flash,5,,178,79,0.59
langues-apprentissage,Duolingo,birds translator,5,63,209,169,0.51
langues-apprentissage,Duolingo,tap & learn  lite,5,,221,154,0.52
langues-apprentissage,Duolingo,bookvo english books,5,,214,50,0.65
langues-apprentissage,Duolingo,lingoza,5,,244,2,2.29
langues-apprentissage,Duolingo,vero 3,5,89,236,236,0.49
langues-apprentissage,Duolingo,readings music,5,,227,33,0.72
langues-apprentissage,Duolingo,phi 4,5,,241,213,0.49
langues-apprentissage,Duolingo,speaking games,5,74,247,25,0.77
langues-apprentissage,Duolingo,ed financial services,5,72,230,229,0.49
langues-apprentissage,Duolingo,rocket loan,5,90,205,205,0.50
langues-apprentissage,Duolingo,it buddy,5,,195,123,0.54
langues-apprentissage,Duolingo,fun chess,5,,232,93,0.57
langues-apprentissage,Duolingo,quick ches,5,,11,4,1.49
langues-apprentissage,Duolingo,unique chess,5,,235,182,0.51
langues-apprentissage,Duolingo,learn to reaf,5,,227,46,0.67
langues-apprentissage,Duolingo,hellopoly,5,,187,27,0.76
langues-apprentissage,Duolingo,hello poly,5,,194,40,0.69
langues-apprentissage,Duolingo,quick directions,5,,182,40,0.69
langues-apprentissage,Duolingo,applemusic4,5,,204,98,0.57
langues-apprentissage,Duolingo,learn korean ai,5,,225,16,0.87
langues-apprentissage,Duolingo,study with youtube,5,,204,102,0.56
langues-apprentissage,Duolingo,capword,5,83,30,30,0.74
langues-apprentissage,Duolingo,learne french,5,,223,2,2.29
langues-apprentissage,Duolingo,snaplingo,5,,213,58,0.63
langues-apprentissage,Duolingo,lingocam,5,,198,5,1.34
langues-apprentissage,Duolingo,lingo learna,5,,241,22,0.80
langues-apprentissage,Duolingo,language leanring app,5,,245,1,5.00
langues-apprentissage,Duolingo,youtube to note,5,,175,175,0.51
langues-apprentissage,Duolingo,商业英语,5,43,245,236,0.49
langues-apprentissage,Duolingo,酒店英语,5,40,242,117,0.55
langues-apprentissage,Duolingo,英语发音app,5,55,245,127,0.54
langues-apprentissage,Duolingo,背单词app,5,42,247,241,0.48
langues-apprentissage,Duolingo,每日英语听力app,5,54,230,91,0.58
langues-apprentissage,Duolingo,沪江英语,5,44,233,15,0.89
langues-apprentissage,Duolingo,linkedinn,5,,191,174,0.51
langues-apprentissage,Duolingo,music for business,5,86,217,33,0.72
langues-apprentissage,Duolingo,ai speaklearn a language,5,,241,84,0.59
langues-apprentissage,Duolingo,get clear,5,,162,141,0.53
langues-apprentissage,Duolingo,clear get,5,,158,105,0.56
langues-apprentissage,Duolingo,asl bloom - sign language,5,,198,6,1.24
langues-apprentissage,Duolingo,flashcards voca,5,,196,113,0.55
langues-apprentissage,Duolingo,practice&speak language easily,5,,243,48,0.66
langues-apprentissage,Duolingo,learn math & coding,5,68,214,7,1.16
langues-apprentissage,Duolingo,learn at school,5,,195,28,0.75
langues-apprentissage,Duolingo,learn  school,5,,249,5,1.34
langues-apprentissage,Duolingo,từ điển tiếng trung,5,,246,16,0.87
langues-apprentissage,Duolingo,tea for man,5,,201,86,0.58
langues-apprentissage,Duolingo,hangup,5,,195,125,0.54
langues-apprentissage,Duolingo,flashcards anglais,5,,244,240,0.48
langues-apprentissage,Duolingo,kohort,5,,234,6,1.24
langues-apprentissage,Duolingo,learn words spanish,5,,205,128,0.54
langues-apprentissage,Duolingo,learn english with,5,,248,2,2.29
langues-apprentissage,Duolingo,language beginner,5,40,247,114,0.55
langues-apprentissage,Duolingo,ar math,5,,206,22,0.80
langues-apprentissage,Duolingo,math tools - giải toán,5,,233,121,0.55
langues-apprentissage,Duolingo,math up pro,5,,202,5,1.34
langues-apprentissage,Duolingo,math-u,5,,209,8,1.10
langues-apprentissage,Duolingo,music math,5,,207,11,0.98
langues-apprentissage,Duolingo,my music alarm,5,,187,147,0.53
langues-apprentissage,Duolingo,listen music together,5,,201,87,0.58
langues-apprentissage,Duolingo,bilingual reading,5,,211,103,0.56
langues-apprentissage,Duolingo,frenchturkish,5,,196,18,0.84
langues-apprentissage,Duolingo,дуолинг,5,,249,1,5.00
langues-apprentissage,Duolingo,pjoto math,5,,218,157,0.52
langues-apprentissage,Duolingo,pohoto math,5,,218,134,0.54
langues-apprentissage,Duolingo,pohto math,5,,220,136,0.53
langues-apprentissage,Duolingo,ai link in bio,5,,233,205,0.50
langues-apprentissage,Duolingo,buddy home,5,89,239,216,0.49
langues-apprentissage,Duolingo,photo to room,5,,214,199,0.50
langues-apprentissage,Duolingo,how to spanish,5,,208,2,2.29
langues-apprentissage,Duolingo,practice along,5,,246,142,0.53
langues-apprentissage,Duolingo,pins for pinterest,5,,228,220,0.49
langues-apprentissage,Duolingo,cờ ca-rô,5,,232,7,1.16
langues-apprentissage,Duolingo,beespeaker learn english,5,89,250,129,0.54
langues-apprentissage,Duolingo,online tutoring job,5,,224,61,0.63
langues-apprentissage,Duolingo,online tutoring job,5,,224,61,0.63
langues-apprentissage,Duolingo,hsk vocabulary,5,,212,44,0.67
langues-apprentissage,Duolingo,rook chess,5,,221,18,0.84
langues-apprentissage,Duolingo,chess puzzle game,5,,230,114,0.55
langues-apprentissage,Duolingo,chess local multiplayer,5,,228,150,0.52
langues-apprentissage,Duolingo,chess same device,5,,232,151,0.52
langues-apprentissage,Duolingo,play chess offline,5,,215,140,0.53
langues-apprentissage,Duolingo,chess learning game,5,,228,8,1.10
langues-apprentissage,Duolingo,học may,5,,233,15,0.89
langues-apprentissage,Duolingo,read mandarin,5,,196,185,0.51
langues-apprentissage,Duolingo,hsk reading,5,,221,98,0.57
langues-apprentissage,Duolingo,anki by voice,5,,233,225,0.49
langues-apprentissage,Duolingo,hungarian voice keyboard,5,,242,126,0.54
langues-apprentissage,Duolingo,y.z. li,5,98,216,165,0.52
langues-apprentissage,Duolingo,naveed afzal,5,,219,94,0.57
langues-apprentissage,Duolingo,5d chess,5,,214,145,0.53
langues-apprentissage,Duolingo,c4 now,5,,168,149,0.53
langues-apprentissage,Duolingo,ayyoub belgaid,5,,137,16,0.87
langues-apprentissage,Duolingo,czokindustries ug,5,,175,30,0.74
langues-apprentissage,Duolingo,learn & speak english,5,,242,85,0.58
langues-apprentissage,Duolingo,learn languages easily,5,,232,106,0.56
langues-apprentissage,Duolingo,dootch,5,,235,13,0.93
langues-apprentissage,Duolingo,15 minute books,5,,219,186,0.51
langues-apprentissage,Duolingo,learn asl for beginners app,5,,215,134,0.54
langues-apprentissage,Duolingo,gd super app,5,,166,131,0.54
langues-apprentissage,Duolingo,anna chvertkova,5,,218,12,0.96
langues-apprentissage,Duolingo,1gram,5,,223,131,0.54
langues-apprentissage,Duolingo,t30,5,,116,31,0.73
langues-apprentissage,Duolingo,bi-mart,5,,143,73,0.60
langues-apprentissage,Duolingo,nvs,5,,195,141,0.53
langues-apprentissage,Duolingo,e-lingo,5,,187,116,0.55
langues-apprentissage,Duolingo,ke plus,5,,232,182,0.51
langues-apprentissage,Duolingo,k-gaming ou,5,,194,156,0.52
langues-apprentissage,Duolingo,bloom 3d,5,,197,159,0.52
langues-apprentissage,Duolingo,daily learning & quiz,5,,243,27,0.76
langues-apprentissage,Duolingo,how deep is your go,5,,27,12,0.96
langues-apprentissage,Duolingo,language learning online,5,,229,2,2.29
langues-apprentissage,Duolingo,plico,5,,100,38,0.70
langues-apprentissage,Duolingo,whitetail scoring,5,,208,185,0.51
langues-apprentissage,Duolingo,chamic,5,,216,10,1.02
langues-apprentissage,Duolingo,cha music,5,,202,4,1.49
langues-apprentissage,Duolingo,online talking ai,5,,234,198,0.50
langues-apprentissage,Duolingo,asl dictionary app,5,,210,81,0.59
langues-apprentissage,Duolingo,english apps,5,,246,1,5.00
langues-apprentissage,Duolingo,fluency language,5,,245,161,0.52
langues-apprentissage,Duolingo,p to wprd,5,,174,129,0.54
langues-apprentissage,Duolingo,use by date,5,,236,210,0.50
langues-apprentissage,Duolingo,tải video tiktok,5,,130,96,0.57
langues-apprentissage,Duolingo,aprender ingle,5,,248,1,5.00
langues-apprentissage,Duolingo,lingokit,5,82,248,8,1.10
langues-apprentissage,Duolingo,meread,5,72,202,185,0.51
langues-apprentissage,Duolingo,curso de italiano,5,,246,8,1.10
langues-apprentissage,Duolingo,tutor de italiano,5,,244,210,0.50
langues-apprentissage,Duolingo,no replies,5,34,70,42,0.68
langues-apprentissage,Duolingo,learning partner,5,,246,131,0.54
langues-apprentissage,Duolingo,learn through teaching,5,,248,245,0.48
langues-apprentissage,Duolingo,be interesting,5,,104,74,0.60
langues-apprentissage,Duolingo,gemini 3 pro,5,,228,217,0.49
langues-apprentissage,Duolingo,gemini 3 flash,5,,43,35,0.71
langues-apprentissage,Duolingo,gemini 3.5,5,,229,213,0.49
langues-apprentissage,Duolingo,gemini 3.5 flash,5,,41,34,0.71
langues-apprentissage,Duolingo,gemini 3.1 pro,5,,92,80,0.59
langues-apprentissage,Duolingo,google gemni,5,,247,186,0.51
langues-apprentissage,Duolingo,学习app,5,,239,1,5.00
langues-apprentissage,Duolingo,學習app,5,,246,8,1.10
langues-apprentissage,Duolingo,language world,5,,243,86,0.58
langues-apprentissage,Duolingo,reading buddy,5,,161,152,0.52
langues-apprentissage,Duolingo,reading is cool,5,,245,129,0.54
langues-apprentissage,Duolingo,japan language,5,,247,3,1.74
langues-apprentissage,Duolingo,duoliga,5,,247,1,5.00
langues-apprentissage,Duolingo,language tandem,5,,250,30,0.74
langues-apprentissage,Duolingo,sky lingo,5,,250,2,2.29
langues-apprentissage,Duolingo,learna app,5,,247,4,1.49
langues-apprentissage,Duolingo,lingodeer app,5,,250,3,1.74
langues-apprentissage,Duolingo,preply app,5,73,250,3,1.74
langues-apprentissage,Duolingo,ewa app,5,,250,2,2.29
langues-apprentissage,Duolingo,beespeaker app,5,,249,122,0.55
langues-apprentissage,Duolingo,airlearn app,5,,249,2,2.29
langues-apprentissage,Duolingo,duocards app,5,,249,3,1.74
langues-apprentissage,Duolingo,pingo ai app,5,,248,4,1.49
langues-apprentissage,Duolingo,lingo play app,5,,249,2,2.29
langues-apprentissage,Duolingo,wordup app,5,,248,8,1.10
langues-apprentissage,Duolingo,百词斩 chinese,5,,247,104,0.56
langues-apprentissage,Duolingo,扇贝单词 chinese,5,,3,2,2.29
langues-apprentissage,Duolingo,spanishdictionary language,5,,231,142,0.53
langues-apprentissage,Duolingo,snap clear,5,,76,64,0.62
langues-apprentissage,Duolingo,clear snap,5,,73,57,0.63
langues-apprentissage,Duolingo,sign co,5,,249,170,0.51
langues-apprentissage,Duolingo,math music,5,,245,167,0.52
langues-apprentissage,Duolingo,klaude,5,,248,242,0.48
langues-apprentissage,Duolingo,claudy,5,,248,238,0.48
langues-apprentissage,Duolingo,pimsleur language,5,,239,55,0.64
langues-apprentissage,Duolingo,learn marh,5,66,248,9,1.06
langues-apprentissage,Duolingo,umax up,5,,231,223,0.49
langues-apprentissage,Duolingo,speak_lang,5,,245,70,0.61
langues-apprentissage,Duolingo,bodvoice,5,91,250,4,1.49
langues-apprentissage,Duolingo,lingvano: sign language,5,,248,3,1.74
langues-apprentissage,Duolingo,7za,5,,145,121,0.55
langues-apprentissage,Duolingo,day loop,5,,183,97,0.57
langues-apprentissage,Duolingo,kinu,5,,105,100,0.57
langues-apprentissage,Duolingo,japanisch lesen,5,,249,78,0.59
langues-apprentissage,Duolingo,game to learn spanish,5,,245,7,1.16
langues-apprentissage,Duolingo,game to learn english,5,90,247,5,1.34
langues-apprentissage,Duolingo,lingua leo,5,,249,2,2.29
langues-apprentissage,Duolingo,dịch tiếng trung giao tiếp,5,,96,30,0.74
langues-apprentissage,Duolingo,language learninh,5,,247,1,5.00
langues-apprentissage,Duolingo,dịch hội thoại,5,,201,69,0.61
langues-apprentissage,Duolingo,learn chineese,5,,244,2,2.29
langues-apprentissage,Duolingo,languaue lesson,5,,242,1,5.00
langues-apprentissage,Duolingo,ding top-up,0,40,82,80,0.00
langues-apprentissage,Duolingo,anglais enfant gratuit,,95,248,14,
langues-apprentissage,Duolingo,quechua,,90,119,9,
langues-apprentissage,Duolingo,英語 リスニング,,40,231,15,
langues-apprentissage,Duolingo,английский с нуля,,88,247,1,
langues-apprentissage,Duolingo,英語 単語,,40,239,225,
langues-apprentissage,Duolingo,プログラミング,,32,202,24,
langues-apprentissage,Duolingo,маски,,,190,155,
langues-apprentissage,Duolingo,elsa speak app,,,249,2,
langues-apprentissage,Duolingo,memrise app,,,249,4,
langues-apprentissage,Duolingo,giochi in due,,72,161,143,
langues-apprentissage,Duolingo,英語単語,,,237,176,
langues-apprentissage,Duolingo,английский для детей,,90,250,3,
langues-apprentissage,Duolingo,разговорный английский,,96,218,5,
langues-apprentissage,Duolingo,英語 スピーキング,,97,231,8,
langues-apprentissage,Duolingo,английский язык для детей,,82,250,1,
langues-apprentissage,Duolingo,английский для начинающих,,40,234,13,
langues-apprentissage,Duolingo,впн для ютуба,,86,110,84,
langues-apprentissage,Duolingo,多邻国英语,,82,243,1,
langues-apprentissage,Duolingo,英語 勉強 アプリ 無料,,82,238,6,
langues-apprentissage,Duolingo,однокласники,,,145,132,
langues-apprentissage,Duolingo,mikan,,77,114,8,
langues-apprentissage,Duolingo,تعلم اللغة الانجليزية,,87,248,1,
langues-apprentissage,Duolingo,apprendre à parler anglais,,77,247,17,
langues-apprentissage,Duolingo,discord sticker,,,204,51,
langues-apprentissage,Duolingo,英語 会話,,40,236,77,
langues-apprentissage,Duolingo,流利说,,100,248,4,
langues-apprentissage,Duolingo,日本語勉強アプリ,,,241,1,
langues-apprentissage,Duolingo,application pour parler anglais,,62,249,10,
langues-apprentissage,Duolingo,영어 문법,,58,246,60,
langues-apprentissage,Duolingo,일본어 공부,,73,250,4,
langues-apprentissage,Duolingo,tarof falı türkçe ücretsiz,,83,12,1,
langues-apprentissage,Duolingo,ruamg guru,,70,9,2,
langues-apprentissage,Duolingo,モバイル,,100,232,169,
langues-apprentissage,Duolingo,learn 10 words,,,215,22,
langues-apprentissage,Duolingo,imparare inglese bambini,,32,45,30,
langues-apprentissage,Duolingo,aprende francés con música,,40,250,147,
langues-apprentissage,Duolingo,l'apprendimento delle lingue,,40,250,212,
langues-apprentissage,Duolingo,new unity,,,117,97,
langues-apprentissage,Duolingo,chatgpt日本語無料,,,236,56,
langues-apprentissage,Duolingo,แชท gpt,,82,246,241,
langues-apprentissage,Duolingo,vokabeln lernen 3,,89,3,2,
langues-apprentissage,Duolingo,vokabeln lernen 4,,88,8,2,
langues-apprentissage,Duolingo,dua.com est,,78,8,6,
langues-apprentissage,Duolingo,all cast para lg cast,,93,80,7,
langues-apprentissage,Duolingo,cast tv per cast lg,,74,19,14,
langues-apprentissage,Duolingo,spanish manga,,69,7,6,
langues-apprentissage,Duolingo,gratis naar tv casten,,90,16,7,
langues-apprentissage,Duolingo,deel foto's op tv,,93,22,9,
langues-apprentissage,Duolingo,ingilizce konuş,,61,218,22,
langues-apprentissage,Duolingo,ingilizce gramer,,46,248,17,
langues-apprentissage,Duolingo,sơ yếu lý lịch,,84,151,82,
langues-apprentissage,Duolingo,lungo,,,246,1,
langues-apprentissage,Duolingo,different blooms,,40,248,190,
langues-apprentissage,Duolingo,oyunlar bahisleri canlı,,75,10,3,
langues-apprentissage,Duolingo,must bet app,,85,7,3,
langues-apprentissage,Duolingo,ф3,,32,157,152,
langues-apprentissage,Duolingo,vpn безкоштовно,,68,14,13,
langues-apprentissage,Duolingo,онлайн vpn,,75,52,31,
langues-apprentissage,Duolingo,french verbs game,,90,27,7,
langues-apprentissage,Duolingo,Aİ baby story,,22,73,23,
langues-apprentissage,Duolingo,คำศัพท์ภาษาอังกฤษ,,77,38,10,
langues-apprentissage,Duolingo,영어단어,,97,248,3,
langues-apprentissage,Duolingo,영어 단어,,98,248,3,
langues-apprentissage,Duolingo,영어단어암기,,42,241,28,
langues-apprentissage,Duolingo,영어 스피킹,,76,243,20,
langues-apprentissage,Duolingo,shopee việt nam,,,78,77,
langues-apprentissage,Duolingo,доулинго,,61,125,1,
langues-apprentissage,Duolingo,ai 영어회화,,67,244,24,
langues-apprentissage,Duolingo,doodle ru,,,176,123,
langues-apprentissage,Duolingo,therem'n,,,13,6,
langues-apprentissage,Duolingo,mojo ai,,,101,94,
langues-apprentissage,Duolingo,jojo ai chat,,,44,13,
langues-apprentissage,Duolingo,4gl,,,61,36,
langues-apprentissage,Duolingo,entering,,,204,145,
langues-apprentissage,Duolingo,math fun math app,,,216,45,
langues-apprentissage,Duolingo,talk bud,,,26,17,
langues-apprentissage,Duolingo,word games for learning,,,232,136,
langues-apprentissage,Duolingo,英语词汇,,63,246,207,
langues-apprentissage,Duolingo,photo note tag,,80,78,47,
langues-apprentissage,Duolingo,心动小镇,,,120,111,
langues-apprentissage,Duolingo,rest quick,,61,99,46,
langues-apprentissage,Duolingo,hellotalk ai,,,134,102,
langues-apprentissage,Duolingo,ai ches,,76,246,238,
langues-apprentissage,Duolingo,可汗学院中文版,,,249,87,
langues-apprentissage,Duolingo,英语天天练,,83,246,4,
langues-apprentissage,Duolingo,ingilizce pratik,,72,245,78,
langues-apprentissage,Duolingo,grok x1,,82,43,36,
langues-apprentissage,Duolingo,koreai,,87,247,6,
langues-apprentissage,Duolingo,offline voice reader,,,21,13,
langues-apprentissage,Duolingo,deepseek r1deepseek r1,,,106,67,
langues-apprentissage,Duolingo,từ điển tiếng nhật,,58,250,149,
langues-apprentissage,Duolingo,nuva,,,240,184,
langues-apprentissage,Duolingo,memories then & now,,,13,8,
langues-apprentissage,Duolingo,jump max,,,60,24,
langues-apprentissage,Duolingo,扇贝单词 学习,,,232,100,
langues-apprentissage,Duolingo,mens talk,,98,241,123,
langues-apprentissage,Duolingo,airlearn',,52,250,2,
langues-apprentissage,Duolingo,bible smart,,,84,66,
langues-apprentissage,Duolingo,khan%20kids,,,198,17,
langues-apprentissage,Duolingo,duolingo%20math,,77,247,1,
langues-apprentissage,Duolingo,preply%3A%20learn%20languages,,47,248,10,
langues-apprentissage,Duolingo,free%20spanish%20learning%20for%20beginners,,,179,9,
langues-apprentissage,Duolingo,tandem%20language%20exchange,,,245,173,
langues-apprentissage,Duolingo,learn%20languages,,,198,62,
langues-apprentissage,Duolingo,english%20learning%20app%20free,,,242,181,
langues-apprentissage,Duolingo,st%20math,,,196,9,
langues-apprentissage,Duolingo,free%20learn%20spanish%20app,,,233,46,
langues-apprentissage,Duolingo,aplicacion%20para%20aprender%20ingles%20gratis,,,250,174,
langues-apprentissage,Duolingo,i%20am%20cat,,,240,213,
langues-apprentissage,Duolingo,aprender%20ingles,,,211,16,
langues-apprentissage,Duolingo,aplicacion%20para%20escuchar%20musica,,,214,51,
langues-apprentissage,Duolingo,learn%20english%20free,,,249,179,
langues-apprentissage,Duolingo,face%20book,,,215,146,
langues-apprentissage,Duolingo,good%20and%20beautiful,,,85,61,
langues-apprentissage,Duolingo,сoo,,90,89,61,
langues-apprentissage,Duolingo,сook,,,54,32,
langues-apprentissage,Duolingo,ielts practie,,,215,126,
langues-apprentissage,Duolingo,angielski nauka,,82,220,6,
langues-apprentissage,Duolingo,i̇ngilizce kelime oyunu,,78,109,12,
langues-apprentissage,Duolingo,впн 13,,28,199,189,
langues-apprentissage,Duolingo,vpn на айфон,,57,230,216,
langues-apprentissage,Duolingo,でた単,,,242,42,
langues-apprentissage,Duolingo,gpt бесплатно,,53,170,148,
langues-apprentissage,Duolingo,к аи,,69,180,161,
langues-apprentissage,Duolingo,vpn для ютуба,,88,111,98,
langues-apprentissage,Duolingo,すたぷら,,,245,27,
langues-apprentissage,Duolingo,[百词斩,,,215,19,
langues-apprentissage,Duolingo,[百词斩],,,215,19,
langues-apprentissage,Duolingo,中国語勉強,,,245,3,
langues-apprentissage,Duolingo,bits - flashcards,,,182,85,
langues-apprentissage,Duolingo,sofa brain,,,122,40,
langues-apprentissage,Duolingo,английский язык бесплатно,,86,239,2,
langues-apprentissage,Duolingo,разговорный английский язык,,85,248,9,
langues-apprentissage,Duolingo,quicknooks,,96,246,235,
langues-apprentissage,Duolingo,language flash,,,224,128,
langues-apprentissage,Duolingo,rest day,,,122,56,
langues-apprentissage,Duolingo,easy ui,,,136,125,
langues-apprentissage,Duolingo,easy see,,,80,65,
langues-apprentissage,Duolingo,alura,,,28,11,
langues-apprentissage,Duolingo,directions link opener,,,192,26,
langues-apprentissage,Duolingo,directions link opener,,,192,26,
langues-apprentissage,Duolingo,global best,,,240,230,
langues-apprentissage,Duolingo,babbel language tracker,,,216,33,
langues-apprentissage,Duolingo,hellotalk language maker,,,240,39,
langues-apprentissage,Duolingo,duolingo language editor,,83,249,3,
langues-apprentissage,Duolingo,hellotalk editor tracker,,,241,48,
langues-apprentissage,Duolingo,hellotalk editor scanner,,,242,48,
langues-apprentissage,Duolingo,pimsleur language scanner tracker,,,232,22,
langues-apprentissage,Duolingo,pimsleur tracker editor,,,222,47,
langues-apprentissage,Duolingo,pimsleur tracker maker,,,224,47,
langues-apprentissage,Duolingo,babbel language io,,,212,31,
langues-apprentissage,Duolingo,stone learn bests,,,228,71,
langues-apprentissage,Duolingo,iplay tube video music plays,,,200,83,
langues-apprentissage,Duolingo,circles learning together,,,232,19,
langues-apprentissage,Duolingo,i'm ok,,,195,121,
langues-apprentissage,Duolingo,i'm okay,,,202,117,
langues-apprentissage,Duolingo,juegos para aprender ingl�s,,44,246,72,
langues-apprentissage,Duolingo,scope zero,,,229,192,
langues-apprentissage,Duolingo,learn by listening,,,237,139,
langues-apprentissage,Duolingo,learn],,,248,4,
langues-apprentissage,Duolingo,learning  for adults,,,247,6,
langues-apprentissage,Duolingo,spanish number,,,198,116,
langues-apprentissage,Duolingo,gpt as a,,,93,36,
langues-apprentissage,Duolingo,learn thao,,,214,6,
langues-apprentissage,Duolingo,tiền mặt,,,235,201,
langues-apprentissage,Duolingo,spanishes,,,183,33,
langues-apprentissage,Duolingo,lyngo,,,236,2,
langues-apprentissage,Duolingo,language easy,,,246,166,
langues-apprentissage,Duolingo,notnow,,,195,21,
langues-apprentissage,Duolingo,tranlsater polish,,,185,20,
langues-apprentissage,Duolingo,英語 勉強,,82,230,5,
langues-apprentissage,Duolingo,musical u: music education,,,218,77,
langues-apprentissage,Duolingo,quizlet: learn with flashcards,,,194,79,
langues-apprentissage,Duolingo,read lines with me,,,156,119,
langues-apprentissage,Duolingo,reading in spanish,,,187,8,
langues-apprentissage,Duolingo,sign bloom,,,206,119,
langues-apprentissage,Duolingo,singme,,,215,115,
langues-apprentissage,Duolingo,spanish grammar: gramático,,,206,172,
langues-apprentissage,Duolingo,spanish in 100 days,,,178,3,
langues-apprentissage,Duolingo,spanish tutor: learn with ai,,,223,173,
langues-apprentissage,Duolingo,spanlab: language unlocks apps,,,219,148,
langues-apprentissage,Duolingo,target bi,,,193,59,
langues-apprentissage,Duolingo,teach it,,,232,36,
langues-apprentissage,Duolingo,duloingo for rizz,,,224,32,
langues-apprentissage,Duolingo,duolingo notes,,82,247,1,
langues-apprentissage,Duolingo,mango video,,,148,54,
langues-apprentissage,Duolingo,chat gpt 日本語無料,,,214,58,
langues-apprentissage,Duolingo,hindi lessons,,,216,8,
langues-apprentissage,Duolingo,escuchar musica sin internet game app,,,203,87,
langues-apprentissage,Duolingo,coding flashcards,,,196,136,
langues-apprentissage,Duolingo,my daily pay free coach,,,203,50,
langues-apprentissage,Duolingo,daily pay free online best game review,,,180,174,
langues-apprentissage,Duolingo,quick stories app,,,204,173,
langues-apprentissage,Duolingo,nota talker,,,205,80,
langues-apprentissage,Duolingo,easy families stories app,,,210,96,
langues-apprentissage,Duolingo,tutorial my nota de voz online,,,215,83,
langues-apprentissage,Duolingo,lern polish,,97,232,2,
langues-apprentissage,Duolingo,nota de voz meaning app game,,,212,43,
langues-apprentissage,Duolingo,nota de voz meaning app free,,,223,58,
langues-apprentissage,Duolingo,nota de voz meaning app journal,,,229,48,
langues-apprentissage,Duolingo,review nota de voz meaning app game,,,220,56,
langues-apprentissage,Duolingo,nota de voz meaning app game tutorial,,,220,62,
langues-apprentissage,Duolingo,tutorial nota de voz meaning app game,,,206,68,
langues-apprentissage,Duolingo,apk nota de voz meaning app game,,,231,117,
langues-apprentissage,Duolingo,free nota voz tips,,,217,32,
langues-apprentissage,Duolingo,tutorial review free nota voz app free,,,230,106,
langues-apprentissage,Duolingo,free notas de voz review,,,213,44,
langues-apprentissage,Duolingo,free notas de voz reviews,,,213,43,
langues-apprentissage,Duolingo,review free notas de voz online,,,216,46,
langues-apprentissage,Duolingo,voices like game,,,196,149,
langues-apprentissage,Duolingo,easy voices like,,,204,107,
langues-apprentissage,Duolingo,free family sharing best,,,200,156,
langues-apprentissage,Duolingo,gloup up,,,221,72,
langues-apprentissage,Duolingo,free apk voice message,,,202,191,
langues-apprentissage,Duolingo,apk voice message best,,,201,199,
langues-apprentissage,Duolingo,free voice message apk game,,,197,173,
langues-apprentissage,Duolingo,voice message apk game free,,,193,163,
langues-apprentissage,Duolingo,voice message apk game app online,,,207,183,
langues-apprentissage,Duolingo,voice message game app game app apk,,,207,173,
langues-apprentissage,Duolingo,flashcard languages,,,214,4,
langues-apprentissage,Duolingo,relationship languages each,,,228,2,
langues-apprentissage,Duolingo,beginners scorecard,,,215,56,
langues-apprentissage,Duolingo,ipad relationship check scorecard coach,,,221,216,
langues-apprentissage,Duolingo,ipad relationship check scorecard for ki,,,214,185,
langues-apprentissage,Duolingo,hay bale,,,217,216,
langues-apprentissage,Duolingo,family stories no ads,,,200,109,
langues-apprentissage,Duolingo,family stories offline,,,214,209,
langues-apprentissage,Duolingo,map reading,,,180,175,
langues-apprentissage,Duolingo,voice translate app game,,,216,181,
langues-apprentissage,Duolingo,voice translate app game app,,,219,135,
langues-apprentissage,Duolingo,free voice translate app game,,,214,129,
langues-apprentissage,Duolingo,easy voice translate app game,,,213,133,
langues-apprentissage,Duolingo,my voice translate app game,,,217,174,
langues-apprentissage,Duolingo,voice translate app game free,,,214,118,
langues-apprentissage,Duolingo,voice translate app game best,,,218,160,
langues-apprentissage,Duolingo,voice translate app game online,,,220,160,
langues-apprentissage,Duolingo,voice translate app game journal,,,212,137,
langues-apprentissage,Duolingo,voice translate app journal game,,,220,142,
langues-apprentissage,Duolingo,voice translate app journal game app,,,220,92,
langues-apprentissage,Duolingo,voice translate app journal game free,,,219,63,
langues-apprentissage,Duolingo,voice translate app journal game best,,,219,102,
langues-apprentissage,Duolingo,voice translate app journal game online,,,219,86,
langues-apprentissage,Duolingo,voice translate app journal online app,,,221,168,
langues-apprentissage,Duolingo,voice translate app journal online game,,,218,89,
langues-apprentissage,Duolingo,voice translate app journal online best,,,219,201,
langues-apprentissage,Duolingo,voice translate app journal online plan,,,220,186,
langues-apprentissage,Duolingo,voice translate app journal online jour,,,218,135,
langues-apprentissage,Duolingo,apk voice translate app journal online,,,219,81,
langues-apprentissage,Duolingo,loan math,,,190,5,
langues-apprentissage,Duolingo,voice translate app journal game best r,,,220,91,
langues-apprentissage,Duolingo,review voice translate app journal game,,,219,146,
langues-apprentissage,Duolingo,tutorial voice translate app game plann,,,222,147,
langues-apprentissage,Duolingo,vision math,,,224,69,
langues-apprentissage,Duolingo,apk voice translate app game planner da,,,217,134,
langues-apprentissage,Duolingo,prep juegos,,,162,22,
langues-apprentissage,Duolingo,calculator abecedario,,,212,4,
langues-apprentissage,Duolingo,dual deep stories,,,205,94,
langues-apprentissage,Duolingo,duly,,,236,58,
langues-apprentissage,Duolingo,英会話 アプリ,,40,235,23,
langues-apprentissage,Duolingo,vocabulário inglês,,43,244,51,
langues-apprentissage,Duolingo,como falar inglês,,82,243,9,
langues-apprentissage,Duolingo,jogo de falar inglês,,92,246,1,
langues-apprentissage,Duolingo,aplicativo de falar inglês,,85,240,1,
langues-apprentissage,Duolingo,aplicativo pra falar inglês,,84,244,1,
langues-apprentissage,Duolingo,разговорный английский бесплатно,,86,28,4,
langues-apprentissage,Duolingo,i̇ngilizce öğren ücretsiz,,85,25,4,
langues-apprentissage,Duolingo,انجليزي للاطفال,,69,249,57,
langues-apprentissage,Duolingo,انجليزي مجانا,,79,144,7,
langues-apprentissage,Duolingo,angielski dla dzieci za darmo,,82,248,8,
langues-apprentissage,Duolingo,angielski gramatyka,,40,247,92,
langues-apprentissage,Duolingo,ภาษาอังกฤษฟรี,,80,111,10,
langues-apprentissage,Duolingo,เกม ภาษาอังกฤษ,,94,24,2,
langues-apprentissage,Duolingo,uci engleski,,33,49,31,
langues-apprentissage,Duolingo,učenje engleskog,,70,5,2,
langues-apprentissage,Duolingo,nauci engleski,,74,40,4,
langues-apprentissage,Duolingo,英会話 無料 アプリ ai,,40,241,12,
langues-apprentissage,Duolingo,英会話リスニング,,40,225,20,
langues-apprentissage,Duolingo,英会話 アプリ 無料,,40,243,140,
langues-apprentissage,Duolingo,英語 リスニング アプリ,,40,228,51,
langues-apprentissage,Duolingo,英文法 アプリ,,44,244,109,
langues-apprentissage,Duolingo,商务英语,,84,247,33,
langues-apprentissage,Duolingo,photo vocabular,,,172,169,
langues-apprentissage,Duolingo,lang lang learn,,,223,124,
langues-apprentissage,Duolingo,darrija,,,163,163,
langues-apprentissage,Duolingo,练英语口语,,82,238,8,
langues-apprentissage,Duolingo,留学英语,,50,247,163,
langues-apprentissage,Duolingo,旅游英语口语,,44,235,154,
langues-apprentissage,Duolingo,留学口语,,40,236,100,
langues-apprentissage,Duolingo,机场英语,,63,246,18,
langues-apprentissage,Duolingo,留学英语口语,,53,229,67,
langues-apprentissage,Duolingo,英语发音软件,,54,244,77,
langues-apprentissage,Duolingo,英语口音,,55,240,186,
langues-apprentissage,Duolingo,英语听力app,,59,244,117,
langues-apprentissage,Duolingo,英语听力软件,,54,240,68,
langues-apprentissage,Duolingo,英语听力材料,,54,235,233,
langues-apprentissage,Duolingo,英语单词app,,42,244,23,
langues-apprentissage,Duolingo,英语词汇量,,57,244,243,
langues-apprentissage,Duolingo,多邻国学英语,,82,239,1,
langues-apprentissage,Duolingo,duolingo speaking,,84,248,1,
langues-apprentissage,Duolingo,speak英语,,47,238,152,
langues-apprentissage,Duolingo,speak学英语,,54,230,84,
langues-apprentissage,Duolingo,speak口语,,45,242,192,
langues-apprentissage,Duolingo,elsa英语,,79,42,7,
langues-apprentissage,Duolingo,elsa口语,,56,27,12,
langues-apprentissage,Duolingo,elsa发音,,89,11,5,
langues-apprentissage,Duolingo,boldvoice英语,,84,6,2,
langues-apprentissage,Duolingo,boldvoice发音,,80,4,2,
langues-apprentissage,Duolingo,loora英语,,90,11,7,
langues-apprentissage,Duolingo,praktika英语,,85,12,4,
langues-apprentissage,Duolingo,praktika口语,,88,9,5,
langues-apprentissage,Duolingo,loora口语,,86,11,8,
langues-apprentissage,Duolingo,开言英语app,,40,237,11,
langues-apprentissage,Duolingo,百词斩英语,,42,245,63,
langues-apprentissage,Duolingo,百词斩口语,,42,245,219,
langues-apprentissage,Duolingo,扇贝口语app,,54,242,67,
langues-apprentissage,Duolingo,扇贝英语口语,,42,237,76,
langues-apprentissage,Duolingo,不背单词app,,42,236,151,
langues-apprentissage,Duolingo,英语趣配音app,,40,241,13,
langues-apprentissage,Duolingo,托福口语app,,40,240,105,
langues-apprentissage,Duolingo,Qlink APP,,,223,174,
langues-apprentissage,Duolingo,por vs para,,100,191,130,
langues-apprentissage,Duolingo,english with loora,,,217,30,
langues-apprentissage,Duolingo,scаn and share,,,58,25,
langues-apprentissage,Duolingo,voca ai,,,237,2,
langues-apprentissage,Duolingo,x-wing,,,194,193,
langues-apprentissage,Duolingo,u2bio,,,60,14,
langues-apprentissage,Duolingo,talk & translate ai,,,245,160,
langues-apprentissage,Duolingo,m10r,,,150,62,
langues-apprentissage,Duolingo,h30,,,129,81,
langues-apprentissage,Duolingo,language learning app free,,,248,2,
langues-apprentissage,Duolingo,w2 log,,,249,220,
langues-apprentissage,Duolingo,apraxia coach,,,234,24,
langues-apprentissage,Duolingo,offline language learning,,,248,2,
langues-apprentissage,Duolingo,pimsleur italian,,97,246,2,
langues-apprentissage,Duolingo,how do others see me,,,10,8,
langues-apprentissage,Duolingo,five minute learning,,,248,196,
langues-apprentissage,Duolingo,duolingo streak,,,248,1,
langues-apprentissage,Duolingo,language zoo,,,246,16,
langues-apprentissage,Duolingo,sign language kids,,,247,13,
langues-apprentissage,Duolingo,learn language free,,,248,1,
langues-apprentissage,Duolingo,reading world 2,,,243,236,
langues-apprentissage,Duolingo,homeschool brasil,,,245,75,
langues-apprentissage,Duolingo,dulo,,,249,6,
langues-apprentissage,Duolingo,italki app,,,249,229,
langues-apprentissage,Duolingo,busuu app,,,248,3,
langues-apprentissage,Duolingo,mondly app,,,245,2,
langues-apprentissage,Duolingo,lingq app,,,244,6,
langues-apprentissage,Duolingo,lingualeo app,,,250,2,
langues-apprentissage,Duolingo,bunpo app,,,249,5,
langues-apprentissage,Duolingo,clozemaster app,,,249,4,
langues-apprentissage,Duolingo,beelinguapp app,,,250,50,
langues-apprentissage,Duolingo,mosalingua app,,,249,2,
langues-apprentissage,Duolingo,wlingua app,,,248,150,
langues-apprentissage,Duolingo,pimsleur app,,,245,5,
langues-apprentissage,Duolingo,lingopie app,,,250,12,
langues-apprentissage,Duolingo,istoria app,,,250,2,
langues-apprentissage,Duolingo,speakly app,,,250,244,
langues-apprentissage,Duolingo,open english app,,,246,3,
langues-apprentissage,Duolingo,sky lingo app,,,250,2,
langues-apprentissage,Duolingo,每日英语听力 chinese,,,248,37,
langues-apprentissage,Duolingo,second language,,96,247,1,
langues-apprentissage,Duolingo,language notebook,,42,248,111,
langues-apprentissage,Duolingo,two languages,,47,239,53,
langues-apprentissage,Duolingo,5 minutes a day,,97,244,212,
langues-apprentissage,Duolingo,ulingo,,,247,1,
langues-apprentissage,Duolingo,babbel language,,,224,80,
langues-apprentissage,Duolingo,renshu,,,127,126,
langues-apprentissage,Duolingo,clip link,,82,243,225,
langues-apprentissage,Duolingo,clip page,,86,247,245,
langues-apprentissage,Duolingo,pin page,,91,221,139,
langues-apprentissage,Duolingo,air play for ps4,,,193,129,
langues-apprentissage,Duolingo,air play for amazon,,,227,161,
langues-apprentissage,Duolingo,air play caster,,,238,188,
langues-apprentissage,Duolingo,caster air play,,,240,167,
langues-apprentissage,Duolingo,pimsleur | language learning,,,248,2,
langues-apprentissage,Duolingo,lerna ai,,,250,3,
langues-apprentissage,Duolingo,team snap one,,,70,58,