cluster,app,keyword,popularity,competitiveness,num_apps,rank,importance
outils-telephone,UniversalRemote,vizio tv remote,68,95,250,189,6.86
outils-telephone,UniversalRemote,telecommande universelle gratuit,68,74,250,165,7.02
outils-telephone,UniversalRemote,samsung tv remote,67,93,250,58,8.47
outils-telephone,UniversalRemote,samsung  tv remote,67,91,250,54,8.60
outils-telephone,UniversalRemote,tv remote,64,100,250,146,6.75
outils-telephone,UniversalRemote,tv remote:,64,82,225,26,9.78
outils-telephone,UniversalRemote,control remoto universal,63,92,250,161,6.53
outils-telephone,UniversalRemote,lg tv remote,63,92,249,40,8.66
outils-telephone,UniversalRemote,roku remote control free,63,95,247,51,8.19
outils-telephone,UniversalRemote,lg tv  remote,63,93,249,50,8.23
outils-telephone,UniversalRemote,remote,62,100,249,232,6.04
outils-telephone,UniversalRemote,universal remote free,62,86,250,33,8.92
outils-telephone,UniversalRemote,remote:,62,97,247,142,6.57
outils-telephone,UniversalRemote,onn tv remote,57,100,250,146,6.01
outils-telephone,UniversalRemote,onn tv  remote,57,96,250,135,6.10
outils-telephone,UniversalRemote,lg remote,56,83,249,71,6.79
outils-telephone,UniversalRemote,tv remote universal remote,55,89,250,173,5.63
outils-telephone,UniversalRemote,vizo remote,54,84,250,97,6.15
outils-telephone,UniversalRemote,fire tv remote,52,90,249,123,5.66
outils-telephone,UniversalRemote,fire: tv remote,52,56,233,191,5.23
outils-telephone,UniversalRemote,samsung smart switch,50,76,250,85,5.84
outils-telephone,UniversalRemote,apple tv remote,49,94,250,192,4.93
outils-telephone,UniversalRemote,control remoto universal gratis,49,94,250,28,7.35
outils-telephone,UniversalRemote,toshiba tv remote,48,90,250,146,5.06
outils-telephone,UniversalRemote,universal remote tv controller,48,80,248,60,6.03
outils-telephone,UniversalRemote,lg tv plus,47,68,250,197,4.71
outils-telephone,UniversalRemote,samsung tv remote control,47,83,248,106,5.26
outils-telephone,UniversalRemote,lg remote control,46,91,250,88,5.34
outils-telephone,UniversalRemote,google tv remote,44,89,247,96,5.02
outils-telephone,UniversalRemote,universal remote tv control,44,92,248,60,5.52
outils-telephone,UniversalRemote,stick remote control for tv,44,68,250,90,5.08
outils-telephone,UniversalRemote,samsung smart view,43,83,249,98,4.89
outils-telephone,UniversalRemote,samsung watch,43,73,249,188,4.34
outils-telephone,UniversalRemote,universal remote: tv control,43,75,242,32,6.24
outils-telephone,UniversalRemote,ac remote control,42,54,249,80,4.97
outils-telephone,UniversalRemote,smart remote control app,42,44,247,51,5.46
outils-telephone,UniversalRemote,remote tv,40,93,250,74,4.81
outils-telephone,UniversalRemote,telecommande bouygues,40,,246,34,5.71
outils-telephone,UniversalRemote,remote atv,40,64,250,33,5.76
outils-telephone,UniversalRemote,free universal tv remote,39,86,250,37,5.46
outils-telephone,UniversalRemote,smart view samsung tv,39,79,249,98,4.43
outils-telephone,UniversalRemote,mando tv,37,73,250,245,3.57
outils-telephone,UniversalRemote,mando lg smart tv,37,75,242,49,4.85
outils-telephone,UniversalRemote,control samsung smart tv,36,85,250,217,3.55
outils-telephone,UniversalRemote,samsung tv plus,36,97,250,78,4.28
outils-telephone,UniversalRemote,lg remote control free,36,89,250,231,3.51
outils-telephone,UniversalRemote,vizio remote control,35,84,247,141,3.72
outils-telephone,UniversalRemote,lg remote control app for tv,33,75,249,75,3.95
outils-telephone,UniversalRemote,samsung remote control free,32,88,250,184,3.24
outils-telephone,UniversalRemote,hisense tv remote free,32,85,249,174,3.27
outils-telephone,UniversalRemote,ruko smart tv remote control,32,83,247,11,6.30
outils-telephone,UniversalRemote,control para tv samsung,30,74,247,68,3.67
outils-telephone,UniversalRemote,control remoto universal gratis para tv,30,93,247,24,4.68
outils-telephone,UniversalRemote,rokie tv smart tv remote,30,,248,46,3.99
outils-telephone,UniversalRemote,control sony,29,76,250,197,2.90
outils-telephone,UniversalRemote,onn tv remote free,29,97,250,245,2.80
outils-telephone,UniversalRemote,lg control for tv,29,,249,172,2.97
outils-telephone,UniversalRemote,emerson tv remote,28,91,250,9,5.91
outils-telephone,UniversalRemote,pluto tv free,28,96,249,71,3.39
outils-telephone,UniversalRemote,sony tv remote control,28,92,248,50,3.66
outils-telephone,UniversalRemote,remote for samsung tv,28,91,250,247,2.70
outils-telephone,UniversalRemote,control smart tv,28,75,250,68,3.42
outils-telephone,UniversalRemote,control remoto universal free,28,90,250,129,3.02
outils-telephone,UniversalRemote,lg universal tv remote,28,91,250,214,2.76
outils-telephone,UniversalRemote,tv fernbedienung,27,60,248,32,3.92
outils-telephone,UniversalRemote,xfinity remote,26,93,246,42,3.53
outils-telephone,UniversalRemote,free universal tv remote control,26,89,248,45,3.48
outils-telephone,UniversalRemote,free remote for samsung tv,26,91,250,133,2.79
outils-telephone,UniversalRemote,btv,25,92,168,63,3.11
outils-telephone,UniversalRemote,smart things for smart tv,25,70,247,202,2.49
outils-telephone,UniversalRemote,remote control app,24,97,250,145,2.54
outils-telephone,UniversalRemote,ir,24,95,168,6,5.93
outils-telephone,UniversalRemote,fire tv remote control free,24,86,248,248,2.31
outils-telephone,UniversalRemote,control lg gratis,24,79,249,49,3.15
outils-telephone,UniversalRemote,free lg tv remote control,24,94,249,33,3.45
outils-telephone,UniversalRemote,apple tv remote free,23,83,245,12,4.40
outils-telephone,UniversalRemote,remote control lg smart tv,23,76,248,143,2.44
outils-telephone,UniversalRemote,tv control universal remote,23,90,248,46,3.06
outils-telephone,UniversalRemote,free roku tv remote universal,23,,247,132,2.47
outils-telephone,UniversalRemote,telecomando tv,22,93,245,29,3.27
outils-telephone,UniversalRemote,universal remote samsung,22,89,250,56,2.80
outils-telephone,UniversalRemote,smart tv remote for samsung,22,76,245,12,4.21
outils-telephone,UniversalRemote,samsung remote app,21,90,250,11,4.13
outils-telephone,UniversalRemote,free remote for vizio tv,21,92,250,201,2.10
outils-telephone,UniversalRemote,toshiba tv remote free,21,90,250,36,2.96
outils-telephone,UniversalRemote,tv remote control universal,21,95,246,106,2.35
outils-telephone,UniversalRemote,control tv gratis,21,76,248,13,3.92
outils-telephone,UniversalRemote,sanyo tv remote free,21,93,250,233,2.04
outils-telephone,UniversalRemote,youtube tv remote,19,97,247,166,1.96
outils-telephone,UniversalRemote,télécommande tv samsung,18,76,246,19,3.00
outils-telephone,UniversalRemote,samsung remote free,17,88,250,122,1.85
outils-telephone,UniversalRemote,control remoto lg gratis,17,73,250,18,2.87
outils-telephone,UniversalRemote,bauhn tv remote,16,76,246,64,1.98
outils-telephone,UniversalRemote,control remoto universal lg,16,78,250,10,3.25
outils-telephone,UniversalRemote,fire tv remote app,15,66,250,113,1.66
outils-telephone,UniversalRemote,toshiba fire tv remote,15,55,250,245,1.45
outils-telephone,UniversalRemote,free samsung remote control,15,93,250,14,2.73
outils-telephone,UniversalRemote,리모트,14,64,244,109,1.56
outils-telephone,UniversalRemote,universal remote for tv smart,13,67,249,51,1.69
outils-telephone,UniversalRemote,video tv cast for samsung tv,13,,240,76,1.55
outils-telephone,UniversalRemote,westinghouse tv remote,12,93,249,174,1.23
outils-telephone,UniversalRemote,sanyo,11,86,250,206,1.09
outils-telephone,UniversalRemote,haier tv remote,11,87,249,80,1.30
outils-telephone,UniversalRemote,samsung fernbedienung,11,81,242,39,1.52
outils-telephone,UniversalRemote,lgtv,10,91,250,177,1.02
outils-telephone,UniversalRemote,control remote,10,94,248,73,1.20
outils-telephone,UniversalRemote,블루투스 리모컨,10,71,242,12,1.91
outils-telephone,UniversalRemote,uniremote universal tv remote,10,,240,64,1.24
outils-telephone,UniversalRemote,control remoto lg,9,75,249,29,1.34
outils-telephone,UniversalRemote,sony remote,9,91,247,163,0.93
outils-telephone,UniversalRemote,remote lg,9,75,249,31,1.32
outils-telephone,UniversalRemote,lg webos,9,60,246,208,0.89
outils-telephone,UniversalRemote,tv remote lg,9,87,234,13,1.68
outils-telephone,UniversalRemote,remote control lg,9,74,246,29,1.34
outils-telephone,UniversalRemote,lg universal remote,9,75,245,9,1.90
outils-telephone,UniversalRemote,lg control,9,83,248,42,1.22
outils-telephone,UniversalRemote,easy line remote,9,52,250,187,0.91
outils-telephone,UniversalRemote,amazon tv remote,9,84,248,85,1.05
outils-telephone,UniversalRemote,firetv remote,9,80,250,83,1.06
outils-telephone,UniversalRemote,unimote,9,90,250,154,0.94
outils-telephone,UniversalRemote,sky tv remote,9,82,249,65,1.11
outils-telephone,UniversalRemote,tv smart remote control,9,74,250,128,0.97
outils-telephone,UniversalRemote,yool tv,9,,249,54,1.16
outils-telephone,UniversalRemote,any tv remote control,9,,249,42,1.22
outils-telephone,UniversalRemote,bluetooth mouse,8,48,250,14,1.46
outils-telephone,UniversalRemote,itunes remote,8,81,235,40,1.10
outils-telephone,UniversalRemote,remote control for tv samsung,8,86,249,181,0.81
outils-telephone,UniversalRemote,universal tv remote control,8,85,249,36,1.13
outils-telephone,UniversalRemote,control remoto tv universal,8,95,249,12,1.53
outils-telephone,UniversalRemote,sharp tv remote,8,79,250,122,0.87
outils-telephone,UniversalRemote,mi remote controller,8,40,250,185,0.81
outils-telephone,UniversalRemote,samsung tv remote free,8,90,250,211,0.79
outils-telephone,UniversalRemote,stick remote control,8,,250,55,1.02
outils-telephone,UniversalRemote,video tv cast for samsung smart tv,7,71,240,83,0.82
outils-telephone,UniversalRemote,android tv remote control,7,79,250,128,0.76
outils-telephone,UniversalRemote,remote control for tv lg,7,75,248,22,1.12
outils-telephone,UniversalRemote,lg xboom,7,,182,18,1.18
outils-telephone,UniversalRemote,tv cast sharp,7,80,239,54,0.90
outils-telephone,UniversalRemote,tv remote free,7,95,250,174,0.72
outils-telephone,UniversalRemote,tv remote universal control,7,94,246,37,0.98
outils-telephone,UniversalRemote,ac remote controller,7,50,248,100,0.79
outils-telephone,UniversalRemote,ir remote,6,77,250,133,0.64
outils-telephone,UniversalRemote,virgin remote,6,46,248,139,0.64
outils-telephone,UniversalRemote,tv smart,6,70,250,149,0.63
outils-telephone,UniversalRemote,lg smart thinq,6,72,242,72,0.72
outils-telephone,UniversalRemote,lg magic remote,6,59,250,13,1.12
outils-telephone,UniversalRemote,toshiba,6,89,244,167,0.62
outils-telephone,UniversalRemote,ceiling fan remote,6,43,249,226,0.59
outils-telephone,UniversalRemote,lg controller,6,78,237,56,0.76
outils-telephone,UniversalRemote,remote control for tv free,6,96,250,151,0.63
outils-telephone,UniversalRemote,free universal remote,6,82,250,8,1.32
outils-telephone,UniversalRemote,control remoto samsung gratis,6,65,250,248,0.58
outils-telephone,UniversalRemote,remote for hisense tv,6,,248,229,0.59
outils-telephone,UniversalRemote,do cast,6,,229,116,0.66
outils-telephone,UniversalRemote,video y tv cast for samsung,6,,242,144,0.63
outils-telephone,UniversalRemote,imote,6,97,250,209,0.59
outils-telephone,UniversalRemote,any tv universal remote,6,,247,128,0.65
outils-telephone,UniversalRemote,mac remote,5,48,250,14,0.91
outils-telephone,UniversalRemote,remote for mac,5,48,248,12,0.96
outils-telephone,UniversalRemote,pause remote,5,48,247,76,0.60
outils-telephone,UniversalRemote,tv remote no wifi,5,,250,15,0.89
outils-telephone,UniversalRemote,tv control app,5,79,250,74,0.60
outils-telephone,UniversalRemote,tv control universal,5,70,246,72,0.60
outils-telephone,UniversalRemote,ipad remote,5,42,250,12,0.96
outils-telephone,UniversalRemote,mouse for computer,5,40,247,13,0.93
outils-telephone,UniversalRemote,free tv app,5,87,248,198,0.50
outils-telephone,UniversalRemote,soundbar remote,5,92,249,81,0.59
outils-telephone,UniversalRemote,smart remote control sony,5,70,247,79,0.59
outils-telephone,UniversalRemote,lg tv screen share,5,65,246,189,0.50
outils-telephone,UniversalRemote,sharp tv,5,81,250,78,0.59
outils-telephone,UniversalRemote,video tv cast for lg smart tv,5,40,238,78,0.59
outils-telephone,UniversalRemote,lg tv cast,5,57,245,145,0.53
outils-telephone,UniversalRemote,lg smart tv,5,46,247,46,0.67
outils-telephone,UniversalRemote,remote control for apple tv,5,63,248,14,0.91
outils-telephone,UniversalRemote,remot,5,100,247,148,0.53
outils-telephone,UniversalRemote,hulu remote,5,,217,182,0.51
outils-telephone,UniversalRemote,samsung smart tv remote,5,95,250,139,0.53
outils-telephone,UniversalRemote,samsung smartview for ipad,5,70,230,183,0.51
outils-telephone,UniversalRemote,samsung tv remote app,5,90,250,62,0.62
outils-telephone,UniversalRemote,tv remote for samsung,5,93,247,62,0.62
outils-telephone,UniversalRemote,samsumg,5,38,195,90,0.58
outils-telephone,UniversalRemote,wi fi remote,5,75,249,162,0.52
outils-telephone,UniversalRemote,video tv cast samsung tv,5,70,240,139,0.53
outils-telephone,UniversalRemote,tv cast samsung,5,72,244,144,0.53
outils-telephone,UniversalRemote,remote for tv,5,95,249,177,0.51
outils-telephone,UniversalRemote,universal remote tv smart,5,79,249,107,0.56
outils-telephone,UniversalRemote,tv remote universal,5,96,246,8,1.10
outils-telephone,UniversalRemote,remote control tv,5,80,248,247,0.48
outils-telephone,UniversalRemote,fernbedienung mac,5,48,240,50,0.65
outils-telephone,UniversalRemote,android remote,5,73,249,156,0.52
outils-telephone,UniversalRemote,seiki tv remote,5,86,250,133,0.54
outils-telephone,UniversalRemote,telecommande mac,5,46,250,104,0.56
outils-telephone,UniversalRemote,remote hd,5,46,245,34,0.71
outils-telephone,UniversalRemote,magnavox tv remote,5,,249,65,0.62
outils-telephone,UniversalRemote,quick remote,5,74,248,6,1.24
outils-telephone,UniversalRemote,universität,5,61,250,147,0.53
outils-telephone,UniversalRemote,anymote smart universal remote,5,93,250,208,0.50
outils-telephone,UniversalRemote,tagesplaner,5,89,244,162,0.52
outils-telephone,UniversalRemote,tv steuerung,5,81,208,51,0.65
outils-telephone,UniversalRemote,watch control,5,82,245,77,0.60
outils-telephone,UniversalRemote,movie remote,5,88,244,139,0.53
outils-telephone,UniversalRemote,iphone tv,5,59,243,162,0.52
outils-telephone,UniversalRemote,remote samsung,5,81,249,11,0.98
outils-telephone,UniversalRemote,touchcast,5,61,124,88,0.58
outils-telephone,UniversalRemote,master remote,5,,226,30,0.74
outils-telephone,UniversalRemote,tv remote samsung,5,77,248,48,0.66
outils-telephone,UniversalRemote,samsung remote tv,5,64,233,44,0.67
outils-telephone,UniversalRemote,freeview remote,5,40,246,118,0.55
outils-telephone,UniversalRemote,mac リモコン,5,45,250,215,0.49
outils-telephone,UniversalRemote,tv programm app,5,81,239,201,0.50
outils-telephone,UniversalRemote,planning scolaire,5,66,244,213,0.49
outils-telephone,UniversalRemote,tele samsung,5,80,220,56,0.64
outils-telephone,UniversalRemote,panasonic tv remote 2,5,73,248,67,0.61
outils-telephone,UniversalRemote,vios,5,79,179,112,0.55
outils-telephone,UniversalRemote,lg plus,5,,189,23,0.79
outils-telephone,UniversalRemote,universal remote control for tv,5,77,245,79,0.59
outils-telephone,UniversalRemote,dynex tv remote,5,89,250,43,0.68
outils-telephone,UniversalRemote,haier remote,5,,250,35,0.71
outils-telephone,UniversalRemote,rca remote,5,75,250,111,0.55
outils-telephone,UniversalRemote,denon 500 series remote,5,,212,204,0.50
outils-telephone,UniversalRemote,sansui remote,5,89,250,10,1.02
outils-telephone,UniversalRemote,lg app,5,83,241,52,0.65
outils-telephone,UniversalRemote,lg tv app,5,54,247,122,0.55
outils-telephone,UniversalRemote,tv lg,5,75,244,111,0.55
outils-telephone,UniversalRemote,dvd player remote,5,76,250,9,1.06
outils-telephone,UniversalRemote,ir blaster,5,46,173,14,0.91
outils-telephone,UniversalRemote,dvd remote,5,76,245,4,1.49
outils-telephone,UniversalRemote,smart tv lg,5,91,222,15,0.89
outils-telephone,UniversalRemote,for tv,5,77,227,137,0.53
outils-telephone,UniversalRemote,dvd remote control,5,75,250,5,1.34
outils-telephone,UniversalRemote,wifi tv remote,5,,250,233,0.49
outils-telephone,UniversalRemote,samsung cast to tv,5,65,238,163,0.52
outils-telephone,UniversalRemote,remote control for all tv,5,81,248,71,0.61
outils-telephone,UniversalRemote,all tv remote,5,93,249,150,0.52
outils-telephone,UniversalRemote,sky q remote control,5,58,248,240,0.48
outils-telephone,UniversalRemote,infrared remote,5,75,249,122,0.55
outils-telephone,UniversalRemote,dish remote,5,86,249,11,0.98
outils-telephone,UniversalRemote,smart tv remote control,5,96,248,60,0.63
outils-telephone,UniversalRemote,wifi remote,5,82,249,204,0.50
outils-telephone,UniversalRemote,samsung ac remote,5,54,249,192,0.50
outils-telephone,UniversalRemote,remote control for lg tv,5,80,233,19,0.83
outils-telephone,UniversalRemote,vizio smart tv remote,5,80,250,147,0.53
outils-telephone,UniversalRemote,smart tv remote lg,5,91,246,23,0.79
outils-telephone,UniversalRemote,sansui tv remote,5,88,249,54,0.64
outils-telephone,UniversalRemote,sky remote control,5,42,244,142,0.53
outils-telephone,UniversalRemote,tv remote control for all tv,5,,247,116,0.55
outils-telephone,UniversalRemote,smart tv remote samsung,5,85,248,59,0.63
outils-telephone,UniversalRemote,video & tv cast for lg smart tv,5,47,246,242,0.48
outils-telephone,UniversalRemote,for samsung,5,87,225,193,0.50
outils-telephone,UniversalRemote,remote control samsung,5,85,247,25,0.77
outils-telephone,UniversalRemote,remote android tv,5,,235,23,0.79
outils-telephone,UniversalRemote,remove control,5,95,250,103,0.56
outils-telephone,UniversalRemote,remote controller,5,95,248,193,0.50
outils-telephone,UniversalRemote,sony fernbedienung,5,37,50,11,0.98
outils-telephone,UniversalRemote,toshiba tv,5,79,247,67,0.61
outils-telephone,UniversalRemote,universel,5,52,248,91,0.58
outils-telephone,UniversalRemote,remote tv controller,5,40,243,67,0.61
outils-telephone,UniversalRemote,universal tv remote controller,5,65,247,70,0.61
outils-telephone,UniversalRemote,lg smart tv remote,5,79,250,209,0.50
outils-telephone,UniversalRemote,remote control samsung tv,5,57,244,41,0.68
outils-telephone,UniversalRemote,remote control lg tv,5,55,245,27,0.76
outils-telephone,UniversalRemote,lg телевизор,5,71,168,17,0.86
outils-telephone,UniversalRemote,hitachi smart tv,5,91,234,64,0.62
outils-telephone,UniversalRemote,remote sony,5,74,247,218,0.49
outils-telephone,UniversalRemote,утилиты,5,90,241,43,0.68
outils-telephone,UniversalRemote,universal remote for tv,5,91,247,69,0.61
outils-telephone,UniversalRemote,anyview cast smart tv,5,,247,85,0.58
outils-telephone,UniversalRemote,vizio universal remote,5,88,248,196,0.50
outils-telephone,UniversalRemote,allshare samsung tv,5,72,233,120,0.55
outils-telephone,UniversalRemote,screen share samsung tv,5,83,249,126,0.54
outils-telephone,UniversalRemote,tv remote for sony,5,78,229,75,0.60
outils-telephone,UniversalRemote,tv remote control for samsung,5,86,248,12,0.96
outils-telephone,UniversalRemote,remove tv,5,,235,28,0.75
outils-telephone,UniversalRemote,universal tv,5,95,247,25,0.77
outils-telephone,UniversalRemote,пульт управления,5,79,246,29,0.74
outils-telephone,UniversalRemote,lg remote app,5,54,248,31,0.73
outils-telephone,UniversalRemote,element tv,5,76,235,26,0.76
outils-telephone,UniversalRemote,вай-фай,5,57,184,48,0.66
outils-telephone,UniversalRemote,universal tv controller,5,78,247,154,0.52
outils-telephone,UniversalRemote,television remote control,5,88,248,70,0.61
outils-telephone,UniversalRemote,universal remote controller,5,84,246,125,0.54
outils-telephone,UniversalRemote,tv wireless display,5,,247,243,0.48
outils-telephone,UniversalRemote,best for samsung,5,53,216,54,0.64
outils-telephone,UniversalRemote,remote control tv universal,5,79,244,78,0.59
outils-telephone,UniversalRemote,tv remote for lg,5,78,248,15,0.89
outils-telephone,UniversalRemote,lg smart remote,5,54,246,47,0.66
outils-telephone,UniversalRemote,lg telecommande,5,54,242,24,0.78
outils-telephone,UniversalRemote,lg remove control,5,45,242,84,0.59
outils-telephone,UniversalRemote,remote tv for lg smart,5,,238,10,1.02
outils-telephone,UniversalRemote,free lg remote,5,90,250,95,0.57
outils-telephone,UniversalRemote,control for tv,5,,246,125,0.54
outils-telephone,UniversalRemote,smart tv controller,5,82,248,86,0.58
outils-telephone,UniversalRemote,sony smart tv remote,5,81,250,95,0.57
outils-telephone,UniversalRemote,lg webos tv,5,37,248,13,0.93
outils-telephone,UniversalRemote,lg tv plus remote,5,51,249,26,0.76
outils-telephone,UniversalRemote,スマートテレビ,5,83,226,155,0.52
outils-telephone,UniversalRemote,smart tv remote app,5,89,250,60,0.63
outils-telephone,UniversalRemote,smart tv rc,5,40,246,67,0.61
outils-telephone,UniversalRemote,remote pilot,5,73,139,30,0.74
outils-telephone,UniversalRemote,remote control for webos,5,52,241,92,0.58
outils-telephone,UniversalRemote,smart lg tv remote,5,77,235,86,0.58
outils-telephone,UniversalRemote,lg tv control,5,78,244,21,0.81
outils-telephone,UniversalRemote,remote for element tv,5,,250,227,0.49
outils-telephone,UniversalRemote,remote for samsung,5,87,247,66,0.62
outils-telephone,UniversalRemote,controlmeister for samsung tv,5,76,248,63,0.62
outils-telephone,UniversalRemote,lgテレビ,5,54,242,64,0.62
outils-telephone,UniversalRemote,best tv remote,5,90,247,29,0.74
outils-telephone,UniversalRemote,remote control for samsung,5,81,249,28,0.75
outils-telephone,UniversalRemote,samsung tv control,5,84,248,13,0.93
outils-telephone,UniversalRemote,samsung tv fernbedinung,5,85,219,28,0.75
outils-telephone,UniversalRemote,tv control remote,5,,246,130,0.54
outils-telephone,UniversalRemote,lg tv remote control app,5,50,249,49,0.66
outils-telephone,UniversalRemote,home remote,5,80,249,136,0.53
outils-telephone,UniversalRemote,sony bravia remote,5,38,235,143,0.53
outils-telephone,UniversalRemote,vizio tv remote app,5,75,249,83,0.59
outils-telephone,UniversalRemote,spectrum remote control,5,93,249,67,0.61
outils-telephone,UniversalRemote,remote control universal,5,79,247,95,0.57
outils-telephone,UniversalRemote,tv remote control free,5,72,250,36,0.70
outils-telephone,UniversalRemote,jvc tv remote,5,75,249,14,0.91
outils-telephone,UniversalRemote,telecommande ipad,5,40,250,90,0.58
outils-telephone,UniversalRemote,control remoto universal tv,5,67,250,14,0.91
outils-telephone,UniversalRemote,samsung tv en casa,5,67,236,61,0.63
outils-telephone,UniversalRemote,proscan tv remote,5,88,250,78,0.59
outils-telephone,UniversalRemote,ir tv remote,5,72,250,7,1.16
outils-telephone,UniversalRemote,universal smart tv remote,5,90,249,37,0.70
outils-telephone,UniversalRemote,control tv lg,5,76,246,41,0.68
outils-telephone,UniversalRemote,smart remote for lg tv,5,51,247,25,0.77
outils-telephone,UniversalRemote,lg webos remote,5,50,247,81,0.59
outils-telephone,UniversalRemote,remote sharp,5,75,250,176,0.51
outils-telephone,UniversalRemote,samsung tv controller,5,,235,31,0.73
outils-telephone,UniversalRemote,remode,5,96,249,160,0.52
outils-telephone,UniversalRemote,radio remote,5,45,249,27,0.76
outils-telephone,UniversalRemote,smart tv remote for vizio,5,80,248,175,0.51
outils-telephone,UniversalRemote,sharp remote,5,75,250,19,0.83
outils-telephone,UniversalRemote,fios tv remote,5,95,248,85,0.58
outils-telephone,UniversalRemote,三星遙控器,5,71,225,65,0.62
outils-telephone,UniversalRemote,lg smart cast,5,48,239,77,0.60
outils-telephone,UniversalRemote,any tv remote,5,,250,57,0.63
outils-telephone,UniversalRemote,iphone tv remote,5,87,247,195,0.50
outils-telephone,UniversalRemote,amazon fire tv remote free,5,82,250,158,0.52
outils-telephone,UniversalRemote,air mirror for samsung tv,5,67,238,134,0.54
outils-telephone,UniversalRemote,toshiba remote control,5,81,250,49,0.66
outils-telephone,UniversalRemote,remote tv control,5,80,245,68,0.61
outils-telephone,UniversalRemote,toshiba remote,5,80,250,76,0.60
outils-telephone,UniversalRemote,remote lg tv,5,75,244,28,0.75
outils-telephone,UniversalRemote,miracast lg tv,5,40,234,123,0.54
outils-telephone,UniversalRemote,remote control for sony,5,93,221,115,0.55
outils-telephone,UniversalRemote,tv kumanda,5,78,243,21,0.81
outils-telephone,UniversalRemote,free vizio tv remote,5,78,250,161,0.52
outils-telephone,UniversalRemote,smart tv lg remote,5,51,236,36,0.70
outils-telephone,UniversalRemote,air mirror for lg tv,5,40,235,122,0.55
outils-telephone,UniversalRemote,lg smart view,5,69,241,198,0.50
outils-telephone,UniversalRemote,remote learning,5,40,249,143,0.53
outils-telephone,UniversalRemote,changhong tv,5,42,248,5,1.34
outils-telephone,UniversalRemote,video and tv cast for sony,5,66,242,161,0.52
outils-telephone,UniversalRemote,sony video cast,5,86,243,162,0.52
outils-telephone,UniversalRemote,video cast sony,5,86,243,211,0.49
outils-telephone,UniversalRemote,smartcast for lg tv,5,40,235,17,0.86
outils-telephone,UniversalRemote,smartcast remote,5,95,250,140,0.53
outils-telephone,UniversalRemote,official kodi remote,5,,217,144,0.53
outils-telephone,UniversalRemote,free lg tv remote,5,90,247,11,0.98
outils-telephone,UniversalRemote,tv remote smart tv,5,,240,31,0.73
outils-telephone,UniversalRemote,find my remote,5,82,231,215,0.49
outils-telephone,UniversalRemote,universal tv remote free,5,90,247,67,0.61
outils-telephone,UniversalRemote,contrôle,5,46,245,209,0.50
outils-telephone,UniversalRemote,best tv app,5,79,245,18,0.84
outils-telephone,UniversalRemote,samsung frame tv,5,,241,208,0.50
outils-telephone,UniversalRemote,samsung tv streamer,5,79,239,169,0.51
outils-telephone,UniversalRemote,doppio schermo cast smart tv,5,40,247,82,0.59
outils-telephone,UniversalRemote,remote iphone,5,48,239,25,0.77
outils-telephone,UniversalRemote,mac fernbedienung,5,53,126,58,0.63
outils-telephone,UniversalRemote,remote working,5,69,243,236,0.49
outils-telephone,UniversalRemote,samsung accessory,5,68,233,222,0.49
outils-telephone,UniversalRemote,android tv box remote,5,76,250,36,0.70
outils-telephone,UniversalRemote,my tf,5,,228,222,0.49
outils-telephone,UniversalRemote,vizio smart,5,93,235,149,0.53
outils-telephone,UniversalRemote,smartthings tv samsung remote,5,76,250,24,0.78
outils-telephone,UniversalRemote,remote contorl,5,,250,115,0.55
outils-telephone,UniversalRemote,universal tv remote no wifi,5,,250,24,0.78
outils-telephone,UniversalRemote,all tv remote control,5,90,249,61,0.63
outils-telephone,UniversalRemote,홈 화면,5,46,233,170,0.51
outils-telephone,UniversalRemote,Roku remotes,5,97,219,153,0.52
outils-telephone,UniversalRemote,roku tv remote app,5,89,240,234,0.49
outils-telephone,UniversalRemote,roku tv remote control,5,90,238,94,0.57
outils-telephone,UniversalRemote,remote toshiba,5,90,250,17,0.86
outils-telephone,UniversalRemote,hismart,5,40,186,74,0.60
outils-telephone,UniversalRemote,xfinity tv remote,5,93,246,24,0.78
outils-telephone,UniversalRemote,remote for xfinity,5,,224,64,0.62
outils-telephone,UniversalRemote,패드,5,80,219,111,0.55
outils-telephone,UniversalRemote,lg tv webos,5,,223,30,0.74
outils-telephone,UniversalRemote,free smart tv remote,5,88,250,94,0.57
outils-telephone,UniversalRemote,jvc smart tv remote,5,76,250,102,0.56
outils-telephone,UniversalRemote,remote control for sky,5,78,224,98,0.57
outils-telephone,UniversalRemote,원격,5,53,192,58,0.63
outils-telephone,UniversalRemote,hbo remote,5,94,248,157,0.52
outils-telephone,UniversalRemote,bn59,5,75,250,98,0.57
outils-telephone,UniversalRemote,airbeamtv lg,5,62,240,82,0.59
outils-telephone,UniversalRemote,제어,5,65,218,24,0.78
outils-telephone,UniversalRemote,텔레비전,5,98,71,28,0.75
outils-telephone,UniversalRemote,8tv,5,55,248,245,0.48
outils-telephone,UniversalRemote,free remote control for tv,5,93,250,206,0.50
outils-telephone,UniversalRemote,telecomandă,5,66,56,37,0.70
outils-telephone,UniversalRemote,รีโมท,5,56,250,177,0.51
outils-telephone,UniversalRemote,free tcl remote,5,,246,75,0.60
outils-telephone,UniversalRemote,lg smart tv remote free,5,50,249,42,0.68
outils-telephone,UniversalRemote,beamer remote,5,40,248,82,0.59
outils-telephone,UniversalRemote,control samsung tv,5,67,247,48,0.66
outils-telephone,UniversalRemote,pluto tv - live tv and movies,5,79,240,226,0.49
outils-telephone,UniversalRemote,roku - official remote control,5,93,223,90,0.58
outils-telephone,UniversalRemote,universal roku tv remote,5,89,247,220,0.49
outils-telephone,UniversalRemote,remove tv samsung,5,40,238,45,0.67
outils-telephone,UniversalRemote,universal remote labs company limited,5,81,250,168,0.51
outils-telephone,UniversalRemote,toshiba cast,5,40,86,51,0.65
outils-telephone,UniversalRemote,smart tv screen share,5,40,243,95,0.57
outils-telephone,UniversalRemote,universal remote free vizio,5,84,250,213,0.49
outils-telephone,UniversalRemote,watch & share smart web video,5,98,244,155,0.52
outils-telephone,UniversalRemote,dubler skærm cast smart tv hd,5,55,245,200,0.50
outils-telephone,UniversalRemote,zrcaljenje zaslona cast tv hd,5,40,243,201,0.50
outils-telephone,UniversalRemote,cermin skrin cast smart tv hd,5,42,246,119,0.55
outils-telephone,UniversalRemote,espelho tela cast smart tv hd,5,63,246,187,0.51
outils-telephone,UniversalRemote,projeção ecrã cast smart tv hd,5,59,248,122,0.55
outils-telephone,UniversalRemote,free hisense smart tv remote,5,89,249,87,0.58
outils-telephone,UniversalRemote,#1 diffuser copier cast tv,5,40,243,176,0.51
outils-telephone,UniversalRemote,hp remote,5,72,244,70,0.61
outils-telephone,UniversalRemote,roku smart tv remote,5,93,248,230,0.49
outils-telephone,UniversalRemote,smart cast for smart tv,5,,242,186,0.51
outils-telephone,UniversalRemote,bravia smart tv screen,5,42,248,69,0.61
outils-telephone,UniversalRemote,lg tv mirror free,5,43,239,235,0.49
outils-telephone,UniversalRemote,samsung tv cast free,5,90,244,101,0.56
outils-telephone,UniversalRemote,screen mirrorfor lg tv,5,43,233,203,0.50
outils-telephone,UniversalRemote,screen share for ipad and lg tv,5,46,239,120,0.55
outils-telephone,UniversalRemote,smart view tv iphon,5,40,248,225,0.49
outils-telephone,UniversalRemote,stream to tv samsung,5,79,240,89,0.58
outils-telephone,UniversalRemote,tv mirror for samsung free,5,40,239,132,0.54
outils-telephone,UniversalRemote,tv remoto duplicar pantal,5,83,248,139,0.53
outils-telephone,UniversalRemote,phonetv,5,56,249,47,0.66
outils-telephone,UniversalRemote,remote control for sony tvs,5,,230,110,0.56
outils-telephone,UniversalRemote,universal smart,5,75,243,89,0.58
outils-telephone,UniversalRemote,умный пульт,5,73,249,4,1.49
outils-telephone,UniversalRemote,smartthings tv samsung,5,76,249,161,0.52
outils-telephone,UniversalRemote,controller remote,5,91,249,29,0.74
outils-telephone,UniversalRemote,tv-fernbedienung,5,66,219,33,0.72
outils-telephone,UniversalRemote,remote control vizio,5,72,247,239,0.48
outils-telephone,UniversalRemote,bildschirm spiegeln・teilen tv,5,59,246,174,0.51
outils-telephone,UniversalRemote,espelhar tela celular smart tv,5,81,250,180,0.51
outils-telephone,UniversalRemote,#1 screen share smart tv & pc,5,42,247,148,0.53
outils-telephone,UniversalRemote,screen share smart tv,5,40,243,191,0.50
outils-telephone,UniversalRemote,xiaomi mi tv,5,63,225,21,0.81
outils-telephone,UniversalRemote,telecommande mac book,5,43,249,95,0.57
outils-telephone,UniversalRemote,remote for windiws,5,87,239,83,0.59
outils-telephone,UniversalRemote,mac remote gratuit,5,43,249,174,0.51
outils-telephone,UniversalRemote,ipad fernbedienung,5,46,249,49,0.66
outils-telephone,UniversalRemote,smart lesen,5,84,248,74,0.60
outils-telephone,UniversalRemote,vizo,5,93,250,158,0.52
outils-telephone,UniversalRemote,remote control for insignia tv,5,90,249,200,0.50
outils-telephone,UniversalRemote,tv remote for insignia,5,91,250,90,0.58
outils-telephone,UniversalRemote,cubes control,5,85,250,21,0.81
outils-telephone,UniversalRemote,rv remote,5,84,250,151,0.52
outils-telephone,UniversalRemote,(samsung,5,42,211,177,0.51
outils-telephone,UniversalRemote,lg remote free,5,92,249,9,1.06
outils-telephone,UniversalRemote,smart tv remote free,5,94,250,240,0.48
outils-telephone,UniversalRemote,remote jos,5,74,221,115,0.55
outils-telephone,UniversalRemote,smart tv things,5,70,240,110,0.56
outils-telephone,UniversalRemote,fire stick tv remote,5,63,247,232,0.49
outils-telephone,UniversalRemote,veon tv remote,5,73,239,211,0.49
outils-telephone,UniversalRemote,remoto universal,5,,234,12,0.96
outils-telephone,UniversalRemote,roku tv remote control free,5,89,247,91,0.58
outils-telephone,UniversalRemote,insignia smart tv remote,5,,249,55,0.64
outils-telephone,UniversalRemote,free remote for tv,5,,250,155,0.52
outils-telephone,UniversalRemote,tv player cast,5,43,246,194,0.50
outils-telephone,UniversalRemote,tv universal remote,5,89,246,71,0.61
outils-telephone,UniversalRemote,universal remote app,5,94,250,87,0.58
outils-telephone,UniversalRemote,android tv remote free,5,85,250,66,0.62
outils-telephone,UniversalRemote,tlc remote,5,,235,43,0.68
outils-telephone,UniversalRemote,lg fernbedienung kostenlos,5,54,52,17,0.86
outils-telephone,UniversalRemote,remote for sony roku smart tv,5,81,245,193,0.50
outils-telephone,UniversalRemote,remote smart tv tlc,5,40,245,41,0.68
outils-telephone,UniversalRemote,screen cast to sony tv,5,40,243,232,0.49
outils-telephone,UniversalRemote,remote for tlc tv remote,5,46,245,71,0.61
outils-telephone,UniversalRemote,remote control hisense,5,87,241,70,0.61
outils-telephone,UniversalRemote,mytifi remote,5,32,245,163,0.52
outils-telephone,UniversalRemote,remote control tv smart,5,70,250,109,0.56
outils-telephone,UniversalRemote,guarda la tv,5,78,245,153,0.52
outils-telephone,UniversalRemote,controlo remoto,5,73,240,86,0.58
outils-telephone,UniversalRemote,장치,5,42,233,206,0.50
outils-telephone,UniversalRemote,remote for sharp tv,5,,250,84,0.59
outils-telephone,UniversalRemote,smart tv remote control plus,5,45,247,4,1.49
outils-telephone,UniversalRemote,remoto lg,5,54,245,190,0.50
outils-telephone,UniversalRemote,polytron,5,,37,32,0.73
outils-telephone,UniversalRemote,ss remote,5,51,244,46,0.67
outils-telephone,UniversalRemote,Cast Smart TV,5,42,241,137,0.53
outils-telephone,UniversalRemote,lg tv thinq,5,,67,29,0.74
outils-telephone,UniversalRemote,thinq tv,5,45,248,218,0.49
outils-telephone,UniversalRemote,lg remoto,5,72,213,52,0.65
outils-telephone,UniversalRemote,tv remote for roku smart tv,5,86,242,146,0.53
outils-telephone,UniversalRemote,samsung frame tv remote,5,,224,55,0.64
outils-telephone,UniversalRemote,lg thinq remote,5,50,250,115,0.55
outils-telephone,UniversalRemote,mi remote controller for tv,5,71,250,23,0.79
outils-telephone,UniversalRemote,eco smart,5,,219,185,0.51
outils-telephone,UniversalRemote,insignia tv remote control,5,72,249,200,0.50
outils-telephone,UniversalRemote,streamer for samsung tv,5,80,240,75,0.60
outils-telephone,UniversalRemote,video & tv cast + samsung tv,5,78,242,91,0.58
outils-telephone,UniversalRemote,web video caster to samsung tv,5,65,245,110,0.56
outils-telephone,UniversalRemote,video & tv cast | samsung tv,5,78,237,38,0.70
outils-telephone,UniversalRemote,universal tv remote hisense,5,80,250,92,0.58
outils-telephone,UniversalRemote,stream to lgtv,5,75,240,172,0.51
outils-telephone,UniversalRemote,beam to lg tv,5,46,241,27,0.76
outils-telephone,UniversalRemote,iphone to lg tv,5,40,234,111,0.55
outils-telephone,UniversalRemote,air mirror to lg tv,5,40,237,132,0.54
outils-telephone,UniversalRemote,stream to lg tv,5,75,236,94,0.57
outils-telephone,UniversalRemote,internet plan,5,46,244,93,0.57
outils-telephone,UniversalRemote,tv cast for sony,5,78,242,227,0.49
outils-telephone,UniversalRemote,screen cast to imac,5,67,249,212,0.49
outils-telephone,UniversalRemote,cast screen to imac,5,55,248,243,0.48
outils-telephone,UniversalRemote,smart tv jouer mobile,5,60,209,39,0.69
outils-telephone,UniversalRemote,smart tv mobil spielen,5,42,244,217,0.49
outils-telephone,UniversalRemote,tela de tv,5,88,210,61,0.63
outils-telephone,UniversalRemote,smart streamen mobile,5,79,231,151,0.52
outils-telephone,UniversalRemote,lg cast remote,5,46,237,19,0.83
outils-telephone,UniversalRemote,tv mirror for lg cast,5,58,228,113,0.55
outils-telephone,UniversalRemote,lg cast tv,5,40,237,117,0.55
outils-telephone,UniversalRemote,video and tv cast for lg cast,5,64,231,140,0.53
outils-telephone,UniversalRemote,lg cast cast,5,40,233,202,0.50
outils-telephone,UniversalRemote,streamer for lg cast tv,5,35,90,37,0.70
outils-telephone,UniversalRemote,lg cube,5,24,8,2,2.29
outils-telephone,UniversalRemote,lg cast lite,5,48,239,197,0.50
outils-telephone,UniversalRemote,cast lg cast,5,40,233,197,0.50
outils-telephone,UniversalRemote,screen mirroring lg cast tv,5,60,236,124,0.54
outils-telephone,UniversalRemote,lg cast remoto,5,40,229,69,0.61
outils-telephone,UniversalRemote,streamer para lg cast tv,5,52,90,25,0.77
outils-telephone,UniversalRemote,mobile smartcast,5,59,244,205,0.50
outils-telephone,UniversalRemote,cast di smarttv,5,54,239,90,0.58
outils-telephone,UniversalRemote,app lg plus,5,50,203,51,0.65
outils-telephone,UniversalRemote,app cast lg,5,48,241,229,0.49
outils-telephone,UniversalRemote,televisore lg,5,50,237,81,0.59
outils-telephone,UniversalRemote,cast a lg cast,5,40,243,198,0.50
outils-telephone,UniversalRemote,streamer per tv cast lg,5,52,90,23,0.79
outils-telephone,UniversalRemote,cast tv lg cast,5,40,234,137,0.53
outils-telephone,UniversalRemote,air screen panasonic cast,5,31,34,27,0.76
outils-telephone,UniversalRemote,panasonic cast tv,5,64,51,9,1.06
outils-telephone,UniversalRemote,tv cast for panasonic cast,5,72,51,13,0.93
outils-telephone,UniversalRemote,panasonic cast cast,5,43,53,23,0.79
outils-telephone,UniversalRemote,video tv cast panasonic cast app,5,40,53,25,0.77
outils-telephone,UniversalRemote,panasonic cast remote,5,64,40,8,1.10
outils-telephone,UniversalRemote,streamer for panasonic cast tv,5,47,25,7,1.16
outils-telephone,UniversalRemote,video and tv cast for panasonic cast,5,72,51,27,0.76
outils-telephone,UniversalRemote,smartsmart tv,5,77,237,148,0.53
outils-telephone,UniversalRemote,universidade,5,,187,27,0.76
outils-telephone,UniversalRemote,tela tv gratis,5,88,220,43,0.68
outils-telephone,UniversalRemote,sony tela tv,5,71,40,12,0.96
outils-telephone,UniversalRemote,tela sony,5,85,247,40,0.69
outils-telephone,UniversalRemote,sony cast remoto,5,53,168,50,0.65
outils-telephone,UniversalRemote,streamer para sony,5,93,28,20,0.82
outils-telephone,UniversalRemote,tv transmitir sony,5,73,229,206,0.50
outils-telephone,UniversalRemote,philips cast remote,5,88,241,43,0.68
outils-telephone,UniversalRemote,smart television,5,40,245,43,0.68
outils-telephone,UniversalRemote,gratis television transmitir,5,69,244,120,0.55
outils-telephone,UniversalRemote,tv mirror for samsung cast,5,53,223,105,0.56
outils-telephone,UniversalRemote,samsung tv cast screen free,5,72,244,125,0.54
outils-telephone,UniversalRemote,samsung cast remote,5,44,243,43,0.68
outils-telephone,UniversalRemote,streamer for samsung cast tv,5,43,242,182,0.51
outils-telephone,UniversalRemote,samsung tv a distanza,5,73,247,37,0.70
outils-telephone,UniversalRemote,samsung tv a distanza control,5,43,246,6,1.24
outils-telephone,UniversalRemote,video tv samsung tv,5,49,223,12,0.96
outils-telephone,UniversalRemote,smart tv smart,5,76,216,66,0.62
outils-telephone,UniversalRemote,video and tv smart for samsung,5,73,226,31,0.73
outils-telephone,UniversalRemote,samsung tv smart,5,85,242,48,0.66
outils-telephone,UniversalRemote,samsung tv remoto control,5,40,242,19,0.83
outils-telephone,UniversalRemote,video tv smart for samsung smart tv,5,72,235,43,0.68
outils-telephone,UniversalRemote,allshare smart samsung,5,72,241,91,0.58
outils-telephone,UniversalRemote,screen smart gratis,5,59,244,182,0.51
outils-telephone,UniversalRemote,tv smart for samsung smart,5,88,215,19,0.83
outils-telephone,UniversalRemote,samsung smart remoto,5,72,245,50,0.65
outils-telephone,UniversalRemote,samsung tv fernbedienung control,5,88,222,19,0.83
outils-telephone,UniversalRemote,samsung cast fernbedienung,5,46,230,135,0.54
outils-telephone,UniversalRemote,samsung tv  telecomande,5,86,223,40,0.69
outils-telephone,UniversalRemote,video tv pour samsung,5,42,239,74,0.60
outils-telephone,UniversalRemote,video tv samsung,5,49,225,35,0.71
outils-telephone,UniversalRemote,tv  pour samsung,5,40,238,64,0.62
outils-telephone,UniversalRemote,samsung tv gratuit,5,78,225,26,0.76
outils-telephone,UniversalRemote,telecommande ecran tv,5,47,29,2,2.29
outils-telephone,UniversalRemote,video tv cast tcl tv,5,90,228,55,0.64
outils-telephone,UniversalRemote,tcl android screen share,5,42,35,13,0.93
outils-telephone,UniversalRemote,gratis tv smart,5,96,239,75,0.60
outils-telephone,UniversalRemote,samsung compartir pantalla,5,72,193,123,0.54
outils-telephone,UniversalRemote,television plus,5,61,158,113,0.55
outils-telephone,UniversalRemote,samsung transmitir,5,81,195,51,0.65
outils-telephone,UniversalRemote,samsung television keyboard,5,40,248,163,0.52
outils-telephone,UniversalRemote,samsung television transmitir gratis,5,72,247,39,0.69
outils-telephone,UniversalRemote,samsung transmitir remoto,5,82,212,71,0.61
outils-telephone,UniversalRemote,smart television plus,5,63,29,19,0.83
outils-telephone,UniversalRemote,smarthing tv,5,87,219,90,0.58
outils-telephone,UniversalRemote,gratuit tv diffuser,5,45,250,45,0.67
outils-telephone,UniversalRemote,gratis tv transmitir,5,77,248,241,0.48
outils-telephone,UniversalRemote,tv transmitir,5,79,250,174,0.51
outils-telephone,UniversalRemote,smart remote controller,5,,250,76,0.60
outils-telephone,UniversalRemote,smart controller samsung,5,71,239,90,0.58
outils-telephone,UniversalRemote,smart remote control samsung,5,78,250,62,0.62
outils-telephone,UniversalRemote,smart control samsung tv,5,53,239,14,0.91
outils-telephone,UniversalRemote,universal smart controller,5,42,247,101,0.56
outils-telephone,UniversalRemote,samsung touchpad,5,44,241,163,0.52
outils-telephone,UniversalRemote,samsung tv keyword,5,40,238,19,0.83
outils-telephone,UniversalRemote,samsung tv touchpad,5,42,245,82,0.59
outils-telephone,UniversalRemote,samsung smart tv control,5,87,250,46,0.67
outils-telephone,UniversalRemote,samsung smarttv control,5,78,238,21,0.81
outils-telephone,UniversalRemote,mobile remote controller,5,83,247,168,0.51
outils-telephone,UniversalRemote,mobile controller samsung,5,79,239,73,0.60
outils-telephone,UniversalRemote,free samsung control,5,87,247,231,0.49
outils-telephone,UniversalRemote,remote control tv plus,5,47,246,151,0.52
outils-telephone,UniversalRemote,smart remote for samsung,5,81,243,46,0.67
outils-telephone,UniversalRemote,universal remote smart tv,5,90,246,14,0.91
outils-telephone,UniversalRemote,free remote samsung,5,76,250,53,0.64
outils-telephone,UniversalRemote,samsung remote keyboard,5,44,241,175,0.51
outils-telephone,UniversalRemote,allshare smart tv,5,73,246,135,0.54
outils-telephone,UniversalRemote,mobile smart tv manager,5,73,247,147,0.53
outils-telephone,UniversalRemote,virtual remote control samsung,5,44,242,7,1.16
outils-telephone,UniversalRemote,samsung virtual remote,5,94,249,28,0.75
outils-telephone,UniversalRemote,remote samsung keyboard,5,40,239,126,0.54
outils-telephone,UniversalRemote,remote keyword samsung,5,72,240,7,1.16
outils-telephone,UniversalRemote,samsung tv control free,5,57,243,23,0.79
outils-telephone,UniversalRemote,roku for samsung remote,5,83,240,194,0.50
outils-telephone,UniversalRemote,fire stick samsung remote,5,59,240,134,0.54
outils-telephone,UniversalRemote,smart view remote,5,72,247,71,0.61
outils-telephone,UniversalRemote,smarthings tv remote,5,42,246,6,1.24
outils-telephone,UniversalRemote,remote for roku samsung,5,83,241,155,0.52
outils-telephone,UniversalRemote,roku smart remote,5,93,249,221,0.49
outils-telephone,UniversalRemote,gratis samsung control remoto,5,73,245,75,0.60
outils-telephone,UniversalRemote,smart tv control remoto samsung,5,86,223,26,0.76
outils-telephone,UniversalRemote,samsung control remoto gratis,5,72,246,67,0.61
outils-telephone,UniversalRemote,smart tv control remoto para samsung,5,90,226,26,0.76
outils-telephone,UniversalRemote,samsung control remoto teclado,5,40,237,53,0.64
outils-telephone,UniversalRemote,fire stick samsung control remoto,5,57,242,160,0.52
outils-telephone,UniversalRemote,control remoto samsung smart,5,82,243,40,0.69
outils-telephone,UniversalRemote,samsung tv control gratis,5,58,243,14,0.91
outils-telephone,UniversalRemote,control remoto smart samsung,5,78,245,60,0.63
outils-telephone,UniversalRemote,teclado samsung tv,5,81,225,34,0.71
outils-telephone,UniversalRemote,tv control for samsung,5,83,248,31,0.73
outils-telephone,UniversalRemote,universal control remoto tv,5,71,246,24,0.78
outils-telephone,UniversalRemote,samsung smart steuerung,5,75,242,91,0.58
outils-telephone,UniversalRemote,samsung tv steuerung,5,43,222,31,0.73
outils-telephone,UniversalRemote,samsung tv steuerung kostenlos,5,73,249,21,0.81
outils-telephone,UniversalRemote,samsung tv tastatur,5,45,222,28,0.75
outils-telephone,UniversalRemote,samsung steuerung,5,58,222,101,0.56
outils-telephone,UniversalRemote,universal tv controle remoto,5,75,243,45,0.67
outils-telephone,UniversalRemote,samsung controle remoto gratis,5,44,244,47,0.66
outils-telephone,UniversalRemote,gratis samsung controle remoto,5,37,221,10,1.02
outils-telephone,UniversalRemote,samsung controlador,5,40,239,90,0.58
outils-telephone,UniversalRemote,controle remoto tv control,5,73,246,224,0.49
outils-telephone,UniversalRemote,gratis fire tv controle remoto,5,57,244,220,0.49
outils-telephone,UniversalRemote,samsung smart controle remoto,5,40,242,65,0.62
outils-telephone,UniversalRemote,smart tv controle remoto samsung,5,41,221,6,1.24
outils-telephone,UniversalRemote,smart tv controle remoto para samsung,5,40,245,27,0.76
outils-telephone,UniversalRemote,samsung controle remoto teclado,5,42,241,92,0.58
outils-telephone,UniversalRemote,controlador samsung tv,5,42,238,64,0.62
outils-telephone,UniversalRemote,tv controle remoto for samsung,5,89,216,19,0.83
outils-telephone,UniversalRemote,controlador samsung,5,40,239,114,0.55
outils-telephone,UniversalRemote,controle remoto para samsung gratis,5,82,228,37,0.70
outils-telephone,UniversalRemote,samsung telecommande gratuit,5,37,132,10,1.02
outils-telephone,UniversalRemote,smart tv telecommande samsung,5,36,124,13,0.93
outils-telephone,UniversalRemote,telecommande pour samsung tv,5,57,249,18,0.84
outils-telephone,UniversalRemote,smart tv telecommande pour samsung,5,91,221,29,0.74
outils-telephone,UniversalRemote,fire stick samsung telecommande,5,57,242,168,0.51
outils-telephone,UniversalRemote,samsung tv control gratuit,5,82,242,10,1.02
outils-telephone,UniversalRemote,samsung tv clavier,5,42,238,72,0.60
outils-telephone,UniversalRemote,mobile controleur samsung,5,73,240,102,0.56
outils-telephone,UniversalRemote,tv telecommande pour samsung,5,42,249,22,0.80
outils-telephone,UniversalRemote,samsung control gratuit,5,72,244,54,0.64
outils-telephone,UniversalRemote,telecommande pour samsung gratuit,5,40,130,5,1.34
outils-telephone,UniversalRemote,samsung television telecommande,5,72,249,21,0.81
outils-telephone,UniversalRemote,telecommande tele samsung,5,72,250,5,1.34
outils-telephone,UniversalRemote,lg tv keyboard,5,40,245,205,0.50
outils-telephone,UniversalRemote,smart controller lg,5,50,243,89,0.58
outils-telephone,UniversalRemote,smart control lg,5,50,245,115,0.55
outils-telephone,UniversalRemote,smart remote control lg,5,49,242,10,1.02
outils-telephone,UniversalRemote,smart control lg tv,5,50,239,15,0.89
outils-telephone,UniversalRemote,lg smart controller,5,50,242,80,0.59
outils-telephone,UniversalRemote,lg touchpad,5,50,235,198,0.50
outils-telephone,UniversalRemote,lg tv touchpad,5,45,244,48,0.66
outils-telephone,UniversalRemote,free lg control,5,50,249,137,0.53
outils-telephone,UniversalRemote,free remote lg,5,53,250,53,0.64
outils-telephone,UniversalRemote,lg remote keyboard,5,46,240,81,0.59
outils-telephone,UniversalRemote,allshare lg tv,5,50,237,44,0.67
outils-telephone,UniversalRemote,controller lg,5,74,240,15,0.89
outils-telephone,UniversalRemote,controller lg tv,5,44,242,58,0.63
outils-telephone,UniversalRemote,smart tv remote for lg,5,90,244,21,0.81
outils-telephone,UniversalRemote,controlling lg,5,67,247,127,0.54
outils-telephone,UniversalRemote,controlling lg tv,5,59,243,22,0.80
outils-telephone,UniversalRemote,virtual remote control lg,5,46,235,4,1.49
outils-telephone,UniversalRemote,remote smart webos,5,40,245,49,0.66
outils-telephone,UniversalRemote,lg remote touchpad,5,47,234,44,0.67
outils-telephone,UniversalRemote,control remoto control lg,5,50,243,142,0.53
outils-telephone,UniversalRemote,lg control remoto control,5,50,244,107,0.56
outils-telephone,UniversalRemote,lg webos control remoto,5,46,139,24,0.78
outils-telephone,UniversalRemote,control remoto tv for lg,5,50,241,16,0.87
outils-telephone,UniversalRemote,smart smart control lg,5,48,242,91,0.58
outils-telephone,UniversalRemote,smart tv lg control remoto,5,51,241,11,0.98
outils-telephone,UniversalRemote,gratis control remoto lg,5,50,247,114,0.55
outils-telephone,UniversalRemote,control remoto control para lg,5,91,229,32,0.73
outils-telephone,UniversalRemote,smart control remoto para lg,5,49,227,54,0.64
outils-telephone,UniversalRemote,universal smart smart control,5,40,246,128,0.54
outils-telephone,UniversalRemote,virtual control remoto control lg,5,91,202,5,1.34
outils-telephone,UniversalRemote,control remoto lg smart,5,51,243,46,0.67
outils-telephone,UniversalRemote,gratis lg control,5,49,211,36,0.70
outils-telephone,UniversalRemote,smart control remoto lg,5,50,245,71,0.61
outils-telephone,UniversalRemote,lg virtual control remoto,5,74,6,1,5.00
outils-telephone,UniversalRemote,lg smart smart control,5,48,242,89,0.58
outils-telephone,UniversalRemote,control remoto control lg tv,5,46,245,32,0.73
outils-telephone,UniversalRemote,universal control remoto smart tv,5,74,249,6,1.24
outils-telephone,UniversalRemote,gratis lg control remoto control,5,91,225,35,0.71
outils-telephone,UniversalRemote,lg tv télécommande,5,60,126,26,0.76
outils-telephone,UniversalRemote,télécommande pour lg tv,5,71,200,19,0.83
outils-telephone,UniversalRemote,lg tv control gratuit,5,89,225,20,0.82
outils-telephone,UniversalRemote,lg clavier virtuel,5,48,247,67,0.61
outils-telephone,UniversalRemote,smart tv lg télécommande,5,37,133,9,1.06
outils-telephone,UniversalRemote,télécommande lg gratuit,5,44,119,4,1.49
outils-telephone,UniversalRemote,smart télécommande pour lg,5,45,229,28,0.75
outils-telephone,UniversalRemote,virtuel télécommande control lg,5,43,227,27,0.76
outils-telephone,UniversalRemote,smart tv télécommande for lg,5,41,128,19,0.83
outils-telephone,UniversalRemote,lg control gratuit,5,50,200,36,0.70
outils-telephone,UniversalRemote,smart tv télécommande lg,5,41,128,14,0.91
outils-telephone,UniversalRemote,gratuit lg télécommande control,5,70,119,18,0.84
outils-telephone,UniversalRemote,telecommande pour lg tv,5,71,200,19,0.83
outils-telephone,UniversalRemote,smart tv lg telecommande,5,37,133,9,1.06
outils-telephone,UniversalRemote,telecommande lg gratuit,5,46,250,22,0.80
outils-telephone,UniversalRemote,smart telecommande pour lg,5,45,229,28,0.75
outils-telephone,UniversalRemote,virtuel telecommande control lg,5,62,4,3,1.74
outils-telephone,UniversalRemote,smart tv telecommande for lg,5,41,128,19,0.83
outils-telephone,UniversalRemote,smart tv telecommande lg,5,41,128,14,0.91
outils-telephone,UniversalRemote,lg virtuel telecommande,5,62,4,3,1.74
outils-telephone,UniversalRemote,gratuit lg telecommande control,5,70,119,17,0.86
outils-telephone,UniversalRemote,lg tv remoto,5,91,249,37,0.70
outils-telephone,UniversalRemote,lg controle remoto control,5,91,217,16,0.87
outils-telephone,UniversalRemote,lg tv controle remoto gratis,5,90,235,27,0.76
outils-telephone,UniversalRemote,lg smarttv controle remoto,5,50,246,14,0.91
outils-telephone,UniversalRemote,smart control control lg,5,50,239,120,0.55
outils-telephone,UniversalRemote,remoto tv for lg,5,45,231,47,0.66
outils-telephone,UniversalRemote,smart tv lg controle remoto,5,91,221,14,0.91
outils-telephone,UniversalRemote,gratis remoto lg,5,45,249,81,0.59
outils-telephone,UniversalRemote,lg controle remoto teclado,5,50,237,63,0.62
outils-telephone,UniversalRemote,remoto lg smart,5,48,239,135,0.54
outils-telephone,UniversalRemote,virtual remoto control lg,5,87,241,5,1.34
outils-telephone,UniversalRemote,tv remoto controle para lg,5,88,232,46,0.67
outils-telephone,UniversalRemote,smart tv remoto for lg,5,49,239,16,0.87
outils-telephone,UniversalRemote,lg control gratis,5,49,208,45,0.67
outils-telephone,UniversalRemote,smart tv remoto lg,5,50,241,25,0.77
outils-telephone,UniversalRemote,tv remoto for lg,5,45,227,46,0.67
outils-telephone,UniversalRemote,universal remoto tv,5,65,248,47,0.66
outils-telephone,UniversalRemote,remoto lg tv plus,5,46,233,127,0.54
outils-telephone,UniversalRemote,lg virtual remoto,5,68,6,1,5.00
outils-telephone,UniversalRemote,mobile smart control lg,5,50,243,50,0.65
outils-telephone,UniversalRemote,mobile smart control lg,5,50,243,50,0.65
outils-telephone,UniversalRemote,remoto control lg tv,5,46,236,53,0.64
outils-telephone,UniversalRemote,universal remoto smart tv,5,46,246,15,0.89
outils-telephone,UniversalRemote,lg steuerung,5,42,60,28,0.75
outils-telephone,UniversalRemote,kostenlos lg control,5,85,37,25,0.77
outils-telephone,UniversalRemote,lg tastatur,5,50,236,177,0.51
outils-telephone,UniversalRemote,free toshiba,5,48,247,79,0.59
outils-telephone,UniversalRemote,toshiba tv cast,5,55,246,36,0.70
outils-telephone,UniversalRemote,remote grundig,5,76,247,80,0.59
outils-telephone,UniversalRemote,changhong,5,49,161,2,2.29
outils-telephone,UniversalRemote,free changhong,5,35,73,11,0.98
outils-telephone,UniversalRemote,remote changhong,5,42,250,2,2.29
outils-telephone,UniversalRemote,changhong screen sharing,5,73,247,199,0.50
outils-telephone,UniversalRemote,changhong tv cast,5,83,250,10,1.02
outils-telephone,UniversalRemote,toshiba tv screen,5,56,243,17,0.86
outils-telephone,UniversalRemote,sharp tv screen,5,83,240,11,0.98
outils-telephone,UniversalRemote,changhong tv screen,5,40,246,11,0.98
outils-telephone,UniversalRemote,toshiba tv screen share,5,57,247,17,0.86
outils-telephone,UniversalRemote,sharp tv screen share,5,40,248,56,0.64
outils-telephone,UniversalRemote,changhong tv screen mirroring,5,52,237,234,0.49
outils-telephone,UniversalRemote,changhong tv screen share,5,40,245,54,0.64
outils-telephone,UniversalRemote,screen sharing changhong,5,73,246,205,0.50
outils-telephone,UniversalRemote,smarttv remote,5,94,244,17,0.86
outils-telephone,UniversalRemote,cast device to tv,5,46,247,171,0.51
outils-telephone,UniversalRemote,mando a distancia samsung tv,5,90,245,56,0.64
outils-telephone,UniversalRemote,lg tv rc,5,50,242,23,0.79
outils-telephone,UniversalRemote,lg tv smart control,5,50,240,13,0.93
outils-telephone,UniversalRemote,control for lg,5,82,248,59,0.63
outils-telephone,UniversalRemote,control for lg tv,5,76,247,38,0.70
outils-telephone,UniversalRemote,daljinski,5,75,38,8,1.10
outils-telephone,UniversalRemote,clavier lg,5,50,238,196,0.50
outils-telephone,UniversalRemote,omegle℠,5,98,247,151,0.52
outils-telephone,UniversalRemote,스마트 티비,5,67,212,5,1.34
outils-telephone,UniversalRemote,tv inteligente lg,5,45,239,13,0.93
outils-telephone,UniversalRemote,lg ince q,5,56,30,15,0.89
outils-telephone,UniversalRemote,samsung tv live,5,81,247,111,0.55
outils-telephone,UniversalRemote,samsung tv life,5,73,238,57,0.63
outils-telephone,UniversalRemote,samsung remote link,5,72,242,23,0.79
outils-telephone,UniversalRemote,remote link samsung,5,72,242,21,0.81
outils-telephone,UniversalRemote,samsung tv wireless,5,40,241,32,0.73
outils-telephone,UniversalRemote,wireless remote control,5,62,247,70,0.61
outils-telephone,UniversalRemote,romotie,5,71,249,11,0.98
outils-telephone,UniversalRemote,samsung control tele,5,73,243,29,0.74
outils-telephone,UniversalRemote,control samsung tele,5,52,71,58,0.63
outils-telephone,UniversalRemote,سامسونج,5,72,240,190,0.50
outils-telephone,UniversalRemote,삼성 원격 제어,5,66,15,1,5.00
outils-telephone,UniversalRemote,삼성 스마트싱스,5,97,248,34,0.71
outils-telephone,UniversalRemote,пульт дистанционного управления samsung,5,66,121,1,5.00
outils-telephone,UniversalRemote,самсунг,5,69,131,85,0.58
outils-telephone,UniversalRemote,三星智能,5,83,217,11,0.98
outils-telephone,UniversalRemote,samsung tv rc,5,43,243,38,0.70
outils-telephone,UniversalRemote,tv rc,5,40,245,112,0.55
outils-telephone,UniversalRemote,universal video player,5,93,39,17,0.86
outils-telephone,UniversalRemote,cast til tv gratis,5,89,244,111,0.55
outils-telephone,UniversalRemote,tv casten,5,64,227,138,0.53
outils-telephone,UniversalRemote,video- en tv-cast,5,95,233,227,0.49
outils-telephone,UniversalRemote,universeller videoplayer,5,77,7,3,1.74
outils-telephone,UniversalRemote,טושיבה,5,47,202,92,0.58
outils-telephone,UniversalRemote,leadni a tv-be,5,83,228,153,0.52
outils-telephone,UniversalRemote,도시바,5,48,237,66,0.62
outils-telephone,UniversalRemote,캐스트 tv,5,67,77,10,1.02
outils-telephone,UniversalRemote,tv 비디오 캐스트,5,32,23,4,1.49
outils-telephone,UniversalRemote,비디오 및 tv 캐스트,5,32,23,5,1.34
outils-telephone,UniversalRemote,tv sambung,5,79,223,152,0.52
outils-telephone,UniversalRemote,player video universal,5,98,19,5,1.34
outils-telephone,UniversalRemote,cast till tv gratis,5,85,250,141,0.53
outils-telephone,UniversalRemote,tivi sharp,5,81,211,17,0.86
outils-telephone,UniversalRemote,vizio smart tv remote app,5,83,246,73,0.60
outils-telephone,UniversalRemote,sony tv remote app,5,89,249,115,0.55
outils-telephone,UniversalRemote,panasonic tv remote control,5,77,242,60,0.63
outils-telephone,UniversalRemote,universary,5,53,205,145,0.53
outils-telephone,UniversalRemote,tcl rosy tv remote,5,83,245,161,0.52
outils-telephone,UniversalRemote,linear series remote,5,,215,120,0.55
outils-telephone,UniversalRemote,no screen,5,47,186,131,0.54
outils-telephone,UniversalRemote,TV Universal,5,77,248,48,0.66
outils-telephone,UniversalRemote,philips smart tv remote,5,72,250,99,0.57
outils-telephone,UniversalRemote,ir tv remote control,5,88,233,8,1.10
outils-telephone,UniversalRemote,remote control for tv universal,5,90,250,137,0.53
outils-telephone,UniversalRemote,universal tv remote app,5,69,248,41,0.68
outils-telephone,UniversalRemote,sharp video,5,83,243,54,0.64
outils-telephone,UniversalRemote,samsung manuals,5,56,184,71,0.61
outils-telephone,UniversalRemote,remote for,5,85,248,26,0.76
outils-telephone,UniversalRemote,smart tv universal remote app,5,87,250,89,0.58
outils-telephone,UniversalRemote,smart tv remote insignia,5,93,250,35,0.71
outils-telephone,UniversalRemote,philips 4k tv remote,5,,240,75,0.60
outils-telephone,UniversalRemote,magic remote control,5,44,244,148,0.53
outils-telephone,UniversalRemote,free lg universal remote,5,93,249,25,0.77
outils-telephone,UniversalRemote,remote control universal tv,5,88,248,34,0.71
outils-telephone,UniversalRemote,free tcl roku tv remote,5,91,248,128,0.54
outils-telephone,UniversalRemote,vizio tv remote no wifi,5,84,248,167,0.52
outils-telephone,UniversalRemote,TV Remote · Universal Control,5,94,247,166,0.52
outils-telephone,UniversalRemote,free emerson tv remote,5,89,250,53,0.64
outils-telephone,UniversalRemote,pluto tv canada,5,93,239,104,0.56
outils-telephone,UniversalRemote,lg netcast,5,64,202,92,0.58
outils-telephone,UniversalRemote,Mobile Print - Wifi & Remote,5,40,245,243,0.48
outils-telephone,UniversalRemote,TV Remote Control - Smart TV,5,87,247,16,0.87
outils-telephone,UniversalRemote,plan smart,5,49,244,33,0.72
outils-telephone,UniversalRemote,sony universal remote,5,72,249,27,0.76
outils-telephone,UniversalRemote,xiaomi tv remote,5,42,250,114,0.55
outils-telephone,UniversalRemote,hi sense remote,5,,250,178,0.51
outils-telephone,UniversalRemote,auto remote,5,54,249,174,0.51
outils-telephone,UniversalRemote,tv kumandası,5,77,250,231,0.49
outils-telephone,UniversalRemote,sam tv remote,5,83,248,19,0.83
outils-telephone,UniversalRemote,controle universal,5,88,234,10,1.02
outils-telephone,UniversalRemote,application télécommande,5,66,250,129,0.54
outils-telephone,UniversalRemote,TV Remote +,5,84,248,41,0.68
outils-telephone,UniversalRemote,television universal remote,5,59,245,11,0.98
outils-telephone,UniversalRemote,remote for sony tv,5,88,229,28,0.75
outils-telephone,UniversalRemote,universal remoge,5,82,224,8,1.10
outils-telephone,UniversalRemote,remote easily,5,40,248,162,0.52
outils-telephone,UniversalRemote,on tv remote,5,73,250,118,0.55
outils-telephone,UniversalRemote,smart channel,5,83,233,123,0.54
outils-telephone,UniversalRemote,remote・tv control,5,58,244,52,0.65
outils-telephone,UniversalRemote,smarttv controler,5,40,249,62,0.62
outils-telephone,UniversalRemote,insignia fire tv remote free,5,79,249,150,0.52
outils-telephone,UniversalRemote,free roku app remote,5,90,246,187,0.51
outils-telephone,UniversalRemote,roku onn tv remote control free,5,93,250,79,0.59
outils-telephone,UniversalRemote,free tv remote control samsung,5,82,250,52,0.65
outils-telephone,UniversalRemote,universal firestick remote,5,69,244,207,0.50
outils-telephone,UniversalRemote,me remote,5,,228,15,0.89
outils-telephone,UniversalRemote,remote app free,5,88,250,203,0.50
outils-telephone,UniversalRemote,UniversalRemote,5,72,222,15,0.89
outils-telephone,UniversalRemote,cast from ipad to samsung tv,5,42,242,238,0.48
outils-telephone,UniversalRemote,cast tu samsung,5,73,239,164,0.52
outils-telephone,UniversalRemote,lgee TV Remote,5,73,243,6,1.24
outils-telephone,UniversalRemote,tv remote tv remote,5,78,248,73,0.60
outils-telephone,UniversalRemote,lg tv contro,5,77,221,14,0.91
outils-telephone,UniversalRemote,tv remote roku mobile app,5,91,243,199,0.50
outils-telephone,UniversalRemote,remote for roku tv smart tv,5,91,241,182,0.51
outils-telephone,UniversalRemote,internet plans,5,85,247,86,0.58
outils-telephone,UniversalRemote,TV Remote:Smart Controller,5,40,246,19,0.83
outils-telephone,UniversalRemote,Samsung tv stick,5,72,228,55,0.64
outils-telephone,UniversalRemote,univercal TV Remote,5,84,249,81,0.59
outils-telephone,UniversalRemote,free remote for lg tv,5,95,248,39,0.69
outils-telephone,UniversalRemote,remote: smart controller,5,50,248,125,0.54
outils-telephone,UniversalRemote,remote: smart,5,54,240,182,0.51
outils-telephone,UniversalRemote,silo tv remote,5,66,250,131,0.54
outils-telephone,UniversalRemote,smart remote tv:roku,5,95,242,228,0.49
outils-telephone,UniversalRemote,TV Smart Remote,5,,247,43,0.68
outils-telephone,UniversalRemote,control para roku tv,5,94,247,203,0.50
outils-telephone,UniversalRemote,element tv remote free,5,89,250,80,0.59
outils-telephone,UniversalRemote,controle tv lg,5,,244,13,0.93
outils-telephone,UniversalRemote,for android tv,5,57,227,41,0.68
outils-telephone,UniversalRemote,samsung remote smart tv free,5,79,248,19,0.83
outils-telephone,UniversalRemote,lg oled tv remote,5,95,249,132,0.54
outils-telephone,UniversalRemote,sony tv remote control free,5,94,250,129,0.54
outils-telephone,UniversalRemote,tvhd,5,89,239,152,0.52
outils-telephone,UniversalRemote,tv remote controller,5,76,249,131,0.54
outils-telephone,UniversalRemote,channel remote,5,,247,118,0.55
outils-telephone,UniversalRemote,smart plan,5,73,231,188,0.50
outils-telephone,UniversalRemote,Universal TV Remote Control +,5,80,246,14,0.91
outils-telephone,UniversalRemote,smart roku remote,5,77,213,128,0.54
outils-telephone,UniversalRemote,Year plan,5,69,241,237,0.49
outils-telephone,UniversalRemote,tv remote for android,5,84,246,24,0.78
outils-telephone,UniversalRemote,tv device,5,50,248,17,0.86
outils-telephone,UniversalRemote,tv remote clean,5,58,247,7,1.16
outils-telephone,UniversalRemote,planc,5,40,227,194,0.50
outils-telephone,UniversalRemote,universal remoto,5,76,243,29,0.74
outils-telephone,UniversalRemote,cast ohone to tv,5,60,238,113,0.55
outils-telephone,UniversalRemote,streaming plan,5,55,51,24,0.78
outils-telephone,UniversalRemote,My Universal TV Remote Control,5,44,242,24,0.78
outils-telephone,UniversalRemote,tv remote - universal control,5,82,245,107,0.56
outils-telephone,UniversalRemote,vision plans,5,57,240,183,0.51
outils-telephone,UniversalRemote,remote lg control,5,54,220,10,1.02
outils-telephone,UniversalRemote,easy controls,5,28,246,176,0.51
outils-telephone,UniversalRemote,do rem i,5,98,209,203,0.50
outils-telephone,UniversalRemote,control mobile,5,,242,123,0.54
outils-telephone,UniversalRemote,universal remote no wifi,5,76,250,13,0.93
outils-telephone,UniversalRemote,roku tv remote control apps,5,93,241,75,0.60
outils-telephone,UniversalRemote,television5,5,37,230,79,0.59
outils-telephone,UniversalRemote,universal tv remote: flicky,5,2,244,25,0.77
outils-telephone,UniversalRemote,playom,5,21,148,93,0.57
outils-telephone,UniversalRemote,samsung soundboard,5,32,221,31,0.73
outils-telephone,UniversalRemote,samsung tv telecomande,5,37,227,39,0.69
outils-telephone,UniversalRemote,kivi tv remote,5,44,246,63,0.62
outils-telephone,UniversalRemote,oneplus tv remote,5,93,250,64,0.62
outils-telephone,UniversalRemote,nokia tv remote,5,44,246,56,0.64
outils-telephone,UniversalRemote,samsung tv share,5,64,228,121,0.55
outils-telephone,UniversalRemote,samsung tv cast phone,5,48,145,53,0.64
outils-telephone,UniversalRemote,thepause,5,43,131,62,0.62
outils-telephone,UniversalRemote,blurq,5,61,191,96,0.57
outils-telephone,UniversalRemote,sharp video,5,83,244,49,0.66
outils-telephone,UniversalRemote,remote contol,5,84,250,117,0.55
outils-telephone,UniversalRemote,remote contoller,5,83,218,30,0.74
outils-telephone,UniversalRemote,tv remote pro,5,48,250,70,0.61
outils-telephone,UniversalRemote,ruku tv app,5,96,212,89,0.58
outils-telephone,UniversalRemote,fire tv tv remote,5,77,216,89,0.58
outils-telephone,UniversalRemote,roku samsung lg thinq amazon fire home,5,85,242,242,0.48
outils-telephone,UniversalRemote,tv remote・universal control,5,94,242,32,0.73
outils-telephone,UniversalRemote,fre universal remote,5,63,240,11,0.98
outils-telephone,UniversalRemote,universal remoet,5,29,227,49,0.66
outils-telephone,UniversalRemote,remote for smart tv・,5,,223,16,0.87
outils-telephone,UniversalRemote,remote control for,5,87,244,175,0.51
outils-telephone,UniversalRemote,roku tv remote universal,5,83,217,72,0.60
outils-telephone,UniversalRemote,roku remote - control,5,98,211,192,0.50
outils-telephone,UniversalRemote,ir remote controller,5,40,248,26,0.76
outils-telephone,UniversalRemote,ir remote controler,5,40,248,39,0.69
outils-telephone,UniversalRemote,ir remote tv,5,73,247,7,1.16
outils-telephone,UniversalRemote,universal controlller,5,,246,79,0.59
outils-telephone,UniversalRemote,smarttv control,5,72,249,141,0.53
outils-telephone,UniversalRemote,remote smarttv,5,41,242,29,0.74
outils-telephone,UniversalRemote,roki: tv remote control romote romu remo,5,50,243,182,0.51
outils-telephone,UniversalRemote,lgtv remote,5,91,245,22,0.80
outils-telephone,UniversalRemote,arris remote,5,61,239,48,0.66
outils-telephone,UniversalRemote,android tv controller,5,91,246,182,0.51
outils-telephone,UniversalRemote,channel control,5,,245,109,0.56
outils-telephone,UniversalRemote,video control,5,,236,236,0.49
outils-telephone,UniversalRemote,remote control mi,5,,249,32,0.73
outils-telephone,UniversalRemote,controle remoto philco gratis,5,71,151,88,0.58
outils-telephone,UniversalRemote,smart planning,5,48,244,42,0.68
outils-telephone,UniversalRemote,tv remote  roku  tv remote control,5,88,244,154,0.52
outils-telephone,UniversalRemote,virtual mi,5,87,241,229,0.49
outils-telephone,UniversalRemote,rokie remote control,5,95,226,113,0.55
outils-telephone,UniversalRemote,google tv remote control,5,84,230,42,0.68
outils-telephone,UniversalRemote,cast televisivo,5,,64,37,0.70
outils-telephone,UniversalRemote,mi video palyer,5,,103,74,0.60
outils-telephone,UniversalRemote,xiaomi player,5,,20,10,1.02
outils-telephone,UniversalRemote,screen share with tv app,5,37,237,29,0.74
outils-telephone,UniversalRemote,cosmote tv smart remote,5,79,246,60,0.63
outils-telephone,UniversalRemote,dromote - android tv remote,5,45,245,72,0.60
outils-telephone,UniversalRemote,free tv remote™ for lg tvs,5,55,246,9,1.06
outils-telephone,UniversalRemote,ines mobile tv,5,40,247,141,0.53
outils-telephone,UniversalRemote,lg tv smart remote control app,5,53,243,10,1.02
outils-telephone,UniversalRemote,remote control - smartthings,5,72,245,73,0.60
outils-telephone,UniversalRemote,remote control for smart tv.,5,42,248,12,0.96
outils-telephone,UniversalRemote,remote control for tv smart・,5,45,248,14,0.91
outils-telephone,UniversalRemote,remote for android tv - zeus,5,49,249,161,0.52
outils-telephone,UniversalRemote,remote for firestick smart tv,5,46,243,155,0.52
outils-telephone,UniversalRemote,remote for lg tv smart,5,53,238,10,1.02
outils-telephone,UniversalRemote,remote for roku tv & smart tv,5,94,243,133,0.54
outils-telephone,UniversalRemote,remote for roku tv smart,5,91,243,232,0.49
outils-telephone,UniversalRemote,remote for samsung tv smart,5,81,250,54,0.64
outils-telephone,UniversalRemote,remote tv smart,5,77,250,92,0.58
outils-telephone,UniversalRemote,remote+ android tv,5,79,250,133,0.54
outils-telephone,UniversalRemote,smartplay mobile tv,5,75,246,92,0.58
outils-telephone,UniversalRemote,smartcast & vizio tv remote,5,75,249,106,0.56
outils-telephone,UniversalRemote,smart tv remotes like vizio remote,5,83,250,180,0.51
outils-telephone,UniversalRemote,robyte: roku remote tv app,5,93,235,66,0.62
outils-telephone,UniversalRemote,smart tv remote for thing tv,5,44,246,8,1.10
outils-telephone,UniversalRemote,smart tv remote for samsung ·,5,84,248,147,0.53
outils-telephone,UniversalRemote,smart tv remote control ・,5,53,247,13,0.93
outils-telephone,UniversalRemote,roku remote : smart tv control,5,90,245,197,0.50
outils-telephone,UniversalRemote,roku tv mobile remote control,5,90,241,239,0.48
outils-telephone,UniversalRemote,smart control tv mobile remote,5,42,247,18,0.84
outils-telephone,UniversalRemote,tv smartvision,5,42,247,53,0.64
outils-telephone,UniversalRemote,tv smart player free,5,80,250,246,0.48
outils-telephone,UniversalRemote,tv smart go,5,66,246,51,0.65
outils-telephone,UniversalRemote,tv remote for roku control app,5,90,243,115,0.55
outils-telephone,UniversalRemote,tv remote : universal smart tv,5,46,245,10,1.02
outils-telephone,UniversalRemote,wist mobile tv,5,44,244,88,0.58
outils-telephone,UniversalRemote,remote control for tv+,5,40,247,79,0.59
outils-telephone,UniversalRemote,ccp custom control pad lite,5,86,237,145,0.53
outils-telephone,UniversalRemote,dstv remote,5,73,249,14,0.91
outils-telephone,UniversalRemote,dstv remote control,5,73,248,24,0.78
outils-telephone,UniversalRemote,txv,5,,246,137,0.53
outils-telephone,UniversalRemote,remote control for tv!,5,96,249,60,0.63
outils-telephone,UniversalRemote,remote control for t,5,49,248,68,0.61
outils-telephone,UniversalRemote,universal remote control for tvc,5,,243,50,0.65
outils-telephone,UniversalRemote,lost remote,5,53,231,24,0.78
outils-telephone,UniversalRemote,lost remote control,5,,228,70,0.61
outils-telephone,UniversalRemote,tv remote + universal control,5,,247,83,0.59
outils-telephone,UniversalRemote,universal tv remote control.,5,,244,44,0.67
outils-telephone,UniversalRemote,channel changer,5,,203,7,1.16
outils-telephone,UniversalRemote,hdmi cec remote,5,,225,89,0.58
outils-telephone,UniversalRemote,satellite smart,5,,213,60,0.63
outils-telephone,UniversalRemote,remote%3A,5,86,245,94,0.57
outils-telephone,UniversalRemote,fios%20tv%20mobile,5,98,246,225,0.49
outils-telephone,UniversalRemote,remote%20for%20tv,5,40,247,160,0.52
outils-telephone,UniversalRemote,smartshare%20lg,5,53,244,70,0.61
outils-telephone,UniversalRemote,lg%20tv%20cast%20screen%20mirroring,5,69,239,127,0.54
outils-telephone,UniversalRemote,samsung%20tv%20remote%20control,5,80,221,26,0.76
outils-telephone,UniversalRemote,samsung%20mirroring,5,71,138,48,0.66
outils-telephone,UniversalRemote,tv%20remote%20universal%20control,5,92,250,83,0.59
outils-telephone,UniversalRemote,bravia%20connect,5,67,239,199,0.50
outils-telephone,UniversalRemote,lg%20tv%20app,5,75,238,41,0.68
outils-telephone,UniversalRemote,samsung%20tv%20app,5,86,226,38,0.70
outils-telephone,UniversalRemote,universal%20remote%20tv%20smart,5,80,234,87,0.58
outils-telephone,UniversalRemote,smart%20tv%20remote%20for%20samsung,5,79,240,42,0.68
outils-telephone,UniversalRemote,lg%20tv%20plus%20web%20os,5,76,218,26,0.76
outils-telephone,UniversalRemote,sharp%20tv%20remote%20free,5,78,164,36,0.70
outils-telephone,UniversalRemote,toshiba%20tv%20remote,5,86,195,29,0.74
outils-telephone,UniversalRemote,samsung%20headphones,5,77,240,150,0.52
outils-telephone,UniversalRemote,remote%20for%20fire%20tv,5,73,244,207,0.50
outils-telephone,UniversalRemote,samsung%20controller,5,70,227,55,0.64
outils-telephone,UniversalRemote,remote%20control%20for%20fire%20tv,5,83,247,164,0.52
outils-telephone,UniversalRemote,smart%20tv%20remote,5,67,249,118,0.55
outils-telephone,UniversalRemote,samsung%20find,5,64,112,89,0.58
outils-telephone,UniversalRemote,android%20tv%20remote,5,86,229,51,0.65
outils-telephone,UniversalRemote,remote%20control,5,87,242,120,0.55
outils-telephone,UniversalRemote,lg%20oled%20tv%20remote,5,47,196,18,0.84
outils-telephone,UniversalRemote,rca%20remote,5,79,250,161,0.52
outils-telephone,UniversalRemote,samsung%20control,5,72,205,44,0.67
outils-telephone,UniversalRemote,smart%20things%20for%20smart%20tv,5,76,232,94,0.57
outils-telephone,UniversalRemote,free%20tv%20app,5,85,248,204,0.50
outils-telephone,UniversalRemote,free%20tv%20remote%20app,5,96,250,206,0.50
outils-telephone,UniversalRemote,universal%20tv%20remote%20control,5,81,247,73,0.60
outils-telephone,UniversalRemote,smart%20tv%20remote%20roku,5,87,242,164,0.52
outils-telephone,UniversalRemote,video%20tv%20cast%20for%20samsung%20smart%20tv,5,77,217,175,0.51
outils-telephone,UniversalRemote,tv%20remote%20app,5,90,249,213,0.49
outils-telephone,UniversalRemote,insignia%20remote,5,75,247,119,0.55
outils-telephone,UniversalRemote,xiaomi%20remote,5,83,249,117,0.55
outils-telephone,UniversalRemote,xiaomi%20tv,5,60,239,152,0.52
outils-telephone,UniversalRemote,samsung%20tv,5,74,223,38,0.70
outils-telephone,UniversalRemote,controle%20remoto%20universal,5,87,247,206,0.50
outils-telephone,UniversalRemote,samsung%20galaxy%20buds,5,68,181,39,0.69
outils-telephone,UniversalRemote,control%20remoto%20samsung%20gratis,5,86,225,207,0.50
outils-telephone,UniversalRemote,tv%20controller,5,70,247,89,0.58
outils-telephone,UniversalRemote,control%20remoto%20lg,5,60,245,162,0.52
outils-telephone,UniversalRemote,remote%20for%20android%20tv,5,48,248,76,0.60
outils-telephone,UniversalRemote,universal%20remote%3A%20tv%20control,5,65,247,77,0.60
outils-telephone,UniversalRemote,jackbox%20tv,5,74,230,103,0.56
outils-telephone,UniversalRemote,phone%20to%20tv,5,84,234,70,0.61
outils-telephone,UniversalRemote,control%20samsung%20gratis,5,74,208,178,0.51
outils-telephone,UniversalRemote,universal%20remote%20no%20wifi,5,42,223,64,0.62
outils-telephone,UniversalRemote,free%20tv%20remote,5,88,250,150,0.52
outils-telephone,UniversalRemote,tv%20remote%20control,5,85,248,170,0.51
outils-telephone,UniversalRemote,lg%20magic%20remote,5,38,75,19,0.83
outils-telephone,UniversalRemote,free%20smart%20tv%20remote,5,91,250,115,0.55
outils-telephone,UniversalRemote,smart%20tv%20cast,5,69,240,41,0.68
outils-telephone,UniversalRemote,samsung%20remote%20control%20free,5,78,233,33,0.72
outils-telephone,UniversalRemote,remote%20mouse,5,83,249,36,0.70
outils-telephone,UniversalRemote,universal%20remote%20control,5,72,249,151,0.52
outils-telephone,UniversalRemote,samsung%20cast,5,56,230,108,0.56
outils-telephone,UniversalRemote,free%20samsung%20remote,5,61,212,80,0.59
outils-telephone,UniversalRemote,free%20remote%20control,5,70,250,245,0.48
outils-telephone,UniversalRemote,onn%20remote,5,71,249,193,0.50
outils-telephone,UniversalRemote,remote%20samsung,5,72,221,78,0.59
outils-telephone,UniversalRemote,samsung%20screen%20mirroring%20free,5,55,231,169,0.51
outils-telephone,UniversalRemote,tv%20remote%20universal,5,86,227,79,0.59
outils-telephone,UniversalRemote,display%20mirroring,5,41,236,160,0.52
outils-telephone,UniversalRemote,smart%20tv%20remote%20insignia,5,68,245,154,0.52
outils-telephone,UniversalRemote,samsung%20smartview,5,51,219,51,0.65
outils-telephone,UniversalRemote,universal%20tv%20remote%20app,5,76,246,64,0.62
outils-telephone,UniversalRemote,free%20lg%20tv%20remote%20control,5,81,241,36,0.70
outils-telephone,UniversalRemote,universal%20remote%20samsung%20free,5,70,234,36,0.70
outils-telephone,UniversalRemote,lg%20smart%20share,5,40,188,33,0.72
outils-telephone,UniversalRemote,samsung%20remote%20free,5,57,225,34,0.71
outils-telephone,UniversalRemote,ir%20tv%20remote,5,69,237,176,0.51
outils-telephone,UniversalRemote,samsung%20remote%20control,5,55,223,39,0.69
outils-telephone,UniversalRemote,roku%20remot,5,81,220,82,0.59
outils-telephone,UniversalRemote,samsung%20smart%20switch,5,38,197,58,0.63
outils-telephone,UniversalRemote,free%20tv%20remote%20control,5,87,250,145,0.53
outils-telephone,UniversalRemote,control%20remoto%20universal,5,56,248,107,0.56
outils-telephone,UniversalRemote,samsung%20smart%20view,5,58,220,70,0.61
outils-telephone,UniversalRemote,lg%20tv%20remote%20control%20plus,5,54,228,15,0.89
outils-telephone,UniversalRemote,toshiba%20remote%20control,5,73,228,51,0.65
outils-telephone,UniversalRemote,magic%20remote,5,63,247,79,0.59
outils-telephone,UniversalRemote,sony%20tv%20remote,5,88,223,216,0.49
outils-telephone,UniversalRemote,control%20lg,5,61,245,51,0.65
outils-telephone,UniversalRemote,lg%20tv%20plus,5,47,213,17,0.86
outils-telephone,UniversalRemote,samsung%20tv%20remote%20app,5,79,226,46,0.67
outils-telephone,UniversalRemote,sharp%20tv%20remote,5,75,145,54,0.64
outils-telephone,UniversalRemote,samsung%20mirroring%20free,5,36,225,64,0.62
outils-telephone,UniversalRemote,tv%20cast%20for%20samsung%20tv%20app,5,89,227,120,0.55
outils-telephone,UniversalRemote,samsung%20smartview%20for%20ipad,5,36,237,110,0.56
outils-telephone,UniversalRemote,remote%20control%20for%20insignia%20tv,5,83,249,28,0.75
outils-telephone,UniversalRemote,remote%20for%20apple%20tv,5,83,246,191,0.50
outils-telephone,UniversalRemote,lg%20tv%20plus%20app,5,44,236,51,0.65
outils-telephone,UniversalRemote,samsung%20app,5,57,214,46,0.67
outils-telephone,UniversalRemote,control%20remoto%20universal%20gratis,5,73,234,140,0.53
outils-telephone,UniversalRemote,video%20tv%20cast%20for%20lg%20smart%20tv,5,89,215,145,0.53
outils-telephone,UniversalRemote,video%20and%20tv%20cast%20for%20lg,5,88,218,182,0.51
outils-telephone,UniversalRemote,lg%20control,5,67,241,25,0.77
outils-telephone,UniversalRemote,lg%20plus%20app,5,46,232,163,0.52
outils-telephone,UniversalRemote,samsung%20smart%20remote,5,58,216,45,0.67
outils-telephone,UniversalRemote,universal%20tv%20remote,5,76,235,54,0.64
outils-telephone,UniversalRemote,remote%20control%20for%20tv%20samsung,5,54,249,24,0.78
outils-telephone,UniversalRemote,gusto%20mobile,5,70,223,44,0.67
outils-telephone,UniversalRemote,sony%20tv%20remote%20control,5,70,225,168,0.51
outils-telephone,UniversalRemote,lg%20remote,5,34,243,19,0.83
outils-telephone,UniversalRemote,philips%20tv,5,77,245,162,0.52
outils-telephone,UniversalRemote,t%C3%A9l%C3%A9commande,5,78,233,84,0.59
outils-telephone,UniversalRemote,samsung%20family%20hub,5,59,224,61,0.63
outils-telephone,UniversalRemote,tv%20smart%20player,5,79,237,134,0.54
outils-telephone,UniversalRemote,remote control for tv.,5,,245,115,0.55
outils-telephone,UniversalRemote,televisie remote view,5,,233,116,0.55
outils-telephone,UniversalRemote,tv%20control,5,,222,69,0.61
outils-telephone,UniversalRemote,haier%20tv%20remote,5,,63,29,0.74
outils-telephone,UniversalRemote,sam%20remote,5,,249,33,0.72
outils-telephone,UniversalRemote,remote%20control%20for%20tv%20roku,5,,234,153,0.52
outils-telephone,UniversalRemote,samsung%20internet,5,,134,33,0.72
outils-telephone,UniversalRemote,control%20hisense%20smart%20tv,5,,249,113,0.55
outils-telephone,UniversalRemote,lg%20remote%20control,5,83,243,50,0.65
outils-telephone,UniversalRemote,samsung%20tv%20plus,5,,242,50,0.65
outils-telephone,UniversalRemote,firestick%20remote,5,,224,209,0.50
outils-telephone,UniversalRemote,free%20universal%20remote,5,,250,31,0.73
outils-telephone,UniversalRemote,android%20tv,5,,212,37,0.70
outils-telephone,UniversalRemote,smart%20tv%20universal%20remote%20app,5,,248,44,0.67
outils-telephone,UniversalRemote,universal%20remote%20tv%20control,5,47,248,87,0.58
outils-telephone,UniversalRemote,samsung%20smart%20things,5,,197,60,0.63
outils-telephone,UniversalRemote,lg%20tv%20remote,5,34,240,29,0.74
outils-telephone,UniversalRemote,tv%20cast%20lg,5,,246,176,0.51
outils-telephone,UniversalRemote,lg%20tv%20%20remote,5,37,241,35,0.71
outils-telephone,UniversalRemote,iperius%20remote%20desktop,5,83,243,147,0.53
outils-telephone,UniversalRemote,smart%20view%20samsung%20tv,5,62,248,112,0.55
outils-telephone,UniversalRemote,remote%20tv,5,,228,88,0.58
outils-telephone,UniversalRemote,hisense%20remote,5,84,249,207,0.50
outils-telephone,UniversalRemote,samsung%20tv%20cast,5,,230,68,0.61
outils-telephone,UniversalRemote,control%20roku%20tv,5,,246,175,0.51
outils-telephone,UniversalRemote,tv%20remote%20for%20samsung%20tv,5,86,248,76,0.60
outils-telephone,UniversalRemote,universal%20remote%20free,5,42,250,40,0.69
outils-telephone,UniversalRemote,remote%20control%20for%20tv%20free,5,,248,28,0.75
outils-telephone,UniversalRemote,control%20remoto%20lg%20gratis,5,93,249,70,0.61
outils-telephone,UniversalRemote,samsung%20tv%20remote,5,,225,39,0.69
outils-telephone,UniversalRemote,castify app for android,5,,243,218,0.49
outils-telephone,UniversalRemote,universal remote for insignia tv,5,89,248,89,0.58
outils-telephone,UniversalRemote,universal remote insignia tv,5,91,250,131,0.54
outils-telephone,UniversalRemote,sceptre tv remote free,5,90,250,238,0.48
outils-telephone,UniversalRemote,control philips tv,5,68,249,249,0.48
outils-telephone,UniversalRemote,vizio smartcast tv remote apps,5,77,250,101,0.56
outils-telephone,UniversalRemote,universal remote lg tv free,5,92,249,12,0.96
outils-telephone,UniversalRemote,remote control for tv imote,5,97,250,230,0.49
outils-telephone,UniversalRemote,samsung ai,5,,218,45,0.67
outils-telephone,UniversalRemote,flicy tv remote,5,,246,2,2.29
outils-telephone,UniversalRemote,flicky tv remote,5,,247,65,0.62
outils-telephone,UniversalRemote,no plans,5,,231,201,0.50
outils-telephone,UniversalRemote,no plan,5,,227,218,0.49
outils-telephone,UniversalRemote,tv remote controle,5,78,248,47,0.66
outils-telephone,UniversalRemote,remote tc,5,,249,63,0.62
outils-telephone,UniversalRemote,university ipad,5,,233,168,0.51
outils-telephone,UniversalRemote,algotwist remote,5,,244,14,0.91
outils-telephone,UniversalRemote,samsung remote control tv,5,,211,30,0.74
outils-telephone,UniversalRemote,remote samsung smart tv,5,86,247,30,0.74
outils-telephone,UniversalRemote,manage samsung tv,5,,230,24,0.78
outils-telephone,UniversalRemote,tv ce soir,5,,248,112,0.55
outils-telephone,UniversalRemote,sharp tool,5,,200,165,0.52
outils-telephone,UniversalRemote,universel tv remote,5,,249,102,0.56
outils-telephone,UniversalRemote,universall tv remote,5,,250,117,0.55
outils-telephone,UniversalRemote,stage remote,5,,229,76,0.60
outils-telephone,UniversalRemote,dji osmo action remote,5,,250,184,0.51
outils-telephone,UniversalRemote,remote for dji osmo action 4,5,,210,27,0.76
outils-telephone,UniversalRemote,sky# remote,5,,226,102,0.56
outils-telephone,UniversalRemote,tv remotre,5,,225,41,0.68
outils-telephone,UniversalRemote,remote \,5,44,240,124,0.54
outils-telephone,UniversalRemote,smart remote for sam tv,5,,221,63,0.62
outils-telephone,UniversalRemote,roku remotet,5,,213,155,0.52
outils-telephone,UniversalRemote,sonic remote,5,,223,120,0.55
outils-telephone,UniversalRemote,enigma2 remote,5,,225,89,0.58
outils-telephone,UniversalRemote,ziggo remote,5,,249,128,0.54
outils-telephone,UniversalRemote,remote tv total,5,40,248,195,0.50
outils-telephone,UniversalRemote,tv towers usa,5,73,221,32,0.73
outils-telephone,UniversalRemote,onn   roku tv remote,5,,250,215,0.49
outils-telephone,UniversalRemote,onn  roku tv remote,5,,250,215,0.49
outils-telephone,UniversalRemote,ai tv remote,5,87,234,80,0.59
outils-telephone,UniversalRemote,tv remote smart t,5,,221,19,0.83
outils-telephone,UniversalRemote,every tv remote,5,,248,39,0.69
outils-telephone,UniversalRemote,tv remote global,5,,223,20,0.82
outils-telephone,UniversalRemote,tv rempte control,5,,248,208,0.50
outils-telephone,UniversalRemote,lgmote,5,40,248,92,0.58
outils-telephone,UniversalRemote,tv remotw,5,,225,41,0.68
outils-telephone,UniversalRemote,fire tv remote universal stick,5,,234,186,0.51
outils-telephone,UniversalRemote,fire & stick remote,5,,234,102,0.56
outils-telephone,UniversalRemote,fire tv remote universal,5,,219,45,0.67
outils-telephone,UniversalRemote,tv remote ™,5,,244,21,0.81
outils-telephone,UniversalRemote,ott remote,5,,249,191,0.50
outils-telephone,UniversalRemote,sam tv,5,,218,88,0.58
outils-telephone,UniversalRemote,andriod tv remote,5,,239,49,0.66
outils-telephone,UniversalRemote,universal remote - tv remote ·,5,,244,1,5.00
outils-telephone,UniversalRemote,samsungremote,5,,250,61,0.63
outils-telephone,UniversalRemote,l remote,5,,236,14,0.91
outils-telephone,UniversalRemote,teòvsion remote,5,,249,170,0.51
outils-telephone,UniversalRemote,telvsion remote,5,,230,63,0.62
outils-telephone,UniversalRemote,acremote,5,,248,49,0.66
outils-telephone,UniversalRemote,universal ac remote controlù,5,,246,77,0.60
outils-telephone,UniversalRemote,ac remote - universal control,5,,249,86,0.58
outils-telephone,UniversalRemote,karaoke app to sing without wifi,5,,205,146,0.53
outils-telephone,UniversalRemote,remote：tv,5,,243,26,0.76
outils-telephone,UniversalRemote,remote：tv remote,5,,246,5,1.34
outils-telephone,UniversalRemote,lg・vizio・roku・hisense・tcl,5,,221,119,0.55
outils-telephone,UniversalRemote,remote tv control7,5,,245,24,0.78
outils-telephone,UniversalRemote,control for samsung tv,5,,244,49,0.66
outils-telephone,UniversalRemote,universa remote,5,,235,15,0.89
outils-telephone,UniversalRemote,control universal universal,5,,214,47,0.66
outils-telephone,UniversalRemote,tlc tv remore,5,,224,66,0.62
outils-telephone,UniversalRemote,firestick remoter,5,,231,75,0.60
outils-telephone,UniversalRemote,smart tv photo,5,,243,169,0.51
outils-telephone,UniversalRemote,tclremote,5,,225,39,0.69
outils-telephone,UniversalRemote,tlctv remote,5,,229,46,0.67
outils-telephone,UniversalRemote,controle de tv lg,5,,217,15,0.89
outils-telephone,UniversalRemote,sanyo tv,5,72,234,28,0.75
outils-telephone,UniversalRemote,remote google tv,5,,240,50,0.65
outils-telephone,UniversalRemote,samsung smartthings remote,5,,233,44,0.67
outils-telephone,UniversalRemote,elderly remote,5,40,249,110,0.56
outils-telephone,UniversalRemote,tv remote universa,5,,241,11,0.98
outils-telephone,UniversalRemote,tv remote – control remoto universal,5,,244,9,1.06
outils-telephone,UniversalRemote,tv remote – control remote universal,5,,245,5,1.34
outils-telephone,UniversalRemote,control remote universal,5,,243,23,0.79
outils-telephone,UniversalRemote,“control remoto universal,5,,245,110,0.56
outils-telephone,UniversalRemote,“control remoto universal”,5,,245,117,0.55
outils-telephone,UniversalRemote,star best,5,,230,227,0.49
outils-telephone,UniversalRemote,plan best,5,40,238,67,0.61
outils-telephone,UniversalRemote,plans free,5,,249,182,0.51
outils-telephone,UniversalRemote,control best,5,,202,127,0.54
outils-telephone,UniversalRemote,your samsung tv remote,5,,215,14,0.91
outils-telephone,UniversalRemote,control twlwvision,5,,242,49,0.66
outils-telephone,UniversalRemote,samsang,5,,195,90,0.58
outils-telephone,UniversalRemote,best remote,5,94,246,73,0.60
outils-telephone,UniversalRemote,tv game controller,5,,227,83,0.59
outils-telephone,UniversalRemote,smart tv remote control pro,5,,245,10,1.02
outils-telephone,UniversalRemote,university tools,5,,247,86,0.58
outils-telephone,UniversalRemote,universal tv remote - flicky,5,,249,119,0.55
outils-telephone,UniversalRemote,plan for,5,,247,96,0.57
outils-telephone,UniversalRemote,best plan,5,,211,136,0.53
outils-telephone,UniversalRemote,directtv remote,5,73,250,201,0.50
outils-telephone,UniversalRemote,direct tv remote for directv,5,,233,39,0.69
outils-telephone,UniversalRemote,glg,5,,41,13,0.93
outils-telephone,UniversalRemote,remote tv ozuna,5,,250,164,0.52
outils-telephone,UniversalRemote,plan phone,5,,248,112,0.55
outils-telephone,UniversalRemote,watch remote,5,77,247,146,0.53
outils-telephone,UniversalRemote,smart universal remote,5,88,248,126,0.54
outils-telephone,UniversalRemote,remote for samsung588,5,,237,21,0.81
outils-telephone,UniversalRemote,universal smart tv remte,5,,226,34,0.71
outils-telephone,UniversalRemote,universal remote - smart tv,5,,245,6,1.24
outils-telephone,UniversalRemote,universal controller remote,5,,245,56,0.64
outils-telephone,UniversalRemote,universal tv remote pro,5,,242,45,0.67
outils-telephone,UniversalRemote,tv remote for all tv,5,,245,109,0.56
outils-telephone,UniversalRemote,smart tvs,5,,241,91,0.58
outils-telephone,UniversalRemote,screen controll,5,,239,108,0.56
outils-telephone,UniversalRemote,remote controller for tv,5,67,247,225,0.49
outils-telephone,UniversalRemote,remote auto lonk,5,90,249,177,0.51
outils-telephone,UniversalRemote,auto link remote,5,91,250,202,0.50
outils-telephone,UniversalRemote,fire remote control,5,,215,181,0.51
outils-telephone,UniversalRemote,smart car remote,5,52,241,103,0.56
outils-telephone,UniversalRemote,remote connect & control,5,46,242,78,0.59
outils-telephone,UniversalRemote,key connect remote,5,57,246,228,0.49
outils-telephone,UniversalRemote,fridge filter reminder,5,,233,136,0.53
outils-telephone,UniversalRemote,tv remote for roku devices,5,,219,210,0.50
outils-telephone,UniversalRemote,specter remote,5,72,250,80,0.59
outils-telephone,UniversalRemote,planning tool,5,60,242,100,0.57
outils-telephone,UniversalRemote,easy setup,5,,138,30,0.74
outils-telephone,UniversalRemote,tv picker,5,90,248,196,0.50
outils-telephone,UniversalRemote,universal remotetcl remote,5,,246,139,0.53
outils-telephone,UniversalRemote,horion tv,5,,243,105,0.56
outils-telephone,UniversalRemote,smart tv view,5,56,240,216,0.49
outils-telephone,UniversalRemote,device for,5,60,242,108,0.56
outils-telephone,UniversalRemote,directvr lite remote for directv,5,,228,81,0.59
outils-telephone,UniversalRemote,eco-v,5,91,248,157,0.52
outils-telephone,UniversalRemote,gotowanie z tvp abc,5,,223,158,0.52
outils-telephone,UniversalRemote,hulu remote control,5,,215,124,0.54
outils-telephone,UniversalRemote,lg smart diagnosis dryer,5,,204,53,0.64
outils-telephone,UniversalRemote,lg thin q remote,5,50,250,169,0.51
outils-telephone,UniversalRemote,lg thin q tv remote,5,,236,45,0.67
outils-telephone,UniversalRemote,lionchief u remote updater,5,,225,114,0.55
outils-telephone,UniversalRemote,no remote,5,,229,82,0.59
outils-telephone,UniversalRemote,obsidian remote controller,5,,219,65,0.62
outils-telephone,UniversalRemote,onn streaming box remote,5,,250,69,0.61
outils-telephone,UniversalRemote,remote a tv,5,,250,22,0.80
outils-telephone,UniversalRemote,remote buddy mobile 2,5,,210,43,0.68
outils-telephone,UniversalRemote,roku universal remote control app,5,,248,239,0.48
outils-telephone,UniversalRemote,samsung frame remote,5,,229,21,0.81
outils-telephone,UniversalRemote,smart home: remote control app,5,,248,76,0.60
outils-telephone,UniversalRemote,smart tv 4k remote,5,,233,69,0.61
outils-telephone,UniversalRemote,t v smart player,5,,240,105,0.56
outils-telephone,UniversalRemote,ir android tv remote,5,63,246,7,1.16
outils-telephone,UniversalRemote,smart access & control,5,,246,191,0.50
outils-telephone,UniversalRemote,find tv remote,5,92,247,189,0.50
outils-telephone,UniversalRemote,tv remote for,5,97,248,79,0.59
outils-telephone,UniversalRemote,smart vizio tv remote,5,67,242,190,0.50
outils-telephone,UniversalRemote,airdroid cast game,5,,243,211,0.49
outils-telephone,UniversalRemote,universal tv remote control app,5,,241,39,0.69
outils-telephone,UniversalRemote,airdroid cast game app game,5,,240,221,0.49
outils-telephone,UniversalRemote,- universal tv remote control app,5,,241,21,0.81
outils-telephone,UniversalRemote,vizo mobile,5,,202,11,0.98
outils-telephone,UniversalRemote,warehouse remote,5,86,249,143,0.53
outils-telephone,UniversalRemote,zigbee remote,5,40,249,89,0.58
outils-telephone,UniversalRemote,z-wave remote,5,86,250,81,0.59
outils-telephone,UniversalRemote,hub remote,5,50,245,174,0.51
outils-telephone,UniversalRemote,digital tv remote,5,75,248,173,0.51
outils-telephone,UniversalRemote,dtv remote,5,89,248,232,0.49
outils-telephone,UniversalRemote,remote for bedroom tv,5,83,249,97,0.57
outils-telephone,UniversalRemote,tv remote for elderly,5,40,244,24,0.78
outils-telephone,UniversalRemote,large button remote app,5,83,248,187,0.51
outils-telephone,UniversalRemote,remote with voice control,5,83,248,101,0.56
outils-telephone,UniversalRemote,remote with macros,5,83,248,137,0.53
outils-telephone,UniversalRemote,custom remote buttons,5,83,249,168,0.51
outils-telephone,UniversalRemote,two way remote,5,86,250,141,0.53
outils-telephone,UniversalRemote,remote with screensaver,5,85,247,64,0.62
outils-telephone,UniversalRemote,top remote app,5,40,243,140,0.53
outils-telephone,UniversalRemote,light mode remote,5,86,249,76,0.60
outils-telephone,UniversalRemote,which remote app,5,83,246,3,1.74
outils-telephone,UniversalRemote,curved tv remote,5,40,242,13,0.93
outils-telephone,UniversalRemote,every device remote,5,47,250,35,0.71
outils-telephone,UniversalRemote,multi room remote,5,86,248,96,0.57
outils-telephone,UniversalRemote,emergency remote,5,40,249,135,0.54
outils-telephone,UniversalRemote,one tap remote,5,87,250,174,0.51
outils-telephone,UniversalRemote,voice command remote,5,83,249,228,0.49
outils-telephone,UniversalRemote,siri shortcut remote,5,86,249,172,0.51
outils-telephone,UniversalRemote,lcd tv remote,5,,238,13,0.93
outils-telephone,UniversalRemote,lcd remote,5,,228,21,0.81
outils-telephone,UniversalRemote,speed remote,5,40,250,78,0.59
outils-telephone,UniversalRemote,device homescreen iphone,5,,245,31,0.73
outils-telephone,UniversalRemote,videos smart,5,,233,161,0.52
outils-telephone,UniversalRemote,vizio tv universal,5,,238,211,0.49
outils-telephone,UniversalRemote,remote control for sky q,5,,221,74,0.60
outils-telephone,UniversalRemote,universal tv remote control ∘,5,,245,19,0.83
outils-telephone,UniversalRemote,visio tv remote,5,,219,97,0.57
outils-telephone,UniversalRemote,ac remote control universa,5,,243,47,0.66
outils-telephone,UniversalRemote,ac remote contro,5,,248,83,0.59
outils-telephone,UniversalRemote,universal t vremote,5,,227,86,0.58
outils-telephone,UniversalRemote,smart tv remote+ for samsung,5,,250,32,0.73
outils-telephone,UniversalRemote,smart tv remote+,5,,246,16,0.87
outils-telephone,UniversalRemote,all tv controller,5,,238,102,0.56
outils-telephone,UniversalRemote,video y tv cast for samsung4,5,,237,41,0.68
outils-telephone,UniversalRemote,tv remote widget,5,,245,4,1.49
outils-telephone,UniversalRemote,universal tv remote control‎ ‎,5,75,249,57,0.63
outils-telephone,UniversalRemote,esgare,5,,239,211,0.49
outils-telephone,UniversalRemote,lz control,5,,224,51,0.65
outils-telephone,UniversalRemote,connect tv remote,5,,250,103,0.56
outils-telephone,UniversalRemote,remote sam tv,5,,233,36,0.70
outils-telephone,UniversalRemote,tv remote & universal,5,,247,8,1.10
outils-telephone,UniversalRemote,tv remote app for all tvs,5,,249,2,2.29
outils-telephone,UniversalRemote,evoly app tv remote,5,,246,3,1.74
outils-telephone,UniversalRemote,1. universal tv remote for all tv,5,,244,5,1.34
outils-telephone,UniversalRemote,universal tv remote for all tv,5,79,244,74,0.60
outils-telephone,UniversalRemote,screen mirrori to smart tv,5,,242,61,0.63
outils-telephone,UniversalRemote,to smart tv,5,,242,226,0.49
outils-telephone,UniversalRemote,tv remot,5,,241,85,0.58
outils-telephone,UniversalRemote,localcast smart things,5,,242,181,0.51
outils-telephone,UniversalRemote,find my tv remote,5,,250,76,0.60
outils-telephone,UniversalRemote,lg tv compatible remote,5,,237,14,0.91
outils-telephone,UniversalRemote,smart television remote,5,,236,7,1.16
outils-telephone,UniversalRemote,smart remote control for tv,5,,247,11,0.98
outils-telephone,UniversalRemote,tv remote app for iphone,5,,246,200,0.50
outils-telephone,UniversalRemote,thumbnail image universal tv remote for,5,,247,24,0.78
outils-telephone,UniversalRemote,remote for all tv,5,,248,129,0.54
outils-telephone,UniversalRemote,remote cremote control for tv+,5,,247,74,0.60
outils-telephone,UniversalRemote,universal smart tv controller,5,,247,16,0.87
outils-telephone,UniversalRemote,smart tv remote for samsung+,5,,241,3,1.74
outils-telephone,UniversalRemote,tv remote for samsung+,5,,237,8,1.10
outils-telephone,UniversalRemote,remote control smart tv,5,,247,41,0.68
outils-telephone,UniversalRemote,tv remote control for iphone,5,,241,175,0.51
outils-telephone,UniversalRemote,tv remote for samsung tv+,5,,237,11,0.98
outils-telephone,UniversalRemote,tcl: tv remote no wifi,5,,245,33,0.72
outils-telephone,UniversalRemote,remote for roku no wifi,5,,233,218,0.49
outils-telephone,UniversalRemote,mytifi remote samsung,5,,239,26,0.76
outils-telephone,UniversalRemote,remote control app for tv,5,,248,39,0.69
outils-telephone,UniversalRemote,for samsung tv,5,,235,45,0.67
outils-telephone,UniversalRemote,onn tv remote control,5,,250,82,0.59
outils-telephone,UniversalRemote,vizo tv remote,5,,250,202,0.50
outils-telephone,UniversalRemote,rokie tv remote,5,,242,125,0.54
outils-telephone,UniversalRemote,tivi-tv remote control,5,,246,50,0.65
outils-telephone,UniversalRemote,tv remote control · universal,5,,244,25,0.77
outils-telephone,UniversalRemote,watch planes,5,,239,110,0.56
outils-telephone,UniversalRemote,smart remote for webos,5,,247,109,0.56
outils-telephone,UniversalRemote,tv zucatelli,5,,249,139,0.53
outils-telephone,UniversalRemote,universal remote fre,5,,248,124,0.54
outils-telephone,UniversalRemote,vizio & smartcast tv remote,5,,249,78,0.59
outils-telephone,UniversalRemote,smart things・samsung remote,5,,247,49,0.66
outils-telephone,UniversalRemote,magic remote for tv,5,25,246,107,0.56
outils-telephone,UniversalRemote,smart view all tv cast,5,30,247,226,0.49
outils-telephone,UniversalRemote,lg air mouse,5,,246,18,0.84
outils-telephone,UniversalRemote,smart all screen receiver,5,65,248,149,0.53
outils-telephone,UniversalRemote,smart receiver all screen,5,66,248,198,0.50
outils-telephone,UniversalRemote,smart anycast,5,52,248,163,0.52
outils-telephone,UniversalRemote,smart share tv,5,25,242,237,0.49
outils-telephone,UniversalRemote,widi for ipad,5,86,243,124,0.54
outils-telephone,UniversalRemote,widi for iphone,5,88,247,99,0.57
outils-telephone,UniversalRemote,widi tv,5,76,248,223,0.49
outils-telephone,UniversalRemote,smart beam screen,5,65,247,106,0.56
outils-telephone,UniversalRemote,smartcast for ipad,5,29,235,166,0.52
outils-telephone,UniversalRemote,smart tv cast fire,5,43,241,228,0.49
outils-telephone,UniversalRemote,wifi display to tv,5,25,248,41,0.68
outils-telephone,UniversalRemote,wifi display tv,5,31,249,33,0.72
outils-telephone,UniversalRemote,android cast to tv,5,53,244,193,0.50
outils-telephone,UniversalRemote,tv cast for mac,5,29,240,218,0.49
outils-telephone,UniversalRemote,phone to tv for mac,5,60,246,162,0.52
outils-telephone,UniversalRemote,anycast for laptop,5,63,249,154,0.52
outils-telephone,UniversalRemote,widi for android,5,68,247,21,0.81
outils-telephone,UniversalRemote,smart cast for android,5,52,246,238,0.48
outils-telephone,UniversalRemote,fire tv cast for windows,5,43,242,193,0.50
outils-telephone,UniversalRemote,iphone to tv for android,5,28,244,170,0.51
outils-telephone,UniversalRemote,iphone to tv android,5,28,245,162,0.52
outils-telephone,UniversalRemote,android iphone to tv,5,28,245,169,0.51
outils-telephone,UniversalRemote,video phone to tv,5,72,250,135,0.54
outils-telephone,UniversalRemote,smartcast video,5,33,242,186,0.51
outils-telephone,UniversalRemote,video smartcast,5,28,239,217,0.49
outils-telephone,UniversalRemote,screen cast for samsung,5,65,237,222,0.49
outils-telephone,UniversalRemote,airplay for samsung,5,73,241,139,0.53
outils-telephone,UniversalRemote,air play for samsung,5,60,238,183,0.51
outils-telephone,UniversalRemote,cast to tv for samsung,5,25,240,150,0.52
outils-telephone,UniversalRemote,phone to tv for samsung,5,65,239,64,0.62
outils-telephone,UniversalRemote,airreceiver for samsung,5,65,242,81,0.59
outils-telephone,UniversalRemote,samsung widi,5,65,237,151,0.52
outils-telephone,UniversalRemote,widi for samsung,5,32,244,27,0.76
outils-telephone,UniversalRemote,anyview cast for samsung,5,51,244,136,0.53
outils-telephone,UniversalRemote,samsung smartcast,5,75,244,121,0.55
outils-telephone,UniversalRemote,fire tv cast for samsung,5,43,240,152,0.52
outils-telephone,UniversalRemote,chromecast built in for samsung,5,60,243,95,0.57
outils-telephone,UniversalRemote,ezcast for samsung,5,65,240,57,0.63
outils-telephone,UniversalRemote,mirascreen samsung,5,65,237,144,0.53
outils-telephone,UniversalRemote,wifi display for samsung,5,60,247,28,0.75
outils-telephone,UniversalRemote,iphone to tv samsung,5,28,238,168,0.51
outils-telephone,UniversalRemote,screen cast for lg,5,27,241,209,0.50
outils-telephone,UniversalRemote,lg cast to tv,5,30,240,96,0.57
outils-telephone,UniversalRemote,lg all screen receiver,5,46,237,114,0.55
outils-telephone,UniversalRemote,phone to tv for lg,5,47,237,30,0.74
outils-telephone,UniversalRemote,all screen receiver lg,5,47,237,119,0.55
outils-telephone,UniversalRemote,all screen receiver for lg,5,47,237,61,0.63
outils-telephone,UniversalRemote,anycast lg,5,47,237,86,0.58
outils-telephone,UniversalRemote,lg anycast,5,47,237,102,0.56
outils-telephone,UniversalRemote,screen beam lg,5,46,225,98,0.57
outils-telephone,UniversalRemote,screenbeam lg,5,46,231,72,0.60
outils-telephone,UniversalRemote,lg screenbeam,5,46,210,66,0.62
outils-telephone,UniversalRemote,smart cast lg,5,46,241,84,0.59
outils-telephone,UniversalRemote,lg fire tv cast,5,43,244,64,0.62
outils-telephone,UniversalRemote,fire tv cast for lg,5,43,241,151,0.52
outils-telephone,UniversalRemote,chromecast built in lg,5,52,244,166,0.52
outils-telephone,UniversalRemote,iphone to tv lg,5,31,237,126,0.54
outils-telephone,UniversalRemote,iphone to tv for lg,5,31,237,82,0.59
outils-telephone,UniversalRemote,smartview for lg,5,46,242,88,0.58
outils-telephone,UniversalRemote,sony cast to tv,5,37,246,119,0.55
outils-telephone,UniversalRemote,cast to tv sony,5,37,246,121,0.55
outils-telephone,UniversalRemote,phone to tv for sony,5,30,244,76,0.60
outils-telephone,UniversalRemote,smartcast for sony,5,65,240,92,0.58
outils-telephone,UniversalRemote,sony iphone to tv,5,44,240,220,0.49
outils-telephone,UniversalRemote,sony smartview,5,29,237,136,0.53
outils-telephone,UniversalRemote,smartview for vizio,5,62,241,183,0.51
outils-telephone,UniversalRemote,smartcast for philips,5,52,246,168,0.51
outils-telephone,UniversalRemote,phone to tv for sharp,5,72,248,88,0.58
outils-telephone,UniversalRemote,sharp phone to tv,5,28,249,43,0.68
outils-telephone,UniversalRemote,anyview cast for sharp,5,67,250,150,0.52
outils-telephone,UniversalRemote,smartcast for sharp,5,64,244,49,0.66
outils-telephone,UniversalRemote,iphone to tv sharp,5,44,242,99,0.57
outils-telephone,UniversalRemote,iphone to tv for sharp,5,29,238,101,0.56
outils-telephone,UniversalRemote,smart share for fire tv,5,44,238,238,0.48
outils-telephone,UniversalRemote,fire tv wifi direct,5,44,239,69,0.61
outils-telephone,UniversalRemote,fire tv smart cast,5,44,239,214,0.49
outils-telephone,UniversalRemote,chromecast built in fire tv,5,54,246,176,0.51
outils-telephone,UniversalRemote,fire tv smartview,5,44,236,193,0.50
outils-telephone,UniversalRemote,smartview fire tv,5,44,235,178,0.51
outils-telephone,UniversalRemote,smartview for fire tv,5,44,234,141,0.53
outils-telephone,UniversalRemote,smartview for chromecast,5,,238,226,0.49
outils-telephone,UniversalRemote,smart tv tv cast,5,,243,153,0.52
outils-telephone,UniversalRemote,smart view smart tv,5,,244,118,0.55
outils-telephone,UniversalRemote,wireless display smart tv,5,,248,209,0.50
outils-telephone,UniversalRemote,screen sharing smart tv,5,,247,191,0.50
outils-telephone,UniversalRemote,phone to tv smart tv,5,,247,29,0.74
outils-telephone,UniversalRemote,web video cast smart tv,5,,246,237,0.49
outils-telephone,UniversalRemote,smartshare for smart tv,5,,246,179,0.51
outils-telephone,UniversalRemote,dlna smart tv,5,,246,67,0.61
outils-telephone,UniversalRemote,dlna for smart tv,5,,246,84,0.59
outils-telephone,UniversalRemote,widi for smart tv,5,,247,22,0.80
outils-telephone,UniversalRemote,smartcast smart tv,5,,242,109,0.56
outils-telephone,UniversalRemote,chromecast built in for smart tv,5,,244,199,0.50
outils-telephone,UniversalRemote,iphone to tv smart tv,5,,245,163,0.52
outils-telephone,UniversalRemote,wireless display android tv,5,,247,155,0.52
outils-telephone,UniversalRemote,smart share for android tv,5,,246,196,0.50
outils-telephone,UniversalRemote,android tv wifi direct,5,,246,26,0.76
outils-telephone,UniversalRemote,widi android tv,5,,246,101,0.56
outils-telephone,UniversalRemote,android tv widi,5,,246,129,0.54
outils-telephone,UniversalRemote,widi for android tv,5,,244,95,0.57
outils-telephone,UniversalRemote,android tv chromecast built in,5,,248,161,0.52
outils-telephone,UniversalRemote,fire tv stick smart share,5,,236,177,0.51
outils-telephone,UniversalRemote,fire tv stick smartcast,5,,236,158,0.52
outils-telephone,UniversalRemote,fire tv stick smartview,5,,236,194,0.50
outils-telephone,UniversalRemote,wifi direct google tv,5,,249,83,0.59
outils-telephone,UniversalRemote,smartcast for google tv,5,,243,198,0.50
outils-telephone,UniversalRemote,google tv wifi display,5,,247,93,0.57
outils-telephone,UniversalRemote,wifi display for google tv,5,,248,35,0.71
outils-telephone,UniversalRemote,receiver phone to tv,5,,249,46,0.67
outils-telephone,UniversalRemote,phone to tv caster,5,,249,109,0.56
outils-telephone,UniversalRemote,tv widi,5,,248,52,0.65
outils-telephone,UniversalRemote,screen widi,5,,245,89,0.58
outils-telephone,UniversalRemote,tv re ote,5,,250,127,0.54
outils-telephone,UniversalRemote,simple remote for lg smart tv,5,,239,14,0.91
outils-telephone,UniversalRemote,smart remote control tv plus,5,,246,31,0.73
outils-telephone,UniversalRemote,lg smart tv remote control,5,,244,29,0.74
outils-telephone,UniversalRemote,remote for onn tv,5,,250,102,0.56
outils-telephone,UniversalRemote,remote for sanyo tv,5,,248,107,0.56
outils-telephone,UniversalRemote,remote control for android,5,,250,232,0.49
outils-telephone,UniversalRemote,inisgnia tv remote,5,,250,181,0.51
outils-telephone,UniversalRemote,tv universal controle remoto,5,,249,10,1.02
outils-telephone,UniversalRemote,remote-control-for-all-tv,5,,249,4,1.49
outils-telephone,UniversalRemote,youview remote,,85,249,176,
outils-telephone,UniversalRemote,blu ray remote,,74,247,169,
outils-telephone,UniversalRemote,home theater remote,,78,250,191,
outils-telephone,UniversalRemote,vu tv remote,,89,244,19,
outils-telephone,UniversalRemote,sony smart view,,29,245,153,
outils-telephone,UniversalRemote,wifi direct samsung,,65,237,190,
outils-telephone,UniversalRemote,엘지,,61,102,18,
outils-telephone,UniversalRemote,kostenlose fernbedienung,,73,249,15,
outils-telephone,UniversalRemote,cast to panasonic tv,,33,52,9,
outils-telephone,UniversalRemote,premium remote,,44,247,156,
outils-telephone,UniversalRemote,電視,,98,218,58,
outils-telephone,UniversalRemote,streamer para lg cast,,66,99,35,
outils-telephone,UniversalRemote,all cast para lg cast,,93,80,22,
outils-telephone,UniversalRemote,lg tv espelhamento de tela,,66,243,147,
outils-telephone,UniversalRemote,cast video e tv per lg cast,,45,245,68,
outils-telephone,UniversalRemote,screen cast kostenlos,,85,246,75,
outils-telephone,UniversalRemote,video and streamen for lg cast,,35,236,210,
outils-telephone,UniversalRemote,tv cast para panasonic,,57,37,17,
outils-telephone,UniversalRemote,tv cast para panasonic cast,,33,37,15,
outils-telephone,UniversalRemote,video and tv cast para panasonic cast,,57,37,17,
outils-telephone,UniversalRemote,streamer para panasonic cast tv,,47,25,8,
outils-telephone,UniversalRemote,streamer para panasonic cast,,52,25,13,
outils-telephone,UniversalRemote,cast panasonic tv,,40,245,85,
outils-telephone,UniversalRemote,tv cast for panasonic tv,,64,51,11,
outils-telephone,UniversalRemote,panasonic tv screen,,32,38,9,
outils-telephone,UniversalRemote,tv fernsehen for philips,,25,249,142,
outils-telephone,UniversalRemote,televisão philips tv,,57,23,1,
outils-telephone,UniversalRemote,philips android television,,54,23,8,
outils-telephone,UniversalRemote,television transmitir,,50,233,83,
outils-telephone,UniversalRemote,espelhar a tela samsung tv,,74,218,50,
outils-telephone,UniversalRemote,espelhar a tela for samsung tv,,86,221,64,
outils-telephone,UniversalRemote,lecran mirroring pour samsung tv,,40,241,122,
outils-telephone,UniversalRemote,tv mirror samsung gratuit,,59,227,60,
outils-telephone,UniversalRemote,telecommande ecran samsung,,46,15,2,
outils-telephone,UniversalRemote,samsung television remoto,,33,52,10,
outils-telephone,UniversalRemote,smart view samsung television,,48,53,35,
outils-telephone,UniversalRemote,samsung television plus,,91,39,18,
outils-telephone,UniversalRemote,samsung smart television,,33,53,33,
outils-telephone,UniversalRemote,samsung television aplicacion,,71,246,44,
outils-telephone,UniversalRemote,television transmitir por samsung,,72,239,34,
outils-telephone,UniversalRemote,smarttelevision samsung,,57,46,5,
outils-telephone,UniversalRemote,samsung virtual control remoto,,73,243,12,
outils-telephone,UniversalRemote,samsung fernsteuerung kostenlos,,59,248,37,
outils-telephone,UniversalRemote,samsung tv teclado,,76,224,45,
outils-telephone,UniversalRemote,samsung controle virtual,,78,221,18,
outils-telephone,UniversalRemote,lg tv teclado,,50,244,18,
outils-telephone,UniversalRemote,smart commande à distance lg,,40,242,24,
outils-telephone,UniversalRemote,lg virtuel télécommande,,40,250,2,
outils-telephone,UniversalRemote,lg smart commande à distance,,40,244,24,
outils-telephone,UniversalRemote,smart tv lg steuerung,,41,241,40,
outils-telephone,UniversalRemote,lg tv tastatur,,50,247,43,
outils-telephone,UniversalRemote,bildschirmfreigabe mit tv,,43,249,188,
outils-telephone,UniversalRemote,sharp tv streamen,,81,248,59,
outils-telephone,UniversalRemote,hitachi tv streamen,,44,249,198,
outils-telephone,UniversalRemote,skyworth smart tv,,52,249,78,
outils-telephone,UniversalRemote,changhong smart tv,,78,12,3,
outils-telephone,UniversalRemote,philips tela,,50,17,11,
outils-telephone,UniversalRemote,philips tela gratis,,50,14,10,
outils-telephone,UniversalRemote,tcl tela gratis,,62,16,10,
outils-telephone,UniversalRemote,hisense tela,,40,21,11,
outils-telephone,UniversalRemote,smart fernbedienung,,73,250,44,
outils-telephone,UniversalRemote,commande pour lg,,60,14,9,
outils-telephone,UniversalRemote,diaľkový,,47,6,1,
outils-telephone,UniversalRemote,通用視頻播放器,,23,3,2,
outils-telephone,UniversalRemote,범용 비디오 플레이어,,19,2,1,
outils-telephone,UniversalRemote,tv timer,,,207,52,
outils-telephone,UniversalRemote,lg%20screen%20share,,,195,37,
outils-telephone,UniversalRemote,remote%20for%20lg%20tv,,,229,43,
outils-telephone,UniversalRemote,lg%20remote%20app,,,230,52,
outils-telephone,UniversalRemote,lg%20tv%20plus%20remote,,,215,19,
outils-telephone,UniversalRemote,lg%20webos%20tv,,,208,18,
outils-telephone,UniversalRemote,remote%20control%20for%20tv,,83,247,30,
outils-telephone,UniversalRemote,samsung%20remote%20app,,,223,40,
outils-telephone,UniversalRemote,lg%20connect%20apps,,,210,19,
outils-telephone,UniversalRemote,tv%20remote%20samsung,,,218,101,
outils-telephone,UniversalRemote,remote%20lg,,,244,14,
outils-telephone,UniversalRemote,remote%20for%20samsung%20tv,,92,247,33,
outils-telephone,UniversalRemote,lg%20tv,,,205,19,
outils-telephone,UniversalRemote,lg%20smart%20tv,,37,239,49,
outils-telephone,UniversalRemote,samsung%20smartthings,,55,175,100,
outils-telephone,UniversalRemote,lg%20tv%20remote%20control,,,222,14,
outils-telephone,UniversalRemote,samsung%20smart%20tv%20remote,,,228,41,
outils-telephone,UniversalRemote,lg%20tv%20remote%20control%20app,,,224,13,
outils-telephone,UniversalRemote,control%20tv%20gratis,,,249,170,
outils-telephone,UniversalRemote,pluto%20tv%20free,,,226,36,
outils-telephone,UniversalRemote,samsung%20smart%20tv,,69,240,53,
outils-telephone,UniversalRemote,iptv%20smarters%20pro,,,239,199,
outils-telephone,UniversalRemote,tv%20smart%20player%20free,,96,247,186,
outils-telephone,UniversalRemote,sony%20remote%20control,,89,245,143,
outils-telephone,UniversalRemote,samsung%20screen%20mirroring,,,226,88,
outils-telephone,UniversalRemote,samsung%20remote,,54,129,26,
outils-telephone,UniversalRemote,lg%20smart%20tv%20remote,,,218,19,
outils-telephone,UniversalRemote,panasonic%20remote,,,245,132,
outils-telephone,UniversalRemote,vizio%20remote%20control%20free,,93,245,143,
outils-telephone,UniversalRemote,tvee%20app,,,244,112,
outils-telephone,UniversalRemote,controle lg,,,247,166,
outils-telephone,UniversalRemote,controle tv samsung,,,244,43,
outils-telephone,UniversalRemote,box remote,,67,249,244,
outils-telephone,UniversalRemote,smart plan app,,,244,191,
outils-telephone,UniversalRemote,element tv remote control,,91,249,52,
outils-telephone,UniversalRemote,vizo   remote,,,249,90,
outils-telephone,UniversalRemote,tv remote ap,,,232,99,
outils-telephone,UniversalRemote,remote tv for roku,,,209,184,
outils-telephone,UniversalRemote,connect samsung tv,,,223,31,
outils-telephone,UniversalRemote,remate,,,218,142,
outils-telephone,UniversalRemote,samsun remote tve,,,233,61,
outils-telephone,UniversalRemote,smart remote connect,,,242,85,
outils-telephone,UniversalRemote,roku app remote control,,,220,61,
outils-telephone,UniversalRemote,samsung monitor remote,,,233,28,
outils-telephone,UniversalRemote,tv remote for any tv,,,247,83,
outils-telephone,UniversalRemote,vin remote,,98,248,158,
outils-telephone,UniversalRemote,shift remote,,40,239,207,
outils-telephone,UniversalRemote,pocket remote,,87,248,124,
outils-telephone,UniversalRemote,smart home remote,,90,249,56,
outils-telephone,UniversalRemote,device controller,,90,247,4,
outils-telephone,UniversalRemote,lan remote,,40,237,189,
outils-telephone,UniversalRemote,control4 remote,,95,248,230,
outils-telephone,UniversalRemote,stb remote,,70,244,4,
outils-telephone,UniversalRemote,bt tv remote,,49,242,8,
outils-telephone,UniversalRemote,benq projector remote,,83,247,140,
outils-telephone,UniversalRemote,screen remote,,40,250,200,
outils-telephone,UniversalRemote,split ac remote,,40,246,170,
outils-telephone,UniversalRemote,replace broken remote,,83,248,225,
outils-telephone,UniversalRemote,tv remote not working,,40,246,32,
outils-telephone,UniversalRemote,remote app for old tv,,75,250,136,
outils-telephone,UniversalRemote,best free tv remote,,91,250,11,
outils-telephone,UniversalRemote,how to control tv without remote,,32,246,43,
outils-telephone,UniversalRemote,replace lost remote,,83,250,200,
outils-telephone,UniversalRemote,smart remote for hotel tv,,40,247,25,
outils-telephone,UniversalRemote,one app for all remotes,,83,248,236,
outils-telephone,UniversalRemote,remote for every brand,,40,247,97,
outils-telephone,UniversalRemote,simple tv remote elderly,,40,247,9,
outils-telephone,UniversalRemote,remote for second tv,,40,248,118,
outils-telephone,UniversalRemote,universelle fernbedienung,,96,235,11,
outils-telephone,UniversalRemote,programmable remote,,40,249,105,
outils-telephone,UniversalRemote,channel list remote,,86,248,139,
outils-telephone,UniversalRemote,learn remote,,40,246,114,
outils-telephone,UniversalRemote,remote with favorites,,83,248,77,
outils-telephone,UniversalRemote,ir receiver remote,,40,249,42,
outils-telephone,UniversalRemote,lock screen remote,,86,248,78,
outils-telephone,UniversalRemote,home screen remote,,83,247,33,
outils-telephone,UniversalRemote,tv remote and smart home,,46,246,7,
outils-telephone,UniversalRemote,input switcher remote,,83,248,61,
outils-telephone,UniversalRemote,setup remote,,86,249,172,
outils-telephone,UniversalRemote,pair remote,,40,250,123,
outils-telephone,UniversalRemote,no internet remote,,67,250,244,
outils-telephone,UniversalRemote,no ads remote,,86,248,245,
outils-telephone,UniversalRemote,clean remote,,96,248,12,
outils-telephone,UniversalRemote,best remote app 2024,,42,244,27,
outils-telephone,UniversalRemote,dark mode remote,,86,248,164,
outils-telephone,UniversalRemote,remote app comparison,,83,238,231,
outils-telephone,UniversalRemote,no in app purchase remote,,40,246,55,
outils-telephone,UniversalRemote,remote for all brands,,40,248,242,
outils-telephone,UniversalRemote,4k tv remote,,72,245,33,
outils-telephone,UniversalRemote,room by room remote,,79,249,139,
outils-telephone,UniversalRemote,whole home remote,,40,247,28,
outils-telephone,UniversalRemote,family remote,,74,248,201,
outils-telephone,UniversalRemote,quick access remote,,86,244,184,
outils-telephone,UniversalRemote,smart button remote,,40,248,66,
outils-telephone,UniversalRemote,google assistant remote,,85,247,162,
outils-telephone,UniversalRemote,bixby remote,,73,249,133,
outils-telephone,UniversalRemote,widget android remote,,42,248,178,
outils-telephone,UniversalRemote,remote for roku tv control·,,,236,216,
outils-telephone,UniversalRemote,pour tv,,,229,53,
outils-telephone,UniversalRemote,samsungs,,,219,131,
outils-telephone,UniversalRemote,Control Your Smart Samsung TV,,,238,39,
outils-telephone,UniversalRemote,tv cast lg webos,,,222,55,
outils-telephone,UniversalRemote,tv remote for webos,,,245,57,
outils-telephone,UniversalRemote,remote for webostv,,,249,106,
outils-telephone,UniversalRemote,tv remote control smart things,,,248,31,
outils-telephone,UniversalRemote,tc remote,,,249,161,
outils-telephone,UniversalRemote,for smart,,37,246,172,
outils-telephone,UniversalRemote,smart view TM tv cast,,,246,149,
outils-telephone,UniversalRemote,universal ac remote climax,,,249,106,
outils-telephone,UniversalRemote,remote universal control,,,245,70,
outils-telephone,UniversalRemote,university planning tool,,40,249,15,
outils-telephone,UniversalRemote,cast for sony,,76,236,112,
outils-telephone,UniversalRemote,smart cast to tv,,28,242,227,
outils-telephone,UniversalRemote,smart cast totv,,29,243,243,
outils-telephone,UniversalRemote,smart tv cast to,,27,245,225,
outils-telephone,UniversalRemote,smart to tv cast,,25,242,232,
outils-telephone,UniversalRemote,smartview to tv,,25,240,160,
outils-telephone,UniversalRemote,phone to tv for ipad,,,245,228,
outils-telephone,UniversalRemote,wireless phone to tv,,45,248,102,
outils-telephone,UniversalRemote,smart screen receiver all,,29,248,201,
outils-telephone,UniversalRemote,smartshare to tv,,25,243,236,
outils-telephone,UniversalRemote,smartshare tv,,25,245,104,
outils-telephone,UniversalRemote,smart share to tv,,25,244,244,
outils-telephone,UniversalRemote,wifi direct to tv,,71,246,45,
outils-telephone,UniversalRemote,wifi direct tv,,93,247,62,
outils-telephone,UniversalRemote,smart screen beam,,65,248,151,
outils-telephone,UniversalRemote,smart screenbeam,,65,249,192,
outils-telephone,UniversalRemote,smartcast to tv,,29,241,222,
outils-telephone,UniversalRemote,cast smart to tv,,27,244,230,
outils-telephone,UniversalRemote,smart fire tv cast,,43,239,167,
outils-telephone,UniversalRemote,cast to tv mac,,25,248,228,
outils-telephone,UniversalRemote,cast to tv for mac,,43,247,206,
outils-telephone,UniversalRemote,mac cast to tv,,29,247,227,
outils-telephone,UniversalRemote,cast to tv android,,53,244,240,
outils-telephone,UniversalRemote,smart view for laptop,,65,245,204,
outils-telephone,UniversalRemote,smart view laptop,,60,245,212,
outils-telephone,UniversalRemote,laptop smart view,,60,245,214,
outils-telephone,UniversalRemote,phone to tv mac,,61,247,150,
outils-telephone,UniversalRemote,mac phone to tv,,62,246,239,
outils-telephone,UniversalRemote,phone to tv android,,28,246,137,
outils-telephone,UniversalRemote,phone to tv for android,,27,245,188,
outils-telephone,UniversalRemote,android phone to tv,,28,246,182,
outils-telephone,UniversalRemote,allshare cast for windows,,68,247,237,
outils-telephone,UniversalRemote,cast for android,,67,248,210,
outils-telephone,UniversalRemote,widi android,,68,247,39,
outils-telephone,UniversalRemote,android widi,,68,246,40,
outils-telephone,UniversalRemote,smartcast for mac,,25,232,187,
outils-telephone,UniversalRemote,smartcast for android,,60,245,109,
outils-telephone,UniversalRemote,smartcast android,,61,246,108,
outils-telephone,UniversalRemote,android smartcast,,61,244,116,
outils-telephone,UniversalRemote,smartcast for windows,,68,245,151,
outils-telephone,UniversalRemote,smart cast android,,52,245,137,
outils-telephone,UniversalRemote,android smart cast,,52,245,176,
outils-telephone,UniversalRemote,phone to tv video,,72,249,135,
outils-telephone,UniversalRemote,smart cast video,,33,241,233,
outils-telephone,UniversalRemote,chromecast for samsung,,51,234,124,
outils-telephone,UniversalRemote,phone to tv samsung,,65,236,37,
outils-telephone,UniversalRemote,samsung phone to tv,,65,237,51,
outils-telephone,UniversalRemote,samsung all screen receiver,,65,246,176,
outils-telephone,UniversalRemote,all screen receiver samsung,,65,244,183,
outils-telephone,UniversalRemote,all screen receiver for samsung,,65,247,125,
outils-telephone,UniversalRemote,samsung airreceiver,,65,242,106,
outils-telephone,UniversalRemote,airreceiver samsung,,65,240,129,
outils-telephone,UniversalRemote,samsung anycast,,68,245,86,
outils-telephone,UniversalRemote,anycast samsung,,68,244,82,
outils-telephone,UniversalRemote,anycast for samsung,,68,246,57,
outils-telephone,UniversalRemote,allshare for samsung,,72,222,122,
outils-telephone,UniversalRemote,smartshare samsung,,65,235,149,
outils-telephone,UniversalRemote,smartshare for samsung,,68,245,82,
outils-telephone,UniversalRemote,smart share for samsung,,65,247,103,
outils-telephone,UniversalRemote,samsung upnp,,65,236,212,
outils-telephone,UniversalRemote,upnp for samsung,,65,233,50,
outils-telephone,UniversalRemote,samsung wifi direct,,66,243,166,
outils-telephone,UniversalRemote,widi samsung,,32,241,42,
outils-telephone,UniversalRemote,screen beam samsung,,65,241,126,
outils-telephone,UniversalRemote,samsung screen beam,,65,240,138,
outils-telephone,UniversalRemote,screen beam for samsung,,65,242,122,
outils-telephone,UniversalRemote,samsung screenbeam,,65,240,133,
outils-telephone,UniversalRemote,screenbeam for samsung,,65,240,101,
outils-telephone,UniversalRemote,anyview cast samsung,,65,244,211,
outils-telephone,UniversalRemote,samsung anyview cast,,28,244,240,
outils-telephone,UniversalRemote,screenbeam samsung,,65,241,133,
outils-telephone,UniversalRemote,smartcast samsung,,65,244,148,
outils-telephone,UniversalRemote,smartcast for samsung,,65,241,134,
outils-telephone,UniversalRemote,samsung fire tv cast,,43,237,107,
outils-telephone,UniversalRemote,fire tv cast samsung,,43,238,139,
outils-telephone,UniversalRemote,samsung chromecast built in,,51,239,217,
outils-telephone,UniversalRemote,chromecast built in samsung,,60,244,149,
outils-telephone,UniversalRemote,samsung mirascreen,,65,237,142,
outils-telephone,UniversalRemote,mirascreen for samsung,,65,240,128,
outils-telephone,UniversalRemote,samsung photo to tv,,65,234,89,
outils-telephone,UniversalRemote,photo to tv samsung,,65,236,76,
outils-telephone,UniversalRemote,photo to tv for samsung,,65,236,84,
outils-telephone,UniversalRemote,samsung wifi display,,60,246,143,
outils-telephone,UniversalRemote,samsung iphone to tv,,28,238,166,
outils-telephone,UniversalRemote,iphone to tv for samsung,,28,237,154,
outils-telephone,UniversalRemote,chromecast for lg,,51,229,166,
outils-telephone,UniversalRemote,lg phone to tv,,47,235,35,
outils-telephone,UniversalRemote,phone to tv lg,,47,235,38,
outils-telephone,UniversalRemote,smartshare for lg,,58,239,77,
outils-telephone,UniversalRemote,smart share for lg,,58,240,115,
outils-telephone,UniversalRemote,widi lg,,47,233,63,
outils-telephone,UniversalRemote,widi for lg,,47,225,29,
outils-telephone,UniversalRemote,lg screen beam,,42,163,81,
outils-telephone,UniversalRemote,screen beam for lg,,45,181,75,
outils-telephone,UniversalRemote,anyview cast for lg,,28,243,152,
outils-telephone,UniversalRemote,lg smartcast,,47,236,54,
outils-telephone,UniversalRemote,smartcast lg,,46,235,54,
outils-telephone,UniversalRemote,smartcast for lg,,47,237,54,
outils-telephone,UniversalRemote,smart cast for lg,,46,240,114,
outils-telephone,UniversalRemote,fire tv cast lg,,52,243,100,
outils-telephone,UniversalRemote,lg chromecast built in,,51,237,216,
outils-telephone,UniversalRemote,chromecast built in for lg,,51,242,139,
outils-telephone,UniversalRemote,lg photo to tv,,46,236,52,
outils-telephone,UniversalRemote,photo to tv lg,,32,237,48,
outils-telephone,UniversalRemote,photo to tv for lg,,47,237,53,
outils-telephone,UniversalRemote,lg iphone to tv,,31,237,114,
outils-telephone,UniversalRemote,smartcast for hisense,,51,247,218,
outils-telephone,UniversalRemote,sony screen cast,,50,242,234,
outils-telephone,UniversalRemote,screen cast for sony,,39,241,176,
outils-telephone,UniversalRemote,cast to tv for sony,,37,240,103,
outils-telephone,UniversalRemote,phone to tv sony,,30,242,66,
outils-telephone,UniversalRemote,sony phone to tv,,29,241,67,
outils-telephone,UniversalRemote,sony widi,,75,238,55,
outils-telephone,UniversalRemote,widi sony,,75,233,58,
outils-telephone,UniversalRemote,widi for sony,,93,233,58,
outils-telephone,UniversalRemote,sony smartcast,,55,243,60,
outils-telephone,UniversalRemote,smartcast sony,,55,243,60,
outils-telephone,UniversalRemote,sony smart cast,,54,244,130,
outils-telephone,UniversalRemote,smart cast sony,,74,243,148,
outils-telephone,UniversalRemote,smart cast for sony,,54,239,168,
outils-telephone,UniversalRemote,chromecast built in for sony,,51,246,182,
outils-telephone,UniversalRemote,iphone to tv sony,,44,240,215,
outils-telephone,UniversalRemote,phone to tv vizio,,65,242,75,
outils-telephone,UniversalRemote,smartshare for vizio,,62,240,175,
outils-telephone,UniversalRemote,smart share for vizio,,62,241,239,
outils-telephone,UniversalRemote,vizio widi,,62,242,150,
outils-telephone,UniversalRemote,widi for vizio,,72,241,122,
outils-telephone,UniversalRemote,chromecast built in for philips,,51,247,242,
outils-telephone,UniversalRemote,sharp screen cast,,72,228,93,
outils-telephone,UniversalRemote,screen cast for sharp,,71,203,59,
outils-telephone,UniversalRemote,screen cast sharp,,27,241,122,
outils-telephone,UniversalRemote,sharp cast to tv,,28,248,49,
outils-telephone,UniversalRemote,cast to tv sharp,,28,248,66,
outils-telephone,UniversalRemote,cast to tv for sharp,,71,221,14,
outils-telephone,UniversalRemote,tv cast for sharp,,69,168,13,
outils-telephone,UniversalRemote,phone to tv sharp,,28,249,24,
outils-telephone,UniversalRemote,sharp cast,,42,240,178,
outils-telephone,UniversalRemote,cast for sharp,,82,76,21,
outils-telephone,UniversalRemote,sharp widi,,66,71,25,
outils-telephone,UniversalRemote,widi sharp,,65,68,24,
outils-telephone,UniversalRemote,widi for sharp,,66,79,19,
outils-telephone,UniversalRemote,screen beam for sharp,,25,243,236,
outils-telephone,UniversalRemote,sharp smartcast,,64,244,25,
outils-telephone,UniversalRemote,smartcast sharp,,64,243,25,
outils-telephone,UniversalRemote,sharp smart cast,,66,87,15,
outils-telephone,UniversalRemote,smart cast sharp,,25,143,32,
outils-telephone,UniversalRemote,smart cast for sharp,,85,96,27,
outils-telephone,UniversalRemote,sharp wifi display,,68,249,75,
outils-telephone,UniversalRemote,sharp iphone to tv,,27,241,98,
outils-telephone,UniversalRemote,fire tv smart view,,44,236,230,
outils-telephone,UniversalRemote,fire tv smartshare,,44,238,197,
outils-telephone,UniversalRemote,smartshare fire tv,,43,238,199,
outils-telephone,UniversalRemote,smartshare for fire tv,,44,238,165,
outils-telephone,UniversalRemote,wifi direct fire tv,,73,243,55,
outils-telephone,UniversalRemote,wifi direct for fire tv,,43,237,70,
outils-telephone,UniversalRemote,fire tv screen beam,,44,240,149,
outils-telephone,UniversalRemote,smartcast fire tv,,44,240,226,
outils-telephone,UniversalRemote,fire tv smartcast,,44,239,183,
outils-telephone,UniversalRemote,smartcast for fire tv,,44,234,184,
outils-telephone,UniversalRemote,smart cast for fire tv,,44,234,216,
outils-telephone,UniversalRemote,chromecast built in for fire tv,,54,246,222,
outils-telephone,UniversalRemote,wifi display fire tv,,44,245,92,
outils-telephone,UniversalRemote,smartview for firestick,,43,240,209,
outils-telephone,UniversalRemote,screen share for smart tv,,,247,198,
outils-telephone,UniversalRemote,smart tv airplay,,,248,215,
outils-telephone,UniversalRemote,smart tv air play,,,248,188,
outils-telephone,UniversalRemote,air play smart tv,,,248,199,
outils-telephone,UniversalRemote,air play for smart tv,,,243,182,
outils-telephone,UniversalRemote,smart tv cast to tv,,,244,199,
outils-telephone,UniversalRemote,cast to tv smart tv,,,245,165,
outils-telephone,UniversalRemote,cast to tv for smart tv,,,244,192,
outils-telephone,UniversalRemote,smart tv chromecast,,,241,190,
outils-telephone,UniversalRemote,chromecast smart tv,,,243,157,
outils-telephone,UniversalRemote,tv cast smart tv,,,244,161,
outils-telephone,UniversalRemote,google cast smart tv,,,245,216,
outils-telephone,UniversalRemote,smart tv miracast,,,243,206,
outils-telephone,UniversalRemote,miracast smart tv,,,243,221,
outils-telephone,UniversalRemote,smart tv smart view,,,244,142,
outils-telephone,UniversalRemote,smart view for smart tv,,,245,160,
outils-telephone,UniversalRemote,smart tv wireless display,,,248,145,
outils-telephone,UniversalRemote,smart tv phone to tv,,,244,61,
outils-telephone,UniversalRemote,phone to tv for smart tv,,,247,85,
outils-telephone,UniversalRemote,smart tv all screen receiver,,,248,89,
outils-telephone,UniversalRemote,airscreen smart tv,,,246,196,
outils-telephone,UniversalRemote,smart tv screen sharing,,,245,215,
outils-telephone,UniversalRemote,all screen receiver smart tv,,,246,93,
outils-telephone,UniversalRemote,all screen receiver for smart tv,,,249,84,
outils-telephone,UniversalRemote,smart tv airreceiver,,,247,79,
outils-telephone,UniversalRemote,airreceiver smart tv,,,247,88,
outils-telephone,UniversalRemote,airreceiver for smart tv,,,250,58,
outils-telephone,UniversalRemote,smart tv anycast,,,246,51,
outils-telephone,UniversalRemote,anycast smart tv,,,248,62,
outils-telephone,UniversalRemote,anycast for smart tv,,,248,71,
outils-telephone,UniversalRemote,smart tv allshare cast,,,248,183,
outils-telephone,UniversalRemote,allshare cast smart tv,,,247,203,
outils-telephone,UniversalRemote,smart tv allshare,,,243,105,
outils-telephone,UniversalRemote,allshare for smart tv,,,245,136,
outils-telephone,UniversalRemote,smart tv smartshare,,,241,82,
outils-telephone,UniversalRemote,smartshare smart tv,,,243,102,
outils-telephone,UniversalRemote,smart tv smart share,,,243,116,
outils-telephone,UniversalRemote,smart share smart tv,,,243,120,
outils-telephone,UniversalRemote,smart share for smart tv,,,245,154,
outils-telephone,UniversalRemote,smart tv dlna,,,246,66,
outils-telephone,UniversalRemote,smart tv wifi direct,,,244,3,
outils-telephone,UniversalRemote,upnp for smart tv,,,244,56,
outils-telephone,UniversalRemote,smart tv upnp,,,241,60,
outils-telephone,UniversalRemote,upnp smart tv,,,242,46,
outils-telephone,UniversalRemote,smart tv widi,,,246,37,
outils-telephone,UniversalRemote,wifi direct for smart tv,,,246,20,
outils-telephone,UniversalRemote,wifi direct smart tv,,,247,76,
outils-telephone,UniversalRemote,widi smart tv,,,247,28,
outils-telephone,UniversalRemote,smart tv screen beam,,,248,84,
outils-telephone,UniversalRemote,screen beam for smart tv,,,248,103,
outils-telephone,UniversalRemote,screen beam smart tv,,,248,112,
outils-telephone,UniversalRemote,smart tv screenbeam,,,248,104,
outils-telephone,UniversalRemote,screenbeam smart tv,,,247,92,
outils-telephone,UniversalRemote,screenbeam for smart tv,,,248,109,
outils-telephone,UniversalRemote,smart tv anyview cast,,,245,129,
outils-telephone,UniversalRemote,anyview cast for smart tv,,,246,200,
outils-telephone,UniversalRemote,smart tv smart cast,,,241,153,
outils-telephone,UniversalRemote,smart tv smartcast,,,242,103,
outils-telephone,UniversalRemote,smart cast smart tv,,,240,205,
outils-telephone,UniversalRemote,fire tv cast smart tv,,,241,195,
outils-telephone,UniversalRemote,smart tv chromecast built in,,,244,176,
outils-telephone,UniversalRemote,chromecast built in smart tv,,,244,191,
outils-telephone,UniversalRemote,smart tv ezcast,,,246,111,
outils-telephone,UniversalRemote,ezcast smart tv,,,246,99,
outils-telephone,UniversalRemote,ezcast for smart tv,,,246,115,
outils-telephone,UniversalRemote,smart tv mirascreen,,,246,132,
outils-telephone,UniversalRemote,mirascreen smart tv,,,246,143,
outils-telephone,UniversalRemote,photo to tv smart tv,,,244,176,
outils-telephone,UniversalRemote,photo to tv for smart tv,,,243,221,
outils-telephone,UniversalRemote,wifi display smart tv,,,244,12,
outils-telephone,UniversalRemote,smart tv wifi display,,,245,14,
outils-telephone,UniversalRemote,wifi display for smart tv,,,246,31,
outils-telephone,UniversalRemote,smart tv iphone to tv,,,246,176,
outils-telephone,UniversalRemote,iphone to tv for smart tv,,,248,245,
outils-telephone,UniversalRemote,smart tv smartview,,,241,176,
outils-telephone,UniversalRemote,smartview smart tv,,,245,111,
outils-telephone,UniversalRemote,smartview for smart tv,,,245,142,
outils-telephone,UniversalRemote,smartcast for xbox,,,242,122,
outils-telephone,UniversalRemote,wifi display for ps4,,,249,140,
outils-telephone,UniversalRemote,android tv smart view,,,244,122,
outils-telephone,UniversalRemote,smart view android tv,,,243,102,
outils-telephone,UniversalRemote,smart view for android tv,,,245,180,
outils-telephone,UniversalRemote,android tv wireless display,,,248,142,
outils-telephone,UniversalRemote,wireless display for android tv,,,245,197,
outils-telephone,UniversalRemote,android tv airreceiver,,,248,117,
outils-telephone,UniversalRemote,android tv smartshare,,,245,53,
outils-telephone,UniversalRemote,smartshare for android tv,,,246,87,
outils-telephone,UniversalRemote,smartshare android tv,,,246,89,
outils-telephone,UniversalRemote,android tv smart share,,,243,111,
outils-telephone,UniversalRemote,smart share android tv,,,243,118,
outils-telephone,UniversalRemote,wifi direct android tv,,,246,39,
outils-telephone,UniversalRemote,wifi direct for android tv,,,245,27,
outils-telephone,UniversalRemote,android tv screen beam,,,246,67,
outils-telephone,UniversalRemote,android tv smartcast,,,244,106,
outils-telephone,UniversalRemote,smartcast android tv,,,244,90,
outils-telephone,UniversalRemote,android tv smart cast,,,243,236,
outils-telephone,UniversalRemote,smartcast for android tv,,,245,98,
outils-telephone,UniversalRemote,smart cast android tv,,,243,165,
outils-telephone,UniversalRemote,android tv wifi display,,,247,39,
outils-telephone,UniversalRemote,wifi display for android tv,,,246,35,
outils-telephone,UniversalRemote,wifi display android tv,,,247,36,
outils-telephone,UniversalRemote,android tv smartview,,,243,68,
outils-telephone,UniversalRemote,smartview for android tv,,,244,90,
outils-telephone,UniversalRemote,smartview android tv,,,244,81,
outils-telephone,UniversalRemote,fire tv stick smart view,,,236,175,
outils-telephone,UniversalRemote,smart view fire tv stick,,,237,189,
outils-telephone,UniversalRemote,smart view for fire tv stick,,,234,197,
outils-telephone,UniversalRemote,fire tv stick phone to tv,,,238,125,
outils-telephone,UniversalRemote,phone to tv fire tv stick,,,238,137,
outils-telephone,UniversalRemote,smartshare for fire tv stick,,,240,149,
outils-telephone,UniversalRemote,smartshare fire tv stick,,,237,211,
outils-telephone,UniversalRemote,fire tv stick smartshare,,,237,216,
outils-telephone,UniversalRemote,smart share for fire tv stick,,,237,162,
outils-telephone,UniversalRemote,smart share fire tv stick,,,236,163,
outils-telephone,UniversalRemote,fire tv stick wifi direct,,,238,86,
outils-telephone,UniversalRemote,wifi direct fire tv stick,,,240,91,
outils-telephone,UniversalRemote,wifi direct for fire tv stick,,,236,83,
outils-telephone,UniversalRemote,widi fire tv stick,,,238,122,
outils-telephone,UniversalRemote,fire tv stick widi,,,236,129,
outils-telephone,UniversalRemote,widi for fire tv stick,,,239,132,
outils-telephone,UniversalRemote,smartcast fire tv stick,,,238,130,
outils-telephone,UniversalRemote,smartcast for fire tv stick,,,236,143,
outils-telephone,UniversalRemote,fire tv stick smart cast,,,237,175,
outils-telephone,UniversalRemote,smart cast fire tv stick,,,236,180,
outils-telephone,UniversalRemote,smart cast for fire tv stick,,,237,192,
outils-telephone,UniversalRemote,ezcast for fire tv stick,,,244,225,
outils-telephone,UniversalRemote,fire tv stick wifi display,,,236,103,
outils-telephone,UniversalRemote,wifi display fire tv stick,,,236,96,
outils-telephone,UniversalRemote,wifi display for fire tv stick,,,236,81,
outils-telephone,UniversalRemote,smartview fire tv stick,,,235,234,
outils-telephone,UniversalRemote,smartview for fire tv stick,,,237,159,
outils-telephone,UniversalRemote,google tv smart view,,,245,166,
outils-telephone,UniversalRemote,smart view google tv,,,245,186,
outils-telephone,UniversalRemote,smart view for google tv,,,245,183,
outils-telephone,UniversalRemote,google tv smartshare,,,247,108,
outils-telephone,UniversalRemote,smartshare google tv,,,246,135,
outils-telephone,UniversalRemote,smartshare for google tv,,,247,133,
outils-telephone,UniversalRemote,google tv smart share,,,247,146,
outils-telephone,UniversalRemote,smart share google tv,,,247,178,
outils-telephone,UniversalRemote,google tv upnp,,,250,247,
outils-telephone,UniversalRemote,upnp google tv,,,250,232,
outils-telephone,UniversalRemote,upnp for google tv,,,243,230,
outils-telephone,UniversalRemote,google tv wifi direct,,,248,85,
outils-telephone,UniversalRemote,wifi direct for google tv,,,248,39,
outils-telephone,UniversalRemote,smartcast google tv,,,243,177,
outils-telephone,UniversalRemote,google tv smartcast,,,243,131,
outils-telephone,UniversalRemote,wifi display google tv,,,248,86,
outils-telephone,UniversalRemote,google tv smartview,,,244,94,
outils-telephone,UniversalRemote,smartview for google tv,,,243,131,
outils-telephone,UniversalRemote,smartview google tv,,,243,126,
outils-telephone,UniversalRemote,cast to tv phone,,,249,205,
outils-telephone,UniversalRemote,phone tv cast,,,250,187,
outils-telephone,UniversalRemote,phone to tv screen,,,247,214,
outils-telephone,UniversalRemote,screen phone to tv,,,248,197,
outils-telephone,UniversalRemote,phone to tv receiver,,,249,38,
outils-telephone,UniversalRemote,phone to tv wireless,,,248,58,
outils-telephone,UniversalRemote,tv smartshare,,,243,81,
outils-telephone,UniversalRemote,tv smart share,,,245,156,
outils-telephone,UniversalRemote,tv wifi direct,,,249,9,
outils-telephone,UniversalRemote,cast widi,,25,235,101,
outils-telephone,UniversalRemote,widi cast,,93,237,71,
outils-telephone,UniversalRemote,widi screen,,,246,88,
outils-telephone,UniversalRemote,tv screenbeam,,,250,164,
outils-telephone,UniversalRemote,tv smartcast,,,243,171,
outils-telephone,UniversalRemote,smartcast phone,,,248,75,
outils-telephone,UniversalRemote,phone smartcast,,,248,91,
outils-telephone,UniversalRemote,tv smart cast,,,243,167,
outils-telephone,UniversalRemote,smart cast receiver,,,247,238,
outils-telephone,UniversalRemote,receiver smart cast,,,247,243,
outils-telephone,UniversalRemote,smart cast phone,,,247,183,
outils-telephone,UniversalRemote,phone smart cast,,,248,186,
outils-telephone,UniversalRemote,fire tv cast receiver,,,239,124,
outils-telephone,UniversalRemote,fire tv cast phone,,,240,141,
outils-telephone,UniversalRemote,fire tv cast wireless,,,240,137,
outils-telephone,UniversalRemote,tv wifi display,,,249,20,
outils-telephone,UniversalRemote,smart view for samsung tv,,,244,221,
outils-telephone,UniversalRemote,for samsung cast,,,239,174,
outils-telephone,UniversalRemote,cast sharp,,,78,27,
outils-telephone,SmartTVRemote,apple tv,75,100,246,217,7.39
outils-telephone,SmartTVRemote,vizio tv remote,68,95,250,97,7.74
outils-telephone,SmartTVRemote,telecommande universelle gratuit,68,74,250,72,8.22
outils-telephone,SmartTVRemote,samsung tv remote,67,93,250,131,7.21
outils-telephone,SmartTVRemote,samsung  tv remote,67,91,250,208,6.65
outils-telephone,SmartTVRemote,smartthings,66,87,248,134,7.07
outils-telephone,SmartTVRemote,spectrum tv app,65,98,249,203,6.47
outils-telephone,SmartTVRemote,tv remote:,64,82,225,202,6.38
outils-telephone,SmartTVRemote,lg tv remote,63,92,249,134,6.75
outils-telephone,SmartTVRemote,remote:,62,97,247,171,6.36
outils-telephone,SmartTVRemote,amazon fire tv remote,60,86,249,49,7.87
outils-telephone,SmartTVRemote,samsung,58,81,248,146,6.12
outils-telephone,SmartTVRemote,samsung smart things,58,73,250,68,7.09
outils-telephone,SmartTVRemote,onn tv remote,57,100,250,169,5.86
outils-telephone,SmartTVRemote,onn tv  remote,57,96,250,183,5.78
outils-telephone,SmartTVRemote,lg remote,56,83,249,197,5.61
outils-telephone,SmartTVRemote,insignia tv remote,56,90,250,125,6.08
outils-telephone,SmartTVRemote,tv remote universal remote,55,89,250,210,5.45
outils-telephone,SmartTVRemote,vizo remote,54,84,250,121,5.90
outils-telephone,SmartTVRemote,romu tv remote,54,94,249,154,5.64
outils-telephone,SmartTVRemote,tcl roku tv remote,53,95,250,188,5.35
outils-telephone,SmartTVRemote,rolu tv remote,53,89,250,237,5.14
outils-telephone,SmartTVRemote,fire tv remote,52,90,249,61,6.51
outils-telephone,SmartTVRemote,apple tv remote iphone,52,82,249,24,8.12
outils-telephone,SmartTVRemote,fire: tv remote,52,56,233,152,5.45
outils-telephone,SmartTVRemote,smart things app,51,70,248,138,5.44
outils-telephone,SmartTVRemote,sony tv remote,51,92,250,94,5.84
outils-telephone,SmartTVRemote,vizio tv app,51,87,248,198,5.10
outils-telephone,SmartTVRemote,smart things,50,78,249,179,5.09
outils-telephone,SmartTVRemote,samsung smart switch,50,76,250,103,5.63
outils-telephone,SmartTVRemote,apple tv remote,49,94,250,20,8.04
outils-telephone,SmartTVRemote,philips tv remote,49,89,250,177,5.00
outils-telephone,SmartTVRemote,toshiba tv remote,48,90,250,138,5.12
outils-telephone,SmartTVRemote,universal remote tv controller,48,80,248,71,5.82
outils-telephone,SmartTVRemote,samsung tv remote control,47,83,248,41,6.42
outils-telephone,SmartTVRemote,smart tv,45,94,250,62,5.61
outils-telephone,SmartTVRemote,google tv remote,44,89,247,34,6.29
outils-telephone,SmartTVRemote,universal remote tv control,44,92,248,54,5.65
outils-telephone,SmartTVRemote,stick remote control for tv,44,68,250,67,5.40
outils-telephone,SmartTVRemote,samsung smart view,43,83,249,66,5.29
outils-telephone,SmartTVRemote,samsung watch,43,73,249,117,4.72
outils-telephone,SmartTVRemote,universal remote: tv control,43,75,242,157,4.48
outils-telephone,SmartTVRemote,smart remote control app,42,44,247,6,10.37
outils-telephone,SmartTVRemote,tlc tv remote,41,95,250,176,4.19
outils-telephone,SmartTVRemote,remote tv,40,93,250,136,4.27
outils-telephone,SmartTVRemote,telecommande bouygues,40,,246,155,4.18
outils-telephone,SmartTVRemote,remote atv,40,64,250,75,4.79
outils-telephone,SmartTVRemote,smartthings by samsung,40,74,249,120,4.37
outils-telephone,SmartTVRemote,фильмы,39,100,238,232,3.80
outils-telephone,SmartTVRemote,free universal tv remote,39,86,250,193,3.92
outils-telephone,SmartTVRemote,smart view samsung tv,39,79,248,12,7.46
outils-telephone,SmartTVRemote,mando lg smart tv,37,75,242,209,3.67
outils-telephone,SmartTVRemote,control samsung smart tv,36,85,250,50,4.70
outils-telephone,SmartTVRemote,samsung tv plus,36,97,250,95,4.12
outils-telephone,SmartTVRemote,vizio tv remote free,36,88,250,185,3.64
outils-telephone,SmartTVRemote,firestick remote control tv,36,60,245,33,5.18
outils-telephone,SmartTVRemote,vizio remote control,35,84,247,115,3.86
outils-telephone,SmartTVRemote,ee tv mobile app,35,83,245,48,4.61
outils-telephone,SmartTVRemote,smartthings samsung,33,71,249,37,4.62
outils-telephone,SmartTVRemote,lg remote control app for tv,33,75,249,121,3.60
outils-telephone,SmartTVRemote,apple tv remote control,32,59,246,8,7.05
outils-telephone,SmartTVRemote,samsung remote control free,32,88,250,194,3.21
outils-telephone,SmartTVRemote,hisense tv remote free,32,85,249,181,3.25
outils-telephone,SmartTVRemote,ruko smart tv remote control,32,83,247,68,3.91
outils-telephone,SmartTVRemote,control para tv samsung,30,74,247,41,4.10
outils-telephone,SmartTVRemote,rokie tv smart tv remote,30,,248,49,3.94
outils-telephone,SmartTVRemote,telecommande gratuit,29,95,250,133,3.11
outils-telephone,SmartTVRemote,sony tv remote control,28,92,248,74,3.36
outils-telephone,SmartTVRemote,remote for samsung tv,28,91,250,79,3.32
outils-telephone,SmartTVRemote,paar app,28,92,244,199,2.80
outils-telephone,SmartTVRemote,control smart tv,28,75,250,18,4.73
outils-telephone,SmartTVRemote,watch アプリ,28,85,250,42,3.80
outils-telephone,SmartTVRemote,vizio app,27,83,242,140,2.87
outils-telephone,SmartTVRemote,the chosen tv app,27,98,245,17,4.64
outils-telephone,SmartTVRemote,tv remote vizo,27,81,250,127,2.92
outils-telephone,SmartTVRemote,free universal tv remote control,26,89,248,122,2.83
outils-telephone,SmartTVRemote,free remote for samsung tv,26,91,250,49,3.41
outils-telephone,SmartTVRemote,apple remote control,25,59,246,32,3.63
outils-telephone,SmartTVRemote,btv,25,92,168,87,2.91
outils-telephone,SmartTVRemote,smart things for smart tv,25,70,247,4,7.44
outils-telephone,SmartTVRemote,fire tv remote control free,24,86,248,130,2.59
outils-telephone,SmartTVRemote,free lg tv remote control,24,94,249,146,2.53
outils-telephone,SmartTVRemote,apple tv remote free,23,83,245,11,4.53
outils-telephone,SmartTVRemote,remote control lg smart tv,23,76,248,16,4.02
outils-telephone,SmartTVRemote,tv control universal remote,23,90,248,25,3.55
outils-telephone,SmartTVRemote,universal remote samsung,22,89,250,214,2.17
outils-telephone,SmartTVRemote,smart tv remote for samsung,22,76,245,15,3.92
outils-telephone,SmartTVRemote,zaza,22,,165,46,2.93
outils-telephone,SmartTVRemote,samsung remote app,21,90,250,50,2.74
outils-telephone,SmartTVRemote,free remote for vizio tv,21,92,250,80,2.48
outils-telephone,SmartTVRemote,toshiba tv remote free,21,90,250,208,2.08
outils-telephone,SmartTVRemote,tv remote control universal,21,95,246,169,2.16
outils-telephone,SmartTVRemote,apple tv control,20,59,246,9,4.22
outils-telephone,SmartTVRemote,samsung control,19,84,247,103,2.14
outils-telephone,SmartTVRemote,youtube tv remote,19,97,247,156,1.98
outils-telephone,SmartTVRemote,télécommande tv samsung,18,76,246,28,2.70
outils-telephone,SmartTVRemote,beko lavatrice,17,71,248,14,3.10
outils-telephone,SmartTVRemote,bauhn tv remote,16,76,246,109,1.78
outils-telephone,SmartTVRemote,smart view iphone,15,76,241,49,1.97
outils-telephone,SmartTVRemote,fire tv remote app,15,66,250,75,1.80
outils-telephone,SmartTVRemote,toshiba fire tv remote,15,55,250,230,1.46
outils-telephone,SmartTVRemote,tv remote apple tv,15,59,244,6,3.71
outils-telephone,SmartTVRemote,free samsung remote control,15,93,250,129,1.62
outils-telephone,SmartTVRemote,universal remote for tv smart,13,67,249,15,2.32
outils-telephone,SmartTVRemote,video tv cast for samsung tv,13,,240,89,1.51
outils-telephone,SmartTVRemote,westinghouse tv remote,12,93,249,162,1.24
outils-telephone,SmartTVRemote,telecommande apple tv,11,60,245,9,2.32
outils-telephone,SmartTVRemote,haier tv remote,11,87,249,74,1.32
outils-telephone,SmartTVRemote,samsung fernbedienung,11,81,242,55,1.41
outils-telephone,SmartTVRemote,control remote,10,94,248,72,1.21
outils-telephone,SmartTVRemote,블루투스 리모컨,10,71,242,26,1.53
outils-telephone,SmartTVRemote,uniremote universal tv remote,10,,240,98,1.14
outils-telephone,SmartTVRemote,hisense smart tv,9,96,250,161,0.93
outils-telephone,SmartTVRemote,samsung smart tv,9,89,248,54,1.16
outils-telephone,SmartTVRemote,philips smart tv,9,71,250,109,1.00
outils-telephone,SmartTVRemote,remote lg,9,75,249,213,0.89
outils-telephone,SmartTVRemote,tv remote lg,9,87,234,191,0.91
outils-telephone,SmartTVRemote,lg universal remote,9,75,245,122,0.98
outils-telephone,SmartTVRemote,freecontrol,9,42,55,13,1.68
outils-telephone,SmartTVRemote,amazon tv remote,9,84,248,79,1.07
outils-telephone,SmartTVRemote,firetv remote,9,80,250,45,1.20
outils-telephone,SmartTVRemote,beko,9,49,74,44,1.21
outils-telephone,SmartTVRemote,sky tv remote,9,82,249,139,0.96
outils-telephone,SmartTVRemote,tv smart remote control,9,74,250,13,1.68
outils-telephone,SmartTVRemote,any tv remote control,9,,249,10,1.83
outils-telephone,SmartTVRemote,itunes remote,8,81,235,83,0.94
outils-telephone,SmartTVRemote,samsung smartthings,8,73,249,78,0.95
outils-telephone,SmartTVRemote,remote control for tv samsung,8,86,249,70,0.97
outils-telephone,SmartTVRemote,universal tv remote control,8,85,249,166,0.82
outils-telephone,SmartTVRemote,control remoto tv universal,8,95,249,60,1.00
outils-telephone,SmartTVRemote,sharp tv remote,8,79,250,170,0.82
outils-telephone,SmartTVRemote,samsung tv remote free,8,90,250,74,0.96
outils-telephone,SmartTVRemote,stick remote control,8,,250,67,0.98
outils-telephone,SmartTVRemote,video tv cast for samsung smart tv,7,71,240,25,1.08
outils-telephone,SmartTVRemote,apple tv app,7,100,245,15,1.25
outils-telephone,SmartTVRemote,tv remote app,7,96,250,114,0.77
outils-telephone,SmartTVRemote,android tv remote control,7,79,250,188,0.71
outils-telephone,SmartTVRemote,remote control for tv lg,7,75,248,171,0.72
outils-telephone,SmartTVRemote,tv remote free,7,95,250,95,0.80
outils-telephone,SmartTVRemote,tv remote universal control,7,94,246,64,0.87
outils-telephone,SmartTVRemote,tv control,6,100,250,136,0.64
outils-telephone,SmartTVRemote,tv controller,6,98,247,144,0.63
outils-telephone,SmartTVRemote,virgin remote,6,46,248,125,0.65
outils-telephone,SmartTVRemote,tv smart,6,70,250,18,1.01
outils-telephone,SmartTVRemote,mytifi,6,62,34,15,1.07
outils-telephone,SmartTVRemote,smart thing,6,62,250,19,1.00
outils-telephone,SmartTVRemote,distancia recorrida,6,93,248,233,0.58
outils-telephone,SmartTVRemote,remote for android tv,6,84,249,78,0.71
outils-telephone,SmartTVRemote,smart cast vizio,6,66,239,92,0.69
outils-telephone,SmartTVRemote,tcl tv remote free,6,85,249,147,0.63
outils-telephone,SmartTVRemote,tv smart centre,6,82,249,240,0.58
outils-telephone,SmartTVRemote,remote for hisense tv,6,,248,215,0.59
outils-telephone,SmartTVRemote,video y tv cast for samsung,6,,242,127,0.65
outils-telephone,SmartTVRemote,imote,6,97,250,197,0.60
outils-telephone,SmartTVRemote,any tv universal remote,6,,247,112,0.66
outils-telephone,SmartTVRemote,control mac,5,42,241,238,0.48
outils-telephone,SmartTVRemote,remote control mac,5,44,247,247,0.48
outils-telephone,SmartTVRemote,remote control for mac,5,42,247,172,0.51
outils-telephone,SmartTVRemote,apple remote,5,82,250,22,0.80
outils-telephone,SmartTVRemote,tv control app,5,79,250,16,0.87
outils-telephone,SmartTVRemote,tv control universal,5,70,246,217,0.49
outils-telephone,SmartTVRemote,control app,5,100,248,54,0.64
outils-telephone,SmartTVRemote,ipad remote,5,42,250,34,0.71
outils-telephone,SmartTVRemote,remote apple,5,72,247,141,0.53
outils-telephone,SmartTVRemote,apple control,5,60,246,8,1.10
outils-telephone,SmartTVRemote,apple tv remote for ipad,5,59,239,3,1.74
outils-telephone,SmartTVRemote,remote apple tv,5,79,247,10,1.02
outils-telephone,SmartTVRemote,siri remote,5,83,249,187,0.51
outils-telephone,SmartTVRemote,hdx,5,94,224,196,0.50
outils-telephone,SmartTVRemote,tv apps,5,98,244,63,0.62
outils-telephone,SmartTVRemote,free tv app,5,87,248,29,0.74
outils-telephone,SmartTVRemote,smart remote control sony,5,70,247,125,0.54
outils-telephone,SmartTVRemote,smart tv mirror,5,64,243,129,0.54
outils-telephone,SmartTVRemote,samsung tv mirror,5,84,244,172,0.51
outils-telephone,SmartTVRemote,video tv cast for lg smart tv,5,40,238,137,0.53
outils-telephone,SmartTVRemote,smart tv cast,5,64,247,133,0.54
outils-telephone,SmartTVRemote,lg smart tv,5,46,247,164,0.52
outils-telephone,SmartTVRemote,apple tv plus,5,98,246,165,0.52
outils-telephone,SmartTVRemote,miremote,5,40,244,63,0.62
outils-telephone,SmartTVRemote,remote for apple tv,5,60,247,9,1.06
outils-telephone,SmartTVRemote,apple tv apps,5,98,244,22,0.80
outils-telephone,SmartTVRemote,remote control for apple tv,5,63,248,7,1.16
outils-telephone,SmartTVRemote,apple tv controller,5,83,242,21,0.81
outils-telephone,SmartTVRemote,remote control apple,5,60,244,13,0.93
outils-telephone,SmartTVRemote,samsung smart tv remote,5,95,250,46,0.67
outils-telephone,SmartTVRemote,samsung smartview for ipad,5,70,230,28,0.75
outils-telephone,SmartTVRemote,samsung app,5,77,239,114,0.55
outils-telephone,SmartTVRemote,samsung tv remote app,5,90,250,22,0.80
outils-telephone,SmartTVRemote,tv remote for samsung,5,93,247,52,0.65
outils-telephone,SmartTVRemote,samsumg,5,38,195,44,0.67
outils-telephone,SmartTVRemote,smart samsung,5,73,243,16,0.87
outils-telephone,SmartTVRemote,tv smart view,5,,247,47,0.66
outils-telephone,SmartTVRemote,video tv cast samsung tv,5,70,240,148,0.53
outils-telephone,SmartTVRemote,tv cast samsung,5,72,244,191,0.50
outils-telephone,SmartTVRemote,samsung smart tv cast,5,72,248,129,0.54
outils-telephone,SmartTVRemote,remote for tv,5,95,249,20,0.82
outils-telephone,SmartTVRemote,rca tv remote,5,91,250,240,0.48
outils-telephone,SmartTVRemote,universal remote tv smart,5,79,249,15,0.89
outils-telephone,SmartTVRemote,tv remote universal,5,96,246,84,0.59
outils-telephone,SmartTVRemote,remote control tv,5,80,248,71,0.61
outils-telephone,SmartTVRemote,android remote,5,73,249,19,0.83
outils-telephone,SmartTVRemote,seiki tv remote,5,86,250,216,0.49
outils-telephone,SmartTVRemote,telecommande mac,5,46,250,40,0.69
outils-telephone,SmartTVRemote,remote hd,5,46,245,17,0.86
outils-telephone,SmartTVRemote,magnavox tv remote,5,,249,149,0.53
outils-telephone,SmartTVRemote,control your tv,5,98,250,70,0.61
outils-telephone,SmartTVRemote,anymote smart universal remote,5,93,250,165,0.52
outils-telephone,SmartTVRemote,full control,5,56,162,156,0.52
outils-telephone,SmartTVRemote,remote control for roku,5,92,245,181,0.51
outils-telephone,SmartTVRemote,smart abc,5,64,237,76,0.60
outils-telephone,SmartTVRemote,apple tv movies,5,72,243,234,0.49
outils-telephone,SmartTVRemote,apple tv 4,5,86,243,11,0.98
outils-telephone,SmartTVRemote,watch control,5,82,245,9,1.06
outils-telephone,SmartTVRemote,movie remote,5,88,244,87,0.58
outils-telephone,SmartTVRemote,tv tablet,5,87,249,195,0.50
outils-telephone,SmartTVRemote,iphone tv,5,59,243,49,0.66
outils-telephone,SmartTVRemote,remote samsung,5,81,249,59,0.63
outils-telephone,SmartTVRemote,master remote,5,,226,110,0.56
outils-telephone,SmartTVRemote,fernbedienung für mac,5,55,250,63,0.62
outils-telephone,SmartTVRemote,prime guide,5,86,224,181,0.51
outils-telephone,SmartTVRemote,tv info,5,53,232,208,0.50
outils-telephone,SmartTVRemote,tv remote for roku,5,93,249,216,0.49
outils-telephone,SmartTVRemote,samsung tv keyboard,5,63,246,60,0.63
outils-telephone,SmartTVRemote,tv remote samsung,5,77,248,22,0.80
outils-telephone,SmartTVRemote,samsung remote tv,5,64,233,32,0.73
outils-telephone,SmartTVRemote,freeview remote,5,40,246,18,0.84
outils-telephone,SmartTVRemote,mac リモコン,5,45,250,169,0.51
outils-telephone,SmartTVRemote,tv programm app,5,81,239,69,0.61
outils-telephone,SmartTVRemote,tele samsung,5,80,220,11,0.98
outils-telephone,SmartTVRemote,universal remote control for tv,5,77,245,64,0.62
outils-telephone,SmartTVRemote,dynex tv remote,5,89,250,236,0.49
outils-telephone,SmartTVRemote,denon 500 series remote,5,,212,190,0.50
outils-telephone,SmartTVRemote,sansui remote,5,89,250,179,0.51
outils-telephone,SmartTVRemote,tivo remote,5,96,245,26,0.76
outils-telephone,SmartTVRemote,dvd remote,5,76,245,23,0.79
outils-telephone,SmartTVRemote,smart tv lg,5,91,222,58,0.63
outils-telephone,SmartTVRemote,for tv,5,77,227,77,0.60
outils-telephone,SmartTVRemote,wifi tv remote,5,,250,239,0.48
outils-telephone,SmartTVRemote,apple tv mirroring,5,,240,114,0.55
outils-telephone,SmartTVRemote,samsung cast to tv,5,65,238,150,0.52
outils-telephone,SmartTVRemote,directv remote,5,95,249,222,0.49
outils-telephone,SmartTVRemote,direct tv remote,5,98,250,116,0.55
outils-telephone,SmartTVRemote,remote control for vizio tv,5,,246,64,0.62
outils-telephone,SmartTVRemote,remote control for all tv,5,81,248,35,0.71
outils-telephone,SmartTVRemote,all tv remote,5,93,249,98,0.57
outils-telephone,SmartTVRemote,smart tv remote control,5,96,248,119,0.55
outils-telephone,SmartTVRemote,bravia tv remote,5,,248,236,0.49
outils-telephone,SmartTVRemote,samsung ac remote,5,54,249,194,0.50
outils-telephone,SmartTVRemote,vizio smart tv remote,5,80,250,35,0.71
outils-telephone,SmartTVRemote,smart tv remote lg,5,91,246,56,0.64
outils-telephone,SmartTVRemote,sansui tv remote,5,88,249,33,0.72
outils-telephone,SmartTVRemote,sky remote control,5,42,244,96,0.57
outils-telephone,SmartTVRemote,wireless display for smart tv,5,,249,61,0.63
outils-telephone,SmartTVRemote,tv remote control for all tv,5,,247,14,0.91
outils-telephone,SmartTVRemote,smart tv remote samsung,5,85,248,19,0.83
outils-telephone,SmartTVRemote,video & tv cast for lg smart tv,5,47,246,141,0.53
outils-telephone,SmartTVRemote,cast to smart tv,5,,247,123,0.54
outils-telephone,SmartTVRemote,tv out,5,86,246,154,0.52
outils-telephone,SmartTVRemote,for samsung,5,87,225,74,0.60
outils-telephone,SmartTVRemote,remote control samsung,5,85,247,53,0.64
outils-telephone,SmartTVRemote,apple tv fernbedienung,5,60,242,29,0.74
outils-telephone,SmartTVRemote,boxen app,5,65,246,193,0.50
outils-telephone,SmartTVRemote,remote android tv,5,,235,28,0.75
outils-telephone,SmartTVRemote,remove control,5,95,250,139,0.53
outils-telephone,SmartTVRemote,telecomando mac,5,86,246,103,0.56
outils-telephone,SmartTVRemote,remote controller,5,95,248,89,0.58
outils-telephone,SmartTVRemote,mirror for samsung tv,5,83,245,192,0.50
outils-telephone,SmartTVRemote,telecomande mac,5,94,245,67,0.61
outils-telephone,SmartTVRemote,my apple tv,5,,233,48,0.66
outils-telephone,SmartTVRemote,my remote,5,94,250,84,0.59
outils-telephone,SmartTVRemote,remote tv controller,5,40,243,38,0.70
outils-telephone,SmartTVRemote,universal tv remote controller,5,65,247,202,0.50
outils-telephone,SmartTVRemote,jackbox.tv,5,66,203,86,0.58
outils-telephone,SmartTVRemote,remote control samsung tv,5,57,244,34,0.71
outils-telephone,SmartTVRemote,smart tv hisense,5,76,249,51,0.65
outils-telephone,SmartTVRemote,hitachi smart tv,5,91,234,14,0.91
outils-telephone,SmartTVRemote,airplay apple tv,5,58,243,118,0.55
outils-telephone,SmartTVRemote,universal remote for tv,5,91,247,38,0.70
outils-telephone,SmartTVRemote,anyview cast smart tv,5,,247,67,0.61
outils-telephone,SmartTVRemote,vizio universal remote,5,88,248,44,0.67
outils-telephone,SmartTVRemote,allshare samsung tv,5,72,233,112,0.55
outils-telephone,SmartTVRemote,screen share samsung tv,5,83,249,218,0.49
outils-telephone,SmartTVRemote,apple tv airplay,5,72,244,85,0.58
outils-telephone,SmartTVRemote,tv remote for sony,5,78,229,177,0.51
outils-telephone,SmartTVRemote,远程控制,5,,230,33,0.72
outils-telephone,SmartTVRemote,beko tv,5,75,250,81,0.59
outils-telephone,SmartTVRemote,tv remote control for samsung,5,86,248,21,0.81
outils-telephone,SmartTVRemote,三星電視遙控器,5,64,213,5,1.34
outils-telephone,SmartTVRemote,ipad control,5,54,247,36,0.70
outils-telephone,SmartTVRemote,remote for fire tv,5,68,244,104,0.56
outils-telephone,SmartTVRemote,remove tv,5,,235,30,0.74
outils-telephone,SmartTVRemote,пульт управления,5,79,246,119,0.55
outils-telephone,SmartTVRemote,remote control for tv vizio,5,82,250,33,0.72
outils-telephone,SmartTVRemote,lg remote app,5,54,248,238,0.48
outils-telephone,SmartTVRemote,element tv,5,76,235,71,0.61
outils-telephone,SmartTVRemote,cast to apple tv,5,,248,156,0.52
outils-telephone,SmartTVRemote,apple tv cast,5,,226,19,0.83
outils-telephone,SmartTVRemote,television remote control,5,88,248,58,0.63
outils-telephone,SmartTVRemote,tv wireless display,5,,247,195,0.50
outils-telephone,SmartTVRemote,remote control tv universal,5,79,244,119,0.55
outils-telephone,SmartTVRemote,tv remote for lg,5,78,248,118,0.55
outils-telephone,SmartTVRemote,lg smart remote,5,54,246,158,0.52
outils-telephone,SmartTVRemote,remote tv for lg smart,5,,238,31,0.73
outils-telephone,SmartTVRemote,control for tv,5,,246,57,0.63
outils-telephone,SmartTVRemote,smart tv controller,5,82,248,51,0.65
outils-telephone,SmartTVRemote,sony smart tv remote,5,81,250,91,0.58
outils-telephone,SmartTVRemote,lg tv plus remote,5,51,249,236,0.49
outils-telephone,SmartTVRemote,スマートテレビ,5,83,226,13,0.93
outils-telephone,SmartTVRemote,smart tv remote app,5,89,250,19,0.83
outils-telephone,SmartTVRemote,smart tv rc,5,40,246,21,0.81
outils-telephone,SmartTVRemote,smart lg tv remote,5,77,235,17,0.86
outils-telephone,SmartTVRemote,remote for element tv,5,,250,65,0.62
outils-telephone,SmartTVRemote,remote for samsung,5,87,247,91,0.58
outils-telephone,SmartTVRemote,controlmeister for samsung tv,5,76,248,86,0.58
outils-telephone,SmartTVRemote,best tv remote,5,90,247,72,0.60
outils-telephone,SmartTVRemote,remote control for samsung,5,81,249,69,0.61
outils-telephone,SmartTVRemote,mando distancia samsung,5,69,235,139,0.53
outils-telephone,SmartTVRemote,samsung tv control,5,84,248,76,0.60
outils-telephone,SmartTVRemote,samsung tv fernbedinung,5,85,219,26,0.76
outils-telephone,SmartTVRemote,tv control remote,5,,246,59,0.63
outils-telephone,SmartTVRemote,lg tv remote control app,5,50,249,211,0.49
outils-telephone,SmartTVRemote,sony bravia remote,5,38,235,89,0.58
outils-telephone,SmartTVRemote,ipad remote control,5,40,244,24,0.78
outils-telephone,SmartTVRemote,vizio tv remote app,5,75,249,44,0.67
outils-telephone,SmartTVRemote,spectrum remote control,5,93,249,230,0.49
outils-telephone,SmartTVRemote,tv remote control free,5,72,250,67,0.61
outils-telephone,SmartTVRemote,jvc tv remote,5,75,249,116,0.55
outils-telephone,SmartTVRemote,telecommande ipad,5,40,250,28,0.75
outils-telephone,SmartTVRemote,control remoto universal tv,5,67,250,180,0.51
outils-telephone,SmartTVRemote,remote control for smart tv,5,81,248,71,0.61
outils-telephone,SmartTVRemote,samsung tv en casa,5,67,236,65,0.62
outils-telephone,SmartTVRemote,smart mirror tv device,5,,242,101,0.56
outils-telephone,SmartTVRemote,mirror for sony smart tv,5,40,238,87,0.58
outils-telephone,SmartTVRemote,proscan tv remote,5,88,250,61,0.63
outils-telephone,SmartTVRemote,ir tv remote,5,72,250,103,0.56
outils-telephone,SmartTVRemote,universal smart tv remote,5,90,249,54,0.64
outils-telephone,SmartTVRemote,smart remote for lg tv,5,51,247,52,0.65
outils-telephone,SmartTVRemote,video tv cast for fire tv,5,57,231,189,0.50
outils-telephone,SmartTVRemote,samsung tv controller,5,,235,23,0.79
outils-telephone,SmartTVRemote,remode,5,96,249,41,0.68
outils-telephone,SmartTVRemote,screen mirror for samsung tv,5,59,241,150,0.52
outils-telephone,SmartTVRemote,smart tv remote for vizio,5,80,248,10,1.02
outils-telephone,SmartTVRemote,fibaro for homekit devices,5,,229,26,0.76
outils-telephone,SmartTVRemote,sony smart tv,5,67,247,175,0.51
outils-telephone,SmartTVRemote,fire tv stick remote,5,70,245,167,0.52
outils-telephone,SmartTVRemote,fios tv remote,5,95,248,16,0.87
outils-telephone,SmartTVRemote,三星遙控器,5,71,225,8,1.10
outils-telephone,SmartTVRemote,mirroring samsung,5,68,236,177,0.51
outils-telephone,SmartTVRemote,any tv remote,5,,250,59,0.63
outils-telephone,SmartTVRemote,iphone tv remote,5,87,247,35,0.71
outils-telephone,SmartTVRemote,app smart view,5,,246,26,0.76
outils-telephone,SmartTVRemote,amazon fire tv remote free,5,82,250,77,0.60
outils-telephone,SmartTVRemote,air mirror for samsung tv,5,67,238,114,0.55
outils-telephone,SmartTVRemote,remote for roku tv,5,93,245,72,0.60
outils-telephone,SmartTVRemote,mac control,5,40,245,184,0.51
outils-telephone,SmartTVRemote,remote tv control,5,80,245,63,0.62
outils-telephone,SmartTVRemote,mirror for smart tv,5,45,223,58,0.63
outils-telephone,SmartTVRemote,tv kumanda,5,78,243,20,0.82
outils-telephone,SmartTVRemote,vizio smartcast mobile app,5,,243,214,0.49
outils-telephone,SmartTVRemote,free vizio tv remote,5,78,250,142,0.53
outils-telephone,SmartTVRemote,smart tv lg remote,5,51,236,47,0.66
outils-telephone,SmartTVRemote,roku ipad,5,,211,116,0.55
outils-telephone,SmartTVRemote,mirror for panasonic smart tv,5,40,239,128,0.54
outils-telephone,SmartTVRemote,easy remote,5,54,249,8,1.10
outils-telephone,SmartTVRemote,screen mirror samsung tv,5,59,243,233,0.49
outils-telephone,SmartTVRemote,remote learning,5,40,249,205,0.50
outils-telephone,SmartTVRemote,samsung smart view 2.0,5,,249,187,0.51
outils-telephone,SmartTVRemote,smart things app samsung,5,,250,223,0.49
outils-telephone,SmartTVRemote,smartthings tv,5,68,249,3,1.74
outils-telephone,SmartTVRemote,smartcast tv,5,73,246,183,0.51
outils-telephone,SmartTVRemote,smart view for iphone,5,75,244,43,0.68
outils-telephone,SmartTVRemote,vizio smartcast remote,5,,248,72,0.60
outils-telephone,SmartTVRemote,mirror for tv,5,72,228,155,0.52
outils-telephone,SmartTVRemote,smart view roku,5,71,223,172,0.51
outils-telephone,SmartTVRemote,smartcast for lg tv,5,40,235,167,0.52
outils-telephone,SmartTVRemote,smartcast remote,5,95,250,28,0.75
outils-telephone,SmartTVRemote,obs remote,5,,211,160,0.52
outils-telephone,SmartTVRemote,official kodi remote,5,,217,199,0.50
outils-telephone,SmartTVRemote,TV Forecast,5,72,226,134,0.54
outils-telephone,SmartTVRemote,ücretsiz,5,73,244,237,0.49
outils-telephone,SmartTVRemote,free lg tv remote,5,90,247,204,0.50
outils-telephone,SmartTVRemote,tv remote smart tv,5,,240,35,0.71
outils-telephone,SmartTVRemote,universal tv remote free,5,90,247,122,0.55
outils-telephone,SmartTVRemote,contrôle,5,46,245,188,0.50
outils-telephone,SmartTVRemote,akıllı,5,38,188,174,0.51
outils-telephone,SmartTVRemote,utili,5,80,235,232,0.49
outils-telephone,SmartTVRemote,tv-two watch,5,90,227,11,0.98
outils-telephone,SmartTVRemote,tv-two,5,46,242,229,0.49
outils-telephone,SmartTVRemote,discover shows,5,91,244,177,0.51
outils-telephone,SmartTVRemote,samusant,5,40,227,196,0.50
outils-telephone,SmartTVRemote,screen mirror samsung tv free,5,63,239,193,0.50
outils-telephone,SmartTVRemote,best tv app,5,79,245,5,1.34
outils-telephone,SmartTVRemote,samsung frame tv,5,,241,29,0.74
outils-telephone,SmartTVRemote,roku remote tv,5,84,244,162,0.52
outils-telephone,SmartTVRemote,Computer Remote Control,5,45,235,136,0.53
outils-telephone,SmartTVRemote,doppio schermo cast smart tv,5,40,247,54,0.64
outils-telephone,SmartTVRemote,remote iphone,5,48,239,221,0.49
outils-telephone,SmartTVRemote,samsung accessory,5,68,233,115,0.55
outils-telephone,SmartTVRemote,android tv box remote,5,76,250,98,0.57
outils-telephone,SmartTVRemote,my tf,5,,228,199,0.50
outils-telephone,SmartTVRemote,vizio smart,5,93,235,159,0.52
outils-telephone,SmartTVRemote,smartthings tv samsung remote,5,76,250,8,1.10
outils-telephone,SmartTVRemote,macbook remote control,5,32,236,91,0.58
outils-telephone,SmartTVRemote,remot control,5,77,242,117,0.55
outils-telephone,SmartTVRemote,remote contorl,5,,250,142,0.53
outils-telephone,SmartTVRemote,all tv remote control,5,90,249,43,0.68
outils-telephone,SmartTVRemote,remote control for android tv,5,51,250,215,0.49
outils-telephone,SmartTVRemote,smrt,5,66,248,35,0.71
outils-telephone,SmartTVRemote,Roku remotes,5,97,219,130,0.54
outils-telephone,SmartTVRemote,smart tv volume,5,40,247,4,1.49
outils-telephone,SmartTVRemote,roku tv remote app,5,89,240,191,0.50
outils-telephone,SmartTVRemote,roku tv remote control,5,90,238,213,0.49
outils-telephone,SmartTVRemote,remote control for tv roku,5,89,240,143,0.53
outils-telephone,SmartTVRemote,control remoto apple tv,5,79,249,30,0.74
outils-telephone,SmartTVRemote,xfinity tv remote,5,93,246,33,0.72
outils-telephone,SmartTVRemote,remote for xfinity,5,,224,32,0.73
outils-telephone,SmartTVRemote,مجانا,5,98,242,109,0.56
outils-telephone,SmartTVRemote,cast smart,5,45,237,208,0.50
outils-telephone,SmartTVRemote,fire tv remote control,5,79,243,191,0.50
outils-telephone,SmartTVRemote,tv production app,5,66,246,62,0.62
outils-telephone,SmartTVRemote,duplica cast pantalla smart tv,5,55,249,223,0.49
outils-telephone,SmartTVRemote,free smart tv remote,5,88,250,67,0.61
outils-telephone,SmartTVRemote,jvc smart tv remote,5,76,250,30,0.74
outils-telephone,SmartTVRemote,원격 데스크톱,5,82,234,115,0.55
outils-telephone,SmartTVRemote,원격,5,53,192,129,0.54
outils-telephone,SmartTVRemote,push-button control,5,40,247,39,0.69
outils-telephone,SmartTVRemote,tv changer,5,80,250,66,0.62
outils-telephone,SmartTVRemote,hbo remote,5,94,248,93,0.57
outils-telephone,SmartTVRemote,bn59,5,75,250,60,0.63
outils-telephone,SmartTVRemote,8tv,5,55,248,239,0.48
outils-telephone,SmartTVRemote,free remote control for tv,5,93,250,162,0.52
outils-telephone,SmartTVRemote,รีโมท,5,56,250,110,0.56
outils-telephone,SmartTVRemote,smart view tv,5,66,248,123,0.54
outils-telephone,SmartTVRemote,tv cast for fire tv stick,5,,232,83,0.59
outils-telephone,SmartTVRemote,tv mirror for fire tv,5,54,229,157,0.52
outils-telephone,SmartTVRemote,remote for tcl tv,5,,249,114,0.55
outils-telephone,SmartTVRemote,free tcl remote,5,,246,78,0.59
outils-telephone,SmartTVRemote,lg smart tv remote free,5,50,249,72,0.60
outils-telephone,SmartTVRemote,beamer remote,5,40,248,97,0.57
outils-telephone,SmartTVRemote,control samsung tv,5,67,247,23,0.79
outils-telephone,SmartTVRemote,roku - official remote control,5,93,223,80,0.59
outils-telephone,SmartTVRemote,roku express remote,5,88,249,115,0.55
outils-telephone,SmartTVRemote,universal roku tv remote,5,89,247,152,0.52
outils-telephone,SmartTVRemote,fire tv lite,5,55,235,171,0.51
outils-telephone,SmartTVRemote,remove tv samsung,5,40,238,57,0.63
outils-telephone,SmartTVRemote,sensustech llc,5,95,250,232,0.49
outils-telephone,SmartTVRemote,smart tv mirroring,5,55,234,75,0.60
outils-telephone,SmartTVRemote,smart tv screen share,5,40,243,44,0.67
outils-telephone,SmartTVRemote,vizio tv remote control,5,75,248,116,0.55
outils-telephone,SmartTVRemote,universal remote free vizio,5,84,250,166,0.52
outils-telephone,SmartTVRemote,display mirror & cast smart tv,5,63,241,126,0.54
outils-telephone,SmartTVRemote,watch & share smart web video,5,98,244,19,0.83
outils-telephone,SmartTVRemote,cermin skrin cast smart tv hd,5,42,246,115,0.55
outils-telephone,SmartTVRemote,espelho tela cast smart tv hd,5,63,246,83,0.59
outils-telephone,SmartTVRemote,projeção ecrã cast smart tv hd,5,59,248,81,0.59
outils-telephone,SmartTVRemote,oglindire ecran cast smart tv,5,54,248,107,0.56
outils-telephone,SmartTVRemote,philips roku tv remote,5,95,249,56,0.64
outils-telephone,SmartTVRemote,remote control for mac pro,5,40,242,110,0.56
outils-telephone,SmartTVRemote,smart mirror tv,5,40,240,84,0.59
outils-telephone,SmartTVRemote,free hisense smart tv remote,5,89,249,102,0.56
outils-telephone,SmartTVRemote,the watchapp 2,5,84,248,90,0.58
outils-telephone,SmartTVRemote,sambung,5,70,248,133,0.54
outils-telephone,SmartTVRemote,000 views,5,84,247,19,0.83
outils-telephone,SmartTVRemote,free thing,5,76,250,216,0.49
outils-telephone,SmartTVRemote,free things app,5,67,247,56,0.64
outils-telephone,SmartTVRemote,get free things app,5,66,250,121,0.55
outils-telephone,SmartTVRemote,100 things,5,57,233,132,0.54
outils-telephone,SmartTVRemote,bluetooth remote for macbook pro,5,32,237,95,0.57
outils-telephone,SmartTVRemote,hp remote,5,72,244,15,0.89
outils-telephone,SmartTVRemote,macbook remoter,5,87,248,215,0.49
outils-telephone,SmartTVRemote,roku smart tv remote,5,93,248,136,0.53
outils-telephone,SmartTVRemote,apple tv finder,5,93,244,29,0.74
outils-telephone,SmartTVRemote,skärmspegling till tv,5,80,247,10,1.02
outils-telephone,SmartTVRemote,التلفزيون,5,95,237,12,0.96
outils-telephone,SmartTVRemote,smart cast for smart tv,5,,242,76,0.60
outils-telephone,SmartTVRemote,bravia smart tv mirroring,5,43,237,226,0.49
outils-telephone,SmartTVRemote,bravia smart tv screen,5,42,248,154,0.52
outils-telephone,SmartTVRemote,chromecast watch remote,5,87,249,83,0.59
outils-telephone,SmartTVRemote,duplicar pantalla de iphone a smart tv,5,77,249,200,0.50
outils-telephone,SmartTVRemote,free smart tv mirror,5,27,242,156,0.52
outils-telephone,SmartTVRemote,free video cast for smart tv,5,42,242,128,0.54
outils-telephone,SmartTVRemote,ipad mac second screen app,5,88,243,26,0.76
outils-telephone,SmartTVRemote,iphone mac second screen,5,87,246,157,0.52
outils-telephone,SmartTVRemote,samsung apple,5,81,234,37,0.70
outils-telephone,SmartTVRemote,samsung tv cast free,5,90,244,103,0.56
outils-telephone,SmartTVRemote,samung tv mirror,5,82,244,160,0.52
outils-telephone,SmartTVRemote,smart ciew mirroring,5,40,237,180,0.51
outils-telephone,SmartTVRemote,smart mirrow cast,5,40,240,161,0.52
outils-telephone,SmartTVRemote,smart tv screen mirrioring,5,51,241,156,0.52
outils-telephone,SmartTVRemote,smart veiw for iphones,5,70,244,21,0.81
outils-telephone,SmartTVRemote,smart view tv iphon,5,40,248,8,1.10
outils-telephone,SmartTVRemote,smarttv share,5,40,242,207,0.50
outils-telephone,SmartTVRemote,snart view mirrior,5,40,231,86,0.58
outils-telephone,SmartTVRemote,sony smart tv mirror,5,40,239,91,0.58
outils-telephone,SmartTVRemote,streaming mirror for smart tv,5,40,239,179,0.51
outils-telephone,SmartTVRemote,tv mirror for samsung free,5,40,239,74,0.60
outils-telephone,SmartTVRemote,tv mirror for smart tv,5,61,238,18,0.84
outils-telephone,SmartTVRemote,tv mirror for sansung,5,40,227,30,0.74
outils-telephone,SmartTVRemote,tv mirror for smart tv free,5,60,242,46,0.67
outils-telephone,SmartTVRemote,tv mirror for video,5,40,230,183,0.51
outils-telephone,SmartTVRemote,screen mirroring for smart tvs,5,62,235,179,0.51
outils-telephone,SmartTVRemote,smart tv things for sam tv app,5,74,248,15,0.89
outils-telephone,SmartTVRemote,remote control for sony tvs,5,,230,136,0.53
outils-telephone,SmartTVRemote,arçelik,5,75,40,34,0.71
outils-telephone,SmartTVRemote,universal smart,5,75,243,230,0.49
outils-telephone,SmartTVRemote,samsung smart share,5,58,247,151,0.52
outils-telephone,SmartTVRemote,เชื่อมต่อทีวี,5,53,240,172,0.51
outils-telephone,SmartTVRemote,view screen,5,49,239,176,0.51
outils-telephone,SmartTVRemote,smart clean-,5,43,235,206,0.50
outils-telephone,SmartTVRemote,smartthings tv samsung,5,76,249,7,1.16
outils-telephone,SmartTVRemote,remote for vizio,5,88,247,138,0.53
outils-telephone,SmartTVRemote,remote control vizio,5,72,247,162,0.52
outils-telephone,SmartTVRemote,smartthings oven,5,71,249,160,0.52
outils-telephone,SmartTVRemote,bildschirm spiegeln・teilen tv,5,59,246,27,0.76
outils-telephone,SmartTVRemote,espelhar tela celular smart tv,5,81,250,90,0.58
outils-telephone,SmartTVRemote,skärmspegling till tv・replica,5,58,248,204,0.50
outils-telephone,SmartTVRemote,#1 skjermspeiling play cast tv,5,71,247,172,0.51
outils-telephone,SmartTVRemote,#1 screen share smart tv & pc,5,42,247,140,0.53
outils-telephone,SmartTVRemote,cast video smart web tv,5,42,245,140,0.53
outils-telephone,SmartTVRemote,cast tv smart web video,5,42,244,186,0.51
outils-telephone,SmartTVRemote,smart web cast tv,5,42,244,211,0.49
outils-telephone,SmartTVRemote,fernbefienung für mac,5,58,249,236,0.49
outils-telephone,SmartTVRemote,telecommande mac book,5,43,249,44,0.67
outils-telephone,SmartTVRemote,mac remote gratuit,5,43,249,168,0.51
outils-telephone,SmartTVRemote,ipad fernbedienung,5,46,249,160,0.52
outils-telephone,SmartTVRemote,wirless remote,5,84,250,172,0.51
outils-telephone,SmartTVRemote,אפ,5,84,248,147,0.53
outils-telephone,SmartTVRemote,tv cast for samsung tv,5,73,247,171,0.51
outils-telephone,SmartTVRemote,vizo,5,93,250,100,0.57
outils-telephone,SmartTVRemote,mirror・smart view,5,40,232,156,0.52
outils-telephone,SmartTVRemote,mirror・smart,5,40,235,206,0.50
outils-telephone,SmartTVRemote,remote control for insignia tv,5,90,249,83,0.59
outils-telephone,SmartTVRemote,tv remote for insignia,5,91,250,234,0.49
outils-telephone,SmartTVRemote,(samsung,5,42,211,125,0.54
outils-telephone,SmartTVRemote,remote keypad pro,5,40,239,230,0.49
outils-telephone,SmartTVRemote,remotes numpad,5,40,247,163,0.52
outils-telephone,SmartTVRemote,smart-tv,5,80,250,97,0.57
outils-telephone,SmartTVRemote,New Apple Watch App,5,70,241,177,0.51
outils-telephone,SmartTVRemote,smart tv remote free,5,94,250,39,0.69
outils-telephone,SmartTVRemote,smart tv things,5,70,240,18,0.84
outils-telephone,SmartTVRemote,alexa tv remote,5,,216,186,0.51
outils-telephone,SmartTVRemote,apple remote for iphone,5,81,245,24,0.78
outils-telephone,SmartTVRemote,smart cast samsung,5,75,245,187,0.51
outils-telephone,SmartTVRemote,watch app 2,5,91,248,63,0.62
outils-telephone,SmartTVRemote,4biddenknowledge tv,5,79,200,11,0.98
outils-telephone,SmartTVRemote,fire stick tv remote,5,63,247,89,0.58
outils-telephone,SmartTVRemote,toshiba tv smart center,5,62,249,110,0.56
outils-telephone,SmartTVRemote,veon tv remote,5,73,239,157,0.52
outils-telephone,SmartTVRemote,frame tv,5,66,250,15,0.89
outils-telephone,SmartTVRemote,remoto universal,5,,234,66,0.62
outils-telephone,SmartTVRemote,control screen,5,79,247,18,0.84
outils-telephone,SmartTVRemote,android smart,5,61,226,15,0.89
outils-telephone,SmartTVRemote,hisense android tv remote,5,89,247,115,0.55
outils-telephone,SmartTVRemote,hisense roku tv remote,5,81,247,184,0.51
outils-telephone,SmartTVRemote,remote control for vizio,5,95,248,204,0.50
outils-telephone,SmartTVRemote,insignia smart tv remote,5,,249,71,0.61
outils-telephone,SmartTVRemote,free remote for tv,5,,250,62,0.62
outils-telephone,SmartTVRemote,ps5 remote,5,,198,195,0.50
outils-telephone,SmartTVRemote,дублирование экрана,5,50,227,220,0.49
outils-telephone,SmartTVRemote,safe tv,5,49,244,101,0.56
outils-telephone,SmartTVRemote,mirroring smart,5,67,239,192,0.50
outils-telephone,SmartTVRemote,pioneer tv remote,5,85,249,213,0.49
outils-telephone,SmartTVRemote,tv universal remote,5,89,246,79,0.59
outils-telephone,SmartTVRemote,android tv remote free,5,85,250,186,0.51
outils-telephone,SmartTVRemote,mirror to samsung,5,78,222,98,0.57
outils-telephone,SmartTVRemote,severance,5,87,249,76,0.60
outils-telephone,SmartTVRemote,remote for insignia tv,5,,249,100,0.57
outils-telephone,SmartTVRemote,tlc remote,5,,235,50,0.65
outils-telephone,SmartTVRemote,screen mirroring ipad free apple tv,5,58,234,185,0.51
outils-telephone,SmartTVRemote,remote for sony roku smart tv,5,81,245,11,0.98
outils-telephone,SmartTVRemote,remote smart tv tlc,5,40,245,6,1.24
outils-telephone,SmartTVRemote,screen cast for apple tv,5,59,246,64,0.62
outils-telephone,SmartTVRemote,airplay tv remote,5,59,246,98,0.57
outils-telephone,SmartTVRemote,remote for tlc tv remote,5,46,245,105,0.56
outils-telephone,SmartTVRemote,mytifi remote,5,32,245,5,1.34
outils-telephone,SmartTVRemote,remote control tv smart,5,70,250,12,0.96
outils-telephone,SmartTVRemote,guarda la tv,5,78,245,167,0.52
outils-telephone,SmartTVRemote,vizio remote free,5,,236,180,0.51
outils-telephone,SmartTVRemote,mirror smart,5,,240,178,0.51
outils-telephone,SmartTVRemote,controlo remoto,5,73,240,138,0.53
outils-telephone,SmartTVRemote,remote for sharp tv,5,,250,113,0.55
outils-telephone,SmartTVRemote,remote control for fire tv,5,66,246,135,0.54
outils-telephone,SmartTVRemote,smart tv remote control plus,5,45,247,2,2.29
outils-telephone,SmartTVRemote,ss remote,5,51,244,5,1.34
outils-telephone,SmartTVRemote,dropbox apple tv,5,100,242,44,0.67
outils-telephone,SmartTVRemote,onedrive apple tv,5,86,243,28,0.75
outils-telephone,SmartTVRemote,google apple tv,5,86,244,111,0.55
outils-telephone,SmartTVRemote,icloud apple tv,5,87,243,40,0.69
outils-telephone,SmartTVRemote,icloud tv,5,79,244,211,0.49
outils-telephone,SmartTVRemote,vizio remote app,5,79,211,52,0.65
outils-telephone,SmartTVRemote,Cast Smart TV,5,42,241,49,0.66
outils-telephone,SmartTVRemote,smart chromecast,5,52,239,173,0.51
outils-telephone,SmartTVRemote,lg remoto,5,72,213,68,0.61
outils-telephone,SmartTVRemote,tv remote for roku smart tv,5,86,241,71,0.61
outils-telephone,SmartTVRemote,samsung frame tv remote,5,,224,41,0.68
outils-telephone,SmartTVRemote,watchapp for watch,5,55,240,194,0.50
outils-telephone,SmartTVRemote,mi remote controller for tv,5,71,250,7,1.16
outils-telephone,SmartTVRemote,tv sexy,5,76,220,217,0.49
outils-telephone,SmartTVRemote,tv remote control for vizio tv,5,,232,40,0.69
outils-telephone,SmartTVRemote,apple tv dropbox,5,100,240,37,0.70
outils-telephone,SmartTVRemote,apple tv onedrive,5,86,246,31,0.73
outils-telephone,SmartTVRemote,i love tv app,5,70,247,7,1.16
outils-telephone,SmartTVRemote,love tv app,5,84,247,193,0.50
outils-telephone,SmartTVRemote,insignia tv remote control,5,72,249,231,0.49
outils-telephone,SmartTVRemote,video & tv cast + samsung tv,5,78,242,83,0.59
outils-telephone,SmartTVRemote,video & tv cast | samsung tv,5,78,237,42,0.68
outils-telephone,SmartTVRemote,universal tv remote hisense,5,80,250,141,0.53
outils-telephone,SmartTVRemote,tv cast for fire tvã¢â®,5,56,236,203,0.50
outils-telephone,SmartTVRemote,mirroring app gratis,5,87,247,147,0.53
outils-telephone,SmartTVRemote,fire tv & fire stick miroir,5,56,236,83,0.59
outils-telephone,SmartTVRemote,jouer tv sur fire tv,5,97,248,30,0.74
outils-telephone,SmartTVRemote,fire tv gratuit,5,91,216,80,0.59
outils-telephone,SmartTVRemote,screenjouer fire tv,5,57,241,76,0.60
outils-telephone,SmartTVRemote,smart tv jouer mobile,5,60,209,19,0.83
outils-telephone,SmartTVRemote,fire tv streamen,5,59,241,76,0.60
outils-telephone,SmartTVRemote,smart tv mobil spielen,5,42,244,136,0.53
outils-telephone,SmartTVRemote,tv remote apple watch,5,83,242,4,1.49
outils-telephone,SmartTVRemote,smart streamen mobile,5,79,231,53,0.64
outils-telephone,SmartTVRemote,video and tv cast for lg cast,5,64,231,39,0.69
outils-telephone,SmartTVRemote,mobile smartcast,5,59,244,194,0.50
outils-telephone,SmartTVRemote,cast di smarttv,5,54,239,27,0.76
outils-telephone,SmartTVRemote,gratis mirror app,5,40,238,198,0.50
outils-telephone,SmartTVRemote,smart tv roku,5,96,247,191,0.50
outils-telephone,SmartTVRemote,smartsmart tv,5,77,237,74,0.60
outils-telephone,SmartTVRemote,smarttv hisense,5,77,248,136,0.53
outils-telephone,SmartTVRemote,video tv cast sony app,5,82,218,38,0.70
outils-telephone,SmartTVRemote,oled tv app,5,80,249,65,0.62
outils-telephone,SmartTVRemote,tv transmitir sony,5,73,229,162,0.52
outils-telephone,SmartTVRemote,smarttv philips,5,93,247,138,0.53
outils-telephone,SmartTVRemote,philips cast remote,5,88,241,60,0.63
outils-telephone,SmartTVRemote,philips tv ambilight,5,77,217,31,0.73
outils-telephone,SmartTVRemote,philips tv remote free,5,84,249,168,0.51
outils-telephone,SmartTVRemote,smart television,5,40,245,8,1.10
outils-telephone,SmartTVRemote,tv mirror for samsung cast,5,53,223,85,0.58
outils-telephone,SmartTVRemote,mirror samsung cast,5,40,216,133,0.54
outils-telephone,SmartTVRemote,mirror to samsung cast,5,58,215,149,0.53
outils-telephone,SmartTVRemote,samsung tv cast screen free,5,72,244,226,0.49
outils-telephone,SmartTVRemote,samsung cast remote,5,44,243,80,0.59
outils-telephone,SmartTVRemote,samsung cast mirroring,5,64,227,87,0.58
outils-telephone,SmartTVRemote,samsung cast screen mirror,5,56,216,156,0.52
outils-telephone,SmartTVRemote,mirror for samsung cast,5,40,215,134,0.54
outils-telephone,SmartTVRemote,samsung tv a distanza,5,73,247,55,0.64
outils-telephone,SmartTVRemote,samsung tv a distanza control,5,43,246,22,0.80
outils-telephone,SmartTVRemote,video tv samsung tv,5,49,223,21,0.81
outils-telephone,SmartTVRemote,smart tv smart,5,76,216,32,0.73
outils-telephone,SmartTVRemote,video and tv smart for samsung,5,73,226,33,0.72
outils-telephone,SmartTVRemote,samsung tv smart,5,85,242,21,0.81
outils-telephone,SmartTVRemote,samsung tv remoto control,5,40,242,25,0.77
outils-telephone,SmartTVRemote,video tv smart for samsung smart tv,5,72,235,9,1.06
outils-telephone,SmartTVRemote,screen smart gratis,5,59,244,37,0.70
outils-telephone,SmartTVRemote,samsung mirroring gratis,5,72,239,107,0.56
outils-telephone,SmartTVRemote,tv smart for samsung smart,5,88,215,16,0.87
outils-telephone,SmartTVRemote,samsung smart remoto,5,72,245,14,0.91
outils-telephone,SmartTVRemote,samsung tv fernbedienung control,5,88,222,24,0.78
outils-telephone,SmartTVRemote,samsung tv  telecomande,5,86,223,29,0.74
outils-telephone,SmartTVRemote,video tv pour samsung,5,42,239,46,0.67
outils-telephone,SmartTVRemote,video tv samsung,5,49,225,23,0.79
outils-telephone,SmartTVRemote,tv  pour samsung,5,40,238,58,0.63
outils-telephone,SmartTVRemote,samsung tv gratuit,5,78,225,20,0.82
outils-telephone,SmartTVRemote,apple vr,5,98,244,150,0.52
outils-telephone,SmartTVRemote,video tv cast for tcl smart tv,5,85,235,63,0.62
outils-telephone,SmartTVRemote,tcl tv mirror,5,53,239,170,0.51
outils-telephone,SmartTVRemote,tcl smart tv mirror,5,40,241,55,0.64
outils-telephone,SmartTVRemote,tcl cast remote,5,83,245,176,0.51
outils-telephone,SmartTVRemote,gratis tv smart,5,96,239,19,0.83
outils-telephone,SmartTVRemote,samsung compartir pantalla,5,72,193,63,0.62
outils-telephone,SmartTVRemote,samsung transmitir,5,81,195,126,0.54
outils-telephone,SmartTVRemote,samsung television keyboard,5,40,248,84,0.59
outils-telephone,SmartTVRemote,samsung transmitir remoto,5,82,212,85,0.58
outils-telephone,SmartTVRemote,smarthing tv,5,87,219,10,1.02
outils-telephone,SmartTVRemote,gratuit tv diffuser,5,45,250,181,0.51
outils-telephone,SmartTVRemote,gratis tv transmitir,5,77,248,176,0.51
outils-telephone,SmartTVRemote,tv transmitir,5,79,250,114,0.55
outils-telephone,SmartTVRemote,smart remote controller,5,,250,5,1.34
outils-telephone,SmartTVRemote,smart controller samsung,5,71,239,15,0.89
outils-telephone,SmartTVRemote,smart remote control samsung,5,78,250,23,0.79
outils-telephone,SmartTVRemote,smart control samsung tv,5,53,239,10,1.02
outils-telephone,SmartTVRemote,universal smart controller,5,42,247,137,0.53
outils-telephone,SmartTVRemote,samsung touchpad,5,44,241,60,0.63
outils-telephone,SmartTVRemote,samsung tv keyword,5,40,238,24,0.78
outils-telephone,SmartTVRemote,samsung tv touchpad,5,42,245,121,0.55
outils-telephone,SmartTVRemote,samsung smart tv control,5,87,250,13,0.93
outils-telephone,SmartTVRemote,samsung smarttv control,5,78,238,7,1.16
outils-telephone,SmartTVRemote,mobile remote controller,5,83,247,219,0.49
outils-telephone,SmartTVRemote,mobile controller samsung,5,79,239,71,0.61
outils-telephone,SmartTVRemote,free samsung control,5,87,247,23,0.79
outils-telephone,SmartTVRemote,remote control tv plus,5,47,246,91,0.58
outils-telephone,SmartTVRemote,smart remote for samsung,5,81,243,20,0.82
outils-telephone,SmartTVRemote,universal remote smart tv,5,90,246,8,1.10
outils-telephone,SmartTVRemote,free remote samsung,5,76,250,150,0.52
outils-telephone,SmartTVRemote,samsung remote keyboard,5,44,241,109,0.56
outils-telephone,SmartTVRemote,allshare smart tv,5,73,246,24,0.78
outils-telephone,SmartTVRemote,mobile smart tv manager,5,73,247,128,0.54
outils-telephone,SmartTVRemote,samsung virtual remote,5,94,249,146,0.53
outils-telephone,SmartTVRemote,remote keyword samsung,5,72,240,57,0.63
outils-telephone,SmartTVRemote,samsung tv control free,5,57,243,18,0.84
outils-telephone,SmartTVRemote,roku for samsung remote,5,83,240,140,0.53
outils-telephone,SmartTVRemote,fire stick samsung remote,5,59,240,120,0.55
outils-telephone,SmartTVRemote,smart view remote,5,72,247,1,5.00
outils-telephone,SmartTVRemote,smarthings tv remote,5,42,246,1,5.00
outils-telephone,SmartTVRemote,remote for roku samsung,5,83,241,132,0.54
outils-telephone,SmartTVRemote,roku smart remote,5,93,249,110,0.56
outils-telephone,SmartTVRemote,gratis samsung control remoto,5,73,245,51,0.65
outils-telephone,SmartTVRemote,smart tv control remoto samsung,5,86,223,14,0.91
outils-telephone,SmartTVRemote,samsung control remoto gratis,5,72,246,55,0.64
outils-telephone,SmartTVRemote,samsung control a distancia,5,70,56,27,0.76
outils-telephone,SmartTVRemote,smart tv control remoto para samsung,5,90,226,20,0.82
outils-telephone,SmartTVRemote,control remoto samsung smart,5,82,243,19,0.83
outils-telephone,SmartTVRemote,samsung tv control gratis,5,58,243,28,0.75
outils-telephone,SmartTVRemote,control remoto smart samsung,5,78,245,21,0.81
outils-telephone,SmartTVRemote,teclado samsung tv,5,81,225,29,0.74
outils-telephone,SmartTVRemote,tv control for samsung,5,83,248,16,0.87
outils-telephone,SmartTVRemote,universal control remoto tv,5,71,246,212,0.49
outils-telephone,SmartTVRemote,samsung tv control a distancia,5,55,56,26,0.76
outils-telephone,SmartTVRemote,mando remoto samsung,5,54,118,17,0.86
outils-telephone,SmartTVRemote,samsung smart steuerung,5,75,242,29,0.74
outils-telephone,SmartTVRemote,samsung tv steuerung,5,43,222,24,0.78
outils-telephone,SmartTVRemote,samsung tv steuerung kostenlos,5,73,249,55,0.64
outils-telephone,SmartTVRemote,samsung tv tastatur,5,45,222,21,0.81
outils-telephone,SmartTVRemote,samsung steuerung,5,58,222,19,0.83
outils-telephone,SmartTVRemote,samsung controle remoto gratis,5,44,244,25,0.77
outils-telephone,SmartTVRemote,gratis samsung controle remoto,5,37,221,57,0.63
outils-telephone,SmartTVRemote,samsung controlador,5,40,239,26,0.76
outils-telephone,SmartTVRemote,controle remoto tv control,5,73,246,87,0.58
outils-telephone,SmartTVRemote,samsung smart controle remoto,5,40,242,9,1.06
outils-telephone,SmartTVRemote,smart tv controle remoto samsung,5,41,221,2,2.29
outils-telephone,SmartTVRemote,smart tv controle remoto para samsung,5,40,245,10,1.02
outils-telephone,SmartTVRemote,smart view controle,5,73,242,8,1.10
outils-telephone,SmartTVRemote,fire stick samsung controle remoto,5,58,234,218,0.49
outils-telephone,SmartTVRemote,controlador samsung tv,5,42,238,34,0.71
outils-telephone,SmartTVRemote,tv controle remoto for samsung,5,89,216,15,0.89
outils-telephone,SmartTVRemote,controlador samsung,5,40,239,29,0.74
outils-telephone,SmartTVRemote,controle remoto para samsung gratis,5,82,228,28,0.75
outils-telephone,SmartTVRemote,samsung telecommande gratuit,5,37,132,9,1.06
outils-telephone,SmartTVRemote,samsung controleur,5,73,249,155,0.52
outils-telephone,SmartTVRemote,smart tv telecommande samsung,5,36,124,11,0.98
outils-telephone,SmartTVRemote,telecommande pour samsung tv,5,57,249,27,0.76
outils-telephone,SmartTVRemote,smart tv telecommande pour samsung,5,91,221,10,1.02
outils-telephone,SmartTVRemote,samsung tv control gratuit,5,82,242,25,0.77
outils-telephone,SmartTVRemote,samsung tv clavier,5,42,238,62,0.62
outils-telephone,SmartTVRemote,tv telecommande pour samsung,5,42,249,18,0.84
outils-telephone,SmartTVRemote,samsung control gratuit,5,72,244,12,0.96
outils-telephone,SmartTVRemote,telecommande pour samsung gratuit,5,40,130,35,0.71
outils-telephone,SmartTVRemote,telecommande tele samsung,5,72,250,49,0.66
outils-telephone,SmartTVRemote,smart control lg,5,50,245,190,0.50
outils-telephone,SmartTVRemote,smart remote control lg,5,49,242,52,0.65
outils-telephone,SmartTVRemote,smart control lg tv,5,50,239,162,0.52
outils-telephone,SmartTVRemote,smart tv remote for lg,5,90,244,63,0.62
outils-telephone,SmartTVRemote,controlling lg,5,67,247,122,0.55
outils-telephone,SmartTVRemote,controlling lg tv,5,59,243,221,0.49
outils-telephone,SmartTVRemote,controlling lg tv,5,59,243,221,0.49
outils-telephone,SmartTVRemote,universal smart smart control,5,40,246,55,0.64
outils-telephone,SmartTVRemote,smart mando a distancia remoto para lg,5,61,196,18,0.84
outils-telephone,SmartTVRemote,mando a distancia remoto para lg,5,56,220,68,0.61
outils-telephone,SmartTVRemote,universal control remoto smart tv,5,74,249,39,0.69
outils-telephone,SmartTVRemote,lg tv control gratuit,5,89,225,51,0.65
outils-telephone,SmartTVRemote,telecommande lg gratuit,5,46,250,129,0.54
outils-telephone,SmartTVRemote,lg smarttv controle remoto,5,50,246,88,0.58
outils-telephone,SmartTVRemote,smart tv lg controle remoto,5,91,221,93,0.57
outils-telephone,SmartTVRemote,smart tv remoto for lg,5,49,239,199,0.50
outils-telephone,SmartTVRemote,universal remoto smart tv,5,46,246,32,0.73
outils-telephone,SmartTVRemote,remote grundig,5,76,247,169,0.51
outils-telephone,SmartTVRemote,free arçelik,5,94,45,19,0.83
outils-telephone,SmartTVRemote,remote arçelik,5,42,247,13,0.93
outils-telephone,SmartTVRemote,arçelik tv cast,5,40,246,19,0.83
outils-telephone,SmartTVRemote,free beko,5,66,53,12,0.96
outils-telephone,SmartTVRemote,remote beko,5,83,247,28,0.75
outils-telephone,SmartTVRemote,beko screen mirror,5,53,244,238,0.48
outils-telephone,SmartTVRemote,beko tv cast,5,58,249,12,0.96
outils-telephone,SmartTVRemote,changhong tv cast,5,83,250,166,0.52
outils-telephone,SmartTVRemote,arçelik tv,5,71,250,7,1.16
outils-telephone,SmartTVRemote,arçelik tv screen,5,40,234,220,0.49
outils-telephone,SmartTVRemote,arçelik tv mirroring for free,5,40,237,166,0.52
outils-telephone,SmartTVRemote,beko tv screen,5,40,246,7,1.16
outils-telephone,SmartTVRemote,beko tv mirroring for free,5,40,235,136,0.53
outils-telephone,SmartTVRemote,arçelik tv screen share,5,40,238,215,0.49
outils-telephone,SmartTVRemote,arçelik tv screen mirroring,5,40,240,176,0.51
outils-telephone,SmartTVRemote,beko tv screen share,5,40,247,26,0.76
outils-telephone,SmartTVRemote,beko tv screen mirroring,5,40,234,234,0.49
outils-telephone,SmartTVRemote,arçelik tv mirror for,5,43,237,118,0.55
outils-telephone,SmartTVRemote,beko tv mirror for,5,40,241,26,0.76
outils-telephone,SmartTVRemote,beko screen mirror for,5,43,239,190,0.50
outils-telephone,SmartTVRemote,beko screen mirroring for,5,40,242,237,0.49
outils-telephone,SmartTVRemote,sharp tv mirror for,5,40,242,44,0.67
outils-telephone,SmartTVRemote,changhong tv mirror for,5,40,237,218,0.49
outils-telephone,SmartTVRemote,toshiba tv streamen,5,70,241,105,0.56
outils-telephone,SmartTVRemote,smarttv remote,5,94,244,16,0.87
outils-telephone,SmartTVRemote,mando a distancia samsung tv,5,90,245,40,0.69
outils-telephone,SmartTVRemote,–smart,5,40,248,121,0.55
outils-telephone,SmartTVRemote,lg tv smart control,5,50,240,175,0.51
outils-telephone,SmartTVRemote,daljinski,5,75,38,20,0.82
outils-telephone,SmartTVRemote,omegle℠,5,98,247,147,0.53
outils-telephone,SmartTVRemote,스마트 티비,5,67,212,39,0.69
outils-telephone,SmartTVRemote,onedrive for apple tv,5,87,246,28,0.75
outils-telephone,SmartTVRemote,samsung tv live,5,81,247,199,0.50
outils-telephone,SmartTVRemote,samsung tv life,5,73,238,71,0.61
outils-telephone,SmartTVRemote,samsung remote link,5,72,242,125,0.54
outils-telephone,SmartTVRemote,remote link samsung,5,72,242,123,0.54
outils-telephone,SmartTVRemote,samsung tv wireless,5,40,241,74,0.60
outils-telephone,SmartTVRemote,wireless remote control,5,62,247,82,0.59
outils-telephone,SmartTVRemote,samsung controll,5,73,241,77,0.60
outils-telephone,SmartTVRemote,samsung control tele,5,73,243,11,0.98
outils-telephone,SmartTVRemote,control samsung tele,5,52,71,26,0.76
outils-telephone,SmartTVRemote,سامسونج,5,72,240,14,0.91
outils-telephone,SmartTVRemote,تلفزيون سامسونج,5,68,72,2,2.29
outils-telephone,SmartTVRemote,تلفزيون ذكي,5,69,45,3,1.74
outils-telephone,SmartTVRemote,ريموت سامسونج,5,88,245,25,0.77
outils-telephone,SmartTVRemote,التلفزيوني,5,70,225,4,1.49
outils-telephone,SmartTVRemote,للتحكم عن بعد,5,37,151,144,0.53
outils-telephone,SmartTVRemote,삼성 원격 제어,5,66,15,7,1.16
outils-telephone,SmartTVRemote,삼성 스마트싱스,5,97,248,6,1.24
outils-telephone,SmartTVRemote,пульт дистанционного управления samsung,5,66,121,9,1.06
outils-telephone,SmartTVRemote,самсунг,5,69,131,9,1.06
outils-telephone,SmartTVRemote,遠程,5,58,234,12,0.96
outils-telephone,SmartTVRemote,三星智能,5,83,217,8,1.10
outils-telephone,SmartTVRemote,samsung plus tv,5,82,249,192,0.50
outils-telephone,SmartTVRemote,samsung tv rc,5,43,243,77,0.60
outils-telephone,SmartTVRemote,tv rc,5,40,245,119,0.55
outils-telephone,SmartTVRemote,sammote,5,91,234,186,0.51
outils-telephone,SmartTVRemote,三星免费遥控器,5,34,70,1,5.00
outils-telephone,SmartTVRemote,video cast on tv,5,58,217,125,0.54
outils-telephone,SmartTVRemote,beko tv mirror,5,38,4,3,1.74
outils-telephone,SmartTVRemote,smart view beko,5,57,12,3,1.74
outils-telephone,SmartTVRemote,universal mirroring,5,40,247,163,0.52
outils-telephone,SmartTVRemote,cast til tv gratis,5,89,244,68,0.61
outils-telephone,SmartTVRemote,tv casten,5,64,227,106,0.56
outils-telephone,SmartTVRemote,video- en tv-cast,5,95,233,133,0.54
outils-telephone,SmartTVRemote,leadni a tv-be,5,83,228,46,0.67
outils-telephone,SmartTVRemote,tv sambung,5,79,223,60,0.63
outils-telephone,SmartTVRemote,tv speil,5,43,246,121,0.55
outils-telephone,SmartTVRemote,transmitir para tv,5,82,243,149,0.53
outils-telephone,SmartTVRemote,дублирование экрана бесплатно,5,92,225,175,0.51
outils-telephone,SmartTVRemote,cast till tv gratis,5,85,250,169,0.51
outils-telephone,SmartTVRemote,vizio smart tv remote app,5,83,246,21,0.81
outils-telephone,SmartTVRemote,sony tv remote app,5,89,249,50,0.65
outils-telephone,SmartTVRemote,panasonic tv remote control,5,77,242,121,0.55
outils-telephone,SmartTVRemote,Tv scheduler,5,90,211,78,0.59
outils-telephone,SmartTVRemote,video smart,5,44,242,141,0.53
outils-telephone,SmartTVRemote,tcl rosy tv remote,5,83,245,202,0.50
outils-telephone,SmartTVRemote,linear series remote,5,,215,180,0.51
outils-telephone,SmartTVRemote,TV Caset,5,73,214,11,0.98
outils-telephone,SmartTVRemote,philips smart tv remote,5,72,250,16,0.87
outils-telephone,SmartTVRemote,remote for firestick,5,75,244,201,0.50
outils-telephone,SmartTVRemote,ir tv remote control,5,88,233,190,0.50
outils-telephone,SmartTVRemote,remote control for tv universal,5,90,250,94,0.57
outils-telephone,SmartTVRemote,universal tv remote app,5,69,248,43,0.68
outils-telephone,SmartTVRemote,iwatches,5,86,249,148,0.53
outils-telephone,SmartTVRemote,mirroring smarttv,5,71,239,144,0.53
outils-telephone,SmartTVRemote,جهاز كشف الحمل حقيقي بالبصمة بالعربية,5,66,262,65,0.62
outils-telephone,SmartTVRemote,برنامج كشف الحمل الحقيقى بالبصمة,5,85,245,233,0.49
outils-telephone,SmartTVRemote,برنامج الحمل شهر بشهر,5,88,270,197,0.50
outils-telephone,SmartTVRemote,برنامج كشف الحمل بالبصمة بالعربي,5,88,269,210,0.50
outils-telephone,SmartTVRemote,samsung manuals,5,56,184,56,0.64
outils-telephone,SmartTVRemote,remote for,5,85,248,40,0.69
outils-telephone,SmartTVRemote,smart tv universal remote app,5,87,250,68,0.61
outils-telephone,SmartTVRemote,smart tv remote insignia,5,93,250,31,0.73
outils-telephone,SmartTVRemote,philips 4k tv remote,5,,240,174,0.51
outils-telephone,SmartTVRemote,remote control for roku tv,5,97,246,203,0.50
outils-telephone,SmartTVRemote,MagiConnect T-Cast TCL Remote,5,68,29,7,1.16
outils-telephone,SmartTVRemote,remote control universal tv,5,88,248,49,0.66
outils-telephone,SmartTVRemote,vizio tv remote no wifi,5,84,248,215,0.49
outils-telephone,SmartTVRemote,keyboard tv remote,5,42,245,83,0.59
outils-telephone,SmartTVRemote,TV Remote · Universal Control,5,94,247,116,0.55
outils-telephone,SmartTVRemote,playstore account,5,98,246,108,0.56
outils-telephone,SmartTVRemote,screen mirroring・smart,5,59,224,196,0.50
outils-telephone,SmartTVRemote,mirroring・smart,5,59,238,203,0.50
outils-telephone,SmartTVRemote,mirroring・smart view,5,58,226,47,0.66
outils-telephone,SmartTVRemote,TV Remote Control - Smart TV,5,87,247,7,1.16
outils-telephone,SmartTVRemote,screen mirring,5,74,226,144,0.53
outils-telephone,SmartTVRemote,LED Light Controller & Remote,5,59,237,168,0.51
outils-telephone,SmartTVRemote,xiaomi tv remote,5,42,250,47,0.66
outils-telephone,SmartTVRemote,空调万能遥控,5,,197,146,0.53
outils-telephone,SmartTVRemote,IPTV Control,5,81,207,13,0.93
outils-telephone,SmartTVRemote,rokutv remote,5,95,247,125,0.54
outils-telephone,SmartTVRemote,auto remote,5,54,249,116,0.55
outils-telephone,SmartTVRemote,sam tv remote,5,83,248,23,0.79
outils-telephone,SmartTVRemote,controle universal,5,88,234,172,0.51
outils-telephone,SmartTVRemote,TV Remote +,5,84,248,116,0.55
outils-telephone,SmartTVRemote,remote for roku tv app,5,94,242,117,0.55
outils-telephone,SmartTVRemote,television universal remote,5,59,245,112,0.55
outils-telephone,SmartTVRemote,remote for sony tv,5,88,229,172,0.51
outils-telephone,SmartTVRemote,smart tv remote roku,5,91,250,76,0.60
outils-telephone,SmartTVRemote,universal remoge,5,82,224,81,0.59
outils-telephone,SmartTVRemote,remote easily,5,40,248,136,0.53
outils-telephone,SmartTVRemote,on tv remote,5,73,250,122,0.55
outils-telephone,SmartTVRemote,smart channel,5,83,233,81,0.59
outils-telephone,SmartTVRemote,remote・tv control,5,58,244,29,0.74
outils-telephone,SmartTVRemote,smarttv controler,5,40,249,31,0.73
outils-telephone,SmartTVRemote,insignia fire tv remote free,5,79,249,199,0.50
outils-telephone,SmartTVRemote,roku onn tv remote control,5,96,248,151,0.52
outils-telephone,SmartTVRemote,free tv remote control samsung,5,82,250,68,0.61
outils-telephone,SmartTVRemote,me remote,5,,228,14,0.91
outils-telephone,SmartTVRemote,cast from ipad to samsung tv,5,42,242,117,0.55
outils-telephone,SmartTVRemote,web video caster for smart tv,5,40,246,161,0.52
outils-telephone,SmartTVRemote,tv cast pro for roku,5,86,243,160,0.52
outils-telephone,SmartTVRemote,vidoe and cast for roku,5,83,233,61,0.63
outils-telephone,SmartTVRemote,lgee TV Remote,5,73,243,207,0.50
outils-telephone,SmartTVRemote,tv remote tv remote,5,78,248,55,0.64
outils-telephone,SmartTVRemote,control controller,5,72,245,111,0.55
outils-telephone,SmartTVRemote,remote for roku tv smart tv,5,91,241,37,0.70
outils-telephone,SmartTVRemote,TV Remotes,5,87,246,113,0.55
outils-telephone,SmartTVRemote,TV Remote:Smart Controller,5,40,246,6,1.24
outils-telephone,SmartTVRemote,find my apple watch app,5,67,246,162,0.52
outils-telephone,SmartTVRemote,Samsung tv stick,5,72,228,25,0.77
outils-telephone,SmartTVRemote,Remote Control for RokuTV,5,81,246,168,0.51
outils-telephone,SmartTVRemote,free remote for lg tv,5,95,248,165,0.52
outils-telephone,SmartTVRemote,tcl fire tv remote,5,78,250,207,0.50
outils-telephone,SmartTVRemote,mirroring view,5,,241,193,0.50
outils-telephone,SmartTVRemote,remote: smart controller,5,50,248,19,0.83
outils-telephone,SmartTVRemote,remote: smart,5,54,240,20,0.82
outils-telephone,SmartTVRemote,智能,5,61,230,4,1.49
outils-telephone,SmartTVRemote,silo tv remote,5,66,250,45,0.67
outils-telephone,SmartTVRemote,smart remote tv:roku,5,95,242,67,0.61
outils-telephone,SmartTVRemote,TV Smart Remote,5,,247,10,1.02
outils-telephone,SmartTVRemote,element tv remote free,5,89,250,120,0.55
outils-telephone,SmartTVRemote,universal tv remote app free,5,54,250,157,0.52
outils-telephone,SmartTVRemote,f45 tvs,5,19,211,24,0.78
outils-telephone,SmartTVRemote,for android tv,5,57,227,27,0.76
outils-telephone,SmartTVRemote,samsung remote smart tv free,5,79,248,10,1.02
outils-telephone,SmartTVRemote,lg oled tv remote,5,95,249,239,0.48
outils-telephone,SmartTVRemote,sony tv remote control free,5,94,250,84,0.59
outils-telephone,SmartTVRemote,Duny,5,75,23,8,1.10
outils-telephone,SmartTVRemote,stick tv,5,68,211,161,0.52
outils-telephone,SmartTVRemote,apple watch app for ipad free,5,51,248,144,0.53
outils-telephone,SmartTVRemote,tv remote controller,5,76,249,154,0.52
outils-telephone,SmartTVRemote,channel remote,5,,247,35,0.71
outils-telephone,SmartTVRemote,Universal TV Remote Control +,5,80,246,33,0.72
outils-telephone,SmartTVRemote,smart roku remote,5,77,213,86,0.58
outils-telephone,SmartTVRemote,control video,5,45,221,34,0.71
outils-telephone,SmartTVRemote,tv remote for android,5,84,246,114,0.55
outils-telephone,SmartTVRemote,tv device,5,50,248,62,0.62
outils-telephone,SmartTVRemote,tv remote clean,5,58,247,76,0.60
outils-telephone,SmartTVRemote,tv remote for android control,5,64,157,9,1.06
outils-telephone,SmartTVRemote,control application,5,56,248,49,0.66
outils-telephone,SmartTVRemote,My Universal TV Remote Control,5,44,242,162,0.52
outils-telephone,SmartTVRemote,tv remote - universal control,5,82,245,110,0.56
outils-telephone,SmartTVRemote,remote lg control,5,54,220,56,0.64
outils-telephone,SmartTVRemote,control iphone,5,58,238,36,0.70
outils-telephone,SmartTVRemote,do rem i,5,98,209,149,0.53
outils-telephone,SmartTVRemote,the fittest,5,89,240,79,0.59
outils-telephone,SmartTVRemote,control mobile,5,,242,62,0.62
outils-telephone,SmartTVRemote,youtube remote,5,93,228,116,0.55
outils-telephone,SmartTVRemote,universal tv remote: flicky,5,2,244,191,0.50
outils-telephone,SmartTVRemote,samsung soundboard,5,32,221,50,0.65
outils-telephone,SmartTVRemote,samsung tv telecomande,5,37,227,26,0.76
outils-telephone,SmartTVRemote,xumo tv remote,5,94,250,118,0.55
outils-telephone,SmartTVRemote,kivi tv remote,5,44,246,86,0.58
outils-telephone,SmartTVRemote,oneplus tv remote,5,93,250,39,0.69
outils-telephone,SmartTVRemote,watch aps,5,91,244,159,0.52
outils-telephone,SmartTVRemote,samsung tv share,5,64,228,158,0.52
outils-telephone,SmartTVRemote,samsung tv cast phone,5,48,145,28,0.75
outils-telephone,SmartTVRemote,screen control app,5,60,247,143,0.53
outils-telephone,SmartTVRemote,control screentime,5,73,247,31,0.73
outils-telephone,SmartTVRemote,blurq,5,61,191,164,0.52
outils-telephone,SmartTVRemote,amazing story,5,84,249,47,0.66
outils-telephone,SmartTVRemote,zero screen,5,18,68,45,0.67
outils-telephone,SmartTVRemote,remote contol,5,84,250,145,0.53
outils-telephone,SmartTVRemote,remote contoller,5,83,218,29,0.74
outils-telephone,SmartTVRemote,tv remote pro,5,48,250,34,0.71
outils-telephone,SmartTVRemote,ruku tv app,5,96,212,51,0.65
outils-telephone,SmartTVRemote,fire tv tv remote,5,77,216,82,0.59
outils-telephone,SmartTVRemote,tv remote・universal control,5,94,242,121,0.55
outils-telephone,SmartTVRemote,fre universal remote,5,63,240,69,0.61
outils-telephone,SmartTVRemote,universal remoet,5,29,227,8,1.10
outils-telephone,SmartTVRemote,remote for smart tv・,5,,223,7,1.16
outils-telephone,SmartTVRemote,remote control for,5,87,244,208,0.50
outils-telephone,SmartTVRemote,roku tv remote universal,5,83,217,88,0.58
outils-telephone,SmartTVRemote,roku remote - control,5,98,211,109,0.56
outils-telephone,SmartTVRemote,ir remote tv,5,73,247,198,0.50
outils-telephone,SmartTVRemote,control channel,5,78,245,111,0.55
outils-telephone,SmartTVRemote,smarttv control,5,72,249,24,0.78
outils-telephone,SmartTVRemote,remote smarttv,5,41,242,5,1.34
outils-telephone,SmartTVRemote,roborock remote,5,86,250,197,0.50
outils-telephone,SmartTVRemote,apple wa,5,98,243,79,0.59
outils-telephone,SmartTVRemote,apple tv icloud,5,87,244,49,0.66
outils-telephone,SmartTVRemote,rokp remote,5,82,227,68,0.61
outils-telephone,SmartTVRemote,rokui remote,5,90,226,131,0.54
outils-telephone,SmartTVRemote,lgtv remote,5,91,245,71,0.61
outils-telephone,SmartTVRemote,arris remote,5,61,239,191,0.50
outils-telephone,SmartTVRemote,in app event,5,53,227,127,0.54
outils-telephone,SmartTVRemote,android tv controller,5,91,246,122,0.55
outils-telephone,SmartTVRemote,mirroר,5,,177,100,0.57
outils-telephone,SmartTVRemote,smartcast receiver,5,55,248,82,0.59
outils-telephone,SmartTVRemote,remote for android,5,52,248,241,0.48
outils-telephone,SmartTVRemote,video control,5,,236,16,0.87
outils-telephone,SmartTVRemote,remote control mi,5,,249,31,0.73
outils-telephone,SmartTVRemote,apple hrv,5,59,245,45,0.67
outils-telephone,SmartTVRemote,tv remote  roku  tv remote control,5,88,244,163,0.52
outils-telephone,SmartTVRemote,screen share with tv app,5,37,237,16,0.87
outils-telephone,SmartTVRemote,mirror to smart tv,5,61,241,62,0.62
outils-telephone,SmartTVRemote,smarcast,5,,233,102,0.56
outils-telephone,SmartTVRemote,cosmote tv smart remote,5,79,246,97,0.57
outils-telephone,SmartTVRemote,firestick remote tv,5,56,240,130,0.54
outils-telephone,SmartTVRemote,kindlink tv  smart iptv remote,5,83,250,10,1.02
outils-telephone,SmartTVRemote,lg tv smart remote control app,5,53,243,33,0.72
outils-telephone,SmartTVRemote,poa streaming tv,5,86,247,193,0.50
outils-telephone,SmartTVRemote,remote control - smartthings,5,72,245,4,1.49
outils-telephone,SmartTVRemote,remote control for smart tv.,5,42,248,5,1.34
outils-telephone,SmartTVRemote,remote control for tv smart・,5,45,248,5,1.34
outils-telephone,SmartTVRemote,remote for android tv - zeus,5,49,249,156,0.52
outils-telephone,SmartTVRemote,remote for firestick smart tv,5,46,243,9,1.06
outils-telephone,SmartTVRemote,remote for lg tv smart,5,53,238,43,0.68
outils-telephone,SmartTVRemote,remote for roku tv & smart tv,5,94,243,25,0.77
outils-telephone,SmartTVRemote,remote for roku tv smart,5,91,243,43,0.68
outils-telephone,SmartTVRemote,remote for samsung tv smart,5,81,250,9,1.06
outils-telephone,SmartTVRemote,remote tv smart,5,77,250,5,1.34
outils-telephone,SmartTVRemote,remote+ android tv,5,79,250,21,0.81
outils-telephone,SmartTVRemote,smartplay mobile tv,5,75,246,84,0.59
outils-telephone,SmartTVRemote,smartcast & vizio tv remote,5,75,249,26,0.76
outils-telephone,SmartTVRemote,smart tv remotes like vizio remote,5,83,250,41,0.68
outils-telephone,SmartTVRemote,smart tv remote for thing tv,5,44,246,2,2.29
outils-telephone,SmartTVRemote,smart tv remote for samsung ·,5,84,248,89,0.58
outils-telephone,SmartTVRemote,smart tv remote control ・,5,53,247,5,1.34
outils-telephone,SmartTVRemote,roku remote : smart tv control,5,90,245,101,0.56
outils-telephone,SmartTVRemote,smart control tv mobile remote,5,42,247,1,5.00
outils-telephone,SmartTVRemote,send me-cast hd video smart tv,5,44,243,174,0.51
outils-telephone,SmartTVRemote,tv smartvision,5,42,247,4,1.49
outils-telephone,SmartTVRemote,tv smart player free,5,80,250,168,0.51
outils-telephone,SmartTVRemote,tv smart play,5,82,250,109,0.56
outils-telephone,SmartTVRemote,tv smart go,5,66,246,11,0.98
outils-telephone,SmartTVRemote,tv remote for roku control app,5,90,243,128,0.54
outils-telephone,SmartTVRemote,tv remote : universal smart tv,5,46,245,11,0.98
outils-telephone,SmartTVRemote,tv firestick remote control,5,54,250,207,0.50
outils-telephone,SmartTVRemote,zeen tv mobile,5,85,249,166,0.52
outils-telephone,SmartTVRemote,vizio tv remote: vizcast,5,75,249,162,0.52
outils-telephone,SmartTVRemote,vntvbox - android tv box,5,51,247,107,0.56
outils-telephone,SmartTVRemote,remote control for tv+,5,40,247,25,0.77
outils-telephone,SmartTVRemote,dstv remote,5,73,249,13,0.93
outils-telephone,SmartTVRemote,dstv remote control,5,73,248,14,0.91
outils-telephone,SmartTVRemote,irpm ‚äì i remote power manager,5,55,246,19,0.83
outils-telephone,SmartTVRemote,gzdsp 4-8x control,5,44,249,123,0.54
outils-telephone,SmartTVRemote,gzdsp control pro,5,44,248,65,0.62
outils-telephone,SmartTVRemote,hqam remote,5,66,250,19,0.83
outils-telephone,SmartTVRemote,txv,5,,246,91,0.58
outils-telephone,SmartTVRemote,screencloud,5,,80,44,0.67
outils-telephone,SmartTVRemote,remote control for tv!,5,96,249,22,0.80
outils-telephone,SmartTVRemote,telecbox : télécommande box tv,5,,244,62,0.62
outils-telephone,SmartTVRemote,remote control for t,5,49,248,37,0.70
outils-telephone,SmartTVRemote,universal remote control for tvc,5,,243,160,0.52
outils-telephone,SmartTVRemote,lost remote,5,53,231,88,0.58
outils-telephone,SmartTVRemote,lost remote control,5,,228,41,0.68
outils-telephone,SmartTVRemote,abo ncle,5,,208,204,0.50
outils-telephone,SmartTVRemote,tv remote + universal control,5,,247,68,0.61
outils-telephone,SmartTVRemote,universal tv remote control.,5,,244,95,0.57
outils-telephone,SmartTVRemote,live ott  aer &tv smart player,5,79,240,235,0.49
outils-telephone,SmartTVRemote,channel changer,5,,203,38,0.70
outils-telephone,SmartTVRemote,homekit problems,5,,221,82,0.59
outils-telephone,SmartTVRemote,satellite smart,5,,213,49,0.66
outils-telephone,SmartTVRemote,re%20zero,5,65,10,5,1.34
outils-telephone,SmartTVRemote,sony%20bravia%20remote%20tv%20control,5,93,244,125,0.54
outils-telephone,SmartTVRemote,fios%20tv%20mobile,5,98,246,19,0.83
outils-telephone,SmartTVRemote,remote%20for%20tv,5,40,247,62,0.62
outils-telephone,SmartTVRemote,remote%20controller,5,87,246,7,1.16
outils-telephone,SmartTVRemote,recopie%20de%20l%E2%80%99ecran,5,57,238,88,0.58
outils-telephone,SmartTVRemote,iphone%20mirror%20to%20tv,5,75,235,35,0.71
outils-telephone,SmartTVRemote,smartshare%20lg,5,53,244,102,0.56
outils-telephone,SmartTVRemote,visio%20remote,5,34,77,5,1.34
outils-telephone,SmartTVRemote,samsung%20tv%20remote%20control,5,80,221,11,0.98
outils-telephone,SmartTVRemote,samsung%20mirroring,5,71,138,82,0.59
outils-telephone,SmartTVRemote,tv%20remote%20universal%20control,5,92,250,26,0.76
outils-telephone,SmartTVRemote,power%20sync,5,69,245,145,0.53
outils-telephone,SmartTVRemote,mac%20remote,5,84,155,10,1.02
outils-telephone,SmartTVRemote,control%20app,5,40,246,4,1.49
outils-telephone,SmartTVRemote,android%20cast,5,83,224,149,0.53
outils-telephone,SmartTVRemote,apple%20tv%20remote%20for%20ipad,5,59,246,7,1.16
outils-telephone,SmartTVRemote,bravia%20connect,5,67,239,197,0.50
outils-telephone,SmartTVRemote,smart%20app,5,77,233,1,5.00
outils-telephone,SmartTVRemote,remote%20app,5,42,243,11,0.98
outils-telephone,SmartTVRemote,screen%20mirroring%20app%20for%20tv,5,62,236,47,0.66
outils-telephone,SmartTVRemote,samsung%20tv%20app,5,86,226,22,0.80
outils-telephone,SmartTVRemote,universal%20remote%20tv%20smart,5,80,234,64,0.62
outils-telephone,SmartTVRemote,smart%20tv%20remote%20for%20samsung,5,79,240,8,1.10
outils-telephone,SmartTVRemote,apps%20for%20apple%20watch,5,87,245,24,0.78
outils-telephone,SmartTVRemote,samsung%20headphones,5,77,240,107,0.56
outils-telephone,SmartTVRemote,remote%20for%20fire%20tv,5,73,244,98,0.57
outils-telephone,SmartTVRemote,samsung%20controller,5,70,227,40,0.69
outils-telephone,SmartTVRemote,remote%20control%20for%20fire%20tv,5,83,247,98,0.57
outils-telephone,SmartTVRemote,iphone%20watch%20app,5,87,243,92,0.58
outils-telephone,SmartTVRemote,smart%20tv%20remote,5,67,249,15,0.89
outils-telephone,SmartTVRemote,samsung%20smart,5,65,119,27,0.76
outils-telephone,SmartTVRemote,app%20control,5,,246,5,1.34
outils-telephone,SmartTVRemote,clean%20app,5,87,246,153,0.52
outils-telephone,SmartTVRemote,free%20apps%20for%20apple%20watch,5,87,249,36,0.70
outils-telephone,SmartTVRemote,android%20tv%20remote,5,86,229,36,0.70
outils-telephone,SmartTVRemote,remote%20control,5,87,242,8,1.10
outils-telephone,SmartTVRemote,control%20samsung,5,40,247,1,5.00
outils-telephone,SmartTVRemote,screen%20mirroring%20tv%20cast,5,60,243,170,0.51
outils-telephone,SmartTVRemote,samsung%20plus,5,63,70,38,0.70
outils-telephone,SmartTVRemote,e%20watch,5,87,249,63,0.62
outils-telephone,SmartTVRemote,samsung%20control,5,72,205,18,0.84
outils-telephone,SmartTVRemote,smart%20things%20for%20smart%20tv,5,76,232,1,5.00
outils-telephone,SmartTVRemote,box%20app,5,59,247,17,0.86
outils-telephone,SmartTVRemote,mi%20remote%20controller,5,87,238,158,0.52
outils-telephone,SmartTVRemote,free%20tv%20app,5,85,248,49,0.66
outils-telephone,SmartTVRemote,free%20tv%20remote%20app,5,96,250,33,0.72
outils-telephone,SmartTVRemote,universal%20tv%20remote%20control,5,81,247,51,0.65
outils-telephone,SmartTVRemote,video%20tv%20cast,5,87,243,216,0.49
outils-telephone,SmartTVRemote,smart%20tv%20remote%20roku,5,87,242,179,0.51
outils-telephone,SmartTVRemote,video%20tv%20cast%20for%20samsung%20smart%20tv,5,77,217,92,0.58
outils-telephone,SmartTVRemote,tv%20remote%20app,5,90,249,4,1.49
outils-telephone,SmartTVRemote,insignia%20remote,5,75,247,38,0.70
outils-telephone,SmartTVRemote,watch%20app,5,98,249,20,0.82
outils-telephone,SmartTVRemote,xiaomi%20remote,5,83,249,122,0.55
outils-telephone,SmartTVRemote,xiaomi%20tv,5,60,239,37,0.70
outils-telephone,SmartTVRemote,descargar%20videos,5,87,239,73,0.60
outils-telephone,SmartTVRemote,samsung%20tv,5,74,223,31,0.73
outils-telephone,SmartTVRemote,controle%20remoto%20universal,5,87,247,78,0.59
outils-telephone,SmartTVRemote,apple%20watch%20apps%20free,5,87,248,157,0.52
outils-telephone,SmartTVRemote,apple%20tv%20remote,5,62,246,7,1.16
outils-telephone,SmartTVRemote,control%20remoto,5,33,76,1,5.00
outils-telephone,SmartTVRemote,control%20remoto%20samsung%20gratis,5,86,225,72,0.60
outils-telephone,SmartTVRemote,iphone%20mirror,5,68,225,13,0.93
outils-telephone,SmartTVRemote,android%20remote,5,44,101,11,0.98
outils-telephone,SmartTVRemote,free%20things,5,72,58,2,2.29
outils-telephone,SmartTVRemote,screen%20mirroring%20for%20samsung%20tv,5,59,235,49,0.66
outils-telephone,SmartTVRemote,remote control,5,74,232,163,0.52
outils-telephone,SmartTVRemote,tv%20controller,5,70,247,1,5.00
outils-telephone,SmartTVRemote,remote%20for%20android%20tv,5,48,248,119,0.55
outils-telephone,SmartTVRemote,smart%20tv,5,52,225,12,0.96
outils-telephone,SmartTVRemote,universal%20remote%3A%20tv%20control,5,65,247,25,0.77
outils-telephone,SmartTVRemote,Amico%20Controller,5,32,247,26,0.76
outils-telephone,SmartTVRemote,jackbox%20tv,5,74,230,13,0.93
outils-telephone,SmartTVRemote,remote%20atv,5,70,249,23,0.79
outils-telephone,SmartTVRemote,apple%20tv%20remote%20free,5,87,245,5,1.34
outils-telephone,SmartTVRemote,control%20samsung%20gratis,5,74,208,51,0.65
outils-telephone,SmartTVRemote,free%20tv%20remote,5,88,250,32,0.73
outils-telephone,SmartTVRemote,second%20screen,5,31,52,10,1.02
outils-telephone,SmartTVRemote,tv%20remote%20control,5,85,248,2,2.29
outils-telephone,SmartTVRemote,cast%20app,5,73,246,78,0.59
outils-telephone,SmartTVRemote,tv%20apps,5,82,215,9,1.06
outils-telephone,SmartTVRemote,free%20smart%20tv%20remote,5,91,250,5,1.34
outils-telephone,SmartTVRemote,smart%20tv%20cast,5,69,240,34,0.71
outils-telephone,SmartTVRemote,vizio%20remote%20control,5,67,244,24,0.78
outils-telephone,SmartTVRemote,vizio%20smart%20tv%20remote,5,79,229,39,0.69
outils-telephone,SmartTVRemote,samsung%20remote%20control%20free,5,78,233,34,0.71
outils-telephone,SmartTVRemote,apple%20apps,5,68,212,15,0.89
outils-telephone,SmartTVRemote,universal%20remote,5,62,7,2,2.29
outils-telephone,SmartTVRemote,remote%20mouse,5,83,249,39,0.69
outils-telephone,SmartTVRemote,universal%20remote%20control,5,72,249,53,0.64
outils-telephone,SmartTVRemote,smart%20mirror,5,28,243,158,0.52
outils-telephone,SmartTVRemote,app%20watch,5,87,248,88,0.58
outils-telephone,SmartTVRemote,samsung%20cast,5,56,230,81,0.59
outils-telephone,SmartTVRemote,stick%20remote,5,63,224,73,0.60
outils-telephone,SmartTVRemote,free%20samsung%20remote,5,61,212,74,0.60
outils-telephone,SmartTVRemote,free%20remote%20control,5,70,250,3,1.74
outils-telephone,SmartTVRemote,onn%20remote,5,71,249,10,1.02
outils-telephone,SmartTVRemote,iphone%20mirroring,5,56,138,9,1.06
outils-telephone,SmartTVRemote,mirror%20cast,5,33,230,215,0.49
outils-telephone,SmartTVRemote,smart%20cast,5,53,227,56,0.64
outils-telephone,SmartTVRemote,iphone%20app,5,72,229,10,1.02
outils-telephone,SmartTVRemote,remote%20samsung,5,72,221,51,0.65
outils-telephone,SmartTVRemote,samsung%20screen%20mirroring%20free,5,55,231,6,1.24
outils-telephone,SmartTVRemote,tv%20remote%20universal,5,86,227,53,0.64
outils-telephone,SmartTVRemote,display%20mirroring,5,41,236,98,0.57
outils-telephone,SmartTVRemote,t%20cast,5,78,220,145,0.53
outils-telephone,SmartTVRemote,screen%20mirroring%20samsung%20tv,5,45,234,66,0.62
outils-telephone,SmartTVRemote,screen%20cast%20free,5,48,241,182,0.51
outils-telephone,SmartTVRemote,mirror%20share%20screen%20for%20tv,5,32,222,136,0.53
outils-telephone,SmartTVRemote,smart%20tv%20remote%20insignia,5,68,245,13,0.93
outils-telephone,SmartTVRemote,video%20and%20tv%20cast%20for%20samsung,5,90,221,136,0.53
outils-telephone,SmartTVRemote,samsung%20smartview,5,51,219,12,0.96
outils-telephone,SmartTVRemote,universal%20tv%20remote%20app,5,76,246,24,0.78
outils-telephone,SmartTVRemote,universal%20remote%20samsung%20free,5,70,234,28,0.75
outils-telephone,SmartTVRemote,universal%20tv,5,78,224,86,0.58
outils-telephone,SmartTVRemote,samsung%20remote%20free,5,57,225,44,0.67
outils-telephone,SmartTVRemote,samsung%20remote%20control,5,55,223,28,0.75
outils-telephone,SmartTVRemote,tv%20mirror%20for%20fire%20tv,5,80,227,50,0.65
outils-telephone,SmartTVRemote,a%20i,5,63,206,101,0.56
outils-telephone,SmartTVRemote,samsung%20watch,5,98,249,8,1.10
outils-telephone,SmartTVRemote,roku%20remot,5,81,220,125,0.54
outils-telephone,SmartTVRemote,samsung%20keyboard,5,46,250,117,0.55
outils-telephone,SmartTVRemote,android%20tv%20box%20remote,5,97,248,61,0.63
outils-telephone,SmartTVRemote,samsung%20smart%20switch,5,38,197,41,0.68
outils-telephone,SmartTVRemote,tv%20app,5,87,209,8,1.10
outils-telephone,SmartTVRemote,screen%20cast,5,53,246,213,0.49
outils-telephone,SmartTVRemote,smartthings%20tv%20samsung,5,58,231,2,2.29
outils-telephone,SmartTVRemote,roku%20control,5,90,240,149,0.53
outils-telephone,SmartTVRemote,apple%20tv%20app,5,85,248,3,1.74
outils-telephone,SmartTVRemote,the%20app,5,75,240,5,1.34
outils-telephone,SmartTVRemote,para%20app,5,64,188,20,0.82
outils-telephone,SmartTVRemote,I%20a,5,60,206,98,0.57
outils-telephone,SmartTVRemote,free%20tv%20remote%20control,5,87,250,8,1.10
outils-telephone,SmartTVRemote,control%20remoto%20universal,5,56,248,29,0.74
outils-telephone,SmartTVRemote,iphone%20apps,5,72,221,43,0.68
outils-telephone,SmartTVRemote,samsung%20smart%20view,5,58,220,16,0.87
outils-telephone,SmartTVRemote,tap%20tycoon,5,32,250,195,0.50
outils-telephone,SmartTVRemote,control%20remote,5,24,233,5,1.34
outils-telephone,SmartTVRemote,lg%20tv%20remote%20control%20plus,5,54,228,115,0.55
outils-telephone,SmartTVRemote,apple%20watch%20app,5,87,240,143,0.53
outils-telephone,SmartTVRemote,apple%20watch%20app%20for%20ipad%20free,5,87,246,89,0.58
outils-telephone,SmartTVRemote,magic%20remote,5,63,247,16,0.87
outils-telephone,SmartTVRemote,smart%20guide,5,46,195,21,0.81
outils-telephone,SmartTVRemote,control%20universal,5,44,248,4,1.49
outils-telephone,SmartTVRemote,control%20lg,5,61,245,42,0.68
outils-telephone,SmartTVRemote,tv%20cast,5,87,210,54,0.64
outils-telephone,SmartTVRemote,smart%20view,5,52,232,1,5.00
outils-telephone,SmartTVRemote,samsung%20tv%20remote%20app,5,79,226,19,0.83
outils-telephone,SmartTVRemote,video%20app,5,46,248,185,0.51
outils-telephone,SmartTVRemote,samsung%20mirroring%20free,5,36,225,98,0.57
outils-telephone,SmartTVRemote,tv%20cast%20for%20samsung%20tv%20app,5,89,227,75,0.60
outils-telephone,SmartTVRemote,samsung%20smartview%20for%20ipad,5,36,237,24,0.78
outils-telephone,SmartTVRemote,remote%20control%20for%20insignia%20tv,5,83,249,39,0.69
outils-telephone,SmartTVRemote,watch%20tv,5,88,221,35,0.71
outils-telephone,SmartTVRemote,remote%20for%20apple%20tv,5,83,246,17,0.86
outils-telephone,SmartTVRemote,samsung%20app,5,57,214,28,0.75
outils-telephone,SmartTVRemote,control%20remoto%20universal%20gratis,5,73,234,4,1.49
outils-telephone,SmartTVRemote,phone%20apps,5,52,222,189,0.50
outils-telephone,SmartTVRemote,iwatch%20apps,5,98,247,10,1.02
outils-telephone,SmartTVRemote,lg%20control,5,67,241,177,0.51
outils-telephone,SmartTVRemote,samsung%20smart%20remote,5,58,216,39,0.69
outils-telephone,SmartTVRemote,tv%20plus,5,73,206,9,1.06
outils-telephone,SmartTVRemote,universal%20tv%20remote,5,76,235,77,0.60
outils-telephone,SmartTVRemote,smart%20things%20app,5,62,248,12,0.96
outils-telephone,SmartTVRemote,mobile%20control,5,40,246,11,0.98
outils-telephone,SmartTVRemote,remote%20control%20for%20tv%20samsung,5,54,249,52,0.65
outils-telephone,SmartTVRemote,cast%20tv,5,83,222,53,0.64
outils-telephone,SmartTVRemote,screen%20mirroring%20and%20cast,5,65,239,84,0.59
outils-telephone,SmartTVRemote,gusto%20mobile,5,70,223,46,0.67
outils-telephone,SmartTVRemote,aplle%20watch,5,98,248,56,0.64
outils-telephone,SmartTVRemote,sony%20tv%20remote%20control,5,70,225,61,0.63
outils-telephone,SmartTVRemote,stream%20vision%202,5,33,239,123,0.54
outils-telephone,SmartTVRemote,zero%20app,5,24,203,13,0.93
outils-telephone,SmartTVRemote,philips%20tv,5,77,245,94,0.57
outils-telephone,SmartTVRemote,t%C3%A9l%C3%A9commande,5,78,233,40,0.69
outils-telephone,SmartTVRemote,apple%20tv%20remote%20control,5,59,243,2,2.29
outils-telephone,SmartTVRemote,full%20term,5,76,250,124,0.54
outils-telephone,SmartTVRemote,screen%20mirroring%20app,5,42,239,31,0.73
outils-telephone,SmartTVRemote,ipad%20remote%20control,5,87,244,3,1.74
outils-telephone,SmartTVRemote,complainer detector,5,,250,197,0.50
outils-telephone,SmartTVRemote,remote control for tv.,5,,245,17,0.86
outils-telephone,SmartTVRemote,free%20screen%20mirroring,5,,237,148,0.53
outils-telephone,SmartTVRemote,tv%20control,5,,222,3,1.74
outils-telephone,SmartTVRemote,t%20mobile,5,,175,143,0.53
outils-telephone,SmartTVRemote,best%20apple%20watch%20apps,5,87,250,117,0.55
outils-telephone,SmartTVRemote,apple%20%20tv,5,87,247,3,1.74
outils-telephone,SmartTVRemote,apple%20tv,5,87,248,4,1.49
outils-telephone,SmartTVRemote,box%20box,5,,239,60,0.63
outils-telephone,SmartTVRemote,satellite%20finder,5,,240,179,0.51
outils-telephone,SmartTVRemote,airbeam%20tv,5,40,243,168,0.51
outils-telephone,SmartTVRemote,smartthings%20samsung,5,,248,5,1.34
outils-telephone,SmartTVRemote,apple%20watch,5,87,244,62,0.62
outils-telephone,SmartTVRemote,apple%20remote,5,91,243,5,1.34
outils-telephone,SmartTVRemote,screen%20time%20control%20free,5,,250,45,0.67
outils-telephone,SmartTVRemote,screen%20app,5,,211,110,0.56
outils-telephone,SmartTVRemote,amazon%20firestick,5,,230,80,0.59
outils-telephone,SmartTVRemote,sony%20bravia,5,,235,56,0.64
outils-telephone,SmartTVRemote,vizio%20tv,5,,220,30,0.74
outils-telephone,SmartTVRemote,control%20hisense%20smart%20tv,5,,249,98,0.57
outils-telephone,SmartTVRemote,app%20box,5,,209,3,1.74
outils-telephone,SmartTVRemote,screen%20mirror,5,,224,83,0.59
outils-telephone,SmartTVRemote,roku%20tv%20remote%20control%20free,5,,225,101,0.56
outils-telephone,SmartTVRemote,samsung%20tv%20plus,5,,242,62,0.62
outils-telephone,SmartTVRemote,firestick%20remote,5,,224,157,0.52
outils-telephone,SmartTVRemote,free%20universal%20remote,5,,250,18,0.84
outils-telephone,SmartTVRemote,android%20tv,5,,212,25,0.77
outils-telephone,SmartTVRemote,apple%20watch%20app%20for%20ipad,5,87,243,93,0.57
outils-telephone,SmartTVRemote,universal%20control,5,,40,6,1.24
outils-telephone,SmartTVRemote,smart%20tv%20universal%20remote%20app,5,,248,36,0.70
outils-telephone,SmartTVRemote,apple%20watch%20apps,5,87,243,186,0.51
outils-telephone,SmartTVRemote,universal%20remote%20tv%20control,5,47,248,58,0.63
outils-telephone,SmartTVRemote,smart%20remote,5,,246,1,5.00
outils-telephone,SmartTVRemote,vizio%20tv%20remote,5,,221,36,0.70
outils-telephone,SmartTVRemote,watch%20apps,5,87,248,33,0.72
outils-telephone,SmartTVRemote,samsung%20smart%20things,5,,197,26,0.76
outils-telephone,SmartTVRemote,apple%20video,5,87,241,35,0.71
outils-telephone,SmartTVRemote,free%20apple%20watch%20app,5,87,248,34,0.71
outils-telephone,SmartTVRemote,for%20ipad,5,,241,11,0.98
outils-telephone,SmartTVRemote,smart%20watch,5,87,250,9,1.06
outils-telephone,SmartTVRemote,mirror%20screen%20to%20tv,5,,218,157,0.52
outils-telephone,SmartTVRemote,smart%20view%20samsung%20tv,5,62,248,23,0.79
outils-telephone,SmartTVRemote,remote%20tv,5,,228,8,1.10
outils-telephone,SmartTVRemote,samsung%20tv%20cast,5,,230,69,0.61
outils-telephone,SmartTVRemote,tv%20screen%20mirroring,5,,245,88,0.58
outils-telephone,SmartTVRemote,tv%20remote%20for%20samsung%20tv,5,86,248,7,1.16
outils-telephone,SmartTVRemote,universal%20remote%20free,5,42,250,117,0.55
outils-telephone,SmartTVRemote,remote%20control%20for%20tv%20free,5,,248,18,0.84
outils-telephone,SmartTVRemote,smart%20iptv,5,56,247,105,0.56
outils-telephone,SmartTVRemote,screen%20mirroring,5,42,243,95,0.57
outils-telephone,SmartTVRemote,tv%20mirror,5,,224,48,0.66
outils-telephone,SmartTVRemote,video%20star,5,86,245,101,0.56
outils-telephone,SmartTVRemote,samsung%20tv%20remote,5,,225,31,0.73
outils-telephone,SmartTVRemote,remote%20apple,5,98,247,2,2.29
outils-telephone,SmartTVRemote,roku%20stick%20remote,5,,213,110,0.56
outils-telephone,SmartTVRemote,screen mirror for all tv,5,,233,142,0.53
outils-telephone,SmartTVRemote,castify app for android,5,,243,151,0.52
outils-telephone,SmartTVRemote,casetify tv,5,,215,10,1.02
outils-telephone,SmartTVRemote,universal remote for insignia tv,5,89,248,169,0.51
outils-telephone,SmartTVRemote,universal remote insignia tv,5,91,250,53,0.64
outils-telephone,SmartTVRemote,sceptre tv remote free,5,90,250,150,0.52
outils-telephone,SmartTVRemote,control onn tv,5,96,250,210,0.50
outils-telephone,SmartTVRemote,control philips tv,5,68,249,225,0.49
outils-telephone,SmartTVRemote,universal remote vizio tv,5,89,249,48,0.66
outils-telephone,SmartTVRemote,vizio smartcast tv remote apps,5,77,250,42,0.68
outils-telephone,SmartTVRemote,universal remote lg tv free,5,92,249,184,0.51
outils-telephone,SmartTVRemote,remote control for tv imote,5,97,250,8,1.10
outils-telephone,SmartTVRemote,samsung ai,5,,218,33,0.72
outils-telephone,SmartTVRemote,flicy tv remote,5,,246,19,0.83
outils-telephone,SmartTVRemote,flicky tv remote,5,,247,21,0.81
outils-telephone,SmartTVRemote,benabpe,5,,234,123,0.54
outils-telephone,SmartTVRemote,tv remote controle,5,78,248,110,0.56
outils-telephone,SmartTVRemote,remote tc,5,,249,142,0.53
outils-telephone,SmartTVRemote,screen track,5,68,246,201,0.50
outils-telephone,SmartTVRemote,algotwist remote,5,,244,3,1.74
outils-telephone,SmartTVRemote,tv identifier,5,,218,11,0.98
outils-telephone,SmartTVRemote,samsung remote control tv,5,,211,22,0.80
outils-telephone,SmartTVRemote,remote samsung smart tv,5,86,247,12,0.96
outils-telephone,SmartTVRemote,satking,5,,232,67,0.61
outils-telephone,SmartTVRemote,manage samsung tv,5,,230,6,1.24
outils-telephone,SmartTVRemote,tv ce soir,5,,248,111,0.55
outils-telephone,SmartTVRemote,smart notification,5,77,243,59,0.63
outils-telephone,SmartTVRemote,vexio,5,,185,162,0.52
outils-telephone,SmartTVRemote,smart  iptv  player  appletv  live  tv,5,52,246,235,0.49
outils-telephone,SmartTVRemote,watch tv channels,5,90,231,168,0.51
outils-telephone,SmartTVRemote,universall tv remote,5,,250,238,0.48
outils-telephone,SmartTVRemote,stage remote,5,,229,43,0.68
outils-telephone,SmartTVRemote,screen controler,5,54,247,169,0.51
outils-telephone,SmartTVRemote,remote for dji osmo action 4,5,,210,12,0.96
outils-telephone,SmartTVRemote,remote control for tv: imote,5,87,222,34,0.71
outils-telephone,SmartTVRemote,screen share with tv mirroring,5,,218,149,0.53
outils-telephone,SmartTVRemote,تحكم عن بعد,5,,102,44,0.67
outils-telephone,SmartTVRemote,remote control for q,5,,228,30,0.74
outils-telephone,SmartTVRemote,tv view,5,,219,27,0.76
outils-telephone,SmartTVRemote,sky# remote,5,,226,42,0.68
outils-telephone,SmartTVRemote,tv remotre,5,,225,69,0.61
outils-telephone,SmartTVRemote,smart remote for sm tv,5,,229,19,0.83
outils-telephone,SmartTVRemote,smart remote for sam tv,5,,221,32,0.73
outils-telephone,SmartTVRemote,roku remotet,5,,213,60,0.63
outils-telephone,SmartTVRemote,roku remote  roku tv control  roku cast,5,,234,231,0.49
outils-telephone,SmartTVRemote,enigma2 remote,5,,225,22,0.80
outils-telephone,SmartTVRemote,roam: a better remote for roku,5,89,241,130,0.54
outils-telephone,SmartTVRemote,remote tv total,5,40,248,105,0.56
outils-telephone,SmartTVRemote,iphone as remote,5,40,242,94,0.57
outils-telephone,SmartTVRemote,onn   roku tv remote,5,,250,58,0.63
outils-telephone,SmartTVRemote,onn  roku tv remote,5,,250,58,0.63
outils-telephone,SmartTVRemote,ai tv remote,5,87,234,116,0.55
outils-telephone,SmartTVRemote,tv remote smart t,5,,221,42,0.68
outils-telephone,SmartTVRemote,every tv remote,5,,248,23,0.79
outils-telephone,SmartTVRemote,tv remote global,5,,223,44,0.67
outils-telephone,SmartTVRemote,tv rempte control,5,,248,37,0.70
outils-telephone,SmartTVRemote,lgmote,5,40,248,60,0.63
outils-telephone,SmartTVRemote,tv remotw,5,,225,70,0.61
outils-telephone,SmartTVRemote,remodely,5,,226,31,0.73
outils-telephone,SmartTVRemote,zetli,5,,214,139,0.53
outils-telephone,SmartTVRemote,fire tv remote universal stick,5,,234,126,0.54
outils-telephone,SmartTVRemote,fire & stick remote,5,,234,128,0.54
outils-telephone,SmartTVRemote,fire tv remote universal,5,,219,54,0.64
outils-telephone,SmartTVRemote,tv remote ™,5,,244,138,0.53
outils-telephone,SmartTVRemote,ott remote,5,,249,71,0.61
outils-telephone,SmartTVRemote,andriod tv remote,5,,239,25,0.77
outils-telephone,SmartTVRemote,universal remote - tv remote ·,5,,244,142,0.53
outils-telephone,SmartTVRemote,samsungremote,5,,250,54,0.64
outils-telephone,SmartTVRemote,l remote,5,,236,65,0.62
outils-telephone,SmartTVRemote,teòvsion remote,5,,249,113,0.55
outils-telephone,SmartTVRemote,telvsion remote,5,,230,44,0.67
outils-telephone,SmartTVRemote,acremote,5,,248,34,0.71
outils-telephone,SmartTVRemote,universla tv remote,5,,249,116,0.55
outils-telephone,SmartTVRemote,ac remote - universal controuniversal ac,5,,231,57,0.63
outils-telephone,SmartTVRemote,remote：tv,5,,243,64,0.62
outils-telephone,SmartTVRemote,remote：tv remote,5,,246,15,0.89
outils-telephone,SmartTVRemote,things plus・remoto,5,,39,8,1.10
outils-telephone,SmartTVRemote,plus・remoto,5,,225,36,0.70
outils-telephone,SmartTVRemote,remote tv control7,5,,245,19,0.83
outils-telephone,SmartTVRemote,control for samsung tv,5,,244,26,0.76
outils-telephone,SmartTVRemote,fire tv stick cast,5,64,233,190,0.50
outils-telephone,SmartTVRemote,universa remote,5,,235,56,0.64
outils-telephone,SmartTVRemote,tlc tv remore,5,,224,96,0.57
outils-telephone,SmartTVRemote,tv mount helper,5,,240,125,0.54
outils-telephone,SmartTVRemote,firestick remoter,5,,231,114,0.55
outils-telephone,SmartTVRemote,smart tv photo,5,,243,27,0.76
outils-telephone,SmartTVRemote,tclremote,5,,225,66,0.62
outils-telephone,SmartTVRemote,tcl remote fee,5,,237,28,0.75
outils-telephone,SmartTVRemote,tlctv remote,5,,229,32,0.73
outils-telephone,SmartTVRemote,forget things,5,,245,19,0.83
outils-telephone,SmartTVRemote,remote google tv,5,,240,67,0.61
outils-telephone,SmartTVRemote,samsung smartthings remote,5,,233,27,0.76
outils-telephone,SmartTVRemote,elderly remote,5,40,249,128,0.54
outils-telephone,SmartTVRemote,phil  ips remote,5,,236,72,0.60
outils-telephone,SmartTVRemote,box mi,5,87,238,117,0.55
outils-telephone,SmartTVRemote,free box app,5,,247,143,0.53
outils-telephone,SmartTVRemote,tv remote – control remoto universal,5,,244,181,0.51
outils-telephone,SmartTVRemote,tv remote – control remote universal,5,,245,36,0.70
outils-telephone,SmartTVRemote,control remote universal,5,,243,127,0.54
outils-telephone,SmartTVRemote,control free,5,74,248,224,0.49
outils-telephone,SmartTVRemote,your samsung tv remote,5,,215,39,0.69
outils-telephone,SmartTVRemote,samsang,5,,195,44,0.67
outils-telephone,SmartTVRemote,tv game controller,5,,227,51,0.65
outils-telephone,SmartTVRemote,smart tv remote control pro,5,,245,1,5.00
outils-telephone,SmartTVRemote,universal tv remote - flicky,5,,249,207,0.50
outils-telephone,SmartTVRemote,directtv remote,5,73,250,150,0.52
outils-telephone,SmartTVRemote,direct tv remote for directv,5,,233,42,0.68
outils-telephone,SmartTVRemote,sonos dynamic island,5,44,247,155,0.52
outils-telephone,SmartTVRemote,controle remoto para apple tv,5,82,241,5,1.34
outils-telephone,SmartTVRemote,remote tv ozuna,5,,250,44,0.67
outils-telephone,SmartTVRemote,screen mirroring: cast smarttv,5,,237,149,0.53
outils-telephone,SmartTVRemote,smart view - screen mirroring,5,,231,139,0.53
outils-telephone,SmartTVRemote,tv mount,5,,226,39,0.69
outils-telephone,SmartTVRemote,tv control remote for roku,5,,241,146,0.53
outils-telephone,SmartTVRemote,watch remote,5,77,247,4,1.49
outils-telephone,SmartTVRemote,smart universal remote,5,88,248,68,0.61
outils-telephone,SmartTVRemote,remote for firetv,5,79,243,138,0.53
outils-telephone,SmartTVRemote,remote for amazon,5,84,249,109,0.56
outils-telephone,SmartTVRemote,remote for samsung588,5,,237,11,0.98
outils-telephone,SmartTVRemote,universal smart tv remte,5,,226,22,0.80
outils-telephone,SmartTVRemote,universal remote - smart tv,5,,245,23,0.79
outils-telephone,SmartTVRemote,universal controller remote,5,,245,142,0.53
outils-telephone,SmartTVRemote,universal tv remote pro,5,,242,110,0.56
outils-telephone,SmartTVRemote,tv remote for all tv,5,,245,104,0.56
outils-telephone,SmartTVRemote,smart tvs,5,,241,10,1.02
outils-telephone,SmartTVRemote,screen controll,5,,239,60,0.63
outils-telephone,SmartTVRemote,remote controller for tv,5,67,247,67,0.61
outils-telephone,SmartTVRemote,app to mirror screen on smart tv,5,61,241,218,0.49
outils-telephone,SmartTVRemote,peakdo,5,,220,208,0.50
outils-telephone,SmartTVRemote,tv beam,5,,235,135,0.54
outils-telephone,SmartTVRemote,controlar suscripciones,5,,219,23,0.79
outils-telephone,SmartTVRemote,smart car remote,5,52,241,37,0.70
outils-telephone,SmartTVRemote,key connect remote,5,57,246,72,0.60
outils-telephone,SmartTVRemote,airplay remote,5,44,249,241,0.48
outils-telephone,SmartTVRemote,tv remote for roku devices,5,,219,177,0.51
outils-telephone,SmartTVRemote,apple tv remote contro,5,55,239,3,1.74
outils-telephone,SmartTVRemote,hd：watch,5,,247,215,0.49
outils-telephone,SmartTVRemote,tv output,5,86,245,118,0.55
outils-telephone,SmartTVRemote,shorttv watch,5,,230,99,0.57
outils-telephone,SmartTVRemote,tcl fire t remote,5,,234,127,0.54
outils-telephone,SmartTVRemote,my tv online - app,5,,246,6,1.24
outils-telephone,SmartTVRemote,tv picker,5,90,248,143,0.53
outils-telephone,SmartTVRemote,horion tv,5,,243,168,0.51
outils-telephone,SmartTVRemote,smart tv view,5,56,240,5,1.34
outils-telephone,SmartTVRemote,bosch tv,5,,236,93,0.57
outils-telephone,SmartTVRemote,4k firestick remote,5,,235,161,0.52
outils-telephone,SmartTVRemote,an apple tv,5,,246,37,0.70
outils-telephone,SmartTVRemote,apple tv fyc,5,,210,4,1.49
outils-telephone,SmartTVRemote,directvr lite remote for directv,5,,228,55,0.64
outils-telephone,SmartTVRemote,enhance s3xy,5,,218,34,0.71
outils-telephone,SmartTVRemote,gotowanie z tvp abc,5,,223,28,0.75
outils-telephone,SmartTVRemote,hulu remote control,5,,215,193,0.50
outils-telephone,SmartTVRemote,iot keyes,5,,221,66,0.62
outils-telephone,SmartTVRemote,lg thin q tv remote,5,,236,164,0.52
outils-telephone,SmartTVRemote,lionchief u remote updater,5,,225,144,0.53
outils-telephone,SmartTVRemote,netflix n controller,5,,200,126,0.54
outils-telephone,SmartTVRemote,no remote,5,,229,138,0.53
outils-telephone,SmartTVRemote,nubert x-remote,5,,206,84,0.59
outils-telephone,SmartTVRemote,obs mysensor,5,,233,55,0.64
outils-telephone,SmartTVRemote,obs virtual deck,5,,229,65,0.62
outils-telephone,SmartTVRemote,obsidian remote controller,5,,219,94,0.57
outils-telephone,SmartTVRemote,onn 4k remote,5,,217,159,0.52
outils-telephone,SmartTVRemote,onn streaming device remote,5,,218,194,0.50
outils-telephone,SmartTVRemote,remote a tv,5,,250,15,0.89
outils-telephone,SmartTVRemote,samsung frame remote,5,,229,66,0.62
outils-telephone,SmartTVRemote,smart home: remote control app,5,,248,27,0.76
outils-telephone,SmartTVRemote,smart tv 4k remote,5,,233,140,0.53
outils-telephone,SmartTVRemote,the at guide,5,81,246,176,0.51
outils-telephone,SmartTVRemote,ir android tv remote,5,63,246,38,0.70
outils-telephone,SmartTVRemote,calibrate tv,5,,212,41,0.68
outils-telephone,SmartTVRemote,smart access & control,5,,246,83,0.59
outils-telephone,SmartTVRemote,find tv remote,5,92,247,37,0.70
outils-telephone,SmartTVRemote,subscription control,5,,239,132,0.54
outils-telephone,SmartTVRemote,tv remote for,5,97,248,50,0.65
outils-telephone,SmartTVRemote,smart vizio tv remote,5,67,242,14,0.91
outils-telephone,SmartTVRemote,airdroid cast game,5,,243,125,0.54
outils-telephone,SmartTVRemote,airdroid cast game app,5,,242,47,0.66
outils-telephone,SmartTVRemote,universal tv remote control app,5,,241,40,0.69
outils-telephone,SmartTVRemote,duplicar pantalla app game app,5,,214,9,1.06
outils-telephone,SmartTVRemote,free smartwatch,5,,249,159,0.52
outils-telephone,SmartTVRemote,smartwatch free,5,,249,118,0.55
outils-telephone,SmartTVRemote,- universal tv remote control app,5,,241,26,0.76
outils-telephone,SmartTVRemote,review good iphone older adults app apk,5,,249,78,0.59
outils-telephone,SmartTVRemote,reddit free hide apps free app apk,5,,247,112,0.55
outils-telephone,SmartTVRemote,review my reviews logic pro app mod,5,56,249,35,0.71
outils-telephone,SmartTVRemote,warehouse remote,5,86,249,141,0.53
outils-telephone,SmartTVRemote,zigbee remote,5,40,249,86,0.58
outils-telephone,SmartTVRemote,z-wave remote,5,86,250,29,0.74
outils-telephone,SmartTVRemote,hub remote,5,50,245,218,0.49
outils-telephone,SmartTVRemote,digital tv remote,5,75,248,46,0.67
outils-telephone,SmartTVRemote,dtv remote,5,89,248,155,0.52
outils-telephone,SmartTVRemote,remote for all tvs,5,74,249,57,0.63
outils-telephone,SmartTVRemote,remote for bedroom tv,5,83,249,8,1.10
outils-telephone,SmartTVRemote,tv remote for elderly,5,40,244,68,0.61
outils-telephone,SmartTVRemote,large button remote app,5,83,248,19,0.83
outils-telephone,SmartTVRemote,remote with voice control,5,83,248,161,0.52
outils-telephone,SmartTVRemote,remote with macros,5,83,248,44,0.67
outils-telephone,SmartTVRemote,custom remote buttons,5,83,249,205,0.50
outils-telephone,SmartTVRemote,two way remote,5,86,250,104,0.56
outils-telephone,SmartTVRemote,featured remote,5,40,249,158,0.52
outils-telephone,SmartTVRemote,trending remote,5,40,249,106,0.56
outils-telephone,SmartTVRemote,which remote app,5,83,246,114,0.55
outils-telephone,SmartTVRemote,curved tv remote,5,40,242,201,0.50
outils-telephone,SmartTVRemote,every device remote,5,47,250,69,0.61
outils-telephone,SmartTVRemote,guest remote,5,40,246,121,0.55
outils-telephone,SmartTVRemote,emergency remote,5,40,249,80,0.59
outils-telephone,SmartTVRemote,spare remote,5,83,249,147,0.53
outils-telephone,SmartTVRemote,instant remote,5,35,247,82,0.59
outils-telephone,SmartTVRemote,one tap remote,5,87,250,169,0.51
outils-telephone,SmartTVRemote,siri shortcut remote,5,86,249,11,0.98
outils-telephone,SmartTVRemote,alexa skill remote,5,57,246,83,0.59
outils-telephone,SmartTVRemote,widget ios remote,5,40,248,132,0.54
outils-telephone,SmartTVRemote,lpn tv remote,5,,227,83,0.59
outils-telephone,SmartTVRemote,jsw smart tv remote,5,,232,147,0.53
outils-telephone,SmartTVRemote,lcd tv remote,5,,238,79,0.59
outils-telephone,SmartTVRemote,lcd remote,5,,228,56,0.64
outils-telephone,SmartTVRemote,ctc smart tv remote,5,,232,57,0.63
outils-telephone,SmartTVRemote,tv cast view,5,,241,32,0.73
outils-telephone,SmartTVRemote,nfc remote,5,,237,89,0.58
outils-telephone,SmartTVRemote,launcher remote,5,,227,79,0.59
outils-telephone,SmartTVRemote,flashlight remote,5,,220,96,0.57
outils-telephone,SmartTVRemote,magnifier remote,5,40,249,207,0.50
outils-telephone,SmartTVRemote,network remote,5,,241,89,0.58
outils-telephone,SmartTVRemote,unit remote,5,,248,48,0.66
outils-telephone,SmartTVRemote,speed remote,5,40,250,73,0.60
outils-telephone,SmartTVRemote,grandparent homescreen,5,62,217,50,0.65
outils-telephone,SmartTVRemote,homescreen grandparent,5,51,219,74,0.60
outils-telephone,SmartTVRemote,questions their device widget,5,66,239,163,0.52
outils-telephone,SmartTVRemote,shortcut questions their device,5,40,250,238,0.48
outils-telephone,SmartTVRemote,video app watch,5,40,238,209,0.50
outils-telephone,SmartTVRemote,couple device individually,5,,226,47,0.66
outils-telephone,SmartTVRemote,videos smart,5,,233,227,0.49
outils-telephone,SmartTVRemote,panasonic story watch,5,,232,103,0.56
outils-telephone,SmartTVRemote,scream video,5,,233,233,0.49
outils-telephone,SmartTVRemote,20apps,5,86,239,180,0.51
outils-telephone,SmartTVRemote,vizio tv universal,5,,238,226,0.49
outils-telephone,SmartTVRemote,moments sprachmemos talkie,5,,249,87,0.58
outils-telephone,SmartTVRemote,previous episode,5,,220,107,0.56
outils-telephone,SmartTVRemote,remote control for sky q,5,,221,20,0.82
outils-telephone,SmartTVRemote,universal tv remote control ∘,5,,245,52,0.65
outils-telephone,SmartTVRemote,visio tv remote,5,,219,78,0.59
outils-telephone,SmartTVRemote,universal t vremote,5,,227,142,0.53
outils-telephone,SmartTVRemote,smart tv remote+ for samsung,5,,250,13,0.93
outils-telephone,SmartTVRemote,smart tv remote+,5,,246,15,0.89
outils-telephone,SmartTVRemote,philips tv remorte,5,,233,85,0.58
outils-telephone,SmartTVRemote,all tv controller,5,,238,169,0.51
outils-telephone,SmartTVRemote,video y tv cast for samsung4,5,,237,30,0.74
outils-telephone,SmartTVRemote,tv remote widget,5,,245,23,0.79
outils-telephone,SmartTVRemote,tv size,5,,220,69,0.61
outils-telephone,SmartTVRemote,universal tv remote control‎ ‎,5,75,249,96,0.57
outils-telephone,SmartTVRemote,iqse-w,5,,215,36,0.70
outils-telephone,SmartTVRemote,connect tv remote,5,,250,20,0.82
outils-telephone,SmartTVRemote,remote sam tv,5,,233,123,0.54
outils-telephone,SmartTVRemote,tv remote & universal,5,,247,48,0.66
outils-telephone,SmartTVRemote,tv remote app for all tvs,5,,249,9,1.06
outils-telephone,SmartTVRemote,bsurprise company limited,5,,210,177,0.51
outils-telephone,SmartTVRemote,creen mirroring | smart tv,5,,238,164,0.52
outils-telephone,SmartTVRemote,screen mirroring | smart tv,5,,239,183,0.51
outils-telephone,SmartTVRemote,evoly app tv remote,5,,246,25,0.77
outils-telephone,SmartTVRemote,1. universal tv remote for all tv,5,,244,113,0.55
outils-telephone,SmartTVRemote,universal tv remote for all tv,5,79,244,94,0.57
outils-telephone,SmartTVRemote,smart cast tv,5,93,244,85,0.58
outils-telephone,SmartTVRemote,screen time app free,5,,245,167,0.52
outils-telephone,SmartTVRemote,screen mirrori to smart tv,5,,242,94,0.57
outils-telephone,SmartTVRemote,screen mirror to smart tv,5,,240,136,0.53
outils-telephone,SmartTVRemote,to smart tv,5,,242,5,1.34
outils-telephone,SmartTVRemote,tv remot,5,,241,49,0.66
outils-telephone,SmartTVRemote,. screen mirroring app,5,,236,132,0.54
outils-telephone,SmartTVRemote,localcast smart things,5,,242,31,0.73
outils-telephone,SmartTVRemote,find my tv remote,5,,250,141,0.53
outils-telephone,SmartTVRemote,lg tv compatible remote,5,,237,81,0.59
outils-telephone,SmartTVRemote,smart television remote,5,,236,113,0.55
outils-telephone,SmartTVRemote,smart remote control for tv,5,,247,4,1.49
outils-telephone,SmartTVRemote,tv remote for iphone,5,95,247,61,0.63
outils-telephone,SmartTVRemote,tv remote app for iphone,5,,246,44,0.67
outils-telephone,SmartTVRemote,thumbnail image universal tv remote for,5,,247,149,0.53
outils-telephone,SmartTVRemote,remote for all tv,5,,248,59,0.63
outils-telephone,SmartTVRemote,remote cremote control for tv+,5,,247,5,1.34
outils-telephone,SmartTVRemote,universal smart tv controller,5,,247,26,0.76
outils-telephone,SmartTVRemote,smart tv remote for samsung+,5,,241,16,0.87
outils-telephone,SmartTVRemote,tv remote for samsung+,5,,237,40,0.69
outils-telephone,SmartTVRemote,remote controller tv,5,,245,114,0.55
outils-telephone,SmartTVRemote,remote control smart tv,5,,247,12,0.96
outils-telephone,SmartTVRemote,remote for stick tv,5,,239,93,0.57
outils-telephone,SmartTVRemote,tv remote control for iphone,5,,241,35,0.71
outils-telephone,SmartTVRemote,tv remote for samsung tv+,5,,237,20,0.82
outils-telephone,SmartTVRemote,mytifi remote samsung,5,,239,35,0.71
outils-telephone,SmartTVRemote,remote control app for tv,5,,248,8,1.10
outils-telephone,SmartTVRemote,for samsung tv,5,,235,71,0.61
outils-telephone,SmartTVRemote,onn tv remote control,5,,250,137,0.53
outils-telephone,SmartTVRemote,vizo tv remote,5,,250,131,0.54
outils-telephone,SmartTVRemote,ft control yaesu,5,40,248,82,0.59
outils-telephone,SmartTVRemote,smart review,5,47,244,56,0.64
outils-telephone,SmartTVRemote,tv remote control · universal,5,,244,118,0.55
outils-telephone,SmartTVRemote,smart remote for webos,5,,247,37,0.70
outils-telephone,SmartTVRemote,apple tv +,5,,248,246,0.48
outils-telephone,SmartTVRemote,screen mirroring app: smart tv,5,,246,165,0.52
outils-telephone,SmartTVRemote,vizio & smartcast tv remote,5,,249,9,1.06
outils-telephone,SmartTVRemote,smart things・samsung remote,5,,247,5,1.34
outils-telephone,SmartTVRemote,magic remote for tv,5,25,246,5,1.34
outils-telephone,SmartTVRemote,smart view all tv cast,5,30,247,79,0.59
outils-telephone,SmartTVRemote,mirroring app smart,5,27,241,193,0.50
outils-telephone,SmartTVRemote,mirroring for smart,5,32,243,85,0.58
outils-telephone,SmartTVRemote,smart view screen,5,45,240,96,0.57
outils-telephone,SmartTVRemote,randomizer tv,5,,247,41,0.68
outils-telephone,SmartTVRemote,gesture control button,5,,247,79,0.59
outils-telephone,SmartTVRemote,gesture control settings,5,,246,94,0.57
outils-telephone,SmartTVRemote,gestures control optionally,5,,248,52,0.65
outils-telephone,SmartTVRemote,gestures control optionally app,5,,249,20,0.82
outils-telephone,SmartTVRemote,lg air mouse,5,,246,109,0.56
outils-telephone,SmartTVRemote,screen mirroring app: smart-tv,5,,242,115,0.55
outils-telephone,SmartTVRemote,mirror smart view,5,30,235,155,0.52
outils-telephone,SmartTVRemote,tv cast to for ipad,5,53,246,226,0.49
outils-telephone,SmartTVRemote,smart totv cast,5,29,244,146,0.53
outils-telephone,SmartTVRemote,tv cast for ipad,5,27,244,191,0.50
outils-telephone,SmartTVRemote,cast tv for ipad,5,54,245,219,0.49
outils-telephone,SmartTVRemote,smart view to tv,5,25,241,12,0.96
outils-telephone,SmartTVRemote,smartview for iphone,5,40,240,75,0.60
outils-telephone,SmartTVRemote,smart view smart,5,68,240,48,0.66
outils-telephone,SmartTVRemote,smart all screen receiver,5,65,248,84,0.59
outils-telephone,SmartTVRemote,all screen receiver tv,5,44,249,218,0.49
outils-telephone,SmartTVRemote,receiver all screen to tv,5,43,248,193,0.50
outils-telephone,SmartTVRemote,receiver all screen tv,5,43,249,168,0.51
outils-telephone,SmartTVRemote,smart receiver all screen,5,66,248,82,0.59
outils-telephone,SmartTVRemote,screen receiver all to tv,5,43,248,208,0.50
outils-telephone,SmartTVRemote,smart share tv,5,25,242,58,0.63
outils-telephone,SmartTVRemote,smart beam screen,5,65,247,193,0.50
outils-telephone,SmartTVRemote,smartcast for iphone,5,73,239,87,0.58
outils-telephone,SmartTVRemote,smartcast for ipad,5,29,235,89,0.58
outils-telephone,SmartTVRemote,fire tv cast for ipad,5,44,233,148,0.53
outils-telephone,SmartTVRemote,wireless cast fire tv,5,44,239,184,0.51
outils-telephone,SmartTVRemote,all cast fire tv,5,43,237,228,0.49
outils-telephone,SmartTVRemote,smart tv cast fire,5,43,241,53,0.64
outils-telephone,SmartTVRemote,smart built in chromecast,5,51,241,170,0.51
outils-telephone,SmartTVRemote,smart iphone to tv,5,28,245,6,1.24
outils-telephone,SmartTVRemote,tv cast for mac,5,29,240,129,0.54
outils-telephone,SmartTVRemote,mac smart view,5,25,244,20,0.82
outils-telephone,SmartTVRemote,phone to tv for mac,5,60,246,146,0.53
outils-telephone,SmartTVRemote,ipad all screen receiver,5,58,245,239,0.48
outils-telephone,SmartTVRemote,iphone smartcast,5,74,242,195,0.50
outils-telephone,SmartTVRemote,smartcast ipad,5,27,242,154,0.52
outils-telephone,SmartTVRemote,smartcast mac,5,27,241,110,0.56
outils-telephone,SmartTVRemote,smart cast iphone,5,74,240,202,0.50
outils-telephone,SmartTVRemote,mac smart cast,5,29,242,143,0.53
outils-telephone,SmartTVRemote,fire tv cast for windows,5,43,242,173,0.51
outils-telephone,SmartTVRemote,iphone to tv for mac,5,45,246,107,0.56
outils-telephone,SmartTVRemote,ipad iphone to tv,5,45,247,211,0.49
outils-telephone,SmartTVRemote,iphone smartview,5,52,246,219,0.49
outils-telephone,SmartTVRemote,smartview ipad,5,25,238,59,0.63
outils-telephone,SmartTVRemote,smartview for mac,5,27,238,18,0.84
outils-telephone,SmartTVRemote,smartview mac,5,25,242,45,0.67
outils-telephone,SmartTVRemote,smartcast video,5,33,242,221,0.49
outils-telephone,SmartTVRemote,video smart cast,5,28,242,236,0.49
outils-telephone,SmartTVRemote,smartview video,5,25,247,64,0.62
outils-telephone,SmartTVRemote,netflix smartview,5,93,240,62,0.62
outils-telephone,SmartTVRemote,smart view for roku,5,73,230,140,0.53
outils-telephone,SmartTVRemote,screen cast for samsung,5,65,237,157,0.52
outils-telephone,SmartTVRemote,airplay for samsung,5,73,241,136,0.53
outils-telephone,SmartTVRemote,air play for samsung,5,60,238,157,0.52
outils-telephone,SmartTVRemote,cast to tv for samsung,5,25,240,64,0.62
outils-telephone,SmartTVRemote,phone to tv for samsung,5,65,239,139,0.53
outils-telephone,SmartTVRemote,mirroring for samsung,5,30,231,208,0.50
outils-telephone,SmartTVRemote,samsung smartcast,5,75,244,135,0.54
outils-telephone,SmartTVRemote,fire tv cast for samsung,5,43,240,114,0.55
outils-telephone,SmartTVRemote,chromecast built in for samsung,5,60,243,76,0.60
outils-telephone,SmartTVRemote,iphone to tv samsung,5,28,238,67,0.61
outils-telephone,SmartTVRemote,smartcast for sony,5,65,240,185,0.51
outils-telephone,SmartTVRemote,fire tv cast sony,5,43,240,208,0.50
outils-telephone,SmartTVRemote,phone to tv for vizio,5,65,244,141,0.53
outils-telephone,SmartTVRemote,fire tv cast vizio,5,70,239,129,0.54
outils-telephone,SmartTVRemote,vizio smartview,5,62,240,86,0.58
outils-telephone,SmartTVRemote,smartview vizio,5,62,239,141,0.53
outils-telephone,SmartTVRemote,smartview for vizio,5,62,241,116,0.55
outils-telephone,SmartTVRemote,smart view philips,5,41,243,58,0.63
outils-telephone,SmartTVRemote,all screen receiver for philips,5,71,248,212,0.49
outils-telephone,SmartTVRemote,smartcast for philips,5,52,246,122,0.55
outils-telephone,SmartTVRemote,philips smart cast,5,43,246,127,0.54
outils-telephone,SmartTVRemote,fire tv cast philips,5,43,241,142,0.53
outils-telephone,SmartTVRemote,mirascreen for philips,5,25,240,238,0.48
outils-telephone,SmartTVRemote,smart view panasonic,5,25,244,75,0.60
outils-telephone,SmartTVRemote,smartcast for sharp,5,64,244,206,0.50
outils-telephone,SmartTVRemote,iphone to tv sharp,5,44,242,152,0.52
outils-telephone,SmartTVRemote,iphone to tv for sharp,5,29,238,69,0.61
outils-telephone,SmartTVRemote,smart view fire tv,5,44,236,51,0.65
outils-telephone,SmartTVRemote,smart view for fire tv,5,44,235,71,0.61
outils-telephone,SmartTVRemote,phone to tv fire tv,5,44,240,221,0.49
outils-telephone,SmartTVRemote,all screen receiver for fire tv,5,44,239,116,0.55
outils-telephone,SmartTVRemote,smart share for fire tv,5,44,238,78,0.59
outils-telephone,SmartTVRemote,screen beam for fire tv,5,44,240,124,0.54
outils-telephone,SmartTVRemote,screenbeam for fire tv,5,44,240,101,0.56
outils-telephone,SmartTVRemote,fire tv smart cast,5,44,239,141,0.53
outils-telephone,SmartTVRemote,photo to tv fire tv,5,43,235,207,0.50
outils-telephone,SmartTVRemote,fire tv smartview,5,44,236,63,0.62
outils-telephone,SmartTVRemote,smartview fire tv,5,44,235,50,0.65
outils-telephone,SmartTVRemote,smartview for fire tv,5,44,234,45,0.67
outils-telephone,SmartTVRemote,smart view firestick,5,43,242,41,0.68
outils-telephone,SmartTVRemote,smartshare for firestick,5,43,238,124,0.54
outils-telephone,SmartTVRemote,smartcast firestick,5,43,241,170,0.51
outils-telephone,SmartTVRemote,smart cast firestick,5,44,241,108,0.56
outils-telephone,SmartTVRemote,smart cast for firestick,5,45,242,58,0.63
outils-telephone,SmartTVRemote,fire tv cast firestick,5,43,234,178,0.51
outils-telephone,SmartTVRemote,fire tv cast for firestick,5,44,232,153,0.52
outils-telephone,SmartTVRemote,iphone to tv for firestick,5,44,235,142,0.53
outils-telephone,SmartTVRemote,iphone to tv firestick,5,44,232,209,0.50
outils-telephone,SmartTVRemote,screen mirroring for apple tv,5,62,235,196,0.50
outils-telephone,SmartTVRemote,screen mirror apple tv,5,44,233,233,0.49
outils-telephone,SmartTVRemote,apple tv screen mirror,5,44,235,200,0.50
outils-telephone,SmartTVRemote,screen mirror for apple tv,5,44,231,142,0.53
outils-telephone,SmartTVRemote,apple tv screen share,5,45,244,68,0.61
outils-telephone,SmartTVRemote,screen share apple tv,5,45,243,58,0.63
outils-telephone,SmartTVRemote,screen share for apple tv,5,45,244,14,0.91
outils-telephone,SmartTVRemote,apple tv screen cast,5,45,245,95,0.57
outils-telephone,SmartTVRemote,air play apple tv,5,81,244,122,0.55
outils-telephone,SmartTVRemote,apple tv air play,5,71,245,119,0.55
outils-telephone,SmartTVRemote,apple tv cast to tv,5,60,241,80,0.59
outils-telephone,SmartTVRemote,cast to tv apple tv,5,64,241,65,0.62
outils-telephone,SmartTVRemote,tv cast apple tv,5,70,242,16,0.87
outils-telephone,SmartTVRemote,apple tv tv cast,5,70,243,17,0.86
outils-telephone,SmartTVRemote,tv cast for apple tv,5,69,241,14,0.91
outils-telephone,SmartTVRemote,smart view for apple tv,5,44,240,2,2.29
outils-telephone,SmartTVRemote,apple tv smart view,5,67,239,2,2.29
outils-telephone,SmartTVRemote,mirror screen to tv apple tv,5,44,230,218,0.49
outils-telephone,SmartTVRemote,apple tv wireless display,5,45,242,55,0.64
outils-telephone,SmartTVRemote,airscreen apple tv,5,,245,32,0.73
outils-telephone,SmartTVRemote,airreceiver for apple tv,5,,247,21,0.81
outils-telephone,SmartTVRemote,mirroring for apple tv,5,,232,112,0.55
outils-telephone,SmartTVRemote,allshare apple tv,5,,245,31,0.73
outils-telephone,SmartTVRemote,smart share for apple tv,5,,246,3,1.74
outils-telephone,SmartTVRemote,screen beam for apple tv,5,,245,13,0.93
outils-telephone,SmartTVRemote,smart cast apple tv,5,,244,3,1.74
outils-telephone,SmartTVRemote,mirascreen for apple tv,5,,247,26,0.76
outils-telephone,SmartTVRemote,wifi display apple tv,5,,248,30,0.74
outils-telephone,SmartTVRemote,airplay smart tv,5,,248,29,0.74
outils-telephone,SmartTVRemote,airplay for smart tv,5,,246,52,0.65
outils-telephone,SmartTVRemote,smart tv tv cast,5,,243,13,0.93
outils-telephone,SmartTVRemote,smart view smart tv,5,,244,7,1.16
outils-telephone,SmartTVRemote,wireless display smart tv,5,,248,39,0.69
outils-telephone,SmartTVRemote,screen sharing smart tv,5,,247,183,0.51
outils-telephone,SmartTVRemote,phone to tv smart tv,5,,247,13,0.93
outils-telephone,SmartTVRemote,web video cast smart tv,5,,246,56,0.64
outils-telephone,SmartTVRemote,smartshare for smart tv,5,,246,22,0.80
outils-telephone,SmartTVRemote,dlna smart tv,5,,246,46,0.67
outils-telephone,SmartTVRemote,dlna for smart tv,5,,246,39,0.69
outils-telephone,SmartTVRemote,widi for smart tv,5,,247,73,0.60
outils-telephone,SmartTVRemote,smartcast smart tv,5,,242,6,1.24
outils-telephone,SmartTVRemote,fire tv cast for smart tv,5,,237,21,0.81
outils-telephone,SmartTVRemote,chromecast built in for smart tv,5,,244,60,0.63
outils-telephone,SmartTVRemote,iphone to tv smart tv,5,,245,2,2.29
outils-telephone,SmartTVRemote,xbox smartcast,5,,241,181,0.51
outils-telephone,SmartTVRemote,screen beam for ps4,5,,247,210,0.50
outils-telephone,SmartTVRemote,airplay for apple,5,,239,127,0.54
outils-telephone,SmartTVRemote,cast to tv apple,5,,244,27,0.76
outils-telephone,SmartTVRemote,smart view apple,5,,244,3,1.74
outils-telephone,SmartTVRemote,mirroring for apple,5,,231,181,0.51
outils-telephone,SmartTVRemote,smart cast for apple,5,,245,11,0.98
outils-telephone,SmartTVRemote,fire tv cast apple,5,,236,65,0.62
outils-telephone,SmartTVRemote,apple chromecast built in,5,,246,88,0.58
outils-telephone,SmartTVRemote,chromecast built in amazon,5,,247,149,0.53
outils-telephone,SmartTVRemote,chromecast built in for amazon,5,,240,165,0.52
outils-telephone,SmartTVRemote,smart share for android tv,5,,246,123,0.54
outils-telephone,SmartTVRemote,android tv chromecast built in,5,,248,159,0.52
outils-telephone,SmartTVRemote,chromecast built in for android tv,5,,239,235,0.49
outils-telephone,SmartTVRemote,fire tv stick tv cast,5,,236,165,0.52
outils-telephone,SmartTVRemote,miracast for fire tv stick,5,,233,169,0.51
outils-telephone,SmartTVRemote,fire tv stick airreceiver,5,,238,213,0.49
outils-telephone,SmartTVRemote,web video cast fire tv stick,5,,238,130,0.54
outils-telephone,SmartTVRemote,fire tv stick allshare,5,,234,210,0.50
outils-telephone,SmartTVRemote,fire tv stick smart share,5,,236,54,0.64
outils-telephone,SmartTVRemote,fire tv stick smartcast,5,,236,52,0.65
outils-telephone,SmartTVRemote,fire tv stick smartview,5,,236,57,0.63
outils-telephone,SmartTVRemote,smartcast for google tv,5,,243,145,0.53
outils-telephone,SmartTVRemote,cast smart view,5,,245,117,0.55
outils-telephone,SmartTVRemote,receiver phone to tv,5,,249,110,0.56
outils-telephone,SmartTVRemote,app iphone to tv,5,,244,26,0.76
outils-telephone,SmartTVRemote,smart cast tv mirror view,5,,241,205,0.50
outils-telephone,SmartTVRemote,view and mirror,5,,240,141,0.53
outils-telephone,SmartTVRemote,mirroring -smart,5,,237,217,0.49
outils-telephone,SmartTVRemote,smart iphone screen mirroring for,5,,238,236,0.49
outils-telephone,SmartTVRemote,vizio tv stick,5,,238,225,0.49
outils-telephone,SmartTVRemote,simple remote for lg smart tv,5,,239,26,0.76
outils-telephone,SmartTVRemote,smart remote control tv plus,5,,246,5,1.34
outils-telephone,SmartTVRemote,lg smart tv remote control,5,,244,151,0.52
outils-telephone,SmartTVRemote,view smart tv,5,29,241,6,1.24
outils-telephone,SmartTVRemote,remote for onn tv,5,,250,59,0.63
outils-telephone,SmartTVRemote,remote for sanyo tv,5,,248,173,0.51
outils-telephone,SmartTVRemote,smart view,5,,235,72,0.60
outils-telephone,SmartTVRemote,remote control for chromecast,5,,249,225,0.49
outils-telephone,SmartTVRemote,inisgnia tv remote,5,,250,168,0.51
outils-telephone,SmartTVRemote,tv universal controle remoto,5,,249,56,0.64
outils-telephone,SmartTVRemote,remote-control-for-all-tv,5,,249,42,0.68
outils-telephone,SmartTVRemote,vu tv remote,,89,244,182,
outils-telephone,SmartTVRemote,wifi direct samsung,,65,237,231,
outils-telephone,SmartTVRemote,mando television samsung,,50,42,1,
outils-telephone,SmartTVRemote,mando samsung gratis,,86,175,43,
outils-telephone,SmartTVRemote,smart cast for chromecast,,,240,194,
outils-telephone,SmartTVRemote,vestel,,,56,49,
outils-telephone,SmartTVRemote,premium remote,,44,247,165,
outils-telephone,SmartTVRemote,電視,,98,218,48,
outils-telephone,SmartTVRemote,screen miroir fire tv,,56,239,211,
outils-telephone,SmartTVRemote,fire jouer tv,,41,240,133,
outils-telephone,SmartTVRemote,amazon fire tv télécommande,,56,241,194,
outils-telephone,SmartTVRemote,firetv firestick-spiegel,,56,244,216,
outils-telephone,SmartTVRemote,bildschirm spiegel fire tv,,57,247,176,
outils-telephone,SmartTVRemote,firestick fernseh,,41,249,203,
outils-telephone,SmartTVRemote,bildschirm teilen for sony,,73,249,229,
outils-telephone,SmartTVRemote,philips tv bildschirm teilen,,51,249,83,
outils-telephone,SmartTVRemote,tv fernsehen for philips,,25,249,74,
outils-telephone,SmartTVRemote,bildschirmteilen samsung,,68,249,47,
outils-telephone,SmartTVRemote,samsung mirroring gratuit,,73,239,68,
outils-telephone,SmartTVRemote,tv mirror samsung gratuit,,59,227,39,
outils-telephone,SmartTVRemote,samsung television aplicacion,,71,246,47,
outils-telephone,SmartTVRemote,smarttelevision samsung,,57,46,2,
outils-telephone,SmartTVRemote,samsung fernsteuerung kostenlos,,59,248,57,
outils-telephone,SmartTVRemote,samsung smarttv steuerung,,5,2,1,
outils-telephone,SmartTVRemote,smart steuerung samsung tv,,5,2,1,
outils-telephone,SmartTVRemote,samsung smart tv steuerung,,5,2,1,
outils-telephone,SmartTVRemote,samsung tv teclado,,76,224,35,
outils-telephone,SmartTVRemote,bildschirmfreigabe mit tv,,43,249,126,
outils-telephone,SmartTVRemote,tcl bildschirmspiegelung,,34,249,147,
outils-telephone,SmartTVRemote,sharp tv streamen,,81,248,121,
outils-telephone,SmartTVRemote,hitachi tv streamen,,44,249,105,
outils-telephone,SmartTVRemote,skyworth smart tv,,52,249,6,
outils-telephone,SmartTVRemote,app per il mirroring dello schermo,,50,243,220,
outils-telephone,SmartTVRemote,televizor inteligent,,91,243,147,
outils-telephone,SmartTVRemote,tv timer,,,207,37,
outils-telephone,SmartTVRemote,idter: control and view ni≈çs,,73,250,18,
outils-telephone,SmartTVRemote,smart%20watch%20app,,,244,21,
outils-telephone,SmartTVRemote,free%20video,,69,250,222,
outils-telephone,SmartTVRemote,remote%20for%20lg%20tv,,,229,40,
outils-telephone,SmartTVRemote,apple%20screen%20mirroring,,,214,20,
outils-telephone,SmartTVRemote,control%20tcl,,84,248,233,
outils-telephone,SmartTVRemote,for%20free,,,248,11,
outils-telephone,SmartTVRemote,remote%20control%20for%20tv,,83,247,16,
outils-telephone,SmartTVRemote,samsung%20remote%20app,,,223,17,
outils-telephone,SmartTVRemote,video%20and%20tv%20cast,,,218,92,
outils-telephone,SmartTVRemote,tv%20remote%20samsung,,,218,63,
outils-telephone,SmartTVRemote,screen%20mirroring%20free,,43,247,225,
outils-telephone,SmartTVRemote,remote%20for%20samsung%20tv,,92,247,34,
outils-telephone,SmartTVRemote,free%20tv,,86,247,16,
outils-telephone,SmartTVRemote,vizio%20remote,,,240,162,
outils-telephone,SmartTVRemote,roku%20remote%20control%20free,,,220,96,
outils-telephone,SmartTVRemote,d%20and%20d,,73,243,147,
outils-telephone,SmartTVRemote,hue%20sync,,,244,79,
outils-telephone,SmartTVRemote,free%20mirror%20app,,,230,105,
outils-telephone,SmartTVRemote,mirror%20for%20samsung%20tv,,,204,91,
outils-telephone,SmartTVRemote,samsung%20smartthings,,55,175,11,
outils-telephone,SmartTVRemote,lg%20tv%20remote%20control,,,222,86,
outils-telephone,SmartTVRemote,smart%20control,,86,249,1,
outils-telephone,SmartTVRemote,mobile%20app,,,220,23,
outils-telephone,SmartTVRemote,samsung%20smart%20tv%20remote,,,228,33,
outils-telephone,SmartTVRemote,apple%20app,,83,240,34,
outils-telephone,SmartTVRemote,lg%20tv%20remote%20control%20app,,,224,42,
outils-telephone,SmartTVRemote,control%20tv%20gratis,,,249,81,
outils-telephone,SmartTVRemote,vizio%20mobile,,,218,23,
outils-telephone,SmartTVRemote,tv%20remote,,,208,27,
outils-telephone,SmartTVRemote,tv%20guide,,,203,19,
outils-telephone,SmartTVRemote,amazon%20fire%20tv%20remote,,93,240,173,
outils-telephone,SmartTVRemote,smart%20things,,,201,4,
outils-telephone,SmartTVRemote,samsung%20smart%20tv,,69,240,30,
outils-telephone,SmartTVRemote,free%20tv%20mirroring,,,238,144,
outils-telephone,SmartTVRemote,iptv%20smarters%20pro,,,239,88,
outils-telephone,SmartTVRemote,screen%20mirroring%20ipad,,38,245,240,
outils-telephone,SmartTVRemote,samsung%20screen%20mirroring,,,226,119,
outils-telephone,SmartTVRemote,samsung%20remote,,54,129,8,
outils-telephone,SmartTVRemote,panasonic%20remote,,,245,168,
outils-telephone,SmartTVRemote,control%20tv,,,218,1,
outils-telephone,SmartTVRemote,vizio%20remote%20control%20free,,93,245,22,
outils-telephone,SmartTVRemote,tvee%20app,,,244,66,
outils-telephone,SmartTVRemote,a%20a,,80,246,205,
outils-telephone,SmartTVRemote,v%20p%20n,,84,174,63,
outils-telephone,SmartTVRemote,free%20tv%20guide,,,228,42,
outils-telephone,SmartTVRemote,controle tv samsung,,,244,60,
outils-telephone,SmartTVRemote,box remote,,67,249,69,
outils-telephone,SmartTVRemote,smart things",,73,242,6,
outils-telephone,SmartTVRemote,element tv remote control,,91,249,80,
outils-telephone,SmartTVRemote,vizo   remote,,,249,101,
outils-telephone,SmartTVRemote,tv remote ap,,,232,200,
outils-telephone,SmartTVRemote,remote tv for roku,,,209,69,
outils-telephone,SmartTVRemote,"remote",,44,243,108,
outils-telephone,SmartTVRemote,connect samsung tv,,,223,17,
outils-telephone,SmartTVRemote,remate,,,218,189,
outils-telephone,SmartTVRemote,samsun remote tve,,,233,41,
outils-telephone,SmartTVRemote,smart remote connect,,,242,117,
outils-telephone,SmartTVRemote,remote control for roku rokuku,,,248,243,
outils-telephone,SmartTVRemote,roku app remote control,,,220,110,
outils-telephone,SmartTVRemote,samsung monitor remote,,,233,44,
outils-telephone,SmartTVRemote,stick master remote control,,,216,15,
outils-telephone,SmartTVRemote,watch guide app,,86,249,57,
outils-telephone,SmartTVRemote,apple tv helper,,77,248,23,
outils-telephone,SmartTVRemote,apple tv original finder,,83,246,74,
outils-telephone,SmartTVRemote,tv remote for any tv,,,247,29,
outils-telephone,SmartTVRemote,vin remote,,98,248,111,
outils-telephone,SmartTVRemote,pocket remote,,87,248,48,
outils-telephone,SmartTVRemote,smart home remote,,90,249,38,
outils-telephone,SmartTVRemote,homekit remote,,40,248,95,
outils-telephone,SmartTVRemote,control4 remote,,95,248,96,
outils-telephone,SmartTVRemote,stb remote,,70,244,18,
outils-telephone,SmartTVRemote,bt tv remote,,49,242,109,
outils-telephone,SmartTVRemote,display remote,,40,245,122,
outils-telephone,SmartTVRemote,heater remote,,71,250,216,
outils-telephone,SmartTVRemote,tv remote not working,,40,246,103,
outils-telephone,SmartTVRemote,remote app for old tv,,75,250,32,
outils-telephone,SmartTVRemote,best free tv remote,,91,250,121,
outils-telephone,SmartTVRemote,how to control tv without remote,,32,246,38,
outils-telephone,SmartTVRemote,replace lost remote,,83,250,108,
outils-telephone,SmartTVRemote,smart remote for hotel tv,,40,247,2,
outils-telephone,SmartTVRemote,one app for all remotes,,83,248,105,
outils-telephone,SmartTVRemote,remote for every brand,,40,247,52,
outils-telephone,SmartTVRemote,simple tv remote elderly,,40,247,92,
outils-telephone,SmartTVRemote,remote for second tv,,40,248,16,
outils-telephone,SmartTVRemote,remote for kids,,40,244,26,
outils-telephone,SmartTVRemote,parental control remote,,86,245,74,
outils-telephone,SmartTVRemote,screen time remote,,40,244,215,
outils-telephone,SmartTVRemote,programmable remote,,40,249,108,
outils-telephone,SmartTVRemote,channel list remote,,86,248,218,
outils-telephone,SmartTVRemote,learn remote,,40,246,242,
outils-telephone,SmartTVRemote,remote with favorites,,83,248,189,
outils-telephone,SmartTVRemote,lock screen remote,,86,248,155,
outils-telephone,SmartTVRemote,home screen remote,,83,247,123,
outils-telephone,SmartTVRemote,disney plus remote,,85,246,218,
outils-telephone,SmartTVRemote,media center remote,,85,237,168,
outils-telephone,SmartTVRemote,tv remote and smart home,,46,246,1,
outils-telephone,SmartTVRemote,remote and volume control,,83,246,88,
outils-telephone,SmartTVRemote,brightness and remote,,83,248,8,
outils-telephone,SmartTVRemote,input switcher remote,,83,248,57,
outils-telephone,SmartTVRemote,child lock remote,,40,247,114,
outils-telephone,SmartTVRemote,quick setup tv,,87,249,200,
outils-telephone,SmartTVRemote,pair remote,,40,250,171,
outils-telephone,SmartTVRemote,offline remote,,70,250,35,
outils-telephone,SmartTVRemote,best remote app 2024,,42,244,45,
outils-telephone,SmartTVRemote,award remote,,40,248,241,
outils-telephone,SmartTVRemote,remote app comparison,,83,238,65,
outils-telephone,SmartTVRemote,no in app purchase remote,,40,246,25,
outils-telephone,SmartTVRemote,marantz remote,,43,247,65,
outils-telephone,SmartTVRemote,remote for all brands,,40,248,84,
outils-telephone,SmartTVRemote,4k tv remote,,72,245,35,
outils-telephone,SmartTVRemote,works with all tvs,,95,246,217,
outils-telephone,SmartTVRemote,room by room remote,,79,249,65,
outils-telephone,SmartTVRemote,whole home remote,,40,247,48,
outils-telephone,SmartTVRemote,family remote,,74,248,49,
outils-telephone,SmartTVRemote,second remote,,40,238,54,
outils-telephone,SmartTVRemote,smart button remote,,40,248,5,
outils-telephone,SmartTVRemote,bixby remote,,73,249,137,
outils-telephone,SmartTVRemote,tv show planner trakt,,42,244,206,
outils-telephone,SmartTVRemote,remote for roku tv control·,,,236,146,
outils-telephone,SmartTVRemote,pour tv,,,229,30,
outils-telephone,SmartTVRemote,samsungs,,,219,80,
outils-telephone,SmartTVRemote,Control Your Smart Samsung TV,,,238,7,
outils-telephone,SmartTVRemote,S1  S2 Speaker Controller App,,,248,74,
outils-telephone,SmartTVRemote,tv remote for webos,,,245,87,
outils-telephone,SmartTVRemote,tv zabrze,,,248,132,
outils-telephone,SmartTVRemote,tv remote control smart things,,,248,1,
outils-telephone,SmartTVRemote,smart view TM - tv cast,,,248,103,
outils-telephone,SmartTVRemote,smart things: remote control,,,250,4,
outils-telephone,SmartTVRemote,tc remote,,,249,48,
outils-telephone,SmartTVRemote,magic tv remote,,,249,221,
outils-telephone,SmartTVRemote,mirroring smart view,,,239,160,
outils-telephone,SmartTVRemote,for smart,,37,246,69,
outils-telephone,SmartTVRemote,smart view TM tv cast,,,246,90,
outils-telephone,SmartTVRemote,view screen cast,,27,246,230,
outils-telephone,SmartTVRemote,cast mirror view,,28,242,239,
outils-telephone,SmartTVRemote,universal ac remote climax,,,249,176,
outils-telephone,SmartTVRemote,screen mirroring: tv smart app,,,239,153,
outils-telephone,SmartTVRemote,tv cast miracast & tv remote,,,249,218,
outils-telephone,SmartTVRemote,tv cast for smart tv,,,245,17,
outils-telephone,SmartTVRemote,cast to tv for ipad,,53,246,199,
outils-telephone,SmartTVRemote,smart cast to tv,,28,242,145,
outils-telephone,SmartTVRemote,smart cast totv,,29,243,132,
outils-telephone,SmartTVRemote,smart tv cast to,,27,245,62,
outils-telephone,SmartTVRemote,smart to tv cast,,25,242,92,
outils-telephone,SmartTVRemote,smart miracast,,,242,171,
outils-telephone,SmartTVRemote,smart view for ipad,,65,240,26,
outils-telephone,SmartTVRemote,smartview for ipad,,65,238,23,
outils-telephone,SmartTVRemote,smartview to tv,,25,240,83,
outils-telephone,SmartTVRemote,smartview tv,,42,244,145,
outils-telephone,SmartTVRemote,all screen receiver to tv,,43,248,174,
outils-telephone,SmartTVRemote,smart screen receiver all,,29,248,132,
outils-telephone,SmartTVRemote,air receiver to tv,,,247,119,
outils-telephone,SmartTVRemote,air receiver tv,,,250,66,
outils-telephone,SmartTVRemote,receiver air tv,,,250,90,
outils-telephone,SmartTVRemote,receiver air to tv,,,249,81,
outils-telephone,SmartTVRemote,allshare tv,,27,243,176,
outils-telephone,SmartTVRemote,smartshare to tv,,25,243,76,
outils-telephone,SmartTVRemote,smartshare tv,,25,245,11,
outils-telephone,SmartTVRemote,smart share to tv,,25,244,81,
outils-telephone,SmartTVRemote,screen beam to tv,,25,248,154,
outils-telephone,SmartTVRemote,smart screen beam,,65,248,101,
outils-telephone,SmartTVRemote,smart screenbeam,,65,249,96,
outils-telephone,SmartTVRemote,smartcast to tv,,29,241,172,
outils-telephone,SmartTVRemote,smart cast for iphone,,73,237,95,
outils-telephone,SmartTVRemote,smart cast for ipad,,29,237,84,
outils-telephone,SmartTVRemote,cast smart app,,52,246,191,
outils-telephone,SmartTVRemote,cast smart for iphone,,27,242,82,
outils-telephone,SmartTVRemote,cast smart for ipad,,27,242,60,
outils-telephone,SmartTVRemote,cast smart to tv,,27,244,130,
outils-telephone,SmartTVRemote,smart cast smart,,29,238,108,
outils-telephone,SmartTVRemote,smart fire tv cast,,43,239,99,
outils-telephone,SmartTVRemote,cast fire tv for iphone,,44,233,166,
outils-telephone,SmartTVRemote,cast fire tv for ipad,,44,231,154,
outils-telephone,SmartTVRemote,smart cast fire tv,,44,237,63,
outils-telephone,SmartTVRemote,tv cast fire for iphone,,43,237,202,
outils-telephone,SmartTVRemote,tv cast fire for ipad,,43,235,96,
outils-telephone,SmartTVRemote,smart chromecast built in,,52,241,203,
outils-telephone,SmartTVRemote,smart in chromecast built,,51,244,189,
outils-telephone,SmartTVRemote,smart photo to tv,,25,240,148,
outils-telephone,SmartTVRemote,iphone to tv for ipad,,45,246,132,
outils-telephone,SmartTVRemote,cast to tv mac,,25,248,230,
outils-telephone,SmartTVRemote,cast to tv for mac,,43,247,104,
outils-telephone,SmartTVRemote,mac cast to tv,,29,247,245,
outils-telephone,SmartTVRemote,iphone smart view,,75,241,28,
outils-telephone,SmartTVRemote,smart view for mac,,75,241,26,
outils-telephone,SmartTVRemote,ipad smart view,,65,241,22,
outils-telephone,SmartTVRemote,smart view mac,,35,245,20,
outils-telephone,SmartTVRemote,smart view ipad,,65,241,22,
outils-telephone,SmartTVRemote,smart view for laptop,,65,245,40,
outils-telephone,SmartTVRemote,smart view laptop,,60,245,19,
outils-telephone,SmartTVRemote,laptop smart view,,60,245,21,
outils-telephone,SmartTVRemote,allshare cast for windows,,68,247,191,
outils-telephone,SmartTVRemote,smartcast iphone,,74,242,185,
outils-telephone,SmartTVRemote,ipad smartcast,,27,241,115,
outils-telephone,SmartTVRemote,smartcast for mac,,25,232,54,
outils-telephone,SmartTVRemote,mac smartcast,,27,240,109,
outils-telephone,SmartTVRemote,iphone smart cast,,27,244,200,
outils-telephone,SmartTVRemote,smart cast ipad,,25,241,144,
outils-telephone,SmartTVRemote,ipad smart cast,,25,241,198,
outils-telephone,SmartTVRemote,smart cast mac,,29,242,136,
outils-telephone,SmartTVRemote,smart cast for mac,,25,233,62,
outils-telephone,SmartTVRemote,fire tv cast for mac,,44,232,124,
outils-telephone,SmartTVRemote,iphone to tv ipad,,45,247,213,
outils-telephone,SmartTVRemote,iphone to tv mac,,45,245,196,
outils-telephone,SmartTVRemote,mac iphone to tv,,45,245,182,
outils-telephone,SmartTVRemote,smartview iphone,,65,245,37,
outils-telephone,SmartTVRemote,ipad smartview,,65,242,18,
outils-telephone,SmartTVRemote,mac smartview,,25,246,27,
outils-telephone,SmartTVRemote,smart view video,,36,246,33,
outils-telephone,SmartTVRemote,video smart view,,27,248,41,
outils-telephone,SmartTVRemote,netflix smart view,,93,246,30,
outils-telephone,SmartTVRemote,smart cast video,,33,241,185,
outils-telephone,SmartTVRemote,chromecast built in youtube,,60,245,187,
outils-telephone,SmartTVRemote,youtube chromecast built in,,60,244,176,
outils-telephone,SmartTVRemote,wifi display netflix,,91,249,142,
outils-telephone,SmartTVRemote,iphone to tv video,,45,246,193,
outils-telephone,SmartTVRemote,video smartview,,28,248,65,
outils-telephone,SmartTVRemote,roku smart view,,72,228,133,
outils-telephone,SmartTVRemote,smartshare for roku,,73,233,225,
outils-telephone,SmartTVRemote,roku smart cast,,72,244,239,
outils-telephone,SmartTVRemote,smart cast for roku,,72,234,166,
outils-telephone,SmartTVRemote,smartview for roku,,73,228,209,
outils-telephone,SmartTVRemote,smart view for samsung,,72,236,24,
outils-telephone,SmartTVRemote,samsung phone to tv,,65,237,134,
outils-telephone,SmartTVRemote,samsung smartshare,,58,240,160,
outils-telephone,SmartTVRemote,smartshare samsung,,65,235,123,
outils-telephone,SmartTVRemote,samsung wifi direct,,66,243,157,
outils-telephone,SmartTVRemote,smartcast samsung,,65,244,162,
outils-telephone,SmartTVRemote,smartcast for samsung,,65,241,105,
outils-telephone,SmartTVRemote,smart cast for samsung,,65,245,115,
outils-telephone,SmartTVRemote,samsung fire tv cast,,43,237,94,
outils-telephone,SmartTVRemote,fire tv cast samsung,,43,238,98,
outils-telephone,SmartTVRemote,chromecast built in samsung,,60,244,120,
outils-telephone,SmartTVRemote,photo to tv for samsung,,65,236,76,
outils-telephone,SmartTVRemote,samsung iphone to tv,,28,238,39,
outils-telephone,SmartTVRemote,iphone to tv for samsung,,28,237,39,
outils-telephone,SmartTVRemote,smartview lg,,59,239,140,
outils-telephone,SmartTVRemote,sony smart cast,,54,244,206,
outils-telephone,SmartTVRemote,smart cast sony,,74,243,224,
outils-telephone,SmartTVRemote,smart cast for sony,,54,239,96,
outils-telephone,SmartTVRemote,fire tv cast for sony,,43,238,168,
outils-telephone,SmartTVRemote,vizio smart view,,62,240,25,
outils-telephone,SmartTVRemote,smart view vizio,,61,240,35,
outils-telephone,SmartTVRemote,smart view for vizio,,62,242,35,
outils-telephone,SmartTVRemote,wireless display for vizio,,61,247,198,
outils-telephone,SmartTVRemote,all screen receiver for vizio,,62,244,232,
outils-telephone,SmartTVRemote,vizio smartshare,,62,242,114,
outils-telephone,SmartTVRemote,smartshare vizio,,62,242,72,
outils-telephone,SmartTVRemote,smartshare for vizio,,62,240,76,
outils-telephone,SmartTVRemote,smart share vizio,,62,241,82,
outils-telephone,SmartTVRemote,vizio smart share,,62,241,77,
outils-telephone,SmartTVRemote,smart share for vizio,,62,241,58,
outils-telephone,SmartTVRemote,smartcast for vizio,,66,238,225,
outils-telephone,SmartTVRemote,smart cast for vizio,,66,241,43,
outils-telephone,SmartTVRemote,vizio fire tv cast,,69,239,171,
outils-telephone,SmartTVRemote,fire tv cast for vizio,,70,240,115,
outils-telephone,SmartTVRemote,vizio chromecast built in,,61,242,165,
outils-telephone,SmartTVRemote,chromecast built in vizio,,61,239,108,
outils-telephone,SmartTVRemote,chromecast built in for vizio,,61,241,95,
outils-telephone,SmartTVRemote,photo to tv for vizio,,72,242,121,
outils-telephone,SmartTVRemote,vizio iphone to tv,,65,242,242,
outils-telephone,SmartTVRemote,iphone to tv vizio,,65,241,233,
outils-telephone,SmartTVRemote,iphone to tv for vizio,,65,242,133,
outils-telephone,SmartTVRemote,smart view tcl,,45,242,61,
outils-telephone,SmartTVRemote,smartcast for tcl,,72,244,172,
outils-telephone,SmartTVRemote,philips smartcast,,52,245,162,
outils-telephone,SmartTVRemote,anyview cast for philips,,52,246,219,
outils-telephone,SmartTVRemote,smartcast philips,,27,246,176,
outils-telephone,SmartTVRemote,smart cast philips,,52,244,74,
outils-telephone,SmartTVRemote,smart cast for philips,,51,244,45,
outils-telephone,SmartTVRemote,fire tv cast for philips,,43,241,112,
outils-telephone,SmartTVRemote,philips fire tv cast,,43,241,148,
outils-telephone,SmartTVRemote,philips chromecast built in,,51,246,235,
outils-telephone,SmartTVRemote,chromecast built in philips,,51,242,234,
outils-telephone,SmartTVRemote,chromecast built in for philips,,51,247,141,
outils-telephone,SmartTVRemote,ezcast philips,,90,249,193,
outils-telephone,SmartTVRemote,screenbeam for sharp,,25,249,213,
outils-telephone,SmartTVRemote,ezcast for sharp,,61,250,172,
outils-telephone,SmartTVRemote,sharp iphone to tv,,27,241,141,
outils-telephone,SmartTVRemote,fire tv smart view,,44,236,54,
outils-telephone,SmartTVRemote,wireless display for fire tv,,44,241,136,
outils-telephone,SmartTVRemote,wireless display fire tv,,44,241,128,
outils-telephone,SmartTVRemote,airscreen for fire tv,,44,236,83,
outils-telephone,SmartTVRemote,phone to tv for fire tv,,43,238,111,
outils-telephone,SmartTVRemote,fire tv all screen receiver,,69,241,232,
outils-telephone,SmartTVRemote,airreceiver for fire tv,,44,239,91,
outils-telephone,SmartTVRemote,airreceiver fire tv,,,235,176,
outils-telephone,SmartTVRemote,fire tv smartshare,,44,238,41,
outils-telephone,SmartTVRemote,smartshare fire tv,,43,238,47,
outils-telephone,SmartTVRemote,smartshare for fire tv,,44,238,43,
outils-telephone,SmartTVRemote,smart share fire tv,,44,240,71,
outils-telephone,SmartTVRemote,fire tv smart share,,44,239,68,
outils-telephone,SmartTVRemote,widi for fire tv,,43,239,137,
outils-telephone,SmartTVRemote,smartcast fire tv,,44,240,67,
outils-telephone,SmartTVRemote,fire tv smartcast,,44,239,74,
outils-telephone,SmartTVRemote,smartcast for fire tv,,44,234,52,
outils-telephone,SmartTVRemote,smart cast for fire tv,,44,234,110,
outils-telephone,SmartTVRemote,chromecast built in for fire tv,,54,246,215,
outils-telephone,SmartTVRemote,mirascreen for fire tv,,44,240,140,
outils-telephone,SmartTVRemote,photo to tv for fire tv,,43,235,104,
outils-telephone,SmartTVRemote,iphone to tv for fire tv,,44,234,224,
outils-telephone,SmartTVRemote,firestick smart view,,43,242,37,
outils-telephone,SmartTVRemote,smart view for firestick,,43,242,44,
outils-telephone,SmartTVRemote,firestick phone to tv,,43,239,177,
outils-telephone,SmartTVRemote,phone to tv firestick,,44,238,188,
outils-telephone,SmartTVRemote,phone to tv for firestick,,44,239,155,
outils-telephone,SmartTVRemote,firestick smart share,,43,244,227,
outils-telephone,SmartTVRemote,smart share firestick,,43,242,209,
outils-telephone,SmartTVRemote,smart share for firestick,,43,241,65,
outils-telephone,SmartTVRemote,firestick smartcast,,44,242,185,
outils-telephone,SmartTVRemote,smartcast for firestick,,44,237,148,
outils-telephone,SmartTVRemote,firestick smart cast,,44,243,95,
outils-telephone,SmartTVRemote,photo to tv firestick,,44,240,229,
outils-telephone,SmartTVRemote,photo to tv for firestick,,,238,132,
outils-telephone,SmartTVRemote,smartview firestick,,43,241,104,
outils-telephone,SmartTVRemote,firestick iphone to tv,,44,235,221,
outils-telephone,SmartTVRemote,firestick smartview,,43,242,94,
outils-telephone,SmartTVRemote,smartview for firestick,,43,240,89,
outils-telephone,SmartTVRemote,screen cast apple tv,,44,245,124,
outils-telephone,SmartTVRemote,airplay for apple tv,,58,244,20,
outils-telephone,SmartTVRemote,air play for apple tv,,58,243,16,
outils-telephone,SmartTVRemote,cast to tv for apple tv,,64,242,31,
outils-telephone,SmartTVRemote,smart view apple tv,,67,239,2,
outils-telephone,SmartTVRemote,wireless display apple tv,,,247,11,
outils-telephone,SmartTVRemote,wireless display for apple tv,,,242,26,
outils-telephone,SmartTVRemote,airscreen for apple tv,,,247,27,
outils-telephone,SmartTVRemote,apple tv airscreen,,,246,23,
outils-telephone,SmartTVRemote,apple tv phone to tv,,,243,39,
outils-telephone,SmartTVRemote,phone to tv apple tv,,,244,41,
outils-telephone,SmartTVRemote,apple tv all screen receiver,,,247,19,
outils-telephone,SmartTVRemote,all screen receiver apple tv,,,247,12,
outils-telephone,SmartTVRemote,all screen receiver for apple tv,,,247,15,
outils-telephone,SmartTVRemote,airreceiver apple tv,,,244,28,
outils-telephone,SmartTVRemote,apple tv airreceiver,,,246,26,
outils-telephone,SmartTVRemote,phone to tv for apple tv,,,243,60,
outils-telephone,SmartTVRemote,cast apple tv,,,249,138,
outils-telephone,SmartTVRemote,cast for apple tv,,,249,60,
outils-telephone,SmartTVRemote,apple tv allshare,,,244,37,
outils-telephone,SmartTVRemote,mirroring apple tv,,,236,168,
outils-telephone,SmartTVRemote,allshare for apple tv,,,247,19,
outils-telephone,SmartTVRemote,smartshare apple tv,,,245,3,
outils-telephone,SmartTVRemote,apple tv smartshare,,,245,3,
outils-telephone,SmartTVRemote,apple tv smart share,,,243,2,
outils-telephone,SmartTVRemote,smartshare for apple tv,,,244,3,
outils-telephone,SmartTVRemote,smart share apple tv,,,243,2,
outils-telephone,SmartTVRemote,wifi direct for apple tv,,,247,20,
outils-telephone,SmartTVRemote,apple tv wifi direct,,,247,55,
outils-telephone,SmartTVRemote,wifi direct apple tv,,,245,53,
outils-telephone,SmartTVRemote,apple tv widi,,,244,59,
outils-telephone,SmartTVRemote,widi apple tv,,,244,71,
outils-telephone,SmartTVRemote,widi for apple tv,,,246,57,
outils-telephone,SmartTVRemote,apple tv screen beam,,,246,26,
outils-telephone,SmartTVRemote,screen beam apple tv,,,245,20,
outils-telephone,SmartTVRemote,apple tv screenbeam,,,246,26,
outils-telephone,SmartTVRemote,screenbeam apple tv,,,246,26,
outils-telephone,SmartTVRemote,screenbeam for apple tv,,,244,21,
outils-telephone,SmartTVRemote,apple tv smartcast,,,242,4,
outils-telephone,SmartTVRemote,smartcast apple tv,,,242,4,
outils-telephone,SmartTVRemote,smartcast for apple tv,,,241,3,
outils-telephone,SmartTVRemote,apple tv smart cast,,,246,4,
outils-telephone,SmartTVRemote,smart cast for apple tv,,,244,3,
outils-telephone,SmartTVRemote,apple tv fire tv cast,,,233,75,
outils-telephone,SmartTVRemote,fire tv cast apple tv,,,233,62,
outils-telephone,SmartTVRemote,fire tv cast for apple tv,,,233,62,
outils-telephone,SmartTVRemote,chromecast built in for apple tv,,,239,225,
outils-telephone,SmartTVRemote,apple tv mirascreen,,,246,40,
outils-telephone,SmartTVRemote,mirascreen apple tv,,,247,27,
outils-telephone,SmartTVRemote,apple tv wifi display,,,246,39,
outils-telephone,SmartTVRemote,wifi display for apple tv,,,244,18,
outils-telephone,SmartTVRemote,apple tv iphone to tv,,,243,14,
outils-telephone,SmartTVRemote,iphone to tv apple tv,,,243,12,
outils-telephone,SmartTVRemote,iphone to tv for apple tv,,,243,16,
outils-telephone,SmartTVRemote,apple tv smartview,,,239,2,
outils-telephone,SmartTVRemote,smartview apple tv,,,241,2,
outils-telephone,SmartTVRemote,smartview for apple tv,,,243,2,
outils-telephone,SmartTVRemote,smart cast chromecast,,,238,218,
outils-telephone,SmartTVRemote,screen share for smart tv,,,247,30,
outils-telephone,SmartTVRemote,smart tv screen cast,,,246,193,
outils-telephone,SmartTVRemote,screen cast smart tv,,,245,144,
outils-telephone,SmartTVRemote,screen cast for smart tv,,,246,160,
outils-telephone,SmartTVRemote,smart tv airplay,,,248,11,
outils-telephone,SmartTVRemote,smart tv air play,,,248,61,
outils-telephone,SmartTVRemote,air play smart tv,,,248,63,
outils-telephone,SmartTVRemote,air play for smart tv,,,243,68,
outils-telephone,SmartTVRemote,smart tv cast to tv,,,244,43,
outils-telephone,SmartTVRemote,cast to tv smart tv,,,245,24,
outils-telephone,SmartTVRemote,cast to tv for smart tv,,,244,20,
outils-telephone,SmartTVRemote,smart tv chromecast,,,241,74,
outils-telephone,SmartTVRemote,chromecast smart tv,,,243,37,
outils-telephone,SmartTVRemote,smart tv google cast,,,245,202,
outils-telephone,SmartTVRemote,tv cast smart tv,,,244,9,
outils-telephone,SmartTVRemote,chromecast for smart tv,,,241,88,
outils-telephone,SmartTVRemote,google cast smart tv,,,245,45,
outils-telephone,SmartTVRemote,google cast for smart tv,,,245,176,
outils-telephone,SmartTVRemote,smart tv miracast,,,243,89,
outils-telephone,SmartTVRemote,miracast smart tv,,,243,65,
outils-telephone,SmartTVRemote,miracast for smart tv,,,241,94,
outils-telephone,SmartTVRemote,smart tv smart view,,,244,9,
outils-telephone,SmartTVRemote,smart view for smart tv,,,245,9,
outils-telephone,SmartTVRemote,smart tv mirror screen to tv,,,238,236,
outils-telephone,SmartTVRemote,mirror screen to tv smart tv,,,239,173,
outils-telephone,SmartTVRemote,smart tv wireless display,,,248,23,
outils-telephone,SmartTVRemote,airscreen for smart tv,,,249,26,
outils-telephone,SmartTVRemote,smart tv airscreen,,,246,13,
outils-telephone,SmartTVRemote,screen sharing for smart tv,,,247,156,
outils-telephone,SmartTVRemote,smart tv phone to tv,,,244,20,
outils-telephone,SmartTVRemote,phone to tv for smart tv,,,247,26,
outils-telephone,SmartTVRemote,smart tv all screen receiver,,,248,4,
outils-telephone,SmartTVRemote,airscreen smart tv,,,246,8,
outils-telephone,SmartTVRemote,smart tv screen sharing,,,245,220,
outils-telephone,SmartTVRemote,all screen receiver smart tv,,,246,4,
outils-telephone,SmartTVRemote,all screen receiver for smart tv,,,249,8,
outils-telephone,SmartTVRemote,smart tv airreceiver,,,247,11,
outils-telephone,SmartTVRemote,airreceiver smart tv,,,247,14,
outils-telephone,SmartTVRemote,smart tv web video cast,,,245,111,
outils-telephone,SmartTVRemote,airreceiver for smart tv,,,250,29,
outils-telephone,SmartTVRemote,smart tv anycast,,,246,39,
outils-telephone,SmartTVRemote,web video cast for smart tv,,,245,161,
outils-telephone,SmartTVRemote,anycast smart tv,,,248,29,
outils-telephone,SmartTVRemote,anycast for smart tv,,,248,38,
outils-telephone,SmartTVRemote,smart tv allshare cast,,,248,91,
outils-telephone,SmartTVRemote,allshare cast smart tv,,,247,54,
outils-telephone,SmartTVRemote,allshare cast for smart tv,,,247,66,
outils-telephone,SmartTVRemote,cast for smart tv,,,243,109,
outils-telephone,SmartTVRemote,mirroring smart tv,,,239,65,
outils-telephone,SmartTVRemote,mirroring for smart tv,,,238,104,
outils-telephone,SmartTVRemote,smart tv allshare,,,243,9,
outils-telephone,SmartTVRemote,allshare for smart tv,,,245,26,
outils-telephone,SmartTVRemote,smart tv smartshare,,,241,10,
outils-telephone,SmartTVRemote,smartshare smart tv,,,243,11,
outils-telephone,SmartTVRemote,smart tv smart share,,,243,19,
outils-telephone,SmartTVRemote,smart share smart tv,,,243,19,
outils-telephone,SmartTVRemote,smart share for smart tv,,,245,36,
outils-telephone,SmartTVRemote,smart tv dlna,,,246,58,
outils-telephone,SmartTVRemote,smart tv wifi direct,,,244,23,
outils-telephone,SmartTVRemote,upnp for smart tv,,,244,25,
outils-telephone,SmartTVRemote,smart tv upnp,,,241,14,
outils-telephone,SmartTVRemote,upnp smart tv,,,242,21,
outils-telephone,SmartTVRemote,smart tv widi,,,246,84,
outils-telephone,SmartTVRemote,wifi direct for smart tv,,,246,19,
outils-telephone,SmartTVRemote,wifi direct smart tv,,,247,4,
outils-telephone,SmartTVRemote,widi smart tv,,,247,69,
outils-telephone,SmartTVRemote,smart tv screen beam,,,248,11,
outils-telephone,SmartTVRemote,screen beam for smart tv,,,248,11,
outils-telephone,SmartTVRemote,screen beam smart tv,,,248,6,
outils-telephone,SmartTVRemote,smart tv screenbeam,,,248,15,
outils-telephone,SmartTVRemote,screenbeam smart tv,,,247,19,
outils-telephone,SmartTVRemote,screenbeam for smart tv,,,248,31,
outils-telephone,SmartTVRemote,smart tv anyview cast,,,245,106,
outils-telephone,SmartTVRemote,smartcast for smart tv,,,244,23,
outils-telephone,SmartTVRemote,anyview cast for smart tv,,,246,76,
outils-telephone,SmartTVRemote,smart tv smart cast,,,241,22,
outils-telephone,SmartTVRemote,smart tv smartcast,,,242,12,
outils-telephone,SmartTVRemote,smart tv fire tv cast,,,242,38,
outils-telephone,SmartTVRemote,smart cast smart tv,,,240,10,
outils-telephone,SmartTVRemote,fire tv cast smart tv,,,241,25,
outils-telephone,SmartTVRemote,smart tv chromecast built in,,,244,68,
outils-telephone,SmartTVRemote,chromecast built in smart tv,,,244,79,
outils-telephone,SmartTVRemote,smart tv airplay mirroring,,,239,214,
outils-telephone,SmartTVRemote,airplay mirroring smart tv,,,239,197,
outils-telephone,SmartTVRemote,airplay mirroring for smart tv,,,238,209,
outils-telephone,SmartTVRemote,smart tv ezcast,,,246,28,
outils-telephone,SmartTVRemote,ezcast smart tv,,,246,20,
outils-telephone,SmartTVRemote,ezcast for smart tv,,,246,38,
outils-telephone,SmartTVRemote,smart tv mirascreen,,,246,42,
outils-telephone,SmartTVRemote,mirascreen for smart tv,,,247,58,
outils-telephone,SmartTVRemote,mirascreen smart tv,,,246,15,
outils-telephone,SmartTVRemote,smart tv photo to tv,,,243,52,
outils-telephone,SmartTVRemote,photo to tv smart tv,,,244,12,
outils-telephone,SmartTVRemote,photo to tv for smart tv,,,243,43,
outils-telephone,SmartTVRemote,cast photos smart tv,,,243,197,
outils-telephone,SmartTVRemote,cast photos for smart tv,,,243,194,
outils-telephone,SmartTVRemote,wifi display smart tv,,,244,17,
outils-telephone,SmartTVRemote,smart tv wifi display,,,245,32,
outils-telephone,SmartTVRemote,wifi display for smart tv,,,246,26,
outils-telephone,SmartTVRemote,smart tv iphone to tv,,,246,3,
outils-telephone,SmartTVRemote,iphone to tv for smart tv,,,248,4,
outils-telephone,SmartTVRemote,smart tv smartview,,,241,8,
outils-telephone,SmartTVRemote,smartview smart tv,,,245,6,
outils-telephone,SmartTVRemote,smartview for smart tv,,,245,10,
outils-telephone,SmartTVRemote,screen beam for xbox,,,236,58,
outils-telephone,SmartTVRemote,smartcast xbox,,,244,104,
outils-telephone,SmartTVRemote,smartcast for xbox,,,242,93,
outils-telephone,SmartTVRemote,smart cast xbox,,,244,99,
outils-telephone,SmartTVRemote,chromecast built in for xbox,,,243,219,
outils-telephone,SmartTVRemote,wireless display for ps4,,,246,245,
outils-telephone,SmartTVRemote,smartcast ps4,,,241,122,
outils-telephone,SmartTVRemote,ps4 smartcast,,,241,147,
outils-telephone,SmartTVRemote,smartcast for ps4,,,241,71,
outils-telephone,SmartTVRemote,smart cast ps4,,,245,113,
outils-telephone,SmartTVRemote,smart cast for ps4,,,243,54,
outils-telephone,SmartTVRemote,fire tv cast ps4,,,233,92,
outils-telephone,SmartTVRemote,fire tv cast for ps4,,,237,66,
outils-telephone,SmartTVRemote,mirascreen ps4,,,247,107,
outils-telephone,SmartTVRemote,screen cast apple,,,245,130,
outils-telephone,SmartTVRemote,screen cast for apple,,,246,148,
outils-telephone,SmartTVRemote,air play for apple,,,238,17,
outils-telephone,SmartTVRemote,cast to tv for apple,,,244,18,
outils-telephone,SmartTVRemote,tv cast for apple,,,245,47,
outils-telephone,SmartTVRemote,apple smart view,,,243,8,
outils-telephone,SmartTVRemote,tv cast apple,,,243,37,
outils-telephone,SmartTVRemote,smart view for apple,,,244,7,
outils-telephone,SmartTVRemote,mirror screen to tv for apple,,,232,194,
outils-telephone,SmartTVRemote,mirror screen to tv apple,,,232,203,
outils-telephone,SmartTVRemote,apple mirror screen to tv,,,243,195,
outils-telephone,SmartTVRemote,apple phone to tv,,,246,118,
outils-telephone,SmartTVRemote,phone to tv apple,,,244,61,
outils-telephone,SmartTVRemote,phone to tv for apple,,,244,44,
outils-telephone,SmartTVRemote,cast apple,,,248,225,
outils-telephone,SmartTVRemote,mirroring apple,,,240,78,
outils-telephone,SmartTVRemote,apple smartcast,,,242,8,
outils-telephone,SmartTVRemote,smartcast apple,,,241,8,
outils-telephone,SmartTVRemote,apple smart cast,,,248,11,
outils-telephone,SmartTVRemote,smartcast for apple,,,240,10,
outils-telephone,SmartTVRemote,smart cast apple,,,245,10,
outils-telephone,SmartTVRemote,apple fire tv cast,,,236,59,
outils-telephone,SmartTVRemote,fire tv cast for apple,,,236,58,
outils-telephone,SmartTVRemote,chromecast built in for apple,,,242,60,
outils-telephone,SmartTVRemote,apple iphone to tv,,,244,35,
outils-telephone,SmartTVRemote,iphone to tv apple,,,244,28,
outils-telephone,SmartTVRemote,apple smartview,,,239,6,
outils-telephone,SmartTVRemote,smartview apple,,,250,50,
outils-telephone,SmartTVRemote,smartview for apple,,,250,36,
outils-telephone,SmartTVRemote,iphone to tv for apple,,,243,17,
outils-telephone,SmartTVRemote,tv cast for amazon,,,241,162,
outils-telephone,SmartTVRemote,amazon smartcast,,,244,74,
outils-telephone,SmartTVRemote,smartcast amazon,,,244,147,
outils-telephone,SmartTVRemote,smartcast for amazon,,,242,73,
outils-telephone,SmartTVRemote,amazon smart cast,,,244,86,
outils-telephone,SmartTVRemote,smart cast for amazon,,,244,81,
outils-telephone,SmartTVRemote,smart cast amazon,,,246,102,
outils-telephone,SmartTVRemote,fire tv cast amazon,,,231,138,
outils-telephone,SmartTVRemote,amazon chromecast built in,,,247,158,
outils-telephone,SmartTVRemote,fire tv cast for amazon,,,233,99,
outils-telephone,SmartTVRemote,android tv smart view,,,244,56,
outils-telephone,SmartTVRemote,smart view android tv,,,243,47,
outils-telephone,SmartTVRemote,smart view for android tv,,,245,55,
outils-telephone,SmartTVRemote,android tv smartshare,,,245,15,
outils-telephone,SmartTVRemote,smartshare for android tv,,,246,36,
outils-telephone,SmartTVRemote,smartshare android tv,,,246,44,
outils-telephone,SmartTVRemote,android tv smart share,,,243,114,
outils-telephone,SmartTVRemote,smart share android tv,,,243,95,
outils-telephone,SmartTVRemote,android tv smartcast,,,244,47,
outils-telephone,SmartTVRemote,smartcast android tv,,,244,99,
outils-telephone,SmartTVRemote,android tv smart cast,,,243,156,
outils-telephone,SmartTVRemote,smartcast for android tv,,,245,91,
outils-telephone,SmartTVRemote,smart cast android tv,,,243,114,
outils-telephone,SmartTVRemote,smart cast for android tv,,,244,198,
outils-telephone,SmartTVRemote,android tv ezcast,,,246,17,
outils-telephone,SmartTVRemote,ezcast for android tv,,,247,199,
outils-telephone,SmartTVRemote,ezcast android tv,,,248,112,
outils-telephone,SmartTVRemote,android tv smartview,,,243,69,
outils-telephone,SmartTVRemote,smartview for android tv,,,244,65,
outils-telephone,SmartTVRemote,smartview android tv,,,244,44,
outils-telephone,SmartTVRemote,screen cast fire tv stick,,,238,201,
outils-telephone,SmartTVRemote,screen cast for fire tv stick,,,238,193,
outils-telephone,SmartTVRemote,fire tv stick airplay,,,233,134,
outils-telephone,SmartTVRemote,airplay fire tv stick,,,234,159,
outils-telephone,SmartTVRemote,airplay for fire tv stick,,,234,160,
outils-telephone,SmartTVRemote,fire tv stick air play,,,237,224,
outils-telephone,SmartTVRemote,air play for fire tv stick,,,236,70,
outils-telephone,SmartTVRemote,air play fire tv stick,,,237,189,
outils-telephone,SmartTVRemote,fire tv stick cast to tv,,,238,158,
outils-telephone,SmartTVRemote,cast to tv fire tv stick,,,239,214,
outils-telephone,SmartTVRemote,tv cast fire tv stick,,,236,124,
outils-telephone,SmartTVRemote,chromecast for fire tv stick,,,236,117,
outils-telephone,SmartTVRemote,chromecast fire tv stick,,,237,223,
outils-telephone,SmartTVRemote,fire tv stick miracast,,,234,180,
outils-telephone,SmartTVRemote,miracast fire tv stick,,,235,170,
outils-telephone,SmartTVRemote,fire tv stick smart view,,,236,52,
outils-telephone,SmartTVRemote,smart view fire tv stick,,,237,51,
outils-telephone,SmartTVRemote,fire tv stick wireless display,,,235,167,
outils-telephone,SmartTVRemote,smart view for fire tv stick,,,234,73,
outils-telephone,SmartTVRemote,wireless display fire tv stick,,,235,101,
outils-telephone,SmartTVRemote,wireless display for fire tv stick,,,235,122,
outils-telephone,SmartTVRemote,fire tv stick airscreen,,,234,158,
outils-telephone,SmartTVRemote,airscreen fire tv stick,,,234,129,
outils-telephone,SmartTVRemote,airscreen for fire tv stick,,,234,150,
outils-telephone,SmartTVRemote,screen sharing fire tv stick,,,237,233,
outils-telephone,SmartTVRemote,fire tv stick phone to tv,,,238,181,
outils-telephone,SmartTVRemote,phone to tv fire tv stick,,,238,170,
outils-telephone,SmartTVRemote,fire tv stick all screen receiver,,,237,120,
outils-telephone,SmartTVRemote,all screen receiver fire tv stick,,,237,125,
outils-telephone,SmartTVRemote,fire tv stick anycast,,,235,180,
outils-telephone,SmartTVRemote,anycast fire tv stick,,,237,194,
outils-telephone,SmartTVRemote,anycast for fire tv stick,,,237,105,
outils-telephone,SmartTVRemote,allshare cast fire tv stick,,,241,133,
outils-telephone,SmartTVRemote,cast fire tv stick,,,237,134,
outils-telephone,SmartTVRemote,cast for fire tv stick,,,234,121,
outils-telephone,SmartTVRemote,allshare fire tv stick,,,235,184,
outils-telephone,SmartTVRemote,allshare for fire tv stick,,,236,154,
outils-telephone,SmartTVRemote,smartshare for fire tv stick,,,240,44,
outils-telephone,SmartTVRemote,smartshare fire tv stick,,,237,62,
outils-telephone,SmartTVRemote,fire tv stick smartshare,,,237,62,
outils-telephone,SmartTVRemote,smart share for fire tv stick,,,237,72,
outils-telephone,SmartTVRemote,smart share fire tv stick,,,236,59,
outils-telephone,SmartTVRemote,fire tv stick dlna,,,235,188,
outils-telephone,SmartTVRemote,dlna fire tv stick,,,235,220,
outils-telephone,SmartTVRemote,fire tv stick upnp,,,237,163,
outils-telephone,SmartTVRemote,upnp fire tv stick,,,237,231,
outils-telephone,SmartTVRemote,upnp for fire tv stick,,,235,156,
outils-telephone,SmartTVRemote,fire tv stick wifi direct,,,238,165,
outils-telephone,SmartTVRemote,wifi direct fire tv stick,,,240,230,
outils-telephone,SmartTVRemote,wifi direct for fire tv stick,,,236,159,
outils-telephone,SmartTVRemote,widi fire tv stick,,,238,221,
outils-telephone,SmartTVRemote,fire tv stick widi,,,236,221,
outils-telephone,SmartTVRemote,widi for fire tv stick,,,239,79,
outils-telephone,SmartTVRemote,screen beam fire tv stick,,,236,195,
outils-telephone,SmartTVRemote,fire tv stick screen beam,,,235,162,
outils-telephone,SmartTVRemote,screen beam for fire tv stick,,,239,93,
outils-telephone,SmartTVRemote,fire tv stick screenbeam,,,236,170,
outils-telephone,SmartTVRemote,screenbeam fire tv stick,,,236,150,
outils-telephone,SmartTVRemote,screenbeam for fire tv stick,,,236,154,
outils-telephone,SmartTVRemote,anyview cast fire tv stick,,,237,155,
outils-telephone,SmartTVRemote,smartcast fire tv stick,,,238,52,
outils-telephone,SmartTVRemote,smartcast for fire tv stick,,,236,56,
outils-telephone,SmartTVRemote,fire tv stick smart cast,,,237,83,
outils-telephone,SmartTVRemote,smart cast fire tv stick,,,236,56,
outils-telephone,SmartTVRemote,smart cast for fire tv stick,,,237,66,
outils-telephone,SmartTVRemote,fire tv stick fire tv cast,,,235,150,
outils-telephone,SmartTVRemote,fire tv cast fire tv stick,,,235,130,
outils-telephone,SmartTVRemote,ezcast fire tv stick,,,243,181,
outils-telephone,SmartTVRemote,fire tv stick ezcast,,,241,95,
outils-telephone,SmartTVRemote,ezcast for fire tv stick,,,244,33,
outils-telephone,SmartTVRemote,mirascreen fire tv stick,,,235,199,
outils-telephone,SmartTVRemote,mirascreen for fire tv stick,,,237,72,
outils-telephone,SmartTVRemote,fire tv stick photo to tv,,,236,131,
outils-telephone,SmartTVRemote,photo to tv fire tv stick,,,235,208,
outils-telephone,SmartTVRemote,fire tv stick wifi display,,,236,214,
outils-telephone,SmartTVRemote,wifi display fire tv stick,,,236,198,
outils-telephone,SmartTVRemote,fire tv stick iphone to tv,,,234,106,
outils-telephone,SmartTVRemote,wifi display for fire tv stick,,,236,144,
outils-telephone,SmartTVRemote,iphone to tv fire tv stick,,,234,108,
outils-telephone,SmartTVRemote,smartview fire tv stick,,,235,54,
outils-telephone,SmartTVRemote,smartview for fire tv stick,,,237,58,
outils-telephone,SmartTVRemote,google tv smart view,,,245,76,
outils-telephone,SmartTVRemote,smart view google tv,,,245,114,
outils-telephone,SmartTVRemote,smart view for google tv,,,245,101,
outils-telephone,SmartTVRemote,google tv smartshare,,,247,36,
outils-telephone,SmartTVRemote,smartshare google tv,,,246,62,
outils-telephone,SmartTVRemote,smartshare for google tv,,,247,78,
outils-telephone,SmartTVRemote,google tv smart share,,,247,140,
outils-telephone,SmartTVRemote,smart share google tv,,,247,163,
outils-telephone,SmartTVRemote,google tv upnp,,,250,218,
outils-telephone,SmartTVRemote,upnp google tv,,,250,206,
outils-telephone,SmartTVRemote,upnp for google tv,,,243,182,
outils-telephone,SmartTVRemote,smartcast google tv,,,243,154,
outils-telephone,SmartTVRemote,google tv smartcast,,,243,166,
outils-telephone,SmartTVRemote,google tv smart cast,,,243,220,
outils-telephone,SmartTVRemote,smart cast google tv,,,243,175,
outils-telephone,SmartTVRemote,google tv smartview,,,244,61,
outils-telephone,SmartTVRemote,smartview for google tv,,,243,85,
outils-telephone,SmartTVRemote,smartview google tv,,,243,55,
outils-telephone,SmartTVRemote,cast to tv receiver,,,247,139,
outils-telephone,SmartTVRemote,smart view mirror,,,234,136,
outils-telephone,SmartTVRemote,smart view mirroring,,,242,168,
outils-telephone,SmartTVRemote,screen smart view,,,241,80,
outils-telephone,SmartTVRemote,smart view receiver,,,246,15,
outils-telephone,SmartTVRemote,receiver smart view,,,246,14,
outils-telephone,SmartTVRemote,smart view phone,,,244,41,
outils-telephone,SmartTVRemote,phone to tv receiver,,,249,91,
outils-telephone,SmartTVRemote,tv all screen receiver,,,249,96,
outils-telephone,SmartTVRemote,tv smartshare,,,243,5,
outils-telephone,SmartTVRemote,receiver smartshare,,,249,170,
outils-telephone,SmartTVRemote,smartshare receiver,,,249,191,
outils-telephone,SmartTVRemote,tv smart share,,,245,46,
outils-telephone,SmartTVRemote,smart share receiver,,,248,104,
outils-telephone,SmartTVRemote,tv screen beam,,,248,109,
outils-telephone,SmartTVRemote,tv screenbeam,,,250,121,
outils-telephone,SmartTVRemote,tv smartcast,,,243,56,
outils-telephone,SmartTVRemote,smartcast mirror,,,236,189,
outils-telephone,SmartTVRemote,mirror smartcast,,,237,208,
outils-telephone,SmartTVRemote,receiver smartcast,,,248,91,
outils-telephone,SmartTVRemote,app smartcast,,,244,125,
outils-telephone,SmartTVRemote,tv smart cast,,,243,83,
outils-telephone,SmartTVRemote,smart cast receiver,,,247,61,
outils-telephone,SmartTVRemote,receiver smart cast,,,247,67,
outils-telephone,SmartTVRemote,app smart cast,,,244,110,
outils-telephone,SmartTVRemote,fire tv cast receiver,,,239,88,
outils-telephone,SmartTVRemote,receiver fire tv cast,,,242,101,
outils-telephone,SmartTVRemote,fire tv cast wireless,,,240,123,
outils-telephone,SmartTVRemote,iphone to tv receiver,,,242,74,
outils-telephone,SmartTVRemote,receiver iphone to tv,,,242,87,
outils-telephone,SmartTVRemote,smartview cast,,,246,178,
outils-telephone,SmartTVRemote,cast smartview,,,242,102,
outils-telephone,SmartTVRemote,smartview mirror,,,231,121,
outils-telephone,SmartTVRemote,mirror smartview,,,237,212,
outils-telephone,SmartTVRemote,smartview mirroring,,,242,211,
outils-telephone,SmartTVRemote,mirroring smartview,,,241,215,
outils-telephone,SmartTVRemote,smartview screen,,,241,165,
outils-telephone,SmartTVRemote,screen smartview,,,242,123,
outils-telephone,SmartTVRemote,receiver smartview,,,247,68,
outils-telephone,SmartTVRemote,smartview receiver,,,247,71,
outils-telephone,SmartTVRemote,mirroring view smart,,,239,135,
outils-telephone,SmartTVRemote,screen mirroring smart tv app,,,243,205,
outils-telephone,SmartTVRemote,mirroring smart app,,,238,182,
outils-telephone,SmartTVRemote,screen mirror smart view tv,,,240,223,
outils-telephone,SmartTVRemote,screen mirroring tv smart app,,,243,212,
outils-telephone,SmartTVRemote,smart view tv cast,,,247,46,
outils-telephone,SmartTVRemote,cast for smart,,,238,78,
outils-telephone,SmartTVRemote,smart view for samsung tv,,,244,37,
outils-telephone,SmartTVRemote,cast your,,,241,190,
outils-telephone,SmartTVRemote,smart cast for,,,231,96,
outils-telephone,SmartTVRemote,stick cast,,,237,114,
outils-telephone,SmartTVRemote,cast video smart,,,239,163,
outils-telephone,SmartTVRemote,for samsung cast,,,239,122,
outils-telephone,SmartTVRemote,mirroring-smart,,,237,217,
outils-telephone,SmartTVRemote,mirroring- smart,,,237,217,
outils-telephone,SmartTVRemote,tv cast stream smart tv,,,246,58,
outils-telephone,SmartTVRemote,mirror for smart,,,244,10,
outils-telephone,SmartTVRemote,smart screen mirroring for iphone,,,239,229,
outils-telephone,ConnectToPC,chrome remote desktop,52,85,249,119,5.70
outils-telephone,ConnectToPC,pc caddie,42,44,243,36,5.92
outils-telephone,ConnectToPC,hana,35,64,240,139,3.73
outils-telephone,ConnectToPC,lig,16,97,246,58,2.02
outils-telephone,ConnectToPC,rdp,9,68,169,126,0.98
outils-telephone,ConnectToPC,ligue,9,67,247,126,0.98
outils-telephone,ConnectToPC,pcs,7,55,246,215,0.69
outils-telephone,ConnectToPC,office remote,5,84,248,113,0.55
outils-telephone,ConnectToPC,remote desktop connection,5,,249,148,0.53
outils-telephone,ConnectToPC,remote desktop client,5,57,229,97,0.57
outils-telephone,ConnectToPC,virtual desktop,5,,187,35,0.71
outils-telephone,ConnectToPC,remote connection,5,49,245,184,0.51
outils-telephone,ConnectToPC,connect with pc,5,,168,11,0.98
outils-telephone,ConnectToPC,chrome desktop,5,87,245,52,0.65
outils-telephone,ConnectToPC,rowmote remote control for mac,5,40,236,225,0.49
outils-telephone,ConnectToPC,pc gamer,5,50,242,61,0.63
outils-telephone,ConnectToPC,app desktop,5,88,241,140,0.53
outils-telephone,ConnectToPC,desktop share,5,42,226,209,0.50
outils-telephone,ConnectToPC,control desktop,5,44,226,174,0.51
outils-telephone,ConnectToPC,desktops,5,46,212,190,0.50
outils-telephone,ConnectToPC,desktop mobile,5,49,246,103,0.56
outils-telephone,ConnectToPC,desktop pro,5,95,232,135,0.54
outils-telephone,ConnectToPC,pro desktop,5,97,230,135,0.54
outils-telephone,ConnectToPC,remote desktop manager,5,,233,60,0.63
outils-telephone,ConnectToPC,google chrome remote desktop,5,,248,131,0.54
outils-telephone,ConnectToPC,fernbedienung für mac,5,55,250,96,0.57
outils-telephone,ConnectToPC,pc リモート,5,48,247,103,0.56
outils-telephone,ConnectToPC,remote whiteboard,5,40,243,195,0.50
outils-telephone,ConnectToPC,компьютер,5,29,160,109,0.56
outils-telephone,ConnectToPC,teclado pc,5,40,250,236,0.49
outils-telephone,ConnectToPC,telecomando pc,5,64,227,36,0.70
outils-telephone,ConnectToPC,iperius remote desktop,5,44,248,52,0.65
outils-telephone,ConnectToPC,windows server,5,76,236,38,0.70
outils-telephone,ConnectToPC,удаленный пк,5,28,13,5,1.34
outils-telephone,ConnectToPC,touchremote,5,74,249,10,1.02
outils-telephone,ConnectToPC,remote hitachi,5,83,247,237,0.49
outils-telephone,ConnectToPC,build a pc,5,44,244,210,0.50
outils-telephone,ConnectToPC,remote workforce,5,60,250,244,0.48
outils-telephone,ConnectToPC,remote folder,5,42,245,74,0.60
outils-telephone,ConnectToPC,remote ftp,5,40,229,166,0.52
outils-telephone,ConnectToPC,remote desktop mobile,5,,243,121,0.55
outils-telephone,ConnectToPC,pour vous,5,76,241,8,1.10
outils-telephone,ConnectToPC,Remote for Windows,5,65,233,133,0.54
outils-telephone,ConnectToPC,Remote for Mac/PC Computer,5,40,224,26,0.76
outils-telephone,ConnectToPC,evgeny cherpak,5,74,250,177,0.51
outils-telephone,ConnectToPC,remote keyboard mouse pro,5,40,228,217,0.49
outils-telephone,ConnectToPC,remote for pc mac,5,40,228,36,0.70
outils-telephone,ConnectToPC,remote control for mac pc,5,40,229,55,0.64
outils-telephone,ConnectToPC,windows applications,5,84,235,130,0.54
outils-telephone,ConnectToPC,원격 데스크톱,5,82,234,62,0.62
outils-telephone,ConnectToPC,htpc remote,5,40,246,141,0.53
outils-telephone,ConnectToPC,universal remote labs company,5,40,244,214,0.49
outils-telephone,ConnectToPC,universal remote labs,5,40,240,176,0.51
outils-telephone,ConnectToPC,la ligue,5,90,236,101,0.56
outils-telephone,ConnectToPC,remote mouse for mac pc pro,5,42,225,132,0.54
outils-telephone,ConnectToPC,remote mouse for mac pc,5,42,224,149,0.53
outils-telephone,ConnectToPC,macbook remoter,5,87,248,130,0.54
outils-telephone,ConnectToPC,hana highway,5,46,247,198,0.50
outils-telephone,ConnectToPC,screenshare oneassistant,5,40,249,156,0.52
outils-telephone,ConnectToPC,desktop pads,5,97,89,14,0.91
outils-telephone,ConnectToPC,удаленный,5,36,110,54,0.64
outils-telephone,ConnectToPC,remmo remote mouse keyboard,5,40,243,121,0.55
outils-telephone,ConnectToPC,remot mouse for windows,5,42,227,98,0.57
outils-telephone,ConnectToPC,remote for windiws,5,87,239,177,0.51
outils-telephone,ConnectToPC,souris pc windows,5,64,247,2,2.29
outils-telephone,ConnectToPC,air pc remote,5,42,241,76,0.60
outils-telephone,ConnectToPC,remote numpad bluetooth,5,51,246,169,0.51
outils-telephone,ConnectToPC,remote virtual keypad,5,40,241,198,0.50
outils-telephone,ConnectToPC,remote virtual keypad lite,5,43,242,163,0.52
outils-telephone,ConnectToPC,virtual numpad,5,46,248,55,0.64
outils-telephone,ConnectToPC,remote pad,5,48,238,174,0.51
outils-telephone,ConnectToPC,remote hub,5,47,246,92,0.58
outils-telephone,ConnectToPC,best remote working tools,5,87,247,149,0.53
outils-telephone,ConnectToPC,best technology for working remotely,5,44,243,90,0.58
outils-telephone,ConnectToPC,remote work tools,5,44,244,183,0.51
outils-telephone,ConnectToPC,remote working tools,5,87,244,147,0.53
outils-telephone,ConnectToPC,remote hire,5,43,244,164,0.52
outils-telephone,ConnectToPC,ligas,5,68,193,109,0.56
outils-telephone,ConnectToPC,remote for pc computers,5,42,230,21,0.81
outils-telephone,ConnectToPC,iphone to pc,5,65,243,14,0.91
outils-telephone,ConnectToPC,iphone to windowspc,5,81,236,4,1.49
outils-telephone,ConnectToPC,airplay to windowspc,5,65,246,67,0.61
outils-telephone,ConnectToPC,iphone to windows,5,87,249,10,1.02
outils-telephone,ConnectToPC,stream screen to winpc,5,25,247,53,0.64
outils-telephone,ConnectToPC,pc,5,46,221,39,0.69
outils-telephone,ConnectToPC,remote arçelik,5,42,247,98,0.57
outils-telephone,ConnectToPC,remote changhong,5,42,250,121,0.55
outils-telephone,ConnectToPC,Remote worker,5,60,248,61,0.63
outils-telephone,ConnectToPC,遠程,5,58,234,30,0.74
outils-telephone,ConnectToPC,remote host,5,47,244,96,0.57
outils-telephone,ConnectToPC,anyviewer remote desktop,5,,249,171,0.51
outils-telephone,ConnectToPC,remote team,5,57,241,184,0.51
outils-telephone,ConnectToPC,Utility Window,5,54,247,139,0.53
outils-telephone,ConnectToPC,remote sync,5,49,244,167,0.52
outils-telephone,ConnectToPC,for winsows,5,83,227,102,0.56
outils-telephone,ConnectToPC,honda link remote start,5,,250,83,0.59
outils-telephone,ConnectToPC,remote proctor connect,5,50,250,34,0.71
outils-telephone,ConnectToPC,escritora,5,87,248,201,0.50
outils-telephone,ConnectToPC,Connect to iphone,5,76,240,11,0.98
outils-telephone,ConnectToPC,connect access,5,49,233,209,0.50
outils-telephone,ConnectToPC,remote couple,5,87,250,180,0.51
outils-telephone,ConnectToPC,cast iphone to pc,5,,248,112,0.55
outils-telephone,ConnectToPC,connect - remote work platform,5,43,245,41,0.68
outils-telephone,ConnectToPC,electronic seal - remote work!,5,44,248,171,0.51
outils-telephone,ConnectToPC,remote work sign in,5,87,246,165,0.52
outils-telephone,ConnectToPC,remoti: remote work,5,40,242,224,0.49
outils-telephone,ConnectToPC,hmi remote viewer,5,47,241,162,0.52
outils-telephone,ConnectToPC,remote desktop access,5,26,214,50,0.65
outils-telephone,ConnectToPC,vnc remote desktop,5,63,243,166,0.52
outils-telephone,ConnectToPC,remote%20connect,5,69,199,59,0.63
outils-telephone,ConnectToPC,remote%20mouse%20keyboard,5,42,235,195,0.50
outils-telephone,ConnectToPC,mult%C4%B1%20timer,5,64,198,143,0.53
outils-telephone,ConnectToPC,remote%20job,5,48,208,134,0.54
outils-telephone,ConnectToPC,remote%20jobs,5,47,209,133,0.54
outils-telephone,ConnectToPC,push%20master,5,56,250,79,0.59
outils-telephone,ConnectToPC,remote%20work,5,56,205,127,0.54
outils-telephone,ConnectToPC,unified%20remote,5,46,249,122,0.55
outils-telephone,ConnectToPC,remote%20viewing,5,44,247,75,0.60
outils-telephone,ConnectToPC,duplicar%20pantalla,5,,162,66,0.62
outils-telephone,ConnectToPC,iperius%20remote%20desktop,5,83,243,69,0.61
outils-telephone,ConnectToPC,remote%20access,5,59,242,128,0.54
outils-telephone,ConnectToPC,remote%20apple,5,98,247,218,0.49
outils-telephone,ConnectToPC,remote%20pc,5,87,247,17,0.86
outils-telephone,ConnectToPC,remote display,5,,235,209,0.50
outils-telephone,ConnectToPC,connect to phone,5,,220,101,0.56
outils-telephone,ConnectToPC,sned to pc,5,61,248,5,1.34
outils-telephone,ConnectToPC,remote work now,5,,210,129,0.54
outils-telephone,ConnectToPC,remote work near me,5,44,244,135,0.54
outils-telephone,ConnectToPC,remote raid go,5,90,241,61,0.63
outils-telephone,ConnectToPC,iphone as remote,5,40,242,211,0.49
outils-telephone,ConnectToPC,remoteac,5,40,249,118,0.55
outils-telephone,ConnectToPC,remote wheel,5,42,248,137,0.53
outils-telephone,ConnectToPC,pogo remote raid,5,,202,145,0.53
outils-telephone,ConnectToPC,q remotix,5,52,250,18,0.84
outils-telephone,ConnectToPC,`c remote,5,87,248,95,0.57
outils-telephone,ConnectToPC,remote trigger,5,45,250,218,0.49
outils-telephone,ConnectToPC,remote routine manager,5,,233,185,0.51
outils-telephone,ConnectToPC,remote routine,5,42,248,212,0.49
outils-telephone,ConnectToPC,remote relationship,5,,194,132,0.54
outils-telephone,ConnectToPC,remote auto link,5,92,249,201,0.50
outils-telephone,ConnectToPC,remote connect & control,5,46,242,175,0.51
outils-telephone,ConnectToPC,administrators using,5,64,250,159,0.52
outils-telephone,ConnectToPC,remote desktop rdp,5,,241,142,0.53
outils-telephone,ConnectToPC,remote sunrise ltd,5,42,250,226,0.49
outils-telephone,ConnectToPC,quick route launcher,5,,183,112,0.55
outils-telephone,ConnectToPC,remote partner,5,86,244,107,0.56
outils-telephone,ConnectToPC,my top sleeve loading best,5,77,243,30,0.74
outils-telephone,ConnectToPC,top mobizen app online,5,,210,201,0.50
outils-telephone,ConnectToPC,classroom remote,5,86,246,209,0.50
outils-telephone,ConnectToPC,climate remote,5,40,249,79,0.59
outils-telephone,ConnectToPC,emby remote,5,40,249,81,0.59
outils-telephone,ConnectToPC,auto configure remote,5,40,249,227,0.49
outils-telephone,ConnectToPC,most downloaded remote,5,40,244,25,0.77
outils-telephone,ConnectToPC,popular remote app,5,86,244,143,0.53
outils-telephone,ConnectToPC,remote app test,5,85,243,156,0.52
outils-telephone,ConnectToPC,visitor remote,5,40,245,145,0.53
outils-telephone,ConnectToPC,cache remote,5,86,249,112,0.55
outils-telephone,ConnectToPC,fix is pause,5,,202,185,0.51
outils-telephone,ConnectToPC,remote guru,5,47,246,142,0.53
outils-telephone,ConnectToPC,ios developer remote,5,69,245,55,0.64
outils-telephone,ConnectToPC,remote mobility,5,47,229,80,0.59
outils-telephone,ConnectToPC,remote customer service,5,,190,141,0.53
outils-telephone,ConnectToPC,spraakinvoer,5,,201,150,0.52
outils-telephone,ConnectToPC,jump desktop rdp vnc,5,,187,80,0.59
outils-telephone,ConnectToPC,msi remote display,5,,250,160,0.52
outils-telephone,ConnectToPC,remote raid iv,5,36,245,69,0.61
outils-telephone,ConnectToPC,remote computer mouse,5,,232,167,0.52
outils-telephone,ConnectToPC,widi for pc,5,93,234,42,0.68
outils-telephone,ConnectToPC,pc widi,5,25,229,37,0.70
outils-telephone,ConnectToPC,screen beam for windows,5,27,248,214,0.49
outils-telephone,ConnectToPC,pc ezcast,5,25,249,59,0.63
outils-telephone,ConnectToPC,ezcast for laptop,5,58,248,38,0.70
outils-telephone,ConnectToPC,remote%20desktop,,,243,89,
outils-telephone,ConnectToPC,remote desktop free,,,228,52,
outils-telephone,ConnectToPC,remote desktop guest,,,174,61,
outils-telephone,ConnectToPC,local network remote,,86,242,43,
outils-telephone,ConnectToPC,lan remote,,40,237,150,
outils-telephone,ConnectToPC,remote while traveling,,42,247,43,
outils-telephone,ConnectToPC,demo mode remote,,40,248,71,
outils-telephone,ConnectToPC,connect remote app,,87,249,17,
outils-telephone,ConnectToPC,remote no subscription,,83,248,201,
outils-telephone,ConnectToPC,no internet remote,,67,250,198,
outils-telephone,ConnectToPC,rated remote app,,40,244,127,
outils-telephone,ConnectToPC,viral remote app,,40,244,134,
outils-telephone,ConnectToPC,remote app review,,40,244,233,
outils-telephone,ConnectToPC,remote app recommendation,,42,232,82,
outils-telephone,ConnectToPC,quick access remote,,86,244,158,
outils-telephone,ConnectToPC,alternatives connection mod,,,214,123,
outils-telephone,ConnectToPC,fix isn't trying harder,,,194,146,
outils-telephone,ConnectToPC,windows airscreen,,69,248,16,
outils-telephone,ConnectToPC,all screen receiver for pc,,45,247,17,
outils-telephone,ConnectToPC,pc upnp,,41,250,6,
outils-telephone,ConnectToPC,widi for windows,,74,238,64,
outils-telephone,ConnectToPC,windows widi,,74,236,74,
outils-telephone,ConnectToPC,screen beam windows,,29,249,142,
outils-telephone,ConnectToPC,windows screen beam,,29,249,157,
outils-telephone,ConnectToPC,screenbeam for pc,,53,246,15,
outils-telephone,ConnectToPC,laptop screenbeam,,25,250,182,
outils-telephone,ConnectToPC,screenbeam laptop,,25,250,178,
outils-telephone,ConnectToPC,anyview cast pc,,42,247,92,
outils-telephone,ConnectToPC,ezcast laptop,,54,249,55,
outils-telephone,ConnectToPC,laptop ezcast,,59,249,52,
outils-telephone,ConnectToPC,ezcast windows,,60,250,75,
outils-telephone,PS4SecondScreen,playstation app,72,97,246,8,15.87
outils-telephone,PS4SecondScreen,ps app,68,,249,8,14.99
outils-telephone,PS4SecondScreen,rainbow six siege,61,81,246,10,12.40
outils-telephone,PS4SecondScreen,ps remote play,61,72,249,4,18.16
outils-telephone,PS4SecondScreen,ps,60,98,249,8,13.22
outils-telephone,PS4SecondScreen,sony,59,79,249,78,7.01
outils-telephone,PS4SecondScreen,four,57,80,249,185,5.77
outils-telephone,PS4SecondScreen,playstation,57,98,248,8,12.56
outils-telephone,PS4SecondScreen,ppsspp,57,87,250,13,10.63
outils-telephone,PS4SecondScreen,psa,56,87,250,240,5.42
outils-telephone,PS4SecondScreen,jeux a deux,54,86,246,149,5.68
outils-telephone,PS4SecondScreen,psn,52,98,248,5,13.91
outils-telephone,PS4SecondScreen,playstation remote play,50,67,249,4,14.89
outils-telephone,PS4SecondScreen,play station,48,95,248,7,11.14
outils-telephone,PS4SecondScreen,psl app,45,65,249,8,9.92
outils-telephone,PS4SecondScreen,pan,41,98,249,11,8.07
outils-telephone,PS4SecondScreen,fourth,39,92,249,123,4.25
outils-telephone,PS4SecondScreen,ps4 second screen,32,,249,1,32.00
outils-telephone,PS4SecondScreen,control sony,29,76,250,188,2.93
outils-telephone,PS4SecondScreen,ps2,28,79,248,11,5.51
outils-telephone,PS4SecondScreen,psn app,24,90,207,5,6.42
outils-telephone,PS4SecondScreen,sie,23,57,248,188,2.32
outils-telephone,PS4SecondScreen,s4,20,73,236,10,4.07
outils-telephone,PS4SecondScreen,리모트,14,64,244,41,1.91
outils-telephone,PS4SecondScreen,2nd,11,86,236,209,1.09
outils-telephone,PS4SecondScreen,sont,10,61,213,65,1.23
outils-telephone,PS4SecondScreen,sonyliv,9,97,250,52,1.17
outils-telephone,PS4SecondScreen,game controller,9,94,249,12,1.72
outils-telephone,PS4SecondScreen,play app,9,93,239,10,1.83
outils-telephone,PS4SecondScreen,seconde,9,42,224,166,0.93
outils-telephone,PS4SecondScreen,wireless display xbox,9,,250,107,1.01
outils-telephone,PS4SecondScreen,my screen,9,90,247,68,1.10
outils-telephone,PS4SecondScreen,ps5 controller,9,54,249,31,1.32
outils-telephone,PS4SecondScreen,myscreen,9,87,249,121,0.98
outils-telephone,PS4SecondScreen,game pad,8,40,246,12,1.53
outils-telephone,PS4SecondScreen,ps4 controller,8,50,190,4,2.38
outils-telephone,PS4SecondScreen,cuatro,8,52,229,71,0.97
outils-telephone,PS4SecondScreen,controller tester,8,52,250,14,1.46
outils-telephone,PS4SecondScreen,playstation 5,8,59,243,13,1.49
outils-telephone,PS4SecondScreen,arctis,8,37,250,24,1.25
outils-telephone,PS4SecondScreen,two,7,95,205,136,0.75
outils-telephone,PS4SecondScreen,seconds pro,7,77,248,174,0.72
outils-telephone,PS4SecondScreen,stor,7,100,238,10,1.42
outils-telephone,PS4SecondScreen,ps remote,7,84,250,3,2.44
outils-telephone,PS4SecondScreen,jeux à deux,7,91,247,244,0.68
outils-telephone,PS4SecondScreen,app play,7,83,247,10,1.42
outils-telephone,PS4SecondScreen,play 2,7,72,236,67,0.86
outils-telephone,PS4SecondScreen,sony app,6,67,238,48,0.79
outils-telephone,PS4SecondScreen,playstation remote,6,,250,3,2.09
outils-telephone,PS4SecondScreen,play console,6,67,242,13,1.12
outils-telephone,PS4SecondScreen,ياسين tv,6,,248,203,0.60
outils-telephone,PS4SecondScreen,psa app,6,70,250,47,0.79
outils-telephone,PS4SecondScreen,pxplay,6,58,250,10,1.22
outils-telephone,PS4SecondScreen,wireless controller,5,47,249,13,0.93
outils-telephone,PS4SecondScreen,mobile gamepad,5,47,245,12,0.96
outils-telephone,PS4SecondScreen,sony rewards,5,66,249,90,0.58
outils-telephone,PS4SecondScreen,sony a7,5,50,244,86,0.58
outils-telephone,PS4SecondScreen,ps messages,5,72,245,3,1.74
outils-telephone,PS4SecondScreen,ps1 games,5,72,247,44,0.67
outils-telephone,PS4SecondScreen,controller support,5,96,250,11,0.98
outils-telephone,PS4SecondScreen,game controller apps,5,,214,12,0.96
outils-telephone,PS4SecondScreen,games for 4,5,70,246,105,0.56
outils-telephone,PS4SecondScreen,playstation now,5,64,241,10,1.02
outils-telephone,PS4SecondScreen,smart view sony,5,31,241,149,0.53
outils-telephone,PS4SecondScreen,ps4 remote,5,50,248,3,1.74
outils-telephone,PS4SecondScreen,play 4,5,62,242,158,0.52
outils-telephone,PS4SecondScreen,playstation vue,5,49,246,22,0.80
outils-telephone,PS4SecondScreen,screen on off,5,43,238,39,0.69
outils-telephone,PS4SecondScreen,sony entertainment,5,56,234,20,0.82
outils-telephone,PS4SecondScreen,ps2 games,5,66,246,31,0.73
outils-telephone,PS4SecondScreen,metacritic,5,51,178,11,0.98
outils-telephone,PS4SecondScreen,ps3 emulator,5,,247,12,0.96
outils-telephone,PS4SecondScreen,psb,5,,194,163,0.52
outils-telephone,PS4SecondScreen,psn codes,5,80,223,11,0.98
outils-telephone,PS4SecondScreen,ps 2,5,79,238,78,0.59
outils-telephone,PS4SecondScreen,remote sony,5,74,247,203,0.50
outils-telephone,PS4SecondScreen,nscreen,5,58,231,61,0.63
outils-telephone,PS4SecondScreen,second screen,5,56,245,1,5.00
outils-telephone,PS4SecondScreen,sony a7iii,5,51,247,76,0.60
outils-telephone,PS4SecondScreen,pmay app,5,88,241,10,1.02
outils-telephone,PS4SecondScreen,gamepad tester,5,50,189,76,0.60
outils-telephone,PS4SecondScreen,ps cc,5,,216,24,0.78
outils-telephone,PS4SecondScreen,screen app,5,73,247,173,0.51
outils-telephone,PS4SecondScreen,sony mirror,5,59,242,195,0.50
outils-telephone,PS4SecondScreen,controllers,5,98,247,12,0.96
outils-telephone,PS4SecondScreen,sony cast,5,42,246,186,0.51
outils-telephone,PS4SecondScreen,sceen,5,,230,72,0.60
outils-telephone,PS4SecondScreen,share factory,5,,219,10,1.02
outils-telephone,PS4SecondScreen,remote control for sony,5,93,221,178,0.51
outils-telephone,PS4SecondScreen,xbox remote play,5,87,249,12,0.96
outils-telephone,PS4SecondScreen,5 second challenge,5,55,248,94,0.57
outils-telephone,PS4SecondScreen,n4,5,,236,171,0.51
outils-telephone,PS4SecondScreen,seconda,5,69,248,213,0.49
outils-telephone,PS4SecondScreen,15 seconds,5,90,237,70,0.61
outils-telephone,PS4SecondScreen,ps camera,5,,200,115,0.55
outils-telephone,PS4SecondScreen,secondo,5,40,228,91,0.58
outils-telephone,PS4SecondScreen,(screen,5,78,243,81,0.59
outils-telephone,PS4SecondScreen,stadia mobile app,5,66,246,71,0.61
outils-telephone,PS4SecondScreen,screen mirroring ps4,5,,248,3,1.74
outils-telephone,PS4SecondScreen,sharing screen,5,43,250,189,0.50
outils-telephone,PS4SecondScreen,scren,5,78,230,101,0.56
outils-telephone,PS4SecondScreen,playstation stream,5,72,245,5,1.34
outils-telephone,PS4SecondScreen,games console,5,40,236,221,0.49
outils-telephone,PS4SecondScreen,games for ps4,5,66,228,6,1.24
outils-telephone,PS4SecondScreen,games ps3,5,81,247,62,0.62
outils-telephone,PS4SecondScreen,gaming consoles,5,69,243,183,0.51
outils-telephone,PS4SecondScreen,new games for ps4,5,83,226,2,2.29
outils-telephone,PS4SecondScreen,p4,5,63,246,4,1.49
outils-telephone,PS4SecondScreen,playing console,5,59,240,88,0.58
outils-telephone,PS4SecondScreen,playing station,5,54,247,12,0.96
outils-telephone,PS4SecondScreen,ps5 release date,5,35,71,5,1.34
outils-telephone,PS4SecondScreen,psp roms,5,64,248,20,0.82
outils-telephone,PS4SecondScreen,second hand xbox,5,59,114,8,1.10
outils-telephone,PS4SecondScreen,used ps4,5,91,223,2,2.29
outils-telephone,PS4SecondScreen,video game console,5,42,241,145,0.53
outils-telephone,PS4SecondScreen,play station now,5,65,246,14,0.91
outils-telephone,PS4SecondScreen,playstation streaming,5,62,246,30,0.74
outils-telephone,PS4SecondScreen,ps game streaming,5,41,236,12,0.96
outils-telephone,PS4SecondScreen,ps game stream,5,77,237,21,0.81
outils-telephone,PS4SecondScreen,ps five,5,53,243,13,0.93
outils-telephone,PS4SecondScreen,gaming controller,5,40,246,13,0.93
outils-telephone,PS4SecondScreen,yapsnapp,5,57,157,131,0.54
outils-telephone,PS4SecondScreen,操作,5,46,238,150,0.52
outils-telephone,PS4SecondScreen,ps 5,5,92,222,11,0.98
outils-telephone,PS4SecondScreen,cast sony,5,46,244,108,0.56
outils-telephone,PS4SecondScreen,screen cast sony,5,95,241,79,0.59
outils-telephone,PS4SecondScreen,ps5 trigger,5,43,62,7,1.16
outils-telephone,PS4SecondScreen,sony bravia screen minoring,5,42,246,48,0.66
outils-telephone,PS4SecondScreen,sonybravia screenmirror,5,40,245,56,0.64
outils-telephone,PS4SecondScreen,ps4 screen mirror,5,,247,3,1.74
outils-telephone,PS4SecondScreen,gamer tracker,5,40,250,13,0.93
outils-telephone,PS4SecondScreen,playmation,5,93,249,8,1.10
outils-telephone,PS4SecondScreen,control screen,5,79,247,27,0.76
outils-telephone,PS4SecondScreen,scree,5,81,236,12,0.96
outils-telephone,PS4SecondScreen,ps5 remote,5,,198,19,0.83
outils-telephone,PS4SecondScreen,screen mirroring ps5,5,,249,227,0.49
outils-telephone,PS4SecondScreen,play room,5,97,244,10,1.02
outils-telephone,PS4SecondScreen,play up,5,85,229,222,0.49
outils-telephone,PS4SecondScreen,game  tracker,5,40,249,13,0.93
outils-telephone,PS4SecondScreen,5 seconds!,5,70,236,144,0.53
outils-telephone,PS4SecondScreen,games 5 seconds,5,57,242,144,0.53
outils-telephone,PS4SecondScreen,new games 2017,5,84,222,96,0.57
outils-telephone,PS4SecondScreen,best ps4 games for couples reddit,5,89,249,153,0.52
outils-telephone,PS4SecondScreen,erotic games for psp,5,30,224,134,0.54
outils-telephone,PS4SecondScreen,erotic games ps2,5,35,229,64,0.62
outils-telephone,PS4SecondScreen,erotic psp game,5,37,222,122,0.55
outils-telephone,PS4SecondScreen,Screan,5,77,221,54,0.64
outils-telephone,PS4SecondScreen,screencasting sony,5,43,248,62,0.62
outils-telephone,PS4SecondScreen,cast screen to sony,5,40,243,210,0.50
outils-telephone,PS4SecondScreen,sony remoto,5,80,215,134,0.54
outils-telephone,PS4SecondScreen,screen-free,5,40,247,74,0.60
outils-telephone,PS4SecondScreen,2 player games - face fighters,5,40,237,168,0.51
outils-telephone,PS4SecondScreen,모바일 게임,5,79,246,214,0.49
outils-telephone,PS4SecondScreen,fyra,5,,224,47,0.66
outils-telephone,PS4SecondScreen,play station 5,5,54,249,59,0.63
outils-telephone,PS4SecondScreen,4d interactive ltd,5,68,205,205,0.50
outils-telephone,PS4SecondScreen,a4 mobile,5,89,246,2,2.29
outils-telephone,PS4SecondScreen,ps5 controller test,5,,185,17,0.86
outils-telephone,PS4SecondScreen,ps5 controller games,5,,173,35,0.71
outils-telephone,PS4SecondScreen,30seconds,5,40,239,116,0.55
outils-telephone,PS4SecondScreen,ps connect,5,,187,3,1.74
outils-telephone,PS4SecondScreen,REMOTE GAME CONTROLLER,5,87,184,162,0.52
outils-telephone,PS4SecondScreen,ps2 filter,5,62,90,20,0.82
outils-telephone,PS4SecondScreen,playstation trophy,5,52,243,66,0.62
outils-telephone,PS4SecondScreen,Screen Pixel Fixer,5,43,242,96,0.57
outils-telephone,PS4SecondScreen,pray station,5,80,216,11,0.98
outils-telephone,PS4SecondScreen,hd screen,5,47,231,140,0.53
outils-telephone,PS4SecondScreen,privacy screen filter,5,54,246,139,0.53
outils-telephone,PS4SecondScreen,no data required games,5,62,249,131,0.54
outils-telephone,PS4SecondScreen,clean screen,5,93,201,148,0.53
outils-telephone,PS4SecondScreen,clear screen,5,36,223,165,0.52
outils-telephone,PS4SecondScreen,my screens,5,26,234,123,0.54
outils-telephone,PS4SecondScreen,screen control app,5,60,247,220,0.49
outils-telephone,PS4SecondScreen,screen free,5,70,243,186,0.51
outils-telephone,PS4SecondScreen,pixelpilot,5,,250,10,1.02
outils-telephone,PS4SecondScreen,-4,5,60,217,59,0.63
outils-telephone,PS4SecondScreen,pa5,5,82,244,96,0.57
outils-telephone,PS4SecondScreen,fadr,5,76,247,162,0.52
outils-telephone,PS4SecondScreen,custom%20aim,5,52,250,120,0.55
outils-telephone,PS4SecondScreen,playstation%205,5,72,184,6,1.24
outils-telephone,PS4SecondScreen,stick%20remote,5,63,224,211,0.49
outils-telephone,PS4SecondScreen,psn%20app,5,50,155,4,1.49
outils-telephone,PS4SecondScreen,ps5%20controller,5,53,178,7,1.16
outils-telephone,PS4SecondScreen,sony%20tv%20remote%20control,5,70,225,133,0.54
outils-telephone,PS4SecondScreen,playstation%20app,5,,241,6,1.24
outils-telephone,PS4SecondScreen,screen%20time%20control%20free,5,,250,198,0.50
outils-telephone,PS4SecondScreen,ps%20remote%20play,5,,192,22,0.80
outils-telephone,PS4SecondScreen,بليستيشن,5,49,111,22,0.80
outils-telephone,PS4SecondScreen,بلي ستيشن,5,78,237,178,0.51
outils-telephone,PS4SecondScreen,بلايستيشن,5,69,123,7,1.16
outils-telephone,PS4SecondScreen,4:5,5,51,248,198,0.50
outils-telephone,PS4SecondScreen,ps émulationn,5,59,246,92,0.58
outils-telephone,PS4SecondScreen,ps emulation,5,42,246,113,0.55
outils-telephone,PS4SecondScreen,g4,5,52,239,11,0.98
outils-telephone,PS4SecondScreen,playstation family,5,,246,18,0.84
outils-telephone,PS4SecondScreen,game console app,5,40,250,179,0.51
outils-telephone,PS4SecondScreen,screen controler,5,54,247,188,0.50
outils-telephone,PS4SecondScreen,megaton rainfall,5,40,247,24,0.78
outils-telephone,PS4SecondScreen,ps remote play controller,5,53,246,5,1.34
outils-telephone,PS4SecondScreen,ps remote controller,5,53,249,14,0.91
outils-telephone,PS4SecondScreen,songy,5,,220,152,0.52
outils-telephone,PS4SecondScreen,he ps5 kid,5,,200,6,1.24
outils-telephone,PS4SecondScreen,سگ,5,84,248,150,0.52
outils-telephone,PS4SecondScreen,ga4 home screen,5,85,248,18,0.84
outils-telephone,PS4SecondScreen,zeptoseconds,5,62,245,174,0.51
outils-telephone,PS4SecondScreen,deadman switch app,5,,175,29,0.74
outils-telephone,PS4SecondScreen,streamlined keyboard,5,75,250,39,0.69
outils-telephone,PS4SecondScreen,screen controll,5,,239,164,0.52
outils-telephone,PS4SecondScreen,hide screen,5,,226,159,0.52
outils-telephone,PS4SecondScreen,screen 5,5,,230,27,0.76
outils-telephone,PS4SecondScreen,controller bc,5,,203,12,0.96
outils-telephone,PS4SecondScreen,controller play,5,85,246,80,0.59
outils-telephone,PS4SecondScreen,mobile joypad,5,,250,78,0.59
outils-telephone,PS4SecondScreen,okaysi,5,92,226,34,0.71
outils-telephone,PS4SecondScreen,psl rating game,5,,212,112,0.55
outils-telephone,PS4SecondScreen,states gamepad convertidor,5,,249,82,0.59
outils-telephone,PS4SecondScreen,audio metal finder,5,,232,124,0.54
outils-telephone,PS4SecondScreen,remote mobility,5,47,229,213,0.49
outils-telephone,PS4SecondScreen,ps5 restock,5,50,214,3,1.74
outils-telephone,PS4SecondScreen,ftw,5,,120,20,0.82
outils-telephone,PS4SecondScreen,my4d,5,,239,214,0.49
outils-telephone,PS4SecondScreen,ps1 roms,5,,244,48,0.66
outils-telephone,PS4SecondScreen,ps2 roms,5,,145,7,1.16
outils-telephone,PS4SecondScreen,screen mirror for ps4,5,,248,2,2.29
outils-telephone,PS4SecondScreen,screen sharing for iphone,5,25,238,166,0.52
outils-telephone,PS4SecondScreen,sharing screen for ipad,5,25,246,103,0.56
outils-telephone,PS4SecondScreen,screen share ipad,5,42,241,147,0.53
outils-telephone,PS4SecondScreen,ipad screen sharing,5,25,243,155,0.52
outils-telephone,PS4SecondScreen,screen mirror for sony,5,44,242,90,0.58
outils-telephone,PS4SecondScreen,airplay sony,5,48,241,99,0.57
outils-telephone,PS4SecondScreen,air play for sony,5,69,227,42,0.68
outils-telephone,PS4SecondScreen,smart view for sony,5,75,243,125,0.54
outils-telephone,PS4SecondScreen,wireless display sony,5,36,249,60,0.63
outils-telephone,PS4SecondScreen,screen sharing for sony,5,69,240,7,1.16
outils-telephone,PS4SecondScreen,all screen receiver for sony,5,30,245,15,0.89
outils-telephone,PS4SecondScreen,sony dlna,5,36,239,208,0.50
outils-telephone,PS4SecondScreen,wifi direct sony,5,66,242,206,0.50
outils-telephone,PS4SecondScreen,sony screen beam,5,30,243,13,0.93
outils-telephone,PS4SecondScreen,screen beam for sony,5,29,193,14,0.91
outils-telephone,PS4SecondScreen,iphone to tv for sony,5,44,240,212,0.49
outils-telephone,PS4SecondScreen,sony smartview,5,29,237,129,0.54
outils-telephone,PS4SecondScreen,xbox screen cast,5,,249,163,0.52
outils-telephone,PS4SecondScreen,screen sharing for xbox,5,,245,30,0.74
outils-telephone,PS4SecondScreen,screen share ps4,5,,247,1,5.00
outils-telephone,PS4SecondScreen,ps4 screen cast,5,,241,1,5.00
outils-telephone,PS4SecondScreen,screen cast for ps4,5,,247,1,5.00
outils-telephone,PS4SecondScreen,ps4 airplay,5,,242,3,1.74
outils-telephone,PS4SecondScreen,ps4 air play,5,,225,5,1.34
outils-telephone,PS4SecondScreen,tv cast ps4,5,,242,2,2.29
outils-telephone,PS4SecondScreen,tv cast for ps4,5,,244,13,0.93
outils-telephone,PS4SecondScreen,chromecast for ps4,5,,234,9,1.06
outils-telephone,PS4SecondScreen,ps4 google cast,5,,237,7,1.16
outils-telephone,PS4SecondScreen,miracast for ps4,5,,237,6,1.24
outils-telephone,PS4SecondScreen,ps4 mirror screen to tv,5,,235,27,0.76
outils-telephone,PS4SecondScreen,wireless display ps4,5,,250,3,1.74
outils-telephone,PS4SecondScreen,allshare cast for ps4,5,,228,7,1.16
outils-telephone,PS4SecondScreen,cast for ps4,5,,232,1,5.00
outils-telephone,PS4SecondScreen,mirroring ps4,5,,239,4,1.49
outils-telephone,PS4SecondScreen,ps4 widi,5,,227,3,1.74
outils-telephone,PS4SecondScreen,screenbeam for ps4,5,,243,1,5.00
outils-telephone,PS4SecondScreen,chromecast built in ps4,5,,241,5,1.34
outils-telephone,PS4SecondScreen,ps4 airplay mirroring,5,,244,33,0.72
outils-telephone,PS4SecondScreen,ps4 ezcast,5,49,246,4,1.49
outils-telephone,PS4SecondScreen,ezcast ps4,5,49,246,4,1.49
outils-telephone,PS4SecondScreen,ps4 wifi display,5,,248,3,1.74
outils-telephone,PS4SecondScreen,screen cast screen,5,,247,222,0.49
outils-telephone,PS4SecondScreen,psp games emulator,5,,242,199,0.50
outils-telephone,PS4SecondScreen,sony イヤホン,,,247,205,
outils-telephone,PS4SecondScreen,screen animation,,48,230,46,
outils-telephone,PS4SecondScreen,erotic games psp,,57,216,82,
outils-telephone,PS4SecondScreen,games controller,,,244,11,
outils-telephone,PS4SecondScreen,second],,,242,9,
outils-telephone,PS4SecondScreen,split%20screen,,40,249,38,
outils-telephone,PS4SecondScreen,sony%20remote%20control,,89,245,136,
outils-telephone,PS4SecondScreen,juegos gratis para ni�os,,,186,76,
outils-telephone,PS4SecondScreen,owned games sync,,69,246,17,
outils-telephone,PS4SecondScreen,game console remote,,48,247,52,
outils-telephone,PS4SecondScreen,second remote,,40,238,93,
outils-telephone,PS4SecondScreen,Sony | BRAVIA Connect,,,126,41,
outils-telephone,PS4SecondScreen,SteelSeries Arctis Companion,,,250,65,
outils-telephone,PS4SecondScreen,screen share for ipad,,,244,165,
outils-telephone,PS4SecondScreen,share screen for iphone,,25,239,148,
outils-telephone,PS4SecondScreen,share screen for ipad,,25,246,104,
outils-telephone,PS4SecondScreen,screen sharing for ipad,,25,246,120,
outils-telephone,PS4SecondScreen,sharing screen for iphone,,25,241,172,
outils-telephone,PS4SecondScreen,laptop screen share,,25,246,216,
outils-telephone,PS4SecondScreen,windows screen share,,29,246,233,
outils-telephone,PS4SecondScreen,screen sharing iphone,,42,244,171,
outils-telephone,PS4SecondScreen,iphone screen sharing,,43,244,172,
outils-telephone,PS4SecondScreen,screen sharing ipad,,25,244,152,
outils-telephone,PS4SecondScreen,sony screen share,,28,239,29,
outils-telephone,PS4SecondScreen,screen share for sony,,69,242,12,
outils-telephone,PS4SecondScreen,air play sony,,74,240,50,
outils-telephone,PS4SecondScreen,sony wireless display,,31,249,109,
outils-telephone,PS4SecondScreen,wireless display for sony,,31,249,69,
outils-telephone,PS4SecondScreen,screen sharing sony,,69,242,13,
outils-telephone,PS4SecondScreen,sony all screen receiver,,29,243,23,
outils-telephone,PS4SecondScreen,all screen receiver sony,,30,243,16,
outils-telephone,PS4SecondScreen,allshare for sony,,67,107,39,
outils-telephone,PS4SecondScreen,smart share for sony,,75,246,145,
outils-telephone,PS4SecondScreen,dlna sony,,37,238,143,
outils-telephone,PS4SecondScreen,upnp for sony,,37,108,25,
outils-telephone,PS4SecondScreen,widi for sony,,93,233,85,
outils-telephone,PS4SecondScreen,screen beam sony,,30,241,7,
outils-telephone,PS4SecondScreen,anyview cast for sony,,40,247,139,
outils-telephone,PS4SecondScreen,wifi display for sony,,29,247,35,
outils-telephone,PS4SecondScreen,iphone to tv sony,,44,240,219,
outils-telephone,PS4SecondScreen,smartview sony,,32,241,164,
outils-telephone,PS4SecondScreen,smartview for sony,,75,244,103,
outils-telephone,PS4SecondScreen,xbox screen share,,,250,141,
outils-telephone,PS4SecondScreen,screen share xbox,,,249,69,
outils-telephone,PS4SecondScreen,screen share for xbox,,,250,124,
outils-telephone,PS4SecondScreen,screen cast xbox,,,246,182,
outils-telephone,PS4SecondScreen,xbox screen sharing,,,245,18,
outils-telephone,PS4SecondScreen,screen sharing xbox,,,244,17,
outils-telephone,PS4SecondScreen,xbox smartview,,,238,149,
outils-telephone,PS4SecondScreen,ps4 screen mirroring,,,243,23,
outils-telephone,PS4SecondScreen,smartview xbox,,,239,141,
outils-telephone,PS4SecondScreen,screen mirroring for ps4,,,248,3,
outils-telephone,PS4SecondScreen,screen mirror ps4,,,248,2,
outils-telephone,PS4SecondScreen,ps4 screen share,,,250,1,
outils-telephone,PS4SecondScreen,screen cast ps4,,,247,1,
outils-telephone,PS4SecondScreen,screen share for ps4,,,238,1,
outils-telephone,PS4SecondScreen,airplay ps4,,,237,9,
outils-telephone,PS4SecondScreen,airplay for ps4,,,243,1,
outils-telephone,PS4SecondScreen,air play ps4,,,239,9,
outils-telephone,PS4SecondScreen,air play for ps4,,,193,4,
outils-telephone,PS4SecondScreen,ps4 cast to tv,,,243,6,
outils-telephone,PS4SecondScreen,cast to tv ps4,,,245,15,
outils-telephone,PS4SecondScreen,cast to tv for ps4,,,245,14,
outils-telephone,PS4SecondScreen,ps4 tv cast,,,242,2,
outils-telephone,PS4SecondScreen,ps4 chromecast,,,235,8,
outils-telephone,PS4SecondScreen,chromecast ps4,,,234,8,
outils-telephone,PS4SecondScreen,google cast ps4,,,247,8,
outils-telephone,PS4SecondScreen,google cast for ps4,,,244,12,
outils-telephone,PS4SecondScreen,ps4 miracast,,,237,6,
outils-telephone,PS4SecondScreen,miracast ps4,,,240,7,
outils-telephone,PS4SecondScreen,ps4 smart view,,,243,1,
outils-telephone,PS4SecondScreen,smart view ps4,,,243,1,
outils-telephone,PS4SecondScreen,smart view for ps4,,,242,1,
outils-telephone,PS4SecondScreen,mirror screen to tv ps4,,,234,40,
outils-telephone,PS4SecondScreen,ps4 wireless display,,,247,4,
outils-telephone,PS4SecondScreen,mirror screen to tv for ps4,,,234,38,
outils-telephone,PS4SecondScreen,wireless display for ps4,,,246,2,
outils-telephone,PS4SecondScreen,ps4 airscreen,,,75,2,
outils-telephone,PS4SecondScreen,airscreen ps4,,,147,1,
outils-telephone,PS4SecondScreen,airscreen for ps4,,,145,2,
outils-telephone,PS4SecondScreen,ps4 screen sharing,,,247,1,
outils-telephone,PS4SecondScreen,phone to tv for ps4,,,244,1,
outils-telephone,PS4SecondScreen,screen sharing for ps4,,,240,1,
outils-telephone,PS4SecondScreen,screen sharing ps4,,,246,1,
outils-telephone,PS4SecondScreen,ps4 phone to tv,,,243,1,
outils-telephone,PS4SecondScreen,phone to tv ps4,,,244,1,
outils-telephone,PS4SecondScreen,ps4 all screen receiver,,,240,3,
outils-telephone,PS4SecondScreen,all screen receiver ps4,,,243,2,
outils-telephone,PS4SecondScreen,all screen receiver for ps4,,,243,2,
outils-telephone,PS4SecondScreen,ps4 airreceiver,,,247,2,
outils-telephone,PS4SecondScreen,airreceiver ps4,,,247,2,
outils-telephone,PS4SecondScreen,ps4 web video cast,,,236,8,
outils-telephone,PS4SecondScreen,airreceiver for ps4,,,244,3,
outils-telephone,PS4SecondScreen,web video cast ps4,,,242,20,
outils-telephone,PS4SecondScreen,web video cast for ps4,,,241,31,
outils-telephone,PS4SecondScreen,anycast ps4,,,239,3,
outils-telephone,PS4SecondScreen,ps4 anycast,,,237,2,
outils-telephone,PS4SecondScreen,anycast for ps4,,,238,3,
outils-telephone,PS4SecondScreen,ps4 allshare cast,,,136,4,
outils-telephone,PS4SecondScreen,allshare cast ps4,,,234,7,
outils-telephone,PS4SecondScreen,ps4 cast,,,152,3,
outils-telephone,PS4SecondScreen,cast ps4,,,227,1,
outils-telephone,PS4SecondScreen,ps4 mirroring,,,239,6,
outils-telephone,PS4SecondScreen,mirroring for ps4,,,234,8,
outils-telephone,PS4SecondScreen,ps4 allshare,,,227,3,
outils-telephone,PS4SecondScreen,allshare ps4,,,235,3,
outils-telephone,PS4SecondScreen,allshare for ps4,,,219,4,
outils-telephone,PS4SecondScreen,ps4 smartshare,,,246,1,
outils-telephone,PS4SecondScreen,smartshare ps4,,,246,1,
outils-telephone,PS4SecondScreen,ps4 smart share,,,240,2,
outils-telephone,PS4SecondScreen,smartshare for ps4,,,246,3,
outils-telephone,PS4SecondScreen,smart share ps4,,,243,3,
outils-telephone,PS4SecondScreen,smart share for ps4,,,239,6,
outils-telephone,PS4SecondScreen,ps4 dlna,,,226,13,
outils-telephone,PS4SecondScreen,dlna ps4,,,233,6,
outils-telephone,PS4SecondScreen,dlna for ps4,,,230,7,
outils-telephone,PS4SecondScreen,ps4 upnp,,,244,5,
outils-telephone,PS4SecondScreen,upnp for ps4,,,243,3,
outils-telephone,PS4SecondScreen,upnp ps4,,,247,4,
outils-telephone,PS4SecondScreen,ps4 wifi direct,,,246,2,
outils-telephone,PS4SecondScreen,wifi direct ps4,,,246,3,
outils-telephone,PS4SecondScreen,wifi direct for ps4,,,246,3,
outils-telephone,PS4SecondScreen,widi ps4,,,233,2,
outils-telephone,PS4SecondScreen,widi for ps4,,,224,2,
outils-telephone,PS4SecondScreen,ps4 screenbeam,,,246,3,
outils-telephone,PS4SecondScreen,screenbeam ps4,,,245,3,
outils-telephone,PS4SecondScreen,ps4 anyview cast,,,248,2,
outils-telephone,PS4SecondScreen,anyview cast ps4,,,248,9,
outils-telephone,PS4SecondScreen,anyview cast for ps4,,,246,23,
outils-telephone,PS4SecondScreen,smartcast ps4,,,241,3,
outils-telephone,PS4SecondScreen,ps4 smartcast,,,241,4,
outils-telephone,PS4SecondScreen,smartcast for ps4,,,241,6,
outils-telephone,PS4SecondScreen,ps4 smart cast,,,224,9,
outils-telephone,PS4SecondScreen,smart cast ps4,,,245,13,
outils-telephone,PS4SecondScreen,smart cast for ps4,,,243,12,
outils-telephone,PS4SecondScreen,ps4 fire tv cast,,,231,31,
outils-telephone,PS4SecondScreen,fire tv cast ps4,,,233,37,
outils-telephone,PS4SecondScreen,fire tv cast for ps4,,,237,53,
outils-telephone,PS4SecondScreen,ps4 chromecast built in,,,241,5,
outils-telephone,PS4SecondScreen,chromecast built in for ps4,,,243,5,
outils-telephone,PS4SecondScreen,airplay mirroring ps4,,,243,26,
outils-telephone,PS4SecondScreen,airplay mirroring for ps4,,,240,29,
outils-telephone,PS4SecondScreen,ezcast for ps4,,,245,6,
outils-telephone,PS4SecondScreen,mirascreen ps4,,,247,3,
outils-telephone,PS4SecondScreen,mirascreen for ps4,,,241,2,
outils-telephone,PS4SecondScreen,photo to tv for ps4,,,238,5,
outils-telephone,PS4SecondScreen,cast photos ps4,,,237,5,
outils-telephone,PS4SecondScreen,ps4 cast photos,,,236,4,
outils-telephone,PS4SecondScreen,wifi display ps4,,,248,3,
outils-telephone,PS4SecondScreen,smartview ps4,,,239,1,
outils-telephone,PS4SecondScreen,iphone to tv ps4,,,238,1,
outils-telephone,PS4SecondScreen,wifi display for ps4,,,249,4,
outils-telephone,PS4SecondScreen,ps4 iphone to tv,,,238,1,
outils-telephone,PS4SecondScreen,ps4 smartview,,,239,1,
outils-telephone,PS4SecondScreen,iphone to tv for ps4,,,239,1,
outils-telephone,PS4SecondScreen,smartview for ps4,,,241,2,
outils-telephone,PS4SecondScreen,apple screen share,,,250,151,
outils-telephone,PS4SecondScreen,screen sharing cast,,,245,242,
outils-telephone,PS4SecondScreen,screen and,,,235,163,
outils-telephone,PS4SecondScreen,screen for,,,237,26,