cluster,app,keyword,popularity,competitiveness,num_apps,rank,importance
sante-suivi,MigraineBuddy,mychart,74,53,248,63,9.19
sante-suivi,MigraineBuddy,plague inc,60,92,246,129,6.47
sante-suivi,MigraineBuddy,kick the buddy,59,75,233,79,7.00
sante-suivi,MigraineBuddy,fishbrain,59,80,249,86,6.88
sante-suivi,MigraineBuddy,migraconnect,57,93,246,20,9.35
sante-suivi,MigraineBuddy,follow my health,56,70,249,90,6.47
sante-suivi,MigraineBuddy,fahlo animal tracker,56,54,231,20,9.19
sante-suivi,MigraineBuddy,sleep cycle,54,81,248,182,5.48
sante-suivi,MigraineBuddy,hinge health,54,83,249,74,6.49
sante-suivi,MigraineBuddy,athena health portal,54,79,248,89,6.25
sante-suivi,MigraineBuddy,plum,53,64,247,87,6.16
sante-suivi,MigraineBuddy,buddy,51,78,242,16,8.92
sante-suivi,MigraineBuddy,ihealth,51,79,250,61,6.38
sante-suivi,MigraineBuddy,myphonak,51,69,246,10,10.37
sante-suivi,MigraineBuddy,myair,51,96,250,32,7.40
sante-suivi,MigraineBuddy,omron connect,50,79,250,63,6.21
sante-suivi,MigraineBuddy,omron,48,84,250,63,5.96
sante-suivi,MigraineBuddy,miga,47,82,244,33,6.76
sante-suivi,MigraineBuddy,femtasy,47,80,249,116,5.17
sante-suivi,MigraineBuddy,bearable,47,91,250,84,5.50
sante-suivi,MigraineBuddy,buddies,46,65,244,39,6.36
sante-suivi,MigraineBuddy,migraine tracker,46,91,245,1,46.00
sante-suivi,MigraineBuddy,phonak,45,88,244,42,6.12
sante-suivi,MigraineBuddy,stress,43,91,250,187,4.34
sante-suivi,MigraineBuddy,kardia,43,78,245,13,8.02
sante-suivi,MigraineBuddy,fodmap,42,100,242,129,4.53
sante-suivi,MigraineBuddy,mydiabby,42,80,210,5,11.24
sante-suivi,MigraineBuddy,resmed my air,42,96,249,28,6.30
sante-suivi,MigraineBuddy,頭痛,41,89,249,1,41.00
sante-suivi,MigraineBuddy,snorelab,39,66,249,74,4.69
sante-suivi,MigraineBuddy,ibs,36,94,246,90,4.16
sante-suivi,MigraineBuddy,my quit buddy,31,56,249,112,3.43
sante-suivi,MigraineBuddy,pill identifier free,30,47,248,175,3.07
sante-suivi,MigraineBuddy,medecine,29,97,250,136,3.10
sante-suivi,MigraineBuddy,mydiabetes,29,85,247,39,4.01
sante-suivi,MigraineBuddy,point of care,28,61,248,137,2.99
sante-suivi,MigraineBuddy,withings scale,27,85,249,57,3.43
sante-suivi,MigraineBuddy,allergy tracker,27,24,245,136,2.89
sante-suivi,MigraineBuddy,nerivio,27,35,232,2,12.39
sante-suivi,MigraineBuddy,おがスマ,25,95,243,114,2.76
sante-suivi,MigraineBuddy,low fodmap diet,23,100,245,126,2.49
sante-suivi,MigraineBuddy,tray minder,23,36,246,48,3.03
sante-suivi,MigraineBuddy,muttermal scanner,22,70,250,103,2.48
sante-suivi,MigraineBuddy,fever thermometer,20,89,249,100,2.26
sante-suivi,MigraineBuddy,医学,19,98,250,172,1.95
sante-suivi,MigraineBuddy,bien etre,18,44,249,161,1.87
sante-suivi,MigraineBuddy,therapy app,17,57,246,206,1.69
sante-suivi,MigraineBuddy,bautagebuch,16,33,249,30,2.36
sante-suivi,MigraineBuddy,axia,16,83,248,65,1.97
sante-suivi,MigraineBuddy,symp trac,16,76,241,90,1.85
sante-suivi,MigraineBuddy,stimmungstagebuch,15,78,249,175,1.53
sante-suivi,MigraineBuddy,allergie tagebuch,15,68,248,78,1.78
sante-suivi,MigraineBuddy,pain,14,68,249,79,1.66
sante-suivi,MigraineBuddy,disease,13,89,249,150,1.36
sante-suivi,MigraineBuddy,medical app,11,93,250,124,1.20
sante-suivi,MigraineBuddy,heuschnupfen,11,35,245,85,1.29
sante-suivi,MigraineBuddy,headache tracker,9,74,245,1,9.00
sante-suivi,MigraineBuddy,quip,9,86,249,64,1.11
sante-suivi,MigraineBuddy,book buddy,9,83,250,103,1.01
sante-suivi,MigraineBuddy,dbt,9,32,246,112,1.00
sante-suivi,MigraineBuddy,clearblue,9,83,248,65,1.11
sante-suivi,MigraineBuddy,mole checker,9,54,245,102,1.01
sante-suivi,MigraineBuddy,anti inflammatory diet,9,76,250,110,1.00
sante-suivi,MigraineBuddy,hrv tracker,9,64,247,151,0.94
sante-suivi,MigraineBuddy,tripp,9,95,249,93,1.03
sante-suivi,MigraineBuddy,migraine,8,93,244,1,8.00
sante-suivi,MigraineBuddy,fodmap friendly,8,100,246,72,0.97
sante-suivi,MigraineBuddy,mysugr,8,96,248,55,1.02
sante-suivi,MigraineBuddy,vitadock,8,87,241,13,1.49
sante-suivi,MigraineBuddy,health connect,8,82,250,214,0.79
sante-suivi,MigraineBuddy,stress tracker,8,84,248,176,0.82
sante-suivi,MigraineBuddy,migraine buddy,7,91,249,1,7.00
sante-suivi,MigraineBuddy,gain,7,68,245,71,0.85
sante-suivi,MigraineBuddy,fodmap diet,7,100,244,117,0.77
sante-suivi,MigraineBuddy,migräne,7,90,247,1,7.00
sante-suivi,MigraineBuddy,mytherapy,7,98,250,51,0.91
sante-suivi,MigraineBuddy,chronic illness tracker,7,75,250,139,0.75
sante-suivi,MigraineBuddy,histamin,7,76,249,91,0.81
sante-suivi,MigraineBuddy,의학,7,100,250,154,0.73
sante-suivi,MigraineBuddy,minder,6,72,247,158,0.62
sante-suivi,MigraineBuddy,monash university fodmap diet,6,98,247,52,0.78
sante-suivi,MigraineBuddy,symptom tracker,6,77,249,144,0.63
sante-suivi,MigraineBuddy,free water tracker,6,36,250,167,0.62
sante-suivi,MigraineBuddy,cry analyzer,6,83,250,129,0.65
sante-suivi,MigraineBuddy,meagain,6,93,250,52,0.78
sante-suivi,MigraineBuddy,medical care,5,76,249,207,0.50
sante-suivi,MigraineBuddy,medly,5,70,243,138,0.53
sante-suivi,MigraineBuddy,patterns,5,91,250,176,0.51
sante-suivi,MigraineBuddy,track my sleep,5,83,248,192,0.50
sante-suivi,MigraineBuddy,medical,5,98,250,140,0.53
sante-suivi,MigraineBuddy,reflectly,5,77,249,92,0.58
sante-suivi,MigraineBuddy,headache,5,91,240,1,5.00
sante-suivi,MigraineBuddy,self care,5,87,248,169,0.51
sante-suivi,MigraineBuddy,self care apps,5,80,250,186,0.51
sante-suivi,MigraineBuddy,therapy apps,5,86,249,201,0.50
sante-suivi,MigraineBuddy,qardio,5,90,250,90,0.58
sante-suivi,MigraineBuddy,headache migraine diary,5,87,247,1,5.00
sante-suivi,MigraineBuddy,health diary,5,77,250,183,0.51
sante-suivi,MigraineBuddy,aktibmi,5,74,248,131,0.54
sante-suivi,MigraineBuddy,medication tracker,5,91,246,179,0.51
sante-suivi,MigraineBuddy,can't hurt me,5,88,249,85,0.58
sante-suivi,MigraineBuddy,brain buddy,5,28,248,57,0.63
sante-suivi,MigraineBuddy,monash fodmap,5,97,248,62,0.62
sante-suivi,MigraineBuddy,neurology,5,65,247,112,0.55
sante-suivi,MigraineBuddy,therapy free,5,53,250,199,0.50
sante-suivi,MigraineBuddy,digital wellbeing,5,85,250,162,0.52
sante-suivi,MigraineBuddy,digital health,5,59,250,200,0.50
sante-suivi,MigraineBuddy,bipolar,5,76,245,140,0.53
sante-suivi,MigraineBuddy,games for sleep,5,47,221,207,0.50
sante-suivi,MigraineBuddy,movie buddy,5,100,249,32,0.73
sante-suivi,MigraineBuddy,digital thermometer,5,78,250,143,0.53
sante-suivi,MigraineBuddy,medication,5,100,250,93,0.57
sante-suivi,MigraineBuddy,ibs diet,5,100,248,123,0.54
sante-suivi,MigraineBuddy,ibs diary,5,48,248,101,0.56
sante-suivi,MigraineBuddy,medical id,5,73,248,124,0.54
sante-suivi,MigraineBuddy,stress management,5,87,250,177,0.51
sante-suivi,MigraineBuddy,stress level,5,95,250,179,0.51
sante-suivi,MigraineBuddy,medical tracker,5,70,249,181,0.51
sante-suivi,MigraineBuddy,symptom,5,81,249,67,0.61
sante-suivi,MigraineBuddy,points tracker,5,58,249,179,0.51
sante-suivi,MigraineBuddy,diagnosis,5,71,250,140,0.53
sante-suivi,MigraineBuddy,депрессия,5,53,248,120,0.55
sante-suivi,MigraineBuddy,stress monitor,5,87,249,148,0.53
sante-suivi,MigraineBuddy,feminization,5,74,250,123,0.54
sante-suivi,MigraineBuddy,irritable bowel syndrome,5,55,247,72,0.60
sante-suivi,MigraineBuddy,glycemic index,5,70,248,136,0.53
sante-suivi,MigraineBuddy,acupressure points,5,14,238,167,0.52
sante-suivi,MigraineBuddy,self care app,5,80,250,174,0.51
sante-suivi,MigraineBuddy,health tips,5,85,247,184,0.51
sante-suivi,MigraineBuddy,medici,5,65,229,148,0.53
sante-suivi,MigraineBuddy,food diary symptom tracker,5,31,240,104,0.56
sante-suivi,MigraineBuddy,basal body temperature tracker,5,,250,98,0.57
sante-suivi,MigraineBuddy,i-med,5,55,249,143,0.53
sante-suivi,MigraineBuddy,patient report,5,45,247,112,0.55
sante-suivi,MigraineBuddy,medicine scanner app,5,74,249,195,0.50
sante-suivi,MigraineBuddy,pain diary,5,30,247,45,0.67
sante-suivi,MigraineBuddy,chronic pain diary,5,20,247,42,0.68
sante-suivi,MigraineBuddy,pain tracker,5,63,247,44,0.67
sante-suivi,MigraineBuddy,symptom diary,5,83,248,163,0.52
sante-suivi,MigraineBuddy,diabetes ernährung,5,78,240,114,0.55
sante-suivi,MigraineBuddy,glucose buddy,5,84,247,63,0.62
sante-suivi,MigraineBuddy,dexcom clarity,5,96,248,50,0.65
sante-suivi,MigraineBuddy,diabetes log book,5,68,224,120,0.55
sante-suivi,MigraineBuddy,medicine tracker,5,91,248,156,0.52
sante-suivi,MigraineBuddy,flinch,5,93,247,70,0.61
sante-suivi,MigraineBuddy,mysugr app per il diabete,5,80,243,172,0.51
sante-suivi,MigraineBuddy,ibd,5,86,243,75,0.60
sante-suivi,MigraineBuddy,buddy app,5,46,246,28,0.75
sante-suivi,MigraineBuddy,fibromyalgia,5,89,248,137,0.53
sante-suivi,MigraineBuddy,curable pain relief,5,52,249,57,0.63
sante-suivi,MigraineBuddy,followmyhealth,5,97,249,80,0.59
sante-suivi,MigraineBuddy,temperatura corporea,5,76,242,123,0.54
sante-suivi,MigraineBuddy,insulina,5,73,238,105,0.56
sante-suivi,MigraineBuddy,pain coach,5,,248,49,0.66
sante-suivi,MigraineBuddy,symptom checker,5,75,250,125,0.54
sante-suivi,MigraineBuddy,digital wellbeing app,5,48,250,168,0.51
sante-suivi,MigraineBuddy,stress free,5,91,249,211,0.49
sante-suivi,MigraineBuddy,self care tracker,5,85,250,201,0.50
sante-suivi,MigraineBuddy,symptoms,5,72,249,54,0.64
sante-suivi,MigraineBuddy,symptome,5,51,247,52,0.65
sante-suivi,MigraineBuddy,hearing loss test,5,,249,140,0.53
sante-suivi,MigraineBuddy,seizure,5,71,242,118,0.55
sante-suivi,MigraineBuddy,seizure log,5,10,245,172,0.51
sante-suivi,MigraineBuddy,neurologist,5,63,248,127,0.54
sante-suivi,MigraineBuddy,pain relief,5,72,248,88,0.58
sante-suivi,MigraineBuddy,chronic pain tracker,5,80,249,72,0.60
sante-suivi,MigraineBuddy,きあつ,5,74,249,115,0.55
sante-suivi,MigraineBuddy,気圧計,5,70,250,60,0.63
sante-suivi,MigraineBuddy,medikamente,5,75,249,141,0.53
sante-suivi,MigraineBuddy,back pain tracker,5,69,249,50,0.65
sante-suivi,MigraineBuddy,頭痛ーる,5,75,248,4,1.49
sante-suivi,MigraineBuddy,suivi diabète,5,86,247,139,0.53
sante-suivi,MigraineBuddy,omni pod,5,45,248,110,0.56
sante-suivi,MigraineBuddy,glucose blutzucker tagebuch,5,79,245,127,0.54
sante-suivi,MigraineBuddy,sugarmate deutsch,5,47,248,32,0.73
sante-suivi,MigraineBuddy,mein schlaues diabetes 1tagebuch,5,78,245,113,0.55
sante-suivi,MigraineBuddy,diabetikertagebuch,5,81,189,102,0.56
sante-suivi,MigraineBuddy,app omnipod,5,47,248,69,0.61
sante-suivi,MigraineBuddy,accu chek insigt,5,75,250,155,0.52
sante-suivi,MigraineBuddy,weaning tracker,5,9,215,124,0.54
sante-suivi,MigraineBuddy,app report,5,29,238,205,0.50
sante-suivi,MigraineBuddy,selbstmanagement,5,69,246,144,0.53
sante-suivi,MigraineBuddy,therapy diary,5,62,248,170,0.51
sante-suivi,MigraineBuddy,feelings tracker,5,85,250,159,0.52
sante-suivi,MigraineBuddy,iq air,5,61,248,53,0.64
sante-suivi,MigraineBuddy,point tracker,5,78,250,160,0.52
sante-suivi,MigraineBuddy,self therapy,5,95,247,194,0.50
sante-suivi,MigraineBuddy,для публикация,5,97,248,154,0.52
sante-suivi,MigraineBuddy,pill reminder a meds tracker,5,80,245,195,0.50
sante-suivi,MigraineBuddy,medikamenten,5,88,248,142,0.53
sante-suivi,MigraineBuddy,self-care,5,91,250,174,0.51
sante-suivi,MigraineBuddy,demencia,5,45,248,124,0.54
sante-suivi,MigraineBuddy,personally controlled electronic health record,5,87,248,144,0.53
sante-suivi,MigraineBuddy,track my medical records app,5,87,250,224,0.49
sante-suivi,MigraineBuddy,digital medical records,5,89,250,224,0.49
sante-suivi,MigraineBuddy,medication diary app,5,58,250,108,0.56
sante-suivi,MigraineBuddy,medication diary,5,80,250,167,0.52
sante-suivi,MigraineBuddy,personal health assistant,5,73,250,214,0.49
sante-suivi,MigraineBuddy,mole check,5,29,245,74,0.60
sante-suivi,MigraineBuddy,flaredown,5,89,250,140,0.53
sante-suivi,MigraineBuddy,ibs symptom tracker,5,,246,110,0.56
sante-suivi,MigraineBuddy,kidney diet,5,36,248,124,0.54
sante-suivi,MigraineBuddy,diseases,5,27,234,156,0.52
sante-suivi,MigraineBuddy,health news,5,97,249,182,0.51
sante-suivi,MigraineBuddy,medikamentenplan,5,82,248,124,0.54
sante-suivi,MigraineBuddy,migraine journal,5,86,245,1,5.00
sante-suivi,MigraineBuddy,feeling tracker,5,72,249,141,0.53
sante-suivi,MigraineBuddy,headache log,5,84,243,1,5.00
sante-suivi,MigraineBuddy,grow buddy,5,65,236,66,0.62
sante-suivi,MigraineBuddy,allergy control,5,3,233,111,0.55
sante-suivi,MigraineBuddy,باد صبا,5,95,250,73,0.60
sante-suivi,MigraineBuddy,dosimeter,5,61,248,111,0.55
sante-suivi,MigraineBuddy,dbt skills,5,54,248,144,0.53
sante-suivi,MigraineBuddy,my migraine,5,80,244,1,5.00
sante-suivi,MigraineBuddy,cycle sleep,5,82,249,190,0.50
sante-suivi,MigraineBuddy,diary card,5,77,244,148,0.53
sante-suivi,MigraineBuddy,free self care apps,5,64,244,229,0.49
sante-suivi,MigraineBuddy,health games,5,53,242,213,0.49
sante-suivi,MigraineBuddy,дневник сна,5,70,248,142,0.53
sante-suivi,MigraineBuddy,bipolar test,5,55,248,99,0.57
sante-suivi,MigraineBuddy,tabletten erinnerung,5,86,247,138,0.53
sante-suivi,MigraineBuddy,medikamenten manager,5,68,248,132,0.54
sante-suivi,MigraineBuddy,skin care diary app,5,92,249,157,0.52
sante-suivi,MigraineBuddy,vaccination reminder,5,53,250,32,0.73
sante-suivi,MigraineBuddy,pain log,5,25,248,44,0.67
sante-suivi,MigraineBuddy,headache diary,5,90,246,1,5.00
sante-suivi,MigraineBuddy,bipolar disorder test,5,,250,69,0.61
sante-suivi,MigraineBuddy,migraine diary,5,92,247,1,5.00
sante-suivi,MigraineBuddy,migraines,5,88,242,1,5.00
sante-suivi,MigraineBuddy,med tracker,5,81,243,175,0.51
sante-suivi,MigraineBuddy,migraine forecast,5,52,245,2,2.29
sante-suivi,MigraineBuddy,bipolar disorder,5,84,250,121,0.55
sante-suivi,MigraineBuddy,診 断 アプリ,5,70,247,100,0.57
sante-suivi,MigraineBuddy,自 己 診 断,5,51,245,115,0.55
sante-suivi,MigraineBuddy,美 人 診 断,5,92,248,70,0.61
sante-suivi,MigraineBuddy,track my health,5,72,248,195,0.50
sante-suivi,MigraineBuddy,gemeinsam mit,5,73,246,81,0.59
sante-suivi,MigraineBuddy,änderungen an,5,70,246,139,0.53
sante-suivi,MigraineBuddy,ajuda auxilio,5,98,250,113,0.55
sante-suivi,MigraineBuddy,berichte,5,98,250,163,0.52
sante-suivi,MigraineBuddy,получайте,5,75,239,185,0.51
sante-suivi,MigraineBuddy,пользователей,5,97,249,84,0.59
sante-suivi,MigraineBuddy,контролировать,5,66,248,165,0.52
sante-suivi,MigraineBuddy,durumunuzu,5,90,248,83,0.59
sante-suivi,MigraineBuddy,撰写,5,29,238,163,0.52
sante-suivi,MigraineBuddy,fever tracker,5,92,247,117,0.55
sante-suivi,MigraineBuddy,drinking buddy,5,78,246,55,0.64
sante-suivi,MigraineBuddy,medicine alarm,5,75,246,185,0.51
sante-suivi,MigraineBuddy,self-care therapy,5,88,249,216,0.49
sante-suivi,MigraineBuddy,sleep monitor sleep tracker,5,53,242,194,0.50
sante-suivi,MigraineBuddy,pressure tracker,5,55,247,144,0.53
sante-suivi,MigraineBuddy,symptom journal,5,28,249,131,0.54
sante-suivi,MigraineBuddy,symptom log,5,62,248,144,0.53
sante-suivi,MigraineBuddy,bien-être,5,70,249,137,0.53
sante-suivi,MigraineBuddy,stay healthy,5,56,249,222,0.49
sante-suivi,MigraineBuddy,tracking sleep,5,86,250,168,0.51
sante-suivi,MigraineBuddy,sleep record,5,82,249,219,0.49
sante-suivi,MigraineBuddy,understanding,5,100,246,161,0.52
sante-suivi,MigraineBuddy,allergy report,5,45,245,158,0.52
sante-suivi,MigraineBuddy,kündigen,5,56,249,164,0.52
sante-suivi,MigraineBuddy,ilaç hatırlatıcı,5,82,248,140,0.53
sante-suivi,MigraineBuddy,epi curius,5,86,249,167,0.52
sante-suivi,MigraineBuddy,Medizin Erinnerung,5,76,247,123,0.54
sante-suivi,MigraineBuddy,pill reminder and med tracker,5,83,247,220,0.49
sante-suivi,MigraineBuddy,meds tracker,5,79,244,175,0.51
sante-suivi,MigraineBuddy,medi pill reminder,5,77,245,177,0.51
sante-suivi,MigraineBuddy,drug tracker,5,93,250,157,0.52
sante-suivi,MigraineBuddy,rappel de ka pilule,5,45,247,166,0.52
sante-suivi,MigraineBuddy,meds reminder tracker,5,78,245,186,0.51
sante-suivi,MigraineBuddy,medecince reminder,5,80,249,200,0.50
sante-suivi,MigraineBuddy,erinnerungen an med,5,67,201,69,0.61
sante-suivi,MigraineBuddy,erinnerung medikamente,5,82,248,134,0.54
sante-suivi,MigraineBuddy,site monitoring,5,98,250,207,0.50
sante-suivi,MigraineBuddy,self care program,5,81,250,241,0.48
sante-suivi,MigraineBuddy,напоминания пить лекарства,5,71,232,105,0.56
sante-suivi,MigraineBuddy,rapel medicament,5,86,250,46,0.67
sante-suivi,MigraineBuddy,careclinic,5,74,250,54,0.64
sante-suivi,MigraineBuddy,dehydration,5,77,249,105,0.56
sante-suivi,MigraineBuddy,panadol tracker,5,50,243,219,0.49
sante-suivi,MigraineBuddy,sleep trends,5,45,246,202,0.50
sante-suivi,MigraineBuddy,nap tracker,5,75,247,176,0.51
sante-suivi,MigraineBuddy,track health,5,75,246,220,0.49
sante-suivi,MigraineBuddy,sickness tracker,5,65,250,100,0.57
sante-suivi,MigraineBuddy,sickness buddy,5,76,245,1,5.00
sante-suivi,MigraineBuddy,children's sickness tracker,5,83,248,176,0.51
sante-suivi,MigraineBuddy,medicines,5,97,249,82,0.59
sante-suivi,MigraineBuddy,song identification,5,63,226,155,0.52
sante-suivi,MigraineBuddy,tracker insights,5,53,250,88,0.58
sante-suivi,MigraineBuddy,plant buddy,5,90,245,127,0.54
sante-suivi,MigraineBuddy,minder),5,51,247,159,0.52
sante-suivi,MigraineBuddy,ट्रैक,5,56,250,153,0.52
sante-suivi,MigraineBuddy,health reminders,5,73,249,155,0.52
sante-suivi,MigraineBuddy,insights tracker,5,36,249,246,0.48
sante-suivi,MigraineBuddy,pain journal,5,69,249,127,0.54
sante-suivi,MigraineBuddy,yalnızlık,5,51,247,114,0.55
sante-suivi,MigraineBuddy,aligner,5,60,243,121,0.55
sante-suivi,MigraineBuddy,my sleep pal,5,88,248,159,0.52
sante-suivi,MigraineBuddy,illness tracker app,5,49,249,112,0.55
sante-suivi,MigraineBuddy,illness tracker,5,86,249,142,0.53
sante-suivi,MigraineBuddy,ibs tracker,5,61,247,101,0.56
sante-suivi,MigraineBuddy,app therapy,5,70,249,219,0.49
sante-suivi,MigraineBuddy,best therapy activities app,5,90,249,226,0.49
sante-suivi,MigraineBuddy,значение сна,5,66,247,132,0.54
sante-suivi,MigraineBuddy,decipher,5,83,249,122,0.55
sante-suivi,MigraineBuddy,ударения,5,96,250,11,0.98
sante-suivi,MigraineBuddy,asthma tracker,5,60,247,142,0.53
sante-suivi,MigraineBuddy,mieux penser,5,64,201,38,0.70
sante-suivi,MigraineBuddy,self cares,5,79,248,136,0.53
sante-suivi,MigraineBuddy,headache journal,5,59,249,1,5.00
sante-suivi,MigraineBuddy,track go,5,83,246,210,0.50
sante-suivi,MigraineBuddy,automatic sleep tracker,5,83,247,179,0.51
sante-suivi,MigraineBuddy,למעקב אחר,5,81,250,175,0.51
sante-suivi,MigraineBuddy,mirar,5,97,231,116,0.55
sante-suivi,MigraineBuddy,barometri,5,69,249,112,0.55
sante-suivi,MigraineBuddy,funky door yoga berkeley​,5,43,250,127,0.54
sante-suivi,MigraineBuddy,how to avoid stress,5,84,248,206,0.50
sante-suivi,MigraineBuddy,personal health monitor,5,91,250,213,0.49
sante-suivi,MigraineBuddy,home remedies for migraine,5,84,247,1,5.00
sante-suivi,MigraineBuddy,how to relieve joint pain,5,14,250,198,0.50
sante-suivi,MigraineBuddy,trigger tracker,5,24,248,223,0.49
sante-suivi,MigraineBuddy,seld care,5,71,250,197,0.50
sante-suivi,MigraineBuddy,מסלול,5,94,250,53,0.64
sante-suivi,MigraineBuddy,záchranka,5,80,249,9,1.06
sante-suivi,MigraineBuddy,spanie,5,72,247,126,0.54
sante-suivi,MigraineBuddy,flüssigkeitsbedarf check,5,84,249,165,0.52
sante-suivi,MigraineBuddy,trinkbedarf tracken,5,20,189,56,0.64
sante-suivi,MigraineBuddy,omron medical,5,66,233,23,0.79
sante-suivi,MigraineBuddy,omron scales,5,70,239,90,0.58
sante-suivi,MigraineBuddy,log sleep,5,88,250,217,0.49
sante-suivi,MigraineBuddy,hea,5,100,250,149,0.53
sante-suivi,MigraineBuddy,heada,5,95,246,18,0.84
sante-suivi,MigraineBuddy,cash buddy,5,73,248,29,0.74
sante-suivi,MigraineBuddy,damenunterwäsche tipps,5,76,249,69,0.61
sante-suivi,MigraineBuddy,umstandsmode online shop,5,86,249,94,0.57
sante-suivi,MigraineBuddy,relate,5,65,247,128,0.54
sante-suivi,MigraineBuddy,en bonne santé,5,64,249,181,0.51
sante-suivi,MigraineBuddy,diario insulina diabetes,5,82,250,123,0.54
sante-suivi,MigraineBuddy,harjoitus,5,53,248,194,0.50
sante-suivi,MigraineBuddy,nukkua,5,72,241,171,0.51
sante-suivi,MigraineBuddy,ききくる,5,82,247,110,0.56
sante-suivi,MigraineBuddy,tobii,5,100,250,79,0.59
sante-suivi,MigraineBuddy,ずつーる,5,71,249,5,1.34
sante-suivi,MigraineBuddy,buddys,5,66,226,86,0.58
sante-suivi,MigraineBuddy,migrain tracker,5,81,246,1,5.00
sante-suivi,MigraineBuddy,nhs diary,5,74,250,171,0.51
sante-suivi,MigraineBuddy,symptoms tracker,5,61,247,127,0.54
sante-suivi,MigraineBuddy,symptoms journal,5,53,248,71,0.61
sante-suivi,MigraineBuddy,sleep tracker journal,5,74,250,197,0.50
sante-suivi,MigraineBuddy,sleep details,5,82,250,237,0.49
sante-suivi,MigraineBuddy,monitor stress,5,83,249,108,0.56
sante-suivi,MigraineBuddy,schlaf aufnahme kostenlos,5,71,241,126,0.54
sante-suivi,MigraineBuddy,dolores,5,92,249,49,0.66
sante-suivi,MigraineBuddy,tens pain relief,5,70,249,41,0.68
sante-suivi,MigraineBuddy,foot pain,5,84,247,120,0.55
sante-suivi,MigraineBuddy,diabetestagebuch,5,79,246,90,0.58
sante-suivi,MigraineBuddy,diabetes-tagebuch,5,93,250,134,0.54
sante-suivi,MigraineBuddy,health track,5,55,248,236,0.49
sante-suivi,MigraineBuddy,pressão arterial dairio,5,47,248,136,0.53
sante-suivi,MigraineBuddy,drug treatment,5,94,250,156,0.52
sante-suivi,MigraineBuddy,digital well-being,5,70,249,145,0.53
sante-suivi,MigraineBuddy,entdecken teilen,5,100,250,112,0.55
sante-suivi,MigraineBuddy,medication assisted treatment,5,83,249,94,0.57
sante-suivi,MigraineBuddy,opioid addiction treatment,5,57,250,39,0.69
sante-suivi,MigraineBuddy,digital addiction treatment,5,74,250,185,0.51
sante-suivi,MigraineBuddy,विश्लेषण ट्रैक,5,68,232,44,0.67
sante-suivi,MigraineBuddy,tracker reports,5,70,249,142,0.53
sante-suivi,MigraineBuddy,победителя,5,46,248,56,0.64
sante-suivi,MigraineBuddy,heardthat,5,95,250,59,0.63
sante-suivi,MigraineBuddy,arkadaşım,5,93,249,137,0.53
sante-suivi,MigraineBuddy,睡眠といびきを計測する睡眠分析,5,76,225,78,0.59
sante-suivi,MigraineBuddy,tracker sleep,5,81,250,213,0.49
sante-suivi,MigraineBuddy,pressure sleep,5,76,249,49,0.66
sante-suivi,MigraineBuddy,migraine log,5,68,247,1,5.00
sante-suivi,MigraineBuddy,sleep analysis/睡眠計測分析,5,71,246,44,0.67
sante-suivi,MigraineBuddy,tracker digital,5,77,250,158,0.52
sante-suivi,MigraineBuddy,track tool,5,80,250,187,0.51
sante-suivi,MigraineBuddy,medical tools,5,89,250,177,0.51
sante-suivi,MigraineBuddy,作業記録,5,53,249,190,0.50
sante-suivi,MigraineBuddy,medicin,5,100,249,140,0.53
sante-suivi,MigraineBuddy,care reminders,5,90,249,140,0.53
sante-suivi,MigraineBuddy,self care therapy,5,84,250,216,0.49
sante-suivi,MigraineBuddy,game for headache,5,83,248,1,5.00
sante-suivi,MigraineBuddy,bipolar tracker,5,34,248,145,0.53
sante-suivi,MigraineBuddy,seelische gesundheit,5,46,250,105,0.56
sante-suivi,MigraineBuddy,health psychologie,5,70,247,203,0.50
sante-suivi,MigraineBuddy,força diária,5,93,248,62,0.62
sante-suivi,MigraineBuddy,féminin,5,88,248,159,0.52
sante-suivi,MigraineBuddy,bien-être santé,5,36,249,160,0.52
sante-suivi,MigraineBuddy,health insights,5,86,250,146,0.53
sante-suivi,MigraineBuddy,therapy app),5,70,250,211,0.49
sante-suivi,MigraineBuddy,schnarch app kostenlos,5,72,245,59,0.63
sante-suivi,MigraineBuddy,gestire le emozioni,5,36,247,84,0.59
sante-suivi,MigraineBuddy,pemicu,5,52,246,35,0.71
sante-suivi,MigraineBuddy,tracker self-care,5,67,250,217,0.49
sante-suivi,MigraineBuddy,app di maialini,5,84,243,75,0.60
sante-suivi,MigraineBuddy,pressure diary,5,68,250,176,0.51
sante-suivi,MigraineBuddy,diarrhea,5,80,250,81,0.59
sante-suivi,MigraineBuddy,psychic sense,5,35,220,114,0.55
sante-suivi,MigraineBuddy,schmerz,5,53,245,64,0.62
sante-suivi,MigraineBuddy,renfe cercanías,5,72,215,134,0.54
sante-suivi,MigraineBuddy,medication tracker senior,5,49,248,118,0.55
sante-suivi,MigraineBuddy,condividi report,5,100,249,127,0.54
sante-suivi,MigraineBuddy,전문 보고서,5,53,247,108,0.56
sante-suivi,MigraineBuddy,hrvati,5,75,244,61,0.63
sante-suivi,MigraineBuddy,hrvati spojevi,5,78,249,88,0.58
sante-suivi,MigraineBuddy,hearing test audiogram,5,,249,123,0.54
sante-suivi,MigraineBuddy,medicine;,5,97,248,133,0.54
sante-suivi,MigraineBuddy,लक्षण,5,76,247,15,0.89
sante-suivi,MigraineBuddy,health companion,5,65,249,138,0.53
sante-suivi,MigraineBuddy,app medicine reminder app,5,86,248,132,0.54
sante-suivi,MigraineBuddy,gestione medicine,5,87,236,113,0.55
sante-suivi,MigraineBuddy,app pillole,5,75,238,178,0.51
sante-suivi,MigraineBuddy,promemoria terapia,5,87,249,108,0.56
sante-suivi,MigraineBuddy,migraine migraine journal,5,81,244,1,5.00
sante-suivi,MigraineBuddy,top health apps,5,69,236,228,0.49
sante-suivi,MigraineBuddy,health apps 2022,5,70,250,222,0.49
sante-suivi,MigraineBuddy,bipolar 2,5,60,250,48,0.66
sante-suivi,MigraineBuddy,bipolar 1,5,51,250,99,0.57
sante-suivi,MigraineBuddy,bipolar disorder tracker,5,79,250,127,0.54
sante-suivi,MigraineBuddy,bipolar ll,5,53,249,218,0.49
sante-suivi,MigraineBuddy,bipolar one,5,53,249,46,0.67
sante-suivi,MigraineBuddy,bipolar two,5,70,249,191,0.50
sante-suivi,MigraineBuddy,brainstem aura,5,73,229,16,0.87
sante-suivi,MigraineBuddy,chronic migraine,5,71,244,3,1.74
sante-suivi,MigraineBuddy,common migraine,5,81,242,1,5.00
sante-suivi,MigraineBuddy,complicated migraine,5,84,246,1,5.00
sante-suivi,MigraineBuddy,head pain,5,83,247,1,5.00
sante-suivi,MigraineBuddy,headache helper,5,81,247,1,5.00
sante-suivi,MigraineBuddy,hemiplegic migraine,5,73,228,1,5.00
sante-suivi,MigraineBuddy,journal for pain,5,14,248,123,0.54
sante-suivi,MigraineBuddy,insight tracker,5,83,249,117,0.55
sante-suivi,MigraineBuddy,journal headache,5,83,244,1,5.00
sante-suivi,MigraineBuddy,migraine apps,5,84,245,1,5.00
sante-suivi,MigraineBuddy,migraine attack,5,83,243,1,5.00
sante-suivi,MigraineBuddy,migraine calendar,5,82,245,1,5.00
sante-suivi,MigraineBuddy,migraine coach,5,86,246,1,5.00
sante-suivi,MigraineBuddy,migraine headache,5,82,245,1,5.00
sante-suivi,MigraineBuddy,migraine management,5,86,245,1,5.00
sante-suivi,MigraineBuddy,migraine pain,5,81,244,1,5.00
sante-suivi,MigraineBuddy,migraine prevention,5,83,244,1,5.00
sante-suivi,MigraineBuddy,migraine treatment,5,82,243,1,5.00
sante-suivi,MigraineBuddy,migrane pain,5,82,245,1,5.00
sante-suivi,MigraineBuddy,post-drome,5,77,247,23,0.79
sante-suivi,MigraineBuddy,postdrome,5,74,214,6,1.24
sante-suivi,MigraineBuddy,pregnancy migraine,5,78,249,3,1.74
sante-suivi,MigraineBuddy,pre-headache,5,81,246,1,5.00
sante-suivi,MigraineBuddy,primary headache,5,83,248,1,5.00
sante-suivi,MigraineBuddy,retinal migraine,5,84,247,1,5.00
sante-suivi,MigraineBuddy,secondary headache,5,84,247,1,5.00
sante-suivi,MigraineBuddy,sinus headache,5,86,246,1,5.00
sante-suivi,MigraineBuddy,symptom app,5,60,248,71,0.61
sante-suivi,MigraineBuddy,tracking headache,5,86,246,1,5.00
sante-suivi,MigraineBuddy,vomiting,5,54,250,93,0.57
sante-suivi,MigraineBuddy,allergy-induced asthma,5,47,250,126,0.54
sante-suivi,MigraineBuddy,asthma copd,5,49,248,109,0.56
sante-suivi,MigraineBuddy,asthma health,5,47,249,143,0.53
sante-suivi,MigraineBuddy,asthma medication,5,62,248,52,0.65
sante-suivi,MigraineBuddy,asthma track,5,53,244,146,0.53
sante-suivi,MigraineBuddy,asthma treatment,5,46,248,105,0.56
sante-suivi,MigraineBuddy,asthma triggers,5,34,246,49,0.66
sante-suivi,MigraineBuddy,copd,5,69,246,106,0.56
sante-suivi,MigraineBuddy,copd asthma,5,35,247,92,0.58
sante-suivi,MigraineBuddy,copd health,5,45,249,193,0.50
sante-suivi,MigraineBuddy,copd tracker,5,56,248,27,0.76
sante-suivi,MigraineBuddy,copd management,5,47,248,135,0.54
sante-suivi,MigraineBuddy,diary tracker asthma,5,53,249,66,0.62
sante-suivi,MigraineBuddy,inhaler tracker,5,47,246,171,0.51
sante-suivi,MigraineBuddy,track asthma,5,44,245,196,0.50
sante-suivi,MigraineBuddy,track inhaler,5,49,248,82,0.59
sante-suivi,MigraineBuddy,asthma therapy,5,72,250,151,0.52
sante-suivi,MigraineBuddy,asthma diary,5,67,249,141,0.53
sante-suivi,MigraineBuddy,Recordatorio de Medicina,5,93,249,145,0.53
sante-suivi,MigraineBuddy,Calendario de medicamentos,5,93,250,130,0.54
sante-suivi,MigraineBuddy,alarma de pastillas,5,70,250,124,0.54
sante-suivi,MigraineBuddy,dust mite allergy,5,72,249,131,0.54
sante-suivi,MigraineBuddy,suivi psy),5,45,246,106,0.56
sante-suivi,MigraineBuddy,dementia detection,5,1,247,176,0.51
sante-suivi,MigraineBuddy,health therapy,5,74,250,230,0.49
sante-suivi,MigraineBuddy,schweiz kalender,5,35,236,109,0.56
sante-suivi,MigraineBuddy,nez morveux,5,25,223,12,0.96
sante-suivi,MigraineBuddy,pressure dairy,5,62,249,57,0.63
sante-suivi,MigraineBuddy,symptom tracking,5,57,247,101,0.56
sante-suivi,MigraineBuddy,anemia tracker,5,47,248,101,0.56
sante-suivi,MigraineBuddy,diarrhea tracker,5,53,249,216,0.49
sante-suivi,MigraineBuddy,d.minder,5,75,248,100,0.57
sante-suivi,MigraineBuddy,asthma monitoring easily,5,70,250,135,0.54
sante-suivi,MigraineBuddy,follow your health,5,100,250,109,0.56
sante-suivi,MigraineBuddy,therapy tracker,5,75,250,206,0.50
sante-suivi,MigraineBuddy,temperature diary,5,48,250,114,0.55
sante-suivi,MigraineBuddy,treatment access,5,70,249,64,0.62
sante-suivi,MigraineBuddy,stress-monitor,5,93,249,148,0.53
sante-suivi,MigraineBuddy,sincerely,5,74,250,76,0.60
sante-suivi,MigraineBuddy,monitor progress,5,70,250,33,0.72
sante-suivi,MigraineBuddy,おむろんこねくと,5,30,197,148,0.53
sante-suivi,MigraineBuddy,digital health tracker,5,84,250,189,0.50
sante-suivi,MigraineBuddy,לחץ דם,5,53,249,92,0.58
sante-suivi,MigraineBuddy,けつあつ,5,7,250,134,0.54
sante-suivi,MigraineBuddy,krevní tlak,5,7,250,102,0.56
sante-suivi,MigraineBuddy,mobile health tracker,5,70,250,154,0.52
sante-suivi,MigraineBuddy,health symptom tracker,5,76,250,151,0.52
sante-suivi,MigraineBuddy,diary buddy,5,64,245,1,5.00
sante-suivi,MigraineBuddy,Diary help,5,34,237,160,0.52
sante-suivi,MigraineBuddy,tagebuch für emotionale balance,5,76,249,93,0.57
sante-suivi,MigraineBuddy,phone buddy,5,51,248,137,0.53
sante-suivi,MigraineBuddy,migrane tracker,5,82,245,1,5.00
sante-suivi,MigraineBuddy,partagez votre vie,5,96,243,203,0.50
sante-suivi,MigraineBuddy,track iss,5,32,242,153,0.52
sante-suivi,MigraineBuddy,Study Buddy App,5,70,249,161,0.52
sante-suivi,MigraineBuddy,measure stress,5,83,247,146,0.53
sante-suivi,MigraineBuddy,bot diary,5,61,216,191,0.50
sante-suivi,MigraineBuddy,bdsm tracker,5,69,250,120,0.55
sante-suivi,MigraineBuddy,Amamentação,5,15,238,106,0.56
sante-suivi,MigraineBuddy,pressure health,5,53,245,163,0.52
sante-suivi,MigraineBuddy,CeraVe,5,90,243,138,0.53
sante-suivi,MigraineBuddy,fodmaps diet,5,97,248,118,0.55
sante-suivi,MigraineBuddy,stress-free,5,84,249,168,0.51
sante-suivi,MigraineBuddy,自我对话,5,24,223,131,0.54
sante-suivi,MigraineBuddy,Therapy Progress Tracker,5,67,249,165,0.52
sante-suivi,MigraineBuddy,point tracking,5,47,249,104,0.56
sante-suivi,MigraineBuddy,eating disorders,5,55,247,130,0.54
sante-suivi,MigraineBuddy,digital therapy,5,58,250,209,0.50
sante-suivi,MigraineBuddy,Deepen AI Therapy,5,47,250,43,0.68
sante-suivi,MigraineBuddy,self care companion,5,,250,135,0.54
sante-suivi,MigraineBuddy,mycircadian,5,72,245,7,1.16
sante-suivi,MigraineBuddy,Medical journal app,5,93,249,209,0.50
sante-suivi,MigraineBuddy,triggers,5,66,249,113,0.55
sante-suivi,MigraineBuddy,pain-free,5,58,249,51,0.65
sante-suivi,MigraineBuddy,Trainers diary,5,30,229,129,0.54
sante-suivi,MigraineBuddy,apnea coach,5,53,249,51,0.65
sante-suivi,MigraineBuddy,Digestive health tracker app,5,36,250,179,0.51
sante-suivi,MigraineBuddy,أطلق,5,,235,146,0.53
sante-suivi,MigraineBuddy,personalized stress management,5,87,250,183,0.51
sante-suivi,MigraineBuddy,coping with stress,5,87,249,124,0.54
sante-suivi,MigraineBuddy,managing stress,5,83,250,126,0.54
sante-suivi,MigraineBuddy,stress support,5,53,250,184,0.51
sante-suivi,MigraineBuddy,stress techniques,5,72,248,179,0.51
sante-suivi,MigraineBuddy,stress therapy,5,95,249,186,0.51
sante-suivi,MigraineBuddy,stress tips,5,79,249,171,0.51
sante-suivi,MigraineBuddy,stress counseling,5,62,249,166,0.52
sante-suivi,MigraineBuddy,calendar stress relief,5,55,249,56,0.64
sante-suivi,MigraineBuddy,care tracking,5,70,248,157,0.52
sante-suivi,MigraineBuddy,nature log,5,44,247,159,0.52
sante-suivi,MigraineBuddy,toilet journal,5,25,249,92,0.58
sante-suivi,MigraineBuddy,free diving apnea,5,49,249,40,0.69
sante-suivi,MigraineBuddy,auto ajuda,5,70,250,72,0.60
sante-suivi,MigraineBuddy,rappel d'arrosage,5,93,250,37,0.70
sante-suivi,MigraineBuddy,डिप्रेशन ट्रैकर,5,74,250,88,0.58
sante-suivi,MigraineBuddy,panic attact,5,20,222,99,0.57
sante-suivi,MigraineBuddy,mewing app,5,87,250,74,0.60
sante-suivi,MigraineBuddy,temp tracker,5,19,232,173,0.51
sante-suivi,MigraineBuddy,pressure care,5,80,248,98,0.57
sante-suivi,MigraineBuddy,mental load,5,49,249,110,0.56
sante-suivi,MigraineBuddy,pressure level,5,25,228,99,0.57
sante-suivi,MigraineBuddy,the pill reminder app,5,87,249,126,0.54
sante-suivi,MigraineBuddy,Activate Health,5,94,250,200,0.50
sante-suivi,MigraineBuddy,body temperature tracker,5,69,249,148,0.53
sante-suivi,MigraineBuddy,eye strain relief,5,49,247,96,0.57
sante-suivi,MigraineBuddy,tochi mood tracker,5,86,250,137,0.53
sante-suivi,MigraineBuddy,cash flow forecasting,5,45,247,69,0.61
sante-suivi,MigraineBuddy,diagnose treat,5,86,248,199,0.50
sante-suivi,MigraineBuddy,ai medical,5,55,249,207,0.50
sante-suivi,MigraineBuddy,post surgery,5,95,250,157,0.52
sante-suivi,MigraineBuddy,Self-Care App,5,84,250,180,0.51
sante-suivi,MigraineBuddy,sleep cycle :sleep tracker,5,68,232,154,0.52
sante-suivi,MigraineBuddy,sleep cycle : sleep tracker,5,68,232,154,0.52
sante-suivi,MigraineBuddy,tư vấn sức khỏe,5,68,240,226,0.49
sante-suivi,MigraineBuddy,đặt lịch khám nhanh,5,30,232,173,0.51
sante-suivi,MigraineBuddy,pressure-monitor tracker,5,54,250,69,0.61
sante-suivi,MigraineBuddy,medicine identifier,5,81,250,195,0.50
sante-suivi,MigraineBuddy,Diario de estado Anímico,5,53,240,142,0.53
sante-suivi,MigraineBuddy,sugerencias personalizadas,5,76,247,154,0.52
sante-suivi,MigraineBuddy,guided diaruy,5,48,250,170,0.51
sante-suivi,MigraineBuddy,ich bin,5,98,250,36,0.70
sante-suivi,MigraineBuddy,fodmap diet list,5,97,246,197,0.50
sante-suivi,MigraineBuddy,medical ai,5,28,248,204,0.50
sante-suivi,MigraineBuddy,aiself care,5,24,225,54,0.64
sante-suivi,MigraineBuddy,stress buddy,5,,248,164,0.52
sante-suivi,MigraineBuddy,stress insights,5,83,247,191,0.50
sante-suivi,MigraineBuddy,stress report,5,47,246,127,0.54
sante-suivi,MigraineBuddy,fibromyalgia tracker,5,45,249,66,0.62
sante-suivi,MigraineBuddy,stress meter,5,83,248,144,0.53
sante-suivi,MigraineBuddy,gains tracker,5,85,250,226,0.49
sante-suivi,MigraineBuddy,energy level tracker,5,45,247,89,0.58
sante-suivi,MigraineBuddy,medical diagnostic,5,94,249,154,0.52
sante-suivi,MigraineBuddy,healthbp tracker,5,70,247,218,0.49
sante-suivi,MigraineBuddy,pressure -health,5,56,249,117,0.55
sante-suivi,MigraineBuddy,medicinal,5,95,248,126,0.54
sante-suivi,MigraineBuddy,eating buddy,5,89,249,12,0.96
sante-suivi,MigraineBuddy,thich nhat hanh,5,,240,172,0.51
sante-suivi,MigraineBuddy,skin care tracking,5,70,250,127,0.54
sante-suivi,MigraineBuddy,mental condition,5,66,249,187,0.51
sante-suivi,MigraineBuddy,health report,5,83,250,183,0.51
sante-suivi,MigraineBuddy,self-therapy,5,75,250,190,0.50
sante-suivi,MigraineBuddy,pain fix,5,49,249,175,0.51
sante-suivi,MigraineBuddy,Mail+ buddy,5,51,243,151,0.52
sante-suivi,MigraineBuddy,związki,5,80,250,94,0.57
sante-suivi,MigraineBuddy,pms symptom tracker,5,77,250,124,0.54
sante-suivi,MigraineBuddy,gut heatlh,5,10,245,117,0.55
sante-suivi,MigraineBuddy,daily hydration tracker,5,53,249,180,0.51
sante-suivi,MigraineBuddy,motion sickness,5,84,250,120,0.55
sante-suivi,MigraineBuddy,depression symptoms,5,85,250,132,0.54
sante-suivi,MigraineBuddy,health monitoring app,5,93,246,222,0.49
sante-suivi,MigraineBuddy,daily health tips,5,70,249,163,0.52
sante-suivi,MigraineBuddy,car sickness,5,71,249,106,0.56
sante-suivi,MigraineBuddy,Pollen Allergy Tracker,5,44,249,117,0.55
sante-suivi,MigraineBuddy,Personalized healthcare,5,93,250,141,0.53
sante-suivi,MigraineBuddy,trackr health,5,53,250,177,0.51
sante-suivi,MigraineBuddy,healthy check-in,5,79,250,234,0.49
sante-suivi,MigraineBuddy,analyze health,5,57,249,126,0.54
sante-suivi,MigraineBuddy,track identifier,5,58,248,181,0.51
sante-suivi,MigraineBuddy,health insight,5,96,250,152,0.52
sante-suivi,MigraineBuddy,diagnose care,5,20,197,149,0.53
sante-suivi,MigraineBuddy,psycholog,5,84,249,90,0.58
sante-suivi,MigraineBuddy,get therapy,5,69,249,179,0.51
sante-suivi,MigraineBuddy,personalized insights,5,86,250,149,0.53
sante-suivi,MigraineBuddy,stress-coping,5,80,248,86,0.58
sante-suivi,MigraineBuddy,stress levels,5,44,243,180,0.51
sante-suivi,MigraineBuddy,healthy or not,5,93,250,215,0.49
sante-suivi,MigraineBuddy,car sickness dots,5,70,250,62,0.62
sante-suivi,MigraineBuddy,sleeptracker record,5,72,246,36,0.70
sante-suivi,MigraineBuddy,ai health companion,5,60,248,121,0.55
sante-suivi,MigraineBuddy,moringa,5,44,248,59,0.63
sante-suivi,MigraineBuddy,nocturia,5,90,238,127,0.54
sante-suivi,MigraineBuddy,diagnóstico de relación,5,48,249,123,0.54
sante-suivi,MigraineBuddy,diagnósticos de relación,5,86,247,182,0.51
sante-suivi,MigraineBuddy,acercamiento emocional,5,65,249,143,0.53
sante-suivi,MigraineBuddy,consejo diario,5,56,250,127,0.54
sante-suivi,MigraineBuddy,sleep buddy,5,71,247,1,5.00
sante-suivi,MigraineBuddy,circadian cycle,5,62,247,69,0.61
sante-suivi,MigraineBuddy,pattern tracker,5,74,250,124,0.54
sante-suivi,MigraineBuddy,dopamine tracker,5,,250,78,0.59
sante-suivi,MigraineBuddy,scalp health,5,,248,48,0.66
sante-suivi,MigraineBuddy,dose tracker,5,72,247,80,0.59
sante-suivi,MigraineBuddy,period symptoms tracker,5,74,249,131,0.54
sante-suivi,MigraineBuddy,pcos symptom checker,5,,248,89,0.58
sante-suivi,MigraineBuddy,ai health insights,5,74,250,108,0.56
sante-suivi,MigraineBuddy,injury identifier,5,,249,165,0.52
sante-suivi,MigraineBuddy,ozempic log,5,77,245,170,0.51
sante-suivi,MigraineBuddy,headache companion,5,,248,1,5.00
sante-suivi,MigraineBuddy,clinical companion,5,28,248,223,0.49
sante-suivi,MigraineBuddy,remplacement medical,5,20,249,76,0.60
sante-suivi,MigraineBuddy,toxic traits,5,49,242,135,0.54
sante-suivi,MigraineBuddy,hair regrowth tracker,5,66,231,188,0.50
sante-suivi,MigraineBuddy,minoxidil tracker,5,47,248,9,1.06
sante-suivi,MigraineBuddy,headache tracker: migraine,5,79,244,1,5.00
sante-suivi,MigraineBuddy,neuro weight loss hypnosis,5,0,212,145,0.53
sante-suivi,MigraineBuddy,stress pattern analyzer,5,,248,112,0.55
sante-suivi,MigraineBuddy,heartburn app,5,,250,15,0.89
sante-suivi,MigraineBuddy,meagain glp-1,5,28,231,59,0.63
sante-suivi,MigraineBuddy,medical identifier,5,20,248,162,0.52
sante-suivi,MigraineBuddy,injury scanner,5,,250,107,0.56
sante-suivi,MigraineBuddy,healthy air,5,76,248,135,0.54
sante-suivi,MigraineBuddy,allergen tracker,5,33,225,120,0.55
sante-suivi,MigraineBuddy,hand foot and mouth disease,5,92,250,40,0.69
sante-suivi,MigraineBuddy,disease journal,5,,250,66,0.62
sante-suivi,MigraineBuddy,med identifier,5,78,248,148,0.53
sante-suivi,MigraineBuddy,medical summary,5,,232,60,0.63
sante-suivi,MigraineBuddy,carsickness,5,62,250,133,0.54
sante-suivi,MigraineBuddy,stress score,5,86,250,147,0.53
sante-suivi,MigraineBuddy,stress attack,5,,218,154,0.52
sante-suivi,MigraineBuddy,dopamina natural,5,,229,160,0.52
sante-suivi,MigraineBuddy,senior care assistant,5,,249,138,0.53
sante-suivi,MigraineBuddy,progno esport,5,45,246,173,0.51
sante-suivi,MigraineBuddy,drip me,5,52,247,148,0.53
sante-suivi,MigraineBuddy,stomach pain diary,5,,250,108,0.56
sante-suivi,MigraineBuddy,headache cure,5,,248,1,5.00
sante-suivi,MigraineBuddy,ice tracker,5,45,247,83,0.59
sante-suivi,MigraineBuddy,drug test scanner,5,53,250,119,0.55
sante-suivi,MigraineBuddy,bleep me,5,79,250,72,0.60
sante-suivi,MigraineBuddy,hertz ai scanner,5,4,237,59,0.63
sante-suivi,MigraineBuddy,ai health monitoring,5,79,248,157,0.52
sante-suivi,MigraineBuddy,eye strain relief app,5,45,247,199,0.50
sante-suivi,MigraineBuddy,symptom checker ai,5,53,249,107,0.56
sante-suivi,MigraineBuddy,mewing tracker,5,53,250,84,0.59
sante-suivi,MigraineBuddy,menopause relief & calm,5,,224,34,0.71
sante-suivi,MigraineBuddy,menopause relief & sleep,5,,247,174,0.51
sante-suivi,MigraineBuddy,menopause relief & sleep app,5,,223,116,0.55
sante-suivi,MigraineBuddy,rheuma tracker,5,11,246,120,0.55
sante-suivi,MigraineBuddy,ai symptom checker,5,51,249,149,0.53
sante-suivi,MigraineBuddy,medical ai app,5,74,250,212,0.49
sante-suivi,MigraineBuddy,ozempic companion app,5,72,247,212,0.49
sante-suivi,MigraineBuddy,chronic symptoms tracker,5,,223,163,0.52
sante-suivi,MigraineBuddy,poop & bowel movement tracker,5,,246,160,0.52
sante-suivi,MigraineBuddy,copilot health,5,,235,139,0.53
sante-suivi,MigraineBuddy,erby feeding & sleep tracker,5,,248,112,0.55
sante-suivi,MigraineBuddy,feeding & sleep tracker,5,67,250,139,0.53
sante-suivi,MigraineBuddy,medication symptom tracker,5,29,248,149,0.53
sante-suivi,MigraineBuddy,dog medical,5,86,250,153,0.52
sante-suivi,MigraineBuddy,ibs log,5,,244,81,0.59
sante-suivi,MigraineBuddy,medicine tracker reminder,5,,248,209,0.50
sante-suivi,MigraineBuddy,this is for me,5,,187,57,0.63
sante-suivi,MigraineBuddy,terraflow: period health app,5,,248,116,0.55
sante-suivi,MigraineBuddy,minder period tracker app,5,,249,101,0.56
sante-suivi,MigraineBuddy,period minder,5,,249,157,0.52
sante-suivi,MigraineBuddy,migraine trigger tracker,5,86,245,1,5.00
sante-suivi,MigraineBuddy,health experiment,5,100,248,84,0.59
sante-suivi,MigraineBuddy,hedy ai,5,,250,59,0.63
sante-suivi,MigraineBuddy,freefire sens,5,,249,89,0.58
sante-suivi,MigraineBuddy,dementia care,5,26,246,88,0.58
sante-suivi,MigraineBuddy,age tracker app,5,,250,104,0.56
sante-suivi,MigraineBuddy,digital medication reminder,5,79,244,230,0.49
sante-suivi,MigraineBuddy,self-discovery buddy,5,,249,184,0.51
sante-suivi,MigraineBuddy,medical id card,5,,247,138,0.53
sante-suivi,MigraineBuddy,pain journal pro,5,,249,53,0.64
sante-suivi,MigraineBuddy,pain management assistant,5,56,249,92,0.58
sante-suivi,MigraineBuddy,migraine headache tracker,5,,247,1,5.00
sante-suivi,MigraineBuddy,migraine logger,5,,247,1,5.00
sante-suivi,MigraineBuddy,headache sensitivity tracker,5,,247,1,5.00
sante-suivi,MigraineBuddy,copd tracker diary,5,,248,178,0.51
sante-suivi,MigraineBuddy,ibs manager,5,,248,123,0.54
sante-suivi,MigraineBuddy,tinnitus companion,5,,249,195,0.50
sante-suivi,MigraineBuddy,acl rehab tracker,5,,250,56,0.64
sante-suivi,MigraineBuddy,body temperature fever diary,5,,249,57,0.63
sante-suivi,MigraineBuddy,stress monitoring,5,75,249,117,0.55
sante-suivi,MigraineBuddy,track expiration,5,,248,120,0.55
sante-suivi,MigraineBuddy,symptom search,5,28,249,138,0.53
sante-suivi,MigraineBuddy,medicine stock tracker,5,,248,88,0.58
sante-suivi,MigraineBuddy,medicine usage log,5,,250,137,0.53
sante-suivi,MigraineBuddy,car depreciation calculator,5,,246,69,0.61
sante-suivi,MigraineBuddy,record allergy,5,,248,117,0.55
sante-suivi,MigraineBuddy,504 plan,5,,250,109,0.56
sante-suivi,MigraineBuddy,medicinal identifier,5,,250,138,0.53
sante-suivi,MigraineBuddy,daca tracker,5,,250,169,0.51
sante-suivi,MigraineBuddy,canada pr tracker,5,,249,186,0.51
sante-suivi,MigraineBuddy,track visa application,5,,248,150,0.52
sante-suivi,MigraineBuddy,migration tracker,5,,250,33,0.72
sante-suivi,MigraineBuddy,migra tracker,5,,249,6,1.24
sante-suivi,MigraineBuddy,migracion,5,,247,14,0.91
sante-suivi,MigraineBuddy,groomer vaccine records,5,45,247,163,0.52
sante-suivi,MigraineBuddy,kafa dinlemek,,98,250,104,
sante-suivi,MigraineBuddy,uyku kalitenizi arttırmak için,,86,250,138,
sante-suivi,MigraineBuddy,morgendämmerung,,26,232,50,
sante-suivi,MigraineBuddy,flüssigkeitsbedarf messen,,56,230,95,
sante-suivi,MigraineBuddy,damen umstandsmode style,,78,245,4,
sante-suivi,MigraineBuddy,damen umstandsmode look,,74,244,56,
sante-suivi,MigraineBuddy,damen unterwäsche tipps,,72,248,36,
sante-suivi,MigraineBuddy,umstandsmode sale,,80,230,57,
sante-suivi,MigraineBuddy,睡眠といびきを計測する睡眠分析 睡眠音、いびきレコーダー、スマートアラーム,,74,226,85,
sante-suivi,MigraineBuddy,セルフバンク-睡眠記録・分析・改善アプリ,,59,224,48,
sante-suivi,MigraineBuddy,睡眠の質を記録、分析、改善できる健康管理のスーパーアプリ,,63,225,49,
sante-suivi,MigraineBuddy,bipolar companion,,27,250,117,
sante-suivi,MigraineBuddy,doktor sözlüğü,,85,248,167,
sante-suivi,MigraineBuddy,engelleyen takibi,,75,250,54,
sante-suivi,MigraineBuddy,tagebuch für fortschritte,,46,245,158,
sante-suivi,MigraineBuddy,tagebuch für lebensveränderung,,34,239,212,
sante-suivi,MigraineBuddy,zonnebrand,,71,247,54,
sante-suivi,MigraineBuddy,थेरेपी नोट्स,,47,248,94,
sante-suivi,MigraineBuddy,उतार,,74,248,66,
sante-suivi,MigraineBuddy,निःशुल्क चिकित्सा,,92,249,139,
sante-suivi,MigraineBuddy,सिरदर्द,,82,245,1,
sante-suivi,MigraineBuddy,ensimmäinen henkilö,,71,237,80,
sante-suivi,MigraineBuddy,cycle monitoring tool,,80,247,146,
sante-suivi,MigraineBuddy,test emocional,,56,247,116,
sante-suivi,MigraineBuddy,descubrir emociones,,70,250,178,
sante-suivi,MigraineBuddy,follow buddy,,98,246,7,
sante-suivi,MigraineBuddy,pain tracker and diary,,,249,79,
sante-suivi,MigraineBuddy,pain logger,,,246,36,
sante-suivi,MigraineBuddy,migraine companion,,,246,1,
sante-suivi,MigraineBuddy,migraine weather forecast,,,247,2,
sante-suivi,MigraineBuddy,headache coach,,,247,1,
sante-suivi,MigraineBuddy,headache forecast,,,250,1,
sante-suivi,MigraineBuddy,chronic pain companion,,,247,61,
sante-suivi,MigraineBuddy,asthma symptom journal,,,247,108,
sante-suivi,MigraineBuddy,epilepsy patient manager,,,245,161,
sante-suivi,MigraineBuddy,epilepsy companion,,7,246,176,
sante-suivi,MigraineBuddy,symptom recorder,,19,247,128,
sante-suivi,MigraineBuddy,body temperature fever log,,,248,75,
sante-suivi,MigraineBuddy,stress and hrv tracker,,,249,123,
sante-suivi,MigraineBuddy,biometrics tracker,,,246,81,
sante-suivi,MigraineBuddy,cat symptom log,,53,248,114,
sante-suivi,MigraineBuddy,dog symptom log,,47,248,134,
sante-suivi,Medisafe,remind,74,72,248,124,8.04
sante-suivi,Medisafe,cvs pharmacy,72,33,248,51,9.36
sante-suivi,Medisafe,adac,64,81,246,92,7.36
sante-suivi,Medisafe,alarm com,63,73,250,78,7.49
sante-suivi,Medisafe,reminders,63,70,250,130,6.79
sante-suivi,Medisafe,united healthcare app,62,53,249,110,6.89
sante-suivi,Medisafe,blood pressure app free,61,73,247,166,6.29
sante-suivi,Medisafe,the measure арр,61,58,248,109,6.79
sante-suivi,Medisafe,weight watchers app,59,67,250,90,6.82
sante-suivi,Medisafe,zocdoc,59,91,250,77,7.03
sante-suivi,Medisafe,goodrx,58,71,248,66,7.14
sante-suivi,Medisafe,трекер сна,58,71,247,158,6.03
sante-suivi,Medisafe,reminder,57,89,250,151,5.98
sante-suivi,Medisafe,follow my health,56,70,249,81,6.61
sante-suivi,Medisafe,peptide tracker,53,58,245,120,5.80
sante-suivi,Medisafe,glp  1 tracker,53,67,246,109,5.90
sante-suivi,Medisafe,tracker,52,100,250,139,5.53
sante-suivi,Medisafe,ihealth,51,79,250,55,6.52
sante-suivi,Medisafe,glp 1 tracker,51,68,246,121,5.57
sante-suivi,Medisafe,track,50,100,249,177,5.10
sante-suivi,Medisafe,mobil,50,96,250,163,5.17
sante-suivi,Medisafe,epocrates,50,59,250,20,8.20
sante-suivi,Medisafe,myhealth,49,75,248,161,5.08
sante-suivi,Medisafe,erinnerungen,49,59,248,137,5.23
sante-suivi,Medisafe,bit,49,94,248,174,5.01
sante-suivi,Medisafe,medscape,49,76,249,16,8.57
sante-suivi,Medisafe,invisalign,48,95,247,48,6.33
sante-suivi,Medisafe,rappel,47,79,250,113,5.20
sante-suivi,Medisafe,shotsy,47,91,248,45,6.29
sante-suivi,Medisafe,pill reminder,44,86,239,3,15.34
sante-suivi,Medisafe,medicash,44,78,210,33,6.33
sante-suivi,Medisafe,medgpt,44,25,247,44,5.92
sante-suivi,Medisafe,md,42,98,243,111,4.66
sante-suivi,Medisafe,mydiabby,42,80,210,14,7.65
sante-suivi,Medisafe,weight watchers,41,89,249,99,4.65
sante-suivi,Medisafe,mercury insurance,40,50,249,116,4.40
sante-suivi,Medisafe,centerwell pharmacy,40,49,215,15,7.13
sante-suivi,Medisafe,tv tracker,39,76,249,179,3.97
sante-suivi,Medisafe,fullscript,39,84,248,8,8.59
sante-suivi,Medisafe,pill identifier,37,74,246,41,5.06
sante-suivi,Medisafe,walgreens photo,37,92,247,91,4.27
sante-suivi,Medisafe,medication reminder,36,65,240,3,12.55
sante-suivi,Medisafe,remind me,34,64,249,101,3.84
sante-suivi,Medisafe,health first,33,83,249,105,3.70
sante-suivi,Medisafe,abha,33,47,249,90,3.81
sante-suivi,Medisafe,gesundheit,32,74,248,178,3.26
sante-suivi,Medisafe,ly,32,92,249,224,3.14
sante-suivi,Medisafe,medbridge,32,89,249,13,5.97
sante-suivi,Medisafe,glp1 tracker free,32,67,246,135,3.42
sante-suivi,Medisafe,diabetes app,31,77,247,153,3.24
sante-suivi,Medisafe,lexicomp,31,67,247,16,5.42
sante-suivi,Medisafe,weekend,31,68,242,80,3.67
sante-suivi,Medisafe,amwell,31,54,247,62,3.86
sante-suivi,Medisafe,reminder app with notification,30,52,226,163,3.10
sante-suivi,Medisafe,pill identifier free,30,47,248,53,3.87
sante-suivi,Medisafe,omada health inc,30,45,243,58,3.79
sante-suivi,Medisafe,track family,29,97,249,178,2.95
sante-suivi,Medisafe,medecine,29,97,250,161,3.01
sante-suivi,Medisafe,iv,29,100,247,226,2.84
sante-suivi,Medisafe,trink erinnerung,29,45,248,140,3.08
sante-suivi,Medisafe,トラッカー,29,96,250,139,3.09
sante-suivi,Medisafe,mydiabetes,29,85,247,59,3.65
sante-suivi,Medisafe,glp1 tracker,29,74,245,134,3.11
sante-suivi,Medisafe,epocrates free,28,70,250,20,4.59
sante-suivi,Medisafe,free glp1 tracker,27,88,250,108,3.01
sante-suivi,Medisafe,dexcom stelo,26,84,249,63,3.23
sante-suivi,Medisafe,reminder app free,26,73,250,83,3.05
sante-suivi,Medisafe,photo pills,25,84,248,123,2.72
sante-suivi,Medisafe,therapy appointment,25,70,249,68,3.06
sante-suivi,Medisafe,doctor sv,25,88,248,70,3.04
sante-suivi,Medisafe,birth control reminder,24,95,250,9,5.07
sante-suivi,Medisafe,daily reminders,24,74,250,82,2.82
sante-suivi,Medisafe,water reminder app,24,60,249,154,2.51
sante-suivi,Medisafe,noom med,24,85,249,6,5.93
sante-suivi,Medisafe,medicaments,23,70,250,1,23.00
sante-suivi,Medisafe,text tone,23,100,250,227,2.25
sante-suivi,Medisafe,medical courier,23,29,249,161,2.38
sante-suivi,Medisafe,nurse schedule,23,73,249,166,2.37
sante-suivi,Medisafe,kaiser my doctor,23,70,243,40,3.16
sante-suivi,Medisafe,チェック,22,62,249,228,2.15
sante-suivi,Medisafe,medicamentos,22,86,247,2,10.10
sante-suivi,Medisafe,therapie,21,98,248,105,2.35
sante-suivi,Medisafe,医学,19,98,250,177,1.94
sante-suivi,Medisafe,symptomtagebuch,19,49,247,78,2.26
sante-suivi,Medisafe,revitive,19,29,199,48,2.50
sante-suivi,Medisafe,doctor app,18,82,249,195,1.81
sante-suivi,Medisafe,tracker app,17,91,248,182,1.73
sante-suivi,Medisafe,therapy app,17,57,246,181,1.73
sante-suivi,Medisafe,uscis case tracker,17,70,249,88,1.97
sante-suivi,Medisafe,tablet reminder,17,79,245,3,5.93
sante-suivi,Medisafe,sugar tracker,17,85,248,173,1.74
sante-suivi,Medisafe,free alert app,17,81,250,163,1.76
sante-suivi,Medisafe,pillen reminder,15,76,240,21,2.43
sante-suivi,Medisafe,好医生,15,94,250,133,1.61
sante-suivi,Medisafe,conta su di me medtronic,14,68,210,79,1.66
sante-suivi,Medisafe,heart watch,14,89,249,159,1.45
sante-suivi,Medisafe,cita medica,13,73,249,153,1.36
sante-suivi,Medisafe,complete app,13,,226,11,2.56
sante-suivi,Medisafe,pillola,12,74,249,71,1.45
sante-suivi,Medisafe,medical app,11,93,250,207,1.09
sante-suivi,Medisafe,monitoring,11,97,250,192,1.11
sante-suivi,Medisafe,fertility friend,9,93,250,130,0.97
sante-suivi,Medisafe,reminder alarm,9,79,250,141,0.96
sante-suivi,Medisafe,health monitor,9,74,248,143,0.95
sante-suivi,Medisafe,family time,9,60,249,171,0.92
sante-suivi,Medisafe,quitnow,9,61,247,98,1.02
sante-suivi,Medisafe,medicine,9,100,249,1,9.00
sante-suivi,Medisafe,anxiety tracker,9,80,249,184,0.91
sante-suivi,Medisafe,my health,9,85,249,203,0.90
sante-suivi,Medisafe,visited,9,81,234,151,0.94
sante-suivi,Medisafe,withings health mate,9,72,249,57,1.14
sante-suivi,Medisafe,pill,9,77,235,5,2.41
sante-suivi,Medisafe,supplement tracker,9,74,247,102,1.01
sante-suivi,Medisafe,better health,9,82,247,180,0.92
sante-suivi,Medisafe,doctor appointment,9,91,249,127,0.97
sante-suivi,Medisafe,dynamed,9,34,227,9,1.90
sante-suivi,Medisafe,d minder,9,50,248,58,1.14
sante-suivi,Medisafe,tracker detect,9,98,248,119,0.99
sante-suivi,Medisafe,côté santé,9,51,248,131,0.97
sante-suivi,Medisafe,medisearch ai,9,64,243,47,1.19
sante-suivi,Medisafe,img,8,100,246,113,0.88
sante-suivi,Medisafe,reminders app,8,56,250,85,0.93
sante-suivi,Medisafe,mysugr,8,96,248,44,1.08
sante-suivi,Medisafe,drug,8,87,250,151,0.84
sante-suivi,Medisafe,vitadock,8,87,241,8,1.76
sante-suivi,Medisafe,health connect,8,82,250,159,0.83
sante-suivi,Medisafe,chi guarda il mio profilo,8,97,247,76,0.96
sante-suivi,Medisafe,clean water,8,26,249,195,0.80
sante-suivi,Medisafe,daily reminder,7,74,250,87,0.81
sante-suivi,Medisafe,time tracker,7,93,250,179,0.71
sante-suivi,Medisafe,migraine buddy,7,91,249,39,0.97
sante-suivi,Medisafe,drink water reminder n tracker,7,47,247,121,0.76
sante-suivi,Medisafe,medela,7,32,215,39,0.97
sante-suivi,Medisafe,promemoria,7,55,249,113,0.77
sante-suivi,Medisafe,blutdruckdaten,7,53,249,57,0.89
sante-suivi,Medisafe,pillen erinnerung,7,75,243,29,1.04
sante-suivi,Medisafe,my invisalign,7,91,244,56,0.89
sante-suivi,Medisafe,mytherapy,7,98,250,2,3.21
sante-suivi,Medisafe,chronic illness tracker,7,75,250,57,0.89
sante-suivi,Medisafe,medibank pet insurance,7,19,200,61,0.88
sante-suivi,Medisafe,의학,7,100,250,157,0.73
sante-suivi,Medisafe,injection tracker,7,92,249,59,0.88
sante-suivi,Medisafe,free peptide tracker,7,46,245,116,0.77
sante-suivi,Medisafe,remind app,6,56,250,142,0.64
sante-suivi,Medisafe,reminder app,6,32,249,126,0.65
sante-suivi,Medisafe,webmd,6,58,249,51,0.78
sante-suivi,Medisafe,minder,6,72,247,163,0.62
sante-suivi,Medisafe,time until,6,76,248,182,0.61
sante-suivi,Medisafe,hid,6,87,250,60,0.75
sante-suivi,Medisafe,log book,6,62,249,197,0.60
sante-suivi,Medisafe,refill,6,,250,66,0.74
sante-suivi,Medisafe,pastillas,6,65,249,2,2.75
sante-suivi,Medisafe,zones,6,87,249,185,0.61
sante-suivi,Medisafe,pill tracker,6,84,245,3,2.09
sante-suivi,Medisafe,micromedex,6,24,248,9,1.27
sante-suivi,Medisafe,care planner,6,74,236,107,0.67
sante-suivi,Medisafe,health anxiety,6,89,250,188,0.61
sante-suivi,Medisafe,free blood pressure app,6,76,247,168,0.62
sante-suivi,Medisafe,waterllama,6,89,249,135,0.64
sante-suivi,Medisafe,immunization record,6,51,248,94,0.69
sante-suivi,Medisafe,pmdd tracker,6,76,250,84,0.70
sante-suivi,Medisafe,ozempic,6,85,244,123,0.65
sante-suivi,Medisafe,mounjaro tracker,6,74,248,74,0.72
sante-suivi,Medisafe,family healthcare,5,55,249,92,0.58
sante-suivi,Medisafe,health marketplace,5,70,246,158,0.52
sante-suivi,Medisafe,medical care,5,76,249,131,0.54
sante-suivi,Medisafe,medical insurance,5,57,250,132,0.54
sante-suivi,Medisafe,app tracking,5,94,248,181,0.51
sante-suivi,Medisafe,app tracker,5,95,246,158,0.52
sante-suivi,Medisafe,evidence,5,100,250,36,0.70
sante-suivi,Medisafe,reminder with voice reminders,5,46,249,145,0.53
sante-suivi,Medisafe,medly,5,70,243,126,0.54
sante-suivi,Medisafe,family tracker,5,100,249,177,0.51
sante-suivi,Medisafe,sleep watch app,5,65,244,101,0.56
sante-suivi,Medisafe,sleep score app,5,66,247,191,0.50
sante-suivi,Medisafe,lg screen share,5,73,241,163,0.52
sante-suivi,Medisafe,flok,5,80,249,46,0.67
sante-suivi,Medisafe,medical,5,98,250,10,1.02
sante-suivi,Medisafe,birth control,5,89,249,101,0.56
sante-suivi,Medisafe,reminder apps free,5,75,249,74,0.60
sante-suivi,Medisafe,multiple sclerosis,5,60,247,142,0.53
sante-suivi,Medisafe,reminder apps,5,75,250,115,0.55
sante-suivi,Medisafe,to do reminder,5,84,249,152,0.52
sante-suivi,Medisafe,drink tracker,5,88,249,142,0.53
sante-suivi,Medisafe,health data,5,84,250,189,0.50
sante-suivi,Medisafe,vitals monitor,5,82,249,89,0.58
sante-suivi,Medisafe,unum,5,81,249,76,0.60
sante-suivi,Medisafe,health journal,5,82,250,96,0.57
sante-suivi,Medisafe,water reminder,5,56,246,156,0.52
sante-suivi,Medisafe,medicine reminder,5,88,244,3,1.74
sante-suivi,Medisafe,tracking people,5,97,249,169,0.51
sante-suivi,Medisafe,health diary,5,77,250,83,0.59
sante-suivi,Medisafe,time log,5,91,250,198,0.50
sante-suivi,Medisafe,medication tracker,5,91,246,2,2.29
sante-suivi,Medisafe,track app,5,100,246,225,0.49
sante-suivi,Medisafe,catch santa,5,25,247,188,0.50
sante-suivi,Medisafe,trackers,5,94,247,171,0.51
sante-suivi,Medisafe,alcodroid,5,71,248,36,0.70
sante-suivi,Medisafe,drinks tracker,5,57,247,148,0.53
sante-suivi,Medisafe,water tracker daily,5,45,248,161,0.52
sante-suivi,Medisafe,how to sleep,5,57,241,148,0.53
sante-suivi,Medisafe,remind school,5,95,250,107,0.56
sante-suivi,Medisafe,medic,5,77,247,23,0.79
sante-suivi,Medisafe,remind desktop,5,59,247,78,0.59
sante-suivi,Medisafe,tablet app,5,81,206,170,0.51
sante-suivi,Medisafe,therapy free,5,53,250,194,0.50
sante-suivi,Medisafe,schedule tweets,5,87,247,141,0.53
sante-suivi,Medisafe,rappels,5,53,249,117,0.55
sante-suivi,Medisafe,re minder,5,70,250,34,0.71
sante-suivi,Medisafe,alarm reminder,5,91,250,136,0.53
sante-suivi,Medisafe,hourly reminder,5,70,249,126,0.54
sante-suivi,Medisafe,usage tracking,5,76,250,134,0.54
sante-suivi,Medisafe,simple health,5,89,249,138,0.53
sante-suivi,Medisafe,bipolar,5,76,245,128,0.54
sante-suivi,Medisafe,health care,5,81,250,180,0.51
sante-suivi,Medisafe,recordatorio,5,59,250,48,0.66
sante-suivi,Medisafe,yapp,5,89,249,27,0.76
sante-suivi,Medisafe,track books,5,80,249,175,0.51
sante-suivi,Medisafe,de trace,5,70,245,55,0.64
sante-suivi,Medisafe,sucre,5,84,250,121,0.55
sante-suivi,Medisafe,free water reminder,5,,250,147,0.53
sante-suivi,Medisafe,medication,5,100,250,6,1.24
sante-suivi,Medisafe,medisafe,5,98,249,1,5.00
sante-suivi,Medisafe,blood test,5,76,243,187,0.51
sante-suivi,Medisafe,weight reminders,5,70,250,92,0.58
sante-suivi,Medisafe,weight tracker health,5,84,250,173,0.51
sante-suivi,Medisafe,medical id,5,73,248,18,0.84
sante-suivi,Medisafe,nef,5,98,239,100,0.57
sante-suivi,Medisafe,pharmacist,5,62,247,123,0.54
sante-suivi,Medisafe,lost follower,5,48,250,188,0.50
sante-suivi,Medisafe,remind me app,5,50,250,120,0.55
sante-suivi,Medisafe,period tracker period calendar,5,63,248,132,0.54
sante-suivi,Medisafe,depression tracker,5,80,249,157,0.52
sante-suivi,Medisafe,rem cycle,5,59,239,206,0.50
sante-suivi,Medisafe,sleep fast,5,74,248,209,0.50
sante-suivi,Medisafe,medical tracker,5,70,249,3,1.74
sante-suivi,Medisafe,daily reminder app,5,63,250,68,0.61
sante-suivi,Medisafe,daily water tracker reminder,5,45,247,135,0.54
sante-suivi,Medisafe,emergency medicine,5,93,249,44,0.67
sante-suivi,Medisafe,sharing calendar,5,83,250,227,0.49
sante-suivi,Medisafe,health tracker app,5,86,250,93,0.57
sante-suivi,Medisafe,diabetes apps,5,80,248,150,0.52
sante-suivi,Medisafe,medication app,5,86,250,1,5.00
sante-suivi,Medisafe,dossier,5,96,245,53,0.64
sante-suivi,Medisafe,drugs,5,64,247,121,0.55
sante-suivi,Medisafe,pillen,5,60,213,26,0.76
sante-suivi,Medisafe,logbook app,5,44,244,160,0.52
sante-suivi,Medisafe,adhd medication,5,60,249,53,0.64
sante-suivi,Medisafe,remind me to drink water,5,50,249,132,0.54
sante-suivi,Medisafe,keep me out,5,36,226,170,0.51
sante-suivi,Medisafe,my water reminder,5,35,236,75,0.60
sante-suivi,Medisafe,sync contacts,5,49,247,143,0.53
sante-suivi,Medisafe,medical records,5,93,250,106,0.56
sante-suivi,Medisafe,sms to pdf,5,17,221,155,0.52
sante-suivi,Medisafe,трекер,5,78,250,106,0.56
sante-suivi,Medisafe,депрессия,5,53,248,198,0.50
sante-suivi,Medisafe,medication list,5,59,248,6,1.24
sante-suivi,Medisafe,medication log,5,68,248,1,5.00
sante-suivi,Medisafe,learn seo,5,96,250,115,0.55
sante-suivi,Medisafe,vitamin tracker,5,63,246,93,0.57
sante-suivi,Medisafe,vitamin reminder,5,78,243,2,2.29
sante-suivi,Medisafe,meeting reminder,5,71,250,119,0.55
sante-suivi,Medisafe,irritable bowel syndrome,5,55,247,117,0.55
sante-suivi,Medisafe,drug index,5,66,225,59,0.63
sante-suivi,Medisafe,expiry date tracker,5,55,250,140,0.53
sante-suivi,Medisafe,teladoc,5,61,249,55,0.64
sante-suivi,Medisafe,monitoring app,5,100,246,225,0.49
sante-suivi,Medisafe,appointment reminder,5,75,246,120,0.55
sante-suivi,Medisafe,notification widget,5,95,250,189,0.50
sante-suivi,Medisafe,medici,5,65,229,30,0.74
sante-suivi,Medisafe,voice reminder,5,53,229,124,0.54
sante-suivi,Medisafe,medical calculator,5,71,249,24,0.78
sante-suivi,Medisafe,medication timer,5,44,248,2,2.29
sante-suivi,Medisafe,aktuell,5,91,231,118,0.55
sante-suivi,Medisafe,pill reminder app,5,86,246,3,1.74
sante-suivi,Medisafe,charge alarm,5,67,249,178,0.51
sante-suivi,Medisafe,i-med,5,55,249,48,0.66
sante-suivi,Medisafe,patient results,5,80,249,184,0.51
sante-suivi,Medisafe,patient report,5,45,247,208,0.50
sante-suivi,Medisafe,medical alert,5,77,249,3,1.74
sante-suivi,Medisafe,medication journal,5,58,243,2,2.29
sante-suivi,Medisafe,track santa,5,35,249,132,0.54
sante-suivi,Medisafe,eat reminder,5,,250,127,0.54
sante-suivi,Medisafe,medicine scanner app,5,74,249,36,0.70
sante-suivi,Medisafe,resultados,5,69,246,203,0.50
sante-suivi,Medisafe,pharmaceutical,5,52,248,124,0.54
sante-suivi,Medisafe,Family support,5,64,248,197,0.50
sante-suivi,Medisafe,pain tracker,5,63,247,83,0.59
sante-suivi,Medisafe,health and safety,5,78,250,150,0.52
sante-suivi,Medisafe,diabetes tracker,5,94,243,143,0.53
sante-suivi,Medisafe,blood sugar tracking,5,87,248,148,0.53
sante-suivi,Medisafe,blood glucose tracker,5,94,250,150,0.52
sante-suivi,Medisafe,blood sugar app,5,87,248,175,0.51
sante-suivi,Medisafe,glucose buddy,5,84,247,129,0.54
sante-suivi,Medisafe,diabetes log book,5,68,224,128,0.54
sante-suivi,Medisafe,freestyle librelink de,5,86,237,131,0.54
sante-suivi,Medisafe,sugar test app,5,94,250,161,0.52
sante-suivi,Medisafe,up to date medical app,5,70,248,10,1.02
sante-suivi,Medisafe,glucose tracker,5,87,247,145,0.53
sante-suivi,Medisafe,expiration reminder,5,59,249,122,0.55
sante-suivi,Medisafe,patientenakte,5,74,249,18,0.84
sante-suivi,Medisafe,expiry date reminder,5,,249,130,0.54
sante-suivi,Medisafe,medicine tracker,5,91,248,2,2.29
sante-suivi,Medisafe,reminder pill,5,74,239,2,2.29
sante-suivi,Medisafe,ricette,5,95,250,232,0.49
sante-suivi,Medisafe,ibd,5,86,243,55,0.64
sante-suivi,Medisafe,vitamin d,5,73,249,122,0.55
sante-suivi,Medisafe,buddy app,5,46,246,203,0.50
sante-suivi,Medisafe,traitement,5,79,248,109,0.56
sante-suivi,Medisafe,salva,5,96,244,241,0.48
sante-suivi,Medisafe,fibromyalgia,5,89,248,90,0.58
sante-suivi,Medisafe,daily health,5,61,245,115,0.55
sante-suivi,Medisafe,medicine games,5,89,250,152,0.52
sante-suivi,Medisafe,planificación familiar,5,66,249,212,0.49
sante-suivi,Medisafe,baby medicine tracker,5,58,248,3,1.74
sante-suivi,Medisafe,pilule rappel,5,70,228,6,1.24
sante-suivi,Medisafe,medtronic diabete,5,75,235,79,0.59
sante-suivi,Medisafe,dottore,5,62,249,92,0.58
sante-suivi,Medisafe,daily dose,5,86,243,12,0.96
sante-suivi,Medisafe,account management,5,12,249,207,0.50
sante-suivi,Medisafe,pubmed,5,76,247,60,0.63
sante-suivi,Medisafe,theater tracker,5,72,250,8,1.10
sante-suivi,Medisafe,med reminder,5,66,239,1,5.00
sante-suivi,Medisafe,digital wellbeing app,5,48,250,85,0.58
sante-suivi,Medisafe,pill alarm,5,70,244,3,1.74
sante-suivi,Medisafe,nursing tracker,5,75,248,119,0.55
sante-suivi,Medisafe,提醒,5,45,248,125,0.54
sante-suivi,Medisafe,expiry reminder,5,,248,124,0.54
sante-suivi,Medisafe,5 year plan,5,61,248,247,0.48
sante-suivi,Medisafe,medical reference,5,94,250,179,0.51
sante-suivi,Medisafe,my medical records,5,73,248,90,0.58
sante-suivi,Medisafe,safe track,5,59,247,104,0.56
sante-suivi,Medisafe,prescription list,5,,249,6,1.24
sante-suivi,Medisafe,diabet,5,77,246,116,0.55
sante-suivi,Medisafe,health alert,5,70,249,85,0.58
sante-suivi,Medisafe,drug dose calculator,5,,249,110,0.56
sante-suivi,Medisafe,medic alert,5,64,244,4,1.49
sante-suivi,Medisafe,promemoria pillole,5,93,248,2,2.29
sante-suivi,Medisafe,medical test,5,74,246,145,0.53
sante-suivi,Medisafe,trova la mia medicina,5,33,246,52,0.65
sante-suivi,Medisafe,medical emergency,5,85,249,25,0.77
sante-suivi,Medisafe,stay free,5,76,225,90,0.58
sante-suivi,Medisafe,pill finder,5,56,248,32,0.73
sante-suivi,Medisafe,medical notes,5,74,250,75,0.60
sante-suivi,Medisafe,interaction medicamenteuse,5,80,250,7,1.16
sante-suivi,Medisafe,pill reminder alarm,5,73,247,5,1.34
sante-suivi,Medisafe,pill reminder medication alarm,5,58,242,1,5.00
sante-suivi,Medisafe,pill timer,5,60,242,3,1.74
sante-suivi,Medisafe,love alarm 2.0,5,98,250,116,0.55
sante-suivi,Medisafe,pain relief,5,72,248,121,0.55
sante-suivi,Medisafe,nurse calendar,5,33,247,136,0.53
sante-suivi,Medisafe,drug dictionary,5,62,250,85,0.58
sante-suivi,Medisafe,chronic pain tracker,5,80,249,85,0.58
sante-suivi,Medisafe,drug guide,5,82,248,127,0.54
sante-suivi,Medisafe,personal health record,5,78,250,54,0.64
sante-suivi,Medisafe,vitamins and minerals tracker,5,,240,70,0.61
sante-suivi,Medisafe,medikamente,5,75,249,1,5.00
sante-suivi,Medisafe,baby doctor,5,32,214,189,0.50
sante-suivi,Medisafe,drug interaction checker,5,52,250,15,0.89
sante-suivi,Medisafe,лечить,5,52,242,108,0.56
sante-suivi,Medisafe,tweet health,5,43,248,145,0.53
sante-suivi,Medisafe,desengancharse del azúcar,5,70,250,124,0.54
sante-suivi,Medisafe,nivel azucar,5,77,248,167,0.52
sante-suivi,Medisafe,diario diabetes,5,80,246,120,0.55
sante-suivi,Medisafe,meditronic,5,20,231,29,0.74
sante-suivi,Medisafe,glucose blutzucker tagebuch,5,79,245,131,0.54
sante-suivi,Medisafe,diabetes erinnerung,5,93,250,51,0.65
sante-suivi,Medisafe,abott libre view,5,69,236,67,0.61
sante-suivi,Medisafe,libre freest,5,78,244,196,0.50
sante-suivi,Medisafe,medtronic mobile reference,5,20,212,23,0.79
sante-suivi,Medisafe,glicemia compagno pro,5,80,249,159,0.52
sante-suivi,Medisafe,glicemia compagno,5,89,249,180,0.51
sante-suivi,Medisafe,diabetes connect,5,77,236,133,0.54
sante-suivi,Medisafe,apple watch alarm,5,65,246,197,0.50
sante-suivi,Medisafe,mehrere alarmen,5,85,250,145,0.53
sante-suivi,Medisafe,pills,5,70,240,3,1.74
sante-suivi,Medisafe,prescription,5,70,248,118,0.55
sante-suivi,Medisafe,voting app,5,45,241,150,0.52
sante-suivi,Medisafe,glucose companion,5,83,247,72,0.60
sante-suivi,Medisafe,schedule tracker,5,78,250,130,0.54
sante-suivi,Medisafe,water minder,5,45,249,119,0.55
sante-suivi,Medisafe,daily water tracker,5,75,250,127,0.54
sante-suivi,Medisafe,效果,5,93,245,198,0.50
sante-suivi,Medisafe,birth control tracker,5,91,250,192,0.50
sante-suivi,Medisafe,для публикация,5,97,248,87,0.58
sante-suivi,Medisafe,visits,5,52,237,167,0.52
sante-suivi,Medisafe,track visits,5,100,250,111,0.55
sante-suivi,Medisafe,track drinking,5,81,249,104,0.56
sante-suivi,Medisafe,pill reminder all in one,5,82,247,3,1.74
sante-suivi,Medisafe,medicine schedule,5,77,250,2,2.29
sante-suivi,Medisafe,pill reminder a meds tracker,5,80,245,2,2.29
sante-suivi,Medisafe,rettungsdienst medikamente,5,33,249,4,1.49
sante-suivi,Medisafe,medikament,5,93,250,1,5.00
sante-suivi,Medisafe,arznei,5,35,221,54,0.64
sante-suivi,Medisafe,medikamenten,5,88,248,1,5.00
sante-suivi,Medisafe,insulin reminder,5,60,248,6,1.24
sante-suivi,Medisafe,life in weeks,5,97,250,139,0.53
sante-suivi,Medisafe,напоминание пить воду,5,70,250,127,0.54
sante-suivi,Medisafe,dynamed plus,5,24,226,11,0.98
sante-suivi,Medisafe,daily water reminder,5,44,246,148,0.53
sante-suivi,Medisafe,krebs,5,93,249,42,0.68
sante-suivi,Medisafe,reminder notifications,5,76,250,38,0.70
sante-suivi,Medisafe,water tracking app,5,51,249,116,0.55
sante-suivi,Medisafe,cancer apps,5,13,249,153,0.52
sante-suivi,Medisafe,individual health record,5,89,250,85,0.58
sante-suivi,Medisafe,personally controlled electronic health record,5,87,248,240,0.48
sante-suivi,Medisafe,track my medical records app,5,87,250,83,0.59
sante-suivi,Medisafe,personal healthcare record,5,53,250,91,0.58
sante-suivi,Medisafe,digital medical records,5,89,250,117,0.55
sante-suivi,Medisafe,electronic medical records,5,71,250,129,0.54
sante-suivi,Medisafe,medical history app,5,85,250,105,0.56
sante-suivi,Medisafe,wellbeing tracker,5,58,250,137,0.53
sante-suivi,Medisafe,personal medical records,5,86,249,32,0.73
sante-suivi,Medisafe,digital health record,5,91,250,103,0.56
sante-suivi,Medisafe,free wellbeing apps,5,75,243,198,0.50
sante-suivi,Medisafe,health wellness journal,5,70,250,233,0.49
sante-suivi,Medisafe,medication diary app,5,58,250,2,2.29
sante-suivi,Medisafe,medication diary,5,80,250,2,2.29
sante-suivi,Medisafe,cancer app,5,57,248,160,0.52
sante-suivi,Medisafe,cancer info,5,45,247,135,0.54
sante-suivi,Medisafe,cancer symptoms,5,72,247,89,0.58
sante-suivi,Medisafe,blood cancer,5,59,249,92,0.58
sante-suivi,Medisafe,leukemia,5,36,229,142,0.53
sante-suivi,Medisafe,prescription reminder,5,81,242,3,1.74
sante-suivi,Medisafe,health records,5,82,249,136,0.53
sante-suivi,Medisafe,medical record,5,94,250,39,0.69
sante-suivi,Medisafe,herbivore,5,,250,20,0.82
sante-suivi,Medisafe,doctor appointment reminder,5,,247,19,0.83
sante-suivi,Medisafe,pill identifier free app with picture,5,48,250,59,0.63
sante-suivi,Medisafe,vaccine tracker,5,53,247,114,0.55
sante-suivi,Medisafe,diseases,5,27,234,91,0.58
sante-suivi,Medisafe,maintenance reminder,5,29,248,140,0.53
sante-suivi,Medisafe,medikal,5,55,250,136,0.53
sante-suivi,Medisafe,release stress,5,84,250,209,0.50
sante-suivi,Medisafe,pill scanner,5,57,243,40,0.69
sante-suivi,Medisafe,medikamentenplan,5,82,248,7,1.16
sante-suivi,Medisafe,email backup,5,96,250,159,0.52
sante-suivi,Medisafe,liverpool match,5,60,249,120,0.55
sante-suivi,Medisafe,medicine scanner,5,70,249,30,0.74
sante-suivi,Medisafe,medical knowledge,5,60,250,136,0.53
sante-suivi,Medisafe,ovulation predictor,5,72,245,125,0.54
sante-suivi,Medisafe,diary card,5,77,244,177,0.51
sante-suivi,Medisafe,track your sleep,5,90,243,191,0.50
sante-suivi,Medisafe,free diabetes app,5,73,247,140,0.53
sante-suivi,Medisafe,prescription reader app,5,57,249,118,0.55
sante-suivi,Medisafe,doctor visit,5,91,247,139,0.53
sante-suivi,Medisafe,kids health,5,68,249,178,0.51
sante-suivi,Medisafe,depression support,5,49,250,164,0.52
sante-suivi,Medisafe,anne,5,57,237,114,0.55
sante-suivi,Medisafe,schedule reminder,5,18,244,171,0.51
sante-suivi,Medisafe,sickness,5,76,249,64,0.62
sante-suivi,Medisafe,weight watch,5,80,250,122,0.55
sante-suivi,Medisafe,prescription tracker,5,54,245,6,1.24
sante-suivi,Medisafe,ayushman bharat,5,74,250,91,0.58
sante-suivi,Medisafe,control azucar,5,86,249,137,0.53
sante-suivi,Medisafe,mobile alert,5,78,250,214,0.49
sante-suivi,Medisafe,monthly reminder,5,61,239,116,0.55
sante-suivi,Medisafe,tabletten erinnerung,5,86,247,4,1.49
sante-suivi,Medisafe,medikamenten manager,5,68,248,3,1.74
sante-suivi,Medisafe,make up tracker,5,70,250,184,0.51
sante-suivi,Medisafe,work reminder,5,76,250,162,0.52
sante-suivi,Medisafe,heart watch app,5,72,246,93,0.57
sante-suivi,Medisafe,drug dose,5,19,250,18,0.84
sante-suivi,Medisafe,pdf read aloud,5,89,250,209,0.50
sante-suivi,Medisafe,alarm reminders,5,91,250,27,0.76
sante-suivi,Medisafe,cycle tracker apple watch,5,74,245,178,0.51
sante-suivi,Medisafe,sleep for apple watch,5,86,250,187,0.51
sante-suivi,Medisafe,control glucosa,5,81,249,129,0.54
sante-suivi,Medisafe,home pharmacy,5,,249,142,0.53
sante-suivi,Medisafe,move reminder,5,15,247,60,0.63
sante-suivi,Medisafe,数取器,5,46,242,178,0.51
sante-suivi,Medisafe,medication reminder app,5,51,238,2,2.29
sante-suivi,Medisafe,vaccination reminder,5,53,250,20,0.82
sante-suivi,Medisafe,iphone reminders,5,61,249,124,0.54
sante-suivi,Medisafe,app dope,5,33,244,175,0.51
sante-suivi,Medisafe,médicaments,5,94,250,1,5.00
sante-suivi,Medisafe,meds,5,73,245,2,2.29
sante-suivi,Medisafe,tablet reminder alarm,5,87,249,4,1.49
sante-suivi,Medisafe,pr tracker,5,79,248,118,0.55
sante-suivi,Medisafe,reminder timer,5,70,250,138,0.53
sante-suivi,Medisafe,repeat reminder,5,75,238,80,0.59
sante-suivi,Medisafe,health check,5,86,250,182,0.51
sante-suivi,Medisafe,rx reminder,5,83,245,2,2.29
sante-suivi,Medisafe,notification reminder app,5,78,250,57,0.63
sante-suivi,Medisafe,recovery tracker,5,55,249,130,0.54
sante-suivi,Medisafe,family practice,5,65,250,176,0.51
sante-suivi,Medisafe,med tracker,5,81,243,1,5.00
sante-suivi,Medisafe,set reminders,5,65,249,139,0.53
sante-suivi,Medisafe,dog monitoring,5,47,248,157,0.52
sante-suivi,Medisafe,pet health tracker,5,93,247,180,0.51
sante-suivi,Medisafe,four pillars,5,68,249,75,0.60
sante-suivi,Medisafe,dog medicine,5,82,249,84,0.59
sante-suivi,Medisafe,bipolar disorder,5,84,250,116,0.55
sante-suivi,Medisafe,no sugar tracker,5,66,249,133,0.54
sante-suivi,Medisafe,virtual doctor,5,89,250,147,0.53
sante-suivi,Medisafe,physician,5,72,250,95,0.57
sante-suivi,Medisafe,pediatric,5,86,250,123,0.54
sante-suivi,Medisafe,primary care doctor,5,79,249,128,0.54
sante-suivi,Medisafe,dose,5,70,249,81,0.59
sante-suivi,Medisafe,medien,5,58,248,62,0.62
sante-suivi,Medisafe,on demand doctor,5,72,249,143,0.53
sante-suivi,Medisafe,video hospital,5,76,247,210,0.50
sante-suivi,Medisafe,virtual appointment,5,64,242,142,0.53
sante-suivi,Medisafe,track my health,5,72,248,157,0.52
sante-suivi,Medisafe,doxy,5,93,246,36,0.70
sante-suivi,Medisafe,pharmacy dictionary amharic,5,47,250,79,0.59
sante-suivi,Medisafe,people reminder,5,47,249,114,0.55
sante-suivi,Medisafe,contact reminder,5,50,247,124,0.54
sante-suivi,Medisafe,friend reminder,5,57,249,93,0.57
sante-suivi,Medisafe,person reminder,5,54,250,85,0.58
sante-suivi,Medisafe,social contact reminder,5,13,248,192,0.50
sante-suivi,Medisafe,colleague reminder,5,53,248,169,0.51
sante-suivi,Medisafe,erinnerung sich zu melden,5,68,250,78,0.59
sante-suivi,Medisafe,einkaufsliste mehrere personen,5,75,249,74,0.60
sante-suivi,Medisafe,frage,5,89,236,143,0.53
sante-suivi,Medisafe,track your,5,88,248,184,0.51
sante-suivi,Medisafe,log book checker,5,52,249,131,0.54
sante-suivi,Medisafe,social health,5,52,248,186,0.51
sante-suivi,Medisafe,påminnelse,5,72,250,12,0.96
sante-suivi,Medisafe,app figures 13,5,94,245,151,0.52
sante-suivi,Medisafe,contacts tracker,5,47,237,176,0.51
sante-suivi,Medisafe,schedule with family,5,65,247,204,0.50
sante-suivi,Medisafe,schedule with,5,93,247,154,0.52
sante-suivi,Medisafe,lapplication,5,89,199,178,0.51
sante-suivi,Medisafe,farkındalık,5,70,249,37,0.70
sante-suivi,Medisafe,obstetrics tracker,5,70,248,64,0.62
sante-suivi,Medisafe,obstetric tracker,5,70,250,27,0.76
sante-suivi,Medisafe,標準,5,88,237,168,0.51
sante-suivi,Medisafe,hatırlatıcı,5,15,248,27,0.76
sante-suivi,Medisafe,minimalist keeper,5,75,248,213,0.49
sante-suivi,Medisafe,когда,5,93,247,234,0.49
sante-suivi,Medisafe,med school,5,77,250,118,0.55
sante-suivi,Medisafe,rappelez-vous,5,36,250,106,0.56
sante-suivi,Medisafe,être,5,97,217,187,0.51
sante-suivi,Medisafe,güvenli,5,92,249,228,0.49
sante-suivi,Medisafe,medication alarm,5,66,240,2,2.29
sante-suivi,Medisafe,medicine alarm,5,75,246,3,1.74
sante-suivi,Medisafe,remind drink,5,74,274,220,0.49
sante-suivi,Medisafe,bien-être,5,70,249,205,0.50
sante-suivi,Medisafe,noubliez,5,82,247,148,0.53
sante-suivi,Medisafe,custom reminders,5,73,249,108,0.56
sante-suivi,Medisafe,fahrenheit + celsius,5,35,240,229,0.49
sante-suivi,Medisafe,stay healthy,5,56,249,191,0.50
sante-suivi,Medisafe,timer und tracker,5,53,250,161,0.52
sante-suivi,Medisafe,оставаться здоровым,5,75,250,50,0.65
sante-suivi,Medisafe,watch sleep,5,71,248,197,0.50
sante-suivi,Medisafe,track anxiety,5,28,250,113,0.55
sante-suivi,Medisafe,addiction treatment,5,84,249,90,0.58
sante-suivi,Medisafe,добавить,5,81,235,107,0.56
sante-suivi,Medisafe,progresos,5,31,240,240,0.48
sante-suivi,Medisafe,medication schedule,5,69,244,1,5.00
sante-suivi,Medisafe,track twitter likes,5,95,250,146,0.53
sante-suivi,Medisafe,cold tracker,5,70,249,177,0.51
sante-suivi,Medisafe,drug reminder,5,80,245,3,1.74
sante-suivi,Medisafe,ilaç hatırlatıcı,5,82,248,3,1.74
sante-suivi,Medisafe,facebook profile tracker,5,98,250,102,0.56
sante-suivi,Medisafe,who interacts,5,97,250,108,0.56
sante-suivi,Medisafe,su hatırlatıcı,5,70,249,67,0.61
sante-suivi,Medisafe,terapi,5,20,247,148,0.53
sante-suivi,Medisafe,Medizin Erinnerung,5,76,247,3,1.74
sante-suivi,Medisafe,pillen wecker medikament,5,74,245,4,1.49
sante-suivi,Medisafe,напоминание о лекарствах,5,81,246,2,2.29
sante-suivi,Medisafe,medicine log,5,86,250,1,5.00
sante-suivi,Medisafe,pill reminder and med tracker,5,83,247,2,2.29
sante-suivi,Medisafe,pill reminder tracker alarm,5,78,246,1,5.00
sante-suivi,Medisafe,meds tracker,5,79,244,3,1.74
sante-suivi,Medisafe,medicin time,5,86,250,1,5.00
sante-suivi,Medisafe,tablets app reminder alarm,5,93,250,2,2.29
sante-suivi,Medisafe,medi pill reminder,5,77,245,1,5.00
sante-suivi,Medisafe,tablet reminer,5,80,244,2,2.29
sante-suivi,Medisafe,alarm for meds,5,68,245,2,2.29
sante-suivi,Medisafe,tablet checker,5,64,250,27,0.76
sante-suivi,Medisafe,meds reminder,5,81,240,3,1.74
sante-suivi,Medisafe,drug tracker,5,93,250,1,5.00
sante-suivi,Medisafe,tablet reminded,5,77,244,2,2.29
sante-suivi,Medisafe,track meds,5,79,246,1,5.00
sante-suivi,Medisafe,rappel de ka pilule,5,45,247,15,0.89
sante-suivi,Medisafe,pill organizer,5,76,242,3,1.74
sante-suivi,Medisafe,med remjnder,5,74,239,1,5.00
sante-suivi,Medisafe,meds reminder tracker,5,78,245,1,5.00
sante-suivi,Medisafe,medacation alarm,5,80,245,2,2.29
sante-suivi,Medisafe,pill manager,5,54,239,1,5.00
sante-suivi,Medisafe,medicaton alarm,5,83,247,3,1.74
sante-suivi,Medisafe,pill reminder uk,5,77,244,2,2.29
sante-suivi,Medisafe,medical reminder,5,81,243,2,2.29
sante-suivi,Medisafe,medecine reminder,5,75,244,1,5.00
sante-suivi,Medisafe,medecince reminder,5,80,249,1,5.00
sante-suivi,Medisafe,meds alert,5,71,247,1,5.00
sante-suivi,Medisafe,pille erinnerung,5,75,242,5,1.34
sante-suivi,Medisafe,erinnerungen an med,5,67,201,2,2.29
sante-suivi,Medisafe,reminder pillen,5,30,241,60,0.63
sante-suivi,Medisafe,pille remind,5,77,244,39,0.69
sante-suivi,Medisafe,erinnerung medikamente,5,82,248,3,1.74
sante-suivi,Medisafe,apps pastillas recordatorio,5,70,250,2,2.29
sante-suivi,Medisafe,recordar medicamentos,5,85,250,2,2.29
sante-suivi,Medisafe,recordatorio pildora,5,78,244,2,2.29
sante-suivi,Medisafe,pills track,5,78,246,2,2.29
sante-suivi,Medisafe,medicamentos recordatorio,5,77,245,2,2.29
sante-suivi,Medisafe,recordarorio pastillas,5,79,250,2,2.29
sante-suivi,Medisafe,pills reminder,5,74,239,2,2.29
sante-suivi,Medisafe,pill reminder alert medica,5,75,241,1,5.00
sante-suivi,Medisafe,horario pastillas,5,83,249,2,2.29
sante-suivi,Medisafe,tomar medicamentos,5,86,250,2,2.29
sante-suivi,Medisafe,reminder medication,5,77,242,2,2.29
sante-suivi,Medisafe,site monitoring,5,98,250,81,0.59
sante-suivi,Medisafe,ilaç hatırlatıcısı,5,70,250,2,2.29
sante-suivi,Medisafe,hap hatırlatıcı,5,70,250,24,0.78
sante-suivi,Medisafe,alla hjärtans dag,5,70,250,115,0.55
sante-suivi,Medisafe,принимать таблеткт,5,86,248,2,2.29
sante-suivi,Medisafe,трекер витаминов watch,5,35,248,196,0.50
sante-suivi,Medisafe,напоминание пить табоетки,5,36,248,71,0.61
sante-suivi,Medisafe,график таблеток,5,44,247,6,1.24
sante-suivi,Medisafe,график приема лекарств напоминания,5,53,249,4,1.49
sante-suivi,Medisafe,расеисание приема лекарств,5,73,236,1,5.00
sante-suivi,Medisafe,напоминание о лекарствах watch,5,83,248,1,5.00
sante-suivi,Medisafe,выпить таблетку,5,80,247,4,1.49
sante-suivi,Medisafe,2 пиллюли,5,74,249,79,0.59
sante-suivi,Medisafe,выпить таблетк,5,54,246,4,1.49
sante-suivi,Medisafe,2 пилюли напоминания,5,49,250,1,5.00
sante-suivi,Medisafe,напоминарие пить лекарство,5,53,249,9,1.06
sante-suivi,Medisafe,выпить таблетка,5,81,248,10,1.02
sante-suivi,Medisafe,пить витамамины напоминания,5,36,246,15,0.89
sante-suivi,Medisafe,напоминание выпить лекарство,5,83,239,2,2.29
sante-suivi,Medisafe,напоминания пить лекарства,5,71,232,2,2.29
sante-suivi,Medisafe,напоминание пить лекарства,5,79,247,2,2.29
sante-suivi,Medisafe,напоминания пить лекарство,5,86,249,2,2.29
sante-suivi,Medisafe,напоминания выпить таблетку,5,80,246,1,5.00
sante-suivi,Medisafe,напоминание выпить таблетки,5,70,250,2,2.29
sante-suivi,Medisafe,напоминание пить витамины,5,70,250,3,1.74
sante-suivi,Medisafe,easy pill reminder,5,78,246,1,5.00
sante-suivi,Medisafe,prise de pillule,5,81,247,38,0.70
sante-suivi,Medisafe,rapelle pilule,5,34,247,47,0.66
sante-suivi,Medisafe,rapel medicament,5,86,250,7,1.16
sante-suivi,Medisafe,alarm pills,5,65,243,2,2.29
sante-suivi,Medisafe,rappel medicamments,5,83,249,1,5.00
sante-suivi,Medisafe,rappel de médicament,5,92,250,2,2.29
sante-suivi,Medisafe,rapels de medicamens,5,70,250,4,1.49
sante-suivi,Medisafe,med ication reminder,5,75,242,1,5.00
sante-suivi,Medisafe,application rapel pilule,5,83,248,22,0.80
sante-suivi,Medisafe,alerte pillule,5,80,247,28,0.75
sante-suivi,Medisafe,price reminder,5,78,249,116,0.55
sante-suivi,Medisafe,book tracking,5,68,250,174,0.51
sante-suivi,Medisafe,pillbox,5,88,243,39,0.69
sante-suivi,Medisafe,drug abuse,5,91,249,108,0.56
sante-suivi,Medisafe,careclinic,5,74,250,52,0.65
sante-suivi,Medisafe,pill log,5,,245,3,1.74
sante-suivi,Medisafe,kids medication,5,79,249,2,2.29
sante-suivi,Medisafe,panadol tracker,5,50,243,225,0.49
sante-suivi,Medisafe,paracetamol tracker,5,77,242,93,0.57
sante-suivi,Medisafe,corona patience,5,77,249,98,0.57
sante-suivi,Medisafe,heart attack,5,81,249,203,0.50
sante-suivi,Medisafe,herinnering,5,63,247,68,0.61
sante-suivi,Medisafe,adresboek,5,50,249,99,0.57
sante-suivi,Medisafe,fødselsdag,5,53,248,102,0.56
sante-suivi,Medisafe,pamindelse,5,74,238,47,0.66
sante-suivi,Medisafe,covid medical,5,74,248,73,0.60
sante-suivi,Medisafe,medical monitor,5,47,249,31,0.73
sante-suivi,Medisafe,kids sickness tracker,5,81,247,183,0.51
sante-suivi,Medisafe,ibuprofen tracker,5,78,236,186,0.51
sante-suivi,Medisafe,anxiety tracking,5,32,250,122,0.55
sante-suivi,Medisafe,track health,5,75,246,96,0.57
sante-suivi,Medisafe,tracking anxiety,5,56,247,135,0.54
sante-suivi,Medisafe,tracking health,5,79,248,120,0.55
sante-suivi,Medisafe,sickness tracker,5,65,250,62,0.62
sante-suivi,Medisafe,sickness buddy,5,76,245,149,0.53
sante-suivi,Medisafe,children's sickness tracker,5,83,248,52,0.65
sante-suivi,Medisafe,children's medicine,5,45,249,24,0.78
sante-suivi,Medisafe,medicines,5,97,249,110,0.56
sante-suivi,Medisafe,reminders iphpne,5,47,248,145,0.53
sante-suivi,Medisafe,tracking redelivery,5,82,250,79,0.59
sante-suivi,Medisafe,tracker track,5,97,250,157,0.52
sante-suivi,Medisafe,care reminder,5,88,249,2,2.29
sante-suivi,Medisafe,minder) minder,5,32,247,224,0.49
sante-suivi,Medisafe,minder),5,51,247,163,0.52
sante-suivi,Medisafe,media management,5,76,245,206,0.50
sante-suivi,Medisafe,health reminders,5,73,249,4,1.49
sante-suivi,Medisafe,unlimited track,5,100,249,190,0.50
sante-suivi,Medisafe,دليل,5,100,248,237,0.49
sante-suivi,Medisafe,bolig,5,82,249,163,0.52
sante-suivi,Medisafe,illness tracker app,5,49,249,56,0.64
sante-suivi,Medisafe,illness tracker,5,86,249,41,0.68
sante-suivi,Medisafe,su takibi,5,51,249,178,0.51
sante-suivi,Medisafe,su içme hatırlatıcı,5,33,248,120,0.55
sante-suivi,Medisafe,günlük su hatırlatıcı,5,69,249,84,0.59
sante-suivi,Medisafe,hatırlatma,5,46,250,26,0.76
sante-suivi,Medisafe,su hatırlatma,5,70,250,121,0.55
sante-suivi,Medisafe,günlük su takibi,5,70,249,118,0.55
sante-suivi,Medisafe,su içme takibi,5,52,249,123,0.54
sante-suivi,Medisafe,medical journal,5,75,250,32,0.73
sante-suivi,Medisafe,app therapy,5,70,249,103,0.56
sante-suivi,Medisafe,介面,5,100,250,99,0.57
sante-suivi,Medisafe,hipaa compliant messaging,5,32,244,124,0.54
sante-suivi,Medisafe,patient messaging,5,90,250,120,0.55
sante-suivi,Medisafe,patient satisfaction,5,78,250,71,0.61
sante-suivi,Medisafe,patient first telehealth,5,62,233,45,0.67
sante-suivi,Medisafe,patient engagement,5,92,250,136,0.53
sante-suivi,Medisafe,medical phone,5,47,249,217,0.49
sante-suivi,Medisafe,анализы,5,61,248,132,0.54
sante-suivi,Medisafe,waterminder®,5,44,247,89,0.58
sante-suivi,Medisafe,daily water tracker & reminder,5,59,246,123,0.54
sante-suivi,Medisafe,daily water tracker - reminder,5,46,247,135,0.54
sante-suivi,Medisafe,water minder free,5,50,247,108,0.56
sante-suivi,Medisafe,medications,5,80,249,3,1.74
sante-suivi,Medisafe,drug reference,5,81,250,123,0.54
sante-suivi,Medisafe,고급,5,94,245,118,0.55
sante-suivi,Medisafe,수첩,5,73,249,83,0.59
sante-suivi,Medisafe,safety tracking app,5,98,247,172,0.51
sante-suivi,Medisafe,pill-reminder,5,75,239,3,1.74
sante-suivi,Medisafe,pill remindre,5,74,240,4,1.49
sante-suivi,Medisafe,contact reminders,5,75,250,45,0.67
sante-suivi,Medisafe,アライナー,5,33,247,163,0.52
sante-suivi,Medisafe,water reminder & daily tracker,5,32,249,161,0.52
sante-suivi,Medisafe,heart zones,5,50,249,193,0.50
sante-suivi,Medisafe,heart rate training,5,89,250,127,0.54
sante-suivi,Medisafe,family health tracker,5,93,249,23,0.79
sante-suivi,Medisafe,su içmenin faydaları,5,44,250,129,0.54
sante-suivi,Medisafe,su içme programı,5,50,249,122,0.55
sante-suivi,Medisafe,water tracker+,5,43,248,105,0.56
sante-suivi,Medisafe,su içme hatırlatıcı + su içme,5,45,248,128,0.54
sante-suivi,Medisafe,loss health,5,72,250,234,0.49
sante-suivi,Medisafe,tracker simple,5,88,249,88,0.58
sante-suivi,Medisafe,anavaraplus: find doctors near me for consultation,5,71,250,195,0.50
sante-suivi,Medisafe,expiry date of medicine,5,47,249,22,0.80
sante-suivi,Medisafe,maantieteellinen seuranta,5,86,248,101,0.56
sante-suivi,Medisafe,alltid tilgang,5,97,250,230,0.49
sante-suivi,Medisafe,تذكير شرب الماء,5,35,247,121,0.55
sante-suivi,Medisafe,drug interactions,5,74,250,9,1.06
sante-suivi,Medisafe,media alarm ad,5,42,249,178,0.51
sante-suivi,Medisafe,family hq: baby & child health app,5,4,241,183,0.51
sante-suivi,Medisafe,the journal of hospital medici,5,47,249,142,0.53
sante-suivi,Medisafe,easy bills reminder premium,5,86,250,170,0.51
sante-suivi,Medisafe,malay medical phrases,5,24,250,233,0.49
sante-suivi,Medisafe,internet medical clinics,5,14,250,204,0.50
sante-suivi,Medisafe,journal with god - tablet,5,77,250,127,0.54
sante-suivi,Medisafe,voice monitor,5,70,250,189,0.50
sante-suivi,Medisafe,xpress count 2,5,90,250,143,0.53
sante-suivi,Medisafe,personal health monitor,5,91,250,117,0.55
sante-suivi,Medisafe,max - pill reminder,5,69,245,4,1.49
sante-suivi,Medisafe,drug dictionary - medical,5,70,250,104,0.56
sante-suivi,Medisafe,medipres - medicine directory bangladesh,5,11,221,160,0.52
sante-suivi,Medisafe,pronto services 360,5,55,246,135,0.54
sante-suivi,Medisafe,mobile health records app,5,75,248,134,0.54
sante-suivi,Medisafe,clinical management program,5,0,205,74,0.60
sante-suivi,Medisafe,oxygen index calculator,5,0,244,123,0.54
sante-suivi,Medisafe,מסלול,5,94,250,60,0.63
sante-suivi,Medisafe,záchranka,5,80,249,3,1.74
sante-suivi,Medisafe,sundhed dk,5,86,242,17,0.86
sante-suivi,Medisafe,dope effect,5,70,250,156,0.52
sante-suivi,Medisafe,aktivität erinnerung,5,72,246,42,0.68
sante-suivi,Medisafe,flüssigkeitsbedarf erinnerung,5,91,250,81,0.59
sante-suivi,Medisafe,flüssigkeitszufuhr erinnerung,5,36,246,123,0.54
sante-suivi,Medisafe,getränk tracker,5,36,246,114,0.55
sante-suivi,Medisafe,getränke bedarf,5,77,246,114,0.55
sante-suivi,Medisafe,trink tracker,5,36,245,147,0.53
sante-suivi,Medisafe,hearth health,5,68,243,207,0.50
sante-suivi,Medisafe,omron medical,5,66,233,73,0.60
sante-suivi,Medisafe,blood pressure medication,5,61,247,120,0.55
sante-suivi,Medisafe,blood pressure medicine,5,50,248,121,0.55
sante-suivi,Medisafe,blood pressure tablets,5,76,249,117,0.55
sante-suivi,Medisafe,goodrx: prescription drugs discounts & coupons app,5,65,248,197,0.50
sante-suivi,Medisafe,blutdrucktagebuch,5,52,247,124,0.54
sante-suivi,Medisafe,einkaufshelfer,5,64,250,64,0.62
sante-suivi,Medisafe,sodiumtracker,5,31,241,138,0.53
sante-suivi,Medisafe,tracker times,5,87,250,240,0.48
sante-suivi,Medisafe,en bonne santé,5,64,249,168,0.51
sante-suivi,Medisafe,controlador del azucar,5,84,248,121,0.55
sante-suivi,Medisafe,nukkua,5,72,241,163,0.52
sante-suivi,Medisafe,Tracking work,5,84,250,131,0.54
sante-suivi,Medisafe,bolius,5,12,196,120,0.55
sante-suivi,Medisafe,herinneringen,5,79,250,128,0.54
sante-suivi,Medisafe,chăm sóc sức khoẻ,5,55,250,110,0.56
sante-suivi,Medisafe,medical inventory,5,36,241,63,0.62
sante-suivi,Medisafe,app tracking health,5,68,242,140,0.53
sante-suivi,Medisafe,品麦云康,5,72,239,25,0.77
sante-suivi,Medisafe,track contractions,5,,248,64,0.62
sante-suivi,Medisafe,ministerio da saude,5,88,250,41,0.68
sante-suivi,Medisafe,pil reminder,5,77,240,3,1.74
sante-suivi,Medisafe,medicationn alarm,5,72,247,2,2.29
sante-suivi,Medisafe,người nhắc nhở,5,73,250,184,0.51
sante-suivi,Medisafe,medical equipment,5,80,249,83,0.59
sante-suivi,Medisafe,generic drugs,5,91,249,63,0.62
sante-suivi,Medisafe,pharamcy,5,36,248,72,0.60
sante-suivi,Medisafe,generic drug finder,5,88,250,86,0.58
sante-suivi,Medisafe,tracking books,5,58,249,182,0.51
sante-suivi,Medisafe,ahli,5,91,250,197,0.50
sante-suivi,Medisafe,heart month,5,89,250,180,0.51
sante-suivi,Medisafe,anxiety trackre,5,70,248,37,0.70
sante-suivi,Medisafe,schlaf aufnahme kostenlos,5,71,241,117,0.55
sante-suivi,Medisafe,family journal,5,88,247,212,0.49
sante-suivi,Medisafe,din din don,5,86,210,168,0.51
sante-suivi,Medisafe,heart zone,5,79,249,245,0.48
sante-suivi,Medisafe,waters tracker,5,70,250,101,0.56
sante-suivi,Medisafe,drug-free pain relief,5,51,250,65,0.62
sante-suivi,Medisafe,time monitoring,5,80,249,175,0.51
sante-suivi,Medisafe,Monitor time,5,69,247,176,0.51
sante-suivi,Medisafe,remind yourself,5,56,249,220,0.49
sante-suivi,Medisafe,remind self,5,80,246,53,0.64
sante-suivi,Medisafe,weekend app,5,49,247,103,0.56
sante-suivi,Medisafe,journal du diabèt,5,93,250,199,0.50
sante-suivi,Medisafe,health track,5,55,248,118,0.55
sante-suivi,Medisafe,medicine track,5,69,247,1,5.00
sante-suivi,Medisafe,freebies alert,5,100,250,136,0.53
sante-suivi,Medisafe,freebies alert app,5,94,249,202,0.50
sante-suivi,Medisafe,tracciamento libri,5,65,249,201,0.50
sante-suivi,Medisafe,vérnyomás monitornapló,5,34,241,134,0.54
sante-suivi,Medisafe,word reminder,5,78,250,135,0.54
sante-suivi,Medisafe,generic drug,5,58,249,94,0.57
sante-suivi,Medisafe,drug interaction,5,97,250,12,0.96
sante-suivi,Medisafe,generic,5,100,250,139,0.53
sante-suivi,Medisafe,medical calculatoer,5,94,250,14,0.91
sante-suivi,Medisafe,pharmacokinetics,5,83,250,37,0.70
sante-suivi,Medisafe,geriatric,5,80,246,100,0.57
sante-suivi,Medisafe,drug lactation,5,88,249,40,0.69
sante-suivi,Medisafe,immunization,5,82,250,34,0.71
sante-suivi,Medisafe,drug indication,5,94,250,55,0.64
sante-suivi,Medisafe,drug treatment,5,94,250,102,0.56
sante-suivi,Medisafe,medication discount,5,70,248,28,0.75
sante-suivi,Medisafe,internal medicine,5,81,250,117,0.55
sante-suivi,Medisafe,medical definition,5,84,250,93,0.57
sante-suivi,Medisafe,drug safety,5,91,249,23,0.79
sante-suivi,Medisafe,drug education,5,89,250,122,0.55
sante-suivi,Medisafe,medication management,5,67,248,1,5.00
sante-suivi,Medisafe,otc trading platform,5,52,250,76,0.60
sante-suivi,Medisafe,bed alarm,5,85,250,134,0.54
sante-suivi,Medisafe,medical guide,5,77,249,148,0.53
sante-suivi,Medisafe,health chech,5,73,249,123,0.54
sante-suivi,Medisafe,hold styr,5,92,249,186,0.51
sante-suivi,Medisafe,peru play,5,98,394,219,0.49
sante-suivi,Medisafe,caffeine live,5,75,246,77,0.60
sante-suivi,Medisafe,twitter followers analytics,5,95,250,174,0.51
sante-suivi,Medisafe,davis's drug guide,5,95,250,55,0.64
sante-suivi,Medisafe,nursing program,5,29,240,185,0.51
sante-suivi,Medisafe,patient teaching,5,26,231,159,0.52
sante-suivi,Medisafe,brand drug,5,87,239,59,0.63
sante-suivi,Medisafe,nurse care,5,76,249,147,0.53
sante-suivi,Medisafe,medication assisted treatment,5,83,249,3,1.74
sante-suivi,Medisafe,stop drugs,5,65,250,64,0.62
sante-suivi,Medisafe,opioid addiction treatment,5,57,250,156,0.52
sante-suivi,Medisafe,digital addiction treatment,5,74,250,168,0.51
sante-suivi,Medisafe,brand rx,5,45,247,169,0.51
sante-suivi,Medisafe,generic rx,5,47,244,135,0.54
sante-suivi,Medisafe,pharmacotherapy,5,91,246,8,1.10
sante-suivi,Medisafe,pharmaciews,5,75,248,64,0.62
sante-suivi,Medisafe,pharmacologic,5,94,237,82,0.59
sante-suivi,Medisafe,pharmacologist,5,94,242,89,0.58
sante-suivi,Medisafe,pharmacologists,5,85,244,83,0.59
sante-suivi,Medisafe,pharmacological,5,74,237,87,0.58
sante-suivi,Medisafe,meds guide,5,83,250,6,1.24
sante-suivi,Medisafe,prn,5,96,244,48,0.66
sante-suivi,Medisafe,savetik- save,5,47,217,88,0.58
sante-suivi,Medisafe,tracker tracking,5,100,250,158,0.52
sante-suivi,Medisafe,drugi,5,92,244,36,0.70
sante-suivi,Medisafe,rivals snake,5,64,224,36,0.70
sante-suivi,Medisafe,randevu,5,95,249,40,0.69
sante-suivi,Medisafe,rehberi (resimli),5,79,248,163,0.52
sante-suivi,Medisafe,pill id,5,79,250,37,0.70
sante-suivi,Medisafe,drug identifier,5,68,250,75,0.60
sante-suivi,Medisafe,medication identifier,5,78,250,19,0.83
sante-suivi,Medisafe,reminder tracker,5,86,248,2,2.29
sante-suivi,Medisafe,simple reminders,5,74,249,163,0.52
sante-suivi,Medisafe,simply reminders,5,72,250,213,0.49
sante-suivi,Medisafe,medication calculator,5,15,248,29,0.74
sante-suivi,Medisafe,harm tracker,5,77,249,106,0.56
sante-suivi,Medisafe,Pill medtracker,5,83,250,1,5.00
sante-suivi,Medisafe,seniors pill reminder,5,77,243,2,2.29
sante-suivi,Medisafe,pill tracker med reminder,5,,243,1,5.00
sante-suivi,Medisafe,drug addict,5,63,247,141,0.53
sante-suivi,Medisafe,person reminders,5,72,250,52,0.65
sante-suivi,Medisafe,צעדים,5,73,250,125,0.54
sante-suivi,Medisafe,health blood,5,79,249,202,0.50
sante-suivi,Medisafe,emergency care,5,93,242,57,0.63
sante-suivi,Medisafe,geriatric medicine,5,54,244,9,1.06
sante-suivi,Medisafe,laboratory medicine,5,70,250,96,0.57
sante-suivi,Medisafe,Pregnancy + | tracker app,5,32,250,131,0.54
sante-suivi,Medisafe,ベル,5,36,236,176,0.51
sante-suivi,Medisafe,fall guys sound,5,80,250,191,0.50
sante-suivi,Medisafe,fall guys tutorial,5,55,236,198,0.50
sante-suivi,Medisafe,华为手环,5,27,234,192,0.50
sante-suivi,Medisafe,medical tools,5,89,250,81,0.59
sante-suivi,Medisafe,drug information,5,78,250,22,0.80
sante-suivi,Medisafe,medical information,5,73,250,56,0.64
sante-suivi,Medisafe,içme hatırlatıcı,5,52,247,38,0.70
sante-suivi,Medisafe,健康记录,5,78,237,129,0.54
sante-suivi,Medisafe,medicin,5,100,249,1,5.00
sante-suivi,Medisafe,primary medicine,5,47,250,71,0.61
sante-suivi,Medisafe,mercury cards,5,94,247,202,0.50
sante-suivi,Medisafe,physician guide,5,87,250,50,0.65
sante-suivi,Medisafe,medical resource,5,93,222,70,0.61
sante-suivi,Medisafe,medical support,5,76,249,13,0.93
sante-suivi,Medisafe,physician support,5,70,250,180,0.51
sante-suivi,Medisafe,care reminders,5,90,249,60,0.63
sante-suivi,Medisafe,提醒事项,5,48,250,113,0.55
sante-suivi,Medisafe,lade nå,5,79,250,232,0.49
sante-suivi,Medisafe,posture reminders\,5,0,248,119,0.55
sante-suivi,Medisafe,posture reminders,5,57,248,83,0.59
sante-suivi,Medisafe,adac mitglieder,5,31,200,29,0.74
sante-suivi,Medisafe,smart daily,5,69,249,249,0.48
sante-suivi,Medisafe,track to do,5,76,250,180,0.51
sante-suivi,Medisafe,pilloops,5,82,247,9,1.06
sante-suivi,Medisafe,tracker fertility,5,75,245,135,0.54
sante-suivi,Medisafe,bien-être santé,5,36,249,204,0.50
sante-suivi,Medisafe,health friend,5,97,250,150,0.52
sante-suivi,Medisafe,therapy app),5,70,250,187,0.51
sante-suivi,Medisafe,medication epilepsy,5,70,250,16,0.87
sante-suivi,Medisafe,outcomes4me,5,53,247,9,1.06
sante-suivi,Medisafe,reminder drink,5,36,246,30,0.74
sante-suivi,Medisafe,healthi personal,5,46,247,47,0.66
sante-suivi,Medisafe,reminder-,5,81,249,150,0.52
sante-suivi,Medisafe,reminder- tracker,5,86,249,2,2.29
sante-suivi,Medisafe,health center,5,91,250,234,0.49
sante-suivi,Medisafe,reminders & NOtifications,5,72,250,98,0.57
sante-suivi,Medisafe,sleep apple watch free,5,67,247,215,0.49
sante-suivi,Medisafe,borderline tracker,5,60,248,109,0.56
sante-suivi,Medisafe,if tracker,5,96,249,162,0.52
sante-suivi,Medisafe,schnarch app kostenlos,5,72,245,100,0.57
sante-suivi,Medisafe,mando lg gratis,5,63,243,139,0.53
sante-suivi,Medisafe,mesafe,5,45,247,52,0.65
sante-suivi,Medisafe,anfield wrap,5,35,248,64,0.62
sante-suivi,Medisafe,positiv reminders,5,62,249,96,0.57
sante-suivi,Medisafe,tracker°,5,98,249,121,0.55
sante-suivi,Medisafe,neck reminder,5,47,248,59,0.63
sante-suivi,Medisafe,nursing implications,5,70,250,162,0.52
sante-suivi,Medisafe,diab'aide,5,86,249,208,0.50
sante-suivi,Medisafe,Wasfago,5,85,249,60,0.63
sante-suivi,Medisafe,[reminders iphone],5,73,250,85,0.58
sante-suivi,Medisafe,rx info,5,47,243,181,0.51
sante-suivi,Medisafe,nursing tools,5,34,244,180,0.51
sante-suivi,Medisafe,sex health,5,84,250,186,0.51
sante-suivi,Medisafe,health safety checklists,5,54,248,109,0.56
sante-suivi,Medisafe,take 5 safety checklist,5,44,249,207,0.50
sante-suivi,Medisafe,helth alert,5,89,250,68,0.61
sante-suivi,Medisafe,nota medica soap,5,45,246,76,0.60
sante-suivi,Medisafe,терапевт,5,65,249,132,0.54
sante-suivi,Medisafe,well-being plan,5,95,250,201,0.50
sante-suivi,Medisafe,mymediclinic 24x7,5,90,250,21,0.81
sante-suivi,Medisafe,dha mobile app,5,98,250,34,0.71
sante-suivi,Medisafe,Effort tracker,5,96,250,97,0.57
sante-suivi,Medisafe,sổ sức khỏe điện tử,5,91,220,119,0.55
sante-suivi,Medisafe,leeg - vastende tracker,5,64,212,77,0.60
sante-suivi,Medisafe,pill reminder seniors,5,44,248,3,1.74
sante-suivi,Medisafe,diárias lembretes,5,63,249,5,1.34
sante-suivi,Medisafe,refuel market,5,61,248,113,0.55
sante-suivi,Medisafe,drug monograph,5,84,245,13,0.93
sante-suivi,Medisafe,drug database,5,54,249,31,0.73
sante-suivi,Medisafe,cita medica online,5,52,247,182,0.51
sante-suivi,Medisafe,atencion medica online,5,70,249,81,0.59
sante-suivi,Medisafe,case tracking,5,,250,100,0.57
sante-suivi,Medisafe,ato reminders,5,72,248,151,0.52
sante-suivi,Medisafe,med timer,5,82,250,2,2.29
sante-suivi,Medisafe,schedule visits,5,98,248,152,0.52
sante-suivi,Medisafe,gewichte loggen,5,68,245,57,0.63
sante-suivi,Medisafe,pill remindere,5,70,250,2,2.29
sante-suivi,Medisafe,remind me-,5,24,248,25,0.77
sante-suivi,Medisafe,notification bar reminder,5,41,250,72,0.60
sante-suivi,Medisafe,remind ap,5,78,250,75,0.60
sante-suivi,Medisafe,water reminders,5,19,246,78,0.59
sante-suivi,Medisafe,medication tracker senior,5,49,248,1,5.00
sante-suivi,Medisafe,medication senior,5,82,250,9,1.06
sante-suivi,Medisafe,reminder senior,5,78,250,16,0.87
sante-suivi,Medisafe,sanford,5,97,249,51,0.65
sante-suivi,Medisafe,iş denetimleri,5,87,249,62,0.62
sante-suivi,Medisafe,âm,5,86,250,248,0.48
sante-suivi,Medisafe,slep sounds,5,89,245,179,0.51
sante-suivi,Medisafe,pille,5,96,249,30,0.74
sante-suivi,Medisafe,zyklus-kalender,5,93,250,147,0.53
sante-suivi,Medisafe,hasta,5,100,250,249,0.48
sante-suivi,Medisafe,glucose tracking,5,95,250,158,0.52
sante-suivi,Medisafe,diabetes tracking,5,84,249,149,0.53
sante-suivi,Medisafe,장치,5,94,240,217,0.49
sante-suivi,Medisafe,medicine;,5,97,248,4,1.49
sante-suivi,Medisafe,reminder;,5,82,250,45,0.67
sante-suivi,Medisafe,health companion,5,65,249,169,0.51
sante-suivi,Medisafe,에디터,5,77,200,197,0.50
sante-suivi,Medisafe,ghi,5,88,245,228,0.49
sante-suivi,Medisafe,i feel depressed,5,67,250,214,0.49
sante-suivi,Medisafe,best depression apps,5,75,249,235,0.49
sante-suivi,Medisafe,popular depression apps,5,78,250,235,0.49
sante-suivi,Medisafe,great depression apps,5,60,250,204,0.50
sante-suivi,Medisafe,app medication reminder app,5,86,249,1,5.00
sante-suivi,Medisafe,app medicine reminder app,5,86,248,1,5.00
sante-suivi,Medisafe,terapiu,5,53,247,184,0.51
sante-suivi,Medisafe,reliability,5,97,236,115,0.55
sante-suivi,Medisafe,tracker share,5,92,250,169,0.51
sante-suivi,Medisafe,alarm calendar,5,14,241,101,0.56
sante-suivi,Medisafe,better sleep free,5,88,250,232,0.49
sante-suivi,Medisafe,tracker),5,100,250,139,0.53
sante-suivi,Medisafe,drug facts,5,85,239,16,0.87
sante-suivi,Medisafe,app farmaci,5,24,225,14,0.91
sante-suivi,Medisafe,gestione farmaci,5,86,249,80,0.59
sante-suivi,Medisafe,gestione terapie,5,70,249,2,2.29
sante-suivi,Medisafe,gestione medicine,5,87,236,1,5.00
sante-suivi,Medisafe,piano terapeutico,5,93,250,92,0.58
sante-suivi,Medisafe,app pillole,5,75,238,1,5.00
sante-suivi,Medisafe,promemoria assunzione farmaci,5,83,250,2,2.29
sante-suivi,Medisafe,promemoria medicinali,5,34,244,1,5.00
sante-suivi,Medisafe,reminder medicinali,5,82,247,1,5.00
sante-suivi,Medisafe,ricordarsi farmaci,5,53,249,2,2.29
sante-suivi,Medisafe,sveglia farmaci,5,93,250,1,5.00
sante-suivi,Medisafe,promemoria terapia,5,87,249,46,0.67
sante-suivi,Medisafe,everyday well,5,89,250,109,0.56
sante-suivi,Medisafe,reading reminder,5,94,250,134,0.54
sante-suivi,Medisafe,health apps 2022,5,70,250,180,0.51
sante-suivi,Medisafe,family medicine,5,80,250,25,0.77
sante-suivi,Medisafe,içme hatırlatıcısı,5,83,249,9,1.06
sante-suivi,Medisafe,bipolar 1,5,51,250,56,0.64
sante-suivi,Medisafe,bipolar l,5,81,250,82,0.59
sante-suivi,Medisafe,bipolar ll,5,53,249,190,0.50
sante-suivi,Medisafe,borderline disorder tracker,5,59,248,209,0.50
sante-suivi,Medisafe,bpd tracker,5,84,248,98,0.57
sante-suivi,Medisafe,tracking headache,5,86,246,219,0.49
sante-suivi,Medisafe,pmdd journal,5,57,248,82,0.59
sante-suivi,Medisafe,pmdd diary,5,74,250,95,0.57
sante-suivi,Medisafe,bilder sende,5,95,240,239,0.48
sante-suivi,Medisafe,asthma medication,5,62,248,11,0.98
sante-suivi,Medisafe,copd health,5,45,249,138,0.53
sante-suivi,Medisafe,copd tracker,5,56,248,102,0.56
sante-suivi,Medisafe,Recordatorio de Medicina,5,93,249,2,2.29
sante-suivi,Medisafe,medicamento,5,93,250,2,2.29
sante-suivi,Medisafe,alarma de medicamentos,5,87,247,2,2.29
sante-suivi,Medisafe,Calendario de medicamentos,5,93,250,2,2.29
sante-suivi,Medisafe,Taking medication,5,81,248,1,5.00
sante-suivi,Medisafe,calendario de medicación,5,83,248,2,2.29
sante-suivi,Medisafe,alarma de pastillas,5,70,250,2,2.29
sante-suivi,Medisafe,journal my health,5,63,250,144,0.53
sante-suivi,Medisafe,pmayg app download,5,90,229,152,0.52
sante-suivi,Medisafe,library track,5,36,250,146,0.53
sante-suivi,Medisafe,my library tracker,5,35,240,217,0.49
sante-suivi,Medisafe,bookshelf list,5,27,218,204,0.50
sante-suivi,Medisafe,mm calendar 2023,5,36,245,140,0.53
sante-suivi,Medisafe,kalender österreich 2023,5,35,240,140,0.53
sante-suivi,Medisafe,health community,5,70,249,220,0.49
sante-suivi,Medisafe,1 month,5,85,241,233,0.49
sante-suivi,Medisafe,counting pills,5,82,250,28,0.75
sante-suivi,Medisafe,essentiel,5,86,245,44,0.67
sante-suivi,Medisafe,dag save,5,45,249,152,0.52
sante-suivi,Medisafe,omada health,5,,247,12,0.96
sante-suivi,Medisafe,kid reminder visual reminder,5,84,249,14,0.91
sante-suivi,Medisafe,kids reminder,5,49,243,158,0.52
sante-suivi,Medisafe,kid reminder,5,77,250,33,0.72
sante-suivi,Medisafe,health for kids,5,26,237,201,0.50
sante-suivi,Medisafe,health traker,5,55,250,201,0.50
sante-suivi,Medisafe,Alzheimer's tests,5,84,250,95,0.57
sante-suivi,Medisafe,ödeme hatırlatıcısı,5,70,250,23,0.79
sante-suivi,Medisafe,tracker blood,5,64,248,79,0.59
sante-suivi,Medisafe,health therapy,5,74,250,114,0.55
sante-suivi,Medisafe,heart beat sound,5,60,235,172,0.51
sante-suivi,Medisafe,heart beat noise,5,73,247,242,0.48
sante-suivi,Medisafe,vitamin d tracker,5,72,249,29,0.74
sante-suivi,Medisafe,adapthealth,5,57,228,77,0.60
sante-suivi,Medisafe,track blood,5,71,249,103,0.56
sante-suivi,Medisafe,pill remindertracker,5,83,248,2,2.29
sante-suivi,Medisafe,remindertracker,5,36,126,22,0.80
sante-suivi,Medisafe,pillo,5,95,250,6,1.24
sante-suivi,Medisafe,outcomes4me cancer,5,70,226,139,0.53
sante-suivi,Medisafe,tracker+,5,91,250,122,0.55
sante-suivi,Medisafe,app love alarm,5,75,247,83,0.59
sante-suivi,Medisafe,bill reminder app for couples,5,77,248,162,0.52
sante-suivi,Medisafe,couple monitor app free,5,93,250,189,0.50
sante-suivi,Medisafe,games medical,5,18,247,39,0.69
sante-suivi,Medisafe,زیرەک‎,5,92,238,32,0.73
sante-suivi,Medisafe,無人取還,5,89,250,18,0.84
sante-suivi,Medisafe,love alarm play store,5,68,249,34,0.71
sante-suivi,Medisafe,love alert app,5,85,250,88,0.58
sante-suivi,Medisafe,symptom tracking,5,57,247,59,0.63
sante-suivi,Medisafe,bugün,5,96,245,227,0.49
sante-suivi,Medisafe,Fasting Schedule,5,35,214,201,0.50
sante-suivi,Medisafe,bowel disease,5,54,250,72,0.60
sante-suivi,Medisafe,diarrhea tracker,5,53,249,225,0.49
sante-suivi,Medisafe,hiv,5,71,250,118,0.55
sante-suivi,Medisafe,eczema tracker,5,65,248,47,0.66
sante-suivi,Medisafe,acid reflux tracker,5,45,246,105,0.56
sante-suivi,Medisafe,dermatitis tracker,5,47,249,75,0.60
sante-suivi,Medisafe,lekar,5,27,234,62,0.62
sante-suivi,Medisafe,d.minder,5,75,248,58,0.63
sante-suivi,Medisafe,asthma monitoring easily,5,70,250,169,0.51
sante-suivi,Medisafe,madication reminder,5,76,243,2,2.29
sante-suivi,Medisafe,tracking simplified,5,75,250,84,0.59
sante-suivi,Medisafe,time mangement,5,70,249,174,0.51
sante-suivi,Medisafe,صيغة,5,100,250,232,0.49
sante-suivi,Medisafe,time since tracker,5,53,249,144,0.53
sante-suivi,Medisafe,pill counter,5,81,249,31,0.73
sante-suivi,Medisafe,调整,5,91,221,192,0.50
sante-suivi,Medisafe,injection timer,5,53,249,247,0.48
sante-suivi,Medisafe,Teledentistry App,5,14,245,20,0.82
sante-suivi,Medisafe,Teledentistry App for Doctor,5,9,244,48,0.66
sante-suivi,Medisafe,follow my heart,5,96,250,123,0.54
sante-suivi,Medisafe,drugs quiz,5,87,250,84,0.59
sante-suivi,Medisafe,quem segue,5,93,243,55,0.64
sante-suivi,Medisafe,visualizador análise,5,24,225,110,0.56
sante-suivi,Medisafe,client appointment booking,5,75,250,227,0.49
sante-suivi,Medisafe,therapy tracker,5,75,250,183,0.51
sante-suivi,Medisafe,fasting reminder,5,45,240,133,0.54
sante-suivi,Medisafe,seizure detection,5,63,246,66,0.62
sante-suivi,Medisafe,treatment access,5,70,249,226,0.49
sante-suivi,Medisafe,immunotherapy,5,20,249,117,0.55
sante-suivi,Medisafe,prescribed,5,32,247,10,1.02
sante-suivi,Medisafe,dispensary,5,52,247,47,0.66
sante-suivi,Medisafe,重庆医保,5,45,247,3,1.74
sante-suivi,Medisafe,bill organizer reminder,5,79,249,163,0.52
sante-suivi,Medisafe,forma ideale,5,96,249,169,0.51
sante-suivi,Medisafe,injecvtion,5,6,229,2,2.29
sante-suivi,Medisafe,استشارة طبية,5,70,250,130,0.54
sante-suivi,Medisafe,أمراض النساء والولادة,5,45,247,108,0.56
sante-suivi,Medisafe,medical learning app,5,96,248,166,0.52
sante-suivi,Medisafe,epoprostenol,5,5,20,4,1.49
sante-suivi,Medisafe,digital health tracker,5,84,250,111,0.55
sante-suivi,Medisafe,健康管理アプリ無料,5,0,240,80,0.59
sante-suivi,Medisafe,latest bp info,5,88,249,141,0.53
sante-suivi,Medisafe,health app tracker,5,88,243,105,0.56
sante-suivi,Medisafe,comprehensive health tracker app,5,84,248,51,0.65
sante-suivi,Medisafe,track applicants,5,15,245,166,0.52
sante-suivi,Medisafe,群組健康管理,5,74,249,84,0.59
sante-suivi,Medisafe,mobile health tracker,5,70,250,114,0.55
sante-suivi,Medisafe,apple watch medical,5,87,247,28,0.75
sante-suivi,Medisafe,fertility chart,5,75,242,106,0.56
sante-suivi,Medisafe,health symptom tracker,5,76,250,68,0.61
sante-suivi,Medisafe,daily remind,5,34,250,181,0.51
sante-suivi,Medisafe,smart smart control lg,5,48,244,199,0.50
sante-suivi,Medisafe,gratis lg control,5,44,245,186,0.51
sante-suivi,Medisafe,lg smart smart control,5,44,245,237,0.49
sante-suivi,Medisafe,lg control gratuit,5,36,244,192,0.50
sante-suivi,Medisafe,lg control gratis,5,35,244,190,0.50
sante-suivi,Medisafe,mobile smart control lg,5,36,244,224,0.49
sante-suivi,Medisafe,kostenlos lg control,5,35,244,184,0.51
sante-suivi,Medisafe,Medication reminders,5,82,243,3,1.74
sante-suivi,Medisafe,track iss,5,32,242,123,0.54
sante-suivi,Medisafe,iss alert,5,74,250,42,0.68
sante-suivi,Medisafe,reminders alarm,5,70,250,109,0.56
sante-suivi,Medisafe,mom helper,5,100,249,151,0.52
sante-suivi,Medisafe,journal santé,5,74,250,75,0.60
sante-suivi,Medisafe,chronic illness manager,5,57,246,60,0.63
sante-suivi,Medisafe,طبيبى,5,20,208,163,0.52
sante-suivi,Medisafe,Schema therapy еуіе,5,55,249,120,0.55
sante-suivi,Medisafe,Schema therapy tests,5,77,249,59,0.63
sante-suivi,Medisafe,แอมเวย์ คลิก,5,78,249,162,0.52
sante-suivi,Medisafe,แอมเวย์คลิก,5,88,250,160,0.52
sante-suivi,Medisafe,الانقباضات,5,46,249,114,0.55
sante-suivi,Medisafe,tracker  health,5,79,250,95,0.57
sante-suivi,Medisafe,日食,5,98,250,67,0.61
sante-suivi,Medisafe,تلفزيون سامسونج,5,59,235,116,0.55
sante-suivi,Medisafe,glucose blood tracker,5,80,248,163,0.52
sante-suivi,Medisafe,无线,5,92,244,116,0.55
sante-suivi,Medisafe,espelhamento de tela de tv,5,69,244,186,0.51
sante-suivi,Medisafe,analiz takibi,5,45,225,1,5.00
sante-suivi,Medisafe,pille zyklus,5,83,233,49,0.66
sante-suivi,Medisafe,Daily accounting,5,86,250,225,0.49
sante-suivi,Medisafe,hr certification,5,80,239,70,0.61
sante-suivi,Medisafe,easy to use reminder,5,76,250,134,0.54
sante-suivi,Medisafe,free and simple reminder,5,72,250,124,0.54
sante-suivi,Medisafe,remind me of deadlines,5,56,249,43,0.68
sante-suivi,Medisafe,time slot tracker,5,71,250,113,0.55
sante-suivi,Medisafe,heart test,5,72,247,147,0.53
sante-suivi,Medisafe,client treatment details,5,1,20,5,1.34
sante-suivi,Medisafe,calcium tracker,5,57,249,128,0.54
sante-suivi,Medisafe,sleep score health,5,68,247,176,0.51
sante-suivi,Medisafe,health analysis,5,86,249,151,0.52
sante-suivi,Medisafe,Prescription Reminders,5,80,244,1,5.00
sante-suivi,Medisafe,Prescription management,5,79,248,74,0.60
sante-suivi,Medisafe,Prescription manager,5,33,241,96,0.57
sante-suivi,Medisafe,Medication organizer,5,79,247,5,1.34
sante-suivi,Medisafe,reminder drugs,5,79,243,1,5.00
sante-suivi,Medisafe,Medication scheduler,5,78,242,2,2.29
sante-suivi,Medisafe,save better,5,78,232,175,0.51
sante-suivi,Medisafe,Medication Mangement,5,81,250,1,5.00
sante-suivi,Medisafe,daily ask tracker,5,58,249,57,0.63
sante-suivi,Medisafe,anxeity tracker,5,76,249,157,0.52
sante-suivi,Medisafe,tracing art,5,71,250,215,0.49
sante-suivi,Medisafe,app review manger,5,94,249,107,0.56
sante-suivi,Medisafe,ivf tracker,5,31,246,116,0.55
sante-suivi,Medisafe,恢复,5,26,206,138,0.53
sante-suivi,Medisafe,stezza,5,85,248,16,0.87
sante-suivi,Medisafe,pomoc,5,98,249,155,0.52
sante-suivi,Medisafe,znamy lekar,5,93,249,3,1.74
sante-suivi,Medisafe,znamylekar,5,65,244,20,0.82
sante-suivi,Medisafe,log-book,5,48,250,198,0.50
sante-suivi,Medisafe,couple medidation,5,81,249,158,0.52
sante-suivi,Medisafe,positive remainders,5,47,250,240,0.48
sante-suivi,Medisafe,reminder alaram,5,47,249,102,0.56
sante-suivi,Medisafe,pills tracker,5,85,248,2,2.29
sante-suivi,Medisafe,log app,5,57,250,160,0.52
sante-suivi,Medisafe,apple watch pots,5,32,241,99,0.57
sante-suivi,Medisafe,exam reminders,5,52,247,39,0.69
sante-suivi,Medisafe,tauch logbuch,5,85,248,22,0.80
sante-suivi,Medisafe,medical logger,5,62,246,68,0.61
sante-suivi,Medisafe,contracciones app de wachanga,5,89,250,58,0.63
sante-suivi,Medisafe,track timer,5,88,250,111,0.55
sante-suivi,Medisafe,DiAne,5,28,20,12,0.96
sante-suivi,Medisafe,medwallet,5,88,249,9,1.06
sante-suivi,Medisafe,ex ed,5,97,245,226,0.49
sante-suivi,Medisafe,sleep soubds,5,91,250,194,0.50
sante-suivi,Medisafe,share projects,5,97,237,236,0.49
sante-suivi,Medisafe,track vitamins,5,55,245,84,0.59
sante-suivi,Medisafe,gp video consultation,5,60,240,78,0.59
sante-suivi,Medisafe,access telehealth,5,56,235,102,0.56
sante-suivi,Medisafe,Medical journal app,5,93,249,3,1.74
sante-suivi,Medisafe,optavia optavia,5,86,250,123,0.54
sante-suivi,Medisafe,tracker earn,5,72,246,110,0.56
sante-suivi,Medisafe,fullscript supplements,5,20,203,76,0.60
sante-suivi,Medisafe,mobile tech rx,5,73,243,100,0.57
sante-suivi,Medisafe,Digestive health tracker app,5,36,250,220,0.49
sante-suivi,Medisafe,Bowel health tracker,5,46,249,161,0.52
sante-suivi,Medisafe,diabetes support,5,75,245,66,0.62
sante-suivi,Medisafe,memorize words,5,69,244,156,0.52
sante-suivi,Medisafe,Pharma Wholesale,5,32,241,80,0.59
sante-suivi,Medisafe,medicine distributor,5,47,250,31,0.73
sante-suivi,Medisafe,alarma・the,5,91,250,228,0.49
sante-suivi,Medisafe,subscription reminder,5,49,245,125,0.54
sante-suivi,Medisafe,كشف الحمل,5,83,250,166,0.52
sante-suivi,Medisafe,time trak,5,47,248,82,0.59
sante-suivi,Medisafe,customizable reminders,5,35,249,59,0.63
sante-suivi,Medisafe,time management tracker,5,78,248,127,0.54
sante-suivi,Medisafe,health organizer app,5,76,250,15,0.89
sante-suivi,Medisafe,health organizer,5,83,250,16,0.87
sante-suivi,Medisafe,calendar anxiety relief,5,53,249,241,0.48
sante-suivi,Medisafe,calendar health organizer,5,57,249,72,0.60
sante-suivi,Medisafe,ai dose,5,100,250,107,0.56
sante-suivi,Medisafe,care management,5,72,239,126,0.54
sante-suivi,Medisafe,care tracking,5,70,248,173,0.51
sante-suivi,Medisafe,care organizer,5,53,247,228,0.49
sante-suivi,Medisafe,care calendar,5,78,247,180,0.51
sante-suivi,Medisafe,sob,5,97,249,168,0.51
sante-suivi,Medisafe,pots tracker,5,77,249,73,0.60
sante-suivi,Medisafe,reminder features,5,72,250,127,0.54
sante-suivi,Medisafe,reading health,5,70,250,212,0.49
sante-suivi,Medisafe,work time reminder,5,90,249,72,0.60
sante-suivi,Medisafe,=reminders,5,75,250,45,0.67
sante-suivi,Medisafe,daily notification,5,95,250,10,1.02
sante-suivi,Medisafe,diabetese tracker,5,86,250,188,0.50
sante-suivi,Medisafe,notification tracking,5,53,249,151,0.52
sante-suivi,Medisafe,rappel d'arrosage,5,93,250,44,0.67
sante-suivi,Medisafe,rappel arrosage,5,92,250,55,0.64
sante-suivi,Medisafe,rappel plantes,5,83,250,130,0.54
sante-suivi,Medisafe,mille,5,100,249,242,0.48
sante-suivi,Medisafe,मूड ट्रैकर निःशुल्क,5,70,250,145,0.53
sante-suivi,Medisafe,चिकित्सा,5,79,249,46,0.67
sante-suivi,Medisafe,डिप्रेशन ट्रैकर,5,74,250,67,0.61
sante-suivi,Medisafe,mydoctoronline,5,72,246,36,0.70
sante-suivi,Medisafe,keys reminder,5,33,246,81,0.59
sante-suivi,Medisafe,1000farmacie,5,19,168,15,0.89
sante-suivi,Medisafe,daily task manager tracker,5,75,250,222,0.49
sante-suivi,Medisafe,logbook management,5,53,248,102,0.56
sante-suivi,Medisafe,smart reminders,5,75,250,65,0.62
sante-suivi,Medisafe,CUSTOM REMINDER,5,78,250,187,0.51
sante-suivi,Medisafe,删除联系人,5,70,250,250,0.48
sante-suivi,Medisafe,久坐提醒,5,70,250,115,0.55
sante-suivi,Medisafe,i4助手,5,63,193,29,0.74
sante-suivi,Medisafe,医管助手,5,34,239,13,0.93
sante-suivi,Medisafe,和通讯录,5,32,241,137,0.53
sante-suivi,Medisafe,设备管理,5,32,235,210,0.50
sante-suivi,Medisafe,沙漏,5,70,250,42,0.68
sante-suivi,Medisafe,stop notifications,5,89,244,205,0.50
sante-suivi,Medisafe,personal reminder,5,76,250,125,0.54
sante-suivi,Medisafe,visit tracker,5,75,249,169,0.51
sante-suivi,Medisafe,apple watch track,5,70,250,207,0.50
sante-suivi,Medisafe,to list checklist,5,55,248,137,0.53
sante-suivi,Medisafe,متابعه,5,93,244,96,0.57
sante-suivi,Medisafe,art diary,5,50,246,168,0.51
sante-suivi,Medisafe,sugar apple fairy tale,5,78,244,221,0.49
sante-suivi,Medisafe,Medicine Box,5,95,249,4,1.49
sante-suivi,Medisafe,health studies,5,47,250,188,0.50
sante-suivi,Medisafe,checker health,5,47,250,97,0.57
sante-suivi,Medisafe,pressure level,5,25,228,196,0.50
sante-suivi,Medisafe,push-up tracker,5,30,239,218,0.49
sante-suivi,Medisafe,medicine wholesale,5,32,242,40,0.69
sante-suivi,Medisafe,generic medicines,5,63,250,118,0.55
sante-suivi,Medisafe,medicine stockist,5,62,249,51,0.65
sante-suivi,Medisafe,wholesale medicine app,5,70,250,125,0.54
sante-suivi,Medisafe,pharma distributors app,5,94,250,33,0.72
sante-suivi,Medisafe,wholesale medicine suppliers,5,33,243,70,0.61
sante-suivi,Medisafe,medicine drop shipper,5,53,249,137,0.53
sante-suivi,Medisafe,medicine stockist app,5,74,250,3,1.74
sante-suivi,Medisafe,pharmaceutical stockist,5,89,250,112,0.55
sante-suivi,Medisafe,medicine distributors app,5,47,250,152,0.52
sante-suivi,Medisafe,medicine b2b app,5,47,241,27,0.76
sante-suivi,Medisafe,drug disributors,5,83,250,111,0.55
sante-suivi,Medisafe,b2b medicine wholesale app,5,33,243,57,0.63
sante-suivi,Medisafe,the pill reminder app,5,87,249,2,2.29
sante-suivi,Medisafe,pharmacu,5,45,249,78,0.59
sante-suivi,Medisafe,repeat time,5,70,250,174,0.51
sante-suivi,Medisafe,count pills,5,11,20,12,0.96
sante-suivi,Medisafe,type 2 diabetes medications,5,7,20,17,0.86
sante-suivi,Medisafe,det tracker,5,53,249,96,0.57
sante-suivi,Medisafe,pedia with,5,80,249,166,0.52
sante-suivi,Medisafe,tochi mood tracker,5,86,250,120,0.55
sante-suivi,Medisafe,Glucose Track,5,86,247,122,0.55
sante-suivi,Medisafe,spf reminder,5,65,248,13,0.93
sante-suivi,Medisafe,ai medical,5,55,249,175,0.51
sante-suivi,Medisafe,heart pulse tracker,5,88,250,206,0.50
sante-suivi,Medisafe,weight loss program,5,91,250,166,0.52
sante-suivi,Medisafe,식별,5,78,249,106,0.56
sante-suivi,Medisafe,upozornění,5,100,250,40,0.69
sante-suivi,Medisafe,डॉपलर,5,72,243,108,0.56
sante-suivi,Medisafe,अलर्ट,5,70,235,183,0.51
sante-suivi,Medisafe,peringatan,5,94,250,144,0.53
sante-suivi,Medisafe,alertă,5,70,250,202,0.50
sante-suivi,Medisafe,警报,5,98,250,109,0.56
sante-suivi,Medisafe,reports profile,5,100,250,93,0.57
sante-suivi,Medisafe,health info organizer,5,53,249,27,0.76
sante-suivi,Medisafe,caregiver organizer,5,70,250,186,0.51
sante-suivi,Medisafe,medication adherence app,5,79,245,2,2.29
sante-suivi,Medisafe,daily medication schedule,5,80,248,1,5.00
sante-suivi,Medisafe,immunization tracker,5,55,248,94,0.57
sante-suivi,Medisafe,medicine remainder,5,56,248,1,5.00
sante-suivi,Medisafe,pill remainder,5,80,245,2,2.29
sante-suivi,Medisafe,pill counting,5,78,250,11,0.98
sante-suivi,Medisafe,pills counter,5,8,243,6,1.24
sante-suivi,Medisafe,tablet counter,5,9,250,209,0.50
sante-suivi,Medisafe,pills and logs,5,82,247,15,0.89
sante-suivi,Medisafe,count thing,5,84,245,137,0.53
sante-suivi,Medisafe,post surgery,5,95,250,165,0.52
sante-suivi,Medisafe,sound app for better sleep,5,89,250,232,0.49
sante-suivi,Medisafe,sleep plan,5,87,250,178,0.51
sante-suivi,Medisafe,virtual pet tracker,5,26,249,153,0.52
sante-suivi,Medisafe,happiness tracking,5,54,247,51,0.65
sante-suivi,Medisafe,alarm app free sleep monitor,5,71,248,173,0.51
sante-suivi,Medisafe,heart monitor app,5,88,250,128,0.54
sante-suivi,Medisafe,sleep +,5,86,250,180,0.51
sante-suivi,Medisafe,sleep . sounds,5,92,250,207,0.50
sante-suivi,Medisafe,sleep detection app,5,87,250,147,0.53
sante-suivi,Medisafe,sleep monitor: sleep tracker,5,77,250,194,0.50
sante-suivi,Medisafe,sleep recorder watch,5,74,250,155,0.52
sante-suivi,Medisafe,sleep sounds ..,5,92,250,207,0.50
sante-suivi,Medisafe,sleep+,5,83,250,238,0.48
sante-suivi,Medisafe,sleeping app watch,5,86,250,210,0.50
sante-suivi,Medisafe,sleeper app watch,5,94,250,199,0.50
sante-suivi,Medisafe,Chăm sóc sức khỏe,5,82,249,90,0.58
sante-suivi,Medisafe,đặt lịch khám,5,48,230,11,0.98
sante-suivi,Medisafe,đặt khám bác sĩ online,5,58,236,65,0.62
sante-suivi,Medisafe,tìm bác sĩ,5,51,247,58,0.63
sante-suivi,Medisafe,tìm phòng khám,5,98,250,223,0.49
sante-suivi,Medisafe,bác sĩ miễn phí,5,82,250,191,0.50
sante-suivi,Medisafe,đặt lịch khám nhanh,5,30,232,20,0.82
sante-suivi,Medisafe,seizure watch,5,55,246,61,0.63
sante-suivi,Medisafe,Medication Checker,5,47,249,11,0.98
sante-suivi,Medisafe,refill reminder,5,84,243,1,5.00
sante-suivi,Medisafe,project checklist,5,79,250,190,0.50
sante-suivi,Medisafe,حل رياضيات,5,51,232,207,0.50
sante-suivi,Medisafe,weight watercher,5,86,250,15,0.89
sante-suivi,Medisafe,rappel conso,5,81,241,2,2.29
sante-suivi,Medisafe,mixology app,5,47,249,161,0.52
sante-suivi,Medisafe,dose right,5,13,243,17,0.86
sante-suivi,Medisafe,year in review,5,96,248,190,0.50
sante-suivi,Medisafe,pet time tracker,5,47,244,111,0.55
sante-suivi,Medisafe,medicine identifier,5,81,250,27,0.76
sante-suivi,Medisafe,name chooser wheel,5,47,250,164,0.52
sante-suivi,Medisafe,my daily organizer,5,60,249,217,0.49
sante-suivi,Medisafe,health daily,5,48,240,87,0.58
sante-suivi,Medisafe,weight loss medication,5,27,234,38,0.70
sante-suivi,Medisafe,class 5 books,5,35,247,182,0.51
sante-suivi,Medisafe,abortion,5,,250,59,0.63
sante-suivi,Medisafe,medical center,5,93,249,117,0.55
sante-suivi,Medisafe,Blood Pressure - Blood Sugar,5,80,242,132,0.54
sante-suivi,Medisafe,audi journal,5,75,250,203,0.50
sante-suivi,Medisafe,injection reminder,5,81,247,6,1.24
sante-suivi,Medisafe,Doctor Search,5,70,250,30,0.74
sante-suivi,Medisafe,právě,5,96,248,244,0.48
sante-suivi,Medisafe,dares for friends,5,70,250,184,0.51
sante-suivi,Medisafe,io sono,5,97,245,208,0.50
sante-suivi,Medisafe,tablet search,5,77,250,11,0.98
sante-suivi,Medisafe,App usage control,5,62,248,163,0.52
sante-suivi,Medisafe,clarify adhd,5,45,248,100,0.57
sante-suivi,Medisafe,med andra ord 2,5,96,248,235,0.49
sante-suivi,Medisafe,คำถาม,5,88,250,242,0.48
sante-suivi,Medisafe,timepiece management,5,76,249,224,0.49
sante-suivi,Medisafe,automatic watches,5,70,250,189,0.50
sante-suivi,Medisafe,garde mangé,5,93,250,166,0.52
sante-suivi,Medisafe,rappel frigo,5,48,246,39,0.69
sante-suivi,Medisafe,rappel expiration,5,53,249,40,0.69
sante-suivi,Medisafe,address lookup,5,89,250,202,0.50
sante-suivi,Medisafe,rappel date conso,5,35,249,217,0.49
sante-suivi,Medisafe,keeptrackmed,5,90,249,5,1.34
sante-suivi,Medisafe,shared reminders,5,78,250,70,0.61
sante-suivi,Medisafe,family wellbeing,5,59,231,186,0.51
sante-suivi,Medisafe,video reminder,5,36,250,6,1.24
sante-suivi,Medisafe,medical ai,5,28,248,158,0.52
sante-suivi,Medisafe,Birthday Calendar & Reminder,5,19,246,134,0.54
sante-suivi,Medisafe,osmosis aprende medicina,5,,250,85,0.58
sante-suivi,Medisafe,made for vision,5,36,250,247,0.48
sante-suivi,Medisafe,vaccine reminder,5,55,248,22,0.80
sante-suivi,Medisafe,Any Tracker,5,97,250,225,0.49
sante-suivi,Medisafe,fibromyalgia tracker,5,45,249,63,0.62
sante-suivi,Medisafe,pet gestation calculator,5,,250,141,0.53
sante-suivi,Medisafe,read reminder,5,19,250,22,0.80
sante-suivi,Medisafe,Sunscreen reminder,5,27,248,11,0.98
sante-suivi,Medisafe,Health reate,5,,249,208,0.50
sante-suivi,Medisafe,medical billing,5,81,250,130,0.54
sante-suivi,Medisafe,medical claims,5,74,249,245,0.48
sante-suivi,Medisafe,period tranker,5,,250,228,0.49
sante-suivi,Medisafe,medpass plans,5,47,248,52,0.65
sante-suivi,Medisafe,condition checker,5,53,248,106,0.56
sante-suivi,Medisafe,organizer daily,5,34,249,220,0.49
sante-suivi,Medisafe,sleep club,5,69,250,241,0.48
sante-suivi,Medisafe,monitorhealth track,5,70,249,121,0.55
sante-suivi,Medisafe,tracker meal,5,74,250,163,0.52
sante-suivi,Medisafe,pressure check,5,58,250,174,0.51
sante-suivi,Medisafe,meal counter,5,75,250,149,0.53
sante-suivi,Medisafe,app) menstrual,5,79,250,100,0.57
sante-suivi,Medisafe,healthbp tracker,5,70,247,239,0.48
sante-suivi,Medisafe,monitor healthbp,5,88,249,84,0.59
sante-suivi,Medisafe,daydi weight,5,67,250,81,0.59
sante-suivi,Medisafe,price historu,5,,250,172,0.51
sante-suivi,Medisafe,track your journey,5,86,250,113,0.55
sante-suivi,Medisafe,dose reminder,5,80,242,2,2.29
sante-suivi,Medisafe,ans regulation,5,93,250,227,0.49
sante-suivi,Medisafe,conditions tracker,5,93,250,138,0.53
sante-suivi,Medisafe,expiration alert,5,,249,162,0.52
sante-suivi,Medisafe,journal share,5,49,250,178,0.51
sante-suivi,Medisafe,medicinal,5,95,248,140,0.53
sante-suivi,Medisafe,sleep[,5,55,249,138,0.53
sante-suivi,Medisafe,measurements tracker,5,59,249,138,0.53
sante-suivi,Medisafe,weight reduction,5,65,250,152,0.52
sante-suivi,Medisafe,weight plan,5,72,250,162,0.52
sante-suivi,Medisafe,xanax,5,78,250,39,0.69
sante-suivi,Medisafe,benzo,5,92,249,36,0.70
sante-suivi,Medisafe,medication detox,5,45,246,5,1.34
sante-suivi,Medisafe,goodmed,5,52,214,29,0.74
sante-suivi,Medisafe,ozempic tracker,5,84,247,105,0.56
sante-suivi,Medisafe,health report,5,83,250,139,0.53
sante-suivi,Medisafe,Santa finder,5,36,250,174,0.51
sante-suivi,Medisafe,glp-1 tracker,5,59,246,121,0.55
sante-suivi,Medisafe,medicament algerie,5,81,250,25,0.77
sante-suivi,Medisafe,drink alarm,5,70,357,117,0.55
sante-suivi,Medisafe,Smart Scripts,5,84,250,121,0.55
sante-suivi,Medisafe,interactions medicamenteuse,5,70,250,7,1.16
sante-suivi,Medisafe,health logs,5,70,249,94,0.57
sante-suivi,Medisafe,pulsecare：health tracker,5,55,250,28,0.75
sante-suivi,Medisafe,treat planner,5,53,250,171,0.51
sante-suivi,Medisafe,virtual doctor california,5,75,246,56,0.64
sante-suivi,Medisafe,prescription discounts usa,5,35,244,193,0.50
sante-suivi,Medisafe,health monitoring app,5,93,246,92,0.58
sante-suivi,Medisafe,virtual doctor visit,5,79,247,144,0.53
sante-suivi,Medisafe,virtual medical consultation,5,70,250,139,0.53
sante-suivi,Medisafe,virtual emergency care,5,70,250,111,0.55
sante-suivi,Medisafe,on-demand virtual doctor,5,47,248,183,0.51
sante-suivi,Medisafe,best virtual urgent care app,5,75,249,167,0.52
sante-suivi,Medisafe,virtual urgent care for minor injuries,5,36,243,207,0.50
sante-suivi,Medisafe,virtual urgent care for cold and flu,5,35,243,212,0.49
sante-suivi,Medisafe,virtual urgent care for prescriptions,5,45,248,138,0.53
sante-suivi,Medisafe,online doctor appointment same day,5,53,248,189,0.50
sante-suivi,Medisafe,virtual urgent care for uti treatment,5,35,247,234,0.49
sante-suivi,Medisafe,virtual medical advice on demand,5,45,248,127,0.54
sante-suivi,Medisafe,prescription tracking,5,33,242,24,0.78
sante-suivi,Medisafe,doctor appointments,5,77,248,123,0.54
sante-suivi,Medisafe,schedule doctor,5,75,247,63,0.62
sante-suivi,Medisafe,medical appointment,5,90,246,86,0.58
sante-suivi,Medisafe,health scheduling,5,96,249,103,0.56
sante-suivi,Medisafe,virtual appointments,5,78,247,119,0.55
sante-suivi,Medisafe,doctor scheduler,5,35,245,82,0.59
sante-suivi,Medisafe,e-health visits,5,53,248,213,0.49
sante-suivi,Medisafe,medical telehealth,5,88,249,122,0.55
sante-suivi,Medisafe,drug coupons,5,78,247,111,0.55
sante-suivi,Medisafe,pharmacy savings,5,78,247,48,0.66
sante-suivi,Medisafe,drug savings,5,57,249,39,0.69
sante-suivi,Medisafe,medicine discounts,5,47,248,49,0.66
sante-suivi,Medisafe,medication discounts,5,75,246,15,0.89
sante-suivi,Medisafe,medication savings,5,53,248,11,0.98
sante-suivi,Medisafe,drug discounts,5,79,248,106,0.56
sante-suivi,Medisafe,save prescriptions,5,73,246,30,0.74
sante-suivi,Medisafe,discount medications,5,47,246,31,0.73
sante-suivi,Medisafe,car sickness,5,71,249,98,0.57
sante-suivi,Medisafe,صيدلية في الخدمة,5,45,247,61,0.63
sante-suivi,Medisafe,rate people,5,75,250,150,0.52
sante-suivi,Medisafe,Appointment Reminders,5,11,238,56,0.64
sante-suivi,Medisafe,Personalized healthcare,5,93,250,22,0.80
sante-suivi,Medisafe,age-r medicube,5,25,249,11,0.98
sante-suivi,Medisafe,medicube digital,5,87,250,155,0.52
sante-suivi,Medisafe,tracker unlimited,5,62,235,210,0.50
sante-suivi,Medisafe,trackr health,5,53,250,236,0.49
sante-suivi,Medisafe,healthy check-in,5,79,250,176,0.51
sante-suivi,Medisafe,analyze health,5,57,249,124,0.54
sante-suivi,Medisafe,health-sugar,5,82,250,192,0.50
sante-suivi,Medisafe,daily health-sugar,5,85,250,151,0.52
sante-suivi,Medisafe,tracker ranks,5,15,246,91,0.58
sante-suivi,Medisafe,Maintenance scheduling,5,66,250,158,0.52
sante-suivi,Medisafe,health booklet,5,75,246,123,0.54
sante-suivi,Medisafe,track identifier,5,58,248,160,0.52
sante-suivi,Medisafe,boxreminder,5,4,237,38,0.70
sante-suivi,Medisafe,pill boxreminder,5,85,250,1,5.00
sante-suivi,Medisafe,angry pill,5,50,212,3,1.74
sante-suivi,Medisafe,vitamin scanner,5,57,239,59,0.63
sante-suivi,Medisafe,deal management,5,70,249,195,0.50
sante-suivi,Medisafe,get therapy,5,69,249,72,0.60
sante-suivi,Medisafe,metings,5,78,250,32,0.73
sante-suivi,Medisafe,medicines reminder,5,,243,2,2.29
sante-suivi,Medisafe,glp 1 shot tracker,5,68,246,134,0.54
sante-suivi,Medisafe,medal identifier,5,76,249,75,0.60
sante-suivi,Medisafe,heart attack notification,5,50,250,166,0.52
sante-suivi,Medisafe,daily dose of art,5,67,250,126,0.54
sante-suivi,Medisafe,fourth step,5,80,249,193,0.50
sante-suivi,Medisafe,glp-1s,5,73,246,135,0.54
sante-suivi,Medisafe,men's wellbeing,5,36,250,176,0.51
sante-suivi,Medisafe,medicaments algerie,5,36,250,51,0.65
sante-suivi,Medisafe,car sickness dots,5,70,250,66,0.62
sante-suivi,Medisafe,easy team scheduling,5,62,250,154,0.52
sante-suivi,Medisafe,medical records organizer,5,61,250,10,1.02
sante-suivi,Medisafe,glp-1 shot tracker,5,79,246,134,0.54
sante-suivi,Medisafe,dosages,5,72,248,53,0.64
sante-suivi,Medisafe,instant medical analysis,5,70,250,85,0.58
sante-suivi,Medisafe,medical test results explained,5,20,249,151,0.52
sante-suivi,Medisafe,tirzepatide tracker,5,74,249,59,0.63
sante-suivi,Medisafe,newborn dairy,5,25,238,200,0.50
sante-suivi,Medisafe,easy tracker,5,92,250,179,0.51
sante-suivi,Medisafe,drug scanner,5,74,250,134,0.54
sante-suivi,Medisafe,retatrutide,5,61,248,159,0.52
sante-suivi,Medisafe,tom: pill tracker & med timer,5,59,250,3,1.74
sante-suivi,Medisafe,medicine management,5,62,249,2,2.29
sante-suivi,Medisafe,tracker family,5,98,249,186,0.51
sante-suivi,Medisafe,pet health tracking,5,51,249,208,0.50
sante-suivi,Medisafe,pet medication reminder,5,64,248,5,1.34
sante-suivi,Medisafe,nocturia,5,90,238,114,0.55
sante-suivi,Medisafe,application tracker,5,91,249,187,0.51
sante-suivi,Medisafe,risk taker,5,89,241,103,0.56
sante-suivi,Medisafe,present moment reminder,5,60,249,75,0.60
sante-suivi,Medisafe,dosetrack,5,29,238,76,0.60
sante-suivi,Medisafe,matches reminder,5,47,250,80,0.59
sante-suivi,Medisafe,play tracker,5,70,249,162,0.52
sante-suivi,Medisafe,daily checkup,5,87,250,36,0.70
sante-suivi,Medisafe,shared remind,5,72,250,154,0.52
sante-suivi,Medisafe,first aid for pets emergency guide,5,20,249,83,0.59
sante-suivi,Medisafe,fasting alarms,5,8,229,92,0.58
sante-suivi,Medisafe,whatsapp reminder scheduler,5,65,250,43,0.68
sante-suivi,Medisafe,leaf medicinal,5,45,246,55,0.64
sante-suivi,Medisafe,recall alert,5,85,249,55,0.64
sante-suivi,Medisafe,intake reminder,5,5,239,75,0.60
sante-suivi,Medisafe,drink alarms,5,,249,86,0.58
sante-suivi,Medisafe,pill2me,5,,209,27,0.76
sante-suivi,Medisafe,pet medication,5,62,247,48,0.66
sante-suivi,Medisafe,product expiry tracker,5,,250,119,0.55
sante-suivi,Medisafe,pet medicine reminder,5,93,250,9,1.06
sante-suivi,Medisafe,eye strain reminder,5,33,247,91,0.58
sante-suivi,Medisafe,erection tracker,5,58,249,41,0.68
sante-suivi,Medisafe,med notes,5,94,221,68,0.61
sante-suivi,Medisafe,med guides,5,16,230,16,0.87
sante-suivi,Medisafe,osmosis from elsevier,5,45,249,126,0.54
sante-suivi,Medisafe,study medicine,5,84,245,114,0.55
sante-suivi,Medisafe,ai health plan,5,70,250,173,0.51
sante-suivi,Medisafe,glp 1 tracker free,5,72,246,133,0.54
sante-suivi,Medisafe,sleep position tracker,5,50,248,229,0.49
sante-suivi,Medisafe,pill recognizer,5,51,248,129,0.54
sante-suivi,Medisafe,dose tracker,5,72,247,14,0.91
sante-suivi,Medisafe,filter reminder,5,53,250,42,0.68
sante-suivi,Medisafe,vitamin schedule,5,34,240,112,0.55
sante-suivi,Medisafe,vitamin planner,5,,250,12,0.96
sante-suivi,Medisafe,vitamin scheduler,5,28,235,112,0.55
sante-suivi,Medisafe,vitamin organizer,5,80,250,2,2.29
sante-suivi,Medisafe,vitamin alarm,5,80,250,1,5.00
sante-suivi,Medisafe,vitamin manager,5,68,246,102,0.56
sante-suivi,Medisafe,vitamin timer,5,,250,31,0.73
sante-suivi,Medisafe,medicine organizer,5,63,249,1,5.00
sante-suivi,Medisafe,medicine manager,5,20,247,1,5.00
sante-suivi,Medisafe,smart reminder,5,83,239,42,0.68
sante-suivi,Medisafe,medication inventory,5,20,247,8,1.10
sante-suivi,Medisafe,relief client,5,96,248,147,0.53
sante-suivi,Medisafe,injury identifier,5,,249,172,0.51
sante-suivi,Medisafe,ozempic log,5,77,245,82,0.59
sante-suivi,Medisafe,reminder арр,5,55,247,164,0.52
sante-suivi,Medisafe,drug dosing,5,73,250,113,0.55
sante-suivi,Medisafe,acute management checklist,5,,248,25,0.77
sante-suivi,Medisafe,grocery inventory reminder,5,,248,36,0.70
sante-suivi,Medisafe,subscribe tracker,5,83,250,139,0.53
sante-suivi,Medisafe,medical plants,5,84,248,46,0.67
sante-suivi,Medisafe,addiction tracking,5,20,234,127,0.54
sante-suivi,Medisafe,remplacement medical,5,20,249,70,0.61
sante-suivi,Medisafe,snus tracker,5,58,250,185,0.51
sante-suivi,Medisafe,drug checker,5,58,249,42,0.68
sante-suivi,Medisafe,minoxidil tracker,5,47,248,21,0.81
sante-suivi,Medisafe,list to do reminder,5,,250,97,0.57
sante-suivi,Medisafe,supplify: supplement tracker,5,47,249,238,0.48
sante-suivi,Medisafe,drivers ed supplement,5,,231,158,0.52
sante-suivi,Medisafe,vet reminder,5,36,250,43,0.68
sante-suivi,Medisafe,reminder alarms,5,13,247,125,0.54
sante-suivi,Medisafe,enbrel,5,,232,9,1.06
sante-suivi,Medisafe,appointment management,5,20,248,72,0.60
sante-suivi,Medisafe,crohn's,5,,243,58,0.63
sante-suivi,Medisafe,pressure 24/7,5,,248,20,0.82
sante-suivi,Medisafe,health groups,5,,248,103,0.56
sante-suivi,Medisafe,meagain glp-1,5,28,231,53,0.64
sante-suivi,Medisafe,scanner vitamin,5,72,248,172,0.51
sante-suivi,Medisafe,mylife health,5,,250,108,0.56
sante-suivi,Medisafe,medical identifier,5,20,248,27,0.76
sante-suivi,Medisafe,injury scanner,5,,250,65,0.62
sante-suivi,Medisafe,snap health,5,56,249,144,0.53
sante-suivi,Medisafe,meat tracker app,5,66,249,199,0.50
sante-suivi,Medisafe,pet health manager,5,36,241,132,0.54
sante-suivi,Medisafe,notification snooze,5,94,250,39,0.69
sante-suivi,Medisafe,medication refill reminder,5,84,246,1,5.00
sante-suivi,Medisafe,plant medicinal,5,78,249,99,0.57
sante-suivi,Medisafe,subscriptions reminder,5,49,246,126,0.54
sante-suivi,Medisafe,glp-1 tracker free,5,70,247,133,0.54
sante-suivi,Medisafe,free glp-1 tracker,5,87,250,92,0.58
sante-suivi,Medisafe,quit porm,5,,239,177,0.51
sante-suivi,Medisafe,ai medicine,5,47,249,84,0.59
sante-suivi,Medisafe,disease journal,5,,250,125,0.54
sante-suivi,Medisafe,glp-1 diary,5,73,247,128,0.54
sante-suivi,Medisafe,med identifier,5,78,248,27,0.76
sante-suivi,Medisafe,medical summary,5,,232,22,0.80
sante-suivi,Medisafe,medical summarizer,5,,249,119,0.55
sante-suivi,Medisafe,dog epilepsy,5,,249,127,0.54
sante-suivi,Medisafe,life reminder,5,,249,15,0.89
sante-suivi,Medisafe,elderly medication,5,34,248,4,1.49
sante-suivi,Medisafe,medicine ai,5,69,250,105,0.56
sante-suivi,Medisafe,don’t forget app,5,53,249,127,0.54
sante-suivi,Medisafe,cancer tracker,5,18,249,142,0.53
sante-suivi,Medisafe,mango note,5,,250,174,0.51
sante-suivi,Medisafe,pill remind,5,72,248,2,2.29
sante-suivi,Medisafe,class reminder,5,44,250,152,0.52
sante-suivi,Medisafe,renewal reminders,5,46,250,63,0.62
sante-suivi,Medisafe,wegovy care,5,,245,89,0.58
sante-suivi,Medisafe,takeout tracker,5,72,250,83,0.59
sante-suivi,Medisafe,labour contractions timer,5,53,249,78,0.59
sante-suivi,Medisafe,expiry alerts & reminders,5,13,250,125,0.54
sante-suivi,Medisafe,app subscription tracker,5,75,248,93,0.57
sante-suivi,Medisafe,drip me,5,52,247,110,0.56
sante-suivi,Medisafe,auto create reminders,5,,248,83,0.59
sante-suivi,Medisafe,hrt tracker,5,56,249,162,0.52
sante-suivi,Medisafe,medicine checker,5,53,250,11,0.98
sante-suivi,Medisafe,natural medicine,5,74,250,124,0.54
sante-suivi,Medisafe,claims tracket,5,36,250,178,0.51
sante-suivi,Medisafe,cat medication,5,56,250,38,0.70
sante-suivi,Medisafe,medication scanner,5,44,249,16,0.87
sante-suivi,Medisafe,expiry date tracking,5,,239,184,0.51
sante-suivi,Medisafe,google calendar reminders,5,,248,140,0.53
sante-suivi,Medisafe,memorae,5,,250,94,0.57
sante-suivi,Medisafe,dog medication,5,45,250,70,0.61
sante-suivi,Medisafe,chat gpt health,5,,249,164,0.52
sante-suivi,Medisafe,drug test scanner,5,53,250,85,0.58
sante-suivi,Medisafe,contraction timer counter,5,68,246,173,0.51
sante-suivi,Medisafe,waterproof reminder,5,,249,38,0.70
sante-suivi,Medisafe,family caregiver,5,28,247,151,0.52
sante-suivi,Medisafe,bleep me,5,79,250,53,0.64
sante-suivi,Medisafe,time  tracker,5,,250,175,0.51
sante-suivi,Medisafe,ozempic tracking,5,74,246,194,0.50
sante-suivi,Medisafe,ai health monitoring,5,79,248,191,0.50
sante-suivi,Medisafe,tracker dictionary,5,49,246,208,0.50
sante-suivi,Medisafe,water reminder tracker,5,,243,172,0.51
sante-suivi,Medisafe,pills identifier,5,75,250,36,0.70
sante-suivi,Medisafe,bleep me!,5,78,250,41,0.68
sante-suivi,Medisafe,plants medicine,5,,248,49,0.66
sante-suivi,Medisafe,трекер сахара,5,,250,140,0.53
sante-suivi,Medisafe,pet medication & care tracker,5,15,247,118,0.55
sante-suivi,Medisafe,visa expiry tracker,5,,250,93,0.57
sante-suivi,Medisafe,drug free counter,5,,250,33,0.72
sante-suivi,Medisafe,reconnect reminder,5,,241,164,0.52
sante-suivi,Medisafe,artificial intelligence medicine,5,68,250,97,0.57
sante-suivi,Medisafe,ai drug interactions,5,48,249,99,0.57
sante-suivi,Medisafe,medical ai app,5,74,250,164,0.52
sante-suivi,Medisafe,remind my pill,5,,210,4,1.49
sante-suivi,Medisafe,sleep medication,5,,234,84,0.59
sante-suivi,Medisafe,ozempic companion app,5,72,247,201,0.50
sante-suivi,Medisafe,save apps,5,77,224,113,0.55
sante-suivi,Medisafe,save tracks,5,33,236,81,0.59
sante-suivi,Medisafe,cat health manager,5,15,248,239,0.48
sante-suivi,Medisafe,gentle reminder,5,48,250,24,0.78
sante-suivi,Medisafe,pillcall,5,,244,38,0.70
sante-suivi,Medisafe,sick days,5,95,250,195,0.50
sante-suivi,Medisafe,peptides tracker,5,31,245,121,0.55
sante-suivi,Medisafe,depression manager,5,,250,93,0.57
sante-suivi,Medisafe,medical expenses,5,79,247,4,1.49
sante-suivi,Medisafe,medical budget,5,80,244,53,0.64
sante-suivi,Medisafe,medication counter,5,,250,5,1.34
sante-suivi,Medisafe,medication symptom tracker,5,29,248,15,0.89
sante-suivi,Medisafe,medication widget,5,,247,4,1.49
sante-suivi,Medisafe,emergency preparedness home checklist,5,53,248,96,0.57
sante-suivi,Medisafe,pill reminder for elderly,5,,240,1,5.00
sante-suivi,Medisafe,dog health journal,5,52,246,126,0.54
sante-suivi,Medisafe,aclohol free tracker,5,35,249,227,0.49
sante-suivi,Medisafe,dog medical,5,86,250,174,0.51
sante-suivi,Medisafe,meds log,5,,210,1,5.00
sante-suivi,Medisafe,caregiver medication tracker,5,,239,1,5.00
sante-suivi,Medisafe,missed dose alert,5,,242,24,0.78
sante-suivi,Medisafe,family medication tracker,5,21,239,1,5.00
sante-suivi,Medisafe,medicine tracker reminder,5,,248,2,2.29
sante-suivi,Medisafe,prescription assistant,5,45,246,118,0.55
sante-suivi,Medisafe,com.medication.reminder.simple,5,,247,5,1.34
sante-suivi,Medisafe,free week,5,,240,162,0.52
sante-suivi,Medisafe,gentle daily reminder,5,,250,43,0.68
sante-suivi,Medisafe,heal your own speed,5,,243,185,0.51
sante-suivi,Medisafe,start my free week,5,55,248,58,0.63
sante-suivi,Medisafe,miss period tracker app,5,,249,145,0.53
sante-suivi,Medisafe,minder period tracker app,5,,249,102,0.56
sante-suivi,Medisafe,mist period tracker app,5,,249,124,0.54
sante-suivi,Medisafe,period minder,5,,249,201,0.50
sante-suivi,Medisafe,lady log book,5,53,244,119,0.55
sante-suivi,Medisafe,site tracker,5,28,248,150,0.52
sante-suivi,Medisafe,pill checker,5,57,249,29,0.74
sante-suivi,Medisafe,prescription reader,5,58,249,105,0.56
sante-suivi,Medisafe,medical prescription scanner,5,71,248,130,0.54
sante-suivi,Medisafe,doctor prescription scanner,5,47,248,137,0.53
sante-suivi,Medisafe,medication reader,5,36,250,12,0.96
sante-suivi,Medisafe,drug reader,5,94,250,80,0.59
sante-suivi,Medisafe,medicine list scanner,5,53,250,15,0.89
sante-suivi,Medisafe,medicine information,5,75,250,5,1.34
sante-suivi,Medisafe,medication information,5,70,250,4,1.49
sante-suivi,Medisafe,drug lookup,5,53,250,139,0.53
sante-suivi,Medisafe,rx lookup,5,47,247,143,0.53
sante-suivi,Medisafe,prescription lookup,5,45,247,127,0.54
sante-suivi,Medisafe,read prescription,5,52,248,95,0.57
sante-suivi,Medisafe,identify prescription,5,51,247,69,0.61
sante-suivi,Medisafe,prescription scanner app,5,57,248,147,0.53
sante-suivi,Medisafe,scan medicine prescription,5,36,247,128,0.54
sante-suivi,Medisafe,scan prescription online,5,71,248,157,0.52
sante-suivi,Medisafe,prescription verifier,5,36,247,148,0.53
sante-suivi,Medisafe,prescription recognition app,5,47,247,173,0.51
sante-suivi,Medisafe,medical note scanner,5,53,249,156,0.52
sante-suivi,Medisafe,medicine prescription reader,5,47,248,99,0.57
sante-suivi,Medisafe,rx prescription scanner,5,53,247,107,0.56
sante-suivi,Medisafe,medical script reader,5,47,248,51,0.65
sante-suivi,Medisafe,prescription organizer,5,84,244,1,5.00
sante-suivi,Medisafe,medicine guide,5,96,249,124,0.54
sante-suivi,Medisafe,pill information,5,87,248,30,0.74
sante-suivi,Medisafe,drug information app,5,70,250,30,0.74
sante-suivi,Medisafe,pharmacy scanner,5,72,247,189,0.50
sante-suivi,Medisafe,prescription photo scanner,5,70,247,112,0.55
sante-suivi,Medisafe,medical record scanner,5,48,249,103,0.56
sante-suivi,Medisafe,medical record reader,5,47,248,47,0.66
sante-suivi,Medisafe,electronic prescription,5,47,246,121,0.55
sante-suivi,Medisafe,e prescription reader,5,45,247,158,0.52
sante-suivi,Medisafe,pill remindem,5,,246,1,5.00
sante-suivi,Medisafe,retatrutide tracker,5,81,248,126,0.54
sante-suivi,Medisafe,medical document,5,81,248,108,0.56
sante-suivi,Medisafe,automatic schedule,5,58,242,164,0.52
sante-suivi,Medisafe,medical facturing,5,27,247,144,0.53
sante-suivi,Medisafe,glowise: glp-1 tracker & diary,5,61,243,93,0.57
sante-suivi,Medisafe,glp-1tracker,5,36,245,130,0.54
sante-suivi,Medisafe,glp 3 tracker,5,75,248,71,0.61
sante-suivi,Medisafe,id expiry tracker,5,,247,121,0.55
sante-suivi,Medisafe,stay tracker,5,93,247,50,0.65
sante-suivi,Medisafe,pet health booklet,5,77,250,134,0.54
sante-suivi,Medisafe,dog health record,5,69,250,153,0.52
sante-suivi,Medisafe,vaccination booklet,5,47,248,143,0.53
sante-suivi,Medisafe,dog medication log,5,47,248,30,0.74
sante-suivi,Medisafe,digital medication reminder,5,79,244,1,5.00
sante-suivi,Medisafe,digital health booklet,5,89,250,43,0.68
sante-suivi,Medisafe,annual vaccination reminder,5,70,250,58,0.63
sante-suivi,Medisafe,flea treatment reminder,5,83,247,3,1.74
sante-suivi,Medisafe,heartworm medication,5,93,250,17,0.86
sante-suivi,Medisafe,medication dose tracker,5,83,249,2,2.29
sante-suivi,Medisafe,dog medication reminder,5,57,246,8,1.10
sante-suivi,Medisafe,shotsy glp-1 tracker,5,48,236,49,0.66
sante-suivi,Medisafe,glp-1 care,5,,247,130,0.54
sante-suivi,Medisafe,medication dosage calculator,5,17,247,50,0.65
sante-suivi,Medisafe,medical id card,5,,247,40,0.69
sante-suivi,Medisafe,mediately drug registry,5,60,249,2,2.29
sante-suivi,Medisafe,appointment setter,5,,247,143,0.53
sante-suivi,Medisafe,fall alert,5,86,250,65,0.62
sante-suivi,Medisafe,water reminder for elderly,5,,250,122,0.55
sante-suivi,Medisafe,medication reminder daily,5,,245,3,1.74
sante-suivi,Medisafe,insulin patch tracker,5,60,248,144,0.53
sante-suivi,Medisafe,medication kit templates,5,,249,3,1.74
sante-suivi,Medisafe,medicine kit,5,20,249,30,0.74
sante-suivi,Medisafe,family medication organizer,5,,247,2,2.29
sante-suivi,Medisafe,medicine inventory,5,,250,17,0.86
sante-suivi,Medisafe,medicine expiry,5,25,249,2,2.29
sante-suivi,Medisafe,medication expiration,5,,249,2,2.29
sante-suivi,Medisafe,medicine expiry tracker,5,,250,3,1.74
sante-suivi,Medisafe,medication expiration tracker,5,,250,2,2.29
sante-suivi,Medisafe,medication stock tracker,5,,249,4,1.49
sante-suivi,Medisafe,travel medication list,5,,250,3,1.74
sante-suivi,Medisafe,personal medication record,5,46,250,4,1.49
sante-suivi,Medisafe,medicine packing list,5,,249,26,0.76
sante-suivi,Medisafe,medication packing list,5,,250,24,0.78
sante-suivi,Medisafe,medicine label scanner,5,,248,31,0.73
sante-suivi,Medisafe,medicine barcode scanner,5,,249,127,0.54
sante-suivi,Medisafe,prescription label scanner,5,,247,47,0.66
sante-suivi,Medisafe,medication card,5,,249,5,1.34
sante-suivi,Medisafe,medicine expiry alert,5,,249,13,0.93
sante-suivi,Medisafe,medication expiry reminder,5,,246,1,5.00
sante-suivi,Medisafe,medicine expiry reminder,5,,248,1,5.00
sante-suivi,Medisafe,medication expiration reminder,5,,248,2,2.29
sante-suivi,Medisafe,medicine expiration reminder,5,,247,4,1.49
sante-suivi,Medisafe,medication expiration alert,5,,248,1,5.00
sante-suivi,Medisafe,medicine expiration alert,5,,249,9,1.06
sante-suivi,Medisafe,medication low stock reminder,5,,249,1,5.00
sante-suivi,Medisafe,medicine low stock reminder,5,,247,1,5.00
sante-suivi,Medisafe,medication low stock alert,5,,249,1,5.00
sante-suivi,Medisafe,medicine low stock alert,5,,245,14,0.91
sante-suivi,Medisafe,medicine stock tracker,5,,248,13,0.93
sante-suivi,Medisafe,medication inventory tracker,5,,249,2,2.29
sante-suivi,Medisafe,medicine inventory tracker,5,,250,5,1.34
sante-suivi,Medisafe,home medicine inventory,5,,249,39,0.69
sante-suivi,Medisafe,medicine cabinet inventory,5,,249,17,0.86
sante-suivi,Medisafe,medication inventory app,5,,250,2,2.29
sante-suivi,Medisafe,medicine inventory app,5,,250,14,0.91
sante-suivi,Medisafe,pill inventory,5,,249,20,0.82
sante-suivi,Medisafe,medicine kit organizer,5,,250,2,2.29
sante-suivi,Medisafe,medication kit organizer,5,46,250,3,1.74
sante-suivi,Medisafe,medicine cabinet organizer,5,32,248,8,1.10
sante-suivi,Medisafe,home medicine organizer,5,45,247,2,2.29
sante-suivi,Medisafe,family medicine organizer,5,59,248,1,5.00
sante-suivi,Medisafe,medicine kit organiser,5,,249,2,2.29
sante-suivi,Medisafe,medicine cabinet organiser,5,,245,9,1.06
sante-suivi,Medisafe,home medicine organiser,5,,250,2,2.29
sante-suivi,Medisafe,family medicine organiser,5,,249,1,5.00
sante-suivi,Medisafe,medication use log,5,,250,2,2.29
sante-suivi,Medisafe,medicine use log,5,,250,4,1.49
sante-suivi,Medisafe,medication usage log,5,,249,1,5.00
sante-suivi,Medisafe,medicine usage log,5,,250,3,1.74
sante-suivi,Medisafe,personal medicine list,5,35,249,2,2.29
sante-suivi,Medisafe,family medicine list,5,,250,1,5.00
sante-suivi,Medisafe,medication quantity tracker,5,,249,2,2.29
sante-suivi,Medisafe,medicine quantity tracker,5,,248,4,1.49
sante-suivi,Medisafe,medicine package scanner,5,,248,18,0.84
sante-suivi,Medisafe,medication package scanner,5,,249,11,0.98
sante-suivi,Medisafe,medicine label reader,5,,249,19,0.83
sante-suivi,Medisafe,medication label reader,5,,249,1,5.00
sante-suivi,Medisafe,schedule e,5,93,248,83,0.59
sante-suivi,Medisafe,chili identifier,5,,248,231,0.49
sante-suivi,Medisafe,medicinal identifier,5,,250,83,0.59
sante-suivi,Medisafe,visa appointment tracker,5,,248,54,0.64
sante-suivi,Medisafe,work permit tracker,5,52,250,11,0.98
sante-suivi,Medisafe,pr card tracker,5,,249,223,0.49
sante-suivi,Medisafe,case file tracker,5,28,248,195,0.50
sante-suivi,Medisafe,docket tracker,5,,247,41,0.68
sante-suivi,Medisafe,case tracker online,5,,250,50,0.65
sante-suivi,Medisafe,tracker de casos,5,,250,233,0.49
sante-suivi,Medisafe,migra tracker,5,,249,133,0.54
sante-suivi,Medisafe,hrt and peptide,5,46,248,195,0.50
sante-suivi,Medisafe,glp 1 tracker app,5,45,247,164,0.52
sante-suivi,Medisafe,surgery reminder,5,,248,86,0.58
sante-suivi,Medisafe,daycare vaccine records,5,53,247,191,0.50
sante-suivi,Medisafe,glp-1 dose tracker,5,68,246,116,0.55
sante-suivi,Medisafe,klow peptide,5,33,244,69,0.61
sante-suivi,Medisafe,elderly medication reminder,5,54,244,1,5.00
sante-suivi,Medisafe,midwife contraction tracker,5,,247,95,0.57
sante-suivi,Medisafe,dog reminder app,5,,248,112,0.55
sante-suivi,Medisafe,dog health manager,5,,246,223,0.49
sante-suivi,Medisafe,peptide tracker app,5,49,243,206,0.50
sante-suivi,Medisafe,use by tracker,5,,249,228,0.49
sante-suivi,Medisafe,use by reminder,5,,248,92,0.58
sante-suivi,Medisafe,2 2 3 schedule,5,,248,129,0.54
sante-suivi,Medisafe,chronic illness pet tracker,5,,250,139,0.53
sante-suivi,Medisafe,elderly health tracker,5,,249,96,0.57
sante-suivi,Medisafe,یادآور آب,5,,250,132,0.54
sante-suivi,Medisafe,رژیم گیاهخواری,5,,250,62,0.62
sante-suivi,Medisafe,रिमाइंडर,,72,234,85,
sante-suivi,Medisafe,पंचांग कैलेंडर,,51,248,167,
sante-suivi,Medisafe,rinnovo automatico,,89,249,149,
sante-suivi,Medisafe,uyku kalitenizi arttırmak için,,86,250,51,
sante-suivi,Medisafe,フィードバック,,85,215,209,
sante-suivi,Medisafe,엘지,,70,250,200,
sante-suivi,Medisafe,babybekleidung,,47,248,86,
sante-suivi,Medisafe,без регистрации шагомер,,44,245,120,
sante-suivi,Medisafe,minuteur douche,,52,247,177,
sante-suivi,Medisafe,garde manger,,82,248,93,
sante-suivi,Medisafe,viden til forskel,,89,249,4,
sante-suivi,Medisafe,क्लिनिक,,91,250,205,
sante-suivi,Medisafe,क्लिनिक सिम्युलेटर,,94,250,113,
sante-suivi,Medisafe,睡眠の質を記録、分析、改善できる健康管理のスーパーアプリ,,63,225,94,
sante-suivi,Medisafe,snabbare,,73,248,150,
sante-suivi,Medisafe,arvioi olut,,70,248,164,
sante-suivi,Medisafe,öntözési emlékeztető,,70,250,106,
sante-suivi,Medisafe,हिंदी पंचांग,,57,249,224,
sante-suivi,Medisafe,hemşire sözlüğü,,58,249,49,
sante-suivi,Medisafe,doktor sözlüğü,,85,248,104,
sante-suivi,Medisafe,apothekensuche,,57,249,33,
sante-suivi,Medisafe,forme semplici,,91,250,207,
sante-suivi,Medisafe,stop corona,,94,250,92,
sante-suivi,Medisafe,notif reminder,,,238,114,
sante-suivi,Medisafe,moduli di ispezione,,85,207,22,
sante-suivi,Medisafe,medicines (दवाएँ),,51,248,9,
sante-suivi,Medisafe,hindi panjika,,51,248,242,
sante-suivi,Medisafe,2023 ka urdu calendar,,33,243,171,
sante-suivi,Medisafe,mm-calendar 2023,,71,250,139,
sante-suivi,Medisafe,improve your safety,,45,247,223,
sante-suivi,Medisafe,ici pour,,53,216,16,
sante-suivi,Medisafe,वजन,,48,242,140,
sante-suivi,Medisafe,wekelijkse maaltijdplanner,,78,250,134,
sante-suivi,Medisafe,tagebuch für ideen,,45,244,219,
sante-suivi,Medisafe,samsong duplicar pantalla,,70,244,215,
sante-suivi,Medisafe,lg control tablette,,36,244,159,
sante-suivi,Medisafe,bien-être vidéos,,96,249,187,
sante-suivi,Medisafe,एलजी,,72,250,203,
sante-suivi,Medisafe,وحدة تحكم samsung,,61,243,238,
sante-suivi,Medisafe,dublet skærm,,89,205,152,
sante-suivi,Medisafe,o espelhamento de tela,,64,239,195,
sante-suivi,Medisafe,их бет,,97,247,166,
sante-suivi,Medisafe,Pharmaceutical Stockists,,60,240,23,
sante-suivi,Medisafe,right model,,74,250,148,
sante-suivi,Medisafe,थेरेपी नोट्स,,47,248,22,
sante-suivi,Medisafe,चिकित्सक,,25,229,86,
sante-suivi,Medisafe,निःशुल्क चिकित्सा,,92,249,234,
sante-suivi,Medisafe,ऑनलाइन डॉक्टर,,53,249,50,
sante-suivi,Medisafe,चिकित्सा नियुक्ति,,69,243,67,
sante-suivi,Medisafe,pharma stockist,,36,243,26,
sante-suivi,Medisafe,generic medicine wholesale app,,53,241,39,
sante-suivi,Medisafe,generic medicine wholesale suppliers app,,32,242,85,
sante-suivi,Medisafe,ensimmäinen henkilö,,71,237,188,
sante-suivi,Medisafe,chat với bác sĩ,,70,247,123,
sante-suivi,Medisafe,funciones exclusivas,,91,230,223,
sante-suivi,Medisafe,med andra ord,,96,249,152,
sante-suivi,Medisafe,rappel repas,,73,250,59,
sante-suivi,Medisafe,pressure-bp,,79,250,175,
sante-suivi,Medisafe,boxreminder pillo,,,247,2,
sante-suivi,Medisafe,apena,,,249,229,
sante-suivi,Medisafe,rx tracker,,35,248,124,
sante-suivi,Medisafe,remember details about people app,,,247,184,
sante-suivi,Medisafe,medication lookup,,74,249,36,
sante-suivi,Medisafe,pillreminder: medication alarm,,,243,3,
sante-suivi,Medisafe,pill identifier scanner,,51,237,58,
sante-suivi,Medisafe,prescription identifier,,47,248,75,
sante-suivi,Medisafe,ai medication scanner,,53,249,43,
sante-suivi,Medisafe,med id,,63,250,6,
sante-suivi,Medisafe,ai pill identifier,,59,250,82,
sante-suivi,Medisafe,prescription recognition,,31,247,117,
sante-suivi,Medisafe,prescription analyzer,,50,246,134,
sante-suivi,Medisafe,ai prescription reader,,60,248,123,
sante-suivi,Medisafe,ai prescription analyzer,,36,246,103,
sante-suivi,Medisafe,medicine reader,,83,249,3,
sante-suivi,Medisafe,prescription medication scanner,,34,244,81,
sante-suivi,Medisafe,pill prescription scanner,,43,244,75,
sante-suivi,Medisafe,medicine lookup,,60,249,40,
sante-suivi,Medisafe,medicine database,,70,248,4,
sante-suivi,Medisafe,doctor note reader,,45,248,189,
sante-suivi,Medisafe,medicine interaction checker,,53,250,7,
sante-suivi,Medisafe,scan prescription,,44,246,165,
sante-suivi,Medisafe,prescription checker,,45,248,112,
sante-suivi,Medisafe,medical note reader,,47,247,121,
sante-suivi,Medisafe,medicine prescription scanner,,53,247,102,
sante-suivi,Medisafe,medical script scanner,,70,247,81,
sante-suivi,Medisafe,medication information app,,53,249,12,
sante-suivi,Medisafe,medication record,,84,249,2,
sante-suivi,Medisafe,booster reminder,,47,249,49,
sante-suivi,Medisafe,dog health booklet,,53,249,226,
sante-suivi,Medisafe,cat medication log,,53,250,22,
sante-suivi,Medisafe,puppy health booklet,,70,250,218,
sante-suivi,Medisafe,kitten medication log,,47,250,22,
sante-suivi,Medisafe,digital pet health record,,74,250,125,
sante-suivi,Medisafe,pet health calendar,,70,250,149,
sante-suivi,Medisafe,dog pill reminder,,83,248,5,
sante-suivi,Medisafe,cat pill reminder,,82,247,6,
sante-suivi,Medisafe,hrt medication tracker,,,245,5,
sante-suivi,Medisafe,epilepsy patient manager,,,245,187,
sante-suivi,Medisafe,medication side effect tracker,,,250,3,
sante-suivi,Medisafe,pill monitor pro,,,250,36,
sante-suivi,Medisafe,pill widget,,,246,3,
sante-suivi,Medisafe,symptom recorder,,19,247,84,
sante-suivi,Medisafe,chemo symptom tracker,,,248,29,
sante-suivi,Medisafe,stroke med reminder,,,244,1,
sante-suivi,Medisafe,medication expiry alert,,,248,3,
sante-suivi,Medisafe,visa appointment alerts,,,250,135,
sante-suivi,Medisafe,dog pill,,36,248,125,
sante-suivi,Medisafe,mylyfe,,,242,25,
sante-suivi,SmokeFree,فري فاير,60,96,243,38,8.35
sante-suivi,SmokeFree,ان,55,87,248,101,6.21
sante-suivi,SmokeFree,free now,54,85,250,184,5.47
sante-suivi,SmokeFree,quittr,49,76,250,56,6.24
sante-suivi,SmokeFree,rauchfrei,47,49,246,16,8.22
sante-suivi,SmokeFree,quit smoking,46,79,250,1,46.00
sante-suivi,SmokeFree,[quit smoking],46,40,236,64,5.70
sante-suivi,SmokeFree,dejar de fumar,37,69,250,1,37.00
sante-suivi,SmokeFree,arret tabac,36,40,243,6,8.89
sante-suivi,SmokeFree,nichtraucher app kostenlos,35,40,249,8,7.71
sante-suivi,SmokeFree,rauchen aufhören,32,63,178,10,6.51
sante-suivi,SmokeFree,my quit buddy,31,66,250,4,9.23
sante-suivi,SmokeFree,tabac,31,50,246,14,5.65
sante-suivi,SmokeFree,smoking,27,57,249,2,12.39
sante-suivi,SmokeFree,smoking tracker,23,69,246,1,23.00
sante-suivi,SmokeFree,rauchfrei tracker,19,67,218,9,4.01
sante-suivi,SmokeFree,rauchen,17,35,93,13,3.17
sante-suivi,SmokeFree,traduttore cani,15,81,239,210,1.49
sante-suivi,SmokeFree,rauchstopp,14,41,157,2,6.42
sante-suivi,SmokeFree,quitnow,9,81,249,2,4.13
sante-suivi,SmokeFree,nichtraucher,9,44,247,4,2.68
sante-suivi,SmokeFree,kwit,9,77,249,3,3.14
sante-suivi,SmokeFree,stop smoking tracker,9,67,248,1,9.00
sante-suivi,SmokeFree,فوري,9,66,248,223,0.88
sante-suivi,SmokeFree,smokefree,8,78,248,1,8.00
sante-suivi,SmokeFree,quit tracker,8,78,247,6,1.98
sante-suivi,SmokeFree,quit now,7,77,249,2,3.21
sante-suivi,SmokeFree,quit smoking tracker,7,75,247,1,7.00
sante-suivi,SmokeFree,stop smoking,6,77,240,1,6.00
sante-suivi,SmokeFree,cigarette counter,6,49,248,104,0.67
sante-suivi,SmokeFree,cigarette coupons,5,,219,50,0.65
sante-suivi,SmokeFree,calculator pro for ipad free,5,,244,239,0.48
sante-suivi,SmokeFree,now delivery,5,,215,189,0.50
sante-suivi,SmokeFree,quitting,5,81,249,3,1.74
sante-suivi,SmokeFree,quit it,5,74,247,3,1.74
sante-suivi,SmokeFree,quit smoking app,5,57,250,1,5.00
sante-suivi,SmokeFree,smoking app,5,41,248,2,2.29
sante-suivi,SmokeFree,give up smoking,5,25,241,1,5.00
sante-suivi,SmokeFree,no smoking,5,59,247,2,2.29
sante-suivi,SmokeFree,non stop,5,,168,20,0.82
sante-suivi,SmokeFree,cigarette tracker app,5,32,246,3,1.74
sante-suivi,SmokeFree,kwitter,5,86,219,167,0.52
sante-suivi,SmokeFree,quitting smoking,5,72,249,1,5.00
sante-suivi,SmokeFree,calcul de,5,82,237,208,0.50
sante-suivi,SmokeFree,quit smoking counter,5,50,249,3,1.74
sante-suivi,SmokeFree,quit weed,5,77,250,7,1.16
sante-suivi,SmokeFree,tolerance break,5,61,158,14,0.91
sante-suivi,SmokeFree,cigarette lighter,5,,163,8,1.10
sante-suivi,SmokeFree,now now,5,,224,100,0.57
sante-suivi,SmokeFree,quit smoke,5,40,250,1,5.00
sante-suivi,SmokeFree,can,5,100,248,228,0.49
sante-suivi,SmokeFree,rauch,5,46,82,15,0.89
sante-suivi,SmokeFree,sigarayı bırak,5,36,49,5,1.34
sante-suivi,SmokeFree,compteur de cigarettes,5,40,235,33,0.72
sante-suivi,SmokeFree,nicotine tracker,5,78,249,16,0.87
sante-suivi,SmokeFree,e cigarette,5,49,238,50,0.65
sante-suivi,SmokeFree,easy quit smoking,5,47,238,14,0.91
sante-suivi,SmokeFree,cigarette tracker,5,51,247,3,1.74
sante-suivi,SmokeFree,quit cannabis,5,76,250,13,0.93
sante-suivi,SmokeFree,stop word,5,53,230,19,0.83
sante-suivi,SmokeFree,humo,5,50,90,26,0.76
sante-suivi,SmokeFree,give up,5,52,245,147,0.53
sante-suivi,SmokeFree,calculadora apple watch,5,40,247,186,0.51
sante-suivi,SmokeFree,smettere fumare,5,,24,10,1.02
sante-suivi,SmokeFree,quitstart,5,47,250,2,2.29
sante-suivi,SmokeFree,quit vaping app,5,47,250,3,1.74
sante-suivi,SmokeFree,quit juul,5,40,248,24,0.78
sante-suivi,SmokeFree,self harm free,5,78,236,115,0.55
sante-suivi,SmokeFree,smoke less,5,,247,1,5.00
sante-suivi,SmokeFree,craving to quit,5,50,249,3,1.74
sante-suivi,SmokeFree,form von,5,98,248,212,0.49
sante-suivi,SmokeFree,comptes et,5,43,246,238,0.48
sante-suivi,SmokeFree,compte de,5,78,248,87,0.58
sante-suivi,SmokeFree,comptes de,5,30,245,85,0.58
sante-suivi,SmokeFree,non-smoker,5,,174,4,1.49
sante-suivi,SmokeFree,fumer,5,40,240,3,1.74
sante-suivi,SmokeFree,stop smoking easily,5,40,239,15,0.89
sante-suivi,SmokeFree,no smoke,5,78,247,1,5.00
sante-suivi,SmokeFree,cut down smoking,5,40,241,3,1.74
sante-suivi,SmokeFree,sing king,5,70,241,219,0.49
sante-suivi,SmokeFree,recoverybox,5,46,242,50,0.65
sante-suivi,SmokeFree,start watching,5,98,240,63,0.62
sante-suivi,SmokeFree,stio,5,,228,15,0.89
sante-suivi,SmokeFree,non-stop,5,51,208,90,0.58
sante-suivi,SmokeFree,quit e-cigs,5,40,250,158,0.52
sante-suivi,SmokeFree,deixa,5,45,232,3,1.74
sante-suivi,SmokeFree,vape tracker,5,71,250,14,0.91
sante-suivi,SmokeFree,effects cameffects,5,40,231,196,0.50
sante-suivi,SmokeFree,form id,5,40,248,227,0.49
sante-suivi,SmokeFree,quitsure,5,46,188,2,2.29
sante-suivi,SmokeFree,quit drugs,5,71,250,13,0.93
sante-suivi,SmokeFree,health help,5,73,244,225,0.49
sante-suivi,SmokeFree,stop tracking,5,80,239,127,0.54
sante-suivi,SmokeFree,good start,5,84,58,3,1.74
sante-suivi,SmokeFree,stop the madness,5,82,186,18,0.84
sante-suivi,SmokeFree,quit sure,5,55,49,2,2.29
sante-suivi,SmokeFree,good money,5,83,237,231,0.49
sante-suivi,SmokeFree,smoke virtual,5,87,234,15,0.89
sante-suivi,SmokeFree,físico,5,53,249,231,0.49
sante-suivi,SmokeFree,smokin,5,58,233,1,5.00
sante-suivi,SmokeFree,quit nic,5,74,249,7,1.16
sante-suivi,SmokeFree,fumare quit,5,40,248,32,0.73
sante-suivi,SmokeFree,smoke-free,5,51,241,1,5.00
sante-suivi,SmokeFree,bons comptes,5,46,250,228,0.49
sante-suivi,SmokeFree,faire compte,5,43,249,174,0.51
sante-suivi,SmokeFree,Quittercheck,5,40,250,2,2.29
sante-suivi,SmokeFree,quit smoking --~,5,44,246,17,0.86
sante-suivi,SmokeFree,stop vaping app,5,63,250,2,2.29
sante-suivi,SmokeFree,cessation tracker,5,40,250,24,0.78
sante-suivi,SmokeFree,quit cigarette,5,49,241,11,0.98
sante-suivi,SmokeFree,nicotine addiction,5,46,247,118,0.55
sante-suivi,SmokeFree,ex smoker,5,40,247,232,0.49
sante-suivi,SmokeFree,quit smoker,5,62,250,1,5.00
sante-suivi,SmokeFree,ajuda,5,88,249,198,0.50
sante-suivi,SmokeFree,iam sober,5,75,250,163,0.52
sante-suivi,SmokeFree,vape free,5,76,250,7,1.16
sante-suivi,SmokeFree,vape quit,5,42,250,2,2.29
sante-suivi,SmokeFree,clinical resource tools,5,0,250,14,0.91
sante-suivi,SmokeFree,stop smoke,5,49,236,1,5.00
sante-suivi,SmokeFree,quit smokin,5,56,250,2,2.29
sante-suivi,SmokeFree,quit somke,5,40,243,50,0.65
sante-suivi,SmokeFree,stop using nicotine pouches,5,40,250,74,0.60
sante-suivi,SmokeFree,smoke quiter,5,40,241,89,0.58
sante-suivi,SmokeFree,startup tracker,5,91,250,229,0.49
sante-suivi,SmokeFree,stop weed,5,66,248,145,0.53
sante-suivi,SmokeFree,stop vapoing,5,64,249,2,2.29
sante-suivi,SmokeFree,stopper,5,53,236,19,0.83
sante-suivi,SmokeFree,smokeless,5,55,243,3,1.74
sante-suivi,SmokeFree,help stop smoking,5,40,246,1,5.00
sante-suivi,SmokeFree,freer ltd.,5,89,250,26,0.76
sante-suivi,SmokeFree,no vape,5,72,247,3,1.74
sante-suivi,SmokeFree,quite vaping,5,64,250,2,2.29
sante-suivi,SmokeFree,stop pro,5,70,241,33,0.72
sante-suivi,SmokeFree,quit vaping free,5,40,248,7,1.16
sante-suivi,SmokeFree,quit vaping stop vape tracker,5,40,248,11,0.98
sante-suivi,SmokeFree,no nicotine,5,66,250,2,2.29
sante-suivi,SmokeFree,stoppen met roken,5,60,12,8,1.10
sante-suivi,SmokeFree,i am sober\,5,67,250,36,0.70
sante-suivi,SmokeFree,smoking vaping,5,48,247,112,0.55
sante-suivi,SmokeFree,drinking smoke,5,40,244,6,1.24
sante-suivi,SmokeFree,coperacha,5,,218,2,2.29
sante-suivi,SmokeFree,no vaping,5,65,250,4,1.49
sante-suivi,SmokeFree,asmoking,5,64,237,2,2.29
sante-suivi,SmokeFree,vaping smoke,5,45,247,151,0.52
sante-suivi,SmokeFree,smoke vape,5,44,248,32,0.73
sante-suivi,SmokeFree,quit drinkin,5,55,247,89,0.58
sante-suivi,SmokeFree,алькулятор,5,47,233,171,0.51
sante-suivi,SmokeFree,quit vapping,5,64,250,5,1.34
sante-suivi,SmokeFree,Controle de dinheiro,5,,248,168,0.51
sante-suivi,SmokeFree,smoking motivation,5,40,246,181,0.51
sante-suivi,SmokeFree,quit smoking motivation,5,40,241,17,0.86
sante-suivi,SmokeFree,quit Tobacco,5,50,250,3,1.74
sante-suivi,SmokeFree,no smoking tracker,5,65,248,2,2.29
sante-suivi,SmokeFree,quit smoking smartly,5,40,241,2,2.29
sante-suivi,SmokeFree,quit smoking vaping app,5,42,247,6,1.24
sante-suivi,SmokeFree,quit smoking cigarets,5,40,249,34,0.71
sante-suivi,SmokeFree,reduce smoking,5,49,244,6,1.24
sante-suivi,SmokeFree,for quit smoking,5,40,243,3,1.74
sante-suivi,SmokeFree,quit vaping & smoking,5,51,248,54,0.64
sante-suivi,SmokeFree,quit smoking.,5,48,236,85,0.58
sante-suivi,SmokeFree,daily quit routine,5,56,218,10,1.02
sante-suivi,SmokeFree,apple watch app for ipad free,5,51,248,186,0.51
sante-suivi,SmokeFree,apple watch錶面,5,53,250,233,0.49
sante-suivi,SmokeFree,Quit Smooking,5,64,190,1,5.00
sante-suivi,SmokeFree,quit vaping & smoking - nopuff,5,14,248,97,0.57
sante-suivi,SmokeFree,quit smpoking,5,40,244,7,1.16
sante-suivi,SmokeFree,Smoking Cessation App,5,40,248,1,5.00
sante-suivi,SmokeFree,quit smoking tracker-,5,40,245,12,0.96
sante-suivi,SmokeFree,quit smoking tracker1,5,40,247,3,1.74
sante-suivi,SmokeFree,"quit smoking tracker",5,40,243,23,0.79
sante-suivi,SmokeFree,[quit smoking tracker],5,40,244,18,0.84
sante-suivi,SmokeFree,\ quit smoking tracker,5,40,244,13,0.93
sante-suivi,SmokeFree,cigarette tracker app best,5,40,244,2,2.29
sante-suivi,SmokeFree,quit smoking trackers,5,40,246,3,1.74
sante-suivi,SmokeFree,quit smoking trackerss,5,40,246,8,1.10
sante-suivi,SmokeFree,parar de fumar,5,67,249,4,1.49
sante-suivi,SmokeFree,quit. smoking,5,40,241,83,0.59
sante-suivi,SmokeFree,vape quiting,5,42,249,197,0.50
sante-suivi,SmokeFree,smoke,5,40,225,23,0.79
sante-suivi,SmokeFree,quit smokking,5,59,213,1,5.00
sante-suivi,SmokeFree,quit free tracker,5,43,249,94,0.57
sante-suivi,SmokeFree,stop smokibng,5,40,232,1,5.00
sante-suivi,SmokeFree,stop puff,5,40,248,58,0.63
sante-suivi,SmokeFree,Easy Quit Vaping,5,42,246,204,0.50
sante-suivi,SmokeFree,todaystech quit smoking,5,2,239,8,1.10
sante-suivi,SmokeFree,no cigarette,5,40,241,14,0.91
sante-suivi,SmokeFree,electronic cigarettes,5,44,246,145,0.53
sante-suivi,SmokeFree,the giver,5,53,240,94,0.57
sante-suivi,SmokeFree,good health,5,58,227,35,0.71
sante-suivi,SmokeFree,tracker stop,5,45,237,81,0.59
sante-suivi,SmokeFree,cigarette addiction,5,43,246,76,0.60
sante-suivi,SmokeFree,smoke-free life,5,,245,9,1.06
sante-suivi,SmokeFree,quit smokibg,5,65,250,1,5.00
sante-suivi,SmokeFree,quit vipe,5,40,249,185,0.51
sante-suivi,SmokeFree,vape-free life,5,49,249,198,0.50
sante-suivi,SmokeFree,vape-free,5,49,250,165,0.52
sante-suivi,SmokeFree,no sure smoking,5,40,246,3,1.74
sante-suivi,SmokeFree,quittr: quit porn now,5,34,225,20,0.82
sante-suivi,SmokeFree,cigar journal,5,52,215,88,0.58
sante-suivi,SmokeFree,vapimh,5,40,248,180,0.51
sante-suivi,SmokeFree,daily medicine reminder,5,64,40,28,0.75
sante-suivi,SmokeFree,quit wappng,5,40,248,219,0.49
sante-suivi,SmokeFree,quit smoking and tracking,5,40,247,5,1.34
sante-suivi,SmokeFree,smooking,5,40,248,2,2.29
sante-suivi,SmokeFree,quittr:,5,73,249,175,0.51
sante-suivi,SmokeFree,quit coke,5,40,249,39,0.69
sante-suivi,SmokeFree,quit phone,5,44,249,140,0.53
sante-suivi,SmokeFree,quit game,5,81,250,179,0.51
sante-suivi,SmokeFree,quit vaping now,5,48,247,46,0.67
sante-suivi,SmokeFree,vape puff,5,40,249,83,0.59
sante-suivi,SmokeFree,quit smokign,5,58,250,1,5.00
sante-suivi,SmokeFree,quit vapo,5,65,250,5,1.34
sante-suivi,SmokeFree,stop vapein,5,42,247,45,0.67
sante-suivi,SmokeFree,quit smoke tracker,5,40,244,24,0.78
sante-suivi,SmokeFree,quit cigarettes,5,49,250,1,5.00
sante-suivi,SmokeFree,quittr quit,5,46,248,203,0.50
sante-suivi,SmokeFree,quit fapping,5,40,249,155,0.52
sante-suivi,SmokeFree,cigar review,5,36,185,68,0.61
sante-suivi,SmokeFree,ai quit,5,66,243,37,0.70
sante-suivi,SmokeFree,stoner,5,66,238,45,0.67
sante-suivi,SmokeFree,quit porn app,5,34,233,50,0.65
sante-suivi,SmokeFree,vipe quit,5,40,249,172,0.51
sante-suivi,SmokeFree,ai quit smoking,5,43,244,7,1.16
sante-suivi,SmokeFree,ai quit vaping,5,40,247,156,0.52
sante-suivi,SmokeFree,ai smoke tracker,5,87,245,46,0.67
sante-suivi,SmokeFree,ai smoking tracker,5,40,245,35,0.71
sante-suivi,SmokeFree,[quit vaping tracker],5,40,248,54,0.64
sante-suivi,SmokeFree,[бросить курить],5,40,214,97,0.57
sante-suivi,SmokeFree,how quit smoking,5,40,241,1,5.00
sante-suivi,SmokeFree,puff count:,5,45,248,102,0.56
sante-suivi,SmokeFree,how to quit,5,40,247,30,0.74
sante-suivi,SmokeFree,paring number,5,37,94,87,0.58
sante-suivi,SmokeFree,hypnotherapy smoking,5,40,242,138,0.53
sante-suivi,SmokeFree,quitit,5,56,249,7,1.16
sante-suivi,SmokeFree,quit helo,5,19,169,1,5.00
sante-suivi,SmokeFree,quit help,5,40,245,1,5.00
sante-suivi,SmokeFree,quit smoking - ai coach,5,40,243,7,1.16
sante-suivi,SmokeFree,buddy help,5,62,204,7,1.16
sante-suivi,SmokeFree,nicotine tracking,5,47,248,34,0.71
sante-suivi,SmokeFree,knowyou,5,65,238,17,0.86
sante-suivi,SmokeFree,quit tracke,5,45,247,233,0.49
sante-suivi,SmokeFree,qiut,5,65,249,61,0.63
sante-suivi,SmokeFree,quit snus & nicotine pouches,5,,248,6,1.24
sante-suivi,SmokeFree,puff count: quit vaping,5,44,247,239,0.48
sante-suivi,SmokeFree,quit smokingh,5,40,241,4,1.49
sante-suivi,SmokeFree,smoek,5,40,249,2,2.29
sante-suivi,SmokeFree,quiit,5,65,247,166,0.52
sante-suivi,SmokeFree,quit vipping,5,40,248,122,0.55
sante-suivi,SmokeFree,sober+,5,42,248,72,0.60
sante-suivi,SmokeFree,smoke free tracker,5,71,247,1,5.00
sante-suivi,SmokeFree,weed quit,5,68,249,8,1.10
sante-suivi,SmokeFree,stops+,5,56,248,239,0.48
sante-suivi,SmokeFree,amoking,5,40,247,2,2.29
sante-suivi,SmokeFree,stopr,5,54,245,38,0.70
sante-suivi,SmokeFree,quit smoke ai,5,25,213,1,5.00
sante-suivi,SmokeFree,vape stop,5,42,247,134,0.54
sante-suivi,SmokeFree,quitnows,5,40,249,13,0.93
sante-suivi,SmokeFree,quit cig,5,50,246,167,0.52
sante-suivi,SmokeFree,qu.it,5,44,249,22,0.80
sante-suivi,SmokeFree,nicotine-free,5,47,250,9,1.06
sante-suivi,SmokeFree,top health tracker,5,,215,80,0.59
sante-suivi,SmokeFree,stop eating junk,5,40,249,97,0.57
sante-suivi,SmokeFree,free%20apps%20for%20apple%20watch,5,87,249,132,0.54
sante-suivi,SmokeFree,quit%20tracker,5,40,248,1,5.00
sante-suivi,SmokeFree,glp%201%20tracker,5,40,249,31,0.73
sante-suivi,SmokeFree,smoke%20free,5,87,249,29,0.74
sante-suivi,SmokeFree,quittr%3A,5,44,249,96,0.57
sante-suivi,SmokeFree,cigarette%20tracker%20app,5,40,241,4,1.49
sante-suivi,SmokeFree,stop%20smoking%20tracker,5,73,246,3,1.74
sante-suivi,SmokeFree,quit%20smoking%20tracker,5,40,246,26,0.76
sante-suivi,SmokeFree,quitter-stop porn addiction,5,51,225,33,0.72
sante-suivi,SmokeFree,quit vapiing,5,42,247,143,0.53
sante-suivi,SmokeFree,smoke%20it,5,87,248,15,0.89
sante-suivi,SmokeFree,quit%20smoking,5,40,243,25,0.77
sante-suivi,SmokeFree,%5Bquit%20smoking%5D,5,40,250,244,0.48
sante-suivi,SmokeFree,accountable stop drinking,5,40,247,168,0.51
sante-suivi,SmokeFree,quiet quitting,5,,233,18,0.84
sante-suivi,SmokeFree,smoke hypnosis,5,44,235,212,0.49
sante-suivi,SmokeFree,hypnosis smoke,5,,239,199,0.50
sante-suivi,SmokeFree,baseball habit,5,,159,53,0.64
sante-suivi,SmokeFree,no ciggarette,5,,170,8,1.10
sante-suivi,SmokeFree,smoking habit tracker,5,47,246,35,0.71
sante-suivi,SmokeFree,smoking cbt,5,40,247,202,0.50
sante-suivi,SmokeFree,smoking journal,5,43,247,27,0.76
sante-suivi,SmokeFree,quit smoking gradually,5,47,249,4,1.49
sante-suivi,SmokeFree,smoking gradually,5,49,249,219,0.49
sante-suivi,SmokeFree,cbt quit smoking,5,44,245,38,0.70
sante-suivi,SmokeFree,mindfulness quit smoking,5,,195,7,1.16
sante-suivi,SmokeFree,track smoking cravings,5,40,247,128,0.54
sante-suivi,SmokeFree,smoking diary,5,43,240,19,0.83
sante-suivi,SmokeFree,quit smoking streak,5,40,247,90,0.58
sante-suivi,SmokeFree,quit smoking buddy,5,52,244,14,0.91
sante-suivi,SmokeFree,quit smmoking,5,40,241,6,1.24
sante-suivi,SmokeFree,quit drug,5,73,250,196,0.50
sante-suivi,SmokeFree,now and,5,87,235,200,0.50
sante-suivi,SmokeFree,sugare quit,5,40,248,152,0.52
sante-suivi,SmokeFree,quitbot,5,49,249,3,1.74
sante-suivi,SmokeFree,quitrr,5,70,249,226,0.49
sante-suivi,SmokeFree,no-vape,5,40,247,7,1.16
sante-suivi,SmokeFree,clear30,5,53,32,6,1.24
sante-suivi,SmokeFree,smoking weed,5,55,248,206,0.50
sante-suivi,SmokeFree,quit smoking tracker: quitdate,5,44,250,3,1.74
sante-suivi,SmokeFree,cigarrete tracker app,5,40,242,17,0.86
sante-suivi,SmokeFree,cigarrette tracker app,5,40,240,18,0.84
sante-suivi,SmokeFree,stop smokimg,5,65,239,1,5.00
sante-suivi,SmokeFree,help quit smoking,5,43,249,1,5.00
sante-suivi,SmokeFree,compteur & compte-tout,5,,250,62,0.62
sante-suivi,SmokeFree,vaping count,5,,247,211,0.49
sante-suivi,SmokeFree,stop fapping,5,43,248,123,0.54
sante-suivi,SmokeFree,quitcorn - quit porn forever,5,37,225,53,0.64
sante-suivi,SmokeFree,quit smokinh,5,65,249,1,5.00
sante-suivi,SmokeFree,cigarrette tracker,5,40,247,4,1.49
sante-suivi,SmokeFree,cigarett tracker,5,44,242,62,0.62
sante-suivi,SmokeFree,cigarretes tracker app,5,40,244,18,0.84
sante-suivi,SmokeFree,cigaretes tracker app,5,40,245,15,0.89
sante-suivi,SmokeFree,cigarettes tracker app,5,40,243,7,1.16
sante-suivi,SmokeFree,clear 30,5,46,25,4,1.49
sante-suivi,SmokeFree,smoke identifier,5,,245,27,0.76
sante-suivi,SmokeFree,clear30: quit smoking weed,5,,216,4,1.49
sante-suivi,SmokeFree,cigarete,5,40,227,51,0.65
sante-suivi,SmokeFree,quit smoking weed,5,73,250,8,1.10
sante-suivi,SmokeFree,smoking stop,5,44,233,1,5.00
sante-suivi,SmokeFree,quit smoking aid,5,44,245,34,0.71
sante-suivi,SmokeFree,airport smoking,5,,216,21,0.81
sante-suivi,SmokeFree,how to quit drinking,5,40,246,103,0.56
sante-suivi,SmokeFree,smokd,5,48,249,2,2.29
sante-suivi,SmokeFree,quit anything,5,55,248,33,0.72
sante-suivi,SmokeFree,wake up: quit porn for 7 days,5,38,244,74,0.60
sante-suivi,SmokeFree,cigarettes  track,5,40,244,22,0.80
sante-suivi,SmokeFree,quit vapin,5,77,250,5,1.34
sante-suivi,SmokeFree,quit smoking stop,5,44,237,1,5.00
sante-suivi,SmokeFree,quit smoking coach,5,52,241,41,0.68
sante-suivi,SmokeFree,quit vaping  stop vaping  vape tracker,5,42,246,95,0.57
sante-suivi,SmokeFree,smocking,5,40,248,2,2.29
sante-suivi,SmokeFree,parar vape,5,24,191,17,0.86
sante-suivi,SmokeFree,crushnic,5,48,250,3,1.74
sante-suivi,SmokeFree,stop smoking hypnosis,5,,247,34,0.71
sante-suivi,SmokeFree,how to quit vaping,5,42,246,95,0.57
sante-suivi,SmokeFree,how to quit porn,5,35,233,19,0.83
sante-suivi,SmokeFree,tracker followhub,5,,216,118,0.55
sante-suivi,SmokeFree,quit vapingng,5,40,247,190,0.50
sante-suivi,SmokeFree,cravr - quit overeating now,5,40,250,81,0.59
sante-suivi,SmokeFree,stopsmoking,5,40,237,1,5.00
sante-suivi,SmokeFree,how to stop drinking,5,40,244,20,0.82
sante-suivi,SmokeFree,how to quit alcohol,5,40,248,217,0.49
sante-suivi,SmokeFree,stop tobacco,5,52,236,74,0.60
sante-suivi,SmokeFree,smoking addiction,5,48,246,92,0.58
sante-suivi,SmokeFree,smokeshift,5,40,250,5,1.34
sante-suivi,SmokeFree,giveup,5,,142,40,0.69
sante-suivi,SmokeFree,simple quit,5,,217,11,0.98
sante-suivi,SmokeFree,quit porn and smoking,5,29,215,17,0.86
sante-suivi,SmokeFree,smoke free days,5,40,246,11,0.98
sante-suivi,SmokeFree,vape quit app,5,42,249,25,0.77
sante-suivi,SmokeFree,forfeit habit tracker,5,,233,28,0.75
sante-suivi,SmokeFree,for good tracker,5,,247,78,0.59
sante-suivi,SmokeFree,with effects for,5,,195,30,0.74
sante-suivi,SmokeFree,airway trainer quits,5,44,249,118,0.55
sante-suivi,SmokeFree,trainer quit snorings,5,44,248,183,0.51
sante-suivi,SmokeFree,trainer quit snoring,5,44,245,200,0.50
sante-suivi,SmokeFree,airway trainer quit snorings,5,43,248,194,0.50
sante-suivi,SmokeFree,airway trainer quit snoring,5,44,245,206,0.50
sante-suivi,SmokeFree,airway trainer quit,5,44,248,160,0.52
sante-suivi,SmokeFree,quitnicpouches pouch tracker,5,,241,43,0.68
sante-suivi,SmokeFree,pouchout,5,47,250,64,0.62
sante-suivi,SmokeFree,how to quit zyn,5,40,250,107,0.56
sante-suivi,SmokeFree,how to stop with zyn,5,40,247,27,0.76
sante-suivi,SmokeFree,for gio,5,,238,101,0.56
sante-suivi,SmokeFree,quit wed,5,66,250,8,1.10
sante-suivi,SmokeFree,quitme,5,,200,29,0.74
sante-suivi,SmokeFree,smoke freee,5,,226,1,5.00
sante-suivi,SmokeFree,quit smoking lungs,5,40,246,64,0.62
sante-suivi,SmokeFree,best apps for tracking health goals,5,,243,58,0.63
sante-suivi,SmokeFree,uncloud,5,,213,19,0.83
sante-suivi,SmokeFree,nicotine cravings,5,43,249,114,0.55
sante-suivi,SmokeFree,quit smoking pace,5,40,247,96,0.57
sante-suivi,SmokeFree,smoke timer app,5,,245,27,0.76
sante-suivi,SmokeFree,smoker log,5,,248,222,0.49
sante-suivi,SmokeFree,non smoking,5,49,248,1,5.00
sante-suivi,SmokeFree,qitter,5,70,249,230,0.49
sante-suivi,SmokeFree,cigarettes tracker,5,40,243,23,0.79
sante-suivi,SmokeFree,quit waping,5,40,248,132,0.54
sante-suivi,SmokeFree,escape vaping,5,,214,103,0.56
sante-suivi,SmokeFree,vaping cessation,5,40,249,91,0.58
sante-suivi,SmokeFree,quit: rauchfrei,5,,124,10,1.02
sante-suivi,SmokeFree,quit cigrette,5,43,239,13,0.93
sante-suivi,SmokeFree,quittr: cigs,5,40,250,1,5.00
sante-suivi,SmokeFree,disposable vape,5,43,199,14,0.91
sante-suivi,SmokeFree,vape detox,5,,210,25,0.77
sante-suivi,SmokeFree,vape tracking,5,40,249,209,0.50
sante-suivi,SmokeFree,quit smoking with friend,5,40,241,31,0.73
sante-suivi,SmokeFree,why do i keep quitting everything,5,57,248,173,0.51
sante-suivi,SmokeFree,quit smoking timeline,5,40,241,84,0.59
sante-suivi,SmokeFree,smoking control app,5,40,246,2,2.29
sante-suivi,SmokeFree,vape cold turkey,5,,195,14,0.91
sante-suivi,SmokeFree,vape buddy,5,,208,4,1.49
sante-suivi,SmokeFree,vape reduction,5,,196,13,0.93
sante-suivi,SmokeFree,can calculate,5,57,209,26,0.76
sante-suivi,SmokeFree,avec application,5,75,246,150,0.52
sante-suivi,SmokeFree,tobacco free,5,40,246,1,5.00
sante-suivi,SmokeFree,quit-now,5,,233,2,2.29
sante-suivi,SmokeFree,easy way to quit smoking,5,44,243,9,1.06
sante-suivi,SmokeFree,cigarettes counter,5,40,248,24,0.78
sante-suivi,SmokeFree,cut smoking,5,,250,1,5.00
sante-suivi,SmokeFree,smoke break,5,69,248,4,1.49
sante-suivi,SmokeFree,sobar,5,68,228,83,0.59
sante-suivi,SmokeFree,freedom from smoking,5,40,249,1,5.00
sante-suivi,SmokeFree,quiter smoking,5,40,243,5,1.34
sante-suivi,SmokeFree,smoke free — limit reducer,5,40,245,13,0.93
sante-suivi,SmokeFree,quit plan,5,49,243,19,0.83
sante-suivi,SmokeFree,quit smoking plan,5,40,242,28,0.75
sante-suivi,SmokeFree,can start,5,69,29,2,2.29
sante-suivi,SmokeFree,can sure,5,59,18,1,5.00
sante-suivi,SmokeFree,quitshure,5,40,249,3,1.74
sante-suivi,SmokeFree,quit puffs,5,40,250,227,0.49
sante-suivi,SmokeFree,quit smoke widget,5,40,247,29,0.74
sante-suivi,SmokeFree,quit smoking widget,5,43,244,1,5.00
sante-suivi,SmokeFree,addictive ember,5,,213,26,0.76
sante-suivi,SmokeFree,breathe free: quit by faith,5,40,247,50,0.65
sante-suivi,SmokeFree,nichotin,5,,224,5,1.34
sante-suivi,SmokeFree,nichotine,5,,224,5,1.34
sante-suivi,SmokeFree,tobaccofree,5,40,246,1,5.00
sante-suivi,SmokeFree,quitsure\,5,40,249,2,2.29
sante-suivi,SmokeFree,habit u: quit smoking tracker,5,45,248,3,1.74
sante-suivi,SmokeFree,medication buddy,5,70,247,185,0.51
sante-suivi,SmokeFree,re breathe-quit smoke visual,5,44,248,28,0.75
sante-suivi,SmokeFree,can stop,5,,100,1,5.00
sante-suivi,SmokeFree,can clean,5,86,244,117,0.55
sante-suivi,SmokeFree,vaping tracking,5,40,247,212,0.49
sante-suivi,SmokeFree,application can,5,84,244,173,0.51
sante-suivi,SmokeFree,smettere fumar,5,,22,4,1.49
sante-suivi,SmokeFree,quit smoking  stop smoking  quit smoking,5,40,235,1,5.00
sante-suivi,SmokeFree,nicotine withdrawa,5,40,249,245,0.48
sante-suivi,SmokeFree,nicotine withdrawal,5,40,250,89,0.58
sante-suivi,SmokeFree,quit boba,5,,232,11,0.98
sante-suivi,SmokeFree,quit tea,5,,221,16,0.87
sante-suivi,SmokeFree,stop nicotine,5,63,250,3,1.74
sante-suivi,SmokeFree,nicotine addiction  quit smoking,5,40,248,6,1.24
sante-suivi,SmokeFree,quit drink app,5,60,231,93,0.57
sante-suivi,SmokeFree,pouches nicotine,5,40,249,157,0.52
sante-suivi,SmokeFree,quit smiking,5,,192,1,5.00
sante-suivi,SmokeFree,lung cleanse,5,,222,17,0.86
sante-suivi,SmokeFree,smoking recovery,5,,205,13,0.93
sante-suivi,SmokeFree,cigarette cravings,5,,201,2,2.29
sante-suivi,SmokeFree,quit smoking anxiety,5,,207,3,1.74
sante-suivi,SmokeFree,smoking relapse,5,,207,11,0.98
sante-suivi,SmokeFree,hard to quit smoking,5,,242,20,0.82
sante-suivi,SmokeFree,can’t stop smoking,5,,206,4,1.49
sante-suivi,SmokeFree,nicotine dependence,5,,208,3,1.74
sante-suivi,SmokeFree,tobacco addiction,5,,191,9,1.06
sante-suivi,SmokeFree,stress smoking,5,,195,8,1.10
sante-suivi,SmokeFree,smoking urges,5,,250,90,0.58
sante-suivi,SmokeFree,smoking triggers,5,,202,7,1.16
sante-suivi,SmokeFree,cigarette withdrawal,5,,195,5,1.34
sante-suivi,SmokeFree,stop smoking cravings,5,,242,43,0.68
sante-suivi,SmokeFree,quit smoking struggle,5,,216,6,1.24
sante-suivi,SmokeFree,smoking health risks,5,40,244,18,0.84
sante-suivi,SmokeFree,smoking cesstation,5,,196,1,5.00
sante-suivi,SmokeFree,quit smoking tracker nicotina,5,,207,1,5.00
sante-suivi,SmokeFree,quit smoking: nicotina,5,,209,2,2.29
sante-suivi,SmokeFree,nicotino - quit smoking,5,,210,2,2.29
sante-suivi,SmokeFree,quit smoking- nicotrack,5,,211,2,2.29
sante-suivi,SmokeFree,vap tracker,5,,231,12,0.96
sante-suivi,SmokeFree,gradual quit,5,,223,15,0.89
sante-suivi,SmokeFree,quit date,5,,228,3,1.74
sante-suivi,SmokeFree,personalized quit program,5,,225,4,1.49
sante-suivi,SmokeFree,quit smoking cold turkey,5,,197,6,1.24
sante-suivi,SmokeFree,reduce cigarettes gradually,5,,194,9,1.06
sante-suivi,SmokeFree,nicotine withdrawal help,5,,206,1,5.00
sante-suivi,SmokeFree,health after quitting,5,,205,2,2.29
sante-suivi,SmokeFree,smoke counter app,5,,203,13,0.93
sante-suivi,SmokeFree,lung recovery smoking,5,,198,12,0.96
sante-suivi,SmokeFree,trigger based smoking,5,,214,9,1.06
sante-suivi,SmokeFree,quit program,5,45,249,206,0.50
sante-suivi,SmokeFree,quit smoking program,5,,244,8,1.10
sante-suivi,SmokeFree,life without cigarettes,5,,184,7,1.16
sante-suivi,SmokeFree,quit smoking journey,5,,208,2,2.29
sante-suivi,SmokeFree,cigarettes avoided,5,,197,8,1.10
sante-suivi,SmokeFree,quit smoking community,5,,202,3,1.74
sante-suivi,SmokeFree,nicotine replacement therapy,5,40,250,36,0.70
sante-suivi,SmokeFree,former smokers,5,,212,4,1.49
sante-suivi,SmokeFree,cigarette craving,5,,204,2,2.29
sante-suivi,SmokeFree,smoking cravings,5,,228,24,0.78
sante-suivi,SmokeFree,quit smoking tips,5,,224,13,0.93
sante-suivi,SmokeFree,smoking statistics,5,,199,4,1.49
sante-suivi,SmokeFree,smoking knowledge,5,,207,15,0.89
sante-suivi,SmokeFree,quit journey,5,,221,15,0.89
sante-suivi,SmokeFree,quitting process,5,45,249,56,0.64
sante-suivi,SmokeFree,quit smoking course,5,,213,2,2.29
sante-suivi,SmokeFree,stop smoking plan,5,,203,2,2.29
sante-suivi,SmokeFree,quitters chat,5,,176,61,0.63
sante-suivi,SmokeFree,future quit date,5,,249,65,0.62
sante-suivi,SmokeFree,quit together,5,,236,20,0.82
sante-suivi,SmokeFree,nicotine consumption,5,,248,89,0.58
sante-suivi,SmokeFree,free quit,5,,245,164,0.52
sante-suivi,SmokeFree,app for quitting smoke,5,,190,1,5.00
sante-suivi,SmokeFree,delay smoking app,5,,207,10,1.02
sante-suivi,SmokeFree,count up smoking,5,,201,1,5.00
sante-suivi,SmokeFree,gradual quit smoking app,5,,207,7,1.16
sante-suivi,SmokeFree,help quit,5,,241,3,1.74
sante-suivi,SmokeFree,habit smoking,5,,224,31,0.73
sante-suivi,SmokeFree,cigarette habit,5,,201,4,1.49
sante-suivi,SmokeFree,quiet quitting tracker,5,44,249,215,0.49
sante-suivi,SmokeFree,kiwi quit smoking,5,,213,3,1.74
sante-suivi,SmokeFree,vape quitter,5,,218,9,1.06
sante-suivi,SmokeFree,free smartwatch,5,,249,56,0.64
sante-suivi,SmokeFree,top smartwatch,5,,225,159,0.52
sante-suivi,SmokeFree,smartwatch free,5,,249,55,0.64
sante-suivi,SmokeFree,quit for good,5,35,214,5,1.34
sante-suivi,SmokeFree,review mod best,5,,210,26,0.76
sante-suivi,SmokeFree,quit gradually,5,,241,22,0.80
sante-suivi,SmokeFree,reduce smoke,5,,247,130,0.54
sante-suivi,SmokeFree,top calculator free,5,,223,107,0.56
sante-suivi,SmokeFree,free watch calculator,5,73,247,227,0.49
sante-suivi,SmokeFree,free calculator free app daily,5,,225,48,0.66
sante-suivi,SmokeFree,free watch calculator free,5,,248,137,0.53
sante-suivi,SmokeFree,calculadora watch,5,,217,27,0.76
sante-suivi,SmokeFree,mod questions their device,5,27,221,11,0.98
sante-suivi,SmokeFree,pipe tobacco log,5,,207,8,1.10
sante-suivi,SmokeFree,quit smokig,5,,215,1,5.00
sante-suivi,SmokeFree,apk free lifeline app reminder best,5,,211,34,0.71
sante-suivi,SmokeFree,fill lungs,5,,209,8,1.10
sante-suivi,SmokeFree,when quiet happens,5,,211,8,1.10
sante-suivi,SmokeFree,instawork track text,5,,209,101,0.56
sante-suivi,SmokeFree,quit vaping addiction,5,,226,24,0.78
sante-suivi,SmokeFree,pufferpages,5,,175,11,0.98
sante-suivi,SmokeFree,quit suger,5,,235,35,0.71
sante-suivi,SmokeFree,quit-nicotine,5,,237,12,0.96
sante-suivi,SmokeFree,no snooe,5,,209,2,2.29
sante-suivi,SmokeFree,weed free,5,,250,9,1.06
sante-suivi,SmokeFree,quit driking,5,,243,70,0.61
sante-suivi,SmokeFree,fitnell,5,,247,208,0.50
sante-suivi,SmokeFree,stop smoking diary,5,,201,1,5.00
sante-suivi,SmokeFree,clean now clean up,5,,246,75,0.60
sante-suivi,SmokeFree,stopwatch app free,5,30,242,159,0.52
sante-suivi,SmokeFree,quit smoking slow,5,43,245,16,0.87
sante-suivi,SmokeFree,smoking time calculator,5,,248,44,0.67
sante-suivi,SmokeFree,smoking time,5,,247,5,1.34
sante-suivi,SmokeFree,quit smoking plans,5,,245,8,1.10
sante-suivi,SmokeFree,reduce smoking plan,5,,245,122,0.55
sante-suivi,SmokeFree,reduce smoking plans,5,,246,36,0.70
sante-suivi,SmokeFree,reduce smoking slow,5,,250,215,0.49
sante-suivi,SmokeFree,stop snus,5,,246,65,0.62
sante-suivi,SmokeFree,qwit,,,67,3,
sante-suivi,SmokeFree,stop cannabis,,,239,6,
sante-suivi,SmokeFree,nowthen,,87,246,49,
sante-suivi,SmokeFree,stop games,,52,198,83,
sante-suivi,SmokeFree,workout good,,,235,92,
sante-suivi,SmokeFree,quit smokinng,,,178,1,
sante-suivi,SmokeFree,birth%20control,,,210,29,
sante-suivi,SmokeFree,[stop smoking],,40,218,17,
sante-suivi,SmokeFree,quit x addiction,,,225,27,
sante-suivi,SmokeFree,[quit weed],,,212,25,
sante-suivi,SmokeFree,[smoke free],,40,240,1,
sante-suivi,SmokeFree,[smokefree],,40,238,1,
sante-suivi,SmokeFree,break smoking habit,,,209,14,
sante-suivi,SmokeFree,stop smoking program,,,194,1,
sante-suivi,SmokeFree,"quitsure quit smoking & vaping ",,,212,6,
sante-suivi,SmokeFree,calculator app for money,,,226,175,
sante-suivi,SmokeFree,weed count layout,,,227,87,
sante-suivi,SmokeFree,pipe tobacco inventory,,,231,11,
sante-suivi,SmokeFree,fill lungs all way,,,212,8,
sante-suivi,SmokeFree,quit phone together,,,229,30,
sante-suivi,SmokeFree,stopwatch gratis,,,247,120,
sante-suivi,SmokeFree,lumen sobriety: quit tracker,,,250,141,
sante-suivi,mySugr,dexcom g7,66,50,247,14,12.02
sante-suivi,mySugr,dexcom follow,57,72,240,10,11.59
sante-suivi,mySugr,blu,56,98,249,161,5.81
sante-suivi,mySugr,dexcom,53,57,244,31,7.75
sante-suivi,mySugr,tracker,52,95,247,213,5.14
sante-suivi,mySugr,myid,51,98,250,227,4.99
sante-suivi,mySugr,dex,51,94,249,74,6.13
sante-suivi,mySugr,track,50,96,247,197,5.01
sante-suivi,mySugr,du,50,95,249,20,8.20
sante-suivi,mySugr,tips,50,66,246,167,5.15
sante-suivi,mySugr,contour diabetes app,45,64,248,4,13.40
sante-suivi,mySugr,sugar,44,95,249,6,10.87
sante-suivi,mySugr,glucose blood sugar tracker free,39,66,245,3,13.59
sante-suivi,mySugr,血糖値,32,59,250,143,3.39
sante-suivi,mySugr,glicemia,31,48,155,4,9.23
sante-suivi,mySugr,one touch verio flex,28,50,18,3,9.76
sante-suivi,mySugr,tracker touch,28,63,249,121,3.06
sante-suivi,mySugr,one touch verio reflect,26,49,21,2,11.93
sante-suivi,mySugr,my diabetes app free,26,,249,5,6.96
sante-suivi,mySugr,gestational diabetes tracker,24,73,248,4,7.15
sante-suivi,mySugr,diabetes food tracker,23,66,247,13,4.29
sante-suivi,mySugr,blood sugar monitor,19,69,245,9,4.01
sante-suivi,mySugr,blutzucker,17,57,69,8,3.75
sante-suivi,mySugr,sugar tracker,17,69,246,8,3.75
sante-suivi,mySugr,blood sugar gratis,17,40,246,99,1.93
sante-suivi,mySugr,my sugar app,16,49,248,1,16.00
sante-suivi,mySugr,glucose blood sugar tracker,15,73,246,2,6.88
sante-suivi,mySugr,diabète,15,50,222,3,5.23
sante-suivi,mySugr,deutsch c1,12,40,245,231,1.17
sante-suivi,mySugr,glowise,11,67,248,2,5.05
sante-suivi,mySugr,glucose monitor,9,74,246,7,2.09
sante-suivi,mySugr,one touch reveal,9,41,18,3,3.14
sante-suivi,mySugr,onetouch,9,58,246,16,1.57
sante-suivi,mySugr,my diabetes,9,70,245,4,2.68
sante-suivi,mySugr,blood sugar tracker,8,76,246,4,2.38
sante-suivi,mySugr,mysugr,8,54,76,1,8.00
sante-suivi,mySugr,follow me,8,70,238,236,0.78
sante-suivi,mySugr,one touch,8,54,249,8,1.76
sante-suivi,mySugr,accu chek connect app,8,66,248,1,8.00
sante-suivi,mySugr,para app,8,95,248,181,0.81
sante-suivi,mySugr,blutdruckdaten,7,43,246,35,0.99
sante-suivi,mySugr,glooko track diabetes data,7,55,238,24,1.09
sante-suivi,mySugr,blutzucker tagebuch deutsch,7,70,195,2,3.21
sante-suivi,mySugr,migräne tagebuch,7,61,247,76,0.84
sante-suivi,mySugr,free blood sugar app,7,56,247,5,1.87
sante-suivi,mySugr,diabetes,6,71,247,1,6.00
sante-suivi,mySugr,diabetes m,6,69,245,2,2.75
sante-suivi,mySugr,onetouch reveal,6,62,118,4,1.79
sante-suivi,mySugr,onetouch verio reflect,6,60,108,2,2.75
sante-suivi,mySugr,diabetic diet,5,74,247,109,0.56
sante-suivi,mySugr,diabetic carb counter,5,72,244,5,1.34
sante-suivi,mySugr,diabetes carb counter,5,60,247,5,1.34
sante-suivi,mySugr,carbohydrate counter,5,63,244,16,0.87
sante-suivi,mySugr,diät app,5,46,169,9,1.06
sante-suivi,mySugr,carbmanager,5,74,248,222,0.49
sante-suivi,mySugr,diabetes uk tracker,5,65,224,1,5.00
sante-suivi,mySugr,fitness tagebuch,5,96,249,239,0.48
sante-suivi,mySugr,suivi,5,65,247,141,0.53
sante-suivi,mySugr,sugar calculator,5,84,250,4,1.49
sante-suivi,mySugr,sugar app,5,71,245,1,5.00
sante-suivi,mySugr,diabetes recipe app,5,69,248,86,0.58
sante-suivi,mySugr,strecke,5,69,249,160,0.52
sante-suivi,mySugr,contour diabetes,5,61,246,105,0.56
sante-suivi,mySugr,i quit sugar,5,,249,100,0.57
sante-suivi,mySugr,diabetic,5,63,246,1,5.00
sante-suivi,mySugr,sugar book,5,77,215,17,0.86
sante-suivi,mySugr,glycemic index,5,61,244,226,0.49
sante-suivi,mySugr,diabetes logbook,5,64,225,2,2.29
sante-suivi,mySugr,booking manager,5,64,234,164,0.52
sante-suivi,mySugr,carb counter diabetes,5,64,246,8,1.10
sante-suivi,mySugr,sugar test,5,58,247,208,0.50
sante-suivi,mySugr,diabetis,5,53,234,4,1.49
sante-suivi,mySugr,diabetes tracker,5,74,244,2,2.29
sante-suivi,mySugr,diabetes log,5,51,247,2,2.29
sante-suivi,mySugr,glucose,5,80,243,3,1.74
sante-suivi,mySugr,diabetes ernährung,5,56,247,39,0.69
sante-suivi,mySugr,diabetes menú,5,63,241,63,0.62
sante-suivi,mySugr,blood sugar tracking,5,61,248,3,1.74
sante-suivi,mySugr,blood glucose tracker,5,51,245,3,1.74
sante-suivi,mySugr,mysugr diabetes tracker log,5,68,249,1,5.00
sante-suivi,mySugr,blood sugar log,5,67,246,5,1.34
sante-suivi,mySugr,diabetes forum,5,66,227,4,1.49
sante-suivi,mySugr,blood glucose,5,70,246,4,1.49
sante-suivi,mySugr,insulin,5,77,247,7,1.16
sante-suivi,mySugr,hyperglycemia,5,58,247,149,0.53
sante-suivi,mySugr,hypoglycemia,5,49,245,1,5.00
sante-suivi,mySugr,hba1c,5,77,248,39,0.69
sante-suivi,mySugr,glucose buddy,5,69,246,2,2.29
sante-suivi,mySugr,gestational diabetes,5,77,245,4,1.49
sante-suivi,mySugr,diabetes log book,5,68,244,1,5.00
sante-suivi,mySugr,a1c,5,83,250,10,1.02
sante-suivi,mySugr,insulin tracker,5,68,246,2,2.29
sante-suivi,mySugr,insulin bolus calculator,5,55,248,12,0.96
sante-suivi,mySugr,blood sugar diary,5,64,249,7,1.16
sante-suivi,mySugr,insulin calculator,5,46,249,9,1.06
sante-suivi,mySugr,glycemia,5,60,247,48,0.66
sante-suivi,mySugr,carbs cals,5,62,243,9,1.06
sante-suivi,mySugr,diabetes tracker log,5,66,240,1,5.00
sante-suivi,mySugr,a1c calculator,5,75,249,14,0.91
sante-suivi,mySugr,blood glucose monitor,5,67,246,10,1.02
sante-suivi,mySugr,diabetes monitor,5,73,244,15,0.89
sante-suivi,mySugr,glycemic index tracker,5,50,247,18,0.84
sante-suivi,mySugr,glycemic index load net carbs,5,57,246,66,0.62
sante-suivi,mySugr,glucose tracker,5,77,243,3,1.74
sante-suivi,mySugr,blood sugar test,5,68,245,8,1.10
sante-suivi,mySugr,blood glucose converter,5,83,248,9,1.06
sante-suivi,mySugr,insulin log,5,72,249,3,1.74
sante-suivi,mySugr,freestyle libre app,5,59,246,11,0.98
sante-suivi,mySugr,contador de carbohidratos,5,40,247,157,0.52
sante-suivi,mySugr,diario con contraseña,5,42,249,235,0.49
sante-suivi,mySugr,blood sugar checker,5,55,246,29,0.74
sante-suivi,mySugr,reisetagebuch,5,90,248,131,0.54
sante-suivi,mySugr,diabetes diary,5,67,243,2,2.29
sante-suivi,mySugr,type 2 diabetes,5,73,246,2,2.29
sante-suivi,mySugr,sugar monitor,5,80,248,19,0.83
sante-suivi,mySugr,blood sugar chart,5,70,246,2,2.29
sante-suivi,mySugr,one touch verio,5,59,23,6,1.24
sante-suivi,mySugr,diabetes type 2,5,52,246,2,2.29
sante-suivi,mySugr,diabete gestationnel,5,54,235,2,2.29
sante-suivi,mySugr,glucose app,5,55,246,4,1.49
sante-suivi,mySugr,diabete app,5,63,248,1,5.00
sante-suivi,mySugr,cgm,5,65,248,28,0.75
sante-suivi,mySugr,insulina,5,40,235,15,0.89
sante-suivi,mySugr,insuline,5,40,232,72,0.60
sante-suivi,mySugr,medtronic diabete,5,62,245,180,0.51
sante-suivi,mySugr,glucosa,5,64,246,7,1.16
sante-suivi,mySugr,relier les points,5,48,227,90,0.58
sante-suivi,mySugr,網誌,5,51,246,15,0.89
sante-suivi,mySugr,onetouch diabetes,5,66,233,9,1.06
sante-suivi,mySugr,diabetic food tracker,5,66,247,6,1.24
sante-suivi,mySugr,prediabetes,5,70,247,11,0.98
sante-suivi,mySugr,糖尿病 アプリ,5,50,246,9,1.06
sante-suivi,mySugr,nivel burbuja,5,,225,63,0.62
sante-suivi,mySugr,diabet,5,68,246,2,2.29
sante-suivi,mySugr,carb tracker free,5,69,246,19,0.83
sante-suivi,mySugr,accu chek guide,5,60,95,1,5.00
sante-suivi,mySugr,glucide,5,40,245,7,1.16
sante-suivi,mySugr,diabète gourmand,5,63,227,31,0.73
sante-suivi,mySugr,glycemie,5,57,248,9,1.06
sante-suivi,mySugr,accu check,5,80,248,1,5.00
sante-suivi,mySugr,suivi glycemie,5,66,247,3,1.74
sante-suivi,mySugr,mydiabby diabète gestationnel,5,42,248,20,0.82
sante-suivi,mySugr,suivi glycémie,5,67,247,3,1.74
sante-suivi,mySugr,azúcar,5,45,248,8,1.10
sante-suivi,mySugr,glisemia,5,47,157,4,1.49
sante-suivi,mySugr,azucar,5,51,248,8,1.10
sante-suivi,mySugr,dexcom follow g6,5,44,243,156,0.52
sante-suivi,mySugr,diabetes tracker diabeto log,5,57,234,14,0.91
sante-suivi,mySugr,glukoo,5,42,50,6,1.24
sante-suivi,mySugr,glucose blutzucker tagebuch,5,69,245,10,1.02
sante-suivi,mySugr,diabetes blutzucker kontrolle,5,63,250,3,1.74
sante-suivi,mySugr,diabetics tracker glucosio,5,62,240,3,1.74
sante-suivi,mySugr,contacarboidrati,5,56,250,74,0.60
sante-suivi,mySugr,blood type,5,87,245,243,0.48
sante-suivi,mySugr,gestational diabetes log,5,70,247,4,1.49
sante-suivi,mySugr,diabetes connect,5,64,247,4,1.49
sante-suivi,mySugr,carbohydrates tracker,5,56,246,170,0.51
sante-suivi,mySugr,glucose companion,5,73,239,218,0.49
sante-suivi,mySugr,glycemic index calculator,5,44,243,193,0.50
sante-suivi,mySugr,index glycémique,5,41,245,170,0.51
sante-suivi,mySugr,control diabetes,5,49,240,66,0.62
sante-suivi,mySugr,glycemic index list,5,40,242,125,0.54
sante-suivi,mySugr,diabetes calculator,5,48,250,5,1.34
sante-suivi,mySugr,glucose scanner,5,59,248,147,0.53
sante-suivi,mySugr,cfa level 1,5,50,145,35,0.71
sante-suivi,mySugr,glycemic index chart,5,45,243,222,0.49
sante-suivi,mySugr,onetouch verio flex,5,61,77,5,1.34
sante-suivi,mySugr,diabetiker,5,62,223,1,5.00
sante-suivi,mySugr,schwangerschaftsdiabetes,5,47,228,2,2.29
sante-suivi,mySugr,carbs calculator,5,52,243,58,0.63
sante-suivi,mySugr,insulin dose calculator,5,68,249,190,0.50
sante-suivi,mySugr,blutzucker tagebuch,5,25,126,3,1.74
sante-suivi,mySugr,glucose tracker free,5,73,248,1,5.00
sante-suivi,mySugr,diabetes management app,5,61,241,1,5.00
sante-suivi,mySugr,diabetes diet,5,64,245,12,0.96
sante-suivi,mySugr,type 1 diabetes,5,73,242,3,1.74
sante-suivi,mySugr,tipi,5,41,240,182,0.51
sante-suivi,mySugr,血糖,5,61,248,174,0.51
sante-suivi,mySugr,glucose log,5,72,248,6,1.24
sante-suivi,mySugr,diabetes food,5,65,248,91,0.58
sante-suivi,mySugr,insulia,5,62,226,63,0.62
sante-suivi,mySugr,diabetes 2,5,65,223,1,5.00
sante-suivi,mySugr,typing check,5,43,246,230,0.49
sante-suivi,mySugr,suger,5,69,236,6,1.24
sante-suivi,mySugr,sogar,5,78,249,6,1.24
sante-suivi,mySugr,glucose control,5,57,237,2,2.29
sante-suivi,mySugr,maîtriser,5,87,237,49,0.66
sante-suivi,mySugr,Diabetes Logs,5,74,248,2,2.29
sante-suivi,mySugr,deutsch a1 a2,5,44,242,156,0.52
sante-suivi,mySugr,suivi diabete,5,69,235,3,1.74
sante-suivi,mySugr,glycémie,5,57,249,25,0.77
sante-suivi,mySugr,onetouch app,5,85,246,217,0.49
sante-suivi,mySugr,بريمير ليج,5,82,245,238,0.48
sante-suivi,mySugr,my diabetes app,5,72,247,4,1.49
sante-suivi,mySugr,low glycemic diet,5,41,233,18,0.84
sante-suivi,mySugr,glycemic index guide,5,62,246,10,1.02
sante-suivi,mySugr,gi index,5,50,246,4,1.49
sante-suivi,mySugr,mysugr - diabetes tracker log,5,65,249,1,5.00
sante-suivi,mySugr,diabetes carb manager,5,56,231,31,0.73
sante-suivi,mySugr,diabetese carb manager,5,54,232,21,0.81
sante-suivi,mySugr,diabetic carb manager,5,54,230,24,0.78
sante-suivi,mySugr,قياس الوزن,5,,245,199,0.50
sante-suivi,mySugr,diabites,5,66,244,1,5.00
sante-suivi,mySugr,追踪器,5,50,249,83,0.59
sante-suivi,mySugr,diabetes management,5,76,241,1,5.00
sante-suivi,mySugr,blood type (a),5,63,220,38,0.70
sante-suivi,mySugr,nivel de glucosa,5,49,249,3,1.74
sante-suivi,mySugr,diario glucosa,5,41,246,24,0.78
sante-suivi,mySugr,mini tagebuch,5,87,248,34,0.71
sante-suivi,mySugr,اللغة الانكليزية,5,78,250,90,0.58
sante-suivi,mySugr,blood glucose tracker diary,5,61,242,1,5.00
sante-suivi,mySugr,diabetese,5,64,221,7,1.16
sante-suivi,mySugr,记健康,5,45,249,188,0.50
sante-suivi,mySugr,iPad log,5,40,245,41,0.68
sante-suivi,mySugr,ma glycémie,5,51,247,13,0.93
sante-suivi,mySugr,يعيش لاليجا,5,90,249,155,0.52
sante-suivi,mySugr,نتيجة الليغا,5,89,270,139,0.53
sante-suivi,mySugr,diabetesmanagement,5,43,240,227,0.49
sante-suivi,mySugr,diabetes-management,5,41,228,11,0.98
sante-suivi,mySugr,diabetes-tagebuch,5,57,246,2,2.29
sante-suivi,mySugr,diabetes manager,5,61,216,11,0.98
sante-suivi,mySugr,diabetes mellitus,5,60,216,7,1.16
sante-suivi,mySugr,健身日志,5,75,248,20,0.82
sante-suivi,mySugr,sugar diet tracker,5,56,246,39,0.69
sante-suivi,mySugr,tracker tracking,5,52,249,141,0.53
sante-suivi,mySugr,血糖监测,5,52,245,114,0.55
sante-suivi,mySugr,sugar tracker & tracker,5,56,245,13,0.93
sante-suivi,mySugr,sugar tracker & counter,5,66,245,24,0.78
sante-suivi,mySugr,Sugar Tracker & Log,5,66,249,8,1.10
sante-suivi,mySugr,glicose,5,62,245,2,2.29
sante-suivi,mySugr,açúcar,5,69,245,40,0.69
sante-suivi,mySugr,sugar intake,5,85,249,100,0.57
sante-suivi,mySugr,klinio diabetes,5,71,248,1,5.00
sante-suivi,mySugr,digitales Tagebuch,5,91,246,55,0.64
sante-suivi,mySugr,diabètes,5,54,239,1,5.00
sante-suivi,mySugr,diabéte,5,40,222,40,0.69
sante-suivi,mySugr,a1c calculator blood glucose,5,62,250,18,0.84
sante-suivi,mySugr,buddy second,5,46,229,101,0.56
sante-suivi,mySugr,físico,5,53,249,158,0.52
sante-suivi,mySugr,glucose goddess,5,70,246,5,1.34
sante-suivi,mySugr,blood sugar glucose tracker,5,60,244,3,1.74
sante-suivi,mySugr,my diabetes journey,5,78,242,2,2.29
sante-suivi,mySugr,diabetes diet plan,5,,211,16,0.87
sante-suivi,mySugr,glucose tracking,5,69,248,2,2.29
sante-suivi,mySugr,diabeto log,5,66,248,5,1.34
sante-suivi,mySugr,diabetes tracking,5,62,228,1,5.00
sante-suivi,mySugr,blood sugar level,5,72,247,6,1.24
sante-suivi,mySugr,diabetes app free,5,58,248,3,1.74
sante-suivi,mySugr,pro level,5,47,242,204,0.50
sante-suivi,mySugr,monitor instant,5,43,225,167,0.52
sante-suivi,mySugr,tracker blood,5,44,235,127,0.54
sante-suivi,mySugr,diabetes journal,5,54,245,7,1.16
sante-suivi,mySugr,blood sugar tracking free,5,58,247,4,1.49
sante-suivi,mySugr,check blood sugar,5,59,246,29,0.74
sante-suivi,mySugr,diabetic meal,5,50,239,124,0.54
sante-suivi,mySugr,track blood,5,64,239,183,0.51
sante-suivi,mySugr,glucose direct,5,90,247,187,0.51
sante-suivi,mySugr,carboidrato,5,61,247,4,1.49
sante-suivi,mySugr,gratis free,5,91,250,245,0.48
sante-suivi,mySugr,diabetics,5,70,229,3,1.74
sante-suivi,mySugr,log counter,5,79,199,126,0.54
sante-suivi,mySugr,diorio,5,49,242,78,0.59
sante-suivi,mySugr,diabetes updater,5,63,244,4,1.49
sante-suivi,mySugr,my blood,5,81,238,2,2.29
sante-suivi,mySugr,analyze blood glucose history,5,46,240,69,0.61
sante-suivi,mySugr,glucose logger,5,71,249,1,5.00
sante-suivi,mySugr,sugar tracker and counter,5,62,246,47,0.66
sante-suivi,mySugr,pre-diabetes,5,64,246,11,0.98
sante-suivi,mySugr,blood glucose app,5,65,247,4,1.49
sante-suivi,mySugr,tracker  health,5,43,246,136,0.53
sante-suivi,mySugr,free diabetic carb counter,5,64,247,6,1.24
sante-suivi,mySugr,glucose blood tracker,5,56,239,5,1.34
sante-suivi,mySugr,يلقي,5,65,235,79,0.59
sante-suivi,mySugr,blood sugar tracker diabetes,5,58,241,4,1.49
sante-suivi,mySugr,rns tracker,5,17,249,223,0.49
sante-suivi,mySugr,blood sugar diabetes app,5,57,241,5,1.34
sante-suivi,mySugr,track my tips,5,,200,38,0.70
sante-suivi,mySugr,carb-manager,5,53,225,113,0.55
sante-suivi,mySugr,glucose blood,5,73,239,53,0.64
sante-suivi,mySugr,blood sugar converter pro,5,60,246,197,0.50
sante-suivi,mySugr,diabetes community,5,28,245,52,0.65
sante-suivi,mySugr,diabetes recipe,5,49,237,89,0.58
sante-suivi,mySugr,diabetes exchange,5,43,230,20,0.82
sante-suivi,mySugr,diabetes support,5,67,239,1,5.00
sante-suivi,mySugr,apple watch glucose,5,77,241,21,0.81
sante-suivi,mySugr,accuchek,5,69,246,1,5.00
sante-suivi,mySugr,gylcemic,5,51,243,12,0.96
sante-suivi,mySugr,glucobyte,5,64,250,5,1.34
sante-suivi,mySugr,blood sugar tracking glucobyte,5,53,246,57,0.63
sante-suivi,mySugr,glucose trends,5,43,245,145,0.53
sante-suivi,mySugr,diabetese tracker,5,58,242,2,2.29
sante-suivi,mySugr,type 1,5,54,247,34,0.71
sante-suivi,mySugr,diabets,5,63,215,32,0.73
sante-suivi,mySugr,logbook management,5,87,243,193,0.50
sante-suivi,mySugr,logbook organizer,5,87,247,139,0.53
sante-suivi,mySugr,blood sugar history trends,5,43,244,131,0.54
sante-suivi,mySugr,追蹤,5,91,249,96,0.57
sante-suivi,mySugr,det tracker,5,49,247,171,0.51
sante-suivi,mySugr,logs master,5,53,128,2,2.29
sante-suivi,mySugr,Glucose trend,5,40,245,114,0.55
sante-suivi,mySugr,Glucose Track,5,70,237,14,0.91
sante-suivi,mySugr,paras,5,87,245,148,0.53
sante-suivi,mySugr,dự,5,78,241,42,0.68
sante-suivi,mySugr,day diary,5,43,236,213,0.49
sante-suivi,mySugr,mydiabetes diabetes meal plan,5,40,243,44,0.67
sante-suivi,mySugr,gluroo diabetes logger,5,67,249,59,0.63
sante-suivi,mySugr,manage book,5,76,240,98,0.57
sante-suivi,mySugr,deutsche c1,5,87,245,90,0.58
sante-suivi,mySugr,carboidratos,5,63,247,4,1.49
sante-suivi,mySugr,sugar check,5,61,248,3,1.74
sante-suivi,mySugr,tracker monitor,5,40,239,76,0.60
sante-suivi,mySugr,diabetes logger,5,67,221,5,1.34
sante-suivi,mySugr,diabetik,5,53,246,1,5.00
sante-suivi,mySugr,Glukose,5,45,233,96,0.57
sante-suivi,mySugr,zuckertagebuch,5,64,249,1,5.00
sante-suivi,mySugr,diabetes monitoring,5,68,245,6,1.24
sante-suivi,mySugr,glucose tracker for diabetes,5,73,237,3,1.74
sante-suivi,mySugr,glucose tracker diary,5,59,245,4,1.49
sante-suivi,mySugr,glucose tracker diabetes,5,58,241,4,1.49
sante-suivi,mySugr,Zucker Tagebuch,5,43,90,2,2.29
sante-suivi,mySugr,diabetes sugar tracker,5,63,248,3,1.74
sante-suivi,mySugr,glucose diary,5,71,247,15,0.89
sante-suivi,mySugr,a1c tracker,5,65,248,1,5.00
sante-suivi,mySugr,hba1c tracker,5,63,250,3,1.74
sante-suivi,mySugr,daily glucose tracker,5,57,243,12,0.96
sante-suivi,mySugr,sugar datig,5,40,236,223,0.49
sante-suivi,mySugr,Glucose level tracker,5,56,241,3,1.74
sante-suivi,mySugr,Glucose level,5,71,244,4,1.49
sante-suivi,mySugr,glucose monitoring app,5,62,243,8,1.10
sante-suivi,mySugr,sugar level app,5,57,250,2,2.29
sante-suivi,mySugr,diabetic health app,5,58,239,2,2.29
sante-suivi,mySugr,diabetes tracker app,5,67,247,2,2.29
sante-suivi,mySugr,sugar monitoring app,5,51,247,2,2.29
sante-suivi,mySugr,glucose log app,5,56,249,6,1.24
sante-suivi,mySugr,blood glucose diary,5,52,240,1,5.00
sante-suivi,mySugr,blood sugar management,5,44,242,23,0.79
sante-suivi,mySugr,diabetes health monitor,5,44,236,11,0.98
sante-suivi,mySugr,a1c blood sugar,5,40,245,110,0.56
sante-suivi,mySugr,hba1c sugar,5,41,25,7,1.16
sante-suivi,mySugr,sugar log,5,62,249,8,1.10
sante-suivi,mySugr,sugar log diary,5,64,249,9,1.06
sante-suivi,mySugr,suga diary,5,58,244,131,0.54
sante-suivi,mySugr,sugar diary,5,72,248,56,0.64
sante-suivi,mySugr,test blood sugar,5,53,245,75,0.60
sante-suivi,mySugr,glucose tracking for diabetes,5,60,234,4,1.49
sante-suivi,mySugr,added sugar tracker,5,66,250,4,1.49
sante-suivi,mySugr,blood sugar test free,5,60,247,13,0.93
sante-suivi,mySugr,the checkbook,5,,197,117,0.55
sante-suivi,mySugr,diabetes sugar log,5,64,236,3,1.74
sante-suivi,mySugr,diabetes simple,5,40,242,142,0.53
sante-suivi,mySugr,glucose  diabetes,5,50,224,29,0.74
sante-suivi,mySugr,instant connect,5,,202,46,0.67
sante-suivi,mySugr,glucose logbook,5,81,237,3,1.74
sante-suivi,mySugr,my diabetes diet,5,,250,9,1.06
sante-suivi,mySugr,blood sugar monitoring,5,72,248,70,0.61
sante-suivi,mySugr,a1c manager,5,43,245,230,0.49
sante-suivi,mySugr,my diabete,5,72,244,2,2.29
sante-suivi,mySugr,blood glucos,5,56,238,91,0.58
sante-suivi,mySugr,glucose isugar,5,42,243,70,0.61
sante-suivi,mySugr,blood tracker,5,77,248,17,0.86
sante-suivi,mySugr,carb log,5,59,246,84,0.59
sante-suivi,mySugr,isugar,5,88,249,6,1.24
sante-suivi,mySugr,bloodsugar,5,66,243,4,1.49
sante-suivi,mySugr,bloodsugar tracker,5,58,248,4,1.49
sante-suivi,mySugr,my tracking app,5,49,246,81,0.59
sante-suivi,mySugr,glucemia tracker,5,52,248,10,1.02
sante-suivi,mySugr,glycemic index guide,5,42,242,74,0.60
sante-suivi,mySugr,Blood Sugar Logs,5,67,239,10,1.02
sante-suivi,mySugr,Sugar Level,5,71,248,2,2.29
sante-suivi,mySugr,Diabetic control,5,67,225,13,0.93
sante-suivi,mySugr,glucose watch,5,71,247,8,1.10
sante-suivi,mySugr,glucose log book,5,54,234,7,1.16
sante-suivi,mySugr,Diabetes manage,5,56,228,19,0.83
sante-suivi,mySugr,diabetes for dummies,5,57,235,4,1.49
sante-suivi,mySugr,blood glucose tracking,5,58,240,4,1.49
sante-suivi,mySugr,[glucose monitor,5,47,236,61,0.63
sante-suivi,mySugr,trackr health,5,58,247,181,0.51
sante-suivi,mySugr,health-sugar,5,58,245,37,0.70
sante-suivi,mySugr,daily health-sugar,5,40,247,227,0.49
sante-suivi,mySugr,tracker sugar,5,51,244,26,0.76
sante-suivi,mySugr,plan diabetes,5,40,247,93,0.57
sante-suivi,mySugr,mydiabetes: diabetes meal plan,5,68,250,31,0.73
sante-suivi,mySugr,instant food check,5,87,249,172,0.51
sante-suivi,mySugr,trakcer,5,87,247,90,0.58
sante-suivi,mySugr,insulin glucose tracker  insulin tracker,5,59,242,3,1.74
sante-suivi,mySugr,glucose blood sugar,5,61,246,13,0.93
sante-suivi,mySugr,trackrs,5,89,248,244,0.48
sante-suivi,mySugr,blood sugar & diabetes monitor,5,66,244,5,1.34
sante-suivi,mySugr,gd tracker,5,58,250,5,1.34
sante-suivi,mySugr,diabeter tracker,5,62,237,1,5.00
sante-suivi,mySugr,insant appel,5,87,244,151,0.52
sante-suivi,mySugr,buddy tracker,5,59,238,60,0.63
sante-suivi,mySugr,blood glucose log,5,58,245,6,1.24
sante-suivi,mySugr,kit tracker,5,44,246,190,0.50
sante-suivi,mySugr,monitorblood sugar,5,55,247,84,0.59
sante-suivi,mySugr,tracke onetwo,5,79,181,8,1.10
sante-suivi,mySugr,tracker onetwo,5,40,238,34,0.71
sante-suivi,mySugr,carv manager,5,72,248,228,0.49
sante-suivi,mySugr,glycemic index guider,5,42,243,157,0.52
sante-suivi,mySugr,blood sugar pressure tracker,5,63,245,15,0.89
sante-suivi,mySugr,track carbs by photo,5,40,246,207,0.50
sante-suivi,mySugr,glucose monitor - diabetes app,5,70,241,12,0.96
sante-suivi,mySugr,glucose spikes,5,49,247,54,0.64
sante-suivi,mySugr,blood sugar track,5,79,243,60,0.63
sante-suivi,mySugr,check your health,5,87,245,71,0.61
sante-suivi,mySugr,track tip,5,59,235,169,0.51
sante-suivi,mySugr,glycemic index guide gi,5,44,241,146,0.53
sante-suivi,mySugr,glycemic index for diabetes,5,42,239,58,0.63
sante-suivi,mySugr,glysemic index,5,42,245,184,0.51
sante-suivi,mySugr,glycemic index tracking,5,42,243,212,0.49
sante-suivi,mySugr,glycemic index diabetes,5,42,241,57,0.63
sante-suivi,mySugr,health form,5,44,250,240,0.48
sante-suivi,mySugr,pet diabetes,5,79,248,145,0.53
sante-suivi,mySugr,tracler,5,86,247,75,0.60
sante-suivi,mySugr,guidebook tracker,5,87,249,33,0.72
sante-suivi,mySugr,guidebook organizer,5,98,247,151,0.52
sante-suivi,mySugr,cgm tracker,5,47,249,219,0.49
sante-suivi,mySugr,blood sugar history,5,43,244,76,0.60
sante-suivi,mySugr,carb trcaker,5,40,240,225,0.49
sante-suivi,mySugr,blood glucose sugar monitor,5,65,247,3,1.74
sante-suivi,mySugr,glucose tracker with reminders,5,74,248,2,2.29
sante-suivi,mySugr,food carbs,5,,224,77,0.60
sante-suivi,mySugr,one second day,5,93,223,92,0.58
sante-suivi,mySugr,my blood sugar,5,73,249,1,5.00
sante-suivi,mySugr,sugart,5,53,216,216,0.49
sante-suivi,mySugr,tidal pool,5,,20,2,2.29
sante-suivi,mySugr,glycemic index & load,5,49,242,15,0.89
sante-suivi,mySugr,glycemic  load,5,41,243,13,0.93
sante-suivi,mySugr,gylcemix index,5,48,151,67,0.61
sante-suivi,mySugr,glycemix index,5,52,245,141,0.53
sante-suivi,mySugr,blood sugar manager,5,64,237,6,1.24
sante-suivi,mySugr,body fat estimate,5,92,247,230,0.49
sante-suivi,mySugr,ler diario,5,,250,42,0.68
sante-suivi,mySugr,dexcam,5,43,245,77,0.60
sante-suivi,mySugr,15 minute book,5,86,180,73,0.60
sante-suivi,mySugr,diabetes glucose tracker,5,67,239,2,2.29
sante-suivi,mySugr,instant tracker,5,100,237,153,0.52
sante-suivi,mySugr,instant monitor,5,44,227,174,0.51
sante-suivi,mySugr,instant check tracker,5,87,246,40,0.69
sante-suivi,mySugr,free diario,5,59,247,31,0.73
sante-suivi,mySugr,physiapp breathing app,5,56,250,207,0.50
sante-suivi,mySugr,health monitor: blood sugar,5,59,247,21,0.81
sante-suivi,mySugr,k-2,5,,241,240,0.48
sante-suivi,mySugr,diabetes1,5,58,231,16,0.87
sante-suivi,mySugr,injection tracker & reminder,5,74,248,13,0.93
sante-suivi,mySugr,gbbt insuline tracker,5,58,249,25,0.77
sante-suivi,mySugr,hba1c calculator ‚äì blood sugar,5,45,246,16,0.87
sante-suivi,mySugr,your app,5,90,225,151,0.52
sante-suivi,mySugr,bydureon,5,57,158,9,1.06
sante-suivi,mySugr,diabetic\,5,73,211,1,5.00
sante-suivi,mySugr,surgat,5,87,249,6,1.24
sante-suivi,mySugr,لغات,5,78,208,34,0.71
sante-suivi,mySugr,glucose spyke,5,49,243,65,0.62
sante-suivi,mySugr,my food buddy,5,,202,18,0.84
sante-suivi,mySugr,checkbook track,5,,245,64,0.62
sante-suivi,mySugr,gluco ai: reverse diabetes,5,50,242,34,0.71
sante-suivi,mySugr,diabeto,5,,250,7,1.16
sante-suivi,mySugr,freeme,5,94,249,240,0.48
sante-suivi,mySugr,sugar detox tracker: stoppr,5,40,247,50,0.65
sante-suivi,mySugr,blood sugar monito,5,76,244,138,0.53
sante-suivi,mySugr,check my form,5,60,246,29,0.74
sante-suivi,mySugr,sugartracker,5,67,249,7,1.16
sante-suivi,mySugr,glucose | blood sugar tracker,5,69,246,5,1.34
sante-suivi,mySugr,blood qlucose,5,62,240,83,0.59
sante-suivi,mySugr,my%20diabetes%20app,5,62,238,4,1.49
sante-suivi,mySugr,insulin%20calculator,5,64,246,171,0.51
sante-suivi,mySugr,dexcom%20clarity,5,63,245,187,0.51
sante-suivi,mySugr,dexcom%20follow,5,73,242,91,0.58
sante-suivi,mySugr,freestyle%20librelink,5,65,223,12,0.96
sante-suivi,mySugr,diabetes%20food%20tracker,5,46,242,30,0.74
sante-suivi,mySugr,sugar%20baby%20app,5,61,247,206,0.50
sante-suivi,mySugr,blood%20glucose%20monitor,5,75,244,74,0.60
sante-suivi,mySugr,humira%20complete,5,49,227,49,0.66
sante-suivi,mySugr,glucose%20buddy,5,67,240,27,0.76
sante-suivi,mySugr,blood%20sugar%20tracking%20free,5,73,249,91,0.58
sante-suivi,mySugr,blood%20sugar%20app,5,94,246,183,0.51
sante-suivi,mySugr,glucose%20blood%20sugar%20tracker,5,70,244,8,1.10
sante-suivi,mySugr,blood%20sugar%20tracker,5,71,246,68,0.61
sante-suivi,mySugr,blood%20glucose,5,46,243,130,0.54
sante-suivi,mySugr,blood%20sugar,5,47,245,69,0.61
sante-suivi,mySugr,glucose%20blood%20sugar%20tracker%20free,5,73,244,13,0.93
sante-suivi,mySugr,blood%20pressure%20monitor%20tracker,5,62,244,129,0.54
sante-suivi,mySugr,diabetes%20app,5,66,241,45,0.67
sante-suivi,mySugr,dexcom%20stelo,5,61,247,204,0.50
sante-suivi,mySugr,diabetic%20log,5,59,245,3,1.74
sante-suivi,mySugr,gestational%20diabetes%20tracker,5,66,244,3,1.74
sante-suivi,mySugr,diabetic%20meal%20planner,5,41,248,155,0.52
sante-suivi,mySugr,period tracker: persephone,5,83,224,154,0.52
sante-suivi,mySugr,sugar detox tracker,5,44,248,69,0.61
sante-suivi,mySugr,calculator%20widget,5,,230,39,0.69
sante-suivi,mySugr,blood%20glucose%20tracker,5,61,242,31,0.73
sante-suivi,mySugr,diabetes%20tracker%20free,5,63,242,1,5.00
sante-suivi,mySugr,carb%20tracker,5,40,244,220,0.49
sante-suivi,mySugr,sugar%20tracker,5,56,247,73,0.60
sante-suivi,mySugr,carb%20manager,5,,224,20,0.82
sante-suivi,mySugr,glycemic%20index%20guide,5,41,243,40,0.69
sante-suivi,mySugr,blood%20sugar%20log,5,54,245,30,0.74
sante-suivi,mySugr,blood%20sugar%20%20log,5,52,247,41,0.68
sante-suivi,mySugr,treacker,5,86,247,89,0.58
sante-suivi,mySugr,womens health diary,5,,238,175,0.51
sante-suivi,mySugr,diabetes friendly grocery app plan,5,70,248,107,0.56
sante-suivi,mySugr,my health tracker,5,85,245,224,0.49
sante-suivi,mySugr,quit glucose,5,78,247,83,0.59
sante-suivi,mySugr,track sugar,5,60,249,3,1.74
sante-suivi,mySugr,prediabetes app,5,63,249,5,1.34
sante-suivi,mySugr,diabetes prevention,5,61,242,1,5.00
sante-suivi,mySugr,type 2 diabete,5,,228,7,1.16
sante-suivi,mySugr,sugar added,5,40,243,239,0.48
sante-suivi,mySugr,gluhealth blood,5,56,248,111,0.55
sante-suivi,mySugr,mylife health,5,,230,40,0.69
sante-suivi,mySugr,ai prediabetes,5,42,248,180,0.51
sante-suivi,mySugr,sugar blood,5,61,246,4,1.49
sante-suivi,mySugr,blood trail tracking,5,56,247,119,0.55
sante-suivi,mySugr,blood tracking,5,61,250,206,0.50
sante-suivi,mySugr,diabetec,5,56,246,1,5.00
sante-suivi,mySugr,blood sugar reminder app free,5,72,244,10,1.02
sante-suivi,mySugr,https://apps.apple.com/us/app/gluco-ai-d,5,63,244,11,0.98
sante-suivi,mySugr,glucode monitor,5,66,248,7,1.16
sante-suivi,mySugr,diabetes meal planner,5,62,238,43,0.68
sante-suivi,mySugr,my diabetes coach,5,44,242,36,0.70
sante-suivi,mySugr,cat insulin log & reminder,5,49,249,39,0.69
sante-suivi,mySugr,glycemic tracker,5,49,247,15,0.89
sante-suivi,mySugr,diabetes coach,5,64,242,34,0.71
sante-suivi,mySugr,tipsheet,5,,242,99,0.57
sante-suivi,mySugr,tip calculator and tracker,5,,184,165,0.52
sante-suivi,mySugr,medicine tracke,5,54,243,222,0.49
sante-suivi,mySugr,instant watch,5,90,240,103,0.56
sante-suivi,mySugr,daytracker,5,86,247,221,0.49
sante-suivi,mySugr,blood glucose tracker with a1c,5,63,245,14,0.91
sante-suivi,mySugr,free blood glucose tracker,5,63,247,5,1.34
sante-suivi,mySugr,sugar a1c tracker app,5,58,246,10,1.02
sante-suivi,mySugr,app to check blood sugar,5,67,247,12,0.96
sante-suivi,mySugr,blood sugar levels,5,68,246,4,1.49
sante-suivi,mySugr,sugar tracking app,5,63,248,3,1.74
sante-suivi,mySugr,ingriedients sugar tracker,5,59,248,38,0.70
sante-suivi,mySugr,is it sugar free,5,40,248,175,0.51
sante-suivi,mySugr,glymic,5,54,244,21,0.81
sante-suivi,mySugr,carb tracker+,5,55,242,58,0.63
sante-suivi,mySugr,diabalance carb tracker,5,56,243,120,0.55
sante-suivi,mySugr,diabetic carb tracker,5,62,240,1,5.00
sante-suivi,mySugr,checker tracker,5,60,245,181,0.51
sante-suivi,mySugr,watch log,5,62,250,6,1.24
sante-suivi,mySugr,sugar levels,5,69,248,5,1.34
sante-suivi,mySugr,tracker comida,5,46,238,174,0.51
sante-suivi,mySugr,traacker,5,87,248,96,0.57
sante-suivi,mySugr,type 2 diabetes mellitus,5,45,241,19,0.83
sante-suivi,mySugr,carbs tracking,5,40,243,67,0.61
sante-suivi,mySugr,sugar free tracker,5,53,247,13,0.93
sante-suivi,mySugr,tip trakcer,5,62,237,105,0.56
sante-suivi,mySugr,period tracker - pepapp,5,,225,90,0.58
sante-suivi,mySugr,diario glicemia,5,46,71,3,1.74
sante-suivi,mySugr,diabete tracker,5,61,244,1,5.00
sante-suivi,mySugr,blood pressure & sugar:track,5,77,244,169,0.51
sante-suivi,mySugr,glucose estimate,5,73,247,117,0.55
sante-suivi,mySugr,warranty tracker phone,5,49,227,39,0.69
sante-suivi,mySugr,phone warranty tracker,5,,227,12,0.96
sante-suivi,mySugr,sugar intake trakcker,5,40,247,92,0.58
sante-suivi,mySugr,sugar intake tracker,5,71,249,7,1.16
sante-suivi,mySugr,glucose tracke,5,74,234,29,0.74
sante-suivi,mySugr,optipin trt,5,,245,72,0.60
sante-suivi,mySugr,ltracker,5,88,248,102,0.56
sante-suivi,mySugr,suivi médicament,5,38,248,133,0.54
sante-suivi,mySugr,suger tracker,5,60,246,8,1.10
sante-suivi,mySugr,buddy connect,5,95,243,111,0.55
sante-suivi,mySugr,plan b tracker,5,67,242,225,0.49
sante-suivi,mySugr,medicine diary,5,49,246,61,0.63
sante-suivi,mySugr,food log simple,5,58,237,53,0.64
sante-suivi,mySugr,health log app,5,57,246,198,0.50
sante-suivi,mySugr,sugar free days,5,69,247,159,0.52
sante-suivi,mySugr,glucose monitorü,5,73,248,100,0.57
sante-suivi,mySugr,canine diabetes,5,,249,1,5.00
sante-suivi,mySugr,cat diabetes,5,46,249,16,0.87
sante-suivi,mySugr,absent period tracker,5,,224,183,0.51
sante-suivi,mySugr,sugar tracker women,5,55,247,12,0.96
sante-suivi,mySugr,sugra tracker,5,40,245,63,0.62
sante-suivi,mySugr,sugar free buddy,5,53,248,41,0.68
sante-suivi,mySugr,watcg tracker,5,48,246,126,0.54
sante-suivi,mySugr,diabetes food tracker free,5,77,248,8,1.10
sante-suivi,mySugr,blood oxygen sp02 tracker,5,,244,198,0.50
sante-suivi,mySugr,diabetic a1c monitor.,5,67,248,4,1.49
sante-suivi,mySugr,track glucose trends,5,73,243,78,0.59
sante-suivi,mySugr,diabetes log free,5,57,240,2,2.29
sante-suivi,mySugr,stop sugar cravings,5,40,248,202,0.50
sante-suivi,mySugr,reduce sugar intake,5,40,249,232,0.49
sante-suivi,mySugr,sugar temperature,5,,220,1,5.00
sante-suivi,mySugr,health tracker pro,5,44,247,96,0.57
sante-suivi,mySugr,life tracking app,5,,242,100,0.57
sante-suivi,mySugr,a!-c2,5,,246,150,0.52
sante-suivi,mySugr,kit type,5,42,207,33,0.72
sante-suivi,mySugr,sugar today,5,,209,4,1.49
sante-suivi,mySugr,apps for diabetes meal tracking,5,66,250,3,1.74
sante-suivi,mySugr,diabetes scanner,5,62,246,2,2.29
sante-suivi,mySugr,blutzucker-app,5,,196,4,1.49
sante-suivi,mySugr,glucose tracker app,5,64,241,7,1.16
sante-suivi,mySugr,ihealth monitor,5,,247,227,0.49
sante-suivi,mySugr,diabetis tracker,5,45,244,2,2.29
sante-suivi,mySugr,diabetis app,5,66,248,1,5.00
sante-suivi,mySugr,track books i read,5,97,246,121,0.55
sante-suivi,mySugr,connected 2.me,5,92,241,175,0.51
sante-suivi,mySugr,sugar free skin tracker quit sugar food,5,66,246,96,0.57
sante-suivi,mySugr,sugar trackker,5,62,241,110,0.56
sante-suivi,mySugr,herdiabetes,5,,208,55,0.64
sante-suivi,mySugr,glucose food tracker,5,50,248,43,0.68
sante-suivi,mySugr,glucose manager,5,70,233,6,1.24
sante-suivi,mySugr,blood sugar sugarmate,5,61,243,64,0.62
sante-suivi,mySugr,blood sugar sugarmate freestyle,5,65,244,136,0.53
sante-suivi,mySugr,jdrf,5,42,15,4,1.49
sante-suivi,mySugr,carb manager buddy,5,43,164,17,0.86
sante-suivi,mySugr,glucose buddies,5,54,239,18,0.84
sante-suivi,mySugr,low carb diabetes,5,40,237,63,0.62
sante-suivi,mySugr,blood sugar dairy,5,51,249,9,1.06
sante-suivi,mySugr,diabities,5,51,244,1,5.00
sante-suivi,mySugr,connected your,5,,231,114,0.55
sante-suivi,mySugr,connection your,5,77,231,102,0.56
sante-suivi,mySugr,ratetracker:blood sugar,5,68,250,73,0.60
sante-suivi,mySugr,diabetes app sugar tracker,5,62,249,4,1.49
sante-suivi,mySugr,logglucose,5,49,241,46,0.67
sante-suivi,mySugr,academia diabetes online,5,57,248,14,0.91
sante-suivi,mySugr,apple watch glucose monitor,5,71,246,14,0.91
sante-suivi,mySugr,blood glucose app free,5,74,241,4,1.49
sante-suivi,mySugr,blood pressure sugar tracker,5,68,247,7,1.16
sante-suivi,mySugr,blood sugar monitor glucobyte,5,73,246,70,0.61
sante-suivi,mySugr,bmi gyro logger,5,,227,52,0.65
sante-suivi,mySugr,book your guide,5,,233,204,0.50
sante-suivi,mySugr,booking master,5,,249,120,0.55
sante-suivi,mySugr,cgm clinical,5,,192,19,0.83
sante-suivi,mySugr,cgm libre,5,,184,70,0.61
sante-suivi,mySugr,cgm me,5,,229,10,1.02
sante-suivi,mySugr,check your sugar,5,61,247,6,1.24
sante-suivi,mySugr,connection master,5,,236,174,0.51
sante-suivi,mySugr,diabetes by heart,5,77,242,166,0.52
sante-suivi,mySugr,diabetes education services,5,,191,78,0.59
sante-suivi,mySugr,diabetes health,5,69,227,38,0.70
sante-suivi,mySugr,diabetes in your body,5,77,240,10,1.02
sante-suivi,mySugr,diabetes india conference,5,74,248,39,0.69
sante-suivi,mySugr,diabetes solutions uab,5,66,248,101,0.56
sante-suivi,mySugr,diabetes virtual clinic,5,,207,8,1.10
sante-suivi,mySugr,diabetes words,5,,249,62,0.62
sante-suivi,mySugr,diabetes workouts blood sugar,5,71,244,23,0.79
sante-suivi,mySugr,drc hipertensão e diabetes,5,77,249,56,0.64
sante-suivi,mySugr,follow budy,5,,38,30,0.74
sante-suivi,mySugr,follow dex,5,,23,19,0.83
sante-suivi,mySugr,follow g6,5,52,145,106,0.56
sante-suivi,mySugr,free blood sugar monitor ivita,5,72,248,228,0.49
sante-suivi,mySugr,gestational diabetes journey,5,75,247,4,1.49
sante-suivi,mySugr,glucose daily,5,81,247,116,0.55
sante-suivi,mySugr,glucose free scanner,5,76,248,178,0.51
sante-suivi,mySugr,glucose guide,5,51,248,63,0.62
sante-suivi,mySugr,glucose health,5,62,242,161,0.52
sante-suivi,mySugr,glucose reader,5,56,243,163,0.52
sante-suivi,mySugr,glucose smash cgm tracker,5,79,244,69,0.61
sante-suivi,mySugr,glucosense: diabetes health,5,59,247,221,0.49
sante-suivi,mySugr,inpen: diabetes management app,5,,219,2,2.29
sante-suivi,mySugr,iphone blood sugar monitor,5,67,247,46,0.67
sante-suivi,mySugr,keto plot,5,55,244,224,0.49
sante-suivi,mySugr,luka – blood glucose readings,5,69,248,206,0.50
sante-suivi,mySugr,master your medics,5,,201,23,0.79
sante-suivi,mySugr,medication buddy,5,70,247,164,0.52
sante-suivi,mySugr,open diabetes bg charts/graphs,5,69,237,78,0.59
sante-suivi,mySugr,rate tracker blood sugar,5,65,247,24,0.78
sante-suivi,mySugr,simple blood glucose note,5,76,241,88,0.58
sante-suivi,mySugr,trackẻ,5,,249,163,0.52
sante-suivi,mySugr,connects your,5,,232,91,0.58
sante-suivi,mySugr,glycemic index table,5,45,244,221,0.49
sante-suivi,mySugr,gococo diabetes,5,59,248,166,0.52
sante-suivi,mySugr,bin tracker,5,51,246,215,0.49
sante-suivi,mySugr,free easy free garden tip game tracker g,5,89,242,196,0.50
sante-suivi,mySugr,carbs scanner,5,,231,33,0.72
sante-suivi,mySugr,carbs finder,5,40,245,245,0.48
sante-suivi,mySugr,carb diary,5,,215,17,0.86
sante-suivi,mySugr,carb guide,5,40,225,192,0.50
sante-suivi,mySugr,diabetes alerts,5,66,236,18,0.84
sante-suivi,mySugr,diabetes planner,5,60,241,77,0.60
sante-suivi,mySugr,diabetes reminder,5,62,222,4,1.49
sante-suivi,mySugr,my smartwatch,5,,241,35,0.71
sante-suivi,mySugr,forms tracker,5,56,247,238,0.48
sante-suivi,mySugr,free review tracker calculator tips,5,,206,123,0.54
sante-suivi,mySugr,blood sugar minitor,5,46,245,9,1.06
sante-suivi,mySugr,blood sugar monitoe,5,46,245,9,1.06
sante-suivi,mySugr,easy keeper archives,5,,215,20,0.82
sante-suivi,mySugr,blood glucose diary diabetes,5,56,237,3,1.74
sante-suivi,mySugr,carbs counter diabetes,5,40,236,59,0.63
sante-suivi,mySugr,glycemic index checker,5,42,242,132,0.54
sante-suivi,mySugr,blood sugar log glucose,5,57,238,19,0.83
sante-suivi,mySugr,diabetes calendar,5,48,241,36,0.70
sante-suivi,mySugr,diabetes checkup,5,48,235,14,0.91
sante-suivi,mySugr,diabetes advisor,5,53,247,53,0.64
sante-suivi,mySugr,diabetes notes,5,,248,1,5.00
sante-suivi,mySugr,diabetes reminders,5,,243,25,0.77
sante-suivi,mySugr,diabetes dashboard,5,47,240,15,0.89
sante-suivi,mySugr,diabetes history,5,46,244,26,0.76
sante-suivi,mySugr,diabetes insights,5,47,238,24,0.78
sante-suivi,mySugr,diabetes assistant,5,50,240,2,2.29
sante-suivi,mySugr,diabetes binder,5,50,242,55,0.64
sante-suivi,mySugr,cholesterol logbook,5,57,242,230,0.49
sante-suivi,mySugr,free calculator free app tracker,5,74,248,191,0.50
sante-suivi,mySugr,is calculator net reliable reddit ideas,5,,227,80,0.59
sante-suivi,mySugr,is calculator net reliable reddit app gu,5,,221,62,0.62
sante-suivi,mySugr,free watch calculator tracker,5,73,247,103,0.56
sante-suivi,mySugr,reddit construction calculator tracker g,5,40,244,227,0.49
sante-suivi,mySugr,glucose loflashcards,5,73,243,238,0.48
sante-suivi,mySugr,diabetic ulcer,5,,191,9,1.06
sante-suivi,mySugr,diabetic foot,5,,199,14,0.91
sante-suivi,mySugr,diabetic foot check,5,40,244,221,0.49
sante-suivi,mySugr,podiatry soap notes,5,,227,21,0.81
sante-suivi,mySugr,checker workouts reddit,5,,228,20,0.82
sante-suivi,mySugr,dietas coeliac,5,,215,26,0.76
sante-suivi,mySugr,diabète app,5,64,228,4,1.49
sante-suivi,mySugr,checkers album diabetes,5,,243,69,0.61
sante-suivi,mySugr,diary manager book,5,,216,97,0.57
sante-suivi,mySugr,diabetes memory,5,70,242,42,0.68
sante-suivi,mySugr,diabetes memory ajournal,5,,205,3,1.74
sante-suivi,mySugr,nexus period cycle tracker,5,,230,190,0.50
sante-suivi,mySugr,dhiarea,5,,239,151,0.52
sante-suivi,mySugr,checks diary ipad,5,,220,79,0.59
sante-suivi,mySugr,blood sugar care - bp monitor,5,69,244,109,0.56
sante-suivi,mySugr,tracking tip,5,,223,110,0.56
sante-suivi,mySugr,barcode determine glycemic,5,40,245,200,0.50
sante-suivi,mySugr,glycemic high glycemic,5,42,244,203,0.50
sante-suivi,mySugr,glycemic scan,5,40,248,62,0.62
sante-suivi,mySugr,glycemic scanners,5,40,248,149,0.53
sante-suivi,mySugr,glycemic score,5,40,245,57,0.63
sante-suivi,mySugr,glycemic scores,5,42,243,105,0.56
sante-suivi,mySugr,glycemics index,5,42,237,126,0.54
sante-suivi,mySugr,glycemics scan,5,40,248,66,0.62
sante-suivi,mySugr,glycemics score,5,42,248,111,0.55
sante-suivi,mySugr,glycemias,5,54,248,76,0.60
sante-suivi,mySugr,glycemics,5,45,238,144,0.53
sante-suivi,mySugr,glycemic scanner,5,40,248,110,0.56
sante-suivi,mySugr,reviews foods determine glycemic,5,42,244,223,0.49
sante-suivi,mySugr,foods determine glycemic iphone,5,42,244,233,0.49
sante-suivi,mySugr,追蹤器,5,49,247,31,0.73
sante-suivi,mySugr,ghk cu tracker,5,,236,21,0.81
sante-suivi,mySugr,ghk-cu tracker,5,,234,18,0.84
sante-suivi,mySugr,prediabetic,5,63,248,11,0.98
sante-suivi,mySugr,sugar manager,5,65,241,24,0.78
sante-suivi,mySugr,stelo companion app,5,53,246,190,0.50
sante-suivi,mySugr,cgm companion,5,40,245,237,0.49
sante-suivi,mySugr,glucose monitor app,5,72,243,9,1.06
sante-suivi,mySugr,glucose insights,5,46,244,104,0.56
sante-suivi,mySugr,prediabetes tracker,5,60,249,6,1.24
sante-suivi,mySugr,blood sugar spike,5,40,246,63,0.62
sante-suivi,mySugr,stoppr women sugar,5,51,248,50,0.65
sante-suivi,mySugr,check log,5,,235,4,1.49
sante-suivi,mySugr,. blood sugar tracker,5,68,241,11,0.98
sante-suivi,mySugr,diabtees,5,66,243,1,5.00
sante-suivi,mySugr,insulin dose tracker,5,55,248,72,0.60
sante-suivi,mySugr,dialysis log,5,,205,4,1.49
sante-suivi,mySugr,health log book,5,78,245,20,0.82
sante-suivi,mySugr,blood sugar journal,5,60,248,4,1.49
sante-suivi,mySugr,blood sugar unit converter,5,50,244,138,0.53
sante-suivi,mySugr,glucose recorder,5,57,232,14,0.91
sante-suivi,mySugr,insulin patch tracker,5,57,250,58,0.63
sante-suivi,mySugr,g7 dex,5,20,54,39,0.69
sante-suivi,mySugr,diabetes tracker mynetdiary,5,65,247,5,1.34
sante-suivi,mySugr,medicine kit,5,80,247,155,0.52
sante-suivi,mySugr,amdm,5,,108,7,1.16
sante-suivi,mySugr,medication kit organizer,5,52,244,143,0.53
sante-suivi,mySugr,blood sugar no ads,5,42,247,118,0.55
sante-suivi,mySugr,bg check,5,,40,2,2.29
sante-suivi,mySugr,till log,5,57,249,74,0.60
sante-suivi,mySugr,insulin dose,5,52,238,12,0.96
sante-suivi,mySugr,pet diabetic,5,,248,167,0.52
sante-suivi,mySugr,diabetic pet,5,55,248,9,1.06
sante-suivi,mySugr,bloos sugar,5,59,246,5,1.34
sante-suivi,mySugr,insulin tracker app,5,51,250,2,2.29
sante-suivi,mySugr,blood suger log,5,50,246,5,1.34
sante-suivi,mySugr,spike health,5,40,225,68,0.61
sante-suivi,mySugr,waitress tips,5,61,237,112,0.55
sante-suivi,mySugr,tracker log,5,40,248,197,0.50
sante-suivi,mySugr,glucose report,5,35,246,93,0.57
sante-suivi,mySugr,fasting glucose tracker,5,46,247,57,0.63
sante-suivi,mySugr,track my 401k,5,,242,65,0.62
sante-suivi,mySugr,diet diabetes,5,55,233,117,0.55
sante-suivi,mySugr,diabetes ramadan,5,,247,49,0.66
sante-suivi,mySugr,diabetic fasting,5,,248,217,0.49
sante-suivi,mySugr,diabetic cat,5,48,248,5,1.34
sante-suivi,mySugr,control tracker,5,,239,149,0.53
sante-suivi,mySugr,guide tracker,5,,245,195,0.50
sante-suivi,mySugr,buddy track,5,59,242,201,0.50
sante-suivi,mySugr,monitor log,5,,246,94,0.57
sante-suivi,mySugr,form guide,5,,246,136,0.53
sante-suivi,mySugr,diabetic cat tracker,5,58,242,40,0.69
sante-suivi,mySugr,insulin units,5,29,236,61,0.63
sante-suivi,mySugr,low carb manager,5,,224,143,0.53
sante-suivi,mySugr,carb manger,5,,247,240,0.48
sante-suivi,mySugr,ヘルスケア,,85,249,201,
sante-suivi,mySugr,ビング,,84,248,182,
sante-suivi,mySugr,blood glucose chart,,63,241,8,
sante-suivi,mySugr,blood%20sugar%20tracker%20for%20diabetics,,63,240,4,
sante-suivi,mySugr,diabetes%20tracker,,71,245,5,
sante-suivi,mySugr,glucose%20tracker,,51,240,4,
sante-suivi,mySugr,blood%20sugar%20pressure%20tracker,,52,248,65,
sante-suivi,mySugr,blood%20pressure%3A%20tracker,,60,247,246,
sante-suivi,mySugr,contour%20diabetes%20app,,49,244,148,
sante-suivi,mySugr,blood%20sugar%20monitor,,52,248,158,
sante-suivi,mySugr,glucose%20monitor,,74,243,122,
sante-suivi,mySugr,diabetes%20for%20dummies,,62,249,78,
sante-suivi,mySugr,my%20diabetes,,60,247,5,
sante-suivi,mySugr,blood sugar monitroe,,70,245,81,
sante-suivi,mySugr,ugc tracker,,,235,16,
sante-suivi,mySugr,check connection,,,239,167,
sante-suivi,mySugr,type buddy,,,49,21,
sante-suivi,mySugr,freestyle abbot sugarmate,,52,249,42,
sante-suivi,mySugr,pcos log,,,216,13,
sante-suivi,mySugr,insulin calculator log,,40,241,28,
sante-suivi,mySugr,diabetes records,,,240,22,
sante-suivi,mySugr,is calculator net legit reddit best,,,231,74,
sante-suivi,mySugr,is calculator net legit reddit coach,,,229,81,
sante-suivi,mySugr,insulin tracking,,66,241,20,
sante-suivi,mySugr,carb manager 2,,45,237,48,
sante-suivi,mySugr,each trial scorecard,,,227,33,
sante-suivi,mySugr,undermyfork,,46,15,2,
sante-suivi,mySugr,dexcom d7,,54,246,13,
sante-suivi,mySugr,blood sugar notepad,,62,246,44,
sante-suivi,mySugr,glucose tracker no ads,,59,242,3,
sante-suivi,mySugr,glucose tracker app free,,73,246,3,
sante-suivi,mySugr,glucose tracker gratis,,58,244,6,
sante-suivi,mySugr,till tracker,,,244,236,
sante-suivi,mySugr,blood type tracker,,48,241,8,
sante-suivi,mySugr,connect tracker,,,246,128,
sante-suivi,mySugr,master tracker,,,248,3,
sante-suivi,mySugr,blood sugar monitor app free,,57,248,9,
sante-suivi,HeatIndex,thermometer room temp,51,,250,247,4.92
sante-suivi,HeatIndex,index,43,96,250,116,4.73
sante-suivi,HeatIndex,osha heat index,40,,250,53,5.16
sante-suivi,HeatIndex,heat index,39,56,248,16,6.82
sante-suivi,HeatIndex,sensate,16,68,143,136,1.71
sante-suivi,HeatIndex,termometro ambiente,9,44,238,198,0.90
sante-suivi,HeatIndex,elton,9,51,109,75,1.08
sante-suivi,HeatIndex,urban heat,9,,152,36,1.27
sante-suivi,HeatIndex,warm,7,51,249,240,0.68
sante-suivi,HeatIndex,termometro,6,49,212,167,0.62
sante-suivi,HeatIndex,heat,5,56,248,231,0.49
sante-suivi,HeatIndex,celsius to fahrenheit,5,50,247,204,0.50
sante-suivi,HeatIndex,fahrenheit to celsius,5,51,246,165,0.52
sante-suivi,HeatIndex,天気予報,5,80,201,185,0.51
sante-suivi,HeatIndex,heat index calculator,5,26,189,54,0.64
sante-suivi,HeatIndex,celsius fahrenheit,5,,245,89,0.58
sante-suivi,HeatIndex,frío,5,43,223,87,0.58
sante-suivi,HeatIndex,termómetro°,5,43,195,157,0.52
sante-suivi,HeatIndex,fahrenheit celsius,5,48,224,103,0.56
sante-suivi,HeatIndex,celcius,5,45,246,147,0.53
sante-suivi,HeatIndex,indices,5,82,245,219,0.49
sante-suivi,HeatIndex,fahrenheit & celsius together,5,42,236,90,0.58
sante-suivi,HeatIndex,fahrenheit & celsius temperature,5,42,237,149,0.53
sante-suivi,HeatIndex,shows both fahrenheit and celsius,5,40,244,144,0.53
sante-suivi,HeatIndex,indica,5,56,246,234,0.49
sante-suivi,HeatIndex,celsius + Fahrenheit,5,40,231,92,0.58
sante-suivi,HeatIndex,celsius & Fahrenheit,5,44,240,93,0.57
sante-suivi,HeatIndex,hi -,5,59,222,126,0.54
sante-suivi,HeatIndex,fahrenheit forecast,5,41,239,175,0.51
sante-suivi,HeatIndex,heat press,5,53,242,184,0.51
sante-suivi,HeatIndex,celsius°,5,40,231,107,0.56
sante-suivi,HeatIndex,celsius° fahrenheit,5,40,230,89,0.58
sante-suivi,HeatIndex,sensation,5,53,156,143,0.53
sante-suivi,HeatIndex,tempreture,5,,250,228,0.49
sante-suivi,HeatIndex,tempspike,5,51,248,213,0.49
sante-suivi,HeatIndex,chaud,5,59,238,93,0.57
sante-suivi,HeatIndex,hot and cold,5,50,249,179,0.51
sante-suivi,HeatIndex,elron app,5,35,89,21,0.81
sante-suivi,HeatIndex,feel like temperature,5,39,186,47,0.66
sante-suivi,HeatIndex,current weather temperature,5,43,239,185,0.51
sante-suivi,HeatIndex,heat index app,5,40,201,12,0.96
sante-suivi,HeatIndex,celcius and fahrenheit,5,40,237,93,0.57
sante-suivi,HeatIndex,celsius and fahrenheit,5,45,236,98,0.57
sante-suivi,HeatIndex,ohio temps test,5,77,249,211,0.49
sante-suivi,HeatIndex,termometr,5,45,169,124,0.54
sante-suivi,HeatIndex,摂氏,5,38,53,20,0.82
sante-suivi,HeatIndex,湿度,5,48,244,181,0.51
sante-suivi,HeatIndex,fahrenheit to celcius,5,43,244,163,0.52
sante-suivi,HeatIndex,Heat Map,5,49,249,87,0.58
sante-suivi,HeatIndex,finviz heatmap,5,41,250,229,0.49
sante-suivi,HeatIndex,Indication,5,51,210,160,0.52
sante-suivi,HeatIndex,heatmap habit,5,40,243,179,0.51
sante-suivi,HeatIndex,indicate,5,37,234,143,0.53
sante-suivi,HeatIndex,streak heatmap,5,22,249,184,0.51
sante-suivi,HeatIndex,heat visio,5,,226,145,0.53
sante-suivi,HeatIndex,celsius to,5,,179,175,0.51
sante-suivi,HeatIndex,guess%20the%20country,5,73,215,65,0.62
sante-suivi,HeatIndex,clima%20gratis,5,17,59,45,0.67
sante-suivi,HeatIndex,heat maps,5,40,249,125,0.54
sante-suivi,HeatIndex,heat warning,5,,243,78,0.59
sante-suivi,HeatIndex,hot n cold,5,25,211,134,0.54
sante-suivi,HeatIndex,heat inded,5,,249,15,0.89
sante-suivi,HeatIndex,температура,5,69,248,226,0.49
sante-suivi,HeatIndex,heat wave,5,50,207,90,0.58
sante-suivi,HeatIndex,feels like temperature,5,47,95,43,0.68
sante-suivi,HeatIndex,heat loss,5,53,212,80,0.59
sante-suivi,HeatIndex,celsius to kelvin,5,40,245,75,0.60
sante-suivi,HeatIndex,calculate comfort,5,,235,209,0.50
sante-suivi,HeatIndex,hi weather: temperature widget,5,,245,127,0.54
sante-suivi,HeatIndex,hi weather,5,,248,122,0.55
sante-suivi,HeatIndex,weather hi,5,,246,97,0.57
sante-suivi,HeatIndex,heat%20index,,,225,15,
sante-suivi,HeatIndex,am i hot headed,,,247,223,