cluster,app,keyword,popularity,competitiveness,num_apps,rank,importance
seniors-vie,SeniorSafetyPhone,sr,21,,250,102,2.37
seniors-vie,SeniorSafetyPhone,simple phone,5,53,249,68,0.61
seniors-vie,SeniorSafetyPhone,senior phone,5,50,249,2,2.29
seniors-vie,SeniorSafetyPhone,senior,5,76,249,39,0.69
seniors-vie,SeniorSafetyPhone,phone contact,5,47,242,119,0.55
seniors-vie,SeniorSafetyPhone,seniors,5,56,248,225,0.49
seniors-vie,SeniorSafetyPhone,easy phone,5,55,247,62,0.62
seniors-vie,SeniorSafetyPhone,senioren,5,52,244,162,0.52
seniors-vie,SeniorSafetyPhone,user friendly,5,,225,200,0.50
seniors-vie,SeniorSafetyPhone,senior citizen,5,67,224,133,0.54
seniors-vie,SeniorSafetyPhone,senior safety,5,50,249,5,1.34
seniors-vie,SeniorSafetyPhone,loved ones,5,56,249,245,0.48
seniors-vie,SeniorSafetyPhone,call lovely,5,88,171,94,0.57
seniors-vie,SeniorSafetyPhone,video call granny's,5,42,209,169,0.51
seniors-vie,SeniorSafetyPhone,keep contact,5,91,245,40,0.69
seniors-vie,SeniorSafetyPhone,vita spider for seniors,5,57,222,158,0.52
seniors-vie,SeniorSafetyPhone,seniors large,5,53,245,227,0.49
seniors-vie,SeniorSafetyPhone,calls，love,5,40,179,165,0.52
seniors-vie,SeniorSafetyPhone,old people phone help,5,83,243,3,1.74
seniors-vie,SeniorSafetyPhone,Dumb-Phone,5,40,241,175,0.51
seniors-vie,SeniorSafetyPhone,phones safety,5,74,213,36,0.70
seniors-vie,SeniorSafetyPhone,keep call,5,22,150,137,0.53
seniors-vie,SeniorSafetyPhone,senior messaging,5,32,248,18,0.84
seniors-vie,SeniorSafetyPhone,vita color seniors,5,,79,27,0.76
seniors-vie,SeniorSafetyPhone,senior%20dating,5,59,245,210,0.50
seniors-vie,SeniorSafetyPhone,minimis phone,5,45,248,56,0.64
seniors-vie,SeniorSafetyPhone,senior fasting,5,,248,224,0.49
seniors-vie,SeniorSafetyPhone,senios,5,50,245,41,0.68
seniors-vie,SeniorSafetyPhone,reminders for senior,5,40,248,179,0.51
seniors-vie,SeniorSafetyPhone,keep connected,5,88,244,73,0.60
seniors-vie,SeniorSafetyPhone,senior parent,5,91,247,118,0.55
seniors-vie,SeniorSafetyPhone,senior score,5,83,249,134,0.54
seniors-vie,SeniorSafetyPhone,senior assistance,5,40,249,138,0.53
seniors-vie,SeniorSafetyPhone,senior companion,5,44,249,198,0.50
seniors-vie,SeniorSafetyPhone,senior fall risk,5,40,247,113,0.55
seniors-vie,SeniorSafetyPhone,senior mobility,5,48,248,171,0.51
seniors-vie,SeniorSafetyPhone,elderly call reminders,5,61,243,154,0.52
seniors-vie,SeniorSafetyPhone,senior story,5,,243,33,0.72
seniors-vie,SeniorSafetyPhone,minimalcell phone,5,,218,123,0.54
seniors-vie,SeniorSafetyPhone,senior tools,5,,204,67,0.61
seniors-vie,SeniorSafetyPhone,senior friendly,5,91,249,14,0.91
seniors-vie,SeniorSafetyPhone,senior dog,5,74,219,121,0.55
seniors-vie,SeniorSafetyPhone,senior cat,5,90,250,126,0.54
seniors-vie,SeniorSafetyPhone,senior isolation,5,,230,86,0.58
seniors-vie,SeniorSafetyPhone,daily check in calls for seniors,5,,220,206,0.50
seniors-vie,SeniorSafetyPhone,senior family album,5,40,248,160,0.52
seniors-vie,SeniorSafetyPhone,companion phone,5,,229,87,0.58
seniors-vie,SeniorSafetyPhone,the dumb phone,5,,176,156,0.52
seniors-vie,SeniorSafetyPhone,senior check-in,5,48,248,202,0.50
seniors-vie,SeniorSafetyPhone,keep connections,5,,224,99,0.57
seniors-vie,SeniorSafetyPhone,another phone,5,82,246,147,0.53
seniors-vie,SeniorSafetyPhone,safety call,5,,214,70,0.61
seniors-vie,SeniorSafetyPhone,senior helpers,5,,249,82,0.59
seniors-vie,SeniorSafetyPhone,senior x social,5,,249,180,0.51
seniors-vie,SeniorSafetyPhone,senior app,5,65,245,95,0.57
seniors-vie,SeniorSafetyPhone,seniors friendly,5,61,225,32,0.73
seniors-vie,SeniorSafetyPhone,senior friendlies,5,87,116,8,1.10
seniors-vie,SeniorSafetyPhone,easy for seniors,5,40,247,86,0.58
seniors-vie,SeniorSafetyPhone,easies for seniors,5,42,248,74,0.60
seniors-vie,SeniorSafetyPhone,easy fors seniors,5,64,248,126,0.54
seniors-vie,SeniorSafetyPhone,easy for senior,5,50,247,87,0.58
seniors-vie,SeniorSafetyPhone,reviews iphone older adults,5,51,248,147,0.53
seniors-vie,SeniorSafetyPhone,premium iphone older adults,5,73,245,117,0.55
seniors-vie,SeniorSafetyPhone,iphone older adults for work,5,45,250,125,0.54
seniors-vie,SeniorSafetyPhone,iphone older adults alternatives,5,66,228,228,0.49
seniors-vie,SeniorSafetyPhone,alternatives iphone older adults,5,42,250,3,1.74
seniors-vie,SeniorSafetyPhone,cheap iphone older adults,5,62,250,2,2.29
seniors-vie,SeniorSafetyPhone,top iphone older adults,5,73,248,218,0.49
seniors-vie,SeniorSafetyPhone,easy top elder apps,5,,226,158,0.52
seniors-vie,SeniorSafetyPhone,easy fors seniors free best,5,86,250,190,0.50
seniors-vie,SeniorSafetyPhone,review premium iphone older adults onlin,5,,249,204,0.50
seniors-vie,SeniorSafetyPhone,review premium iphone older adults journ,5,,250,113,0.55
seniors-vie,SeniorSafetyPhone,review cheap iphone older adults online,5,,247,2,2.29
seniors-vie,SeniorSafetyPhone,review cheap iphone older adults reminde,5,,249,71,0.61
seniors-vie,SeniorSafetyPhone,review good iphone older adults app revi,5,42,250,38,0.70
seniors-vie,SeniorSafetyPhone,review good iphone older adults app tuto,5,,250,28,0.75
seniors-vie,SeniorSafetyPhone,review good iphone older adults app guid,5,,250,20,0.82
seniors-vie,SeniorSafetyPhone,senior memories,5,59,247,214,0.49
seniors-vie,SeniorSafetyPhone,senior memories keepers,5,,247,226,0.49
seniors-vie,SeniorSafetyPhone,worries senior talker app,5,,241,164,0.52
seniors-vie,SeniorSafetyPhone,senior talker,5,40,248,126,0.54
seniors-vie,SeniorSafetyPhone,senior talker voice,5,40,249,169,0.51
seniors-vie,SeniorSafetyPhone,easy elders,5,49,248,184,0.51
seniors-vie,SeniorSafetyPhone,senior cheap stay,5,,234,158,0.52
seniors-vie,SeniorSafetyPhone,stay senior checkins,5,,225,144,0.53
seniors-vie,SeniorSafetyPhone,stay senior app,5,,249,169,0.51
seniors-vie,SeniorSafetyPhone,free stay senior,5,,224,139,0.53
seniors-vie,SeniorSafetyPhone,senior check in,5,44,226,120,0.55
seniors-vie,SeniorSafetyPhone,seniors connection,5,89,249,36,0.70
seniors-vie,SeniorSafetyPhone,senior stories,5,80,248,50,0.65
seniors-vie,SeniorSafetyPhone,senior story sharing,5,,188,100,0.57
seniors-vie,SeniorSafetyPhone,seniors keeper,5,,223,197,0.50
seniors-vie,SeniorSafetyPhone,grandparent senior,5,,221,56,0.64
seniors-vie,SeniorSafetyPhone,seniro,5,61,243,170,0.51
seniors-vie,SeniorSafetyPhone,iphone help for seniors,5,,244,44,0.67
seniors-vie,SeniorSafetyPhone,senior seniors elderly iphone help phone,5,,228,91,0.58
seniors-vie,SeniorSafetyPhone,loveds ones,5,,201,82,0.59
seniors-vie,SeniorSafetyPhone,parents grandparents seniors,5,,248,124,0.54
seniors-vie,SeniorSafetyPhone,elderly parent safety,5,,223,95,0.57
seniors-vie,SeniorSafetyPhone,simple smartphone seniors,5,,222,106,0.56
seniors-vie,SeniorSafetyPhone,senior scam,5,,228,96,0.57
seniors-vie,SeniorSafetyPhone,senior dog food,5,,210,188,0.50
seniors-vie,SeniorSafetyPhone,elderly phone help,5,,192,31,0.73
seniors-vie,SeniorSafetyPhone,phone for seniors,5,,249,5,1.34
seniors-vie,SeniorSafetyPhone,video call for seniors,5,,200,177,0.51
seniors-vie,SeniorSafetyPhone,senior help,5,,227,95,0.57
seniors-vie,SeniorSafetyPhone,senior voice,,,248,148,
seniors-vie,SeniorSafetyPhone,stay senior,,,222,104,
seniors-vie,FamilySearch,didi,64,93,246,132,6.88
seniors-vie,FamilySearch,todo リスト,64,50,248,244,6.18
seniors-vie,FamilySearch,f,63,100,249,153,6.59
seniors-vie,FamilySearch,family link,62,94,250,52,8.03
seniors-vie,FamilySearch,id me,62,85,249,87,7.21
seniors-vie,FamilySearch,ancestry,56,90,249,2,25.70
seniors-vie,FamilySearch,vans,56,67,248,139,5.96
seniors-vie,FamilySearch,google family link,56,92,249,9,11.82
seniors-vie,FamilySearch,number match,56,68,249,246,5.40
seniors-vie,FamilySearch,family tree,55,89,249,1,55.00
seniors-vie,FamilySearch,23 and me,55,96,99,5,14.71
seniors-vie,FamilySearch,to do,54,95,246,143,5.72
seniors-vie,FamilySearch,free now,54,85,250,49,7.09
seniors-vie,FamilySearch,ifont,54,83,249,52,6.99
seniors-vie,FamilySearch,family,53,78,248,31,7.75
seniors-vie,FamilySearch,apple developer,53,90,248,152,5.55
seniors-vie,FamilySearch,gospel library,53,57,249,3,18.47
seniors-vie,FamilySearch,lds tools,53,53,249,3,18.47
seniors-vie,FamilySearch,song,52,100,247,176,5.31
seniors-vie,FamilySearch,find my iphone,52,96,248,174,5.32
seniors-vie,FamilySearch,trace,52,91,249,125,5.64
seniors-vie,FamilySearch,iwatch,51,64,248,135,5.46
seniors-vie,FamilySearch,family search,51,81,250,1,51.00
seniors-vie,FamilySearch,net,51,100,250,80,6.03
seniors-vie,FamilySearch,myid,51,98,250,124,5.54
seniors-vie,FamilySearch,逆再生,51,84,250,120,5.58
seniors-vie,FamilySearch,family style,51,53,250,42,6.93
seniors-vie,FamilySearch,musa,51,95,248,247,4.92
seniors-vie,FamilySearch,antique identifier free app,51,71,249,108,5.69
seniors-vie,FamilySearch,theme,50,95,248,156,5.21
seniors-vie,FamilySearch,overwatch,50,93,250,215,4.93
seniors-vie,FamilySearch,forme,50,89,245,214,4.94
seniors-vie,FamilySearch,ウォッチ,50,28,244,155,5.22
seniors-vie,FamilySearch,صور,49,96,247,52,6.35
seniors-vie,FamilySearch,musica gratis para iphone,49,85,247,139,5.22
seniors-vie,FamilySearch,id,49,90,247,185,4.96
seniors-vie,FamilySearch,text now free,49,90,247,134,5.25
seniors-vie,FamilySearch,findmy,49,97,248,83,5.75
seniors-vie,FamilySearch,themes,48,95,247,215,4.74
seniors-vie,FamilySearch,pu,48,98,248,216,4.73
seniors-vie,FamilySearch,ho,48,100,235,174,4.91
seniors-vie,FamilySearch,find my app,48,98,248,71,5.82
seniors-vie,FamilySearch,find me,48,100,247,210,4.75
seniors-vie,FamilySearch,read,47,100,246,234,4.57
seniors-vie,FamilySearch,todo,47,94,248,235,4.57
seniors-vie,FamilySearch,now,47,98,249,140,5.00
seniors-vie,FamilySearch,readera,46,89,248,235,4.47
seniors-vie,FamilySearch,spiele kostenlos,45,94,250,210,4.46
seniors-vie,FamilySearch,tu,45,96,246,126,4.88
seniors-vie,FamilySearch,my heritage,44,73,249,3,15.34
seniors-vie,FamilySearch,폰테마샵,44,,238,169,4.52
seniors-vie,FamilySearch,الساعه,42,75,249,62,5.24
seniors-vie,FamilySearch,tree,41,91,249,4,12.21
seniors-vie,FamilySearch,lds gospel library,40,53,248,3,13.94
seniors-vie,FamilySearch,tree identifier free app,39,82,248,55,4.99
seniors-vie,FamilySearch,lds,38,66,248,6,9.39
seniors-vie,FamilySearch,google family link for parents,36,88,248,6,8.89
seniors-vie,FamilySearch,facts family app,35,,250,5,9.36
seniors-vie,FamilySearch,tutu,33,56,249,74,3.97
seniors-vie,FamilySearch,写真日記,33,51,246,218,3.25
seniors-vie,FamilySearch,family tree maker,32,88,248,3,11.15
seniors-vie,FamilySearch,app familia,32,87,248,13,5.97
seniors-vie,FamilySearch,kostenlos,28,90,250,131,3.01
seniors-vie,FamilySearch,famille,27,78,245,28,4.05
seniors-vie,FamilySearch,genealogy,25,88,248,2,11.47
seniors-vie,FamilySearch,kostenlose spiele,25,,249,160,2.59
seniors-vie,FamilySearch,familie,24,69,243,3,8.37
seniors-vie,FamilySearch,my shake app,24,85,249,165,2.48
seniors-vie,FamilySearch,sacred music,23,54,249,4,6.85
seniors-vie,FamilySearch,free tree identification app,23,82,247,161,2.38
seniors-vie,FamilySearch,family tracking app free,22,,243,31,3.22
seniors-vie,FamilySearch,스타일,20,86,245,110,2.22
seniors-vie,FamilySearch,family mode,20,84,250,96,2.28
seniors-vie,FamilySearch,가족,20,55,247,112,2.22
seniors-vie,FamilySearch,petit potin,18,54,250,2,8.26
seniors-vie,FamilySearch,ảnh,18,92,239,153,1.88
seniors-vie,FamilySearch,gini,17,,219,113,1.88
seniors-vie,FamilySearch,familien spiele,17,69,246,73,2.05
seniors-vie,FamilySearch,fami,15,88,247,116,1.65
seniors-vie,FamilySearch,iphone finder,14,53,243,223,1.37
seniors-vie,FamilySearch,日记,14,57,247,240,1.36
seniors-vie,FamilySearch,bild app,13,92,246,104,1.46
seniors-vie,FamilySearch,face2gene,13,94,250,2,5.97
seniors-vie,FamilySearch,my family,12,95,247,34,1.71
seniors-vie,FamilySearch,heritage,12,84,248,8,2.64
seniors-vie,FamilySearch,spazio iphone,12,74,235,157,1.25
seniors-vie,FamilySearch,الصور,11,84,246,191,1.11
seniors-vie,FamilySearch,idome,11,,250,152,1.15
seniors-vie,FamilySearch,tome,10,95,246,164,1.03
seniors-vie,FamilySearch,family app,9,96,248,180,0.92
seniors-vie,FamilySearch,family guy,9,58,248,215,0.89
seniors-vie,FamilySearch,family locator,9,98,248,93,1.03
seniors-vie,FamilySearch,find a grave,9,,143,3,3.14
seniors-vie,FamilySearch,23andme,9,100,248,4,2.68
seniors-vie,FamilySearch,command and conquer,9,53,247,184,0.91
seniors-vie,FamilySearch,family search tree,9,79,248,1,9.00
seniors-vie,FamilySearch,around me,9,75,194,51,1.17
seniors-vie,FamilySearch,findme,9,55,246,232,0.88
seniors-vie,FamilySearch,grave,9,85,247,59,1.13
seniors-vie,FamilySearch,my shake,9,81,249,139,0.96
seniors-vie,FamilySearch,famly,9,97,249,93,1.03
seniors-vie,FamilySearch,familyalbum,9,75,248,21,1.46
seniors-vie,FamilySearch,ancestry dna,8,84,247,4,2.38
seniors-vie,FamilySearch,fonta,8,93,249,98,0.91
seniors-vie,FamilySearch,google family,8,91,248,8,1.76
seniors-vie,FamilySearch,mural,8,57,247,111,0.89
seniors-vie,FamilySearch,fake me,8,41,229,178,0.82
seniors-vie,FamilySearch,deel,8,76,250,140,0.85
seniors-vie,FamilySearch,works with apple find my,8,89,248,233,0.78
seniors-vie,FamilySearch,commercial,7,59,248,132,0.75
seniors-vie,FamilySearch,found,7,82,249,105,0.78
seniors-vie,FamilySearch,herramientas,7,,247,8,1.54
seniors-vie,FamilySearch,familysearch,7,90,248,1,7.00
seniors-vie,FamilySearch,dna test,7,86,246,16,1.22
seniors-vie,FamilySearch,familylink,7,94,249,35,0.99
seniors-vie,FamilySearch,style dna,7,58,232,121,0.76
seniors-vie,FamilySearch,kinship,7,92,249,90,0.81
seniors-vie,FamilySearch,find my family,6,100,249,88,0.70
seniors-vie,FamilySearch,txt now,6,69,248,126,0.65
seniors-vie,FamilySearch,built,6,72,250,156,0.63
seniors-vie,FamilySearch,watchit,6,96,250,244,0.58
seniors-vie,FamilySearch,familiar,6,63,248,55,0.77
seniors-vie,FamilySearch,my muse,6,,248,42,0.82
seniors-vie,FamilySearch,family tree game,6,,250,6,1.48
seniors-vie,FamilySearch,family link app,6,87,248,5,1.61
seniors-vie,FamilySearch,explora,6,68,242,205,0.60
seniors-vie,FamilySearch,famio,6,64,250,202,0.60
seniors-vie,FamilySearch,tracking phone family finder,6,49,241,209,0.59
seniors-vie,FamilySearch,findmypast,6,58,249,3,2.09
seniors-vie,FamilySearch,family portrait,5,77,249,200,0.50
seniors-vie,FamilySearch,contrast,5,100,249,180,0.51
seniors-vie,FamilySearch,apples to apples,5,74,247,183,0.51
seniors-vie,FamilySearch,apples to apples free,5,77,249,240,0.48
seniors-vie,FamilySearch,family tracking app,5,88,245,141,0.53
seniors-vie,FamilySearch,family tracker,5,93,240,167,0.52
seniors-vie,FamilySearch,free speech,5,42,250,171,0.51
seniors-vie,FamilySearch,geneology,5,80,248,2,2.29
seniors-vie,FamilySearch,ancestry app,5,80,239,2,2.29
seniors-vie,FamilySearch,free people search,5,94,244,78,0.59
seniors-vie,FamilySearch,family tree app,5,88,242,1,5.00
seniors-vie,FamilySearch,international text,5,,206,102,0.56
seniors-vie,FamilySearch,night cap,5,80,250,194,0.50
seniors-vie,FamilySearch,people search,5,75,236,177,0.51
seniors-vie,FamilySearch,singles around me,5,65,220,193,0.50
seniors-vie,FamilySearch,rückwärts,5,87,240,149,0.53
seniors-vie,FamilySearch,watap,5,92,247,159,0.52
seniors-vie,FamilySearch,voice search,5,92,241,29,0.74
seniors-vie,FamilySearch,find my iphone apple,5,60,249,190,0.50
seniors-vie,FamilySearch,watch history,5,79,248,231,0.49
seniors-vie,FamilySearch,text vorlesen,5,80,246,236,0.49
seniors-vie,FamilySearch,command,5,64,248,136,0.53
seniors-vie,FamilySearch,past life,5,64,191,24,0.78
seniors-vie,FamilySearch,de trace,5,40,245,139,0.53
seniors-vie,FamilySearch,videos erstellen,5,96,249,43,0.68
seniors-vie,FamilySearch,arbre,5,70,242,1,5.00
seniors-vie,FamilySearch,family history,5,89,244,1,5.00
seniors-vie,FamilySearch,family tree creator,5,,248,2,2.29
seniors-vie,FamilySearch,aroundme,5,45,190,68,0.61
seniors-vie,FamilySearch,ancestrydna,5,82,247,4,1.49
seniors-vie,FamilySearch,фотографии,5,72,237,143,0.53
seniors-vie,FamilySearch,dna,5,91,248,7,1.16
seniors-vie,FamilySearch,internal,5,58,200,57,0.63
seniors-vie,FamilySearch,kostenlose,5,86,250,99,0.57
seniors-vie,FamilySearch,living alone,5,53,249,66,0.62
seniors-vie,FamilySearch,ivona,5,97,250,149,0.53
seniors-vie,FamilySearch,семья,5,56,250,37,0.70
seniors-vie,FamilySearch,família,5,51,246,65,0.62
seniors-vie,FamilySearch,mode spiele,5,,246,178,0.51
seniors-vie,FamilySearch,family tree maker free,5,,249,2,2.29
seniors-vie,FamilySearch,search history,5,98,245,30,0.74
seniors-vie,FamilySearch,simple to do,5,55,248,215,0.49
seniors-vie,FamilySearch,tree app,5,83,249,113,0.55
seniors-vie,FamilySearch,watchme,5,84,246,58,0.63
seniors-vie,FamilySearch,interface,5,59,250,248,0.48
seniors-vie,FamilySearch,family album app,5,65,246,24,0.78
seniors-vie,FamilySearch,church finder,5,47,236,18,0.84
seniors-vie,FamilySearch,history log,5,,197,19,0.83
seniors-vie,FamilySearch,relative,5,69,234,2,2.29
seniors-vie,FamilySearch,famanice,5,32,250,4,1.49
seniors-vie,FamilySearch,документс,5,92,249,67,0.61
seniors-vie,FamilySearch,them,5,97,245,179,0.51
seniors-vie,FamilySearch,my tree,5,63,215,2,2.29
seniors-vie,FamilySearch,snow track,5,,245,185,0.51
seniors-vie,FamilySearch,faily,5,47,244,230,0.49
seniors-vie,FamilySearch,build and upgrade,5,69,240,108,0.56
seniors-vie,FamilySearch,shake me,5,,175,42,0.68
seniors-vie,FamilySearch,take control,5,60,243,62,0.62
seniors-vie,FamilySearch,speak backwards,5,83,246,175,0.51
seniors-vie,FamilySearch,mormon,5,72,236,61,0.63
seniors-vie,FamilySearch,speechless,5,95,248,192,0.50
seniors-vie,FamilySearch,find family,5,91,244,117,0.55
seniors-vie,FamilySearch,take me,5,49,158,102,0.56
seniors-vie,FamilySearch,forty,5,54,246,152,0.52
seniors-vie,FamilySearch,id.me,5,100,249,74,0.60
seniors-vie,FamilySearch,sears,5,71,135,27,0.76
seniors-vie,FamilySearch,a blind legend,5,47,247,165,0.52
seniors-vie,FamilySearch,family check,5,94,237,174,0.51
seniors-vie,FamilySearch,family search lds,5,,250,1,5.00
seniors-vie,FamilySearch,family tree dna,5,81,248,2,2.29
seniors-vie,FamilySearch,tree identifier app,5,71,237,170,0.51
seniors-vie,FamilySearch,family tree builder,5,80,245,3,1.74
seniors-vie,FamilySearch,link tree app,5,90,248,7,1.16
seniors-vie,FamilySearch,macfamilytree,5,,211,2,2.29
seniors-vie,FamilySearch,family tree free,5,,247,1,5.00
seniors-vie,FamilySearch,familytree,5,80,240,1,5.00
seniors-vie,FamilySearch,family tree maker connect,5,,249,2,2.29
seniors-vie,FamilySearch,gedcom,5,90,250,3,1.74
seniors-vie,FamilySearch,grave finder,5,63,250,9,1.06
seniors-vie,FamilySearch,where am i from,5,,122,5,1.34
seniors-vie,FamilySearch,cemetery,5,85,116,5,1.34
seniors-vie,FamilySearch,genealogy free,5,,250,1,5.00
seniors-vie,FamilySearch,family reunion,5,69,177,5,1.34
seniors-vie,FamilySearch,tree of life,5,57,250,19,0.83
seniors-vie,FamilySearch,read for me,5,,241,178,0.51
seniors-vie,FamilySearch,family finder,5,98,249,1,5.00
seniors-vie,FamilySearch,watch me,5,85,249,182,0.51
seniors-vie,FamilySearch,family tree memories,5,,250,2,2.29
seniors-vie,FamilySearch,asp.net,5,91,244,188,0.50
seniors-vie,FamilySearch,family tree dna app,5,,245,2,2.29
seniors-vie,FamilySearch,tree 🌳,5,73,235,36,0.70
seniors-vie,FamilySearch,ged,5,70,245,59,0.63
seniors-vie,FamilySearch,family medical records,5,72,245,185,0.51
seniors-vie,FamilySearch,familien app,5,53,246,23,0.79
seniors-vie,FamilySearch,pedigree,5,62,247,5,1.34
seniors-vie,FamilySearch,family sharing app,5,92,246,130,0.54
seniors-vie,FamilySearch,vans family,5,78,246,22,0.80
seniors-vie,FamilySearch,birth certificate,5,,250,7,1.16
seniors-vie,FamilySearch,家庭,5,32,248,49,0.66
seniors-vie,FamilySearch,famfinder,5,65,249,1,5.00
seniors-vie,FamilySearch,people search app,5,40,241,173,0.51
seniors-vie,FamilySearch,ancestors,5,88,250,3,1.74
seniors-vie,FamilySearch,reserch,5,,244,226,0.49
seniors-vie,FamilySearch,retuch,5,66,248,86,0.58
seniors-vie,FamilySearch,ancestory,5,81,237,2,2.29
seniors-vie,FamilySearch,family tree magazine,5,,249,4,1.49
seniors-vie,FamilySearch,member tools,5,58,230,3,1.74
seniors-vie,FamilySearch,create family tree,5,54,245,3,1.74
seniors-vie,FamilySearch,family picture,5,73,250,214,0.49
seniors-vie,FamilySearch,дневник сна,5,43,248,218,0.49
seniors-vie,FamilySearch,watcha,5,100,249,215,0.49
seniors-vie,FamilySearch,search by photo,5,89,188,184,0.51
seniors-vie,FamilySearch,multi layer,5,92,236,223,0.49
seniors-vie,FamilySearch,the book of mormon,5,68,249,88,0.58
seniors-vie,FamilySearch,vois,5,82,249,204,0.50
seniors-vie,FamilySearch,find my friends and family,5,93,240,182,0.51
seniors-vie,FamilySearch,happy tree,5,80,244,6,1.24
seniors-vie,FamilySearch,dna ancestry,5,81,247,3,1.74
seniors-vie,FamilySearch,tree id,5,92,247,100,0.57
seniors-vie,FamilySearch,my shake alert,5,,249,174,0.51
seniors-vie,FamilySearch,genogram,5,,197,8,1.10
seniors-vie,FamilySearch,church's chicken,5,71,249,248,0.48
seniors-vie,FamilySearch,familien,5,64,240,15,0.89
seniors-vie,FamilySearch,familien finden,5,54,239,114,0.55
seniors-vie,FamilySearch,familie finden,5,47,241,91,0.58
seniors-vie,FamilySearch,treebo,5,77,249,192,0.50
seniors-vie,FamilySearch,ancestry ai,5,83,248,20,0.82
seniors-vie,FamilySearch,dele,5,94,237,232,0.49
seniors-vie,FamilySearch,family link for parent,5,88,249,8,1.10
seniors-vie,FamilySearch,find caption,5,57,247,225,0.49
seniors-vie,FamilySearch,nationality,5,87,248,218,0.49
seniors-vie,FamilySearch,buscar familia,5,90,248,48,0.66
seniors-vie,FamilySearch,years,5,54,240,143,0.53
seniors-vie,FamilySearch,familie to do,5,48,240,42,0.68
seniors-vie,FamilySearch,familie list,5,60,248,93,0.57
seniors-vie,FamilySearch,family list,5,55,249,82,0.59
seniors-vie,FamilySearch,erstellen und,5,98,245,67,0.61
seniors-vie,FamilySearch,familie und,5,54,247,32,0.73
seniors-vie,FamilySearch,build your,5,95,222,96,0.57
seniors-vie,FamilySearch,bettero,5,84,249,5,1.34
seniors-vie,FamilySearch,comet finder,5,73,243,237,0.49
seniors-vie,FamilySearch,my family album,5,56,249,4,1.49
seniors-vie,FamilySearch,marcha,5,74,245,178,0.51
seniors-vie,FamilySearch,referencia,5,,165,48,0.66
seniors-vie,FamilySearch,these,5,96,233,205,0.50
seniors-vie,FamilySearch,family timeline,5,92,247,9,1.06
seniors-vie,FamilySearch,plog,5,,236,235,0.49
seniors-vie,FamilySearch,relatives,5,62,235,1,5.00
seniors-vie,FamilySearch,internationale,5,49,227,158,0.52
seniors-vie,FamilySearch,estilo,5,60,246,135,0.54
seniors-vie,FamilySearch,cómoda,5,81,248,228,0.49
seniors-vie,FamilySearch,cuisso,5,40,249,74,0.60
seniors-vie,FamilySearch,true people search,5,71,235,42,0.68
seniors-vie,FamilySearch,Name finder,5,78,247,154,0.52
seniors-vie,FamilySearch,famalylink,5,67,248,32,0.73
seniors-vie,FamilySearch,deep nostalgia,5,49,159,148,0.53
seniors-vie,FamilySearch,genetic,5,76,189,11,0.98
seniors-vie,FamilySearch,family find,5,91,245,4,1.49
seniors-vie,FamilySearch,international number,5,80,207,186,0.51
seniors-vie,FamilySearch,buildings,5,55,241,202,0.50
seniors-vie,FamilySearch,ancestry search,5,82,250,1,5.00
seniors-vie,FamilySearch,family video,5,74,243,44,0.67
seniors-vie,FamilySearch,familj,5,67,248,41,0.68
seniors-vie,FamilySearch,overly,5,89,246,197,0.50
seniors-vie,FamilySearch,revoice,5,71,250,213,0.49
seniors-vie,FamilySearch,tweaks,5,63,247,136,0.53
seniors-vie,FamilySearch,over free,5,81,250,248,0.48
seniors-vie,FamilySearch,enfamil family beginnings,5,45,250,12,0.96
seniors-vie,FamilySearch,akron newspaper,5,54,248,8,1.10
seniors-vie,FamilySearch,reduced,5,61,246,173,0.51
seniors-vie,FamilySearch,history makers,5,73,247,22,0.80
seniors-vie,FamilySearch,資料,5,83,241,221,0.49
seniors-vie,FamilySearch,linkjar bio,5,65,248,153,0.52
seniors-vie,FamilySearch,cliveden,5,52,250,97,0.57
seniors-vie,FamilySearch,股市,5,86,239,204,0.50
seniors-vie,FamilySearch,de historias,5,40,231,108,0.56
seniors-vie,FamilySearch,MORMON B IBLE,5,61,230,23,0.79
seniors-vie,FamilySearch,mode style,5,62,233,126,0.54
seniors-vie,FamilySearch,mode styles,5,48,235,197,0.50
seniors-vie,FamilySearch,l.o.l,5,79,245,217,0.49
seniors-vie,FamilySearch,vane,5,69,227,219,0.49
seniors-vie,FamilySearch,lastly,5,93,246,85,0.58
seniors-vie,FamilySearch,textmagic,5,,250,22,0.80
seniors-vie,FamilySearch,bigger text,5,86,250,158,0.52
seniors-vie,FamilySearch,private family photos,5,61,240,125,0.54
seniors-vie,FamilySearch,name dp maker,5,44,200,159,0.52
seniors-vie,FamilySearch,2 3,5,82,240,185,0.51
seniors-vie,FamilySearch,Gia phả,5,18,209,1,5.00
seniors-vie,FamilySearch,お家,5,67,242,13,0.93
seniors-vie,FamilySearch,Watch interface,5,90,250,227,0.49
seniors-vie,FamilySearch,apps for family,5,66,245,122,0.55
seniors-vie,FamilySearch,memory family,5,51,242,4,1.49
seniors-vie,FamilySearch,photos family,5,69,243,204,0.50
seniors-vie,FamilySearch,hgh,5,61,245,209,0.50
seniors-vie,FamilySearch,–,5,86,248,192,0.50
seniors-vie,FamilySearch,root mobile,5,72,226,65,0.62
seniors-vie,FamilySearch,name search,5,59,248,80,0.59
seniors-vie,FamilySearch,familywall happy,5,32,249,105,0.56
seniors-vie,FamilySearch,descendant,5,,188,14,0.91
seniors-vie,FamilySearch,myfamily,5,84,242,9,1.06
seniors-vie,FamilySearch,connected family,5,62,248,15,0.89
seniors-vie,FamilySearch,biography,5,57,246,15,0.89
seniors-vie,FamilySearch,Đồng hồ,5,44,247,97,0.57
seniors-vie,FamilySearch,genome,5,64,186,26,0.76
seniors-vie,FamilySearch,tree of memories,5,59,250,4,1.49
seniors-vie,FamilySearch,musical memory,5,50,246,138,0.53
seniors-vie,FamilySearch,(international),5,43,230,196,0.50
seniors-vie,FamilySearch,family memories,5,52,249,84,0.59
seniors-vie,FamilySearch,digital memories,5,44,246,173,0.51
seniors-vie,FamilySearch,familywhere,5,68,250,14,0.91
seniors-vie,FamilySearch,family legacy,5,87,250,42,0.68
seniors-vie,FamilySearch,search name,5,49,225,45,0.67
seniors-vie,FamilySearch,dong,5,93,222,143,0.53
seniors-vie,FamilySearch,compartilhar,5,56,240,111,0.55
seniors-vie,FamilySearch,history watch,5,100,246,45,0.67
seniors-vie,FamilySearch,arvore,5,51,243,2,2.29
seniors-vie,FamilySearch,cute fonta,5,94,247,184,0.51
seniors-vie,FamilySearch,Family Tree Maker -,5,74,242,6,1.24
seniors-vie,FamilySearch,سوالف,5,51,248,213,0.49
seniors-vie,FamilySearch,share tree,5,,205,4,1.49
seniors-vie,FamilySearch,pasour,5,40,248,97,0.57
seniors-vie,FamilySearch,maker search,5,95,190,144,0.53
seniors-vie,FamilySearch,my dna,5,,248,8,1.10
seniors-vie,FamilySearch,genes,5,91,242,6,1.24
seniors-vie,FamilySearch,digitais,5,87,249,233,0.49
seniors-vie,FamilySearch,blond,5,65,241,216,0.49
seniors-vie,FamilySearch,family control,5,60,247,25,0.77
seniors-vie,FamilySearch,Watch books,5,79,239,134,0.54
seniors-vie,FamilySearch,familienorter,5,40,250,36,0.70
seniors-vie,FamilySearch,digital legacy,5,55,248,243,0.48
seniors-vie,FamilySearch,پاسور اونو,5,52,244,141,0.53
seniors-vie,FamilySearch,search document,5,46,239,27,0.76
seniors-vie,FamilySearch,familiars,5,54,248,231,0.49
seniors-vie,FamilySearch,sainnts,5,25,250,184,0.51
seniors-vie,FamilySearch,friedeman,5,48,250,13,0.93
seniors-vie,FamilySearch,familytree dna,5,80,248,2,2.29
seniors-vie,FamilySearch,app search,5,98,236,143,0.53
seniors-vie,FamilySearch,build family,5,49,248,38,0.70
seniors-vie,FamilySearch,familien-app,5,46,246,23,0.79
seniors-vie,FamilySearch,family banking,5,59,249,54,0.64
seniors-vie,FamilySearch,family screen,5,90,245,22,0.80
seniors-vie,FamilySearch,music exploration,5,85,216,139,0.53
seniors-vie,FamilySearch,connect family,5,49,245,62,0.62
seniors-vie,FamilySearch,facts family,5,61,250,4,1.49
seniors-vie,FamilySearch,kerkon,5,49,250,5,1.34
seniors-vie,FamilySearch,styledna,5,50,250,141,0.53
seniors-vie,FamilySearch,church tools,5,39,233,46,0.67
seniors-vie,FamilySearch,airpors,5,94,247,240,0.48
seniors-vie,FamilySearch,pro free,5,85,245,180,0.51
seniors-vie,FamilySearch,genealogy bank,5,,250,1,5.00
seniors-vie,FamilySearch,الحياه,5,47,250,125,0.54
seniors-vie,FamilySearch,hisotry,5,91,233,230,0.49
seniors-vie,FamilySearch,fotos de familia,5,87,248,51,0.65
seniors-vie,FamilySearch,compartilhar iphone,5,40,243,19,0.83
seniors-vie,FamilySearch,bild video,5,40,237,57,0.63
seniors-vie,FamilySearch,family tree photo,5,,249,5,1.34
seniors-vie,FamilySearch,dna relatives,5,96,248,7,1.16
seniors-vie,FamilySearch,family documents,5,83,247,11,0.98
seniors-vie,FamilySearch,鼠,5,40,246,40,0.69
seniors-vie,FamilySearch,dna style,5,48,247,96,0.57
seniors-vie,FamilySearch,search free,5,47,247,98,0.57
seniors-vie,FamilySearch,clean interface,5,40,248,213,0.49
seniors-vie,FamilySearch,Family Match,5,66,212,30,0.74
seniors-vie,FamilySearch,genetrator,5,84,243,216,0.49
seniors-vie,FamilySearch,words borster,5,40,249,49,0.66
seniors-vie,FamilySearch,علم الدولة,5,46,212,47,0.66
seniors-vie,FamilySearch,obituaries,5,52,249,10,1.02
seniors-vie,FamilySearch,라이프스타일,5,86,249,102,0.56
seniors-vie,FamilySearch,-find family,5,44,239,58,0.63
seniors-vie,FamilySearch,Obituary,5,55,247,70,0.61
seniors-vie,FamilySearch,iwatches,5,86,249,225,0.49
seniors-vie,FamilySearch,search videos,5,79,232,49,0.66
seniors-vie,FamilySearch,biographies,5,73,134,9,1.06
seniors-vie,FamilySearch,Audio search,5,49,250,79,0.59
seniors-vie,FamilySearch,me+,5,96,248,123,0.54
seniors-vie,FamilySearch,familly tree,5,79,249,1,5.00
seniors-vie,FamilySearch,sear,5,73,107,38,0.70
seniors-vie,FamilySearch,wa family tracker,5,44,240,109,0.56
seniors-vie,FamilySearch,my colors finder,5,35,250,174,0.51
seniors-vie,FamilySearch,don t,5,70,234,195,0.50
seniors-vie,FamilySearch,app for family,5,57,240,114,0.55
seniors-vie,FamilySearch,search & find,5,50,245,92,0.58
seniors-vie,FamilySearch,search color,5,48,238,52,0.65
seniors-vie,FamilySearch,reverese,5,83,244,207,0.50
seniors-vie,FamilySearch,colorful search,5,87,245,35,0.71
seniors-vie,FamilySearch,find by description,5,77,156,13,0.93
seniors-vie,FamilySearch,search by color,5,89,243,36,0.70
seniors-vie,FamilySearch,explore me,5,78,224,102,0.56
seniors-vie,FamilySearch,Family chart,5,60,244,1,5.00
seniors-vie,FamilySearch,Memt,5,93,249,224,0.49
seniors-vie,FamilySearch,treeid,5,85,247,58,0.63
seniors-vie,FamilySearch,BackThen Family & Baby Photos,5,70,250,7,1.16
seniors-vie,FamilySearch,apple match,5,68,250,115,0.55
seniors-vie,FamilySearch,kostenlos;,5,89,249,223,0.49
seniors-vie,FamilySearch,combi,5,59,239,42,0.68
seniors-vie,FamilySearch,watch library,5,94,248,56,0.64
seniors-vie,FamilySearch,family memory capture,5,40,247,35,0.71
seniors-vie,FamilySearch,family memory,5,51,243,17,0.86
seniors-vie,FamilySearch,tree finder,5,88,246,22,0.80
seniors-vie,FamilySearch,family tree puzzle,5,,249,10,1.02
seniors-vie,FamilySearch,library of ruina,5,,216,94,0.57
seniors-vie,FamilySearch,mural maker,5,74,249,106,0.56
seniors-vie,FamilySearch,family montior,5,40,245,92,0.58
seniors-vie,FamilySearch,the find my app,5,90,246,233,0.49
seniors-vie,FamilySearch,search for me,5,56,248,116,0.55
seniors-vie,FamilySearch,family locater,5,92,244,230,0.49
seniors-vie,FamilySearch,free muic,5,95,244,179,0.51
seniors-vie,FamilySearch,registro de comidas,5,,205,9,1.06
seniors-vie,FamilySearch,Link in Bio Creator,5,61,242,68,0.61
seniors-vie,FamilySearch,find my apple watch app,5,67,246,220,0.49
seniors-vie,FamilySearch,Parentage,5,80,196,1,5.00
seniors-vie,FamilySearch,idme,5,68,248,143,0.53
seniors-vie,FamilySearch,watchey,5,48,247,154,0.52
seniors-vie,FamilySearch,bio tree,5,41,246,38,0.70
seniors-vie,FamilySearch,famli,5,75,236,8,1.10
seniors-vie,FamilySearch,text do videa,5,93,244,86,0.58
seniors-vie,FamilySearch,tree bio,5,40,246,123,0.54
seniors-vie,FamilySearch,family relation,5,53,216,4,1.49
seniors-vie,FamilySearch,whats tools,5,39,147,32,0.73
seniors-vie,FamilySearch,memory tree,5,,195,3,1.74
seniors-vie,FamilySearch,memory tools,5,60,187,56,0.64
seniors-vie,FamilySearch,family todo list,5,64,244,32,0.73
seniors-vie,FamilySearch,塾,5,48,239,32,0.73
seniors-vie,FamilySearch,family lookup,5,87,246,1,5.00
seniors-vie,FamilySearch,family tree logic puzzle,5,60,248,7,1.16
seniors-vie,FamilySearch,sendl,5,25,192,7,1.16
seniors-vie,FamilySearch,apple watch錶面,5,53,250,204,0.50
seniors-vie,FamilySearch,church of jesus christ,5,,249,20,0.82
seniors-vie,FamilySearch,people finders,5,70,231,18,0.84
seniors-vie,FamilySearch,ابل واتش,5,61,248,188,0.50
seniors-vie,FamilySearch,family research,5,,203,1,5.00
seniors-vie,FamilySearch,reverse id,5,98,237,125,0.54
seniors-vie,FamilySearch,tree identification app free,5,40,245,134,0.54
seniors-vie,FamilySearch,ancestry lookup,5,52,248,3,1.74
seniors-vie,FamilySearch,search family tree,5,73,239,1,5.00
seniors-vie,FamilySearch,make family tree,5,54,246,4,1.49
seniors-vie,FamilySearch,ساعة ابل,5,51,249,180,0.51
seniors-vie,FamilySearch,mwatch,5,98,249,156,0.52
seniors-vie,FamilySearch,ستايل,5,,246,154,0.52
seniors-vie,FamilySearch,capture new memories,5,40,249,68,0.61
seniors-vie,FamilySearch,family to-do,5,49,238,33,0.72
seniors-vie,FamilySearch,family connection,5,53,250,83,0.59
seniors-vie,FamilySearch,themio,5,87,246,242,0.48
seniors-vie,FamilySearch,voizy,5,78,247,233,0.49
seniors-vie,FamilySearch,trees free frees,5,50,246,10,1.02
seniors-vie,FamilySearch,motino,5,84,250,90,0.58
seniors-vie,FamilySearch,famely,5,85,242,4,1.49
seniors-vie,FamilySearch,relative insanity,5,44,209,39,0.69
seniors-vie,FamilySearch,find my family phone,5,79,248,21,0.81
seniors-vie,FamilySearch,find my family,5,40,245,45,0.67
seniors-vie,FamilySearch,tracker app find my family,5,52,243,125,0.54
seniors-vie,FamilySearch,tracker app find family,5,49,242,81,0.59
seniors-vie,FamilySearch,my my family,5,68,240,94,0.57
seniors-vie,FamilySearch,family me,5,94,238,20,0.82
seniors-vie,FamilySearch,vidy,5,77,240,41,0.68
seniors-vie,FamilySearch,digital memorial,5,46,247,194,0.50
seniors-vie,FamilySearch,aisearch,5,98,239,105,0.56
seniors-vie,FamilySearch,color finfer,5,44,216,194,0.50
seniors-vie,FamilySearch,larger,5,32,246,128,0.54
seniors-vie,FamilySearch,find names,5,48,233,197,0.50
seniors-vie,FamilySearch,sacred text,5,58,249,32,0.73
seniors-vie,FamilySearch,familyalbums,5,66,248,19,0.83
seniors-vie,FamilySearch,text reverse,5,84,231,137,0.53
seniors-vie,FamilySearch,me +,5,90,247,155,0.52
seniors-vie,FamilySearch,apple wath,5,64,247,242,0.48
seniors-vie,FamilySearch,historic buildings,5,60,40,2,2.29
seniors-vie,FamilySearch,ready for,5,76,225,164,0.52
seniors-vie,FamilySearch,locate your family,5,47,241,38,0.70
seniors-vie,FamilySearch,connect search,5,50,237,107,0.56
seniors-vie,FamilySearch,family ties,5,62,248,1,5.00
seniors-vie,FamilySearch,rools,5,98,240,222,0.49
seniors-vie,FamilySearch,ai ancestry,5,79,249,5,1.34
seniors-vie,FamilySearch,family free,5,80,249,1,5.00
seniors-vie,FamilySearch,family night,5,91,225,4,1.49
seniors-vie,FamilySearch,halfter,5,35,250,8,1.10
seniors-vie,FamilySearch,revert,5,91,114,8,1.10
seniors-vie,FamilySearch,restaurants around me,5,64,179,98,0.57
seniors-vie,FamilySearch,familu,5,67,236,35,0.71
seniors-vie,FamilySearch,parenting tech,5,20,107,16,0.87
seniors-vie,FamilySearch,historiy,5,83,232,200,0.50
seniors-vie,FamilySearch,history biography,5,32,241,14,0.91
seniors-vie,FamilySearch,history biographies,5,31,49,3,1.74
seniors-vie,FamilySearch,biography app,5,79,246,9,1.06
seniors-vie,FamilySearch,biographies app,5,68,140,1,5.00
seniors-vie,FamilySearch,day biography,5,53,6,3,1.74
seniors-vie,FamilySearch,x search,5,68,225,150,0.52
seniors-vie,FamilySearch,fsmily,5,67,248,41,0.68
seniors-vie,FamilySearch,mormon trail,5,,4,2,2.29
seniors-vie,FamilySearch,color name finder,5,53,250,216,0.49
seniors-vie,FamilySearch,familify,5,62,238,1,5.00
seniors-vie,FamilySearch,get high,5,,210,61,0.63
seniors-vie,FamilySearch,生活助手,5,72,249,180,0.51
seniors-vie,FamilySearch,references,5,54,232,34,0.71
seniors-vie,FamilySearch,sty,5,95,249,143,0.53
seniors-vie,FamilySearch,findfamily,5,88,246,62,0.62
seniors-vie,FamilySearch,roots: screen time control,5,,235,146,0.53
seniors-vie,FamilySearch,audio for families,5,87,247,15,0.89
seniors-vie,FamilySearch,find my dna,5,,26,9,1.06
seniors-vie,FamilySearch,research tool,5,,246,65,0.62
seniors-vie,FamilySearch,simple family tree,5,56,240,3,1.74
seniors-vie,FamilySearch,nihgt,5,82,247,162,0.52
seniors-vie,FamilySearch,video description,5,95,249,101,0.56
seniors-vie,FamilySearch,lifestyl,5,,248,155,0.52
seniors-vie,FamilySearch,color trace,5,87,231,55,0.64
seniors-vie,FamilySearch,leather identifier,5,87,248,228,0.49
seniors-vie,FamilySearch,shared family,5,76,248,211,0.49
seniors-vie,FamilySearch,family online tracker,5,49,235,176,0.51
seniors-vie,FamilySearch,fext,5,96,246,211,0.49
seniors-vie,FamilySearch,antique iden,5,81,247,246,0.48
seniors-vie,FamilySearch,ancestry identifier,5,63,248,3,1.74
seniors-vie,FamilySearch,church histor,5,,215,41,0.68
seniors-vie,FamilySearch,church history,5,,250,3,1.74
seniors-vie,FamilySearch,the now,5,82,243,198,0.50
seniors-vie,FamilySearch,https://apps.apple.com/us/app/id67461136,5,,248,225,0.49
seniors-vie,FamilySearch,document search,5,55,243,48,0.66
seniors-vie,FamilySearch,family%20link,5,87,249,18,0.84
seniors-vie,FamilySearch,dog%20identifier,5,42,233,179,0.51
seniors-vie,FamilySearch,family%20tree%20dna,5,74,197,3,1.74
seniors-vie,FamilySearch,family%20trivia,5,65,245,2,2.29
seniors-vie,FamilySearch,%08find%20my%20family,5,80,200,30,0.74
seniors-vie,FamilySearch,google%20family%20link%20for%20parents,5,96,202,8,1.10
seniors-vie,FamilySearch,family%20tree%20maker,5,78,196,1,5.00
seniors-vie,FamilySearch,enfamil%20family%20beginnings,5,54,178,1,5.00
seniors-vie,FamilySearch,family%20share,5,87,249,114,0.55
seniors-vie,FamilySearch,family%20search,5,87,246,1,5.00
seniors-vie,FamilySearch,family%20link%20for%20parents,5,87,249,61,0.63
seniors-vie,FamilySearch,search%20history,5,81,191,5,1.34
seniors-vie,FamilySearch,find%20my%20family,5,71,190,4,1.49
seniors-vie,FamilySearch,family%20tree,5,61,204,1,5.00
seniors-vie,FamilySearch,bandsintown%20concerts,5,70,191,20,0.82
seniors-vie,FamilySearch,shared family album,5,69,249,7,1.16
seniors-vie,FamilySearch,read and explore,5,78,235,79,0.59
seniors-vie,FamilySearch,family%20history,5,,243,2,2.29
seniors-vie,FamilySearch,family%20tracker,5,47,245,22,0.80
seniors-vie,FamilySearch,family%20search%20tree,5,50,246,1,5.00
seniors-vie,FamilySearch,dna%20test,5,,198,4,1.49
seniors-vie,FamilySearch,mgic,5,,248,62,0.62
seniors-vie,FamilySearch,aviechat,5,,210,37,0.70
seniors-vie,FamilySearch,funeral finder,5,40,249,100,0.57
seniors-vie,FamilySearch,sacret music,5,,214,4,1.49
seniors-vie,FamilySearch,id . me,5,,242,133,0.54
seniors-vie,FamilySearch,wiki offline,5,,188,100,0.57
seniors-vie,FamilySearch,family locate,5,92,245,95,0.57
seniors-vie,FamilySearch,screen track,5,68,246,198,0.50
seniors-vie,FamilySearch,connect with african roots,5,40,249,25,0.77
seniors-vie,FamilySearch,family notes,5,68,250,7,1.16
seniors-vie,FamilySearch,watch groups,5,,192,157,0.52
seniors-vie,FamilySearch,research tools,5,81,227,18,0.84
seniors-vie,FamilySearch,paternity test photo app,5,,226,182,0.51
seniors-vie,FamilySearch,fonti: font finder ai,5,77,244,172,0.51
seniors-vie,FamilySearch,descargas videos,5,64,249,155,0.52
seniors-vie,FamilySearch,family number locator,5,,220,10,1.02
seniors-vie,FamilySearch,reverse auido,5,76,248,187,0.51
seniors-vie,FamilySearch,family tree maker ancestry dna,5,,241,1,5.00
seniors-vie,FamilySearch,family tree ai,5,68,249,1,5.00
seniors-vie,FamilySearch,take me to,5,,120,57,0.63
seniors-vie,FamilySearch,wtch,5,,244,180,0.51
seniors-vie,FamilySearch,pedigree chart,5,,196,6,1.24
seniors-vie,FamilySearch,kinship diagram,5,,218,2,2.29
seniors-vie,FamilySearch,ancestor,5,86,249,2,2.29
seniors-vie,FamilySearch,caption o,5,54,250,209,0.50
seniors-vie,FamilySearch,search explore,5,90,246,19,0.83
seniors-vie,FamilySearch,no id,5,,249,123,0.54
seniors-vie,FamilySearch,fing my,5,97,248,203,0.50
seniors-vie,FamilySearch,historical object identifier,5,40,250,175,0.51
seniors-vie,FamilySearch,find  family,5,44,239,90,0.58
seniors-vie,FamilySearch,find family,5,42,239,85,0.58
seniors-vie,FamilySearch,bring your family photos to life,5,74,243,3,1.74
seniors-vie,FamilySearch,explore around me,5,40,242,36,0.70
seniors-vie,FamilySearch,family control app,5,59,247,59,0.63
seniors-vie,FamilySearch,church text,5,,239,209,0.50
seniors-vie,FamilySearch,ancestry finder,5,75,245,1,5.00
seniors-vie,FamilySearch,nigy,5,87,247,178,0.51
seniors-vie,FamilySearch,appmode,5,,248,158,0.52
seniors-vie,FamilySearch,ancestry.com,5,83,250,2,2.29
seniors-vie,FamilySearch,findit family,5,50,246,7,1.16
seniors-vie,FamilySearch,anthestry,5,,249,2,2.29
seniors-vie,FamilySearch,familien sprüche,5,,183,10,1.02
seniors-vie,FamilySearch,voice memories,5,,224,159,0.52
seniors-vie,FamilySearch,kinship personal notebook,5,,222,4,1.49
seniors-vie,FamilySearch,reverse audii,5,77,249,217,0.49
seniors-vie,FamilySearch,trace over,5,,61,19,0.83
seniors-vie,FamilySearch,free background people search,5,72,233,127,0.54
seniors-vie,FamilySearch,vinens,5,52,248,6,1.24
seniors-vie,FamilySearch,i̇nternet tester,5,,203,59,0.63
seniors-vie,FamilySearch,dark theme.,5,,245,210,0.50
seniors-vie,FamilySearch,clan finder,5,,215,21,0.81
seniors-vie,FamilySearch,text to speecxh,5,66,248,206,0.50
seniors-vie,FamilySearch,freind,5,,248,247,0.48
seniors-vie,FamilySearch,personnality database,5,40,250,17,0.86
seniors-vie,FamilySearch,exploare,5,,218,133,0.54
seniors-vie,FamilySearch,endly,5,,250,19,0.83
seniors-vie,FamilySearch,ancesstory,5,,248,2,2.29
seniors-vie,FamilySearch,text to spetch,5,66,248,154,0.52
seniors-vie,FamilySearch,people memory app,5,,207,19,0.83
seniors-vie,FamilySearch,true heritage & ancestry: edna,5,62,105,4,1.49
seniors-vie,FamilySearch,mobilefamilytree,5,98,243,2,2.29
seniors-vie,FamilySearch,mytree,5,64,249,5,1.34
seniors-vie,FamilySearch,must do,5,,247,161,0.52
seniors-vie,FamilySearch,william hilla,5,,250,7,1.16
seniors-vie,FamilySearch,parenting library,5,,202,125,0.54
seniors-vie,FamilySearch,treebarkid,5,49,249,152,0.52
seniors-vie,FamilySearch,woman identifier,5,,203,27,0.76
seniors-vie,FamilySearch,family tree! - logic puzzles,5,61,212,4,1.49
seniors-vie,FamilySearch,sổ nhật ký,5,,242,107,0.56
seniors-vie,FamilySearch,annecdote,5,,124,27,0.76
seniors-vie,FamilySearch,ancestor lense,5,52,248,3,1.74
seniors-vie,FamilySearch,ancestor lens,5,,249,2,2.29
seniors-vie,FamilySearch,true heritage & ancestry,5,80,247,13,0.93
seniors-vie,FamilySearch,change my mind,5,,245,179,0.51
seniors-vie,FamilySearch,references finder,5,68,244,128,0.54
seniors-vie,FamilySearch,find my family device,5,49,244,75,0.60
seniors-vie,FamilySearch,family connections,5,69,223,3,1.74
seniors-vie,FamilySearch,migraine genetics,5,,182,53,0.64
seniors-vie,FamilySearch,ancestry & ethnicity: face dna,5,,217,10,1.02
seniors-vie,FamilySearch,tree inspector,5,,222,1,5.00
seniors-vie,FamilySearch,familey,5,83,248,36,0.70
seniors-vie,FamilySearch,family photo tree,5,62,244,12,0.96
seniors-vie,FamilySearch,search for jesus,5,,208,45,0.67
seniors-vie,FamilySearch,ascend pro,5,51,242,228,0.49
seniors-vie,FamilySearch,family locator editor,5,,241,68,0.61
seniors-vie,FamilySearch,with loora editor,5,40,250,95,0.57
seniors-vie,FamilySearch,famm family albums,5,42,249,13,0.93
seniors-vie,FamilySearch,famm family album,5,40,249,20,0.82
seniors-vie,FamilySearch,googoo private family album,5,67,246,153,0.52
seniors-vie,FamilySearch,googoo private familys,5,67,249,215,0.49
seniors-vie,FamilySearch,googoo private family,5,66,248,116,0.55
seniors-vie,FamilySearch,googoo private family albums,5,67,245,151,0.52
seniors-vie,FamilySearch,refrencia,5,50,247,62,0.62
seniors-vie,FamilySearch,public records lookup,5,97,237,82,0.59
seniors-vie,FamilySearch,voice biography,5,40,249,65,0.62
seniors-vie,FamilySearch,family archive,5,79,249,5,1.34
seniors-vie,FamilySearch,family organzer,5,,229,105,0.56
seniors-vie,FamilySearch,genealogy app,5,84,250,2,2.29
seniors-vie,FamilySearch,apple library tracks,5,85,250,120,0.55
seniors-vie,FamilySearch,family lists,5,,214,9,1.06
seniors-vie,FamilySearch,family the,5,64,246,6,1.24
seniors-vie,FamilySearch,family for,5,53,234,21,0.81
seniors-vie,FamilySearch,family families,5,67,250,9,1.06
seniors-vie,FamilySearch,family kids,5,72,243,53,0.64
seniors-vie,FamilySearch,famcal familywall,5,52,249,165,0.52
seniors-vie,FamilySearch,famcal families,5,46,248,47,0.66
seniors-vie,FamilySearch,share familywall,5,89,248,105,0.56
seniors-vie,FamilySearch,lists family,5,,245,132,0.54
seniors-vie,FamilySearch,lists familywall,5,60,250,64,0.62
seniors-vie,FamilySearch,lists families,5,,229,11,0.98
seniors-vie,FamilySearch,explore history,5,,245,94,0.57
seniors-vie,FamilySearch,MyHeritage: Family Tree & DNA,5,,249,3,1.74
seniors-vie,FamilySearch,share family photos privately,5,73,242,101,0.56
seniors-vie,FamilySearch,online family album,5,40,245,48,0.66
seniors-vie,FamilySearch,fossil scanner valuation,5,40,250,100,0.57
seniors-vie,FamilySearch,dear jesus,5,67,242,201,0.50
seniors-vie,FamilySearch,elderly checkin,5,,238,176,0.51
seniors-vie,FamilySearch,theirstory,5,47,250,32,0.73
seniors-vie,FamilySearch,family voice,5,66,210,1,5.00
seniors-vie,FamilySearch,header size,5,,232,65,0.62
seniors-vie,FamilySearch,screen tint,5,,243,228,0.49
seniors-vie,FamilySearch,nummo,5,33,226,176,0.51
seniors-vie,FamilySearch,reversre,5,,244,218,0.49
seniors-vie,FamilySearch,everyday suggest idea,5,44,249,83,0.59
seniors-vie,FamilySearch,obiturary,5,40,248,50,0.65
seniors-vie,FamilySearch,stayready family,5,68,250,17,0.86
seniors-vie,FamilySearch,buscar mi iphone,5,92,247,199,0.50
seniors-vie,FamilySearch,family to dos,5,40,233,10,1.02
seniors-vie,FamilySearch,rerverse audi,5,,225,86,0.58
seniors-vie,FamilySearch,family memoire,5,53,249,6,1.24
seniors-vie,FamilySearch,family vault,5,85,248,5,1.34
seniors-vie,FamilySearch,audio memory,5,,212,157,0.52
seniors-vie,FamilySearch,video memories family,5,40,244,141,0.53
seniors-vie,FamilySearch,family memory inbox,5,51,248,4,1.49
seniors-vie,FamilySearch,family memory share,5,40,240,21,0.81
seniors-vie,FamilySearch,sổ chi tiêu gia đình,5,36,110,14,0.91
seniors-vie,FamilySearch,nhật ký chi tiêu,5,40,136,7,1.16
seniors-vie,FamilySearch,app to stay in touch with family,5,40,245,150,0.52
seniors-vie,FamilySearch,share family memories,5,40,243,30,0.74
seniors-vie,FamilySearch,moggde,5,,179,4,1.49
seniors-vie,FamilySearch,hd：watch,5,,247,205,0.50
seniors-vie,FamilySearch,appanage,5,,214,7,1.16
seniors-vie,FamilySearch,findmy search,5,40,233,46,0.67
seniors-vie,FamilySearch,family log,5,90,249,2,2.29
seniors-vie,FamilySearch,family record,5,100,241,6,1.24
seniors-vie,FamilySearch,voice library,5,,225,200,0.50
seniors-vie,FamilySearch,life timeline app,5,,218,30,0.74
seniors-vie,FamilySearch,heritage-genomic hub,5,,249,17,0.86
seniors-vie,FamilySearch,search polygamy,5,,245,4,1.49
seniors-vie,FamilySearch,ancestry test,5,82,248,4,1.49
seniors-vie,FamilySearch,find your roots,5,81,127,17,0.86
seniors-vie,FamilySearch,trace ancestry,5,83,248,3,1.74
seniors-vie,FamilySearch,ancestry origin,5,48,247,36,0.70
seniors-vie,FamilySearch,dna ethnicity,5,70,245,50,0.65
seniors-vie,FamilySearch,ancestry breakdown,5,53,250,6,1.24
seniors-vie,FamilySearch,AIcestry,5,,223,51,0.65
seniors-vie,FamilySearch,Ancestral,5,,247,3,1.74
seniors-vie,FamilySearch,no fa,5,86,245,208,0.50
seniors-vie,FamilySearch,audio biography,5,40,247,52,0.65
seniors-vie,FamilySearch,câu,5,,230,103,0.56
seniors-vie,FamilySearch,dynasty want,5,,247,42,0.68
seniors-vie,FamilySearch,d l s 2026,5,,248,182,0.51
seniors-vie,FamilySearch,tinynest - family album,5,69,249,25,0.77
seniors-vie,FamilySearch,family searchorg,5,,206,1,5.00
seniors-vie,FamilySearch,fila s-watch,5,,215,115,0.55
seniors-vie,FamilySearch,genomapp: raw dna analysis,5,,198,7,1.16
seniors-vie,FamilySearch,history free,5,,246,98,0.57
seniors-vie,FamilySearch,history makers church,5,,250,4,1.49
seniors-vie,FamilySearch,lds talk and lesson generator,5,,155,36,0.70
seniors-vie,FamilySearch,library sud,5,,236,140,0.53
seniors-vie,FamilySearch,linktree: link in bio creator,5,,249,27,0.76
seniors-vie,FamilySearch,mythenvall: breaking zero,5,,217,6,1.24
seniors-vie,FamilySearch,parenting text app,5,,229,178,0.51
seniors-vie,FamilySearch,quick tools,5,,215,80,0.59
seniors-vie,FamilySearch,reference explore,5,,246,45,0.67
seniors-vie,FamilySearch,story nest: family memory app,5,44,246,145,0.53
seniors-vie,FamilySearch,coloring trace,5,,241,74,0.60
seniors-vie,FamilySearch,build digital,5,,244,61,0.63
seniors-vie,FamilySearch,findmykids family tracker,5,94,249,6,1.24
seniors-vie,FamilySearch,audio without,5,,250,191,0.50
seniors-vie,FamilySearch,finder music,5,64,241,197,0.50
seniors-vie,FamilySearch,ancestor identifier,5,,224,4,1.49
seniors-vie,FamilySearch,musica tracker,5,,231,83,0.59
seniors-vie,FamilySearch,family list app,5,,221,12,0.96
seniors-vie,FamilySearch,families app,5,63,231,18,0.84
seniors-vie,FamilySearch,families app,5,63,231,18,0.84
seniors-vie,FamilySearch,families memories,5,70,241,20,0.82
seniors-vie,FamilySearch,videos memories,5,60,243,233,0.49
seniors-vie,FamilySearch,top free families app,5,,244,5,1.34
seniors-vie,FamilySearch,easy free families app,5,,234,19,0.83
seniors-vie,FamilySearch,my free families app,5,,245,7,1.16
seniors-vie,FamilySearch,free families app free,5,57,249,7,1.16
seniors-vie,FamilySearch,free families app best,5,,235,24,0.78
seniors-vie,FamilySearch,families app online app,5,84,246,142,0.53
seniors-vie,FamilySearch,my families app online,5,,228,17,0.86
seniors-vie,FamilySearch,families app online free,5,,235,41,0.68
seniors-vie,FamilySearch,families app online best,5,,230,25,0.77
seniors-vie,FamilySearch,families app online tracker,5,45,240,185,0.51
seniors-vie,FamilySearch,family memories game app,5,,212,8,1.10
seniors-vie,FamilySearch,family memories game free,5,40,237,199,0.50
seniors-vie,FamilySearch,family memories best app,5,,219,2,2.29
seniors-vie,FamilySearch,my family memories best,5,,248,5,1.34
seniors-vie,FamilySearch,family memories best free,5,,247,9,1.06
seniors-vie,FamilySearch,family memories best online,5,,246,5,1.34
seniors-vie,FamilySearch,top legacies stories app,5,,200,19,0.83
seniors-vie,FamilySearch,free top legacies stories,5,,250,120,0.55
seniors-vie,FamilySearch,legacies stories tracker app,5,,231,18,0.84
seniors-vie,FamilySearch,my legacies stories tracker,5,,229,16,0.87
seniors-vie,FamilySearch,historica,5,,237,196,0.50
seniors-vie,FamilySearch,trees finder,5,,228,4,1.49
seniors-vie,FamilySearch,trees tracker,5,40,249,102,0.56
seniors-vie,FamilySearch,reunion finder,5,,152,5,1.34
seniors-vie,FamilySearch,search by name,5,67,242,129,0.54
seniors-vie,FamilySearch,memo memories,5,,219,132,0.54
seniors-vie,FamilySearch,elders archive,5,,221,6,1.24
seniors-vie,FamilySearch,families legacy,5,82,209,2,2.29
seniors-vie,FamilySearch,families legacy talker,5,,230,1,5.00
seniors-vie,FamilySearch,legacy share,5,,192,9,1.06
seniors-vie,FamilySearch,free legacy share,5,,208,18,0.84
seniors-vie,FamilySearch,legacy share free,5,,215,17,0.86
seniors-vie,FamilySearch,sharings kindreds worry,5,,206,2,2.29
seniors-vie,FamilySearch,share stories grandparent,5,,217,9,1.06
seniors-vie,FamilySearch,elders recording connect,5,,221,4,1.49
seniors-vie,FamilySearch,share stories grandparent app,5,,203,29,0.74
seniors-vie,FamilySearch,free share stories grandparent,5,,190,37,0.70
seniors-vie,FamilySearch,free families stories app,5,,232,16,0.87
seniors-vie,FamilySearch,free families stories online,5,,205,5,1.34
seniors-vie,FamilySearch,free families stories tracker,5,,217,20,0.82
seniors-vie,FamilySearch,free families stories ideas,5,,215,4,1.49
seniors-vie,FamilySearch,top families stories best,5,,240,26,0.76
seniors-vie,FamilySearch,top families stories online,5,,189,3,1.74
seniors-vie,FamilySearch,top families stories tracker,5,,216,15,0.89
seniors-vie,FamilySearch,top families stories ideas,5,,199,3,1.74
seniors-vie,FamilySearch,stories messages families app,5,,222,11,0.98
seniors-vie,FamilySearch,families stories checkins,5,,199,3,1.74
seniors-vie,FamilySearch,easy families stories online,5,,203,4,1.49
seniors-vie,FamilySearch,top families stories online app,5,,246,10,1.02
seniors-vie,FamilySearch,top families stories online free,5,,198,2,2.29
seniors-vie,FamilySearch,top families stories online best,5,,246,4,1.49
seniors-vie,FamilySearch,top families stories online tracker,5,,213,12,0.96
seniors-vie,FamilySearch,top families stories ideas tracker,5,,219,7,1.16
seniors-vie,FamilySearch,review top families stories ideas app,5,,202,3,1.74
seniors-vie,FamilySearch,reviews top families stories ideas app,5,,204,3,1.74
seniors-vie,FamilySearch,premium top families stories ideas app,5,,202,6,1.24
seniors-vie,FamilySearch,grandparents shareme,5,,189,6,1.24
seniors-vie,FamilySearch,video legacy,5,,189,53,0.64
seniors-vie,FamilySearch,families memory,5,,214,3,1.74
seniors-vie,FamilySearch,top families sharing app,5,,224,39,0.69
seniors-vie,FamilySearch,top families sharing free,5,,250,45,0.67
seniors-vie,FamilySearch,top families sharing online,5,,182,8,1.10
seniors-vie,FamilySearch,message specials legacy,5,,205,7,1.16
seniors-vie,FamilySearch,legacies share,5,,242,12,0.96
seniors-vie,FamilySearch,legacies share app,5,,246,23,0.79
seniors-vie,FamilySearch,free legacies share,5,,214,5,1.34
seniors-vie,FamilySearch,top legacies share,5,,182,12,0.96
seniors-vie,FamilySearch,voz legacy,5,,248,18,0.84
seniors-vie,FamilySearch,registration finder,5,,201,35,0.71
seniors-vie,FamilySearch,registration history,5,79,239,28,0.75
seniors-vie,FamilySearch,family sharing free,5,,246,68,0.61
seniors-vie,FamilySearch,archive indexer,5,40,250,25,0.77
seniors-vie,FamilySearch,family albums guide,5,60,250,9,1.06
seniors-vie,FamilySearch,apk family albums,5,70,195,5,1.34
seniors-vie,FamilySearch,legacy stories tutorial,5,70,214,7,1.16
seniors-vie,FamilySearch,ipad families,5,,233,3,1.74
seniors-vie,FamilySearch,family albums reddit app,5,,247,11,0.98
seniors-vie,FamilySearch,reddit family albums app,5,,201,14,0.91
seniors-vie,FamilySearch,reddit family albums online,5,,189,13,0.93
seniors-vie,FamilySearch,free family albums reddit app,5,,205,5,1.34
seniors-vie,FamilySearch,free family albums reddit best,5,,247,5,1.34
seniors-vie,FamilySearch,reddit free family albums reddit app,5,,247,29,0.74
seniors-vie,FamilySearch,reviews free family albums reddit app,5,,246,5,1.34
seniors-vie,FamilySearch,reviews reddit free family albums reddit,5,,187,12,0.96
seniors-vie,FamilySearch,reddit free family albums reddit app gui,5,,235,19,0.83
seniors-vie,FamilySearch,reddit family album app,5,,248,11,0.98
seniors-vie,FamilySearch,family album app reddit,5,,197,23,0.79
seniors-vie,FamilySearch,my reddit family album app,5,,189,16,0.87
seniors-vie,FamilySearch,reddit family album app online,5,,188,16,0.87
seniors-vie,FamilySearch,reddit family album app game free,5,,181,28,0.75
seniors-vie,FamilySearch,reddit family album app game app tutoria,5,,249,6,1.24
seniors-vie,FamilySearch,family album app reviews,5,,247,104,0.56
seniors-vie,FamilySearch,family album app review reddit game,5,,183,26,0.76
seniors-vie,FamilySearch,family album app review reddit app apk,5,86,249,17,0.86
seniors-vie,FamilySearch,apk family album app review reddit app,5,49,249,11,0.98
seniors-vie,FamilySearch,family album app reviews best,5,,199,9,1.06
seniors-vie,FamilySearch,family album app reviews app tracker,5,,244,32,0.73
seniors-vie,FamilySearch,family album app reviews app daily,5,,195,8,1.10
seniors-vie,FamilySearch,family album app review iphone,5,,247,59,0.63
seniors-vie,FamilySearch,family albums apk app,5,,211,8,1.10
seniors-vie,FamilySearch,family albums apk game,5,85,248,53,0.64
seniors-vie,FamilySearch,family albums apk free,5,,248,8,1.10
seniors-vie,FamilySearch,family albums apk online,5,,196,6,1.24
seniors-vie,FamilySearch,easy familyalbum app reddit,5,,242,40,0.69
seniors-vie,FamilySearch,my familyalbum app reddit,5,,202,20,0.82
seniors-vie,FamilySearch,familyalbum app reddit free,5,,192,22,0.80
seniors-vie,FamilySearch,familyalbum app reddit best,5,,196,17,0.86
seniors-vie,FamilySearch,familyalbum app reddit online,5,,247,33,0.72
seniors-vie,FamilySearch,my familyalbum app reddit app,5,,192,20,0.82
seniors-vie,FamilySearch,familyalbum app reddit app free,5,,181,24,0.78
seniors-vie,FamilySearch,familyalbum app reddit app online,5,,189,19,0.83
seniors-vie,FamilySearch,familyalbum app reddit app journal,5,,202,20,0.82
seniors-vie,FamilySearch,familyalbum app reddit app reminder,5,,196,18,0.84
seniors-vie,FamilySearch,familyalbum app reddit app game journal,5,,192,20,0.82
seniors-vie,FamilySearch,familyalbum app reddit app game tips,5,,192,21,0.81
seniors-vie,FamilySearch,familyalbum app reviews,5,,210,32,0.73
seniors-vie,FamilySearch,top familyalbum app reviews,5,,209,28,0.75
seniors-vie,FamilySearch,easy familyalbum app reviews,5,,208,39,0.69
seniors-vie,FamilySearch,my familyalbum app reviews,5,,211,29,0.74
seniors-vie,FamilySearch,familyalbum app reviews free,5,,206,29,0.74
seniors-vie,FamilySearch,familyalbum app reviews planner,5,,220,22,0.80
seniors-vie,FamilySearch,familyalbum app reviews journal,5,,211,18,0.84
seniors-vie,FamilySearch,easy familyalbum app reviews app,5,,208,40,0.69
seniors-vie,FamilySearch,my familyalbum app reviews app,5,,250,8,1.10
seniors-vie,FamilySearch,familyalbum app reviews app free,5,,250,37,0.70
seniors-vie,FamilySearch,familyalbum app reviews app online,5,,208,36,0.70
seniors-vie,FamilySearch,familyalbum app reviews app planner,5,,223,26,0.76
seniors-vie,FamilySearch,reviews free familyalbum app reviews app,5,,205,31,0.73
seniors-vie,FamilySearch,apk free familyalbum app reviews app,5,,201,49,0.66
seniors-vie,FamilySearch,premium free familyalbum app reviews app,5,,246,88,0.58
seniors-vie,FamilySearch,widget free familyalbum app reviews app,5,,193,35,0.71
seniors-vie,FamilySearch,homescreen free familyalbum app reviews,5,,194,29,0.74
seniors-vie,FamilySearch,review reddit free familyalbum app revie,5,,195,44,0.67
seniors-vie,FamilySearch,tutorial reddit free familyalbum app rev,5,,186,24,0.78
seniors-vie,FamilySearch,free family sharing app,5,44,248,222,0.49
seniors-vie,FamilySearch,free family sharing online,5,,194,12,0.96
seniors-vie,FamilySearch,free family sharing app free,5,,230,46,0.67
seniors-vie,FamilySearch,free family sharing app tracker,5,,246,164,0.52
seniors-vie,FamilySearch,free family sharing app journal,5,,246,105,0.56
seniors-vie,FamilySearch,free family sharing app daily,5,,210,16,0.87
seniors-vie,FamilySearch,free family sharing tracker app,5,43,245,229,0.49
seniors-vie,FamilySearch,free family sharing tracker free,5,,243,90,0.58
seniors-vie,FamilySearch,free family sharing tracker journal,5,,223,45,0.67
seniors-vie,FamilySearch,reviews free family sharing tracker app,5,,232,50,0.65
seniors-vie,FamilySearch,mod free family sharing tracker app,5,,226,45,0.67
seniors-vie,FamilySearch,reddit free family sharing tracker app r,5,46,245,106,0.56
seniors-vie,FamilySearch,review reddit free family sharing tracke,5,87,247,62,0.62
seniors-vie,FamilySearch,reddit free family sharing tracker app t,5,46,246,164,0.52
seniors-vie,FamilySearch,reddit free family sharing tracker app g,5,46,243,145,0.53
seniors-vie,FamilySearch,apk reddit free family sharing tracker a,5,89,245,83,0.59
seniors-vie,FamilySearch,reddit free family sharing tracker app m,5,,247,64,0.62
seniors-vie,FamilySearch,reddit family tracking app,5,46,240,150,0.52
seniors-vie,FamilySearch,reddit family share,5,,197,8,1.10
seniors-vie,FamilySearch,reddit family sharing free,5,,248,14,0.91
seniors-vie,FamilySearch,reddit family sharing tracker,5,,219,14,0.91
seniors-vie,FamilySearch,free reddit family share,5,,247,6,1.24
seniors-vie,FamilySearch,free family share reddit,5,,247,12,0.96
seniors-vie,FamilySearch,family share reddit best,5,,201,10,1.02
seniors-vie,FamilySearch,family share reddit tracker,5,88,243,112,0.55
seniors-vie,FamilySearch,family share reddit app tracker,5,,245,64,0.62
seniors-vie,FamilySearch,family share reddit app game journal,5,,213,18,0.84
seniors-vie,FamilySearch,free family sharing reddit app,5,,187,8,1.10
seniors-vie,FamilySearch,family sharing online app,5,,224,41,0.68
seniors-vie,FamilySearch,top family sharing online,5,,185,11,0.98
seniors-vie,FamilySearch,easy family sharing online,5,,192,15,0.89
seniors-vie,FamilySearch,family sharing online free,5,,199,12,0.96
seniors-vie,FamilySearch,easy family sharing online app,5,,206,17,0.86
seniors-vie,FamilySearch,easy family sharing online free,5,,192,13,0.93
seniors-vie,FamilySearch,review easy family sharing online app,5,,203,15,0.89
seniors-vie,FamilySearch,premium easy family sharing online app,5,,206,16,0.87
seniors-vie,FamilySearch,family sharing reviews tracker,5,,232,51,0.65
seniors-vie,FamilySearch,family sharing reviews app free,5,40,247,102,0.56
seniors-vie,FamilySearch,grandparents recording memos,5,66,248,42,0.68
seniors-vie,FamilySearch,iphone families,5,,220,20,0.82
seniors-vie,FamilySearch,iphone families app,5,,231,15,0.89
seniors-vie,FamilySearch,tracker voice over,5,,240,231,0.49
seniors-vie,FamilySearch,legacy have,5,,245,25,0.77
seniors-vie,FamilySearch,free family wall,5,,223,7,1.16
seniors-vie,FamilySearch,family wall free,5,,221,6,1.24
seniors-vie,FamilySearch,inheritance estimate,5,,250,12,0.96
seniors-vie,FamilySearch,inheritance forecast,5,51,249,3,1.74
seniors-vie,FamilySearch,my family wall free,5,,222,4,1.49
seniors-vie,FamilySearch,my family wall online,5,,250,5,1.34
seniors-vie,FamilySearch,voiceover library,5,,226,117,0.55
seniors-vie,FamilySearch,family album online,5,60,248,13,0.93
seniors-vie,FamilySearch,family album tracker,5,46,243,84,0.59
seniors-vie,FamilySearch,legacy memoirs remind,5,,231,6,1.24
seniors-vie,FamilySearch,alternatives grandparents,5,,207,6,1.24
seniors-vie,FamilySearch,gentle grandparent,5,,222,3,1.74
seniors-vie,FamilySearch,grandparents connection mod,5,,228,2,2.29
seniors-vie,FamilySearch,grandparents connection,5,,184,4,1.49
seniors-vie,FamilySearch,grandpad families,5,,224,2,2.29
seniors-vie,FamilySearch,family memory app,5,,244,4,1.49
seniors-vie,FamilySearch,family tree maker & heritage,5,,187,2,2.29
seniors-vie,FamilySearch,apk families moments,5,,248,70,0.61
seniors-vie,FamilySearch,family album 2026,5,70,246,3,1.74
seniors-vie,FamilySearch,families stories reddit,5,63,248,40,0.69
seniors-vie,FamilySearch,family memoir,5,40,246,31,0.73
seniors-vie,FamilySearch,family stories reddit,5,95,203,3,1.74
seniors-vie,FamilySearch,reddit family stories,5,95,201,3,1.74
seniors-vie,FamilySearch,review family stories,5,66,219,2,2.29
seniors-vie,FamilySearch,reviews family stories,5,53,247,13,0.93
seniors-vie,FamilySearch,family stories tutorial,5,66,244,1,5.00
seniors-vie,FamilySearch,tutorial family stories,5,61,211,3,1.74
seniors-vie,FamilySearch,family stories guide,5,39,200,3,1.74
seniors-vie,FamilySearch,family stories apk,5,67,208,3,1.74
seniors-vie,FamilySearch,apk family stories,5,69,208,2,2.29
seniors-vie,FamilySearch,grandparent tutorial,5,42,250,9,1.06
seniors-vie,FamilySearch,review family album,5,41,248,4,1.49
seniors-vie,FamilySearch,apk family album,5,,202,3,1.74
seniors-vie,FamilySearch,ios legacy stories,5,56,247,54,0.64
seniors-vie,FamilySearch,legacy stories for work,5,33,209,13,0.93
seniors-vie,FamilySearch,family stories download,5,,204,3,1.74
seniors-vie,FamilySearch,reddit families stories,5,94,185,8,1.10
seniors-vie,FamilySearch,families stories tutorial,5,80,193,2,2.29
seniors-vie,FamilySearch,tutorial families stories,5,80,205,2,2.29
seniors-vie,FamilySearch,families stories guide,5,82,198,2,2.29
seniors-vie,FamilySearch,families stories apk,5,78,211,4,1.49
seniors-vie,FamilySearch,apk families stories,5,54,208,3,1.74
seniors-vie,FamilySearch,family moments premium,5,69,206,2,2.29
seniors-vie,FamilySearch,premium family moments,5,44,206,3,1.74
seniors-vie,FamilySearch,sharing memories with apk,5,46,191,16,0.87
seniors-vie,FamilySearch,sharing memories with premium,5,47,199,14,0.91
seniors-vie,FamilySearch,kindred ideas,5,,220,7,1.16
seniors-vie,FamilySearch,families album guide,5,,182,5,1.34
seniors-vie,FamilySearch,families album apk,5,,197,8,1.10
seniors-vie,FamilySearch,family moments download,5,44,249,6,1.24
seniors-vie,FamilySearch,share stories free trial,5,50,247,1,5.00
seniors-vie,FamilySearch,family memory archive,5,,211,1,5.00
seniors-vie,FamilySearch,legacy stories app,5,,201,42,0.68
seniors-vie,FamilySearch,oral history family,5,,202,4,1.49
seniors-vie,FamilySearch,video memory family,5,,205,7,1.16
seniors-vie,FamilySearch,families album ios,5,,246,26,0.76
seniors-vie,FamilySearch,families album android,5,,192,13,0.93
seniors-vie,FamilySearch,ios family moments,5,,249,20,0.82
seniors-vie,FamilySearch,offline family stories,5,,213,2,2.29
seniors-vie,FamilySearch,family moments free trial,5,,214,3,1.74
seniors-vie,FamilySearch,family moments like,5,,244,82,0.59
seniors-vie,FamilySearch,top family moments app,5,,245,207,0.50
seniors-vie,FamilySearch,top legacy stories app,5,,241,134,0.54
seniors-vie,FamilySearch,ask grandparent stories,5,,222,5,1.34
seniors-vie,FamilySearch,sharing memories with free trial,5,,219,9,1.06
seniors-vie,FamilySearch,free trial sharing memories with,5,,216,9,1.06
seniors-vie,FamilySearch,alternatives memoir,5,,247,120,0.55
seniors-vie,FamilySearch,free voice tracker,5,,247,222,0.49
seniors-vie,FamilySearch,legacy families,5,,207,1,5.00
seniors-vie,FamilySearch,my caption,5,,227,204,0.50
seniors-vie,FamilySearch,canon print history,5,52,249,193,0.50
seniors-vie,FamilySearch,record grandparent stories,5,,196,10,1.02
seniors-vie,FamilySearch,grandparents story app,5,,197,19,0.83
seniors-vie,FamilySearch,family story archive,5,,215,5,1.34
seniors-vie,FamilySearch,remind family stories,5,,199,3,1.74
seniors-vie,FamilySearch,family story keeper,5,,215,3,1.74
seniors-vie,FamilySearch,scream video,5,,233,216,0.49
seniors-vie,FamilySearch,descargar families,5,,243,3,1.74
seniors-vie,FamilySearch,输,5,45,244,43,0.68
seniors-vie,FamilySearch,reddit families stories review,5,,247,47,0.66
seniors-vie,FamilySearch,families stories review apk,5,,213,4,1.49
seniors-vie,FamilySearch,share grandparents,5,40,247,63,0.62
seniors-vie,FamilySearch,archive families check,5,74,250,79,0.59
seniors-vie,FamilySearch,share family stories,5,,246,12,0.96
seniors-vie,FamilySearch,families kindreds,5,,248,6,1.24
seniors-vie,FamilySearch,finder voice,5,,246,67,0.61
seniors-vie,FamilySearch,reverse record,5,,241,177,0.51
seniors-vie,FamilySearch,family legacy archive,5,,205,4,1.49
seniors-vie,FamilySearch,family memory sharing,5,,202,7,1.16
seniors-vie,FamilySearch,family memory books,5,,200,4,1.49
seniors-vie,FamilySearch,families connection,5,,246,3,1.74
seniors-vie,FamilySearch,families heirloom,5,,199,2,2.29
seniors-vie,FamilySearch,memories families,5,,245,13,0.93
seniors-vie,FamilySearch,archive families memories,5,,246,8,1.10
seniors-vie,FamilySearch,families kindred memory,5,,218,1,5.00
seniors-vie,FamilySearch,famlily tree,5,,208,1,5.00
seniors-vie,FamilySearch,personal historian,5,,250,3,1.74
seniors-vie,FamilySearch,private desperate grandparents,5,,249,14,0.91
seniors-vie,FamilySearch,and me,5,,249,44,0.67
seniors-vie,FamilySearch,watch reader,5,,235,220,0.49
seniors-vie,FamilySearch,myheritage deep nostalgia,5,,216,8,1.10
seniors-vie,FamilySearch,biography maker,5,,248,13,0.93
seniors-vie,FamilySearch,family chronicle,5,,249,13,0.93
seniors-vie,FamilySearch,screen search,5,,182,30,0.74
seniors-vie,FamilySearch,searche,5,,236,28,0.75
seniors-vie,FamilySearch,your family,5,70,246,4,1.49
seniors-vie,FamilySearch,track document,5,,210,37,0.70
seniors-vie,FamilySearch,polly shake maker free,5,,234,55,0.64
seniors-vie,FamilySearch,name tag maker,5,,233,174,0.51
seniors-vie,FamilySearch,family tree maker &,5,,202,2,2.29
seniors-vie,FamilySearch,antique identification app free,5,,243,113,0.55
seniors-vie,FamilySearch,motin,5,,250,82,0.59
seniors-vie,FamilySearch,photo ancestry,5,,244,23,0.79
seniors-vie,FamilySearch,palm tree drawing,5,,219,17,0.86
seniors-vie,FamilySearch,colors names,5,,212,142,0.53
seniors-vie,FamilySearch,finder font,5,,248,124,0.54
seniors-vie,FamilySearch,family history genealogy,5,,225,1,5.00
seniors-vie,FamilySearch,family tree maker offline,5,,248,2,2.29
seniors-vie,FamilySearch,genealogy app offline,5,,242,1,5.00
seniors-vie,FamilySearch,pedigree chart maker,5,,245,1,5.00
seniors-vie,FamilySearch,relative finder offline,5,,246,1,5.00
seniors-vie,FamilySearch,treemap maker,5,,248,36,0.70
seniors-vie,FamilySearch,seeder,5,,237,198,0.50
seniors-vie,FamilySearch,family petition,5,,250,11,0.98
seniors-vie,FamilySearch,dna family history,5,,242,5,1.34
seniors-vie,FamilySearch,family history app,5,,246,1,5.00
seniors-vie,FamilySearch,aestry,5,,249,2,2.29
seniors-vie,FamilySearch,family history dna,5,69,243,5,1.34
seniors-vie,FamilySearch,apps for dna ancestry testing,5,,248,3,1.74
seniors-vie,FamilySearch,ancestor lens: dna & ancestry,5,,246,4,1.49
seniors-vie,FamilySearch,heritage dna & ancestry ai,5,,241,12,0.96
seniors-vie,FamilySearch,family diary app,5,,245,159,0.52
seniors-vie,FamilySearch,genealogydirect,5,,250,2,2.29
seniors-vie,FamilySearch,family-tree app,5,,244,1,5.00
seniors-vie,FamilySearch,genealogy supplies,5,,250,2,2.29
seniors-vie,FamilySearch,family tree now,5,,248,1,5.00
seniors-vie,FamilySearch,family tree tool,5,,240,2,2.29
seniors-vie,FamilySearch,family tree trunk,5,,244,3,1.74
seniors-vie,FamilySearch,family tree finder,5,,248,1,5.00
seniors-vie,FamilySearch,family tree health,5,,244,2,2.29
seniors-vie,FamilySearch,family tree studio,5,,243,2,2.29
seniors-vie,FamilySearch,family tree social,5,,239,3,1.74
seniors-vie,FamilySearch,family tree connect,5,,250,2,2.29
seniors-vie,FamilySearch,ancestry & genealogy,5,,249,2,2.29
seniors-vie,FamilySearch,family tree: atreeum,5,,249,2,2.29
seniors-vie,FamilySearch,family tree magazine.,5,,243,3,1.74
seniors-vie,FamilySearch,family tree simulator,5,,249,14,0.91
seniors-vie,FamilySearch,genealogy family online,5,,248,2,2.29
seniors-vie,FamilySearch,family tree: rootsrefined,5,,240,2,2.29
seniors-vie,FamilySearch,iajgs genealogy conference,5,,246,4,1.49
seniors-vie,FamilySearch,family tree photo-genealogy,5,,238,2,2.29
seniors-vie,FamilySearch,free family tree app,5,,248,1,5.00
seniors-vie,FamilySearch,family tree viewer 5,5,,239,2,2.29
seniors-vie,FamilySearch,family tree search app,5,,245,1,5.00
seniors-vie,FamilySearch,family tree builder pro,5,,246,2,2.29
seniors-vie,FamilySearch,family tree: family life,5,,239,2,2.29
seniors-vie,FamilySearch,family tree get involved,5,,249,2,2.29
seniors-vie,FamilySearch,family tree collage maker,5,,247,3,1.74
seniors-vie,FamilySearch,مورا,5,51,214,195,0.50
seniors-vie,FamilySearch,shared family list,5,52,244,54,0.64
seniors-vie,FamilySearch,ancestry family,5,,240,2,2.29
seniors-vie,FamilySearch,dna genealogy,5,,244,5,1.34
seniors-vie,FamilySearch,genealogy ethnicity,5,,246,12,0.96
seniors-vie,FamilySearch,history dna,5,,244,16,0.87
seniors-vie,FamilySearch,what to do when someone dies,5,,250,63,0.62
seniors-vie,FamilySearch,night audio,5,,248,236,0.49
seniors-vie,FamilySearch,family history book,5,,241,4,1.49
seniors-vie,FamilySearch,dark vision,5,,235,183,0.51
seniors-vie,FamilySearch,criblet,5,,250,2,2.29
seniors-vie,FamilySearch,ancestryx,5,,247,4,1.49
seniors-vie,FamilySearch,genealogy  ancestry  ethnicity,5,,241,8,1.10
seniors-vie,FamilySearch,sms family,5,,246,12,0.96
seniors-vie,FamilySearch,逆再生アプリ,,,249,91,
seniors-vie,FamilySearch,交換日記,,29,247,151,
seniors-vie,FamilySearch,unext,,,247,149,
seniors-vie,FamilySearch,libera memoria,,,228,208,
seniors-vie,FamilySearch,tech tree,,,54,6,
seniors-vie,FamilySearch,find%20my%20iphone%20apple,,,239,172,
seniors-vie,FamilySearch,free%20tree%20identification%20app,,66,241,51,
seniors-vie,FamilySearch,tool finder,,,237,80,
seniors-vie,FamilySearch,dna results,,,198,68,
seniors-vie,FamilySearch,share family story,,,209,5,
seniors-vie,FamilySearch,no fa[,,87,245,185,
seniors-vie,FamilySearch,family tree maker heritage,,,193,1,
seniors-vie,FamilySearch,familia link,,,218,12,
seniors-vie,FamilySearch,top families stories app,,,226,8,
seniors-vie,FamilySearch,top families stories reminder,,,189,4,
seniors-vie,FamilySearch,specials grandparent story,,,216,10,
seniors-vie,FamilySearch,easy families stories app,,,210,10,
seniors-vie,FamilySearch,easy families stories free,,,218,6,
seniors-vie,FamilySearch,easy families stories tracker,,,221,20,
seniors-vie,FamilySearch,top families stories online ideas,,,248,11,
seniors-vie,FamilySearch,top families stories online daily,,,169,4,
seniors-vie,FamilySearch,top families stories ideas app,,,249,11,
seniors-vie,FamilySearch,top families stories ideas free,,,201,3,
seniors-vie,FamilySearch,tutorial reddit top families stories ide,,,198,4,
seniors-vie,FamilySearch,apk reddit top families stories ideas ap,,,204,2,
seniors-vie,FamilySearch,reddit top families stories ideas app mo,,,196,3,
seniors-vie,FamilySearch,grandparents shareme voices,,,185,22,
seniors-vie,FamilySearch,my  heritage,,52,250,3,
seniors-vie,FamilySearch,legacies grandparent stories,,,208,8,
seniors-vie,FamilySearch,my family albums reddit,,,191,13,
seniors-vie,FamilySearch,my reddit family albums,,,204,13,
seniors-vie,FamilySearch,free family albums reddit free,,,179,6,
seniors-vie,FamilySearch,familyalbum app reddit,,,198,21,
seniors-vie,FamilySearch,reddit family album app reminder,,,246,100,
seniors-vie,FamilySearch,family album app reviews app best,,,200,9,
seniors-vie,FamilySearch,free family albums apk,,,204,5,
seniors-vie,FamilySearch,apk top family albums tutorial app,,40,242,70,
seniors-vie,FamilySearch,familyalbum app reddit app,,,196,18,
seniors-vie,FamilySearch,familyalbum app reddit app game free,,,188,23,
seniors-vie,FamilySearch,familyalbum app reddit app game reminder,,,189,18,
seniors-vie,FamilySearch,familyalbum app reviews app,,,209,33,
seniors-vie,FamilySearch,familyalbum app reviews online,,,209,35,
seniors-vie,FamilySearch,free familyalbum app reviews app,,,203,31,
seniors-vie,FamilySearch,familyalbum app reviews app journal,,,203,63,
seniors-vie,FamilySearch,review free familyalbum app reviews app,,,207,31,
seniors-vie,FamilySearch,tutorial free familyalbum app reviews ap,,,249,7,
seniors-vie,FamilySearch,reviews reddit free familyalbum app revi,,,246,59,
seniors-vie,FamilySearch,free family sharing free,,,250,62,
seniors-vie,FamilySearch,free family sharing app ideas,,,203,12,
seniors-vie,FamilySearch,free family sharing tracker online,,,230,43,
seniors-vie,FamilySearch,free family sharing tracker daily,,,227,66,
seniors-vie,FamilySearch,review free family sharing tracker app,,,232,46,
seniors-vie,FamilySearch,subscription free family sharing tracker,,43,244,227,
seniors-vie,FamilySearch,reddit family tree app,,,191,1,
seniors-vie,FamilySearch,my reddit family share,,,244,16,
seniors-vie,FamilySearch,reddit family share tracker,,,217,14,
seniors-vie,FamilySearch,reddit family share app tracker,,,246,44,
seniors-vie,FamilySearch,family sharing reddit,,,196,6,
seniors-vie,FamilySearch,family sharing reddit tracker,,87,247,76,
seniors-vie,FamilySearch,family sharing reddit app free,,,190,7,
seniors-vie,FamilySearch,family story recorder,,,211,8,
seniors-vie,FamilySearch,record family stories,,,211,11,
seniors-vie,FamilySearch,church heritage,,,221,35,
seniors-vie,FamilySearch,android families album,,,195,15,
seniors-vie,FamilySearch,family stories offline,,,214,2,
seniors-vie,FamilySearch,reverse memories,,,216,5,
seniors-vie,FamilySearch,orange screen,,,250,199,
seniors-vie,FamilySearch,shake that,,,191,155,
seniors-vie,FamilySearch,ged.com,,,250,44,
seniors-vie,FamilySearch,funeral home near me,,,207,41,
seniors-vie,FamilySearch,tracing names,,,191,8,
seniors-vie,FamilySearch,speech to subtitle,,,250,182,
seniors-vie,FamilySearch,family tree app offline,,,240,1,
seniors-vie,FamilySearch,ancestry tree app,,,242,1,
seniors-vie,FamilySearch,family records hub,,,246,2,
seniors-vie,FamilySearch,my family vault,,,250,2,
seniors-vie,FamilySearch,search tracker,,,247,181,
seniors-vie,FamilySearch,caption finder,,,248,229,
seniors-vie,FamilySearch,caption style,,,246,234,
seniors-vie,FamilySearch,subtitle style,,,250,84,
seniors-vie,FamilySearch,find public records,,,242,15,
seniors-vie,FamilySearch,arpante,,,250,5,
seniors-vie,FamilySearch,face recognition ancestry app,,,237,60,
seniors-vie,FamilySearch,face scan ancestry app,,,242,22,
seniors-vie,FamilySearch,life 360 family & friends locator,,,249,101,
seniors-vie,FamilySearch,"family app",,,245,70,
seniors-vie,MyHeritage,y,65,100,243,225,6.36
seniors-vie,MyHeritage,meitu,65,97,248,136,6.95
seniors-vie,MyHeritage,m,62,100,247,215,6.12
seniors-vie,MyHeritage,family link,62,94,250,124,6.74
seniors-vie,MyHeritage,wonder,61,70,248,120,6.67
seniors-vie,MyHeritage,art,60,98,246,179,6.11
seniors-vie,MyHeritage,e,57,100,248,63,7.08
seniors-vie,MyHeritage,avatar,57,98,246,233,5.55
seniors-vie,MyHeritage,ancestry,56,90,249,4,16.67
seniors-vie,MyHeritage,google family link,56,92,249,24,8.74
seniors-vie,MyHeritage,magic,55,100,247,172,5.64
seniors-vie,MyHeritage,family tree,55,89,249,6,13.59
seniors-vie,MyHeritage,23 and me,55,96,99,3,19.17
seniors-vie,MyHeritage,al,55,100,245,225,5.38
seniors-vie,MyHeritage,libre,55,91,247,203,5.48
seniors-vie,MyHeritage,ان,55,87,248,63,6.83
seniors-vie,MyHeritage,family,53,78,248,222,5.20
seniors-vie,MyHeritage,me,53,100,247,206,5.27
seniors-vie,MyHeritage,eddit,52,100,249,219,5.11
seniors-vie,MyHeritage,fa,52,100,250,120,5.69
seniors-vie,MyHeritage,adn,52,100,243,10,10.57
seniors-vie,MyHeritage,meme maker,51,98,248,207,5.06
seniors-vie,MyHeritage,family search,51,81,250,7,11.83
seniors-vie,MyHeritage,myid,51,98,250,145,5.39
seniors-vie,MyHeritage,family style,51,53,250,147,5.37
seniors-vie,MyHeritage,mac,50,88,248,242,4.84
seniors-vie,MyHeritage,editor de fotos gratis,50,91,248,165,5.16
seniors-vie,MyHeritage,фото,46,94,246,181,4.67
seniors-vie,MyHeritage,my heritage,44,73,249,1,44.00
seniors-vie,MyHeritage,har,41,92,250,184,4.15
seniors-vie,MyHeritage,family tree maker,32,88,248,12,6.12
seniors-vie,MyHeritage,genealogy,25,88,248,3,8.71
seniors-vie,MyHeritage,gini,17,,219,191,1.71
seniors-vie,MyHeritage,my family,12,95,247,190,1.21
seniors-vie,MyHeritage,heritage,12,84,248,1,12.00
seniors-vie,MyHeritage,astrill,9,97,85,56,1.15
seniors-vie,MyHeritage,23andme,9,100,248,3,3.14
seniors-vie,MyHeritage,family search tree,9,79,248,6,2.22
seniors-vie,MyHeritage,ancestry dna,8,84,247,5,2.14
seniors-vie,MyHeritage,familysearch,7,90,248,7,1.62
seniors-vie,MyHeritage,dna test,7,86,246,4,2.08
seniors-vie,MyHeritage,style dna,7,58,232,183,0.71
seniors-vie,MyHeritage,abatar,6,88,246,157,0.62
seniors-vie,MyHeritage,tokkingheads,6,41,41,32,0.87
seniors-vie,MyHeritage,findmypast,6,58,249,70,0.73
seniors-vie,MyHeritage,geneology,5,80,248,3,1.74
seniors-vie,MyHeritage,ancestry app,5,80,239,4,1.49
seniors-vie,MyHeritage,genetics,5,87,249,12,0.96
seniors-vie,MyHeritage,family tree app,5,88,242,4,1.49
seniors-vie,MyHeritage,self portrait,5,36,200,81,0.59
seniors-vie,MyHeritage,story z,5,,228,23,0.79
seniors-vie,MyHeritage,lineage,5,53,197,35,0.71
seniors-vie,MyHeritage,lenka,5,95,248,41,0.68
seniors-vie,MyHeritage,sequencing,5,92,249,11,0.98
seniors-vie,MyHeritage,arbre,5,70,242,22,0.80
seniors-vie,MyHeritage,family history,5,89,244,8,1.10
seniors-vie,MyHeritage,family tree creator,5,,248,7,1.16
seniors-vie,MyHeritage,editar videos con musica,5,,207,196,0.50
seniors-vie,MyHeritage,ancestrydna,5,82,247,5,1.34
seniors-vie,MyHeritage,erstellen,5,87,246,158,0.52
seniors-vie,MyHeritage,dna,5,91,248,3,1.74
seniors-vie,MyHeritage,família,5,51,246,200,0.50
seniors-vie,MyHeritage,корректор фото,5,,230,139,0.53
seniors-vie,MyHeritage,family tree maker free,5,,249,181,0.51
seniors-vie,MyHeritage,special touch,5,88,227,88,0.58
seniors-vie,MyHeritage,history book,5,,206,98,0.57
seniors-vie,MyHeritage,коррекция фото,5,,240,71,0.61
seniors-vie,MyHeritage,my history,5,57,247,8,1.10
seniors-vie,MyHeritage,faily,5,47,244,202,0.50
seniors-vie,MyHeritage,prequel photo,5,76,237,106,0.56
seniors-vie,MyHeritage,family tree dna,5,81,248,1,5.00
seniors-vie,MyHeritage,digital collection,5,,212,37,0.70
seniors-vie,MyHeritage,crea personaggi,5,69,247,243,0.48
seniors-vie,MyHeritage,family tree builder,5,80,245,2,2.29
seniors-vie,MyHeritage,gardien,5,46,238,234,0.49
seniors-vie,MyHeritage,macfamilytree,5,,211,3,1.74
seniors-vie,MyHeritage,family tree free,5,,247,5,1.34
seniors-vie,MyHeritage,familytree,5,80,240,7,1.16
seniors-vie,MyHeritage,family tree maker connect,5,,249,125,0.54
seniors-vie,MyHeritage,gedcom,5,90,250,2,2.29
seniors-vie,MyHeritage,where am i from,5,,122,3,1.74
seniors-vie,MyHeritage,cemetery,5,85,116,10,1.02
seniors-vie,MyHeritage,genealogy free,5,,250,4,1.49
seniors-vie,MyHeritage,family reunion,5,69,177,17,0.86
seniors-vie,MyHeritage,ethnicity test,5,86,250,170,0.51
seniors-vie,MyHeritage,family portrait maker,5,42,248,63,0.62
seniors-vie,MyHeritage,family tree memories,5,,250,170,0.51
seniors-vie,MyHeritage,family tree dna app,5,,245,1,5.00
seniors-vie,MyHeritage,tree 🌳,5,73,235,216,0.49
seniors-vie,MyHeritage,.com,5,90,244,240,0.48
seniors-vie,MyHeritage,birth certificate,5,,250,60,0.63
seniors-vie,MyHeritage,famfinder,5,65,249,6,1.24
seniors-vie,MyHeritage,ancestors,5,88,250,7,1.16
seniors-vie,MyHeritage,meme song,5,,243,164,0.52
seniors-vie,MyHeritage,ancestory,5,81,237,4,1.49
seniors-vie,MyHeritage,family tree magazine,5,,249,10,1.02
seniors-vie,MyHeritage,bawn,5,42,123,36,0.70
seniors-vie,MyHeritage,create family tree,5,54,245,50,0.65
seniors-vie,MyHeritage,my person,5,,235,73,0.60
seniors-vie,MyHeritage,search by photo,5,89,188,115,0.55
seniors-vie,MyHeritage,dawn times,5,51,192,36,0.70
seniors-vie,MyHeritage,lemsa,5,95,249,51,0.65
seniors-vie,MyHeritage,dna ancestry,5,81,247,11,0.98
seniors-vie,MyHeritage,sizzix,5,,239,69,0.61
seniors-vie,MyHeritage,genogram,5,,197,6,1.24
seniors-vie,MyHeritage,familien,5,64,240,164,0.52
seniors-vie,MyHeritage,ancestry ai,5,83,248,70,0.61
seniors-vie,MyHeritage,nationality,5,87,248,5,1.34
seniors-vie,MyHeritage,app prequel,5,77,248,187,0.51
seniors-vie,MyHeritage,erstellen und,5,98,245,33,0.72
seniors-vie,MyHeritage,fotos und,5,48,233,74,0.60
seniors-vie,MyHeritage,familie und,5,54,247,14,0.91
seniors-vie,MyHeritage,erstellen von,5,83,245,113,0.55
seniors-vie,MyHeritage,montagem de fotos,5,76,227,157,0.52
seniors-vie,MyHeritage,famalylink,5,67,248,177,0.51
seniors-vie,MyHeritage,deep nostalgia,5,49,159,1,5.00
seniors-vie,MyHeritage,genetic,5,76,189,43,0.68
seniors-vie,MyHeritage,genetic testing,5,82,200,5,1.34
seniors-vie,MyHeritage,photo familial,5,40,239,67,0.61
seniors-vie,MyHeritage,my heritage nostalgia,5,,249,6,1.24
seniors-vie,MyHeritage,ancestry search,5,82,250,2,2.29
seniors-vie,MyHeritage,aniversário,5,50,241,225,0.49
seniors-vie,MyHeritage,рождение,5,42,230,165,0.52
seniors-vie,MyHeritage,talking heads,5,,101,14,0.91
seniors-vie,MyHeritage,prequel: free,5,54,245,45,0.67
seniors-vie,MyHeritage,leitung,5,64,242,103,0.56
seniors-vie,MyHeritage,pictures prequel,5,67,237,70,0.61
seniors-vie,MyHeritage,prequel art,5,63,236,27,0.76
seniors-vie,MyHeritage,prequel pictures,5,72,235,92,0.58
seniors-vie,MyHeritage,prequel prequel,5,87,201,4,1.49
seniors-vie,MyHeritage,edit prequel,5,73,194,57,0.63
seniors-vie,MyHeritage,prequel portrait,5,57,108,11,0.98
seniors-vie,MyHeritage,portrait prequel,5,59,198,21,0.81
seniors-vie,MyHeritage,lastly,5,93,246,224,0.49
seniors-vie,MyHeritage,avarar,5,91,247,179,0.51
seniors-vie,MyHeritage,test and matching,5,86,244,117,0.55
seniors-vie,MyHeritage,images family,5,68,243,117,0.55
seniors-vie,MyHeritage,photos family,5,69,243,173,0.51
seniors-vie,MyHeritage,descendant,5,,188,11,0.98
seniors-vie,MyHeritage,genome,5,64,186,41,0.68
seniors-vie,MyHeritage,arvatar,5,87,245,71,0.61
seniors-vie,MyHeritage,lansa,5,95,248,69,0.61
seniors-vie,MyHeritage,meitu photo,5,,229,80,0.59
seniors-vie,MyHeritage,family legacy,5,87,250,167,0.52
seniors-vie,MyHeritage,muito,5,75,219,181,0.51
seniors-vie,MyHeritage,Family Tree Maker -,5,74,242,102,0.56
seniors-vie,MyHeritage,my dna,5,,248,2,2.29
seniors-vie,MyHeritage,sign meme,5,80,246,237,0.49
seniors-vie,MyHeritage,phtoo,5,93,244,199,0.50
seniors-vie,MyHeritage,family kitchen,5,,212,73,0.60
seniors-vie,MyHeritage,the wonder,5,,177,111,0.55
seniors-vie,MyHeritage,famly link,5,89,250,73,0.60
seniors-vie,MyHeritage,loci,5,57,179,169,0.51
seniors-vie,MyHeritage,ai time machine,5,70,222,2,2.29
seniors-vie,MyHeritage,avatar & art maker,5,61,228,79,0.59
seniors-vie,MyHeritage,avatars maekr,5,70,226,77,0.60
seniors-vie,MyHeritage,lenssa,5,95,249,48,0.66
seniors-vie,MyHeritage,lensaai,5,92,233,203,0.50
seniors-vie,MyHeritage,postcards grandparents,5,0,201,19,0.83
seniors-vie,MyHeritage,ai lensa,5,64,215,68,0.61
seniors-vie,MyHeritage,meitu- photo,5,,248,163,0.52
seniors-vie,MyHeritage,familiars,5,54,248,45,0.67
seniors-vie,MyHeritage,ai dawn,5,46,241,95,0.57
seniors-vie,MyHeritage,familytree dna,5,80,248,1,5.00
seniors-vie,MyHeritage,prequel ai,5,,231,31,0.73
seniors-vie,MyHeritage,dawnai,5,80,148,35,0.71
seniors-vie,MyHeritage,اندام,5,55,150,43,0.68
seniors-vie,MyHeritage,dawn al,5,39,144,128,0.54
seniors-vie,MyHeritage,dawn avatars,5,40,244,49,0.66
seniors-vie,MyHeritage,teste photo,5,88,240,202,0.50
seniors-vie,MyHeritage,dawn ia,5,37,146,136,0.53
seniors-vie,MyHeritage,deep faker,5,41,169,65,0.62
seniors-vie,MyHeritage,avator,5,88,247,160,0.52
seniors-vie,MyHeritage,ai art nsfw,5,79,223,210,0.50
seniors-vie,MyHeritage,et de,5,81,247,190,0.50
seniors-vie,MyHeritage,toch,5,,234,165,0.52
seniors-vie,MyHeritage,genealogy bank,5,,250,5,1.34
seniors-vie,MyHeritage,hisotry,5,91,233,45,0.67
seniors-vie,MyHeritage,ethnisch,5,73,249,13,0.93
seniors-vie,MyHeritage,fotos de familia,5,87,248,12,0.96
seniors-vie,MyHeritage,fotos com musica,5,96,247,202,0.50
seniors-vie,MyHeritage,family tree photo,5,,249,6,1.24
seniors-vie,MyHeritage,dna relatives,5,96,248,58,0.63
seniors-vie,MyHeritage,مقابلة الناس عبر الإنترنت,5,82,273,53,0.64
seniors-vie,MyHeritage,قابل الناس عبر الإنترنت,5,84,272,67,0.61
seniors-vie,MyHeritage,dna style,5,48,247,182,0.51
seniors-vie,MyHeritage,Family Match,5,66,212,34,0.71
seniors-vie,MyHeritage,face music,5,61,236,55,0.64
seniors-vie,MyHeritage,ai art nfsw,5,78,222,184,0.51
seniors-vie,MyHeritage,eme maker,5,98,247,128,0.54
seniors-vie,MyHeritage,family ai,5,66,249,36,0.70
seniors-vie,MyHeritage,talking head,5,47,203,186,0.51
seniors-vie,MyHeritage,historical record,5,72,249,7,1.16
seniors-vie,MyHeritage,familly tree,5,79,249,6,1.24
seniors-vie,MyHeritage,meidu,5,88,249,121,0.55
seniors-vie,MyHeritage,family test,5,95,238,35,0.71
seniors-vie,MyHeritage,Family chart,5,60,244,103,0.56
seniors-vie,MyHeritage,face dance ai,5,,233,70,0.61
seniors-vie,MyHeritage,vijo,5,50,243,237,0.49
seniors-vie,MyHeritage,avatar magic,5,40,232,208,0.50
seniors-vie,MyHeritage,Parentage,5,80,196,3,1.74
seniors-vie,MyHeritage,family relation,5,53,216,7,1.16
seniors-vie,MyHeritage,com historias,5,44,156,41,0.68
seniors-vie,MyHeritage,passport pohto,5,44,248,176,0.51
seniors-vie,MyHeritage,tokkinghead,5,35,32,22,0.80
seniors-vie,MyHeritage,family lookup,5,87,246,89,0.58
seniors-vie,MyHeritage,sendl,5,25,192,4,1.49
seniors-vie,MyHeritage,family research,5,,203,3,1.74
seniors-vie,MyHeritage,talkinghead,5,68,87,22,0.80
seniors-vie,MyHeritage,ancestry lookup,5,52,248,70,0.61
seniors-vie,MyHeritage,search family tree,5,73,239,9,1.06
seniors-vie,MyHeritage,make family tree,5,54,246,68,0.61
seniors-vie,MyHeritage,trees free frees,5,50,246,87,0.58
seniors-vie,MyHeritage,dna laucher,5,43,104,85,0.58
seniors-vie,MyHeritage,histor,5,,222,142,0.53
seniors-vie,MyHeritage,cv genetor,5,18,226,33,0.72
seniors-vie,MyHeritage,تحريك الصور,5,39,73,20,0.82
seniors-vie,MyHeritage,my my family,5,68,240,34,0.71
seniors-vie,MyHeritage,family me,5,94,238,55,0.64
seniors-vie,MyHeritage,grand parents,5,80,194,30,0.74
seniors-vie,MyHeritage,abater,5,90,248,206,0.50
seniors-vie,MyHeritage,nistalgic,5,77,214,40,0.69
seniors-vie,MyHeritage,genemoji,5,87,246,120,0.55
seniors-vie,MyHeritage,lence,5,94,226,174,0.51
seniors-vie,MyHeritage,family ties,5,62,248,154,0.52
seniors-vie,MyHeritage,ai dna,5,71,249,1,5.00
seniors-vie,MyHeritage,ai ancestry,5,79,249,18,0.84
seniors-vie,MyHeritage,family free,5,80,249,6,1.24
seniors-vie,MyHeritage,live art,5,40,217,164,0.52
seniors-vie,MyHeritage,family event,5,45,246,118,0.55
seniors-vie,MyHeritage,wondr a,5,48,225,80,0.59
seniors-vie,MyHeritage,dna ai,5,64,249,219,0.49
seniors-vie,MyHeritage,tree pics,5,49,244,45,0.67
seniors-vie,MyHeritage,parenting tech,5,20,107,13,0.93
seniors-vie,MyHeritage,historiy,5,83,232,43,0.68
seniors-vie,MyHeritage,fsmily,5,67,248,246,0.48
seniors-vie,MyHeritage,family social,5,,229,33,0.72
seniors-vie,MyHeritage,familify,5,62,238,89,0.58
seniors-vie,MyHeritage,mac,5,,241,84,0.59
seniors-vie,MyHeritage,historic photos,5,40,243,25,0.77
seniors-vie,MyHeritage,dna face app,5,,245,172,0.51
seniors-vie,MyHeritage,obituary creator,5,88,249,7,1.16
seniors-vie,MyHeritage,cybershot,5,60,220,70,0.61
seniors-vie,MyHeritage,aı test,5,46,247,195,0.50
seniors-vie,MyHeritage,aniversários,5,40,245,55,0.64
seniors-vie,MyHeritage,portraitart,5,,231,59,0.63
seniors-vie,MyHeritage,simple family tree,5,56,240,38,0.70
seniors-vie,MyHeritage,touch tree,5,,176,1,5.00
seniors-vie,MyHeritage,comatose,5,82,249,191,0.50
seniors-vie,MyHeritage,genomic,5,,196,25,0.77
seniors-vie,MyHeritage,ancestry identifier,5,63,248,21,0.81
seniors-vie,MyHeritage,imgify,5,,191,5,1.34
seniors-vie,MyHeritage,family%20tree%20dna,5,74,197,1,5.00
seniors-vie,MyHeritage,tree%20identification,5,71,233,11,0.98
seniors-vie,MyHeritage,family%20tree%20maker,5,78,196,3,1.74
seniors-vie,MyHeritage,family%20search,5,87,246,46,0.67
seniors-vie,MyHeritage,marriage%20365,5,37,198,3,1.74
seniors-vie,MyHeritage,search%20history,5,81,191,3,1.74
seniors-vie,MyHeritage,family%20tree,5,61,204,2,2.29
seniors-vie,MyHeritage,ben hiã,5,,209,1,5.00
seniors-vie,MyHeritage,family%20history,5,,243,23,0.79
seniors-vie,MyHeritage,family%20search%20tree,5,50,246,20,0.82
seniors-vie,MyHeritage,dna%20test,5,,198,3,1.74
seniors-vie,MyHeritage,ai ide,5,,228,100,0.57
seniors-vie,MyHeritage,mgic,5,,248,97,0.57
seniors-vie,MyHeritage,aviechat,5,,210,21,0.81
seniors-vie,MyHeritage,deep nostalgıa,5,43,36,6,1.24
seniors-vie,MyHeritage,origin lite,5,,209,207,0.50
seniors-vie,MyHeritage,paternity test photo app,5,,226,3,1.74
seniors-vie,MyHeritage,past life portrait,5,,191,7,1.16
seniors-vie,MyHeritage,medieval identifier,5,,248,8,1.10
seniors-vie,MyHeritage,family tree maker ancestry dna,5,,241,6,1.24
seniors-vie,MyHeritage,family tree ai,5,68,249,2,2.29
seniors-vie,MyHeritage,heritage labs,5,,166,4,1.49
seniors-vie,MyHeritage,kinship diagram,5,,218,3,1.74
seniors-vie,MyHeritage,ancestor,5,86,249,3,1.74
seniors-vie,MyHeritage,tree id uk,5,,224,18,0.84
seniors-vie,MyHeritage,trees id,5,,216,33,0.72
seniors-vie,MyHeritage,bring your family photos to life,5,74,243,114,0.55
seniors-vie,MyHeritage,true heritage,5,55,248,248,0.48
seniors-vie,MyHeritage,ancestry finder,5,75,245,16,0.87
seniors-vie,MyHeritage,ancestry.com,5,83,250,4,1.49
seniors-vie,MyHeritage,fam time,5,52,238,192,0.50
seniors-vie,MyHeritage,gooroo ethnicity,5,,233,22,0.80
seniors-vie,MyHeritage,ethnithity,5,,249,13,0.93
seniors-vie,MyHeritage,anthestry,5,,249,4,1.49
seniors-vie,MyHeritage,familien sprüche,5,,183,2,2.29
seniors-vie,MyHeritage,kinship personal notebook,5,,222,2,2.29
seniors-vie,MyHeritage,marzok,5,,218,2,2.29
seniors-vie,MyHeritage,tiop,5,56,248,211,0.49
seniors-vie,MyHeritage,art historyu,5,,204,73,0.60
seniors-vie,MyHeritage,clan finder,5,,215,53,0.64
seniors-vie,MyHeritage,ancesstory,5,,248,4,1.49
seniors-vie,MyHeritage,searxh,5,87,240,214,0.49
seniors-vie,MyHeritage,true heritage & ancestry: edna,5,62,105,3,1.74
seniors-vie,MyHeritage,mobilefamilytree,5,98,243,7,1.16
seniors-vie,MyHeritage,decomytree,5,93,248,223,0.49
seniors-vie,MyHeritage,billips,5,,222,1,5.00
seniors-vie,MyHeritage,woman identifier,5,,203,2,2.29
seniors-vie,MyHeritage,reference maker,5,25,201,43,0.68
seniors-vie,MyHeritage,referencer,5,63,231,210,0.50
seniors-vie,MyHeritage,ancestor lense,5,52,248,23,0.79
seniors-vie,MyHeritage,ancestor lens,5,,249,9,1.06
seniors-vie,MyHeritage,face recognition dna,5,,192,3,1.74
seniors-vie,MyHeritage,deepserach,5,43,190,96,0.57
seniors-vie,MyHeritage,myobits,5,,29,17,0.86
seniors-vie,MyHeritage,true heritage & ancestry,5,80,247,8,1.10
seniors-vie,MyHeritage,vídeos com fotos,5,,213,143,0.53
seniors-vie,MyHeritage,family wall photo,5,46,241,222,0.49
seniors-vie,MyHeritage,thumbnail geneartor,5,,213,5,1.34
seniors-vie,MyHeritage,family connections,5,69,223,6,1.24
seniors-vie,MyHeritage,ancestry & ethnicity: face dna,5,,217,4,1.49
seniors-vie,MyHeritage,familey,5,83,248,204,0.50
seniors-vie,MyHeritage,ai time,5,,224,3,1.74
seniors-vie,MyHeritage,family photo tree,5,62,244,4,1.49
seniors-vie,MyHeritage,ascend pro,5,51,242,211,0.49
seniors-vie,MyHeritage,lensaphoto,5,,217,185,0.51
seniors-vie,MyHeritage,events pro photos,5,,206,160,0.52
seniors-vie,MyHeritage,records search,5,97,241,85,0.58
seniors-vie,MyHeritage,prequel portraits,5,,184,26,0.76
seniors-vie,MyHeritage,for prequel,5,,201,7,1.16
seniors-vie,MyHeritage,portraits of peoria,5,,215,1,5.00
seniors-vie,MyHeritage,family archive,5,79,249,156,0.52
seniors-vie,MyHeritage,genealogy app,5,84,250,3,1.74
seniors-vie,MyHeritage,family lists,5,,214,16,0.87
seniors-vie,MyHeritage,family the,5,64,246,72,0.60
seniors-vie,MyHeritage,family for,5,53,234,176,0.51
seniors-vie,MyHeritage,family families,5,67,250,94,0.57
seniors-vie,MyHeritage,lists families,5,,229,34,0.71
seniors-vie,MyHeritage,MyHeritage: Family Tree & DNA,5,,249,1,5.00
seniors-vie,MyHeritage,elderly checkin,5,,238,92,0.58
seniors-vie,MyHeritage,deep search:,5,47,223,203,0.50
seniors-vie,MyHeritage,deep search-,5,47,223,215,0.49
seniors-vie,MyHeritage,deep search -,5,51,223,215,0.49
seniors-vie,MyHeritage,dna outfit,5,,186,83,0.59
seniors-vie,MyHeritage,family vault,5,85,248,228,0.49
seniors-vie,MyHeritage,family memory inbox,5,51,248,103,0.56
seniors-vie,MyHeritage,moggde,5,,179,2,2.29
seniors-vie,MyHeritage,family record,5,100,241,5,1.34
seniors-vie,MyHeritage,ancestry test,5,82,248,3,1.74
seniors-vie,MyHeritage,heritage test,5,56,249,2,2.29
seniors-vie,MyHeritage,ethnicity calculator,5,48,245,78,0.59
seniors-vie,MyHeritage,find your roots,5,81,127,80,0.59
seniors-vie,MyHeritage,trace ancestry,5,83,248,37,0.70
seniors-vie,MyHeritage,ancestry origin,5,48,247,50,0.65
seniors-vie,MyHeritage,dna ethnicity,5,70,245,8,1.10
seniors-vie,MyHeritage,ancestry breakdown,5,53,250,14,0.91
seniors-vie,MyHeritage,AIcestry,5,,223,49,0.66
seniors-vie,MyHeritage,Ancestral,5,,247,147,0.53
seniors-vie,MyHeritage,tim machine,5,,192,97,0.57
seniors-vie,MyHeritage,connected doesn,5,53,219,5,1.34
seniors-vie,MyHeritage,darkest secrets,5,73,199,6,1.24
seniors-vie,MyHeritage,dawn time,5,44,245,41,0.68
seniors-vie,MyHeritage,dna with,5,,238,72,0.60
seniors-vie,MyHeritage,ai art ltd,5,,234,215,0.49
seniors-vie,MyHeritage,apps with art history information,5,,201,141,0.53
seniors-vie,MyHeritage,avatar of the wolf,5,,219,208,0.50
seniors-vie,MyHeritage,family searchorg,5,,206,6,1.24
seniors-vie,MyHeritage,genomapp: raw dna analysis,5,,198,6,1.24
seniors-vie,MyHeritage,history free,5,,246,157,0.52
seniors-vie,MyHeritage,lensa jobs,5,,218,215,0.49
seniors-vie,MyHeritage,mythenvall: breaking zero,5,,217,3,1.74
seniors-vie,MyHeritage,histroy,5,,234,45,0.67
seniors-vie,MyHeritage,les ai,5,,244,93,0.57
seniors-vie,MyHeritage,ancestor identifier,5,,224,3,1.74
seniors-vie,MyHeritage,ai ancestor,5,,227,17,0.86
seniors-vie,MyHeritage,prequel ai app,5,,233,95,0.57
seniors-vie,MyHeritage,prequels,5,72,224,156,0.52
seniors-vie,MyHeritage,families app,5,63,231,134,0.54
seniors-vie,MyHeritage,top free families app,5,,244,125,0.54
seniors-vie,MyHeritage,my free families app,5,,245,62,0.62
seniors-vie,MyHeritage,family memories best online,5,,246,173,0.51
seniors-vie,MyHeritage,my memories jar best,5,,212,14,0.91
seniors-vie,MyHeritage,my memories jar online,5,,221,19,0.83
seniors-vie,MyHeritage,top legacies stories app,5,,200,21,0.81
seniors-vie,MyHeritage,top legacies stories free,5,,210,10,1.02
seniors-vie,MyHeritage,legacies stories tracker app,5,,231,12,0.96
seniors-vie,MyHeritage,my legacies stories tracker,5,,229,9,1.06
seniors-vie,MyHeritage,historica,5,,237,60,0.63
seniors-vie,MyHeritage,ai legacy,5,,234,26,0.76
seniors-vie,MyHeritage,bio checker,5,,209,7,1.16
seniors-vie,MyHeritage,reunion finder,5,,152,11,0.98
seniors-vie,MyHeritage,photos memories reddit online app ideas,5,,224,57,0.63
seniors-vie,MyHeritage,tutorial legacies stories,5,,199,12,0.96
seniors-vie,MyHeritage,memories reddit online,5,,205,12,0.96
seniors-vie,MyHeritage,easy memories reddit app,5,,224,15,0.89
seniors-vie,MyHeritage,easy memories app reddit app,5,,227,25,0.77
seniors-vie,MyHeritage,review free memories app reddit app,5,,229,31,0.73
seniors-vie,MyHeritage,reviews free memories app reddit app,5,,229,31,0.73
seniors-vie,MyHeritage,tutorial free memories app reddit app,5,,229,28,0.75
seniors-vie,MyHeritage,reddit free memories app reddit app revi,5,,232,25,0.77
seniors-vie,MyHeritage,reddit free memories app reddit app tuto,5,,229,25,0.77
seniors-vie,MyHeritage,tutorial reddit free memories app reddit,5,,229,24,0.78
seniors-vie,MyHeritage,reddit free memories app reddit app guid,5,,232,27,0.76
seniors-vie,MyHeritage,elders archive,5,,221,3,1.74
seniors-vie,MyHeritage,elders archive occasion,5,,210,3,1.74
seniors-vie,MyHeritage,families legacy,5,82,209,9,1.06
seniors-vie,MyHeritage,families legacy talker,5,,230,3,1.74
seniors-vie,MyHeritage,legacy share free,5,,215,18,0.84
seniors-vie,MyHeritage,sharings kindreds worry,5,,206,3,1.74
seniors-vie,MyHeritage,share stories grandparent,5,,217,19,0.83
seniors-vie,MyHeritage,elders recording connect,5,,221,2,2.29
seniors-vie,MyHeritage,free share stories grandparent,5,,190,20,0.82
seniors-vie,MyHeritage,top memory archive senior,5,,200,2,2.29
seniors-vie,MyHeritage,free families stories online,5,,205,27,0.76
seniors-vie,MyHeritage,top families stories online,5,,189,13,0.93
seniors-vie,MyHeritage,families stories checkins,5,,199,8,1.10
seniors-vie,MyHeritage,top families stories online free,5,,198,18,0.84
seniors-vie,MyHeritage,top families stories online tracker,5,,213,42,0.68
seniors-vie,MyHeritage,heritage photos,5,41,178,1,5.00
seniors-vie,MyHeritage,families worries checks,5,,184,2,2.29
seniors-vie,MyHeritage,legacies grandparent,5,,195,1,5.00
seniors-vie,MyHeritage,families memory,5,,214,28,0.75
seniors-vie,MyHeritage,top families sharing best,5,,196,13,0.93
seniors-vie,MyHeritage,message specials legacy,5,,205,5,1.34
seniors-vie,MyHeritage,free legacies share,5,,214,2,2.29
seniors-vie,MyHeritage,top legacies share,5,,182,4,1.49
seniors-vie,MyHeritage,my legacies share,5,,121,1,5.00
seniors-vie,MyHeritage,vision records,5,,238,133,0.54
seniors-vie,MyHeritage,legacy stories tutorial,5,70,214,2,2.29
seniors-vie,MyHeritage,ipad families,5,,233,42,0.68
seniors-vie,MyHeritage,keepers gentle legacy,5,,218,16,0.87
seniors-vie,MyHeritage,keepers gentle legacy app,5,,220,14,0.91
seniors-vie,MyHeritage,homescreen free familyalbum app reviews,5,,194,24,0.78
seniors-vie,MyHeritage,family sharing reddit steam free planner,5,,216,8,1.10
seniors-vie,MyHeritage,legacy nudge,5,,197,2,2.29
seniors-vie,MyHeritage,iphone families,5,,220,47,0.66
seniors-vie,MyHeritage,iphone families app,5,,231,116,0.55
seniors-vie,MyHeritage,inheritance notebook,5,,202,3,1.74
seniors-vie,MyHeritage,inheritance vault,5,,208,7,1.16
seniors-vie,MyHeritage,my family wall online,5,,250,202,0.50
seniors-vie,MyHeritage,legacies connection,5,,198,146,0.53
seniors-vie,MyHeritage,family wall for beginners,5,,206,1,5.00
seniors-vie,MyHeritage,family album online,5,60,248,248,0.48
seniors-vie,MyHeritage,tree cavity,5,,208,1,5.00
seniors-vie,MyHeritage,legacy memoirs remind,5,,231,3,1.74
seniors-vie,MyHeritage,alternatives grandparents,5,,207,2,2.29
seniors-vie,MyHeritage,grandparents connection mod,5,,228,3,1.74
seniors-vie,MyHeritage,grandparents connection,5,,184,2,2.29
seniors-vie,MyHeritage,recordings families emotional,5,,227,13,0.93
seniors-vie,MyHeritage,family tree maker & heritage,5,,187,4,1.49
seniors-vie,MyHeritage,families moments reddit,5,81,203,14,0.91
seniors-vie,MyHeritage,reddit families moments,5,80,205,12,0.96
seniors-vie,MyHeritage,family album near me,5,61,195,4,1.49
seniors-vie,MyHeritage,family stories tutorial,5,66,244,30,0.74
seniors-vie,MyHeritage,tutorial family stories,5,61,211,2,2.29
seniors-vie,MyHeritage,premium grandparent,5,67,217,4,1.49
seniors-vie,MyHeritage,legacy stories subscription,5,67,213,12,0.96
seniors-vie,MyHeritage,machine test,5,,185,4,1.49
seniors-vie,MyHeritage,legacy stories shortcut,5,51,211,3,1.74
seniors-vie,MyHeritage,homescreen legacy stories,5,52,194,22,0.80
seniors-vie,MyHeritage,notification legacy stories,5,62,203,3,1.74
seniors-vie,MyHeritage,legacy stories android,5,55,205,25,0.77
seniors-vie,MyHeritage,android legacy stories,5,58,208,23,0.79
seniors-vie,MyHeritage,legacy stories for work,5,33,209,14,0.91
seniors-vie,MyHeritage,families stories tutorial,5,80,193,5,1.34
seniors-vie,MyHeritage,tutorial families stories,5,80,205,4,1.49
seniors-vie,MyHeritage,family moments shortcut,5,50,208,2,2.29
seniors-vie,MyHeritage,homescreen family moments,5,54,210,2,2.29
seniors-vie,MyHeritage,kindred ideas,5,,220,9,1.06
seniors-vie,MyHeritage,review families album,5,47,196,32,0.73
seniors-vie,MyHeritage,free trial memory keeper,5,,209,6,1.24
seniors-vie,MyHeritage,share stories free trial,5,50,247,4,1.49
seniors-vie,MyHeritage,family memory archive,5,,211,3,1.74
seniors-vie,MyHeritage,oral history family,5,,202,2,2.29
seniors-vie,MyHeritage,family moments free trial,5,,214,1,5.00
seniors-vie,MyHeritage,vs legacy stories,5,,207,7,1.16
seniors-vie,MyHeritage,legacy stories like,5,,215,2,2.29
seniors-vie,MyHeritage,ask grandparent stories,5,,222,6,1.24
seniors-vie,MyHeritage,sharing memories with free trial,5,,219,17,0.86
seniors-vie,MyHeritage,free trial sharing memories with,5,,216,15,0.89
seniors-vie,MyHeritage,wax seal collection,5,,235,3,1.74
seniors-vie,MyHeritage,legacy legacies memory,5,,208,7,1.16
seniors-vie,MyHeritage,legacy families,5,,207,10,1.02
seniors-vie,MyHeritage,family story archive,5,,215,4,1.49
seniors-vie,MyHeritage,historias memos lifes,5,,190,3,1.74
seniors-vie,MyHeritage,tyme families,5,,235,24,0.78
seniors-vie,MyHeritage,descargar families,5,,243,43,0.68
seniors-vie,MyHeritage,art families,5,,223,7,1.16
seniors-vie,MyHeritage,deep kostenlos,5,,134,25,0.77
seniors-vie,MyHeritage,families kindreds,5,,248,240,0.48
seniors-vie,MyHeritage,fotos level families,5,,188,11,0.98
seniors-vie,MyHeritage,grandparent video memo,5,,214,6,1.24
seniors-vie,MyHeritage,kindreds photos,5,,204,17,0.86
seniors-vie,MyHeritage,kindreds photos reddit,5,,179,25,0.77
seniors-vie,MyHeritage,elm videos finder,5,,207,31,0.73
seniors-vie,MyHeritage,family legacy archive,5,,205,1,5.00
seniors-vie,MyHeritage,preserve elder stories,5,,210,7,1.16
seniors-vie,MyHeritage,kindred moments share review,5,,194,9,1.06
seniors-vie,MyHeritage,review kindred moments share,5,,196,10,1.02
seniors-vie,MyHeritage,families memory book,5,,202,19,0.83
seniors-vie,MyHeritage,family memories book,5,,247,242,0.48
seniors-vie,MyHeritage,families heirloom,5,,199,6,1.24
seniors-vie,MyHeritage,emotionally legacy livings,5,,206,2,2.29
seniors-vie,MyHeritage,inners families circle,5,,194,10,1.02
seniors-vie,MyHeritage,shareme memories close,5,,196,15,0.89
seniors-vie,MyHeritage,gentle heirloom archive,5,,233,6,1.24
seniors-vie,MyHeritage,families kindred memory,5,,218,12,0.96
seniors-vie,MyHeritage,famlily tree,5,,208,5,1.34
seniors-vie,MyHeritage,memories hash loveds,5,,209,8,1.10
seniors-vie,MyHeritage,stories pocketbook families,5,,208,10,1.02
seniors-vie,MyHeritage,kindred photos,5,,203,32,0.73
seniors-vie,MyHeritage,jeux famille review,5,,203,7,1.16
seniors-vie,MyHeritage,jeux famille reviews,5,,213,7,1.16
seniors-vie,MyHeritage,reviews jeux famille,5,,218,8,1.10
seniors-vie,MyHeritage,falci share families,5,,196,5,1.34
seniors-vie,MyHeritage,family photo maker,5,,220,133,0.54
seniors-vie,MyHeritage,myheritage deep nostalgia,5,,216,1,5.00
seniors-vie,MyHeritage,social search,5,62,208,171,0.51
seniors-vie,MyHeritage,umgestaltung,5,,221,12,0.96
seniors-vie,MyHeritage,the first descendant,5,,90,80,0.59
seniors-vie,MyHeritage,reference photo,5,,231,94,0.57
seniors-vie,MyHeritage,free ai enhancer,5,,247,221,0.49
seniors-vie,MyHeritage,funeral banner,5,,222,19,0.83
seniors-vie,MyHeritage,family tree maker &,5,,202,12,0.96
seniors-vie,MyHeritage,john f. kennedy library foundation,5,,222,8,1.10
seniors-vie,MyHeritage,yx genomics,5,,202,7,1.16
seniors-vie,MyHeritage,amdm,5,,108,61,0.63
seniors-vie,MyHeritage,photo ancestry,5,,244,3,1.74
seniors-vie,MyHeritage,family old photos,5,,216,4,1.49
seniors-vie,MyHeritage,family history genealogy,5,,225,3,1.74
seniors-vie,MyHeritage,family tree maker offline,5,,248,183,0.51
seniors-vie,MyHeritage,genealogy app offline,5,,242,15,0.89
seniors-vie,MyHeritage,pedigree chart maker,5,,245,194,0.50
seniors-vie,MyHeritage,relative finder offline,5,,246,12,0.96
seniors-vie,MyHeritage,dna family history,5,,242,2,2.29
seniors-vie,MyHeritage,family history app,5,,246,6,1.24
seniors-vie,MyHeritage,aestry,5,,249,4,1.49
seniors-vie,MyHeritage,family history dna,5,69,243,2,2.29
seniors-vie,MyHeritage,ai family maker,5,,247,238,0.48
seniors-vie,MyHeritage,apps for dna ancestry testing,5,,248,4,1.49
seniors-vie,MyHeritage,ancestor lens: dna & ancestry,5,,246,8,1.10
seniors-vie,MyHeritage,heritage dna & ancestry ai,5,,241,3,1.74
seniors-vie,MyHeritage,deep seach,5,,233,154,0.52
seniors-vie,MyHeritage,genealogydirect,5,,250,20,0.82
seniors-vie,MyHeritage,family-tree app,5,,244,4,1.49
seniors-vie,MyHeritage,genealogy supplies,5,,250,1,5.00
seniors-vie,MyHeritage,family tree tool,5,,240,36,0.70
seniors-vie,MyHeritage,family tree trunk,5,,244,172,0.51
seniors-vie,MyHeritage,family tree finder,5,,248,3,1.74
seniors-vie,MyHeritage,family tree health,5,,244,187,0.51
seniors-vie,MyHeritage,family tree studio,5,,243,117,0.55
seniors-vie,MyHeritage,family tree social,5,,239,135,0.54
seniors-vie,MyHeritage,family tree connect,5,,250,36,0.70
seniors-vie,MyHeritage,ancestry & genealogy,5,,249,3,1.74
seniors-vie,MyHeritage,family tree: atreeum,5,,249,228,0.49
seniors-vie,MyHeritage,family tree magazine.,5,,243,13,0.93
seniors-vie,MyHeritage,genealogy family online,5,,248,3,1.74
seniors-vie,MyHeritage,family tree: rootsrefined,5,,240,72,0.60
seniors-vie,MyHeritage,family tree photo-genealogy,5,,238,3,1.74
seniors-vie,MyHeritage,free family tree app,5,,248,6,1.24
seniors-vie,MyHeritage,family tree viewer 5,5,,239,85,0.58
seniors-vie,MyHeritage,family tree search app,5,,245,4,1.49
seniors-vie,MyHeritage,family tree builder pro,5,,246,195,0.50
seniors-vie,MyHeritage,family tree: family life,5,,239,128,0.54
seniors-vie,MyHeritage,family tree get involved,5,,249,70,0.61
seniors-vie,MyHeritage,picture history,5,86,241,142,0.53
seniors-vie,MyHeritage,ancestry family,5,,240,3,1.74
seniors-vie,MyHeritage,dna genealogy,5,,244,1,5.00
seniors-vie,MyHeritage,genealogy ethnicity,5,,246,1,5.00
seniors-vie,MyHeritage,history dna,5,,244,5,1.34
seniors-vie,MyHeritage,family history book,5,,241,54,0.64
seniors-vie,MyHeritage,ancestryx,5,,247,5,1.34
seniors-vie,MyHeritage,attractiveness test dna,5,,247,107,0.56
seniors-vie,MyHeritage,ethinicity,5,,248,13,0.93
seniors-vie,MyHeritage,genealogy  ancestry  ethnicity,5,,241,2,2.29
seniors-vie,MyHeritage,funeral program,5,,246,11,0.98
seniors-vie,MyHeritage,picpure,5,,248,195,0.50
seniors-vie,MyHeritage,ethnische,,80,231,11,
seniors-vie,MyHeritage,relive ai,,74,13,3,
seniors-vie,MyHeritage,fitness meme,,,244,227,
seniors-vie,MyHeritage,dna results,,,198,3,
seniors-vie,MyHeritage,prequel for,,,218,51,
seniors-vie,MyHeritage,portraits prequel,,,191,32,
seniors-vie,MyHeritage,post cam,,,234,197,
seniors-vie,MyHeritage,share family story,,,209,4,
seniors-vie,MyHeritage,kindred memories,,,228,3,
seniors-vie,MyHeritage,family tree maker heritage,,,193,3,
seniors-vie,MyHeritage,обробка фото,,,245,132,
seniors-vie,MyHeritage,ai portrai,,,236,35,
seniors-vie,MyHeritage,magic ai avatar,,,212,69,
seniors-vie,MyHeritage,pre quel app,,,206,105,
seniors-vie,MyHeritage,edicao de fotos,,,234,141,
seniors-vie,MyHeritage,my  heritage,,52,250,1,
seniors-vie,MyHeritage,free video legacy worries,,,233,51,
seniors-vie,MyHeritage,legacies grandparent stories,,,208,3,
seniors-vie,MyHeritage,reddit family tree app,,,191,2,
seniors-vie,MyHeritage,family sharing reddit steam planner,,,217,5,
seniors-vie,MyHeritage,record family stories,,,211,7,
seniors-vie,MyHeritage,funeral home near me,,,207,26,
seniors-vie,MyHeritage,family tree app offline,,,240,38,
seniors-vie,MyHeritage,ancestry tree app,,,242,3,
seniors-vie,MyHeritage,dna kit visualizer offline,,,247,89,
seniors-vie,MyHeritage,family records hub,,,246,31,
seniors-vie,MyHeritage,face recognition ancestry app,,,237,136,
seniors-vie,MyHeritage,face scan ancestry app,,,242,47,
seniors-vie,RestoreOldPhotos,remini photo,31,77,246,196,3.11
seniors-vie,RestoreOldPhotos,fufu,28,88,247,126,3.03
seniors-vie,RestoreOldPhotos,lunapic,15,,249,239,1.45
seniors-vie,RestoreOldPhotos,便,13,86,243,182,1.32
seniors-vie,RestoreOldPhotos,enhancefox,9,59,205,168,0.93
seniors-vie,RestoreOldPhotos,remimi,8,71,249,18,1.35
seniors-vie,RestoreOldPhotos,remini free,7,60,250,24,1.09
seniors-vie,RestoreOldPhotos,old picture,5,63,247,92,0.58
seniors-vie,RestoreOldPhotos,recolor free,5,40,245,31,0.73
seniors-vie,RestoreOldPhotos,incolor,5,89,112,30,0.74
seniors-vie,RestoreOldPhotos,get old,5,92,235,34,0.71
seniors-vie,RestoreOldPhotos,recolor photo,5,43,246,161,0.52
seniors-vie,RestoreOldPhotos,bigjpg,5,72,104,19,0.83
seniors-vie,RestoreOldPhotos,colorize image,5,47,239,58,0.63
seniors-vie,RestoreOldPhotos,repaint,5,57,248,113,0.55
seniors-vie,RestoreOldPhotos,colorize color to old photos,5,40,235,169,0.51
seniors-vie,RestoreOldPhotos,colorize old photo,5,44,239,57,0.63
seniors-vie,RestoreOldPhotos,color old photos,5,44,244,100,0.57
seniors-vie,RestoreOldPhotos,colorize images,5,48,243,30,0.74
seniors-vie,RestoreOldPhotos,temini,5,62,249,37,0.70
seniors-vie,RestoreOldPhotos,remini video,5,92,248,151,0.52
seniors-vie,RestoreOldPhotos,enhance fox,5,52,109,88,0.58
seniors-vie,RestoreOldPhotos,colorize restore old photos,5,42,243,168,0.51
seniors-vie,RestoreOldPhotos,colors photo,5,46,234,141,0.53
seniors-vie,RestoreOldPhotos,old photos,5,82,246,179,0.51
seniors-vie,RestoreOldPhotos,one pic,5,63,229,113,0.55
seniors-vie,RestoreOldPhotos,old photo fix,5,40,246,85,0.58
seniors-vie,RestoreOldPhotos,color old picture,5,40,243,5,1.34
seniors-vie,RestoreOldPhotos,remini-photo,5,65,241,133,0.54
seniors-vie,RestoreOldPhotos,old pics,5,70,250,142,0.53
seniors-vie,RestoreOldPhotos,colorize & restore old photos,5,43,242,152,0.52
seniors-vie,RestoreOldPhotos,remini pro,5,66,249,72,0.60
seniors-vie,RestoreOldPhotos,restore old photos images,5,43,245,214,0.49
seniors-vie,RestoreOldPhotos,colorize&restore old photos,5,43,242,175,0.51
seniors-vie,RestoreOldPhotos,colorize and restore,5,43,240,25,0.77
seniors-vie,RestoreOldPhotos,Colorize and Restore Old Photos,5,46,243,133,0.54
seniors-vie,RestoreOldPhotos,Colorize & Restore Old Photo,5,43,242,133,0.54
seniors-vie,RestoreOldPhotos,Colorize & Restore Old Image,5,40,244,104,0.56
seniors-vie,RestoreOldPhotos,Colorize:Restore Old Photos,5,43,242,130,0.54
seniors-vie,RestoreOldPhotos,Colorize - Restore Old Photos,5,46,243,158,0.52
seniors-vie,RestoreOldPhotos,照片尺寸,5,70,235,80,0.59
seniors-vie,RestoreOldPhotos,remini phot,5,96,238,67,0.61
seniors-vie,RestoreOldPhotos,rémini,5,,246,52,0.65
seniors-vie,RestoreOldPhotos,Picturebook,5,56,225,213,0.49
seniors-vie,RestoreOldPhotos,恢复软件,5,43,215,109,0.56
seniors-vie,RestoreOldPhotos,remini ia,5,48,249,96,0.57
seniors-vie,RestoreOldPhotos,old image restore,5,42,247,127,0.54
seniors-vie,RestoreOldPhotos,remini generated with al,5,63,244,145,0.53
seniors-vie,RestoreOldPhotos,restore old,5,55,244,58,0.63
seniors-vie,RestoreOldPhotos,restore old picture,5,42,246,140,0.53
seniors-vie,RestoreOldPhotos,remini\,5,78,235,77,0.60
seniors-vie,RestoreOldPhotos,remini pro free,5,73,250,127,0.54
seniors-vie,RestoreOldPhotos,topaz gigapixel,5,70,186,48,0.66
seniors-vie,RestoreOldPhotos,refsix,5,,31,24,0.78
seniors-vie,RestoreOldPhotos,rename,5,90,247,184,0.51
seniors-vie,RestoreOldPhotos,color to old photos,5,45,241,142,0.53
seniors-vie,RestoreOldPhotos,restore and color old photos,5,42,243,124,0.54
seniors-vie,RestoreOldPhotos,add color old photos,5,40,242,139,0.53
seniors-vie,RestoreOldPhotos,restore and fix photos,5,42,246,231,0.49
seniors-vie,RestoreOldPhotos,restore & fix photos,5,42,247,228,0.49
seniors-vie,RestoreOldPhotos,colorize pics,5,40,223,95,0.57
seniors-vie,RestoreOldPhotos,color old photo,5,44,244,33,0.72
seniors-vie,RestoreOldPhotos,ai old,5,51,244,226,0.49
seniors-vie,RestoreOldPhotos,old picture restor,5,53,246,33,0.72
seniors-vie,RestoreOldPhotos,restore old phto,5,40,246,48,0.66
seniors-vie,RestoreOldPhotos,colorful pictures,5,40,239,42,0.68
seniors-vie,RestoreOldPhotos,video old photo,5,42,245,66,0.62
seniors-vie,RestoreOldPhotos,image colorize,5,44,234,88,0.58
seniors-vie,RestoreOldPhotos,pic coloring,5,40,239,122,0.55
seniors-vie,RestoreOldPhotos,resotre old photos,5,43,249,51,0.65
seniors-vie,RestoreOldPhotos,remini-photo free,5,76,249,124,0.54
seniors-vie,RestoreOldPhotos,remini.,5,79,243,99,0.57
seniors-vie,RestoreOldPhotos,réminiscence,5,80,242,151,0.52
seniors-vie,RestoreOldPhotos,old photo resortation,5,43,246,131,0.54
seniors-vie,RestoreOldPhotos,old restore,5,47,244,35,0.71
seniors-vie,RestoreOldPhotos,colorize picture,5,43,226,59,0.63
seniors-vie,RestoreOldPhotos,restore%20old%20photos,5,43,246,234,0.49
seniors-vie,RestoreOldPhotos,restore%20old%20photos%20free,5,43,246,220,0.49
seniors-vie,RestoreOldPhotos,topaz%20photo%20ai,5,59,90,80,0.59
seniors-vie,RestoreOldPhotos,old%20picture%20restore,5,87,246,35,0.71
seniors-vie,RestoreOldPhotos,fix%20old%20photos,5,44,244,126,0.54
seniors-vie,RestoreOldPhotos,old pictures,5,74,249,191,0.50
seniors-vie,RestoreOldPhotos,colorize photos:,5,47,229,35,0.71
seniors-vie,RestoreOldPhotos,restorer,5,51,245,177,0.51
seniors-vie,RestoreOldPhotos,colorize pic,5,40,223,81,0.59
seniors-vie,RestoreOldPhotos,fix old,5,55,245,57,0.63
seniors-vie,RestoreOldPhotos,fix old photos  colorize photos,5,44,246,212,0.49
seniors-vie,RestoreOldPhotos,old photos restore,5,44,246,209,0.50
seniors-vie,RestoreOldPhotos,old photo colorize,5,45,236,66,0.62
seniors-vie,RestoreOldPhotos,old photos colorize,5,40,238,62,0.62
seniors-vie,RestoreOldPhotos,resore old photos,5,43,247,54,0.64
seniors-vie,RestoreOldPhotos,photo restore old,5,44,247,202,0.50
seniors-vie,RestoreOldPhotos,old picture restroration,5,44,248,110,0.56
seniors-vie,RestoreOldPhotos,photos colorful,5,40,232,33,0.72
seniors-vie,RestoreOldPhotos,photo colorful,5,40,232,84,0.59
seniors-vie,RestoreOldPhotos,old pic restore,5,44,246,160,0.52
seniors-vie,RestoreOldPhotos,old pictures restoration,5,45,247,165,0.52
seniors-vie,RestoreOldPhotos,old photo to colour,5,40,245,79,0.59
seniors-vie,RestoreOldPhotos,old photo restorer,5,51,247,171,0.51
seniors-vie,RestoreOldPhotos,old pic restoration,5,44,247,89,0.58
seniors-vie,RestoreOldPhotos,ai remini restoration,5,76,244,139,0.53
seniors-vie,RestoreOldPhotos,restore old picturs,5,44,246,19,0.83
seniors-vie,RestoreOldPhotos,reminime,5,,222,172,0.51
seniors-vie,RestoreOldPhotos,реміні,5,,234,196,0.50
seniors-vie,RestoreOldPhotos,phoro restore,5,40,244,51,0.65
seniors-vie,RestoreOldPhotos,image restorer,5,43,246,134,0.54
seniors-vie,RestoreOldPhotos,loh kwee siang,5,,206,111,0.55
seniors-vie,RestoreOldPhotos,畫質修復,,,243,62,
seniors-vie,RestoreOldPhotos,restore-old-pictures,,44,246,135,
seniors-vie,RestoreOldPhotos,remini color,,,217,127,
seniors-vie,RestoreOldPhotos,colorize old,,,239,20,
seniors-vie,Colorize,photosì,60,80,245,177,6.12
seniors-vie,Colorize,to,54,100,247,165,5.57
seniors-vie,Colorize,photomyne,52,86,247,116,5.72
seniors-vie,Colorize,picture,49,94,248,173,5.02
seniors-vie,Colorize,صور,49,96,247,128,5.29
seniors-vie,Colorize,تعديل الصور,47,94,248,136,5.02
seniors-vie,Colorize,photomyne free,37,71,247,240,3.58
seniors-vie,Colorize,photo scan app by photomyne,36,97,249,127,3.90
seniors-vie,Colorize,snug,35,36,79,15,6.24
seniors-vie,Colorize,カラー,34,67,240,101,3.84
seniors-vie,Colorize,colorize black and white pics,16,51,247,1,16.00
seniors-vie,Colorize,colorify,9,57,247,8,1.98
seniors-vie,Colorize,enhancefox,9,59,205,158,0.94
seniors-vie,Colorize,photo negative scanner,8,66,250,13,1.49
seniors-vie,Colorize,black and white photography,5,45,223,51,0.65
seniors-vie,Colorize,black and white photos,5,50,238,30,0.74
seniors-vie,Colorize,color picture,5,88,245,2,2.29
seniors-vie,Colorize,photo color,5,35,244,4,1.49
seniors-vie,Colorize,darkr,5,52,144,22,0.80
seniors-vie,Colorize,black white,5,79,139,31,0.73
seniors-vie,Colorize,photo black and white,5,40,242,69,0.61
seniors-vie,Colorize,black and white photo,5,54,242,44,0.67
seniors-vie,Colorize,black and white to color,5,54,247,2,2.29
seniors-vie,Colorize,black and white color,5,40,226,18,0.84
seniors-vie,Colorize,recolor free,5,40,245,88,0.58
seniors-vie,Colorize,color effects,5,52,194,114,0.55
seniors-vie,Colorize,recolour,5,,193,17,0.86
seniors-vie,Colorize,get old,5,92,235,74,0.60
seniors-vie,Colorize,color image,5,88,248,9,1.06
seniors-vie,Colorize,picture color,5,91,246,5,1.34
seniors-vie,Colorize,add color,5,47,245,1,5.00
seniors-vie,Colorize,coloring photos,5,,247,7,1.16
seniors-vie,Colorize,color foto,5,51,240,11,0.98
seniors-vie,Colorize,foto color,5,40,248,129,0.54
seniors-vie,Colorize,photo coloring,5,44,248,5,1.34
seniors-vie,Colorize,color photos,5,43,245,1,5.00
seniors-vie,Colorize,recolor photo,5,43,246,5,1.34
seniors-vie,Colorize,colorize black and white photos,5,40,238,3,1.74
seniors-vie,Colorize,noir et blanc,5,40,207,33,0.72
seniors-vie,Colorize,фотосканер,5,84,44,33,0.72
seniors-vie,Colorize,محرر الصور,5,92,240,191,0.50
seniors-vie,Colorize,photo doctor,5,78,248,11,0.98
seniors-vie,Colorize,new photo apps,5,58,244,171,0.51
seniors-vie,Colorize,color from photo,5,17,234,71,0.61
seniors-vie,Colorize,black and white to colour,5,43,218,1,5.00
seniors-vie,Colorize,colorize photo,5,48,244,3,1.74
seniors-vie,Colorize,grayscale photo,5,,206,30,0.74
seniors-vie,Colorize,black & white,5,74,229,149,0.53
seniors-vie,Colorize,color to black and white,5,,189,2,2.29
seniors-vie,Colorize,photo scanner free,5,,242,223,0.49
seniors-vie,Colorize,colorize image,5,47,239,9,1.06
seniors-vie,Colorize,negra,5,49,223,146,0.53
seniors-vie,Colorize,iphone #images,5,55,229,100,0.57
seniors-vie,Colorize,photo colorizer ai,5,43,235,194,0.50
seniors-vie,Colorize,colorize color to old photos,5,40,235,1,5.00
seniors-vie,Colorize,colorize old photo,5,44,239,3,1.74
seniors-vie,Colorize,color old photos,5,44,244,22,0.80
seniors-vie,Colorize,photo colorizer,5,52,246,1,5.00
seniors-vie,Colorize,noir color,5,61,141,17,0.86
seniors-vie,Colorize,color to photos,5,44,237,2,2.29
seniors-vie,Colorize,image colorizer,5,40,207,1,5.00
seniors-vie,Colorize,color black and white photos,5,49,247,1,5.00
seniors-vie,Colorize,color black and white,5,47,230,22,0.80
seniors-vie,Colorize,colorize images,5,48,243,2,2.29
seniors-vie,Colorize,colourise,5,40,248,1,5.00
seniors-vie,Colorize,colorizar,5,40,245,2,2.29
seniors-vie,Colorize,colorize black and white,5,33,180,3,1.74
seniors-vie,Colorize,deep nostalgia,5,49,159,13,0.93
seniors-vie,Colorize,colourize,5,50,244,1,5.00
seniors-vie,Colorize,فاتسي,5,52,250,128,0.54
seniors-vie,Colorize,color changing,5,75,177,19,0.83
seniors-vie,Colorize,enhance fox,5,52,109,79,0.59
seniors-vie,Colorize,colorization,5,53,227,1,5.00
seniors-vie,Colorize,colorize restore old photos,5,42,243,39,0.69
seniors-vie,Colorize,photo color change,5,,220,24,0.78
seniors-vie,Colorize,monochrome (black & white),5,40,226,29,0.74
seniors-vie,Colorize,white photography,5,46,235,35,0.71
seniors-vie,Colorize,photo white,5,44,233,83,0.59
seniors-vie,Colorize,foto white,5,46,238,69,0.61
seniors-vie,Colorize,photography white,5,40,235,21,0.81
seniors-vie,Colorize,white photo,5,84,240,60,0.63
seniors-vie,Colorize,and foto,5,51,242,209,0.50
seniors-vie,Colorize,white foto,5,72,239,31,0.73
seniors-vie,Colorize,foto and,5,44,240,192,0.50
seniors-vie,Colorize,pixe by color,5,94,206,15,0.89
seniors-vie,Colorize,photo colourtone,5,22,191,31,0.73
seniors-vie,Colorize,foto by color,5,86,245,9,1.06
seniors-vie,Colorize,foto colouring,5,87,248,14,0.91
seniors-vie,Colorize,color captionize,5,18,213,36,0.70
seniors-vie,Colorize,by color foto,5,86,247,120,0.55
seniors-vie,Colorize,colouring foto,5,87,248,15,0.89
seniors-vie,Colorize,colourtone filtering,5,19,227,3,1.74
seniors-vie,Colorize,fototasse,5,34,249,119,0.55
seniors-vie,Colorize,colors photo,5,46,234,10,1.02
seniors-vie,Colorize,old photos,5,82,246,86,0.58
seniors-vie,Colorize,color pop photo,5,51,241,122,0.55
seniors-vie,Colorize,recolor images,5,88,246,8,1.10
seniors-vie,Colorize,photo colorize,5,49,245,1,5.00
seniors-vie,Colorize,enhance old pictures,5,40,245,242,0.48
seniors-vie,Colorize,colorize improve old photos,5,40,243,33,0.72
seniors-vie,Colorize,color old picture,5,40,243,14,0.91
seniors-vie,Colorize,colourize old photos,5,25,245,127,0.54
seniors-vie,Colorize,colorize - color to old photos,5,44,242,1,5.00
seniors-vie,Colorize,photo colorizer colorize image,5,40,234,7,1.16
seniors-vie,Colorize,coloring photo,5,44,247,108,0.56
seniors-vie,Colorize,black and white photo to color,5,42,241,1,5.00
seniors-vie,Colorize,colourize my photos,5,40,245,3,1.74
seniors-vie,Colorize,colourize photos,5,40,246,3,1.74
seniors-vie,Colorize,colorize & restore old photos,5,43,242,28,0.75
seniors-vie,Colorize,colors color,5,83,246,229,0.49
seniors-vie,Colorize,photos crée,5,70,249,93,0.57
seniors-vie,Colorize,add color to photos,5,65,197,1,5.00
seniors-vie,Colorize,old young,5,40,245,182,0.51
seniors-vie,Colorize,colorize and enhance old photo,5,43,244,20,0.82
seniors-vie,Colorize,years old,5,48,242,115,0.55
seniors-vie,Colorize,kroaten,5,73,211,33,0.72
seniors-vie,Colorize,colorize old photos,5,44,242,5,1.34
seniors-vie,Colorize,colorize&restore old photos,5,43,242,25,0.77
seniors-vie,Colorize,colorize and restore,5,43,240,16,0.87
seniors-vie,Colorize,Colorize and Restore Old Photos,5,46,243,16,0.87
seniors-vie,Colorize,Colorize & Restore Old Photo,5,43,242,41,0.68
seniors-vie,Colorize,Colorize & Restore Old Image,5,40,244,69,0.61
seniors-vie,Colorize,Colorize:Restore Old Photos,5,43,242,22,0.80
seniors-vie,Colorize,Colorize - Restore Old Photos,5,46,243,9,1.06
seniors-vie,Colorize,black colouring,5,79,239,23,0.79
seniors-vie,Colorize,photo to ai,5,76,244,232,0.49
seniors-vie,Colorize,add color to photo,5,44,236,12,0.96
seniors-vie,Colorize,image restore,5,62,250,249,0.48
seniors-vie,Colorize,super resolution,5,43,151,118,0.55
seniors-vie,Colorize,foto-app,5,97,241,161,0.52
seniors-vie,Colorize,color noir,5,39,248,202,0.50
seniors-vie,Colorize,color photo scanner,5,44,241,170,0.51
seniors-vie,Colorize,인공지능,5,64,210,167,0.52
seniors-vie,Colorize,colorise black and white,5,40,249,7,1.16
seniors-vie,Colorize,change colors,5,72,174,46,0.67
seniors-vie,Colorize,enhance colors,5,40,244,85,0.58
seniors-vie,Colorize,enhance color,5,40,245,75,0.60
seniors-vie,Colorize,风云恢复大师,5,75,223,154,0.52
seniors-vie,Colorize,微信恢复,5,40,248,169,0.51
seniors-vie,Colorize,恢复聊天,5,40,245,192,0.50
seniors-vie,Colorize,Unblurable,5,40,238,152,0.52
seniors-vie,Colorize,restore old,5,55,244,244,0.48
seniors-vie,Colorize,photos to,5,61,232,56,0.64
seniors-vie,Colorize,enhance old photo,5,44,243,162,0.52
seniors-vie,Colorize,تحسين الصور,5,,229,74,0.60
seniors-vie,Colorize,محول الصور,5,,240,47,0.66
seniors-vie,Colorize,unblure picture,5,40,239,117,0.55
seniors-vie,Colorize,- [ ] photo scan,5,70,239,217,0.49
seniors-vie,Colorize,fixmyphoto,5,50,249,39,0.69
seniors-vie,Colorize,old generator,5,85,241,169,0.51
seniors-vie,Colorize,Restore Photo App,5,43,247,179,0.51
seniors-vie,Colorize,Enlarger,5,70,227,168,0.51
seniors-vie,Colorize,photo colorization,5,47,245,1,5.00
seniors-vie,Colorize,pciture,5,93,248,136,0.53
seniors-vie,Colorize,colorize video,5,63,247,4,1.49
seniors-vie,Colorize,fixmypic,5,62,249,58,0.63
seniors-vie,Colorize,pixup,5,62,244,166,0.52
seniors-vie,Colorize,color noiir,5,46,69,7,1.16
seniors-vie,Colorize,for photos,5,98,238,185,0.51
seniors-vie,Colorize,مولد الصور بالذكاء الاصطناعي,5,44,241,133,0.54
seniors-vie,Colorize,Scan  AI Fix & Colorize images,5,40,244,16,0.87
seniors-vie,Colorize,Scan photo and colorize,5,44,239,2,2.29
seniors-vie,Colorize,unblur and colorize photo,5,40,242,4,1.49
seniors-vie,Colorize,color to old photos,5,45,241,3,1.74
seniors-vie,Colorize,restore and color old photos,5,42,243,99,0.57
seniors-vie,Colorize,add color to old photos,5,40,242,3,1.74
seniors-vie,Colorize,add color old photos,5,40,242,14,0.91
seniors-vie,Colorize,add color B&W photos,5,73,172,3,1.74
seniors-vie,Colorize,add color to B&W photos,5,40,227,3,1.74
seniors-vie,Colorize,unblur pohot,5,40,242,135,0.54
seniors-vie,Colorize,ai colorizer,5,40,241,181,0.51
seniors-vie,Colorize,Colorize vintage photos,5,40,238,11,0.98
seniors-vie,Colorize,colorize pics,5,40,223,3,1.74
seniors-vie,Colorize,video color grade,5,89,217,67,0.61
seniors-vie,Colorize,color old photo,5,44,244,8,1.10
seniors-vie,Colorize,color black and white photo,5,47,229,15,0.89
seniors-vie,Colorize,b&w color,5,89,247,11,0.98
seniors-vie,Colorize,black and white pictures,5,40,216,42,0.68
seniors-vie,Colorize,black and white image,5,47,229,34,0.71
seniors-vie,Colorize,photo to vieo,5,56,243,161,0.52
seniors-vie,Colorize,picsure,5,92,246,233,0.49
seniors-vie,Colorize,인공지능 사진,5,40,224,45,0.67
seniors-vie,Colorize,photo colors,5,48,248,242,0.48
seniors-vie,Colorize,old picture restor,5,53,246,213,0.49
seniors-vie,Colorize,black and white colorization,5,15,17,3,1.74
seniors-vie,Colorize,clour,5,88,249,229,0.49
seniors-vie,Colorize,colorphoto,5,44,243,19,0.83
seniors-vie,Colorize,photo autofill,5,43,248,156,0.52
seniors-vie,Colorize,restore old phto,5,40,246,140,0.53
seniors-vie,Colorize,walgreens photo partner,5,60,199,58,0.63
seniors-vie,Colorize,colorful pictures,5,40,239,26,0.76
seniors-vie,Colorize,color shoot,5,35,200,28,0.75
seniors-vie,Colorize,video old photo,5,42,245,58,0.63
seniors-vie,Colorize,image colorize,5,44,234,160,0.52
seniors-vie,Colorize,ai photo colorizer​,5,32,49,23,0.79
seniors-vie,Colorize,style picture,5,40,225,188,0.50
seniors-vie,Colorize,scan and restore,5,81,244,144,0.53
seniors-vie,Colorize,colorize app,5,42,239,1,5.00
seniors-vie,Colorize,لَدو,5,82,250,130,0.54
seniors-vie,Colorize,ipad photos,5,57,245,146,0.53
seniors-vie,Colorize,photo to coloring,5,49,246,34,0.71
seniors-vie,Colorize,color your photo by number,5,40,240,16,0.87
seniors-vie,Colorize,pic coloring,5,40,239,50,0.65
seniors-vie,Colorize,photo enhancer & editor,5,,202,195,0.50
seniors-vie,Colorize,image to coloring,5,48,249,120,0.55
seniors-vie,Colorize,balck and white photo,5,40,244,66,0.62
seniors-vie,Colorize,unfilter,5,79,76,21,0.81
seniors-vie,Colorize,resotre old photos,5,43,249,130,0.54
seniors-vie,Colorize,colorize black white,5,25,195,1,5.00
seniors-vie,Colorize,ai recolor,5,27,249,4,1.49
seniors-vie,Colorize,black and white to colr,5,42,224,8,1.10
seniors-vie,Colorize,ماسح ضوئي,5,61,246,216,0.49
seniors-vie,Colorize,add text on photos - hitext,5,54,208,57,0.63
seniors-vie,Colorize,colorsa,5,,238,180,0.51
seniors-vie,Colorize,color camera app,5,,241,191,0.50
seniors-vie,Colorize,photo to vide,5,65,233,209,0.50
seniors-vie,Colorize,coloring your photo,5,,181,9,1.06
seniors-vie,Colorize,colo free,5,55,249,142,0.53
seniors-vie,Colorize,color all,5,,248,239,0.48
seniors-vie,Colorize,photo renew,5,55,250,13,0.93
seniors-vie,Colorize,colorize photos app,5,43,243,1,5.00
seniors-vie,Colorize,old restore,5,47,244,231,0.49
seniors-vie,Colorize,colorize hd,5,87,240,8,1.10
seniors-vie,Colorize,colorize picture,5,43,226,4,1.49
seniors-vie,Colorize,photo%20merge,5,54,219,150,0.52
seniors-vie,Colorize,color%20picture,5,59,249,91,0.58
seniors-vie,Colorize,color%20grading,5,90,228,31,0.73
seniors-vie,Colorize,exif%20viewer,5,69,228,62,0.62
seniors-vie,Colorize,color%20snap%20visualizer,5,44,243,60,0.63
seniors-vie,Colorize,stock%20photos,5,40,244,48,0.66
seniors-vie,Colorize,color%20temperature,5,47,230,54,0.64
seniors-vie,Colorize,black%20and%20white%20to%20color,5,40,183,6,1.24
seniors-vie,Colorize,after%20effect,5,74,227,96,0.57
seniors-vie,Colorize,unblur%20photo%20free,5,40,247,203,0.50
seniors-vie,Colorize,old%20picture%20restore,5,87,246,82,0.59
seniors-vie,Colorize,photo%20sharpen,5,60,229,89,0.58
seniors-vie,Colorize,photoroom%20free,5,40,248,196,0.50
seniors-vie,Colorize,photo recolor,5,47,244,6,1.24
seniors-vie,Colorize,color corrector,5,,218,140,0.53
seniors-vie,Colorize,photmyne,5,54,65,23,0.79
seniors-vie,Colorize,colorazione foto,5,42,244,37,0.70
seniors-vie,Colorize,restore black and white,5,43,243,69,0.61
seniors-vie,Colorize,google%20chrome,5,95,248,168,0.51
seniors-vie,Colorize,colorize%20black%20and%20white%20pics,5,40,235,2,2.29
seniors-vie,Colorize,colorize%20photos,5,87,243,5,1.34
seniors-vie,Colorize,black%20and%20white,5,40,229,70,0.61
seniors-vie,Colorize,black%20and%20white%20photo,5,53,229,22,0.80
seniors-vie,Colorize,photo%20to%20watercolor,5,93,243,26,0.76
seniors-vie,Colorize,photo recolorizer,5,42,246,1,5.00
seniors-vie,Colorize,image tocoloring page,5,,220,28,0.75
seniors-vie,Colorize,color vidoe,5,,200,9,1.06
seniors-vie,Colorize,photo color match,5,,232,73,0.60
seniors-vie,Colorize,pic to coloring,5,,213,22,0.80
seniors-vie,Colorize,sharing memories,5,61,233,171,0.51
seniors-vie,Colorize,colorize photos:,5,47,229,7,1.16
seniors-vie,Colorize,unblur & colorize pics,5,40,241,9,1.06
seniors-vie,Colorize,colorize pic,5,40,223,3,1.74
seniors-vie,Colorize,fix old photos  colorize photos,5,44,246,69,0.61
seniors-vie,Colorize,renew photos,5,77,249,193,0.50
seniors-vie,Colorize,old photo restore fix.colorize renew res,5,44,245,24,0.78
seniors-vie,Colorize,old photo colorize,5,45,236,1,5.00
seniors-vie,Colorize,old photos colorize,5,40,238,3,1.74
seniors-vie,Colorize,lifestyle photos,5,82,247,82,0.59
seniors-vie,Colorize,resore old photos,5,43,247,140,0.53
seniors-vie,Colorize,pic to color,5,40,240,2,2.29
seniors-vie,Colorize,change car color in photo,5,87,247,146,0.53
seniors-vie,Colorize,recolor car photo,5,40,247,112,0.55
seniors-vie,Colorize,car color photo,5,,245,59,0.63
seniors-vie,Colorize,ai colorize,5,75,246,4,1.49
seniors-vie,Colorize,colorize black and white pic,5,50,226,8,1.10
seniors-vie,Colorize,ai photo enhancer apps,5,,232,206,0.50
seniors-vie,Colorize,photos colorful,5,40,232,8,1.10
seniors-vie,Colorize,photo colorful,5,40,232,33,0.72
seniors-vie,Colorize,винтаж,5,56,247,201,0.50
seniors-vie,Colorize,unblur pic,5,44,238,212,0.49
seniors-vie,Colorize,old photo colorizer,5,45,235,18,0.84
seniors-vie,Colorize,restaurer & améliorer photos,5,81,247,77,0.60
seniors-vie,Colorize,old photo to colour,5,40,245,1,5.00
seniors-vie,Colorize,fotoğraf renklendirme,5,,2,2,2.29
seniors-vie,Colorize,picture to vide,5,,235,118,0.55
seniors-vie,Colorize,ehnace photos,5,53,245,35,0.71
seniors-vie,Colorize,suppriemer photo,5,,236,97,0.57
seniors-vie,Colorize,photophotoapp,5,47,250,247,0.48
seniors-vie,Colorize,photo photo app scanner,5,,239,109,0.56
seniors-vie,Colorize,photo photo app free,5,57,243,193,0.50
seniors-vie,Colorize,photo app frees,5,57,247,231,0.49
seniors-vie,Colorize,app photomynes,5,53,243,4,1.49
seniors-vie,Colorize,scan old app,5,,213,175,0.51
seniors-vie,Colorize,old free,5,,249,55,0.64
seniors-vie,Colorize,biometric passport ios app,5,,228,52,0.65
seniors-vie,Colorize,photos videos scanners,5,,240,151,0.52
seniors-vie,Colorize,photo scanner plu,5,74,245,86,0.58
seniors-vie,Colorize,b612 photo video,5,88,247,192,0.50
seniors-vie,Colorize,b612 photo videos,5,90,244,190,0.50
seniors-vie,Colorize,color story photos,5,87,237,78,0.59
seniors-vie,Colorize,color story photo,5,87,237,160,0.52
seniors-vie,Colorize,photo scan photomyne,5,80,245,25,0.77
seniors-vie,Colorize,photo scan photomynes,5,,244,27,0.76
seniors-vie,Colorize,color photos auto,5,40,236,6,1.24
seniors-vie,Colorize,change color photos auto,5,40,236,17,0.86
seniors-vie,Colorize,color change recolors,5,40,239,154,0.52
seniors-vie,Colorize,change color photos autos,5,87,241,40,0.69
seniors-vie,Colorize,change color photo,5,,234,107,0.56
seniors-vie,Colorize,color photos autos,5,87,240,6,1.24
seniors-vie,Colorize,change color photos,5,40,235,109,0.56
seniors-vie,Colorize,photobucket cvs photos,5,53,241,197,0.50
seniors-vie,Colorize,chroma key for photo & videos,5,,206,65,0.62
seniors-vie,Colorize,color effects - photo editor,5,32,216,146,0.53
seniors-vie,Colorize,old pic restoration,5,44,247,222,0.49
seniors-vie,Colorize,picture and,5,52,229,206,0.50
seniors-vie,Colorize,and picture,5,54,227,204,0.50
seniors-vie,Colorize,and pic,5,,230,145,0.53
seniors-vie,Colorize,pictures old photos colorizer,5,40,238,17,0.86
seniors-vie,Colorize,photoclear,5,,244,135,0.54
seniors-vie,Colorize,photo),5,,238,82,0.59
seniors-vie,Colorize,coloring pic,5,,241,91,0.58
seniors-vie,Colorize,black and white photos to color,5,,199,1,5.00
seniors-vie,Colorize,blackandwhite,5,,179,65,0.62
seniors-vie,Colorize,تلوين للاطفال,5,84,250,248,0.48
seniors-vie,Colorize,restore old picturs,5,44,246,193,0.50
seniors-vie,Colorize,unblur - ai photo enhancer,5,,234,133,0.54
seniors-vie,Colorize,style scannee,5,,235,74,0.60
seniors-vie,Colorize,browse in pink,5,,194,8,1.10
seniors-vie,Colorize,capture photoday,5,,170,62,0.62
seniors-vie,Colorize,digital yolkfan,5,62,211,6,1.24
seniors-vie,Colorize,pixlme-stream quality photos,5,,202,41,0.68
seniors-vie,Colorize,photos color,5,,227,3,1.74
seniors-vie,Colorize,add images,5,,216,162,0.52
seniors-vie,Colorize,add pictures,5,,220,208,0.50
seniors-vie,Colorize,black & white photo,5,32,228,32,0.73
seniors-vie,Colorize,colorzy,5,,203,8,1.10
seniors-vie,Colorize,convert photo to coloring page,5,,231,34,0.71
seniors-vie,Colorize,convert photo coloring,5,40,247,210,0.50
seniors-vie,Colorize,elder app,5,57,220,137,0.53
seniors-vie,Colorize,daily memories with subscription,5,63,220,27,0.76
seniors-vie,Colorize,subscription daily memories with,5,63,216,34,0.71
seniors-vie,Colorize,daily memories with android,5,60,218,54,0.64
seniors-vie,Colorize,calculator focused plate free trial,5,77,223,70,0.61
seniors-vie,Colorize,cut list,5,51,235,193,0.50
seniors-vie,Colorize,subscription daily memories with reddit,5,,234,38,0.70
seniors-vie,Colorize,photos memories mod app,5,,224,9,1.06
seniors-vie,Colorize,photos memories mod best,5,,207,59,0.63
seniors-vie,Colorize,photos memories reddit online best,5,,250,146,0.53
seniors-vie,Colorize,my photos memories mod best,5,,207,52,0.65
seniors-vie,Colorize,photos memories reddit online app tips,5,,207,10,1.02
seniors-vie,Colorize,photos memories reddit online app ideas,5,,224,24,0.78
seniors-vie,Colorize,photos memories reddit online free onlin,5,,214,35,0.71
seniors-vie,Colorize,photos memories reddit online free plann,5,,215,45,0.67
seniors-vie,Colorize,photos memories reddit online free ideas,5,,219,30,0.74
seniors-vie,Colorize,photos memories reviews app free reminde,5,,210,16,0.87
seniors-vie,Colorize,photos memories reviews online app remin,5,,212,11,0.98
seniors-vie,Colorize,premium method app review reddit,5,,223,13,0.93
seniors-vie,Colorize,easy memories reddit app,5,,224,14,0.91
seniors-vie,Colorize,easy memories app reddit app,5,,227,24,0.78
seniors-vie,Colorize,review free memories app reddit app,5,,229,25,0.77
seniors-vie,Colorize,reviews free memories app reddit app,5,,229,25,0.77
seniors-vie,Colorize,tutorial free memories app reddit app,5,,229,26,0.76
seniors-vie,Colorize,widget free memories app reddit app,5,,223,85,0.58
seniors-vie,Colorize,reddit free memories app reddit app revi,5,,232,18,0.84
seniors-vie,Colorize,reddit free memories app reddit app tuto,5,,229,16,0.87
seniors-vie,Colorize,tutorial reddit free memories app reddit,5,,229,18,0.84
seniors-vie,Colorize,reddit free memories app reddit app guid,5,,232,20,0.82
seniors-vie,Colorize,message specials legacy,5,,205,25,0.77
seniors-vie,Colorize,stay trial connection,5,,221,34,0.71
seniors-vie,Colorize,schengen inch,5,,224,46,0.67
seniors-vie,Colorize,individually answer questions android,5,40,227,26,0.76
seniors-vie,Colorize,family album subscription,5,,213,46,0.67
seniors-vie,Colorize,reddit sharing memories with,5,45,190,36,0.70
seniors-vie,Colorize,shop front shutters,5,,210,37,0.70
seniors-vie,Colorize,questions their device subscription,5,50,225,20,0.82
seniors-vie,Colorize,sharing memories with premium,5,47,199,45,0.67
seniors-vie,Colorize,subscription sharing memories with,5,42,200,46,0.67
seniors-vie,Colorize,families album subscription,5,,195,51,0.65
seniors-vie,Colorize,subscription families album,5,46,196,50,0.65
seniors-vie,Colorize,sharing memories with free trial,5,,219,22,0.80
seniors-vie,Colorize,free trial sharing memories with,5,,216,21,0.81
seniors-vie,Colorize,wagepay photo,5,,221,63,0.62
seniors-vie,Colorize,kindreds photos reddit,5,,179,5,1.34
seniors-vie,Colorize,comprimir stories,5,,217,46,0.67
seniors-vie,Colorize,colorizador de fotos,5,,185,7,1.16
seniors-vie,Colorize,raw format,5,50,243,12,0.96
seniors-vie,Colorize,aerochrome,5,,224,29,0.74
seniors-vie,Colorize,free trial only capture same,5,,241,67,0.61
seniors-vie,Colorize,scan old photos app,5,,225,12,0.96
seniors-vie,Colorize,kfm 24/7  ltd,5,,218,18,0.84
seniors-vie,Colorize,jawline in 30 days,5,82,250,209,0.50
seniors-vie,Colorize,faded black and white photographs,5,40,249,141,0.53
seniors-vie,Colorize,photo scan old photos,5,,243,44,0.67
seniors-vie,Colorize,photo colorizer app,5,,240,12,0.96
seniors-vie,Colorize,video colorizer,5,32,246,1,5.00
seniors-vie,Colorize,sweetu-image,5,,249,221,0.49
seniors-vie,Colorize,app color analysis pro cancel,5,,249,78,0.59
seniors-vie,Colorize,color analysis photo app,5,,244,37,0.70
seniors-vie,Colorize,color analysis test photo app,5,,246,73,0.60
seniors-vie,Colorize,free colour analysis app uk,5,,250,163,0.52
seniors-vie,Colorize,clearpic,5,,249,19,0.83
seniors-vie,Colorize,picpure,5,,248,139,0.53
seniors-vie,Colorize,app modifica foto gratis,,,207,54,
seniors-vie,Colorize,والصور,,,249,139,
seniors-vie,Colorize,العاب تلوين,,,250,180,
seniors-vie,Colorize,ذكاء اصطناعي صور,,92,247,216,
seniors-vie,Colorize,change%20background,,40,247,235,
seniors-vie,Colorize,color%20picker,,,229,28,
seniors-vie,Colorize,an app that will show what you'll look l,,,220,48,
seniors-vie,Colorize,setardi,,,219,92,
seniors-vie,Colorize,picture to coloring,,,234,10,
seniors-vie,Colorize,photopack,,,238,160,
seniors-vie,Colorize,photoapps,,,205,186,
seniors-vie,Colorize,фото-фильтры,,,224,224,
seniors-vie,Colorize,التعديل على الصور,,,247,121,
seniors-vie,Colorize,sepia color photo,,,182,10,
seniors-vie,Colorize,gewicht arbeitszeiterfassung rental,,,215,14,
seniors-vie,Colorize,canon selphy square qx20,,,216,73,
seniors-vie,Colorize,epson colorworks print,,,224,122,
seniors-vie,Colorize,free foto live app daily,,,180,19,
seniors-vie,Colorize,old numbots photo,,,204,31,
seniors-vie,Colorize,reddit auto 101,,,218,28,
seniors-vie,Colorize,black and white photo colorizer,,40,227,14,
seniors-vie,Colorize,ai black and white photo colorizer,,40,239,18,
seniors-vie,Colorize,colorize old,,,239,9,
seniors-vie,Colorize,photos into,,,244,222,
seniors-vie,Colorize,personal color analysis jakarta,,,248,134,
seniors-vie,Colorize,personal colorimeter,,,250,51,
seniors-vie,DateBook,memoire,25,59,249,121,2.73
seniors-vie,DateBook,bloggin,5,53,185,147,0.53
seniors-vie,DateBook,journaling app,5,75,247,97,0.57
seniors-vie,DateBook,bullet journal companion,5,,249,193,0.50
seniors-vie,DateBook,daylio journal,5,53,250,179,0.51
seniors-vie,DateBook,journal apps,5,79,248,118,0.55
seniors-vie,DateBook,memoir,5,57,249,83,0.59
seniors-vie,DateBook,journaling apps,5,66,248,109,0.56
seniors-vie,DateBook,journal book,5,66,248,104,0.56
seniors-vie,DateBook,journal maker,5,,247,196,0.50
seniors-vie,DateBook,apple journal,5,93,248,237,0.49
seniors-vie,DateBook,Dating journal,5,47,245,45,0.67
seniors-vie,DateBook,Datebook,5,74,239,17,0.86
seniors-vie,DateBook,journalling app free,5,79,248,152,0.52
seniors-vie,DateBook,journalling app,5,68,246,153,0.52
seniors-vie,DateBook,trail journal,5,67,250,221,0.49
seniors-vie,DateBook,app for journaling,5,73,248,101,0.56
seniors-vie,DateBook,Memoir Journal,5,34,78,11,0.98
seniors-vie,DateBook,memoirs,5,55,249,58,0.63
seniors-vie,DateBook,image journal,5,45,248,99,0.57
seniors-vie,DateBook,traveler’s notebook,5,,63,39,0.69
seniors-vie,DateBook,app journal,5,79,248,156,0.52
seniors-vie,DateBook,journaling for men,5,,224,205,0.50
seniors-vie,DateBook,writing journaling,5,,248,241,0.48
seniors-vie,DateBook,mobile journaling solution,5,,225,98,0.57
seniors-vie,DateBook,stay memoir ipad,5,42,249,239,0.48
seniors-vie,DateBook,memoir app,5,40,244,66,0.62
seniors-vie,DateBook,memoir iphone,5,40,247,176,0.51
seniors-vie,DateBook,iphone memoir,5,40,247,103,0.56
seniors-vie,DateBook,memoir ipad,5,40,248,93,0.57
seniors-vie,DateBook,ipad memoir,5,40,247,93,0.57
seniors-vie,DateBook,book journals memoirs,5,,216,115,0.55
seniors-vie,DateBook,journal rounds,,,249,216,