cluster,app,keyword,popularity,competitiveness,num_apps,rank,importance
utilitaires,Compass,compass,63,64,250,6,15.56
utilitaires,Compass,reading com,59,92,241,198,5.90
utilitaires,Compass,bevel,58,67,122,42,7.88
utilitaires,Compass,o,57,98,247,66,7.01
utilitaires,Compass,livre,56,98,249,211,5.54
utilitaires,Compass,true,56,69,248,47,7.42
utilitaires,Compass,kompass,55,55,250,12,10.52
utilitaires,Compass,compass free,54,88,250,1,54.00
utilitaires,Compass,compass time,51,49,250,4,15.19
utilitaires,Compass,boussole,48,50,241,8,10.58
utilitaires,Compass,as,47,100,248,215,4.64
utilitaires,Compass,指南针,43,49,250,13,8.02
utilitaires,Compass,brujula,39,42,246,3,13.59
utilitaires,Compass,simple mobile,38,95,249,49,4.99
utilitaires,Compass,gps navigation,32,95,246,214,3.16
utilitaires,Compass,navigate student,32,98,250,134,3.43
utilitaires,Compass,compass real estate,31,70,248,10,6.30
utilitaires,Compass,kostenlos,28,90,249,164,2.89
utilitaires,Compass,自由,28,51,239,124,3.04
utilitaires,Compass,mekka kompass,26,57,247,140,2.76
utilitaires,Compass,compass nil,25,46,250,3,8.71
utilitaires,Compass,suna,25,97,248,169,2.57
utilitaires,Compass,旅程,23,46,246,231,2.24
utilitaires,Compass,navigon,21,89,238,205,2.09
utilitaires,Compass,simpli,12,76,245,172,1.23
utilitaires,Compass,free compass,9,35,248,4,2.68
utilitaires,Compass,compass school,9,50,250,4,2.68
utilitaires,Compass,angle finder,8,51,250,94,0.92
utilitaires,Compass,brújula,8,42,243,5,2.14
utilitaires,Compass,ahead app,8,55,243,202,0.80
utilitaires,Compass,pusula,7,55,250,122,0.76
utilitaires,Compass,directions,6,94,246,6,1.48
utilitaires,Compass,bussola,6,51,240,5,1.61
utilitaires,Compass,une,6,98,247,154,0.63
utilitaires,Compass,wind compass,6,68,245,10,1.22
utilitaires,Compass,navigation for iphone free,5,87,248,36,0.70
utilitaires,Compass,gyroscope,5,55,246,36,0.70
utilitaires,Compass,big head,5,95,168,48,0.66
utilitaires,Compass,compass app,5,51,250,6,1.24
utilitaires,Compass,free navigation,5,89,247,115,0.55
utilitaires,Compass,utilitaire,5,,249,171,0.51
utilitaires,Compass,simple phone,5,53,249,133,0.54
utilitaires,Compass,compass portal,5,,181,95,0.57
utilitaires,Compass,direction map,5,,201,86,0.58
utilitaires,Compass,map directions,5,82,240,206,0.50
utilitaires,Compass,bog,5,100,248,181,0.51
utilitaires,Compass,navitel navigator,5,94,226,198,0.50
utilitaires,Compass,kostenlose,5,86,250,191,0.50
utilitaires,Compass,smart compass,5,54,249,3,1.74
utilitaires,Compass,コンパス,5,42,84,8,1.10
utilitaires,Compass,atlas mobile app,5,,224,124,0.54
utilitaires,Compass,digital compass,5,54,247,3,1.74
utilitaires,Compass,gps compass,5,51,244,3,1.74
utilitaires,Compass,navigation google,5,79,220,220,0.49
utilitaires,Compass,navegacion maritima,5,87,249,176,0.51
utilitaires,Compass,3d compass,5,79,233,9,1.06
utilitaires,Compass,compass for iphone,5,42,229,2,2.29
utilitaires,Compass,navigation compass,5,32,240,3,1.74
utilitaires,Compass,orientation,5,52,246,7,1.16
utilitaires,Compass,altimeter compass,5,,108,19,0.83
utilitaires,Compass,путешествие,5,76,241,229,0.49
utilitaires,Compass,google compass,5,85,236,4,1.49
utilitaires,Compass,qibla compass,5,68,249,67,0.61
utilitaires,Compass,qibla compass kaaba locator,5,53,241,153,0.52
utilitaires,Compass,magnetic compass,5,,248,6,1.24
utilitaires,Compass,offline compass,5,68,248,3,1.74
utilitaires,Compass,islamic compass,5,49,247,6,1.24
utilitaires,Compass,prayer compass,5,56,248,9,1.06
utilitaires,Compass,mecca compass,5,54,250,97,0.57
utilitaires,Compass,mytim,5,91,247,58,0.63
utilitaires,Compass,direction compass,5,,250,2,2.29
utilitaires,Compass,compass rose,5,,249,4,1.49
utilitaires,Compass,compass pro,5,,249,81,0.59
utilitaires,Compass,accurate compass,5,41,244,1,5.00
utilitaires,Compass,sun compass,5,52,213,20,0.82
utilitaires,Compass,compa,5,81,237,4,1.49
utilitaires,Compass,simples,5,52,228,207,0.50
utilitaires,Compass,compass app free,5,26,248,1,5.00
utilitaires,Compass,compass for watch,5,46,250,6,1.24
utilitaires,Compass,my compass,5,60,183,8,1.10
utilitaires,Compass,compass group,5,,178,26,0.76
utilitaires,Compass,compass gps,5,54,248,5,1.34
utilitaires,Compass,compass navigator,5,48,246,3,1.74
utilitaires,Compass,compass widget,5,74,249,1,5.00
utilitaires,Compass,direcctiones,5,84,227,112,0.55
utilitaires,Compass,naviter,5,74,249,190,0.50
utilitaires,Compass,best of,5,,246,160,0.52
utilitaires,Compass,util,5,56,249,206,0.50
utilitaires,Compass,°,5,82,242,2,2.29
utilitaires,Compass,navegación,5,92,245,189,0.50
utilitaires,Compass,kaaba compass,5,67,250,18,0.84
utilitaires,Compass,multistop directions,5,49,157,6,1.24
utilitaires,Compass,kompassi,5,45,245,10,1.02
utilitaires,Compass,bússola,5,33,241,3,1.74
utilitaires,Compass,busolă,5,70,247,24,0.78
utilitaires,Compass,studio of,5,58,235,131,0.54
utilitaires,Compass,пешая навигация,5,88,249,174,0.51
utilitaires,Compass,lerret,5,91,249,228,0.49
utilitaires,Compass,travel reading,5,46,246,237,0.49
utilitaires,Compass,Stuio,5,80,246,120,0.55
utilitaires,Compass,путешествия,5,78,245,69,0.61
utilitaires,Compass,qibla compass-,5,44,240,73,0.60
utilitaires,Compass,compass-,5,38,239,1,5.00
utilitaires,Compass,compass- qibla,5,57,241,53,0.64
utilitaires,Compass,compass maps,5,55,248,8,1.10
utilitaires,Compass,directional compass,5,43,247,2,2.29
utilitaires,Compass,מצפן,5,79,249,14,0.91
utilitaires,Compass,מצפן תפילה,5,89,249,26,0.76
utilitaires,Compass,compass level,5,,243,11,0.98
utilitaires,Compass,步行导航,5,72,245,207,0.50
utilitaires,Compass,تخته نرد حرفه ای,5,69,232,27,0.76
utilitaires,Compass,direction app,5,73,209,12,0.96
utilitaires,Compass,large display,5,21,207,8,1.10
utilitaires,Compass,navigation student,5,,219,49,0.66
utilitaires,Compass,rummet,5,40,234,159,0.52
utilitaires,Compass,Navegação,5,92,236,144,0.53
utilitaires,Compass,direction finder,5,,250,19,0.83
utilitaires,Compass,navigation charts,5,64,226,118,0.55
utilitaires,Compass,app.simple.com,5,89,248,247,0.48
utilitaires,Compass,navegacao,5,92,234,161,0.52
utilitaires,Compass,didget,5,47,241,179,0.51
utilitaires,Compass,tìm,5,,233,195,0.50
utilitaires,Compass,compass altimeter,5,,173,10,1.02
utilitaires,Compass,feng shui compass,5,55,248,12,0.96
utilitaires,Compass,vastu compass,5,,250,10,1.02
utilitaires,Compass,moon compass,5,,197,21,0.81
utilitaires,Compass,live digital compass,5,85,242,3,1.74
utilitaires,Compass,gps digital compass,5,40,232,3,1.74
utilitaires,Compass,azimuth,5,,202,13,0.93
utilitaires,Compass,weather forecast compass,5,44,239,4,1.49
utilitaires,Compass,leitura gratis,5,97,249,162,0.52
utilitaires,Compass,Big letter,5,42,221,11,0.98
utilitaires,Compass,navigate lsu,5,,211,130,0.54
utilitaires,Compass,compass direction,5,50,249,2,2.29
utilitaires,Compass,qiblat compass,5,57,249,28,0.75
utilitaires,Compass,方向,5,52,216,4,1.49
utilitaires,Compass,指南针app,5,43,241,3,1.74
utilitaires,Compass,cup cap,5,100,248,248,0.48
utilitaires,Compass,Compass Careers,5,81,162,3,1.74
utilitaires,Compass,Galactic Compass,5,37,197,2,2.29
utilitaires,Compass,angle finder free,5,,202,30,0.74
utilitaires,Compass,voyag,5,68,236,163,0.52
utilitaires,Compass,accurate lite,5,95,247,127,0.54
utilitaires,Compass,anchor pointer compass,5,42,177,2,2.29
utilitaires,Compass,compass connect,5,,174,21,0.81
utilitaires,Compass,old compass,5,32,233,1,5.00
utilitaires,Compass,Simple++,5,58,245,197,0.50
utilitaires,Compass,qibla compass ar,5,62,244,18,0.84
utilitaires,Compass,qibla finder compass,5,60,244,47,0.66
utilitaires,Compass,compass accuracy,5,41,240,1,5.00
utilitaires,Compass,muslim flat finder,5,58,248,139,0.53
utilitaires,Compass,qibla finder & qibla compass,5,53,244,55,0.64
utilitaires,Compass,isalam: qibla compass,5,57,249,104,0.56
utilitaires,Compass,qibla compass - direction find,5,56,241,10,1.02
utilitaires,Compass,qibla compass accurate,5,59,243,60,0.63
utilitaires,Compass,qibla compass-find direction,5,59,241,8,1.10
utilitaires,Compass,qibla direction compass finder,5,52,243,11,0.98
utilitaires,Compass,qibla direction & compass,5,56,245,11,0.98
utilitaires,Compass,finder qibla direction compass,5,56,243,13,0.93
utilitaires,Compass,qibla exact compass,5,53,244,17,0.86
utilitaires,Compass,qibla finder compass 100%,5,53,244,17,0.86
utilitaires,Compass,qibla finder- qibla compass,5,58,240,84,0.59
utilitaires,Compass,dua compass,5,42,248,3,1.74
utilitaires,Compass,Compass Light,5,44,181,1,5.00
utilitaires,Compass,handheld level,5,69,247,56,0.64
utilitaires,Compass,compaq,5,78,234,2,2.29
utilitaires,Compass,largely,5,30,223,18,0.84
utilitaires,Compass,large gps,5,46,250,17,0.86
utilitaires,Compass,widgets for travel,5,79,247,211,0.49
utilitaires,Compass,travel widgets,5,87,246,174,0.51
utilitaires,Compass,hiking compass,5,32,241,4,1.49
utilitaires,Compass,compass wind,5,45,243,6,1.24
utilitaires,Compass,compass for wind,5,37,237,1,5.00
utilitaires,Compass,studigo,5,84,247,139,0.53
utilitaires,Compass,angle finder tool,5,44,249,189,0.50
utilitaires,Compass,city compass,5,66,232,36,0.70
utilitaires,Compass,oration,5,57,246,7,1.16
utilitaires,Compass,ناروتو,5,68,239,196,0.50
utilitaires,Compass,pro letter,5,40,246,229,0.49
utilitaires,Compass,pass the phone to,5,74,193,156,0.52
utilitaires,Compass,compass heading,5,47,247,1,5.00
utilitaires,Compass,my altimeter & compass,5,,227,17,0.86
utilitaires,Compass,compass north,5,,92,2,2.29
utilitaires,Compass,qibla finder: qibla compass,5,,241,54,0.64
utilitaires,Compass,timm,5,87,247,100,0.57
utilitaires,Compass,cómpass,5,,138,4,1.49
utilitaires,Compass,angle%20finder,5,59,226,49,0.66
utilitaires,Compass,compass%20app,5,41,220,1,5.00
utilitaires,Compass,ipad%20widgets%20free,5,68,248,114,0.55
utilitaires,Compass,compass%20real%20estate,5,22,185,2,2.29
utilitaires,Compass,angle%20measure,5,40,247,177,0.51
utilitaires,Compass,best%20ipad%20apps,5,81,242,118,0.55
utilitaires,Compass,direction game,5,,155,93,0.57
utilitaires,Compass,qibla%20compass,5,,245,12,0.96
utilitaires,Compass,navigation%20for%20iphone%20free,5,88,238,84,0.59
utilitaires,Compass,how to use a compass,5,40,233,1,5.00
utilitaires,Compass,gps speedometer with compass,5,45,241,28,0.75
utilitaires,Compass,comps,5,50,249,6,1.24
utilitaires,Compass,map compass,5,,156,9,1.06
utilitaires,Compass,compass 25,5,,181,1,5.00
utilitaires,Compass,ar compass,5,,243,10,1.02
utilitaires,Compass,compass tool,5,45,250,1,5.00
utilitaires,Compass,compass camera,5,,248,20,0.82
utilitaires,Compass,travel camera & compass,5,88,248,43,0.68
utilitaires,Compass,travel compass,5,43,231,2,2.29
utilitaires,Compass,horizon compass,5,35,241,3,1.74
utilitaires,Compass,compass car,5,,147,2,2.29
utilitaires,Compass,compass road trip,5,85,244,2,2.29
utilitaires,Compass,compass with poi,5,46,243,1,5.00
utilitaires,Compass,what’s ahead compass,5,43,239,1,5.00
utilitaires,Compass,nearby attractions compass,5,60,249,1,5.00
utilitaires,Compass,compass with landmarks,5,32,246,1,5.00
utilitaires,Compass,compass with sites,5,43,243,1,5.00
utilitaires,Compass,compass with,5,40,232,1,5.00
utilitaires,Compass,compass with places,5,85,237,1,5.00
utilitaires,Compass,compass with attractions,5,59,246,1,5.00
utilitaires,Compass,comapss,5,,236,5,1.34
utilitaires,Compass,compass travel,5,,250,6,1.24
utilitaires,Compass,gps speedometer & compass,5,54,245,73,0.60
utilitaires,Compass,compass and speedmeter on map,5,73,239,4,1.49
utilitaires,Compass,compass calibration tool,5,,219,2,2.29
utilitaires,Compass,simple navigation app,5,,235,51,0.65
utilitaires,Compass,compass capture,5,,241,1,5.00
utilitaires,Compass,simple compass,5,,244,1,5.00
utilitaires,Compass,heading app,5,,239,3,1.74
utilitaires,Compass,gps map camera & compass,5,61,243,12,0.96
utilitaires,Compass,simple track,5,49,246,217,0.49
utilitaires,Compass,for iphone best,5,,207,174,0.51
utilitaires,Compass,compass test,5,38,242,1,5.00
utilitaires,Compass,navigation log,5,43,223,103,0.56
utilitaires,Compass,**compass,5,42,228,1,5.00
utilitaires,Compass,compass bearing navigator,5,,179,2,2.29
utilitaires,Compass,angle finder degree meter,5,,197,42,0.68
utilitaires,Compass,compass bearing,5,44,243,6,1.24
utilitaires,Compass,life compass,5,56,249,4,1.49
utilitaires,Compass,time & gps,5,,231,131,0.54
utilitaires,Compass,pro cal,5,,241,148,0.53
utilitaires,Compass,read coordinates,5,,212,12,0.96
utilitaires,Compass,widgets studio,5,48,244,174,0.51
utilitaires,Compass,ahead with,5,82,136,45,0.67
utilitaires,Compass,simple navigation,5,,181,2,2.29
utilitaires,Compass,compass hiking,5,,233,6,1.24
utilitaires,Compass,accurate qibla compass,5,,213,12,0.96
utilitaires,Compass,beacon navigate life,5,,185,3,1.74
utilitaires,Compass,clean qibla compass,5,,214,13,0.93
utilitaires,Compass,compass associate portal,5,,176,28,0.75
utilitaires,Compass,compass dollar tree,5,,85,5,1.34
utilitaires,Compass,compass ebt,5,,250,7,1.16
utilitaires,Compass,compass elevation,5,,246,8,1.10
utilitaires,Compass,compass health,5,,250,55,0.64
utilitaires,Compass,compass i8,5,,250,3,1.74
utilitaires,Compass,compass inc,5,,170,5,1.34
utilitaires,Compass,compass johns hopkins,5,,82,2,2.29
utilitaires,Compass,compass kstrong sa,5,,199,2,2.29
utilitaires,Compass,compass login,5,,246,5,1.34
utilitaires,Compass,compass mobile dollar tree,5,,192,3,1.74
utilitaires,Compass,compass north church,5,,238,4,1.49
utilitaires,Compass,compass operations pty ltd,5,,249,3,1.74
utilitaires,Compass,compass x,5,,244,3,1.74
utilitaires,Compass,compass-qibla free,5,,250,7,1.16
utilitaires,Compass,compass-unlimited,5,,241,2,2.29
utilitaires,Compass,digital compass-direction,5,49,248,3,1.74
utilitaires,Compass,direction dash,5,,182,7,1.16
utilitaires,Compass,direction systems,5,,198,23,0.79
utilitaires,Compass,ds compass solutions limited,5,,247,1,5.00
utilitaires,Compass,head free,5,,240,139,0.53
utilitaires,Compass,ess compass group,5,,179,14,0.91
utilitaires,Compass,guided compass,5,,193,1,5.00
utilitaires,Compass,i need a compass,5,45,250,4,1.49
utilitaires,Compass,map-n-compass,5,,206,7,1.16
utilitaires,Compass,my compass time,5,,250,3,1.74
utilitaires,Compass,navigate north,5,,154,3,1.74
utilitaires,Compass,navigate tjc,5,,226,157,0.52
utilitaires,Compass,simple compass-your direction,5,,228,2,2.29
utilitaires,Compass,simple direction navigator,5,,162,2,2.29
utilitaires,Compass,multi stop navigation,5,,212,116,0.55
utilitaires,Compass,gps maps route & compass,5,86,240,2,2.29
utilitaires,Compass,gpw,5,,236,163,0.52
utilitaires,Compass,compass analyzer,5,,238,1,5.00
utilitaires,Compass,compass builder,5,,238,1,5.00
utilitaires,Compass,compass checker,5,,238,1,5.00
utilitaires,Compass,compass finder,5,54,244,3,1.74
utilitaires,Compass,compass manager,5,,189,4,1.49
utilitaires,Compass,inner compass,5,,250,10,1.02
utilitaires,Compass,offline compass degrees,5,42,236,2,2.29
utilitaires,Compass,compass calc,5,40,245,1,5.00
utilitaires,Compass,compass helper,5,40,240,1,5.00
utilitaires,Compass,compass meter,5,40,239,2,2.29
utilitaires,Compass,compass tracker,5,62,242,1,5.00
utilitaires,Compass,refill logbook,5,,202,3,1.74
utilitaires,Compass,compass calibrator,5,40,235,1,5.00
utilitaires,Compass,compass diagnostics,5,,244,1,5.00
utilitaires,Compass,compass toolkit,5,,238,2,2.29
utilitaires,Compass,compass dashboard,5,49,227,1,5.00
utilitaires,Compass,compass monitor,5,,244,1,5.00
utilitaires,Compass,compass assistant,5,,235,1,5.00
utilitaires,Compass,tiim,5,,240,181,0.51
utilitaires,Compass,compasss,5,,247,2,2.29
utilitaires,Compass,qqz amber compass planner doodad 46900,5,,221,1,5.00
utilitaires,Compass,beval,5,39,114,34,0.71
utilitaires,Compass,heading compass,5,,248,5,1.34
utilitaires,Compass,compass app qibla finder,5,,221,23,0.79
utilitaires,Compass,compass app & qibla locator,5,,214,8,1.10
utilitaires,Compass,e4 studios llc,5,,224,16,0.87
utilitaires,Compass,compass & coordinates locator,5,,217,6,1.24
utilitaires,Compass,compass no ads,5,,245,2,2.29
utilitaires,Compass,somple,5,,248,93,0.57
utilitaires,Compass,gps speedometer compass,5,45,240,19,0.83
utilitaires,Compass,magnetic field finder,5,,245,210,0.50
utilitaires,Compass,phone free reading,5,,248,109,0.56
utilitaires,Compass,compass app & qibla direction,5,,236,5,1.34
utilitaires,Compass,бесплатные,,,238,86,
utilitaires,Compass,easy compass,,35,226,2,
utilitaires,Compass,Sailor Compass,,45,243,1,
utilitaires,Compass,toddler north pole,,53,248,18,
utilitaires,Compass,bevek,,48,106,29,
utilitaires,Compass,spedometer%20app,,,212,23,
utilitaires,Compass,ruler & compass,,,182,1,
utilitaires,Compass,navgitaion,,,210,110,
utilitaires,Compass,navigation shortcut,,,222,89,
utilitaires,Compass,true north,,,151,12,
utilitaires,Compass,solo align,,,250,33,
utilitaires,Compass,movie compass,,85,249,1,
utilitaires,Compass,mountain hiking compass,,42,237,1,
utilitaires,Compass,wind direction compass app,,49,235,2,
utilitaires,Compass,gold hunter compass,,40,246,2,
utilitaires,Compass,compass navigation orientation,,42,225,1,
utilitaires,Compass,compass heading bug,,40,245,1,
utilitaires,Compass,geocaching compass tool,,40,235,2,
utilitaires,Compass,compass counter,,40,246,1,
utilitaires,Compass,compass log,,42,247,1,
utilitaires,Compass,compass timer,,40,245,1,
utilitaires,Compass,app compass,,,245,6,
utilitaires,Compass,hao hao,,36,242,212,
utilitaires,Compass,compass gratis,,,228,2,
utilitaires,Compass,"compass app & qibla locator",,,221,13,
utilitaires,Compass,compass accurate,,,237,5,
utilitaires,Compass,travel studio,,,242,94,
utilitaires,Compass,slope angle finder,,,241,126,
utilitaires,Documents,facebook,95,100,250,120,10.39
utilitaires,Documents,google docs,72,96,248,76,8.60
utilitaires,Documents,garageband,71,92,248,212,7.02
utilitaires,Documents,files,70,100,247,5,18.73
utilitaires,Documents,google sheets,69,94,247,166,7.12
utilitaires,Documents,movie box,69,100,241,190,6.95
utilitaires,Documents,microsoft,68,100,244,214,6.71
utilitaires,Documents,小火箭,68,,245,142,7.21
utilitaires,Documents,y,65,100,243,14,11.84
utilitaires,Documents,ドキュメント,65,94,239,5,17.39
utilitaires,Documents,파일,65,54,232,20,10.66
utilitaires,Documents,meta horizon,65,94,249,114,7.18
utilitaires,Documents,documents,64,98,248,1,64.00
utilitaires,Documents,down,64,96,249,229,6.25
utilitaires,Documents,ютуб,64,91,244,174,6.55
utilitaires,Documents,unzip,63,80,249,7,14.62
utilitaires,Documents,hp,62,93,246,126,6.72
utilitaires,Documents,تلجرام,62,88,248,143,6.57
utilitaires,Documents,garage band,61,85,248,226,5.97
utilitaires,Documents,bale,61,95,184,5,16.32
utilitaires,Documents,free,60,97,246,195,6.02
utilitaires,Documents,utube,60,95,245,229,5.86
utilitaires,Documents,downloader,60,64,244,15,10.70
utilitaires,Documents,djay,60,85,248,6,14.82
utilitaires,Documents,transformers,60,77,246,140,6.38
utilitaires,Documents,you tube,59,94,245,214,5.82
utilitaires,Documents,amerigo,59,97,137,51,7.67
utilitaires,Documents,قوقل,59,,248,89,6.83
utilitaires,Documents,جوجل,59,90,248,215,5.82
utilitaires,Documents,boo,58,97,248,224,5.68
utilitaires,Documents,izip,58,76,250,7,13.46
utilitaires,Documents,adobe express,58,97,246,228,5.67
utilitaires,Documents,ادارة الملفات,58,52,205,19,9.65
utilitaires,Documents,qq音乐,58,,239,131,6.24
utilitaires,Documents,amneziavpn,58,68,250,132,6.23
utilitaires,Documents,face book,57,98,250,176,5.82
utilitaires,Documents,google doc,57,96,249,101,6.44
utilitaires,Documents,moviebox,57,100,237,211,5.64
utilitaires,Documents,:file,57,64,236,3,19.87
utilitaires,Documents,google one,56,90,247,135,5.99
utilitaires,Documents,gogle,56,92,248,239,5.43
utilitaires,Documents,wps,56,100,248,147,5.90
utilitaires,Documents,wps office,56,95,249,189,5.65
utilitaires,Documents,google fi,56,97,248,43,7.57
utilitaires,Documents,goo,56,98,248,152,5.87
utilitaires,Documents,documenti,56,93,228,2,25.70
utilitaires,Documents,迅雷,56,,244,217,5.52
utilitaires,Documents,浏览器,56,84,241,136,5.98
utilitaires,Documents,火箭,56,,248,136,5.98
utilitaires,Documents,گوگل,56,,247,13,10.44
utilitaires,Documents,rubika,56,96,248,5,14.98
utilitaires,Documents,doc,55,98,248,2,25.24
utilitaires,Documents,winrar,55,61,249,6,13.59
utilitaires,Documents,فیلترشکن,55,79,250,211,5.44
utilitaires,Documents,یوتیوب,55,,248,10,11.18
utilitaires,Documents,protube,54,88,248,103,6.08
utilitaires,Documents,شریت,54,,250,6,13.34
utilitaires,Documents,ت,54,,247,225,5.29
utilitaires,Documents,bjs,54,98,249,60,6.78
utilitaires,Documents,:document,54,92,246,2,24.78
utilitaires,Documents,快连,54,,250,45,7.22
utilitaires,Documents,googl,53,97,247,195,5.32
utilitaires,Documents,pp,53,96,247,212,5.24
utilitaires,Documents,uc浏览器,53,79,246,186,5.36
utilitaires,Documents,2k face scan,53,98,247,213,5.24
utilitaires,Documents,number box,53,95,250,163,5.48
utilitaires,Documents,google form,52,95,248,199,5.20
utilitaires,Documents,tube,52,90,246,215,5.13
utilitaires,Documents,documents by readdle,52,93,248,1,52.00
utilitaires,Documents,file manager,52,83,248,8,11.46
utilitaires,Documents,kmplayer,52,85,249,5,13.91
utilitaires,Documents,ding,52,77,249,117,5.71
utilitaires,Documents,ap,52,100,250,250,5.00
utilitaires,Documents,fa,52,100,249,164,5.37
utilitaires,Documents,dateien,52,76,234,2,23.86
utilitaires,Documents,quickq,52,100,250,162,5.39
utilitaires,Documents,untitled,52,94,75,23,8.21
utilitaires,Documents,quick,51,98,248,215,5.03
utilitaires,Documents,goggle,51,93,248,245,4.92
utilitaires,Documents,googlr,51,92,246,246,4.92
utilitaires,Documents,musa,51,95,248,192,5.13
utilitaires,Documents,cs,50,93,250,226,4.89
utilitaires,Documents,editor de fotos gratis,50,91,248,232,4.87
utilitaires,Documents,download,50,69,248,5,13.38
utilitaires,Documents,imazing,50,98,249,5,13.38
utilitaires,Documents,du,50,95,249,165,5.16
utilitaires,Documents,do,50,97,248,3,17.43
utilitaires,Documents,be,50,83,243,144,5.29
utilitaires,Documents,db,50,85,248,188,5.05
utilitaires,Documents,vnp,50,86,249,160,5.19
utilitaires,Documents,tsp,50,96,248,170,5.13
utilitaires,Documents,por,49,100,249,132,5.26
utilitaires,Documents,archivos,49,95,247,9,10.34
utilitaires,Documents,شیریت,49,87,250,4,14.59
utilitaires,Documents,3utool,49,93,42,5,13.11
utilitaires,Documents,medium,48,96,248,179,4.89
utilitaires,Documents,facebok,48,97,249,117,5.27
utilitaires,Documents,apk,48,94,249,123,5.22
utilitaires,Documents,google files,47,91,248,57,5.97
utilitaires,Documents,動画圧縮,47,35,35,19,7.82
utilitaires,Documents,ملفات,47,70,249,10,9.56
utilitaires,Documents,facbook,46,97,249,140,4.89
utilitaires,Documents,3utools,46,97,250,3,16.03
utilitaires,Documents,впг,46,89,249,239,4.46
utilitaires,Documents,es,45,100,247,10,9.15
utilitaires,Documents,файлы,45,88,245,3,15.68
utilitaires,Documents,pdf뷰어,45,,245,100,5.09
utilitaires,Documents,동영상 플레이어,45,94,245,4,13.40
utilitaires,Documents,文件,44,93,240,6,10.87
utilitaires,Documents,vlc for mobile,43,70,250,13,8.02
utilitaires,Documents,وی پی ان,43,88,248,192,4.32
utilitaires,Documents,gooogle,40,93,247,239,3.88
utilitaires,Documents,we transfer app,40,74,249,137,4.27
utilitaires,Documents,utorrent,40,69,214,190,4.03
utilitaires,Documents,pdf スキャン,39,91,243,142,4.14
utilitaires,Documents,無料アプリ,38,92,249,229,3.71
utilitaires,Documents,files downloader,38,90,249,5,10.17
utilitaires,Documents,goole,37,,247,237,3.59
utilitaires,Documents,gestor de archivos,36,46,250,7,8.35
utilitaires,Documents,グーグルドキュメント,35,84,68,15,6.24
utilitaires,Documents,بيبي ان,35,75,245,223,3.43
utilitaires,Documents,gestionnaire de fichiers,32,,250,7,7.42
utilitaires,Documents,archivo,30,93,236,8,6.61
utilitaires,Documents,stockage iphone,30,96,249,135,3.21
utilitaires,Documents,管理,29,74,247,1,29.00
utilitaires,Documents,word document edit docs ppt,29,94,231,87,3.37
utilitaires,Documents,don,27,90,247,4,8.04
utilitaires,Documents,1dm,26,75,248,12,4.97
utilitaires,Documents,document by readdle,25,,216,1,25.00
utilitaires,Documents,fail,24,75,220,2,11.01
utilitaires,Documents,文档,24,97,220,20,3.94
utilitaires,Documents,download telegram app,24,,214,141,2.55
utilitaires,Documents,ordner,23,64,59,5,6.15
utilitaires,Documents,file zip,22,64,249,23,3.47
utilitaires,Documents,впн прокси мастер,22,90,236,204,2.19
utilitaires,Documents,stockage photo,21,97,242,228,2.05
utilitaires,Documents,file opener,21,67,247,2,9.64
utilitaires,Documents,pdf converter gratis,21,,239,18,3.55
utilitaires,Documents,pjs,21,90,181,163,2.17
utilitaires,Documents,win rar,20,54,176,4,5.96
utilitaires,Documents,conta km,20,97,246,234,1.95
utilitaires,Documents,fe file explorer,19,,249,5,5.08
utilitaires,Documents,c6,19,,243,232,1.85
utilitaires,Documents,mymedia,16,,248,6,3.95
utilitaires,Documents,همراه بانک,15,,27,8,3.31
utilitaires,Documents,i downloader,15,,221,10,3.05
utilitaires,Documents,files manager,14,40,227,86,1.63
utilitaires,Documents,files google,14,90,246,226,1.37
utilitaires,Documents,음악다운로드,14,92,229,139,1.49
utilitaires,Documents,mp4 downloader,13,,246,12,2.49
utilitaires,Documents,document file manager,12,91,242,1,12.00
utilitaires,Documents,google drive folder,12,,199,14,2.19
utilitaires,Documents,browser offline file storage,11,62,236,21,1.78
utilitaires,Documents,google drive fotos,11,97,238,209,1.09
utilitaires,Documents,total commander,10,,249,5,2.68
utilitaires,Documents,app file,10,71,242,2,4.59
utilitaires,Documents,w3,10,,209,200,1.00
utilitaires,Documents,transfert musique,10,93,249,194,1.00
utilitaires,Documents,documents readdle,9,81,248,1,9.00
utilitaires,Documents,oplayer,9,66,73,24,1.40
utilitaires,Documents,photo viewer,9,93,247,2,4.13
utilitaires,Documents,ftp,9,83,248,29,1.34
utilitaires,Documents,google classrom,9,93,248,215,0.89
utilitaires,Documents,gloogle,9,92,248,187,0.91
utilitaires,Documents,file extractor,9,67,248,6,2.22
utilitaires,Documents,flies,9,,231,6,2.22
utilitaires,Documents,owlfiles,9,65,250,4,2.68
utilitaires,Documents,게러지밴드,9,64,250,109,1.00
utilitaires,Documents,1dm browser downloader,9,42,225,221,0.88
utilitaires,Documents,zip file viewer,8,68,250,4,2.38
utilitaires,Documents,files app,8,97,248,5,2.14
utilitaires,Documents,es file explorer,8,77,249,4,2.38
utilitaires,Documents,facebokk,8,,250,117,0.88
utilitaires,Documents,goodle,8,93,243,232,0.78
utilitaires,Documents,facebooc,8,,169,163,0.83
utilitaires,Documents,e share,8,,221,200,0.80
utilitaires,Documents,free convert,8,50,242,136,0.85
utilitaires,Documents,clod,8,,248,154,0.84
utilitaires,Documents,winzip,7,51,249,122,0.76
utilitaires,Documents,youtube mp3 downloader,7,,212,60,0.88
utilitaires,Documents,usb,7,56,250,30,1.03
utilitaires,Documents,file editor,7,96,248,5,1.87
utilitaires,Documents,apk downloader,7,90,232,9,1.48
utilitaires,Documents,apk installer,7,49,247,11,1.38
utilitaires,Documents,fichiers,7,74,237,8,1.54
utilitaires,Documents,total files,7,74,250,4,2.08
utilitaires,Documents,duc,7,98,247,2,3.21
utilitaires,Documents,transformer photo en pdf,7,95,248,101,0.79
utilitaires,Documents,evertag,7,,149,5,1.87
utilitaires,Documents,documents file manager docs,7,82,233,1,7.00
utilitaires,Documents,الشير,7,61,247,105,0.78
utilitaires,Documents,offline pro files music,7,,225,83,0.82
utilitaires,Documents,faceboook,6,95,249,177,0.61
utilitaires,Documents,readle,6,79,249,2,2.75
utilitaires,Documents,file explorer,6,84,245,5,1.61
utilitaires,Documents,documen,6,,225,1,6.00
utilitaires,Documents,z archiver,6,44,250,166,0.62
utilitaires,Documents,file browser,6,80,231,6,1.48
utilitaires,Documents,ftp manager,6,70,248,80,0.71
utilitaires,Documents,gogle drive,6,94,248,86,0.70
utilitaires,Documents,imobile,6,100,239,24,0.94
utilitaires,Documents,d manager,6,50,246,11,1.18
utilitaires,Documents,filebrowser,6,81,231,8,1.32
utilitaires,Documents,fil,6,84,249,3,2.09
utilitaires,Documents,document pdf,6,90,248,9,1.27
utilitaires,Documents,a i,6,89,245,245,0.58
utilitaires,Documents,descomprimir rar,6,47,249,31,0.88
utilitaires,Documents,ve,5,93,222,67,0.61
utilitaires,Documents,yuotube,5,89,204,100,0.57
utilitaires,Documents,documents 6,5,,246,1,5.00
utilitaires,Documents,ducument,5,,228,1,5.00
utilitaires,Documents,file downloader,5,63,205,5,1.34
utilitaires,Documents,icloud drive for ipad,5,97,236,151,0.52
utilitaires,Documents,document app,5,92,248,1,5.00
utilitaires,Documents,documents music,5,,248,1,5.00
utilitaires,Documents,google drive for ipad,5,96,226,99,0.57
utilitaires,Documents,unzip app,5,,218,38,0.70
utilitaires,Documents,open zip files,5,63,246,6,1.24
utilitaires,Documents,un zip,5,44,250,8,1.10
utilitaires,Documents,vlc for ipad,5,60,204,65,0.62
utilitaires,Documents,vlc for ios,5,69,223,14,0.91
utilitaires,Documents,km player,5,86,230,8,1.10
utilitaires,Documents,vlc mobile,5,,205,29,0.74
utilitaires,Documents,good player,5,,234,224,0.49
utilitaires,Documents,ogg player,5,51,201,88,0.58
utilitaires,Documents,vlc for iphone,5,53,204,27,0.76
utilitaires,Documents,dj turntable,5,,177,106,0.56
utilitaires,Documents,file converter free,5,64,240,3,1.74
utilitaires,Documents,face it,5,86,221,93,0.57
utilitaires,Documents,private browser downloader,5,73,245,12,0.96
utilitaires,Documents,google docs free,5,91,200,20,0.82
utilitaires,Documents,dede,5,,231,190,0.50
utilitaires,Documents,download movies,5,95,198,67,0.61
utilitaires,Documents,音 楽,5,40,246,127,0.54
utilitaires,Documents,apk file,5,64,247,5,1.34
utilitaires,Documents,apk download,5,100,174,4,1.49
utilitaires,Documents,files by google,5,91,244,13,0.93
utilitaires,Documents,file manager for iphone,5,63,247,2,2.29
utilitaires,Documents,free file manager,5,,246,9,1.06
utilitaires,Documents,加 速 器,5,91,225,34,0.71
utilitaires,Documents,browser and file manager,5,74,233,141,0.53
utilitaires,Documents,browser and documents manager,5,65,249,103,0.56
utilitaires,Documents,free downloader for iphone,5,40,243,13,0.93
utilitaires,Documents,google drive download,5,92,243,224,0.49
utilitaires,Documents,itunes player,5,61,196,32,0.73
utilitaires,Documents,the document converter,5,92,248,3,1.74
utilitaires,Documents,qwe,5,65,40,8,1.10
utilitaires,Documents,my file organizer,5,,247,6,1.24
utilitaires,Documents,dowloader,5,54,246,15,0.89
utilitaires,Documents,rent manager download,5,69,7,1,5.00
utilitaires,Documents,rent manager 12 download,5,49,7,1,5.00
utilitaires,Documents,doc reader,5,98,249,228,0.49
utilitaires,Documents,format ebook,5,49,237,72,0.60
utilitaires,Documents,putlocker,5,84,229,180,0.51
utilitaires,Documents,oc1,5,86,205,91,0.58
utilitaires,Documents,hd vlc,5,86,238,225,0.49
utilitaires,Documents,ebook manager,5,49,249,249,0.48
utilitaires,Documents,my documents,5,94,248,1,5.00
utilitaires,Documents,document converter,5,72,249,2,2.29
utilitaires,Documents,doc converter,5,97,244,11,0.98
utilitaires,Documents,scanner pdf free,5,,241,70,0.61
utilitaires,Documents,private browser with adblock,5,86,244,12,0.96
utilitaires,Documents,film manager,5,69,232,1,5.00
utilitaires,Documents,videos erstellen,5,96,249,106,0.56
utilitaires,Documents,movie player 3,5,,182,38,0.70
utilitaires,Documents,file manager app,5,,239,2,2.29
utilitaires,Documents,file saver,5,79,249,4,1.49
utilitaires,Documents,dateimanager,5,95,243,5,1.34
utilitaires,Documents,file viewer,5,81,246,3,1.74
utilitaires,Documents,lnat,5,,192,116,0.55
utilitaires,Documents,filed,5,97,246,3,1.74
utilitaires,Documents,file manager pro,5,,232,10,1.02
utilitaires,Documents,music documentaries,5,44,245,232,0.49
utilitaires,Documents,documentary,5,95,246,2,2.29
utilitaires,Documents,doc fill,5,43,238,140,0.53
utilitaires,Documents,document viewer,5,95,245,3,1.74
utilitaires,Documents,erstellen,5,87,247,106,0.56
utilitaires,Documents,document editor free,5,,247,19,0.83
utilitaires,Documents,templates for google docs,5,88,241,109,0.56
utilitaires,Documents,file reader,5,98,245,1,5.00
utilitaires,Documents,edit pdf documents,5,97,247,30,0.74
utilitaires,Documents,zip file reader,5,,249,6,1.24
utilitaires,Documents,google now launcher,5,89,196,180,0.51
utilitaires,Documents,動画保存,5,78,107,10,1.02
utilitaires,Documents,escáner de documentos,5,78,236,33,0.72
utilitaires,Documents,動画再生,5,68,103,6,1.24
utilitaires,Documents,escáner de documentos gratis,5,,246,40,0.69
utilitaires,Documents,document manager,5,97,245,1,5.00
utilitaires,Documents,editor de youtube,5,57,245,205,0.50
utilitaires,Documents,動画ダウンロード,5,17,60,19,0.83
utilitaires,Documents,explorer file manager,5,71,222,114,0.55
utilitaires,Documents,zip reader,5,63,250,7,1.16
utilitaires,Documents,tools box,5,25,226,159,0.52
utilitaires,Documents,document scanner free app,5,,244,159,0.52
utilitaires,Documents,booking manager,5,64,234,110,0.56
utilitaires,Documents,my links,5,61,241,181,0.51
utilitaires,Documents,id scanner free,5,,241,163,0.52
utilitaires,Documents,documents scanner app,5,,239,5,1.34
utilitaires,Documents,текстовый редактор,5,90,78,35,0.71
utilitaires,Documents,document scanner pro,5,,238,184,0.51
utilitaires,Documents,webview,5,79,225,90,0.58
utilitaires,Documents,documents viewer,5,89,224,8,1.10
utilitaires,Documents,videos con fotos y musica,5,76,248,228,0.49
utilitaires,Documents,privnote,5,,218,174,0.51
utilitaires,Documents,usb disk,5,,198,40,0.69
utilitaires,Documents,和音,5,46,237,201,0.50
utilitaires,Documents,3dスキャン,5,59,248,210,0.50
utilitaires,Documents,dokumente,5,95,245,3,1.74
utilitaires,Documents,my tube,5,80,233,203,0.50
utilitaires,Documents,file management,5,67,240,2,2.29
utilitaires,Documents,swf,5,82,230,20,0.82
utilitaires,Documents,8k,5,71,244,125,0.54
utilitaires,Documents,transmission,5,56,246,240,0.48
utilitaires,Documents,ebook download,5,98,243,182,0.51
utilitaires,Documents,free movie editor,5,,239,220,0.49
utilitaires,Documents,one by one,5,65,238,132,0.54
utilitaires,Documents,视频播放器,5,80,246,210,0.50
utilitaires,Documents,应用管理,5,77,228,1,5.00
utilitaires,Documents,iread,5,,191,128,0.54
utilitaires,Documents,pdf creator & editor pro,5,,238,7,1.16
utilitaires,Documents,file sync,5,65,245,32,0.73
utilitaires,Documents,フォルダ,5,43,47,11,0.98
utilitaires,Documents,任务管理器,5,66,239,47,0.66
utilitaires,Documents,file expert,5,40,234,29,0.74
utilitaires,Documents,pdf manager,5,96,250,15,0.89
utilitaires,Documents,ac3,5,89,213,132,0.54
utilitaires,Documents,視力,5,33,243,110,0.56
utilitaires,Documents,cx file explorer,5,68,247,24,0.78
utilitaires,Documents,advanced download manager,5,,234,6,1.24
utilitaires,Documents,doc viewer,5,96,241,7,1.16
utilitaires,Documents,media manager,5,76,243,5,1.34
utilitaires,Documents,文件管理,5,80,248,3,1.74
utilitaires,Documents,文本编辑,5,98,245,144,0.53
utilitaires,Documents,文件传输,5,71,209,9,1.06
utilitaires,Documents,garage music,5,84,238,170,0.51
utilitaires,Documents,aoc,5,,214,84,0.59
utilitaires,Documents,cd ripper,5,,219,12,0.96
utilitaires,Documents,google drive downloader,5,87,193,91,0.58
utilitaires,Documents,media browser,5,,213,91,0.58
utilitaires,Documents,video files,5,98,244,67,0.61
utilitaires,Documents,reading a z,5,85,242,235,0.49
utilitaires,Documents,web tool,5,61,213,65,0.62
utilitaires,Documents,tres,5,96,248,228,0.49
utilitaires,Documents,save files,5,97,246,16,0.87
utilitaires,Documents,pornhub,5,75,248,247,0.48
utilitaires,Documents,ftpmanager,5,78,171,6,1.24
utilitaires,Documents,free image converter,5,,246,142,0.53
utilitaires,Documents,my movies free,5,95,211,186,0.51
utilitaires,Documents,spazio icloud,5,98,236,207,0.50
utilitaires,Documents,документ,5,93,238,3,1.74
utilitaires,Documents,documents zip,5,57,242,19,0.83
utilitaires,Documents,reproductor de vídeo,5,,219,11,0.98
utilitaires,Documents,twitter 動画保存,5,,171,15,0.89
utilitaires,Documents,all file reader,5,58,249,3,1.74
utilitaires,Documents,document organizer,5,98,248,4,1.49
utilitaires,Documents,gestionnaires,5,40,234,178,0.51
utilitaires,Documents,document management system,5,45,250,147,0.53
utilitaires,Documents,read for me,5,,241,90,0.58
utilitaires,Documents,apps organizer,5,,230,86,0.58
utilitaires,Documents,document expiry,5,53,250,150,0.52
utilitaires,Documents,zip viewer unzip and archive,5,,205,43,0.68
utilitaires,Documents,文件管理器,5,70,243,4,1.49
utilitaires,Documents,movie editing app,5,86,227,123,0.54
utilitaires,Documents,folder organizer,5,71,249,5,1.34
utilitaires,Documents,zip file extractor,5,79,246,4,1.49
utilitaires,Documents,band organizer,5,65,223,165,0.52
utilitaires,Documents,documents pdf,5,94,247,5,1.34
utilitaires,Documents,myra,5,100,236,33,0.72
utilitaires,Documents,downloader manager,5,82,116,5,1.34
utilitaires,Documents,m&s,5,,235,169,0.51
utilitaires,Documents,dmg,5,55,170,8,1.10
utilitaires,Documents,siti,5,93,250,171,0.51
utilitaires,Documents,file server,5,45,248,12,0.96
utilitaires,Documents,dokumenter,5,95,248,1,5.00
utilitaires,Documents,xplorer,5,71,211,164,0.52
utilitaires,Documents,all documents,5,87,248,23,0.79
utilitaires,Documents,fast player video player,5,,120,38,0.70
utilitaires,Documents,pdf editor pdf book reader,5,,218,25,0.77
utilitaires,Documents,my file manager,5,42,245,82,0.59
utilitaires,Documents,unzip zip file opener,5,45,247,203,0.50
utilitaires,Documents,file vault,5,81,248,243,0.48
utilitaires,Documents,all document viewer,5,,250,6,1.24
utilitaires,Documents,free pdf app,5,,245,128,0.54
utilitaires,Documents,be a youtuber,5,70,197,120,0.55
utilitaires,Documents,stick it,5,74,185,54,0.64
utilitaires,Documents,download youtube mp3,5,,182,93,0.57
utilitaires,Documents,dm manager,5,,249,12,0.96
utilitaires,Documents,ipad movie player,5,,228,170,0.51
utilitaires,Documents,c4d,5,74,241,118,0.55
utilitaires,Documents,tubemate,5,84,160,113,0.55
utilitaires,Documents,7-zip,5,,248,8,1.10
utilitaires,Documents,vid u,5,,220,163,0.52
utilitaires,Documents,cloud manager,5,,205,5,1.34
utilitaires,Documents,app uninstaller,5,86,222,79,0.59
utilitaires,Documents,ファイル,5,98,229,2,2.29
utilitaires,Documents,document storage,5,95,249,11,0.98
utilitaires,Documents,video player video player for cloud,5,,189,48,0.66
utilitaires,Documents,google drive ipad,5,88,234,58,0.63
utilitaires,Documents,iphone files app,5,,225,28,0.75
utilitaires,Documents,free clean,5,,246,182,0.51
utilitaires,Documents,管理器,5,76,246,4,1.49
utilitaires,Documents,files and folders,5,48,231,96,0.57
utilitaires,Documents,zip folder,5,79,248,4,1.49
utilitaires,Documents,unzip file,5,49,249,98,0.57
utilitaires,Documents,by,5,100,248,10,1.02
utilitaires,Documents,sizzix,5,,239,209,0.50
utilitaires,Documents,檔 案,5,70,244,136,0.53
utilitaires,Documents,undefined,5,,226,191,0.50
utilitaires,Documents,icloud云盘,5,62,241,101,0.56
utilitaires,Documents,pdf转换器,5,88,230,85,0.58
utilitaires,Documents,music documents,5,87,246,2,2.29
utilitaires,Documents,file converter pdf to word,5,,236,26,0.76
utilitaires,Documents,convertidor de archivos,5,89,250,1,5.00
utilitaires,Documents,url opener,5,,177,3,1.74
utilitaires,Documents,eml converter,5,80,245,25,0.77
utilitaires,Documents,n4,5,,236,186,0.51
utilitaires,Documents,file drive,5,92,240,144,0.53
utilitaires,Documents,pone,5,95,242,206,0.50
utilitaires,Documents,erstellen und,5,98,246,144,0.53
utilitaires,Documents,free and,5,88,250,207,0.50
utilitaires,Documents,erstellen von,5,83,247,81,0.59
utilitaires,Documents,downie,5,71,222,8,1.10
utilitaires,Documents,R6tab,5,84,244,207,0.50
utilitaires,Documents,linode,5,16,221,24,0.78
utilitaires,Documents,nplayer plus,5,,112,40,0.69
utilitaires,Documents,free file converter,5,,241,3,1.74
utilitaires,Documents,convert file,5,82,246,2,2.29
utilitaires,Documents,para transferi,5,89,240,86,0.58
utilitaires,Documents,documents on clipboard,5,83,245,72,0.60
utilitaires,Documents,编辑软件,5,74,239,73,0.60
utilitaires,Documents,آموزش زبان,5,,224,5,1.34
utilitaires,Documents,page player,5,,229,8,1.10
utilitaires,Documents,swiftscan document scanner,5,,212,45,0.67
utilitaires,Documents,文本编辑器text editor,5,94,230,39,0.69
utilitaires,Documents,googme,5,,205,70,0.61
utilitaires,Documents,faasbook,5,98,249,167,0.52
utilitaires,Documents,facepook,5,98,250,170,0.51
utilitaires,Documents,facpbook,5,98,250,150,0.52
utilitaires,Documents,gecebook,5,98,249,139,0.53
utilitaires,Documents,convert documents,5,80,245,17,0.86
utilitaires,Documents,d and d character,5,,244,159,0.52
utilitaires,Documents,convert files,5,79,245,2,2.29
utilitaires,Documents,files photos,5,87,248,3,1.74
utilitaires,Documents,archiviazione,5,71,229,20,0.82
utilitaires,Documents,edit share,5,,209,148,0.53
utilitaires,Documents,reclamefolder,5,48,26,23,0.79
utilitaires,Documents,readdl‪e,5,90,96,1,5.00
utilitaires,Documents,شمارش گر ذکر,5,87,275,49,0.66
utilitaires,Documents,edit word document,5,95,236,110,0.56
utilitaires,Documents,google docs form,5,,214,43,0.68
utilitaires,Documents,watch documentaries,5,78,238,225,0.49
utilitaires,Documents,collect we transfer,5,,221,188,0.50
utilitaires,Documents,deng,5,60,249,143,0.53
utilitaires,Documents,paperglide,5,74,212,4,1.49
utilitaires,Documents,media management,5,53,204,73,0.60
utilitaires,Documents,viewer best,5,,149,133,0.54
utilitaires,Documents,browse media,5,92,49,8,1.10
utilitaires,Documents,office tools,5,,187,63,0.62
utilitaires,Documents,b&,5,88,228,160,0.52
utilitaires,Documents,umwandeln,5,42,249,15,0.89
utilitaires,Documents,pdf dokumenten,5,40,250,126,0.54
utilitaires,Documents,pdf dokumente,5,93,250,58,0.63
utilitaires,Documents,converta pdf,5,42,248,198,0.50
utilitaires,Documents,share documents,5,98,247,2,2.29
utilitaires,Documents,documents file manager,5,73,243,1,5.00
utilitaires,Documents,convert movie,5,22,240,96,0.57
utilitaires,Documents,us opem,5,63,249,175,0.51
utilitaires,Documents,my converter ap,5,40,244,200,0.50
utilitaires,Documents,movie file,5,92,250,7,1.16
utilitaires,Documents,playable,5,82,206,44,0.67
utilitaires,Documents,torrents,5,66,248,28,0.75
utilitaires,Documents,torrentz,5,66,216,102,0.56
utilitaires,Documents,offline files browser docs,5,40,247,226,0.49
utilitaires,Documents,google chrome for iphone,5,,221,210,0.50
utilitaires,Documents,暗号,5,77,245,40,0.69
utilitaires,Documents,pdf converter best app,5,82,245,95,0.57
utilitaires,Documents,onedrive music,5,96,103,36,0.70
utilitaires,Documents,offline audiobook,5,90,238,94,0.57
utilitaires,Documents,googd,5,92,244,232,0.49
utilitaires,Documents,read pd,5,73,192,39,0.69
utilitaires,Documents,đo km,5,59,142,99,0.57
utilitaires,Documents,app thể dục,5,95,245,3,1.74
utilitaires,Documents,видеоблог,5,88,243,209,0.50
utilitaires,Documents,video+music,5,92,231,72,0.60
utilitaires,Documents,edit one tap,5,80,207,61,0.63
utilitaires,Documents,editing one tap,5,86,242,90,0.58
utilitaires,Documents,one tap edit,5,88,238,182,0.51
utilitaires,Documents,documents file,5,,240,1,5.00
utilitaires,Documents,files documents,5,89,245,1,5.00
utilitaires,Documents,read pdf file app,5,40,245,197,0.50
utilitaires,Documents,trình nhắc,5,48,240,174,0.51
utilitaires,Documents,jows,5,86,239,201,0.50
utilitaires,Documents,djin,5,94,240,213,0.49
utilitaires,Documents,folderz,5,97,238,23,0.79
utilitaires,Documents,file recover,5,73,250,94,0.57
utilitaires,Documents,image converter free,5,80,245,173,0.51
utilitaires,Documents,goglr,5,,246,95,0.57
utilitaires,Documents,five three one,5,,239,109,0.56
utilitaires,Documents,gestire libri,5,45,2,2,2.29
utilitaires,Documents,fare foto,5,86,245,226,0.49
utilitaires,Documents,office browser,5,84,58,13,0.93
utilitaires,Documents,vpn-total mobile,5,90,84,49,0.66
utilitaires,Documents,manage files,5,78,237,5,1.34
utilitaires,Documents,files browser,5,46,232,79,0.59
utilitaires,Documents,app editor free,5,,244,184,0.51
utilitaires,Documents,梯子,5,95,249,159,0.52
utilitaires,Documents,hamrah,5,98,126,68,0.61
utilitaires,Documents,music browser,5,70,247,12,0.96
utilitaires,Documents,sharekaro,5,56,230,39,0.69
utilitaires,Documents,terabyte,5,56,71,20,0.82
utilitaires,Documents,document browser,5,92,248,3,1.74
utilitaires,Documents,managen,5,74,238,159,0.52
utilitaires,Documents,file tools,5,75,246,49,0.66
utilitaires,Documents,all documents in hand,5,87,248,4,1.49
utilitaires,Documents,file managers,5,74,228,1,5.00
utilitaires,Documents,documents player,5,79,249,2,2.29
utilitaires,Documents,file recovery apps for android,5,71,227,4,1.49
utilitaires,Documents,nitro gram,5,91,237,104,0.56
utilitaires,Documents,nv documents,5,40,246,100,0.57
utilitaires,Documents,movie javan,5,94,249,14,0.91
utilitaires,Documents,pdffiller edit pdf documents,5,79,248,80,0.59
utilitaires,Documents,صور جوجل,5,,242,91,0.58
utilitaires,Documents,book manage,5,54,237,183,0.51
utilitaires,Documents,다운로더,5,46,203,14,0.91
utilitaires,Documents,다운로드,5,96,197,10,1.02
utilitaires,Documents,jayz,5,92,242,227,0.49
utilitaires,Documents,files offline,5,40,246,24,0.78
utilitaires,Documents,offline file,5,55,247,42,0.68
utilitaires,Documents,free scan documents,5,,242,88,0.58
utilitaires,Documents,young box,5,52,43,15,0.89
utilitaires,Documents,reproductor de,5,81,194,9,1.06
utilitaires,Documents,improved,5,82,233,120,0.55
utilitaires,Documents,browser and document,5,48,248,103,0.56
utilitaires,Documents,tube fill,5,54,246,83,0.59
utilitaires,Documents,file manager documents,5,74,220,10,1.02
utilitaires,Documents,share editor,5,83,239,232,0.49
utilitaires,Documents,offline google,5,,159,112,0.55
utilitaires,Documents,qdownloader,5,86,177,133,0.54
utilitaires,Documents,document layout,5,81,248,216,0.49
utilitaires,Documents,documents converter,5,76,244,2,2.29
utilitaires,Documents,file convertor,5,63,250,3,1.74
utilitaires,Documents,ize,5,54,174,112,0.55
utilitaires,Documents,Numériser documents,5,44,245,186,0.51
utilitaires,Documents,band mate,5,34,76,43,0.68
utilitaires,Documents,music downloader mp3 player,5,,223,205,0.50
utilitaires,Documents,pdf download,5,98,249,182,0.51
utilitaires,Documents,video oynatıcı,5,60,12,1,5.00
utilitaires,Documents,private files,5,75,247,6,1.24
utilitaires,Documents,secret file manager,5,74,227,139,0.53
utilitaires,Documents,telegram download,5,,199,27,0.76
utilitaires,Documents,動画管理,5,78,245,7,1.16
utilitaires,Documents,offline google photos,5,93,242,84,0.59
utilitaires,Documents,offline google drive,5,97,235,114,0.55
utilitaires,Documents,google photos offline,5,93,242,78,0.59
utilitaires,Documents,google drive offline,5,97,233,170,0.51
utilitaires,Documents,google photos downloader,5,98,221,120,0.55
utilitaires,Documents,google pix,5,95,248,142,0.53
utilitaires,Documents,google drive pics,5,97,234,78,0.59
utilitaires,Documents,download onedrive,5,97,240,17,0.86
utilitaires,Documents,google drive upload,5,98,232,79,0.59
utilitaires,Documents,google drive uploader,5,97,234,85,0.58
utilitaires,Documents,google drive videos,5,93,239,215,0.49
utilitaires,Documents,read organizer,5,89,245,20,0.82
utilitaires,Documents,file compression,5,68,250,4,1.49
utilitaires,Documents,libreoffice document viewer,5,83,237,172,0.51
utilitaires,Documents,ipad view,5,53,219,108,0.56
utilitaires,Documents,save file,5,86,243,13,0.93
utilitaires,Documents,dm tools,5,65,222,30,0.74
utilitaires,Documents,d manager idm,5,,250,30,0.74
utilitaires,Documents,gogles,5,,246,177,0.51
utilitaires,Documents,file edit,5,79,244,4,1.49
utilitaires,Documents,music exploration,5,85,216,186,0.51
utilitaires,Documents,media conversion,5,41,218,66,0.62
utilitaires,Documents,yhor,5,87,227,116,0.55
utilitaires,Documents,google drive slide show,5,94,232,177,0.51
utilitaires,Documents,document summary,5,82,244,69,0.61
utilitaires,Documents,photos google drive,5,97,234,119,0.55
utilitaires,Documents,paste manager,5,54,241,127,0.54
utilitaires,Documents,link manager,5,53,250,143,0.53
utilitaires,Documents,baixar musicas e videos,5,63,239,180,0.51
utilitaires,Documents,file manager: documents,5,69,222,5,1.34
utilitaires,Documents,r download,5,97,213,44,0.67
utilitaires,Documents,digital document,5,47,247,55,0.64
utilitaires,Documents,band mates,5,40,213,186,0.51
utilitaires,Documents,browser and document manager,5,85,223,15,0.89
utilitaires,Documents,phone file,5,42,235,60,0.63
utilitaires,Documents,file free,5,95,243,17,0.86
utilitaires,Documents,free de,5,86,248,210,0.50
utilitaires,Documents,gratis de,5,79,248,109,0.56
utilitaires,Documents,ids,5,94,248,8,1.10
utilitaires,Documents,SMB manager,5,88,239,5,1.34
utilitaires,Documents,et de,5,81,246,204,0.50
utilitaires,Documents,ऐप,5,79,238,54,0.64
utilitaires,Documents,toch,5,,234,92,0.58
utilitaires,Documents,offline search,5,62,167,71,0.61
utilitaires,Documents,管理手机文件,5,72,238,4,1.49
utilitaires,Documents,1 yo,5,48,223,87,0.58
utilitaires,Documents,حمل وولادة,5,43,249,107,0.56
utilitaires,Documents,管 理,5,46,249,67,0.61
utilitaires,Documents,برنامج حمل,5,67,250,236,0.49
utilitaires,Documents,s3 files,5,75,244,3,1.74
utilitaires,Documents,file brwoser,5,71,212,50,0.65
utilitaires,Documents,photos viewer,5,94,244,2,2.29
utilitaires,Documents,BAU5,5,68,238,207,0.50
utilitaires,Documents,恒星,5,64,219,29,0.74
utilitaires,Documents,book download,5,92,217,42,0.68
utilitaires,Documents,documents expire,5,45,247,130,0.54
utilitaires,Documents,photos for picasa,5,92,230,9,1.06
utilitaires,Documents,transfer documents,5,40,239,9,1.06
utilitaires,Documents,raw file,5,44,245,11,0.98
utilitaires,Documents,documents tracker,5,74,249,6,1.24
utilitaires,Documents,photos à la télé,5,98,248,226,0.49
utilitaires,Documents,비디오 플레이어,5,90,213,6,1.24
utilitaires,Documents,explor music,5,40,220,64,0.62
utilitaires,Documents,transmision web,5,88,16,1,5.00
utilitaires,Documents,Address Book & Contact Manager,5,63,206,95,0.57
utilitaires,Documents,r downlod,5,96,244,23,0.79
utilitaires,Documents,Impro,5,93,208,38,0.70
utilitaires,Documents,document holder,5,74,246,1,5.00
utilitaires,Documents,descargador vídeo,5,43,227,171,0.51
utilitaires,Documents,تحميل فيديو,5,,229,208,0.50
utilitaires,Documents,convert document,5,54,242,53,0.64
utilitaires,Documents,upload file,5,95,239,10,1.02
utilitaires,Documents,upload files,5,96,247,8,1.10
utilitaires,Documents,json convert,5,43,247,19,0.83
utilitaires,Documents,ppr,5,67,194,79,0.59
utilitaires,Documents,doco,5,98,247,3,1.74
utilitaires,Documents,Compress Photos,5,69,241,237,0.49
utilitaires,Documents,1win приложение,5,87,248,113,0.55
utilitaires,Documents,1win pro,5,87,243,238,0.48
utilitaires,Documents,inti,5,,191,157,0.52
utilitaires,Documents,offline movie,5,,221,131,0.54
utilitaires,Documents,PDF Document Scanner -Doc Cam editr,5,78,246,121,0.55
utilitaires,Documents,3 di fila,5,93,244,180,0.51
utilitaires,Documents,播放软件,5,47,209,24,0.78
utilitaires,Documents,extract files,5,,248,5,1.34
utilitaires,Documents,1win editing app,5,65,66,9,1.06
utilitaires,Documents,office word:edit word document,5,,218,24,0.78
utilitaires,Documents,ادراة الملفات,5,47,203,19,0.83
utilitaires,Documents,ppsx,5,91,221,182,0.51
utilitaires,Documents,open links,5,79,222,83,0.59
utilitaires,Documents,vid box,5,,234,43,0.68
utilitaires,Documents,t1dm,5,89,26,3,1.74
utilitaires,Documents,orignotes,5,,188,15,0.89
utilitaires,Documents,music storage,5,77,118,6,1.24
utilitaires,Documents,documentation tool,5,40,247,66,0.62
utilitaires,Documents,documentation of,5,65,241,99,0.57
utilitaires,Documents,files download manager,5,73,195,166,0.52
utilitaires,Documents,文件清理,5,96,248,124,0.54
utilitaires,Documents,icloud照片,5,97,243,142,0.53
utilitaires,Documents,手机文件管理,5,71,240,3,1.74
utilitaires,Documents,文件夹管理,5,54,242,13,0.93
utilitaires,Documents,文件隐藏,5,40,237,20,0.82
utilitaires,Documents,压缩文件,5,56,232,19,0.83
utilitaires,Documents,小米手机助手,5,56,245,130,0.54
utilitaires,Documents,爱思加强版,5,60,250,73,0.60
utilitaires,Documents,免费软件,5,91,248,28,0.75
utilitaires,Documents,zz加速器,5,74,238,87,0.58
utilitaires,Documents,dd加速器,5,46,238,90,0.58
utilitaires,Documents,pp助手,5,66,245,7,1.16
utilitaires,Documents,苹果文件管理,5,71,239,4,1.49
utilitaires,Documents,七号加速器,5,49,222,155,0.52
utilitaires,Documents,文件助手,5,71,249,3,1.74
utilitaires,Documents,diudiu加速器,5,45,224,111,0.55
utilitaires,Documents,王者加速器,5,43,238,68,0.61
utilitaires,Documents,qq手机助手,5,54,226,172,0.51
utilitaires,Documents,飞速加速器,5,40,223,140,0.53
utilitaires,Documents,我的文件,5,92,245,2,2.29
utilitaires,Documents,99手游加速器,5,42,234,53,0.64
utilitaires,Documents,p p助手,5,52,247,174,0.51
utilitaires,Documents,风驰,5,94,204,92,0.58
utilitaires,Documents,章鱼加速器,5,47,225,136,0.53
utilitaires,Documents,管理助手,5,46,243,22,0.80
utilitaires,Documents,叉叉助手,5,45,204,159,0.52
utilitaires,Documents,爱斯助手,5,70,228,66,0.62
utilitaires,Documents,传输助手,5,70,192,6,1.24
utilitaires,Documents,韩服地下城,5,53,245,173,0.51
utilitaires,Documents,爱死助手,5,68,233,148,0.53
utilitaires,Documents,application de fichiers,5,58,227,85,0.58
utilitaires,Documents,arquivo,5,,238,5,1.34
utilitaires,Documents,offline convert,5,44,244,186,0.51
utilitaires,Documents,file to,5,77,236,17,0.86
utilitaires,Documents,file to media,5,85,244,211,0.49
utilitaires,Documents,simpleumsafe,5,17,225,4,1.49
utilitaires,Documents,scale photo,5,79,203,203,0.50
utilitaires,Documents,170m documents,5,88,249,10,1.02
utilitaires,Documents,scribd 170m,5,8,210,6,1.24
utilitaires,Documents,doc file,5,85,242,3,1.74
utilitaires,Documents,reader document,5,40,237,74,0.60
utilitaires,Documents,音乐的,5,71,238,160,0.52
utilitaires,Documents,音乐课,5,74,244,71,0.61
utilitaires,Documents,c.báo,5,85,249,223,0.49
utilitaires,Documents,saver share,5,,202,87,0.58
utilitaires,Documents,best products,5,79,227,206,0.50
utilitaires,Documents,documents for ios9,5,40,245,13,0.93
utilitaires,Documents,docusign upload,5,96,250,157,0.52
utilitaires,Documents,image exploration,5,61,244,202,0.50
utilitaires,Documents,Datebook,5,74,239,158,0.52
utilitaires,Documents,filesave,5,96,242,4,1.49
utilitaires,Documents,google le,5,84,222,139,0.53
utilitaires,Documents,브이피엔,5,92,243,162,0.52
utilitaires,Documents,doc manager,5,90,227,1,5.00
utilitaires,Documents,​​microsoft,5,69,205,87,0.58
utilitaires,Documents,VPN Keepеr,5,79,34,12,0.96
utilitaires,Documents,ook,5,100,213,161,0.52
utilitaires,Documents,movi3e,5,98,243,139,0.53
utilitaires,Documents,mobitrans,5,68,213,49,0.66
utilitaires,Documents,scanner pro scan pdf documents,5,,215,27,0.76
utilitaires,Documents,هوت سبوت شيلد,5,91,244,75,0.60
utilitaires,Documents,manage book,5,76,240,40,0.69
utilitaires,Documents,manage reading,5,42,247,91,0.58
utilitaires,Documents,Drive Manager,5,52,249,223,0.49
utilitaires,Documents,important documents,5,94,249,1,5.00
utilitaires,Documents,Books Downloader,5,83,238,219,0.49
utilitaires,Documents,Touch PRO,5,79,231,140,0.53
utilitaires,Documents,sleep over games,5,96,240,141,0.53
utilitaires,Documents,maxvault,5,70,28,16,0.87
utilitaires,Documents,files videos,5,45,234,109,0.56
utilitaires,Documents,vpn business,5,81,212,14,0.91
utilitaires,Documents,zip converter,5,47,250,15,0.89
utilitaires,Documents,media editing,5,54,222,152,0.52
utilitaires,Documents,Archive Manager,5,49,241,37,0.70
utilitaires,Documents,ﻣﺟﺎﻧﻲ VPN,5,73,245,202,0.50
utilitaires,Documents,RAR  Zip  7Z File Extractor,5,38,103,14,0.91
utilitaires,Documents,opus media player,5,,26,5,1.34
utilitaires,Documents,document converte,5,85,245,73,0.60
utilitaires,Documents,document converterr,5,40,245,35,0.71
utilitaires,Documents,one tool,5,60,231,161,0.52
utilitaires,Documents,مدیریت,5,67,73,2,2.29
utilitaires,Documents,Watchie,5,91,239,123,0.54
utilitaires,Documents,office management,5,57,241,54,0.64
utilitaires,Documents,Fill Ups,5,50,225,185,0.51
utilitaires,Documents,3d store,5,74,233,216,0.49
utilitaires,Documents,file music,5,59,248,234,0.49
utilitaires,Documents,ios file,5,75,244,23,0.79
utilitaires,Documents,free word to pdf,5,,245,214,0.49
utilitaires,Documents,dova,5,91,190,2,2.29
utilitaires,Documents,7z extractor,5,47,248,230,0.49
utilitaires,Documents,udown,5,41,28,23,0.79
utilitaires,Documents,big file,5,76,240,186,0.51
utilitaires,Documents,file finder,5,69,248,3,1.74
utilitaires,Documents,share media,5,96,171,42,0.68
utilitaires,Documents,share doc,5,80,243,82,0.59
utilitaires,Documents,google docs resume,5,,229,16,0.87
utilitaires,Documents,Explore you,5,94,229,185,0.51
utilitaires,Documents,pdf expert editor and reader,5,,219,11,0.98
utilitaires,Documents,manage docs,5,74,236,4,1.49
utilitaires,Documents,offline survival manual,5,,224,195,0.50
utilitaires,Documents,Camera document organizer,5,58,245,106,0.56
utilitaires,Documents,5un5et,5,90,145,29,0.74
utilitaires,Documents,band up,5,86,247,205,0.50
utilitaires,Documents,the es,5,100,248,6,1.24
utilitaires,Documents,offline web,5,,244,194,0.50
utilitaires,Documents,document sharing,5,95,250,7,1.16
utilitaires,Documents,my mate,5,91,240,185,0.51
utilitaires,Documents,MP4変換,5,56,247,196,0.50
utilitaires,Documents,hub video downloader,5,64,50,9,1.06
utilitaires,Documents,documents and convert,5,91,246,3,1.74
utilitaires,Documents,offline pro,5,,243,207,0.50
utilitaires,Documents,winrar free,5,63,250,22,0.80
utilitaires,Documents,Document widget,5,85,250,107,0.56
utilitaires,Documents,movie compress,5,44,248,111,0.55
utilitaires,Documents,閱讀,5,56,246,148,0.53
utilitaires,Documents,file format,5,67,249,3,1.74
utilitaires,Documents,box management,5,50,235,67,0.61
utilitaires,Documents,google docs and drive,5,95,196,4,1.49
utilitaires,Documents,Image Converter & Photo to PDF,5,66,246,50,0.65
utilitaires,Documents,phone mate,5,86,248,228,0.49
utilitaires,Documents,pdf archive,5,68,250,56,0.64
utilitaires,Documents,offline media player,5,27,118,62,0.62
utilitaires,Documents,transformation video,5,64,241,201,0.50
utilitaires,Documents,boi lines,5,49,26,5,1.34
utilitaires,Documents,foxify,5,91,42,7,1.16
utilitaires,Documents,save documents,5,97,248,2,2.29
utilitaires,Documents,rutn,5,38,235,207,0.50
utilitaires,Documents,file c,5,82,245,14,0.91
utilitaires,Documents,Fast Player - video player,5,69,125,19,0.83
utilitaires,Documents,открыть файл,5,,233,3,1.74
utilitaires,Documents,Zip&Rar - Extract Your Files,5,66,92,3,1.74
utilitaires,Documents,you porn,5,76,213,188,0.50
utilitaires,Documents,lock your documents,5,60,247,28,0.75
utilitaires,Documents,file rename,5,78,248,8,1.10
utilitaires,Documents,id’d photo,5,68,246,134,0.54
utilitaires,Documents,jpg to pdf camera scanner,5,64,233,88,0.58
utilitaires,Documents,jpg to pdf: camera scanner,5,84,225,62,0.62
utilitaires,Documents,jpg to pdf & camera scanner,5,66,228,30,0.74
utilitaires,Documents,da ly,5,95,245,174,0.51
utilitaires,Documents,verbatik,5,46,15,2,2.29
utilitaires,Documents,p-link,5,73,230,226,0.49
utilitaires,Documents,hub downloader,5,88,138,17,0.86
utilitaires,Documents,archive opener,5,28,244,54,0.64
utilitaires,Documents,flanger,5,55,178,123,0.54
utilitaires,Documents,konvert,5,59,234,196,0.50
utilitaires,Documents,4b,5,54,243,185,0.51
utilitaires,Documents,ebook conversion,5,87,217,16,0.87
utilitaires,Documents,軟件,5,85,238,9,1.06
utilitaires,Documents,adfree youtube,5,80,202,172,0.51
utilitaires,Documents,vozi,5,60,221,184,0.51
utilitaires,Documents,fozo,5,76,238,153,0.52
utilitaires,Documents,4-d,5,47,241,163,0.52
utilitaires,Documents,a.d.,5,64,246,229,0.49
utilitaires,Documents,a.m.,5,91,247,73,0.60
utilitaires,Documents,a.r.,5,82,241,52,0.65
utilitaires,Documents,a.u.,5,93,245,123,0.54
utilitaires,Documents,fails,5,72,238,7,1.16
utilitaires,Documents,document tools,5,94,246,8,1.10
utilitaires,Documents,document organiser,5,85,246,14,0.91
utilitaires,Documents,share document,5,83,249,2,2.29
utilitaires,Documents,convert to w,5,56,237,50,0.65
utilitaires,Documents,docify,5,92,212,5,1.34
utilitaires,Documents,mura,5,35,187,121,0.55
utilitaires,Documents,file format converter,5,94,248,3,1.74
utilitaires,Documents,dvd to mp4,5,,4,3,1.74
utilitaires,Documents,file convert,5,83,246,3,1.74
utilitaires,Documents,迅捷pdf编辑器,5,73,245,13,0.93
utilitaires,Documents,doc converter app,5,82,245,104,0.56
utilitaires,Documents,tube cleaner,5,94,25,15,0.89
utilitaires,Documents,files converter,5,72,245,3,1.74
utilitaires,Documents,feil,5,71,246,2,2.29
utilitaires,Documents,media tool,5,58,204,54,0.64
utilitaires,Documents,compress media,5,44,245,57,0.63
utilitaires,Documents,descarga vídeos,5,49,226,154,0.52
utilitaires,Documents,paste it,5,56,208,93,0.57
utilitaires,Documents,extend your bookmarks,5,5,228,20,0.82
utilitaires,Documents,document analyzer,5,88,249,244,0.48
utilitaires,Documents,sharepdf,5,71,246,238,0.48
utilitaires,Documents,pdf.io,5,66,249,183,0.51
utilitaires,Documents,go pdf,5,94,245,84,0.59
utilitaires,Documents,format convert,5,55,241,122,0.55
utilitaires,Documents,4tools,5,89,38,3,1.74
utilitaires,Documents,tool hub,5,33,204,70,0.61
utilitaires,Documents,best pdf,5,88,247,134,0.54
utilitaires,Documents,m views,5,87,234,168,0.51
utilitaires,Documents,o5,5,49,245,231,0.49
utilitaires,Documents,tap and,5,52,231,222,0.49
utilitaires,Documents,mr mix,5,95,239,32,0.73
utilitaires,Documents,jepeg,5,82,240,211,0.49
utilitaires,Documents,expolore,5,65,218,24,0.78
utilitaires,Documents,geb,5,52,207,159,0.52
utilitaires,Documents,организатор,5,47,239,46,0.67
utilitaires,Documents,documnt,5,90,240,1,5.00
utilitaires,Documents,best of you,5,61,231,184,0.51
utilitaires,Documents,he-l,5,31,238,214,0.49
utilitaires,Documents,回答,5,47,221,31,0.73
utilitaires,Documents,生產力,5,76,250,236,0.49
utilitaires,Documents,quản lý chi tiêu,5,46,239,221,0.49
utilitaires,Documents,icloud organizer,5,98,237,94,0.57
utilitaires,Documents,mp3 organizer,5,52,234,77,0.60
utilitaires,Documents,離線音樂播放器,5,72,199,2,2.29
utilitaires,Documents,change file,5,74,226,139,0.53
utilitaires,Documents,mediaio,5,76,203,30,0.74
utilitaires,Documents,free transfer,5,86,218,9,1.06
utilitaires,Documents,vun,5,71,219,34,0.71
utilitaires,Documents,germany stories,5,,51,30,0.74
utilitaires,Documents,documentor,5,91,248,4,1.49
utilitaires,Documents,extracter,5,,230,95,0.57
utilitaires,Documents,whatsapp file,5,87,247,48,0.66
utilitaires,Documents,25k,5,,216,212,0.49
utilitaires,Documents,book exploring,5,85,243,151,0.52
utilitaires,Documents,转换器,5,45,229,14,0.91
utilitaires,Documents,doc maker,5,97,250,6,1.24
utilitaires,Documents,choke,5,52,184,92,0.58
utilitaires,Documents,local explorer,5,91,237,225,0.49
utilitaires,Documents,e-file,5,74,241,2,2.29
utilitaires,Documents,pdf my doc,5,85,247,71,0.61
utilitaires,Documents,document vault,5,72,250,3,1.74
utilitaires,Documents,document archive,5,93,249,64,0.62
utilitaires,Documents,career tools,5,57,203,86,0.58
utilitaires,Documents,file renamer,5,72,247,4,1.49
utilitaires,Documents,book opener,5,31,246,123,0.54
utilitaires,Documents,mac,5,,241,228,0.49
utilitaires,Documents,irae,5,,208,12,0.96
utilitaires,Documents,videos google drive,5,95,238,143,0.53
utilitaires,Documents,videos onedrive,5,98,241,199,0.50
utilitaires,Documents,vpn pro •,5,,222,210,0.50
utilitaires,Documents,rubka,5,,227,5,1.34
utilitaires,Documents,open zip file,5,66,245,108,0.56
utilitaires,Documents,conversor de foto,5,,213,28,0.75
utilitaires,Documents,bô,5,97,243,225,0.49
utilitaires,Documents,google drive camera,5,,226,147,0.53
utilitaires,Documents,movie downloader app | torrent,5,,19,8,1.10
utilitaires,Documents,file archiver,5,48,247,3,1.74
utilitaires,Documents,apps with google drive and one drive,5,,241,71,0.61
utilitaires,Documents,combine documents,5,81,250,12,0.96
utilitaires,Documents,manage pdf,5,45,243,31,0.73
utilitaires,Documents,rearrange documents,5,74,249,4,1.49
utilitaires,Documents,icloud pdf access,5,87,237,216,0.49
utilitaires,Documents,pdf file manager,5,42,236,25,0.77
utilitaires,Documents,my files manager,5,62,225,19,0.83
utilitaires,Documents,إنتاجية,5,75,250,111,0.55
utilitaires,Documents,document fille,5,93,240,1,5.00
utilitaires,Documents,فانوس,5,68,218,88,0.58
utilitaires,Documents,mp3 files,5,53,248,61,0.63
utilitaires,Documents,vpn\,5,,227,200,0.50
utilitaires,Documents,docx summary,5,,231,6,1.24
utilitaires,Documents,four open vpn,5,62,43,11,0.98
utilitaires,Documents,facemark,5,94,225,138,0.53
utilitaires,Documents,app para bandas,5,,249,91,0.58
utilitaires,Documents,mp4 converter app,5,47,238,105,0.56
utilitaires,Documents,pdf scanner app: scan docs,5,,242,77,0.60
utilitaires,Documents,redefined,5,,214,190,0.50
utilitaires,Documents,cstoragex,5,,114,18,0.84
utilitaires,Documents,creative document creator,5,94,249,141,0.53
utilitaires,Documents,iphone movie player,5,,229,23,0.79
utilitaires,Documents,iphone vlc,5,,194,52,0.65
utilitaires,Documents,ipad vlc,5,,234,137,0.53
utilitaires,Documents,play videos on ipad,5,,200,71,0.61
utilitaires,Documents,play vlc,5,,101,41,0.68
utilitaires,Documents,documents with images,5,79,247,4,1.49
utilitaires,Documents,kmpalyer,5,57,221,6,1.24
utilitaires,Documents,all in one player,5,74,239,226,0.49
utilitaires,Documents,file convertre,5,63,250,3,1.74
utilitaires,Documents,file convertr,5,63,250,3,1.74
utilitaires,Documents,pdf converter: scanner & make,5,,235,45,0.67
utilitaires,Documents,image to pdf converter & editor,5,89,234,26,0.76
utilitaires,Documents,image to pdf converter: editor,5,87,230,29,0.74
utilitaires,Documents,document uploader,5,92,250,2,2.29
utilitaires,Documents,pdf files editor & converter.,5,58,247,107,0.56
utilitaires,Documents,photo editor - converter files,5,50,247,246,0.48
utilitaires,Documents,word editor: docs and files,5,90,231,50,0.65
utilitaires,Documents,voc player,5,,223,39,0.69
utilitaires,Documents,offline movies player,5,,82,34,0.71
utilitaires,Documents,iphone photo manager,5,42,233,208,0.50
utilitaires,Documents,usb-c transfer,5,,5,2,2.29
utilitaires,Documents,document locker,5,77,246,159,0.52
utilitaires,Documents,player may,5,,95,39,0.69
utilitaires,Documents,web to app converter,5,,194,128,0.54
utilitaires,Documents,rtf files viewer,5,,193,1,5.00
utilitaires,Documents,document convert,5,54,245,30,0.74
utilitaires,Documents,fadr,5,76,247,243,0.48
utilitaires,Documents,s4 faces,5,87,241,241,0.48
utilitaires,Documents,brand manager,5,,213,108,0.56
utilitaires,Documents,快读,5,,188,27,0.76
utilitaires,Documents,pdf file opener,5,89,250,2,2.29
utilitaires,Documents,pdf reader pro for documents,5,43,244,92,0.58
utilitaires,Documents,pdf reader & viewer,5,45,239,206,0.50
utilitaires,Documents,pro-file,5,,225,11,0.98
utilitaires,Documents,files cleaner,5,95,245,2,2.29
utilitaires,Documents,file office,5,88,225,193,0.50
utilitaires,Documents,secret foulder,5,,178,135,0.54
utilitaires,Documents,what's my ip?,5,,222,173,0.51
utilitaires,Documents,reading manager,5,82,246,16,0.87
utilitaires,Documents,fal bak,5,,219,141,0.53
utilitaires,Documents,digitize my journal,5,,221,20,0.82
utilitaires,Documents,gaba,5,,235,25,0.77
utilitaires,Documents,decrement,5,,239,1,5.00
utilitaires,Documents,editor do word,5,90,240,169,0.51
utilitaires,Documents,documnet converter,5,56,244,165,0.52
utilitaires,Documents,dicati,5,,204,130,0.54
utilitaires,Documents,%D0%B1%D1%80%D0%BE%D1%81%D0%B8%D1%82%D1%8C%20%D0%BA%D1%83%D1%80%D0%B8%D1%82%D1%8C,5,74,249,156,0.52
utilitaires,Documents,%D0%B7%D0%B0%D0%B9%D0%BC%D1%8B%20%D0%BE%D0%BD%D0%BB%D0%B0%D0%B9%D0%BD,5,46,233,114,0.55
utilitaires,Documents,vlc%20media%20player,5,34,223,221,0.49
utilitaires,Documents,the%20scanner%20pdf%20document%D1%95%20a%D1%80%D1%80,5,80,239,63,0.62
utilitaires,Documents,%E5%B7%A8%E9%AD%94%E5%95%86%E5%BA%97,5,83,249,194,0.50
utilitaires,Documents,open%20zip%20files,5,66,218,9,1.06
utilitaires,Documents,%D0%BA%D0%B0%D1%80%D1%82%D0%B0,5,88,249,234,0.49
utilitaires,Documents,%E6%A1%83%E6%BA%90%E6%B7%B1%E5%A4%84%E6%9C%89%E4%BA%BA%E5%AE%B6,5,75,246,80,0.59
utilitaires,Documents,%D8%A8%D8%B1%D9%86%D8%A7%D9%85%D8%AC%20%D8%AD%D8%B3%D8%A7%D8%A8%20%D8%A7%D9%84%D8%AD%D9%85%D9%84,5,98,178,17,0.86
utilitaires,Documents,%E8%BE%93%E5%85%A5%E6%B3%95,5,72,133,47,0.66
utilitaires,Documents,%E6%B5%8F%E8%A7%88%E5%99%A8,5,89,87,11,0.98
utilitaires,Documents,ad%20free%20browser,5,71,223,189,0.50
utilitaires,Documents,files%20de%20google,5,93,239,55,0.64
utilitaires,Documents,html%20editor,5,82,224,13,0.93
utilitaires,Documents,%E5%8A%A0%E9%80%9F,5,48,233,52,0.65
utilitaires,Documents,%D0%B7%D0%B0%D0%BF%D0%B8%D1%81%D1%8C%20%D1%8D%D0%BA%D1%80%D0%B0%D0%BD%D0%B0,5,82,236,45,0.67
utilitaires,Documents,%E7%9B%B8%E6%9C%BA,5,83,249,182,0.51
utilitaires,Documents,%E6%8F%90%E7%A4%BA,5,94,63,20,0.82
utilitaires,Documents,es%20file%20explorer,5,70,94,5,1.34
utilitaires,Documents,pdf%20reader%20free,5,88,239,4,1.49
utilitaires,Documents,file%20manager,5,67,196,3,1.74
utilitaires,Documents,browser%20and%20file%20manager,5,87,179,2,2.29
utilitaires,Documents,edit%20files,5,83,249,62,0.62
utilitaires,Documents,working%20copy,5,87,229,3,1.74
utilitaires,Documents,document%20creator,5,85,233,2,2.29
utilitaires,Documents,%D8%A8%D8%B1%D9%86%D8%A7%D9%85%D8%AC%20%D8%B1%D9%8A%D8%A7%D8%B6%D9%87,5,98,215,64,0.62
utilitaires,Documents,rar%20extractor,5,48,218,7,1.16
utilitaires,Documents,file%20editor,5,90,222,1,5.00
utilitaires,Documents,%D0%BE%D0%B1%D1%80%D0%B0%D0%B1%D0%BE%D1%82%D0%BA%D0%B0%20%D1%84%D0%BE%D1%82%D0%BE,5,40,230,33,0.72
utilitaires,Documents,%D0%B1%D1%80%D0%B0%D1%83%D0%B7%D0%B5%D1%80,5,74,247,50,0.65
utilitaires,Documents,adobe%20spark,5,67,226,7,1.16
utilitaires,Documents,files%20manager,5,75,188,1,5.00
utilitaires,Documents,icloud%20app%20for%20iphone%20free,5,80,229,20,0.82
utilitaires,Documents,merge%20pdf,5,85,228,6,1.24
utilitaires,Documents,%E6%8D%A2%E6%9C%BA%E5%8A%A9%E6%89%8B,5,74,246,1,5.00
utilitaires,Documents,browser%20and%20documents%20manager,5,84,189,1,5.00
utilitaires,Documents,file%20play,5,73,199,1,5.00
utilitaires,Documents,download%20files,5,60,125,2,2.29
utilitaires,Documents,all%20document%20reader,5,89,226,1,5.00
utilitaires,Documents,files%20google,5,92,206,3,1.74
utilitaires,Documents,mobile%20scanner%20pdf%20app,5,81,235,62,0.62
utilitaires,Documents,zip%20extractor,5,63,216,10,1.02
utilitaires,Documents,free%20scanner%20app%20free,5,88,243,158,0.52
utilitaires,Documents,free%20iphone%20scanner,5,93,241,70,0.61
utilitaires,Documents,file%20get,5,65,191,4,1.49
utilitaires,Documents,%D8%A8%D8%B1%D9%86%D8%A7%D9%85%D8%AC%20%D8%B5%D9%88%D8%B1,5,97,147,63,0.62
utilitaires,Documents,%D0%BA%D0%BD%D0%B8%D0%B3%D0%B8%20%D0%B1%D0%B5%D1%81%D0%BF%D0%BB%D0%B0%D1%82%D0%BD%D0%BE,5,,235,93,0.57
utilitaires,Documents,%D0%BA%D0%B0%D0%BA%D0%B0%D1%88%D0%BA%D0%B0,5,74,239,24,0.78
utilitaires,Documents,download%20app,5,90,155,2,2.29
utilitaires,Documents,descargar%20musica%20gratis,5,73,226,29,0.74
utilitaires,Documents,copy%20me%20that%20recipe%20manager,5,40,214,2,2.29
utilitaires,Documents,descargar%20musica%20gratis,5,73,226,29,0.74
utilitaires,Documents,copy%20me%20that%20recipe%20manager,5,40,214,2,2.29
utilitaires,Documents,document%20reader,5,85,236,1,5.00
utilitaires,Documents,documents%20by%20readdle,5,75,203,1,5.00
utilitaires,Documents,stable%20manager,5,70,202,9,1.06
utilitaires,Documents,file%20explorer,5,60,211,1,5.00
utilitaires,Documents,zip%20file%20opener,5,51,210,5,1.34
utilitaires,Documents,file%20browser,5,43,183,4,1.49
utilitaires,Documents,file%20organizer,5,51,201,1,5.00
utilitaires,Documents,internet%20download%20manager,5,82,223,44,0.67
utilitaires,Documents,file%20scanner,5,50,204,1,5.00
utilitaires,Documents,%D0%B7%D0%B4%D0%BE%D1%80%D0%BE%D0%B2%D1%8C%D0%B5,5,91,245,41,0.68
utilitaires,Documents,%D1%80%D0%B5%D0%B4%D0%B0%D0%BA%D1%82%D0%BE%D1%80%20%D1%84%D0%BE%D1%82%D0%BE,5,59,249,135,0.54
utilitaires,Documents,wmv%20player,5,48,209,53,0.64
utilitaires,Documents,%E7%BA%B3%E7%B1%B3,5,73,250,112,0.55
utilitaires,Documents,%E9%80%9A%E8%AE%AF%E5%BD%95%E7%AE%A1%E7%90%86,5,79,240,82,0.59
utilitaires,Documents,free%20pdf%20converter,5,79,238,149,0.53
utilitaires,Documents,pic%20to%20pdf,5,,241,241,0.48
utilitaires,Documents,cloud%20music%20player,5,80,189,117,0.55
utilitaires,Documents,reproductor%20de%20video,5,61,230,25,0.77
utilitaires,Documents,edit%20documents,5,77,222,1,5.00
utilitaires,Documents,google%20one%20drive,5,86,193,188,0.50
utilitaires,Documents,icloud%20app%20for%20ipad,5,83,230,35,0.71
utilitaires,Documents,%D0%B0%D0%BD%D0%B3%D0%BB%D0%B8%D0%B9%D1%81%D0%BA%D0%B8%D0%B9,5,58,234,102,0.56
utilitaires,Documents,%E6%8A%A4%E7%85%A7%E7%85%A7%E7%89%87,5,42,248,166,0.52
utilitaires,Documents,%E6%82%A6%E8%B7%91%E5%9C%88,5,67,128,19,0.83
utilitaires,Documents,photo%20to%20pdf%20%20converter,5,55,240,89,0.58
utilitaires,Documents,document%20scan,5,59,227,1,5.00
utilitaires,Documents,free%20scanner%20apps%20for%20i%20phone,5,71,226,22,0.80
utilitaires,Documents,files%20by%20google,5,84,205,1,5.00
utilitaires,Documents,convert%20pdf%20to%20word,5,86,242,144,0.53
utilitaires,Documents,tor%20browser%20free,5,41,188,110,0.56
utilitaires,Documents,free%20document%20scanner,5,81,250,224,0.49
utilitaires,Documents,google%20drive%20free,5,83,209,66,0.62
utilitaires,Documents,scan%20documents%20free,5,43,247,179,0.51
utilitaires,Documents,my%20file%20manager,5,63,184,5,1.34
utilitaires,Documents,vitalsource%20bookshelf,5,79,209,13,0.93
utilitaires,Documents,%D8%A8%D8%B1%D9%86%D8%A7%D9%85%D8%AC%20pdf,5,68,31,2,2.29
utilitaires,Documents,%D8%B9%D8%A7%D9%84%D8%B3%D8%B1%D9%8A%D8%B9,5,78,250,239,0.48
utilitaires,Documents,xml%20viewer,5,69,217,30,0.74
utilitaires,Documents,free%20music%20downloader%20offline,5,80,211,211,0.49
utilitaires,Documents,%E8%B0%B7%E6%AD%8C%E8%BE%93%E5%85%A5%E6%B3%95,5,87,187,50,0.65
utilitaires,Documents,%E6%81%8B%E4%B8%8E%E5%88%B6%E4%BD%9C%E4%BA%BA,5,85,243,150,0.52
utilitaires,Documents,%D8%A8%D8%B1%D9%86%D8%A7%D9%85%D8%AC%20%D8%B3%D9%83%D9%86%D8%B1,5,98,175,68,0.61
utilitaires,Documents,%E3%83%86%E3%83%AC%E3%83%93%E3%82%AD%E3%83%A3%E3%82%B9%E3%83%88,5,97,91,39,0.69
utilitaires,Documents,%E3%82%A2%E3%83%BC%E3%83%88%E3%82%BB%E3%83%83%E3%83%88,5,49,245,148,0.53
utilitaires,Documents,descargador%20de%20videos,5,44,229,91,0.58
utilitaires,Documents,google%20drive%20download,5,87,175,15,0.89
utilitaires,Documents,free%20word%20document,5,79,244,52,0.65
utilitaires,Documents,%E6%88%90%E4%BA%BA,5,76,121,22,0.80
utilitaires,Documents,document%20scanner,5,40,244,78,0.59
utilitaires,Documents,%D0%BA%D0%B2%D0%B0%D1%80%D1%82%D0%B8%D1%80%D1%8B,5,64,249,127,0.54
utilitaires,Documents,facebook%20ads%20manager,5,66,211,105,0.56
utilitaires,Documents,%E5%9F%BA%E7%A1%80%E5%AD%A6%E4%B9%A0,5,77,239,109,0.56
utilitaires,Documents,%D8%A8%D8%B1%D9%86%D8%A7%D9%85%D8%AC%20%D8%B3%D8%A7%D8%B9%D9%87%20%D8%A7%D8%A8%D9%84,5,98,191,70,0.61
utilitaires,Documents,rizzline,5,,231,55,0.64
utilitaires,Documents,read and explore,5,78,235,49,0.66
utilitaires,Documents,documentscanning,5,81,247,165,0.52
utilitaires,Documents,tubesave,5,,220,196,0.50
utilitaires,Documents,google%20files,5,,198,2,2.29
utilitaires,Documents,document%20scanner%20free,5,55,250,75,0.60
utilitaires,Documents,document%20editor,5,,222,1,5.00
utilitaires,Documents,document%20scanner%20app%20free,5,81,248,101,0.56
utilitaires,Documents,free%20scanner%20app%20for%20documents,5,83,247,26,0.76
utilitaires,Documents,free%20music%20downloader,5,,214,130,0.54
utilitaires,Documents,2k%20face%20scan,5,,68,21,0.81
utilitaires,Documents,google%20drive%20for%20ipad,5,,200,56,0.64
utilitaires,Documents,boot%20camp,5,,202,8,1.10
utilitaires,Documents,download%20free%20books,5,47,248,201,0.50
utilitaires,Documents,file%20app,5,,199,1,5.00
utilitaires,Documents,offline media,5,,204,95,0.57
utilitaires,Documents,ram das,5,48,229,148,0.53
utilitaires,Documents,chromeca,5,,186,96,0.57
utilitaires,Documents,privtae,5,,217,179,0.51
utilitaires,Documents,are we compatible,5,,165,126,0.54
utilitaires,Documents,ypi,5,,208,173,0.51
utilitaires,Documents,doc opner,5,40,40,9,1.06
utilitaires,Documents,doc opener,5,81,243,12,0.96
utilitaires,Documents,offline browse,5,54,233,189,0.50
utilitaires,Documents,miva,5,,214,190,0.50
utilitaires,Documents,offline browserr,5,,194,94,0.57
utilitaires,Documents,no internet broswer,5,,122,54,0.64
utilitaires,Documents,counter remove finder generator analytic,5,,221,92,0.58
utilitaires,Documents,find files,5,75,243,5,1.34
utilitaires,Documents,taap it,5,,188,86,0.58
utilitaires,Documents,phone converter,5,66,243,233,0.49
utilitaires,Documents,advanced file retrieval,5,62,247,226,0.49
utilitaires,Documents,data recovery key,5,,238,39,0.69
utilitaires,Documents,booking link,5,70,226,106,0.56
utilitaires,Documents,offline editor,5,,210,56,0.64
utilitaires,Documents,cloud music player free,5,,176,71,0.61
utilitaires,Documents,delete documents,5,79,249,10,1.02
utilitaires,Documents,todo shared,5,66,225,150,0.52
utilitaires,Documents,quản lý nợ,5,44,246,54,0.64
utilitaires,Documents,al productivity tool,5,,248,103,0.56
utilitaires,Documents,tubebrowser pro,5,85,240,143,0.53
utilitaires,Documents,không quảng cáo,5,83,213,151,0.52
utilitaires,Documents,fast file transfer using usb,5,,200,84,0.59
utilitaires,Documents,document scan: pdf scanner,5,,220,191,0.50
utilitaires,Documents,manage me,5,,226,26,0.76
utilitaires,Documents,rgdps,5,,230,39,0.69
utilitaires,Documents,turn docs into pdfs,5,67,249,12,0.96
utilitaires,Documents,shard,5,95,183,39,0.69
utilitaires,Documents,document signer: dosign pdf,5,,236,4,1.49
utilitaires,Documents,pdf drive - read pdf,5,,213,6,1.24
utilitaires,Documents,chrons,5,,187,155,0.52
utilitaires,Documents,convert audio file,5,45,244,89,0.58
utilitaires,Documents,document hub,5,93,247,6,1.24
utilitaires,Documents,document revision tool,5,85,250,29,0.74
utilitaires,Documents,book gooble,5,,229,116,0.55
utilitaires,Documents,video & pdf tool,5,40,250,176,0.51
utilitaires,Documents,tp manager,5,,210,86,0.58
utilitaires,Documents,mo4 to avi,5,,220,102,0.56
utilitaires,Documents,phonebook manager,5,87,235,49,0.66
utilitaires,Documents,goods manager,5,,234,56,0.64
utilitaires,Documents,docsconverter,5,95,250,26,0.76
utilitaires,Documents,docs converter,5,92,242,4,1.49
utilitaires,Documents,image converter & file converte,5,,242,8,1.10
utilitaires,Documents,image converter & file converter,5,,245,10,1.02
utilitaires,Documents,image & file converter,5,64,247,246,0.48
utilitaires,Documents,e book converter,5,94,245,134,0.54
utilitaires,Documents,video downloader manager,5,,180,74,0.60
utilitaires,Documents,add file,5,94,242,3,1.74
utilitaires,Documents,media extractor,5,40,249,70,0.61
utilitaires,Documents,document & file manager,5,91,232,1,5.00
utilitaires,Documents,document manager app free,5,,223,19,0.83
utilitaires,Documents,dokument manager,5,,200,1,5.00
utilitaires,Documents,docorganizer,5,,237,1,5.00
utilitaires,Documents,doc organizer,5,85,242,34,0.71
utilitaires,Documents,file save,5,95,247,8,1.10
utilitaires,Documents,mp3 compress,5,49,246,27,0.76
utilitaires,Documents,read out lod,5,,247,217,0.49
utilitaires,Documents,appq technology,5,,234,190,0.50
utilitaires,Documents,the pdf converter photo pdf,5,,223,130,0.54
utilitaires,Documents,officeface,5,,249,107,0.56
utilitaires,Documents,pdf,5,,230,207,0.50
utilitaires,Documents,protect documents,5,68,248,30,0.74
utilitaires,Documents,exes,5,,209,72,0.60
utilitaires,Documents,docquizzer,5,,247,1,5.00
utilitaires,Documents,file merger app,5,,212,4,1.49
utilitaires,Documents,ebook reaer,5,,198,149,0.53
utilitaires,Documents,ebook reader iphone,5,,203,23,0.79
utilitaires,Documents,ebook viewer,5,80,191,41,0.68
utilitaires,Documents,best apps for reading books,5,,234,182,0.51
utilitaires,Documents,zip & rar & 7z file extractor,5,31,218,64,0.62
utilitaires,Documents,find blootuth,5,,239,1,5.00
utilitaires,Documents,picture to pdf files converter,5,68,225,29,0.74
utilitaires,Documents,reading face,5,,203,141,0.53
utilitaires,Documents,handwritten documents,5,43,247,18,0.84
utilitaires,Documents,descargador de videos y música,5,60,182,8,1.10
utilitaires,Documents,document reader pdf editor,5,42,247,116,0.55
utilitaires,Documents,image to google docs,5,,223,3,1.74
utilitaires,Documents,pdf drive pro,5,,250,204,0.50
utilitaires,Documents,exploare,5,,218,88,0.58
utilitaires,Documents,temporary file,5,64,247,2,2.29
utilitaires,Documents,files compression app,5,,218,1,5.00
utilitaires,Documents,media file organizer,5,77,236,54,0.64
utilitaires,Documents,file management assistant,5,57,234,200,0.50
utilitaires,Documents,file organization tool,5,50,245,92,0.58
utilitaires,Documents,file organization app,5,,196,9,1.06
utilitaires,Documents,document quiz,5,,213,1,5.00
utilitaires,Documents,manager scan,5,,245,226,0.49
utilitaires,Documents,must do,5,,247,193,0.50
utilitaires,Documents,pdfpress,5,91,249,5,1.34
utilitaires,Documents,doument,5,,240,1,5.00
utilitaires,Documents,internet download manage,5,,154,2,2.29
utilitaires,Documents,dpf,5,95,233,135,0.54
utilitaires,Documents,cloud explorer,5,,185,26,0.76
utilitaires,Documents,converter extract,5,,227,201,0.50
utilitaires,Documents,editor files,5,89,245,47,0.66
utilitaires,Documents,pdf scanner - scan documents,5,,238,126,0.54
utilitaires,Documents,byok,5,100,238,86,0.58
utilitaires,Documents,pdownloader,5,58,244,16,0.87
utilitaires,Documents,效率工具,5,51,247,131,0.54
utilitaires,Documents,archive tool,5,47,247,68,0.61
utilitaires,Documents,moviq,5,98,241,162,0.52
utilitaires,Documents,morphai,5,,234,200,0.50
utilitaires,Documents,pdf scanner: app for documents,5,,238,39,0.69
utilitaires,Documents,image manager,5,65,236,28,0.75
utilitaires,Documents,business documents,5,81,246,35,0.71
utilitaires,Documents,producitivty,5,,248,233,0.49
utilitaires,Documents,archive converter,5,43,245,197,0.50
utilitaires,Documents,handwriting to latex,5,,227,2,2.29
utilitaires,Documents,zip file opener  unzip - zipp,5,,206,11,0.98
utilitaires,Documents,zip file opener  7z  - unzip,5,,226,40,0.69
utilitaires,Documents,document understander,5,,235,1,5.00
utilitaires,Documents,producivity,5,,248,223,0.49
utilitaires,Documents,pdf documents scanner,5,69,242,227,0.49
utilitaires,Documents,local file,5,66,248,25,0.77
utilitaires,Documents,my scans  best pdf scanner app,5,,238,190,0.50
utilitaires,Documents,convert mp3a,5,,232,165,0.52
utilitaires,Documents,share tools,5,,222,15,0.89
utilitaires,Documents,cleaner mate,5,50,218,121,0.55
utilitaires,Documents,scan to pdf & text,5,,222,72,0.60
utilitaires,Documents,document scan best,5,,210,20,0.82
utilitaires,Documents,scanner app editor,5,,227,136,0.53
utilitaires,Documents,management editor,5,,214,36,0.70
utilitaires,Documents,reader for ios,5,,197,4,1.49
utilitaires,Documents,docs pdf free,5,,245,20,0.82
utilitaires,Documents,organizer editor,5,83,244,52,0.65
utilitaires,Documents,photo photo io,5,,174,110,0.56
utilitaires,Documents,shot document app,5,,236,1,5.00
utilitaires,Documents,plus ios,5,,192,119,0.55
utilitaires,Documents,app jpg ios,5,,204,24,0.78
utilitaires,Documents,app scanner editor,5,,229,75,0.60
utilitaires,Documents,documents best,5,,225,1,5.00
utilitaires,Documents,photo pdf app,5,,234,40,0.69
utilitaires,Documents,pro pdf ios,5,,200,11,0.98
utilitaires,Documents,photobooks ios,5,,172,98,0.57
utilitaires,Documents,sharing editor,5,50,237,207,0.50
utilitaires,Documents,pdf docs app,5,,225,5,1.34
utilitaires,Documents,scanner pdf app,5,,219,81,0.59
utilitaires,Documents,best pdf app,5,,216,2,2.29
utilitaires,Documents,acrobat reader free app,5,,233,10,1.02
utilitaires,Documents,kybook maker,5,,228,2,2.29
utilitaires,Documents,mobipdf best,5,,230,4,1.49
utilitaires,Documents,productivuty,5,,248,241,0.48
utilitaires,Documents,scannerapp best,5,,217,133,0.54
utilitaires,Documents,goodreader ios,5,82,248,226,0.49
utilitaires,Documents,document converter free,5,91,244,5,1.34
utilitaires,Documents,and reader free,5,,249,6,1.24
utilitaires,Documents,scan pdf editor free,5,,242,60,0.63
utilitaires,Documents,pdf doc free,5,,247,7,1.16
utilitaires,Documents,pdf converter best ios,5,,207,6,1.24
utilitaires,Documents,file best,5,,202,1,5.00
utilitaires,Documents,filemaster pro editor,5,,211,3,1.74
utilitaires,Documents,file managers editor,5,91,236,21,0.81
utilitaires,Documents,and documents tracker,5,58,248,1,5.00
utilitaires,Documents,documents manager editor,5,78,233,2,2.29
utilitaires,Documents,manager docs scanner,5,47,245,141,0.53
utilitaires,Documents,document scan editors,5,,222,24,0.78
utilitaires,Documents,management editor editor,5,,243,138,0.53
utilitaires,Documents,management editor scanner,5,,226,47,0.66
utilitaires,Documents,management scanner editor,5,,229,49,0.66
utilitaires,Documents,scanner reader editors,5,73,225,52,0.65
utilitaires,Documents,scanner reader editor editor,5,,233,35,0.71
utilitaires,Documents,scanner reader io,5,,227,114,0.55
utilitaires,Documents,productivitytool,5,84,236,91,0.58
utilitaires,Documents,pdf documents tracker,5,62,248,25,0.77
utilitaires,Documents,for documents editor,5,87,240,12,0.96
utilitaires,Documents,photo books editor,5,,191,135,0.54
utilitaires,Documents,photos videos scanners,5,,240,194,0.50
utilitaires,Documents,docs pdf frees,5,94,248,145,0.53
utilitaires,Documents,organizer editor editor,5,81,244,110,0.56
utilitaires,Documents,organizer editor scanner,5,,245,65,0.62
utilitaires,Documents,swiftscan document editor,5,,229,2,2.29
utilitaires,Documents,converter pro editor,5,,235,133,0.54
utilitaires,Documents,document converter editor,5,67,248,216,0.49
utilitaires,Documents,converter pro editors,5,,234,71,0.61
utilitaires,Documents,converter converter4u scanners,5,,198,84,0.59
utilitaires,Documents,document converter editors,5,68,249,86,0.58
utilitaires,Documents,man management,5,,238,146,0.53
utilitaires,Documents,模試,5,49,226,46,0.67
utilitaires,Documents,pro pdf scanners,5,,207,109,0.56
utilitaires,Documents,pro scan pdf documents,5,,204,10,1.02
utilitaires,Documents,pro scan pdf document,5,,202,99,0.57
utilitaires,Documents,pro scan pdfs,5,,212,112,0.55
utilitaires,Documents,and paste photos,5,47,234,202,0.50
utilitaires,Documents,movi javan,5,,188,9,1.06
utilitaires,Documents,editor and reader,5,,221,18,0.84
utilitaires,Documents,pdf editor read scan sign,5,,225,107,0.56
utilitaires,Documents,pdf hero pdf editor readers,5,,219,1,5.00
utilitaires,Documents,pdf converter reader for pdfs,5,,219,28,0.75
utilitaires,Documents,converter scan editors,5,,236,76,0.60
utilitaires,Documents,scanner edit pdf documents,5,69,246,85,0.58
utilitaires,Documents,scanner edit pdf,5,,231,80,0.59
utilitaires,Documents,pdf editor pdf file converter,5,,240,35,0.71
utilitaires,Documents,pdf editor pdf file converters,5,,240,82,0.59
utilitaires,Documents,documents file manager doc,5,79,230,1,5.00
utilitaires,Documents,file manager doc,5,71,227,23,0.79
utilitaires,Documents,documents file managers,5,,223,1,5.00
utilitaires,Documents,file manager docs,5,89,223,6,1.24
utilitaires,Documents,the document converter editor,5,68,248,89,0.58
utilitaires,Documents,the document converter editors,5,68,250,97,0.57
utilitaires,Documents,scanner converter editors,5,,229,66,0.62
utilitaires,Documents,scanner editor converters,5,,235,127,0.54
utilitaires,Documents,photos pdf converters,5,,223,46,0.67
utilitaires,Documents,player for cloud,5,,194,139,0.53
utilitaires,Documents,music tube browser,5,,224,164,0.52
utilitaires,Documents,music tube browsers,5,,224,196,0.50
utilitaires,Documents,amerigo file managers,5,66,242,12,0.96
utilitaires,Documents,pro files musics,5,,228,58,0.63
utilitaires,Documents,browser offline files,5,46,234,232,0.49
utilitaires,Documents,offline pro files musics,5,,227,85,0.58
utilitaires,Documents,browser offline file,5,46,237,160,0.52
utilitaires,Documents,unzip zip file openers,5,44,238,191,0.50
utilitaires,Documents,izip pro zip unzip,5,,221,68,0.61
utilitaires,Documents,unzip zip rar file opener,5,43,221,48,0.66
utilitaires,Documents,izip pro zips,5,,200,36,0.70
utilitaires,Documents,rar file openers,5,44,245,68,0.61
utilitaires,Documents,unzip zip file opener 7zips,5,,239,215,0.49
utilitaires,Documents,rar unzip zip file opener 7zips,5,,227,60,0.63
utilitaires,Documents,file opener 7zip,5,,223,46,0.67
utilitaires,Documents,manager offline music players,5,,211,204,0.50
utilitaires,Documents,manager offline musics,5,89,230,189,0.50
utilitaires,Documents,rar unzip zip file opener,5,,223,48,0.66
utilitaires,Documents,file opener 7zips,5,,221,43,0.68
utilitaires,Documents,unzip zip file opener 7zip,5,,215,60,0.63
utilitaires,Documents,zip unzip tools,5,40,238,227,0.49
utilitaires,Documents,zip file opener 7zip,5,,223,67,0.61
utilitaires,Documents,izip pro zip unzips,5,,214,2,2.29
utilitaires,Documents,viewer unzip and archive,5,44,241,226,0.49
utilitaires,Documents,unzip tool file extractors,5,43,238,218,0.49
utilitaires,Documents,unzip tool file extractor,5,44,238,205,0.50
utilitaires,Documents,zip viewer unzip and archives,5,,205,42,0.68
utilitaires,Documents,viewer unzip ands,5,72,248,185,0.51
utilitaires,Documents,unzip and archive,5,44,240,177,0.51
utilitaires,Documents,unzip and archives,5,44,238,150,0.52
utilitaires,Documents,zip viewer unzips,5,72,247,178,0.51
utilitaires,Documents,viewer unzip and,5,29,244,188,0.50
utilitaires,Documents,viewer unzip and archives,5,44,244,169,0.51
utilitaires,Documents,unzip extractor zips,5,44,240,234,0.49
utilitaires,Documents,extractor zip rars,5,48,243,188,0.50
utilitaires,Documents,pdf docs voice aloud reader,5,,244,169,0.51
utilitaires,Documents,docs voice aloud readers,5,,243,10,1.02
utilitaires,Documents,pdf docs voice aloud readers,5,,235,22,0.80
utilitaires,Documents,synthy read aloud,5,,245,4,1.49
utilitaires,Documents,files reader,5,83,245,2,2.29
utilitaires,Documents,filereader,5,96,250,1,5.00
utilitaires,Documents,am i hacked,5,,210,128,0.54
utilitaires,Documents,link editor,5,,224,33,0.72
utilitaires,Documents,manage facebook,5,,165,44,0.67
utilitaires,Documents,arceve,5,,239,10,1.02
utilitaires,Documents,goggl,5,,211,130,0.54
utilitaires,Documents,videos gio,5,,242,138,0.53
utilitaires,Documents,pdf scanner app: photo to pdf,5,,228,68,0.61
utilitaires,Documents,rar archiver,5,48,242,152,0.52
utilitaires,Documents,link organiser,5,44,246,197,0.50
utilitaires,Documents,organizer the,5,60,246,160,0.52
utilitaires,Documents,organizer for,5,70,246,194,0.50
utilitaires,Documents,yourb,5,,232,153,0.52
utilitaires,Documents,isru,5,,233,200,0.50
utilitaires,Documents,music face,5,,235,183,0.51
utilitaires,Documents,and pro,5,74,247,148,0.53
utilitaires,Documents,pro and,5,73,247,151,0.52
utilitaires,Documents,important docs,5,87,232,35,0.71
utilitaires,Documents,webbookmark,5,,211,8,1.10
utilitaires,Documents,easy bookmark access,5,,229,1,5.00
utilitaires,Documents,one tap sharing,5,,182,31,0.73
utilitaires,Documents,savelinks: link creator app,5,,221,40,0.69
utilitaires,Documents,link-organizer app,5,,221,127,0.54
utilitaires,Documents,secure save documents,5,54,245,41,0.68
utilitaires,Documents,zip rar 7z file opener,5,,213,92,0.58
utilitaires,Documents,notes  pdf & file sharing,5,,197,2,2.29
utilitaires,Documents,id3 editor,5,92,249,182,0.51
utilitaires,Documents,pd c,5,,236,12,0.96
utilitaires,Documents,documents vol,5,64,248,42,0.68
utilitaires,Documents,visa document organizer,5,40,247,204,0.50
utilitaires,Documents,scrintal,5,,214,16,0.87
utilitaires,Documents,off viewer,5,,170,134,0.54
utilitaires,Documents,html - editor & viewer,5,,236,31,0.73
utilitaires,Documents,file manager offline,5,51,228,17,0.86
utilitaires,Documents,scan to pdf app,5,,235,183,0.51
utilitaires,Documents,bunbee,5,82,248,234,0.49
utilitaires,Documents,doc convertor,5,90,246,6,1.24
utilitaires,Documents,docu signer,5,75,248,241,0.48
utilitaires,Documents,chat with documents,5,84,247,31,0.73
utilitaires,Documents,readbook,5,,227,184,0.51
utilitaires,Documents,docclip,5,,217,3,1.74
utilitaires,Documents,pdf docuemnt scanner,5,,221,84,0.59
utilitaires,Documents,box fill,5,57,243,218,0.49
utilitaires,Documents,i read,5,,240,79,0.59
utilitaires,Documents,document reader-pdf,5,82,245,157,0.52
utilitaires,Documents,tubescanner,5,,171,110,0.56
utilitaires,Documents,ouopftube,5,,235,131,0.54
utilitaires,Documents,file opner,5,79,247,2,2.29
utilitaires,Documents,drive downloads,5,,172,5,1.34
utilitaires,Documents,dm opener,5,,40,5,1.34
utilitaires,Documents,extract images,5,25,243,223,0.49
utilitaires,Documents,document tool,5,86,248,8,1.10
utilitaires,Documents,offline pdf reader,5,69,232,17,0.86
utilitaires,Documents,dcm opener,5,,231,2,2.29
utilitaires,Documents,lovors,5,98,243,136,0.53
utilitaires,Documents,macvo,5,86,248,199,0.50
utilitaires,Documents,gram converter,5,,221,187,0.51
utilitaires,Documents,scanner app scan pdf docs,5,75,243,81,0.59
utilitaires,Documents,scanner app for documents and images,5,66,240,41,0.68
utilitaires,Documents,scanner app for documennts,5,,233,103,0.56
utilitaires,Documents,grandpar,5,,216,93,0.57
utilitaires,Documents,quản lý thẻ tín dụng,5,25,69,38,0.70
utilitaires,Documents,home documents,5,83,246,202,0.50
utilitaires,Documents,pic to doc converter,5,,243,105,0.56
utilitaires,Documents,mentee app,5,,243,94,0.57
utilitaires,Documents,paperkiller,5,,228,8,1.10
utilitaires,Documents,liquidtext prepaid,5,,225,7,1.16
utilitaires,Documents,compress phoốt,5,,241,116,0.55
utilitaires,Documents,archiv converter,5,,202,66,0.62
utilitaires,Documents,id scannner,5,78,247,219,0.49
utilitaires,Documents,7file,5,87,245,3,1.74
utilitaires,Documents,videous lite,5,,194,177,0.51
utilitaires,Documents,paste edit,5,,205,144,0.53
utilitaires,Documents,scan documents to pdf offline,5,,231,1,5.00
utilitaires,Documents,meline,5,,247,136,0.53
utilitaires,Documents,mobile docs,5,,233,80,0.59
utilitaires,Documents,text editor & viewer,5,86,248,133,0.54
utilitaires,Documents,text viwer,5,,216,9,1.06
utilitaires,Documents,downloadder,5,54,246,14,0.91
utilitaires,Documents,document & photo,5,53,249,69,0.61
utilitaires,Documents,document & photo scan,5,51,247,246,0.48
utilitaires,Documents,easy pdf – pdf reader  viewer,5,64,226,56,0.64
utilitaires,Documents,text editor - document editor,5,,246,195,0.50
utilitaires,Documents,scanner app scan pdf and docs,5,,235,54,0.64
utilitaires,Documents,no fa,5,86,245,179,0.51
utilitaires,Documents,pdf scanner & editor app,5,,244,101,0.56
utilitaires,Documents,document editor and scanner,5,,242,35,0.71
utilitaires,Documents,pdf scanner & document editor,5,,244,70,0.61
utilitaires,Documents,mp3 coverter,5,,235,209,0.50
utilitaires,Documents,documents after,5,80,249,231,0.49
utilitaires,Documents,documents with,5,80,233,72,0.60
utilitaires,Documents,drive file,5,92,246,6,1.24
utilitaires,Documents,4k mobil,5,,227,166,0.52
utilitaires,Documents,ac compress,5,,250,34,0.71
utilitaires,Documents,any video converter lite,5,,237,135,0.54
utilitaires,Documents,carco document uploader,5,,184,4,1.49
utilitaires,Documents,cellica database anywhere,5,,194,29,0.74
utilitaires,Documents,chat gpt business,5,,228,104,0.56
utilitaires,Documents,chat jipiti,5,,231,185,0.51
utilitaires,Documents,compress file free,5,,244,123,0.54
utilitaires,Documents,converter files,5,,246,1,5.00
utilitaires,Documents,converter image and video,5,,232,168,0.51
utilitaires,Documents,dkm: document keeper multipass,5,,206,10,1.02
utilitaires,Documents,dm card,5,,227,179,0.51
utilitaires,Documents,dm editor,5,,213,30,0.74
utilitaires,Documents,dm germany,5,,206,52,0.65
utilitaires,Documents,document navigator,5,88,250,68,0.61
utilitaires,Documents,document readdle,5,,218,1,5.00
utilitaires,Documents,download books for free,5,,221,49,0.66
utilitaires,Documents,easy markdown reader,5,,217,11,0.98
utilitaires,Documents,phone organizer,5,,226,161,0.52
utilitaires,Documents,explore one,5,,224,69,0.61
utilitaires,Documents,export reminders: csv/pdf/docx,5,,228,14,0.91
utilitaires,Documents,fila s-watch,5,,215,172,0.51
utilitaires,Documents,git elibrary,5,,194,16,0.87
utilitaires,Documents,google drive policy,5,,212,67,0.61
utilitaires,Documents,google drive scan,5,,230,19,0.83
utilitaires,Documents,google hum to search,5,,217,111,0.55
utilitaires,Documents,h p printer,5,,220,101,0.56
utilitaires,Documents,icloud find,5,91,218,127,0.54
utilitaires,Documents,interac e-transfer,5,,207,107,0.56
utilitaires,Documents,jay c food store,5,,219,62,0.62
utilitaires,Documents,manage you,5,,233,52,0.65
utilitaires,Documents,mp3 converter link,5,,236,149,0.53
utilitaires,Documents,music downloader / mp3 player,5,,184,215,0.49
utilitaires,Documents,offline musicas e videos mp3,5,,215,85,0.58
utilitaires,Documents,p manager,5,,235,24,0.78
utilitaires,Documents,pages: create documents,5,,214,10,1.02
utilitaires,Documents,pdf leader,5,,233,85,0.58
utilitaires,Documents,pdf slicer n splicer,5,56,250,197,0.50
utilitaires,Documents,pro one,5,,212,129,0.54
utilitaires,Documents,project tube,5,,203,45,0.67
utilitaires,Documents,project: unredacted,5,,171,9,1.06
utilitaires,Documents,r u busy,5,,243,138,0.53
utilitaires,Documents,file converter: word to pdf,5,,240,29,0.74
utilitaires,Documents,file manager iphone,5,63,232,7,1.16
utilitaires,Documents,image converter: offline,5,,241,10,1.02
utilitaires,Documents,import csv to reminders iphone,5,,210,64,0.62
utilitaires,Documents,iphone to iphone transfer without icloud,5,,190,74,0.60
utilitaires,Documents,pdf to image converter iphone,5,,247,91,0.58
utilitaires,Documents,video converter mp4 free,5,,232,104,0.56
utilitaires,Documents,video converter to mp4 free,5,,240,224,0.49
utilitaires,Documents,zip extractor iphone,5,44,242,195,0.50
utilitaires,Documents,anyone share,5,,36,6,1.24
utilitaires,Documents,automatically retrieve,5,,222,11,0.98
utilitaires,Documents,document send,5,61,246,12,0.96
utilitaires,Documents,documents photos,5,74,244,20,0.82
utilitaires,Documents,documents using,5,69,250,10,1.02
utilitaires,Documents,easy fil,5,,210,28,0.75
utilitaires,Documents,effortlessly file,5,46,247,92,0.58
utilitaires,Documents,file you,5,59,242,44,0.67
utilitaires,Documents,files are,5,50,247,223,0.49
utilitaires,Documents,pdf reader - pdf editor,5,93,240,142,0.53
utilitaires,Documents,read my face,5,82,244,236,0.49
utilitaires,Documents,manager share,5,59,241,201,0.50
utilitaires,Documents,ipad free,5,,234,47,0.66
utilitaires,Documents,pdf viewer and converter,5,,230,14,0.91
utilitaires,Documents,office conveter,5,,227,27,0.76
utilitaires,Documents,docx file viewer,5,65,238,134,0.54
utilitaires,Documents,pdf tools free,5,85,248,61,0.63
utilitaires,Documents,free downloads,5,,112,23,0.79
utilitaires,Documents,media converter video,5,,223,187,0.51
utilitaires,Documents,edit id3,5,,232,60,0.63
utilitaires,Documents,mp3 pro converter,5,,238,220,0.49
utilitaires,Documents,files edit,5,76,250,4,1.49
utilitaires,Documents,transmision,5,,184,11,0.98
utilitaires,Documents,unraw,5,,215,84,0.59
utilitaires,Documents,transfert for 4,5,,215,53,0.64
utilitaires,Documents,visiion,5,,248,25,0.77
utilitaires,Documents,text editor: docs editor,5,,239,181,0.51
utilitaires,Documents,vpn manager,5,,240,49,0.66
utilitaires,Documents,retouch無料,5,,120,36,0.70
utilitaires,Documents,fea,5,,218,101,0.56
utilitaires,Documents,goodrec,5,42,78,76,0.60
utilitaires,Documents,box office hits,5,88,241,227,0.49
utilitaires,Documents,mymedia - file manager,5,63,232,2,2.29
utilitaires,Documents,my sleeve loading best,5,,219,28,0.75
utilitaires,Documents,free top sleeve loading best,5,,229,29,0.74
utilitaires,Documents,top sleeve loading best free,5,,227,31,0.73
utilitaires,Documents,free sleeve loadings review,5,,226,11,0.98
utilitaires,Documents,unzip zip file 7z extractor,5,,221,91,0.58
utilitaires,Documents,unzip file opener,5,44,240,186,0.51
utilitaires,Documents,unzip zip file 7z extractor,5,,221,91,0.58
utilitaires,Documents,unzip file opener,5,44,240,186,0.51
utilitaires,Documents,converter manager,5,41,242,84,0.59
utilitaires,Documents,converter tool,5,,233,198,0.50
utilitaires,Documents,garage map,5,,137,44,0.67
utilitaires,Documents,my dawnload video free,5,95,237,176,0.51
utilitaires,Documents,photos to documents,5,75,247,37,0.70
utilitaires,Documents,أدارة الملفات,5,,193,159,0.52
utilitaires,Documents,tutorial easy daily pay ideas reminder,5,,223,44,0.67
utilitaires,Documents,ramen booking,5,,224,73,0.60
utilitaires,Documents,share box,5,,188,80,0.59
utilitaires,Documents,shortcut my reviews logic pro app,5,,217,39,0.69
utilitaires,Documents,landmark documents,5,29,250,89,0.58
utilitaires,Documents,attachment downloader,5,,189,12,0.96
utilitaires,Documents,archive archiver,5,,237,53,0.64
utilitaires,Documents,archive organizer,5,47,241,10,1.02
utilitaires,Documents,download archiver,5,42,237,215,0.49
utilitaires,Documents,download extractor,5,,195,14,0.91
utilitaires,Documents,download organizer,5,26,208,28,0.75
utilitaires,Documents,folder extractor,5,38,247,127,0.54
utilitaires,Documents,folder downloader,5,78,183,112,0.55
utilitaires,Documents,browser archiver,5,35,232,126,0.54
utilitaires,Documents,browser organizer,5,37,228,172,0.51
utilitaires,Documents,document archiver,5,57,245,9,1.06
utilitaires,Documents,document extractor,5,55,244,5,1.34
utilitaires,Documents,document renamer,5,74,250,185,0.51
utilitaires,Documents,apk iphone,5,,232,17,0.86
utilitaires,Documents,zip organizer,5,47,241,184,0.51
utilitaires,Documents,dicament,5,,246,2,2.29
utilitaires,Documents,hp pagewide,5,,221,145,0.53
utilitaires,Documents,hp print documents from iphone,5,58,240,160,0.52
utilitaires,Documents,textviewer,5,,207,14,0.91
utilitaires,Documents,canon print documents,5,54,250,68,0.61
utilitaires,Documents,touch face,5,,224,189,0.50
utilitaires,Documents,fast pdf reader & viewer,5,,224,82,0.59
utilitaires,Documents,archive mp3,5,,209,196,0.50
utilitaires,Documents,gratuit video,5,,246,152,0.52
utilitaires,Documents,disk video,5,,209,61,0.63
utilitaires,Documents,music pdf,5,,213,31,0.73
utilitaires,Documents,faceb00k,5,,249,107,0.56
utilitaires,Documents,latnern,5,,221,113,0.55
utilitaires,Documents,private shares,5,,226,68,0.61
utilitaires,Documents,privates share,5,,207,123,0.54
utilitaires,Documents,all documents viewer,5,,238,13,0.93
utilitaires,Documents,private one,5,,239,192,0.50
utilitaires,Documents,mp3 audio file,5,,230,70,0.61
utilitaires,Documents,fill pdf forms instantly with ai,5,,230,47,0.66
utilitaires,Documents,pdf editor: document converter,5,,241,35,0.71
utilitaires,Documents,اداره ملفات,5,,238,14,0.91
utilitaires,Documents,document converot,5,46,246,43,0.68
utilitaires,Documents,rom toolbox,5,,230,5,1.34
utilitaires,Documents,drive the limit,5,,230,21,0.81
utilitaires,Documents,zip extracktor,5,27,244,196,0.50
utilitaires,Documents,convert doc,5,49,242,144,0.53
utilitaires,Documents,view documents,5,49,242,2,2.29
utilitaires,Documents,tạo tệp pdf,5,,106,9,1.06
utilitaires,Documents,doc convert,5,50,245,203,0.50
utilitaires,Documents,phi 4,5,,241,143,0.53
utilitaires,Documents,tools sharing,5,,211,68,0.61
utilitaires,Documents,appd,5,,234,61,0.63
utilitaires,Documents,vlc alternative,5,85,239,179,0.51
utilitaires,Documents,icloud free,5,,245,91,0.58
utilitaires,Documents,document editro,5,45,247,134,0.54
utilitaires,Documents,document editot,5,83,248,66,0.62
utilitaires,Documents,d6,5,,244,75,0.60
utilitaires,Documents,파일,5,69,232,3,1.74
utilitaires,Documents,tap viewer,5,41,245,133,0.54
utilitaires,Documents,pdf doc converter,5,,241,43,0.68
utilitaires,Documents,document editor,5,40,241,94,0.57
utilitaires,Documents,music for business,5,86,217,200,0.50
utilitaires,Documents,scan documents convert,5,54,247,104,0.56
utilitaires,Documents,offlinebrpwser,5,86,230,112,0.55
utilitaires,Documents,movire,5,98,242,181,0.51
utilitaires,Documents,staria,5,,240,127,0.54
utilitaires,Documents,product scranner,5,,246,178,0.51
utilitaires,Documents,office word begamob,5,,212,49,0.66
utilitaires,Documents,documner reader,5,47,238,104,0.56
utilitaires,Documents,track document,5,,210,6,1.24
utilitaires,Documents,com.qivra.documentreaderpdfeditor,5,83,248,60,0.63
utilitaires,Documents,i loud,5,,229,57,0.63
utilitaires,Documents,pro pdf: editor & reader,5,,239,18,0.84
utilitaires,Documents,analyze documents,5,40,246,61,0.63
utilitaires,Documents,gestor de documentos,5,80,249,5,1.34
utilitaires,Documents,pdf & doc translator - docai,5,79,250,46,0.67
utilitaires,Documents,document organizer app,5,,210,2,2.29
utilitaires,Documents,facebook mp3 downloader,5,,135,26,0.76
utilitaires,Documents,application documents,5,51,240,48,0.66
utilitaires,Documents,document folder,5,82,249,3,1.74
utilitaires,Documents,private documents,5,66,248,3,1.74
utilitaires,Documents,documents organizer,5,87,249,3,1.74
utilitaires,Documents,document keeper,5,96,250,2,2.29
utilitaires,Documents,organizar documentos,5,70,245,16,0.87
utilitaires,Documents,gestor documentos,5,75,250,1,5.00
utilitaires,Documents,ai document manager,5,,239,9,1.06
utilitaires,Documents,pdf editor app free,5,,245,132,0.54
utilitaires,Documents,free pdf tools,5,,248,46,0.67
utilitaires,Documents,document reader app,5,,240,2,2.29
utilitaires,Documents,free doc converter,5,,247,11,0.98
utilitaires,Documents,documents folder,5,73,249,1,5.00
utilitaires,Documents,id documents,5,49,243,6,1.24
utilitaires,Documents,convert and edit,5,,239,178,0.51
utilitaires,Documents,free doc editor,5,,227,15,0.89
utilitaires,Documents,scan documents free app,5,,243,32,0.73
utilitaires,Documents,dictate documents,5,56,247,11,0.98
utilitaires,Documents,google docs dictation,5,,230,13,0.93
utilitaires,Documents,esgare,5,,239,15,0.89
utilitaires,Documents,lnreader,5,,232,153,0.52
utilitaires,Documents,d-link wi-fi,5,,210,121,0.55
utilitaires,Documents,izep,5,,150,7,1.16
utilitaires,Documents,f5 networks  inc.,5,,235,176,0.51
utilitaires,Documents,g6pd,5,,31,9,1.06
utilitaires,Documents,ssa.gov,5,,236,41,0.68
utilitaires,Documents,air printer anyprint,5,,235,209,0.50
utilitaires,Documents,docs & docx files,5,,243,33,0.72
utilitaires,Documents,file manager & docs,5,69,245,1,5.00
utilitaires,Documents,mobipdf pdf text editor,5,76,249,28,0.75
utilitaires,Documents,transfer & share,5,,219,172,0.51
utilitaires,Documents,ehub.aus,5,,156,8,1.10
utilitaires,Documents,4:6,5,,243,235,0.49
utilitaires,Documents,idv-imaios,5,,224,13,0.93
utilitaires,Documents,my4d,5,,239,68,0.61
utilitaires,Documents,jcc dallas,5,,217,127,0.54
utilitaires,Documents,jiyadsoft,5,,236,221,0.49
utilitaires,Documents,lccs,5,,218,2,2.29
utilitaires,Documents,gfree,5,,208,88,0.58
utilitaires,Documents,photo with date,5,,219,176,0.51
utilitaires,Documents,till organizer,5,45,248,38,0.70
utilitaires,Documents,torrent opener,5,,162,6,1.24
utilitaires,Documents,db browser,5,,234,188,0.50
utilitaires,Documents,offline ebook reader,5,,243,227,0.49
utilitaires,Documents,file sorter,5,50,233,2,2.29
utilitaires,Documents,file explorer offline,5,28,236,70,0.61
utilitaires,Documents,ribbon organizer,5,71,249,236,0.49
utilitaires,Documents,pro file manager,5,40,216,79,0.59
utilitaires,Documents,p to wprd,5,,174,101,0.56
utilitaires,Documents,offline document organizer,5,76,245,9,1.06
utilitaires,Documents,pdfzone,5,87,250,192,0.50
utilitaires,Documents,docs and sheets app,5,,238,62,0.62
utilitaires,Documents,document assistant,5,87,246,182,0.51
utilitaires,Documents,pictures to musişc,5,,234,138,0.53
utilitaires,Documents,170m+ documents,5,73,248,2,2.29
utilitaires,Documents,doc & pdf scanner app,5,,244,229,0.49
utilitaires,Documents,documents scannner,5,36,243,69,0.61
utilitaires,Documents,file info,5,35,235,29,0.74
utilitaires,Documents,video doc,5,85,248,208,0.50
utilitaires,Documents,digital document organizer,5,,249,4,1.49
utilitaires,Documents,document compress,5,,249,113,0.55
utilitaires,Documents,document photos,5,,246,90,0.58
utilitaires,Documents,document private,5,,247,103,0.56
utilitaires,Documents,documents crop,5,,250,220,0.49
utilitaires,Documents,documents extractor,5,,243,1,5.00
utilitaires,Documents,file photo,5,96,244,3,1.74
utilitaires,Documents,file photos,5,88,249,2,2.29
utilitaires,Documents,manager id,5,91,246,158,0.52
utilitaires,Documents,organizer viewer,5,,233,61,0.63
utilitaires,Documents,pages create documents,5,92,246,208,0.50
utilitaires,Documents,documents organizer offline,5,,244,2,2.29
utilitaires,Documents,offline files download manager,5,,234,8,1.10
utilitaires,Documents,document reader and editor,5,,246,81,0.59
utilitaires,Documents,secret documents,5,,238,27,0.76
utilitaires,Documents,免费浏览器,5,69,246,158,0.52
utilitaires,Documents,视频管理器,5,42,226,51,0.65
utilitaires,Documents,document photo converter,5,,246,168,0.51
utilitaires,Documents,documents convert pdf,5,,246,105,0.56
utilitaires,Documents,scan documents convert pdf,5,,247,199,0.50
utilitaires,Documents,movira,5,98,243,150,0.52
utilitaires,Documents,k face scan,5,,246,225,0.49
utilitaires,Documents,document editdocument edit,5,,246,51,0.65
utilitaires,Documents,zip file manager,5,,236,146,0.53
utilitaires,Documents,extract rar files,5,,240,170,0.51
utilitaires,Documents,rar zip extractor,5,,241,240,0.48
utilitaires,Documents,phone free reading,5,,248,150,0.52
utilitaires,Documents,pub file viewer,5,28,239,146,0.53
utilitaires,Documents,receive documents,5,,248,177,0.51
utilitaires,Documents,fill tube,5,,165,128,0.54
utilitaires,Documents,file transfer & photo drive,5,,234,190,0.50
utilitaires,Documents,read aloud books  docs & pdfs,5,,245,199,0.50
utilitaires,Documents,private document,5,,248,3,1.74
utilitaires,Documents,google アルバム,,,233,167,
utilitaires,Documents,播放器,,52,246,17,
utilitaires,Documents,팟플레이어,,,247,6,
utilitaires,Documents,下载器,,57,246,6,
utilitaires,Documents,ez file explorer,,,249,17,
utilitaires,Documents,cocco,,,151,142,
utilitaires,Documents,影片播放器,,,228,65,
utilitaires,Documents,document zip,,42,243,110,
utilitaires,Documents,小火箭vpn,,,245,66,
utilitaires,Documents,video to mp3 media converter,,,226,65,
utilitaires,Documents,피디에프,,,250,139,
utilitaires,Documents,files editor,,96,248,5,
utilitaires,Documents,unzip zip rar,,,219,114,
utilitaires,Documents,tv transmisi,,44,4,3,
utilitaires,Documents,九九手游加速器,,43,226,120,
utilitaires,Documents,manager offline,,,243,32,
utilitaires,Documents,骑友,,42,165,115,
utilitaires,Documents,doc compress,,57,238,10,
utilitaires,Documents,thisisneverthat,,85,231,105,
utilitaires,Documents,a.c.,,,247,64,
utilitaires,Documents,a.d.c.,,,245,42,
utilitaires,Documents,a.g.,,,246,104,
utilitaires,Documents,a.m.d.g.,,,248,38,
utilitaires,Documents,a/c,,,244,67,
utilitaires,Documents,a/o,,,246,177,
utilitaires,Documents,descargador video,,48,240,160,
utilitaires,Documents,share pdf],,52,233,172,
utilitaires,Documents,hd document scan,,,221,91,
utilitaires,Documents,men fa,,87,242,177,
utilitaires,Documents,专家,,,243,100,
utilitaires,Documents,files convert,,,245,4,
utilitaires,Documents,icloud%20library,,,229,6,
utilitaires,Documents,secret%20folder,,,214,6,
utilitaires,Documents,lector%20de%20pdf,,85,248,49,
utilitaires,Documents,google%20drive%20app,,,203,22,
utilitaires,Documents,doc%20editor,,,225,2,
utilitaires,Documents,time%20management%20app%20free,,,248,109,
utilitaires,Documents,my%20files,,,88,1,
utilitaires,Documents,files%20and%20folders,,,236,189,
utilitaires,Documents,receipt%20organizer,,,230,2,
utilitaires,Documents,open%20source,,,210,34,
utilitaires,Documents,documents%20scanner,,,221,1,
utilitaires,Documents,docusign%20upload%20sign%20docs,,95,247,26,
utilitaires,Documents,free%20document%20signer,,,244,4,
utilitaires,Documents,file%20opener,,,200,1,
utilitaires,Documents,file%20downloader,,,160,1,
utilitaires,Documents,юиуб,,81,245,216,
utilitaires,Documents,ゆうちゅうぶ無料,,83,241,166,
utilitaires,Documents,decopy ao,,,224,9,
utilitaires,Documents,amiro,,,43,7,
utilitaires,Documents,pdf converter; photo to pdf,,,230,83,
utilitaires,Documents,pdf converter &,,,239,172,
utilitaires,Documents,winrar - rar archives,,,184,24,
utilitaires,Documents,zip & rar file extractor,,,202,6,
utilitaires,Documents,link scan,,,229,177,
utilitaires,Documents,document extractors,,,237,1,
utilitaires,Documents,document converter scanner,,,223,39,
utilitaires,Documents,iscanner editor best,,,239,22,
utilitaires,Documents,editor pro scanner,,,229,209,
utilitaires,Documents,reader for io,,,248,191,
utilitaires,Documents,manager docs maker,,,222,2,
utilitaires,Documents,docs sheets editor,,,208,6,
utilitaires,Documents,documents file scanner,,,217,1,
utilitaires,Documents,airlearn language scanner editor,,,235,7,
utilitaires,Documents,and scanner editor,,,229,77,
utilitaires,Documents,imovie scanner editor,,,215,65,
utilitaires,Documents,reader converter scanners,,,223,153,
utilitaires,Documents,blender files opener,,,236,85,
utilitaires,Documents,photohub,,,156,145,
utilitaires,Documents,mobile scanner scan pdfs,,,226,181,
utilitaires,Documents,scanner scan pdf docs,,,203,47,
utilitaires,Documents,scan doc scanner,,,216,177,
utilitaires,Documents,scanner scanner docs,,,214,170,
utilitaires,Documents,document pdf scanners,,,215,77,
utilitaires,Documents,pdf scanner reader editors,,,225,30,
utilitaires,Documents,reader editor viewer,,,218,4,
utilitaires,Documents,pdf editor scan,,,235,61,
utilitaires,Documents,pdf converter reader fors,,,224,25,
utilitaires,Documents,converter reader for pdf,,,218,18,
utilitaires,Documents,converter reader fors,,,198,81,
utilitaires,Documents,the document converters,,,239,4,
utilitaires,Documents,pdf editor viewer,,,217,10,
utilitaires,Documents,pdf editor pdf file,,,222,26,
utilitaires,Documents,images pdf files converts,,,240,147,
utilitaires,Documents,web pdf converter readers,,,237,11,
utilitaires,Documents,scanner converter editor,,,237,104,
utilitaires,Documents,pdf files converters,,,238,51,
utilitaires,Documents,zip rar file extractors,,,237,205,
utilitaires,Documents,pdf editor pdf books,,,211,34,
utilitaires,Documents,editor pdf book readers,,,219,3,
utilitaires,Documents,pdf editor pdf book readers,,,225,4,
utilitaires,Documents,offline files browsers,,,200,7,
utilitaires,Documents,files browser vpns,,,239,1,
utilitaires,Documents,offline pro file,,,214,16,
utilitaires,Documents,offline pro files,,,218,24,
utilitaires,Documents,pro files music,,,232,101,
utilitaires,Documents,browser offline file storages,,,198,13,
utilitaires,Documents,unzip zip rar file,,,225,135,
utilitaires,Documents,rar unzip zip file openers,,,213,46,
utilitaires,Documents,unzip zip file,,,227,54,
utilitaires,Documents,izip zip unzip,,,216,113,
utilitaires,Documents,rar zip file,,,229,55,
utilitaires,Documents,unzip zip rar extractor,,,224,114,
utilitaires,Documents,unzip zip rar files,,,225,107,
utilitaires,Documents,zip file opener 7zips,,,224,58,
utilitaires,Documents,rar zip files,,,228,96,
utilitaires,Documents,zip file openers,,,225,39,
utilitaires,Documents,zip rar file openers,,,211,34,
utilitaires,Documents,unzip zip rar file openers,,,214,43,
utilitaires,Documents,rar unzip zips,,,226,139,
utilitaires,Documents,rar unzip zip file opener 7zip,,,223,54,
utilitaires,Documents,izip pro zip,,,213,54,
utilitaires,Documents,winzip zip unzip,,,221,80,
utilitaires,Documents,irar zip rars,,,203,2,
utilitaires,Documents,tool file extractor,,,222,2,
utilitaires,Documents,unzip tool file,,,212,37,
utilitaires,Documents,unzip tool files,,,215,77,
utilitaires,Documents,tool file extractors,,,228,3,
utilitaires,Documents,zip rar extractor unzip,,,223,116,
utilitaires,Documents,rar extractor unzip,,,220,89,
utilitaires,Documents,extractor zip rar,,,225,74,
utilitaires,Documents,unzip extractor zip,,,228,94,
utilitaires,Documents,pdf viewer nutrients,,,229,2,
utilitaires,Documents,docs voice alouds,,,241,9,
utilitaires,Documents,image converter jpg pdfs,,,226,58,
utilitaires,Documents,converter jpg pdfs,,,243,208,
utilitaires,Documents,image converter jpg pdf,,,222,158,
utilitaires,Documents,read aloud docs,,,236,4,
utilitaires,Documents,pdfix,,,236,1,
utilitaires,Documents,tap;er,,90,243,207,
utilitaires,Documents,scanner app: camera to pdf doc,,,214,19,
utilitaires,Documents,files viewer,,73,243,2,
utilitaires,Documents,scan offline,,,234,78,
utilitaires,Documents,scan documents convert to pdf,,,243,34,
utilitaires,Documents,onedice,,,238,69,
utilitaires,Documents,no fa[,,87,245,156,
utilitaires,Documents,pdf office pro,,,210,59,
utilitaires,Documents,pro you tube,,,211,151,
utilitaires,Documents,pro youtub,,,217,90,
utilitaires,Documents,redeck: markdown slides,,,216,17,
utilitaires,Documents,secure zip reader,,,209,16,
utilitaires,Documents,share hub,,,212,5,
utilitaires,Documents,skendy: ai document scanner,,,229,66,
utilitaires,Documents,spu i-ebook,,,223,62,
utilitaires,Documents,ssh oneshot lite,,,224,72,
utilitaires,Documents,pdf editor iphone free,,,250,127,
utilitaires,Documents,pdf to word iphone,,,236,227,
utilitaires,Documents,documentary movies,,74,243,211,
utilitaires,Documents,movie explorer tool,,85,247,206,
utilitaires,Documents,documetary,,91,247,2,
utilitaires,Documents,download copier,,,245,64,
utilitaires,Documents,confit,,,232,68,
utilitaires,Documents,browser extractor,,,203,96,
utilitaires,Documents,face bk,,,211,178,
utilitaires,Documents,book privates,,,237,188,
utilitaires,Documents,manager reader,,,241,42,
utilitaires,Documents,document convertor,,,243,7,
utilitaires,Documents,documentary photo,,89,243,35,
utilitaires,Documents,private drive,,,225,57,
utilitaires,Documents,youtube photo downloader,,,179,37,
utilitaires,Documents,free file scanner,,,240,26,
utilitaires,Documents,itpro,,,228,85,
utilitaires,Documents,zchiver,,,221,31,
utilitaires,Documents,b &amp; n nook,,,202,6,
utilitaires,Documents,purchase order wizard,,,228,6,
utilitaires,Documents,markup wizard,,,221,3,
utilitaires,Documents,change order organizer,,,219,16,
utilitaires,Documents,material list organizer,,,229,9,
utilitaires,Documents,file organizer offline,,,233,47,
utilitaires,Documents,file browser offline,,,230,90,
utilitaires,Documents,archive edit,,,246,17,
utilitaires,Documents,archive editor,,,250,29,
utilitaires,Documents,archive image,,,247,18,
utilitaires,Documents,archive photo,,,243,123,
utilitaires,Documents,archive viewer,,,246,87,
utilitaires,Documents,document id,,,242,14,
utilitaires,Documents,document licence,,,248,101,
utilitaires,Documents,document offline,,,243,23,
utilitaires,Documents,document organizer - docuradar,,,250,23,
utilitaires,Documents,document png,,,246,223,
utilitaires,Documents,documents backup,,,243,25,
utilitaires,Documents,documents checklist,,,248,21,
utilitaires,Documents,documents compress,,,249,15,
utilitaires,Documents,documents compressor,,,246,216,
utilitaires,Documents,documents convert,,,247,28,
utilitaires,Documents,documents filter,,,248,9,
utilitaires,Documents,documents id,,,243,3,
utilitaires,Documents,documents image,,,244,14,
utilitaires,Documents,documents merge,,,249,76,
utilitaires,Documents,documents offline,,,244,5,
utilitaires,Documents,documents png,,,249,60,
utilitaires,Documents,documents private,,,243,8,
utilitaires,Documents,documents reminder,,,246,13,
utilitaires,Documents,documents resize,,,250,24,
utilitaires,Documents,documents share,,,245,3,
utilitaires,Documents,file id,,,241,44,
utilitaires,Documents,file image,,,245,178,
utilitaires,Documents,file offline,,,245,8,
utilitaires,Documents,file private,,,235,153,
utilitaires,Documents,files extractor,,,237,95,
utilitaires,Documents,files id,,,242,53,
utilitaires,Documents,files photo,,,250,3,
utilitaires,Documents,files zip,,,246,28,
utilitaires,Documents,folder converter,,,246,131,
utilitaires,Documents,folder edit,,,236,32,
utilitaires,Documents,folder editor,,,242,94,
utilitaires,Documents,folder id,,,244,141,
utilitaires,Documents,folder image,,,229,115,
utilitaires,Documents,folder reader,,,234,78,
utilitaires,Documents,folder viewer,,,236,143,
utilitaires,Documents,folder zip,,,248,224,
utilitaires,Documents,manager compress,,,246,54,
utilitaires,Documents,manager convert,,,238,6,
utilitaires,Documents,manager converter,,,239,9,
utilitaires,Documents,manager edit,,,242,113,
utilitaires,Documents,manager editor,,,240,83,
utilitaires,Documents,manager extractor,,,242,54,
utilitaires,Documents,manager pdf,,,239,32,
utilitaires,Documents,manager viewer,,,233,95,
utilitaires,Documents,manager zip,,,239,175,
utilitaires,Documents,mydok - document organizer,,,247,21,
utilitaires,Documents,organizer compress,,,247,87,
utilitaires,Documents,organizer convert,,,240,5,
utilitaires,Documents,organizer converter,,,241,20,
utilitaires,Documents,organizer edit,,,243,116,
utilitaires,Documents,organizer extractor,,,245,93,
utilitaires,Documents,organizer id,,58,247,128,
utilitaires,Documents,organizer offline,,,248,141,
utilitaires,Documents,organizer pdf,,,242,95,
utilitaires,Documents,organizer reader,,,243,30,
utilitaires,Documents,organizer zip,,,238,125,
utilitaires,Documents,papermind - document organizer,,,248,215,
utilitaires,Documents,papernest - document organizer,,,250,2,
utilitaires,Documents,text editor doc editor,,,237,116,
utilitaires,Documents,file explorer-file manager zip,,,237,228,
utilitaires,Documents,file zipper,,,250,49,
utilitaires,Documents,files offliner,,,244,85,
utilitaires,Documents,image archive viewer,,,244,72,
utilitaires,Documents,markdown file reader,,,250,56,
utilitaires,Documents,solid file explorer,,,250,4,
utilitaires,Documents,offline pdf organizer tools,,,249,134,
utilitaires,Documents,file manager and docs,,,246,1,
utilitaires,Documents,document manager fyle,,,248,2,
utilitaires,Documents,file browser and manager,,,240,5,
utilitaires,Documents,pdf editor. files converter.,,,245,140,
utilitaires,Documents,file manager document explorer,,,222,8,
utilitaires,Documents,document reader all files,,,233,7,
utilitaires,Documents,file manager-file explorer,,,233,220,
utilitaires,Documents,folder-file manager,,,230,14,
utilitaires,Documents,document manager 5 mobile,,,246,17,
utilitaires,Documents,easydoc document manager,,,250,9,
utilitaires,Documents,documents media file,,,245,1,
utilitaires,Documents,document reader -read aloud,,,248,205,
utilitaires,Documents,readle app,,,250,1,
utilitaires,Documents,手机浏览器,,73,245,210,
utilitaires,Documents,face organizer,,,243,176,
utilitaires,Documents,word organizer,,,247,109,
utilitaires,Documents,link folders,,40,233,163,
utilitaires,Documents,manager link,,46,246,234,
utilitaires,Documents,organizer link,,40,247,231,
utilitaires,Documents,organiser link,,40,247,157,
utilitaires,Documents,manager links,,44,248,236,
utilitaires,Documents,links organiser,,40,247,202,
utilitaires,Documents,organiser links,,40,249,169,
utilitaires,Documents,transfroemrs,,,245,138,
utilitaires,Documents,برنامه بله,,,20,10,
utilitaires,Documents,pub file viewer converter,,,250,121,
utilitaires,Documents,fill pdf docs,,,245,129,
utilitaires,Moovit,waze,77,97,249,184,7.80
utilitaires,Moovit,subway,75,90,247,193,7.54
utilitaires,Moovit,transit,72,98,248,3,25.10
utilitaires,Moovit,find my,72,100,248,220,7.08
utilitaires,Moovit,яндекс,66,59,241,201,6.59
utilitaires,Moovit,amtrak,66,93,248,237,6.41
utilitaires,Moovit,nj transit,65,100,248,41,8.88
utilitaires,Moovit,چت جی بی تی,63,86,249,178,6.42
utilitaires,Moovit,سوبر كي,63,93,250,199,6.30
utilitaires,Moovit,bus,62,98,248,7,14.38
utilitaires,Moovit,яндекс карты,61,84,155,66,7.51
utilitaires,Moovit,قوقل,59,,248,221,5.79
utilitaires,Moovit,wayz,58,96,249,120,6.34
utilitaires,Moovit,train time,58,93,246,90,6.70
utilitaires,Moovit,mta traintime,58,89,247,70,7.05
utilitaires,Moovit,mt5,57,98,247,106,6.38
utilitaires,Moovit,trenitalia,57,82,231,9,12.03
utilitaires,Moovit,q,56,95,249,228,5.47
utilitaires,Moovit,vemo,56,91,247,165,5.78
utilitaires,Moovit,via,55,96,250,194,5.52
utilitaires,Moovit,tim,55,91,250,176,5.61
utilitaires,Moovit,moovit,54,95,141,1,54.00
utilitaires,Moovit,city mapper,53,89,248,9,11.19
utilitaires,Moovit,bus tracker,53,91,247,8,11.68
utilitaires,Moovit,谷歌地图,53,89,249,101,5.99
utilitaires,Moovit,ржд,53,,57,30,7.81
utilitaires,Moovit,سوبر لايف,53,,248,113,5.86
utilitaires,Moovit,bus app,52,93,248,7,12.06
utilitaires,Moovit,buz,52,95,219,150,5.46
utilitaires,Moovit,septa,52,91,140,5,13.91
utilitaires,Moovit,new jersey transit,50,88,249,45,6.69
utilitaires,Moovit,blablacar,50,86,119,52,6.47
utilitaires,Moovit,rapid paycard,50,,250,226,4.89
utilitaires,Moovit,transit app,49,96,249,3,17.08
utilitaires,Moovit,move it,48,79,250,1,48.00
utilitaires,Moovit,rome2rio,48,96,248,10,9.76
utilitaires,Moovit,voi,48,93,247,151,5.03
utilitaires,Moovit,buz pro,48,76,244,237,4.66
utilitaires,Moovit,eden,46,94,248,183,4.66
utilitaires,Moovit,ماك,45,,249,170,4.62
utilitaires,Moovit,waze uk,44,84,245,199,4.40
utilitaires,Moovit,star map,43,80,249,242,4.16
utilitaires,Moovit,transit bus train times,43,65,230,75,5.15
utilitaires,Moovit,ياقوت,43,56,248,208,4.27
utilitaires,Moovit,metra chicago,42,47,245,132,4.51
utilitaires,Moovit,movi,41,98,244,3,14.29
utilitaires,Moovit,sube,41,80,236,8,9.04
utilitaires,Moovit,mta train,41,84,249,12,7.84
utilitaires,Moovit,joytify,41,49,250,232,3.99
utilitaires,Moovit,autobus,40,81,250,10,8.13
utilitaires,Moovit,transloc,40,88,28,3,13.94
utilitaires,Moovit,renfe,39,55,80,35,5.53
utilitaires,Moovit,mogo,39,96,247,13,7.27
utilitaires,Moovit,muvi,35,71,74,62,4.36
utilitaires,Moovit,mta bus schedule,35,83,247,7,8.12
utilitaires,Moovit,wanderu,35,51,29,20,5.74
utilitaires,Moovit,amata,35,93,130,117,3.85
utilitaires,Moovit,mta bus time,34,91,245,8,7.49
utilitaires,Moovit,cta,34,97,228,120,3.72
utilitaires,Moovit,nj,34,96,250,12,6.50
utilitaires,Moovit,uta transit,33,82,249,8,7.27
utilitaires,Moovit,mta app,32,80,247,30,4.72
utilitaires,Moovit,miami dade transit,32,91,243,6,7.90
utilitaires,Moovit,itineraire,31,93,245,107,3.46
utilitaires,Moovit,metro bus app,31,86,247,6,7.66
utilitaires,Moovit,boston transit,31,86,245,25,4.79
utilitaires,Moovit,ratp,29,,91,90,3.35
utilitaires,Moovit,nyc transit,29,84,247,231,2.83
utilitaires,Moovit,bas,29,93,249,164,3.00
utilitaires,Moovit,транспорт,29,75,187,5,7.76
utilitaires,Moovit,whiz,28,98,242,11,5.51
utilitaires,Moovit,red bull,28,76,179,174,2.86
utilitaires,Moovit,ontrac,28,100,188,187,2.83
utilitaires,Moovit,watch アプリ,28,85,249,134,3.00
utilitaires,Moovit,movil,27,100,238,2,12.39
utilitaires,Moovit,donde,27,53,241,77,3.22
utilitaires,Moovit,mbt,27,,109,43,3.65
utilitaires,Moovit,train tickets,26,64,205,149,2.73
utilitaires,Moovit,versatrans my stop,25,55,140,127,2.71
utilitaires,Moovit,art luxury bus,24,,214,46,3.19
utilitaires,Moovit,mta bus,23,86,246,49,3.02
utilitaires,Moovit,barcelona metro,22,60,239,14,4.01
utilitaires,Moovit,moov,22,,250,15,3.92
utilitaires,Moovit,香港,21,52,189,60,2.64
utilitaires,Moovit,trenord,21,,36,36,2.96
utilitaires,Moovit,njt,20,97,231,228,1.95
utilitaires,Moovit,viabus,20,86,217,5,5.35
utilitaires,Moovit,bondy,20,95,98,97,2.28
utilitaires,Moovit,trajet,19,90,248,11,3.74
utilitaires,Moovit,official droid,17,,60,40,2.34
utilitaires,Moovit,public transport,16,91,247,3,5.58
utilitaires,Moovit,one stop,16,59,250,11,3.15
utilitaires,Moovit,vinbus,15,43,46,32,2.18
utilitaires,Moovit,subay,10,,248,176,1.02
utilitaires,Moovit,madrid,9,63,195,56,1.15
utilitaires,Moovit,istanbul,9,81,244,2,4.13
utilitaires,Moovit,nyc subway,9,84,248,121,0.98
utilitaires,Moovit,uta,9,96,81,65,1.11
utilitaires,Moovit,bus map,9,95,248,6,2.22
utilitaires,Moovit,brt,9,50,172,168,0.93
utilitaires,Moovit,transporte madrid,9,68,190,7,2.09
utilitaires,Moovit,uk train times,9,,198,31,1.32
utilitaires,Moovit,la metro,9,96,247,22,1.44
utilitaires,Moovit,mticket,9,61,249,226,0.88
utilitaires,Moovit,anda,9,68,172,166,0.93
utilitaires,Moovit,starrail,9,,107,26,1.38
utilitaires,Moovit,watracker,9,89,230,187,0.91
utilitaires,Moovit,wisi,9,,244,82,1.06
utilitaires,Moovit,moveit,8,77,248,1,8.00
utilitaires,Moovit,esta usa,8,,144,131,0.86
utilitaires,Moovit,bus nyc app,8,,203,8,1.76
utilitaires,Moovit,vigo,7,,146,74,0.84
utilitaires,Moovit,bus route,7,82,246,3,2.44
utilitaires,Moovit,moovie,7,77,249,1,7.00
utilitaires,Moovit,itinéraire,7,91,245,116,0.77
utilitaires,Moovit,time passages,7,63,95,86,0.82
utilitaires,Moovit,atp,7,86,166,114,0.77
utilitaires,Moovit,gdl,7,59,210,6,1.73
utilitaires,Moovit,bus routes,6,82,249,2,2.75
utilitaires,Moovit,imobile,6,100,239,121,0.66
utilitaires,Moovit,tmb app,6,47,207,13,1.12
utilitaires,Moovit,go wod,6,49,140,136,0.64
utilitaires,Moovit,ptv journey planner,6,40,249,240,0.58
utilitaires,Moovit,transit go,6,89,249,9,1.27
utilitaires,Moovit,wais,6,95,248,138,0.64
utilitaires,Moovit,simplygo,6,,92,26,0.92
utilitaires,Moovit,cta chicago,6,88,249,168,0.62
utilitaires,Moovit,buen camino de santiago app,6,29,203,26,0.92
utilitaires,Moovit,andante,6,,44,5,1.61
utilitaires,Moovit,bus tickets,5,79,214,46,0.67
utilitaires,Moovit,explore shanghai,5,,195,146,0.53
utilitaires,Moovit,singapore bus,5,89,246,66,0.62
utilitaires,Moovit,public transportation,5,88,250,3,1.74
utilitaires,Moovit,chicago subway,5,92,247,13,0.93
utilitaires,Moovit,star ar,5,,212,202,0.50
utilitaires,Moovit,bux,5,39,203,124,0.54
utilitaires,Moovit,buss,5,94,250,6,1.24
utilitaires,Moovit,transporte,5,100,248,3,1.74
utilitaires,Moovit,metro barcelona,5,47,242,116,0.55
utilitaires,Moovit,bus timetable,5,,181,6,1.24
utilitaires,Moovit,putlocker,5,84,229,221,0.49
utilitaires,Moovit,oc1,5,86,205,127,0.54
utilitaires,Moovit,lio,5,50,98,43,0.68
utilitaires,Moovit,trasit,5,,217,3,1.74
utilitaires,Moovit,google transit,5,91,248,4,1.49
utilitaires,Moovit,subway food,5,,193,143,0.53
utilitaires,Moovit,subway australia,5,77,146,60,0.63
utilitaires,Moovit,버스알림,5,58,248,170,0.51
utilitaires,Moovit,rat on a snowboard,5,,160,79,0.59
utilitaires,Moovit,naples,5,53,200,59,0.63
utilitaires,Moovit,direction map,5,,201,104,0.56
utilitaires,Moovit,maps and directions,5,,221,108,0.56
utilitaires,Moovit,motorcycle route planner,5,,224,81,0.59
utilitaires,Moovit,horaires me,5,84,250,44,0.67
utilitaires,Moovit,map my ride by under armour,5,85,137,103,0.56
utilitaires,Moovit,barcelona bus,5,58,227,8,1.10
utilitaires,Moovit,gowod,5,59,95,93,0.57
utilitaires,Moovit,bus tracking,5,94,247,6,1.24
utilitaires,Moovit,transporte barcelona,5,85,248,62,0.62
utilitaires,Moovit,metro bcn,5,62,149,7,1.16
utilitaires,Moovit,live bus times,5,49,227,150,0.52
utilitaires,Moovit,marseille,5,95,194,8,1.10
utilitaires,Moovit,nj transit app,5,,190,7,1.16
utilitaires,Moovit,cyprus,5,57,189,126,0.54
utilitaires,Moovit,pro bus rome,5,62,193,3,1.74
utilitaires,Moovit,route recorder,5,,219,72,0.60
utilitaires,Moovit,quebec,5,57,250,12,0.96
utilitaires,Moovit,montreal,5,90,242,13,0.93
utilitaires,Moovit,horário,5,81,245,235,0.49
utilitaires,Moovit,adelaide,5,66,158,7,1.16
utilitaires,Moovit,маршрут,5,72,247,10,1.02
utilitaires,Moovit,temps réel,5,48,189,68,0.61
utilitaires,Moovit,gps route finder,5,78,202,28,0.75
utilitaires,Moovit,my links,5,61,241,199,0.50
utilitaires,Moovit,durham,5,81,178,12,0.96
utilitaires,Moovit,one stop shop,5,,227,60,0.63
utilitaires,Moovit,marta,5,,163,12,0.96
utilitaires,Moovit,pace bus,5,92,248,13,0.93
utilitaires,Moovit,miio,5,41,67,57,0.63
utilitaires,Moovit,nyc bus,5,89,248,127,0.54
utilitaires,Moovit,transporte publico,5,82,208,2,2.29
utilitaires,Moovit,metro de barcelona,5,72,45,23,0.79
utilitaires,Moovit,madrid mbc,5,43,212,159,0.52
utilitaires,Moovit,gtt,5,46,154,145,0.53
utilitaires,Moovit,ligero,5,44,153,62,0.62
utilitaires,Moovit,bus barcelona,5,71,248,6,1.24
utilitaires,Moovit,temps bus,5,61,66,1,5.00
utilitaires,Moovit,horaires,5,52,245,209,0.50
utilitaires,Moovit,mlink,5,79,63,27,0.76
utilitaires,Moovit,asf,5,46,70,64,0.62
utilitaires,Moovit,bus fahrplan,5,55,249,7,1.16
utilitaires,Moovit,atm finder,5,30,211,171,0.51
utilitaires,Moovit,mobile facilities,5,,246,68,0.61
utilitaires,Moovit,train timetable,5,,208,53,0.64
utilitaires,Moovit,bus madrid,5,49,250,14,0.91
utilitaires,Moovit,moovel,5,35,141,10,1.02
utilitaires,Moovit,transporte publico barcelona,5,67,230,9,1.06
utilitaires,Moovit,transit tracker,5,92,228,7,1.16
utilitaires,Moovit,bpmn,5,34,211,103,0.56
utilitaires,Moovit,bus station,5,98,248,4,1.49
utilitaires,Moovit,autobuses madrid,5,40,250,14,0.91
utilitaires,Moovit,transporte publico madrid,5,40,249,19,0.83
utilitaires,Moovit,tmb app metro bus barcelona,5,53,10,5,1.34
utilitaires,Moovit,巴士,5,57,235,11,0.98
utilitaires,Moovit,moot,5,74,246,12,0.96
utilitaires,Moovit,ttc transit,5,81,189,8,1.10
utilitaires,Moovit,subway coupons,5,,207,144,0.53
utilitaires,Moovit,buses madrid,5,44,250,13,0.93
utilitaires,Moovit,barcelone paris,5,85,236,182,0.51
utilitaires,Moovit,real madrid paris,5,79,4,4,1.49
utilitaires,Moovit,my e training,5,,233,99,0.57
utilitaires,Moovit,navy prt,5,77,228,228,0.49
utilitaires,Moovit,próximo bus barcelona,5,68,248,4,1.49
utilitaires,Moovit,proximo bus barcelona,5,59,36,5,1.34
utilitaires,Moovit,timp,5,,37,7,1.16
utilitaires,Moovit,toque,5,92,183,126,0.54
utilitaires,Moovit,行程規劃,5,87,239,181,0.51
utilitaires,Moovit,udi,5,66,195,183,0.51
utilitaires,Moovit,mapa metro madrid,5,40,220,33,0.72
utilitaires,Moovit,train timer,5,,231,113,0.55
utilitaires,Moovit,protracker plus,5,,219,27,0.76
utilitaires,Moovit,stopit,5,55,239,229,0.49
utilitaires,Moovit,metro bangalore,5,,247,60,0.63
utilitaires,Moovit,myra,5,100,236,47,0.66
utilitaires,Moovit,маршрутки,5,46,250,10,1.02
utilitaires,Moovit,cali move,5,49,184,183,0.51
utilitaires,Moovit,fly one,5,,108,103,0.56
utilitaires,Moovit,pull tabs,5,,61,9,1.06
utilitaires,Moovit,nx bus,5,73,32,8,1.10
utilitaires,Moovit,corredor,5,85,239,8,1.10
utilitaires,Moovit,bus times uk,5,57,239,73,0.60
utilitaires,Moovit,j&t,5,,201,199,0.50
utilitaires,Moovit,plano metro madrid,5,40,235,95,0.57
utilitaires,Moovit,subwy,5,80,247,234,0.49
utilitaires,Moovit,proximo bus,5,57,36,5,1.34
utilitaires,Moovit,yomo,5,87,208,167,0.52
utilitaires,Moovit,madrid transporte,5,66,166,8,1.10
utilitaires,Moovit,interurbanos madrid,5,40,236,31,0.73
utilitaires,Moovit,cyprus bus,5,53,248,10,1.02
utilitaires,Moovit,mapa metro,5,56,250,105,0.56
utilitaires,Moovit,másmóvil,5,,120,110,0.56
utilitaires,Moovit,tie a tie,5,,214,185,0.51
utilitaires,Moovit,cooee,5,70,14,13,0.93
utilitaires,Moovit,horarios autobuses barcelona,5,36,235,125,0.54
utilitaires,Moovit,cercanias,5,49,77,47,0.66
utilitaires,Moovit,onebusaway,5,97,249,4,1.49
utilitaires,Moovit,one bus away,5,96,248,4,1.49
utilitaires,Moovit,translink bc,5,90,175,24,0.78
utilitaires,Moovit,no time,5,,190,97,0.57
utilitaires,Moovit,copiar y pegar,5,40,241,217,0.49
utilitaires,Moovit,transit maps,5,89,247,5,1.34
utilitaires,Moovit,vervoer,5,49,248,141,0.53
utilitaires,Moovit,live bus,5,83,247,2,2.29
utilitaires,Moovit,cta train tracker,5,43,238,13,0.93
utilitaires,Moovit,bus verona,5,,250,12,0.96
utilitaires,Moovit,móvil,5,83,241,2,2.29
utilitaires,Moovit,R6  tracker,5,85,238,123,0.54
utilitaires,Moovit,узнать,5,40,233,121,0.55
utilitaires,Moovit,card2phone,5,,240,107,0.56
utilitaires,Moovit,tv-two watch,5,90,227,174,0.51
utilitaires,Moovit,ov info,5,75,42,8,1.10
utilitaires,Moovit,le mans live,5,,209,150,0.52
utilitaires,Moovit,aplicación oficial,5,53,130,62,0.62
utilitaires,Moovit,saatleri,5,45,211,47,0.66
utilitaires,Moovit,on my way,5,,202,52,0.65
utilitaires,Moovit,all-in-one live,5,86,247,155,0.52
utilitaires,Moovit,شمارش گر ذکر,5,87,275,93,0.57
utilitaires,Moovit,clean time,5,,236,189,0.50
utilitaires,Moovit,transit app online,5,90,241,23,0.79
utilitaires,Moovit,transit application,5,90,237,22,0.80
utilitaires,Moovit,metro tracker,5,90,249,4,1.49
utilitaires,Moovit,metro tracker app,5,89,249,4,1.49
utilitaires,Moovit,bus schedule,5,94,247,2,2.29
utilitaires,Moovit,start watching,5,98,240,150,0.52
utilitaires,Moovit,רכבת ישראל,5,83,250,2,2.29
utilitaires,Moovit,янд,5,57,65,65,0.62
utilitaires,Moovit,stio,5,,228,134,0.54
utilitaires,Moovit,transit subway & bus times,5,77,246,4,1.49
utilitaires,Moovit,chicago metra,5,43,238,11,0.98
utilitaires,Moovit,bus line,5,,248,2,2.29
utilitaires,Moovit,madrid bus,5,63,170,2,2.29
utilitaires,Moovit,movie star 2,5,,163,107,0.56
utilitaires,Moovit,nextthere,5,42,41,39,0.69
utilitaires,Moovit,기자,5,49,239,60,0.63
utilitaires,Moovit,תשלום,5,40,31,16,0.87
utilitaires,Moovit,transport bangalore,5,56,2,2,2.29
utilitaires,Moovit,super 8 near me,5,75,38,30,0.74
utilitaires,Moovit,movie info - search movies,5,32,44,30,0.74
utilitaires,Moovit,city bus official,5,96,24,7,1.16
utilitaires,Moovit,rtp1,5,88,247,120,0.55
utilitaires,Moovit,bus service,5,95,249,93,0.57
utilitaires,Moovit,room auto,5,44,248,166,0.52
utilitaires,Moovit,app and,5,81,236,224,0.49
utilitaires,Moovit,subway surfers new york,5,,171,133,0.54
utilitaires,Moovit,séta app,5,80,248,40,0.69
utilitaires,Moovit,metart,5,86,247,10,1.02
utilitaires,Moovit,مباراة باريس سان جيرمان,5,91,272,122,0.55
utilitaires,Moovit,المباراة القادمة باريس سان جيرمان,5,91,272,118,0.55
utilitaires,Moovit,يلا كورة تعيش,5,92,275,151,0.52
utilitaires,Moovit,easy training plans,5,17,203,40,0.69
utilitaires,Moovit,蛾,5,83,249,195,0.50
utilitaires,Moovit,wazir,5,95,248,155,0.52
utilitaires,Moovit,hawaii beaches,5,53,49,20,0.82
utilitaires,Moovit,Moo,5,91,247,15,0.89
utilitaires,Moovit,bulma,5,74,220,29,0.74
utilitaires,Moovit,عبارات,5,30,231,63,0.62
utilitaires,Moovit,санкт-петербург,5,49,178,14,0.91
utilitaires,Moovit,footlong,5,87,207,97,0.57
utilitaires,Moovit,root mobile,5,72,226,50,0.65
utilitaires,Moovit,lstanbul,5,67,242,3,1.74
utilitaires,Moovit,tren saatleri,5,49,250,2,2.29
utilitaires,Moovit,start moving,5,87,223,166,0.52
utilitaires,Moovit,haritası,5,89,241,87,0.58
utilitaires,Moovit,orari,5,45,237,9,1.06
utilitaires,Moovit,mobiletrans-phone,5,59,199,54,0.64
utilitaires,Moovit,2 t o6,5,77,243,200,0.50
utilitaires,Moovit,online transport,5,41,165,26,0.76
utilitaires,Moovit,online transport  transport services,5,93,230,1,5.00
utilitaires,Moovit,easy link,5,56,219,85,0.58
utilitaires,Moovit,easy start,5,37,143,128,0.54
utilitaires,Moovit,transit card,5,93,220,19,0.83
utilitaires,Moovit,ar-7,5,96,245,156,0.52
utilitaires,Moovit,ge chef connect,5,,220,89,0.58
utilitaires,Moovit,direction app,5,73,209,50,0.65
utilitaires,Moovit,chicago public transport,5,88,230,59,0.63
utilitaires,Moovit,mobile aplikasi,5,97,208,16,0.87
utilitaires,Moovit,all-,5,47,227,114,0.55
utilitaires,Moovit,movie it,5,,193,1,5.00
utilitaires,Moovit,l train chicago,5,40,213,137,0.53
utilitaires,Moovit,community transit,5,,226,8,1.10
utilitaires,Moovit,metro bus houston,5,,209,5,1.34
utilitaires,Moovit,bus nearby,5,82,249,2,2.29
utilitaires,Moovit,barcelona transportes,5,80,166,3,1.74
utilitaires,Moovit,atacado,5,,167,53,0.64
utilitaires,Moovit,bus stop times,5,,238,48,0.66
utilitaires,Moovit,live bus tracker,5,72,249,3,1.74
utilitaires,Moovit,uk bus times,5,88,197,6,1.24
utilitaires,Moovit,train schedules,5,58,247,31,0.73
utilitaires,Moovit,地图路线,5,60,234,96,0.57
utilitaires,Moovit,madrid tarjeta,5,32,48,21,0.81
utilitaires,Moovit,reel tracker,5,90,248,156,0.52
utilitaires,Moovit,plano metro,5,40,230,100,0.57
utilitaires,Moovit,bus stations,5,94,248,4,1.49
utilitaires,Moovit,rapid shot,5,55,196,179,0.51
utilitaires,Moovit,bus train,5,,244,4,1.49
utilitaires,Moovit,fahre,5,45,119,76,0.60
utilitaires,Moovit,富途牛牛,5,74,122,36,0.70
utilitaires,Moovit,horario bus,5,78,68,4,1.49
utilitaires,Moovit,S&P,5,100,239,52,0.65
utilitaires,Moovit,Helsinki,5,81,248,7,1.16
utilitaires,Moovit,horarios bus barcelona,5,49,4,1,5.00
utilitaires,Moovit,horari metro,5,74,49,13,0.93
utilitaires,Moovit,super res,5,90,238,224,0.49
utilitaires,Moovit,app &,5,68,242,220,0.49
utilitaires,Moovit,no nu,5,98,212,140,0.53
utilitaires,Moovit,mta bus times,5,78,246,13,0.93
utilitaires,Moovit,los angeles transit,5,94,246,20,0.82
utilitaires,Moovit,que app,5,,229,128,0.54
utilitaires,Moovit,san diego metropolitan transit system,5,88,174,6,1.24
utilitaires,Moovit,tallinna transport,5,53,227,77,0.60
utilitaires,Moovit,2yo,5,48,230,201,0.50
utilitaires,Moovit,184,5,46,141,65,0.62
utilitaires,Moovit,pubblico,5,79,231,3,1.74
utilitaires,Moovit,tmb app barcelona,5,56,15,6,1.24
utilitaires,Moovit,tmb bus barcelona,5,56,11,7,1.16
utilitaires,Moovit,mapa metro barcelona,5,37,143,14,0.91
utilitaires,Moovit,barcelona transporte,5,40,164,11,0.98
utilitaires,Moovit,renfe catalunya,5,29,18,12,0.96
utilitaires,Moovit,renfe barcelona,5,61,46,9,1.06
utilitaires,Moovit,line voom,5,,239,62,0.62
utilitaires,Moovit,easy todo app,5,60,204,47,0.66
utilitaires,Moovit,ühistransport,5,70,232,4,1.49
utilitaires,Moovit,实时位置,5,66,187,12,0.96
utilitaires,Moovit,hungary public transit,5,67,247,212,0.49
utilitaires,Moovit,ponto cruz,5,,70,29,0.74
utilitaires,Moovit,free app bus stop,5,56,245,57,0.63
utilitaires,Moovit,tv time tracker,5,44,216,34,0.71
utilitaires,Moovit,Navigate cities,5,86,221,9,1.06
utilitaires,Moovit,Pulse Map,5,38,181,42,0.68
utilitaires,Moovit,时间���划,5,71,230,117,0.55
utilitaires,Moovit,easy stop motion,5,62,230,104,0.56
utilitaires,Moovit,próximo bus,5,60,44,8,1.10
utilitaires,Moovit,shanghai  beijing  shenzhen,5,4,168,7,1.16
utilitaires,Moovit,sour,5,,236,204,0.50
utilitaires,Moovit,proxim bus barcelona,5,52,33,10,1.02
utilitaires,Moovit,mapa del metro de barcelona,5,49,15,9,1.06
utilitaires,Moovit,mapa del metro barcelona,5,49,15,9,1.06
utilitaires,Moovit,transporte público barcelona,5,49,10,7,1.16
utilitaires,Moovit,metro station,5,92,220,147,0.53
utilitaires,Moovit,یالا,5,,235,170,0.51
utilitaires,Moovit,یلا,5,57,226,173,0.51
utilitaires,Moovit,instanbul,5,69,246,3,1.74
utilitaires,Moovit,garden of eden,5,92,209,144,0.53
utilitaires,Moovit,train tracking,5,73,245,11,0.98
utilitaires,Moovit,movita,5,,20,4,1.49
utilitaires,Moovit,mts schedule,5,76,216,8,1.10
utilitaires,Moovit,public transit app,5,82,248,3,1.74
utilitaires,Moovit,bus timing,5,,194,7,1.16
utilitaires,Moovit,public transit map,5,91,235,163,0.52
utilitaires,Moovit,subway & bus times,5,76,227,19,0.83
utilitaires,Moovit,live transit times,5,70,208,86,0.58
utilitaires,Moovit,public transportation app,5,82,250,3,1.74
utilitaires,Moovit,Move One,5,49,224,89,0.58
utilitaires,Moovit,实时地图,5,84,226,19,0.83
utilitaires,Moovit,方向,5,52,216,66,0.62
utilitaires,Moovit,路线记录,5,53,238,100,0.57
utilitaires,Moovit,实时,5,68,248,196,0.50
utilitaires,Moovit,bas c,5,86,232,206,0.50
utilitaires,Moovit,tempo info,5,56,26,15,0.89
utilitaires,Moovit,tư vấn y tế online,5,94,232,118,0.55
utilitaires,Moovit,Momego: Bus & Train Tracker,5,72,30,9,1.06
utilitaires,Moovit,mts bus routes,5,78,15,6,1.24
utilitaires,Moovit,movei tracker,5,43,244,219,0.49
utilitaires,Moovit,Apple Pay tracker,5,60,247,150,0.52
utilitaires,Moovit,öpnv info,5,46,14,8,1.10
utilitaires,Moovit,the movie tracker,5,52,208,64,0.62
utilitaires,Moovit,the movies tracker,5,55,210,185,0.51
utilitaires,Moovit,Ps2l,5,54,124,47,0.66
utilitaires,Moovit,online via,5,40,150,48,0.66
utilitaires,Moovit,räts spiel,5,40,212,57,0.63
utilitaires,Moovit,1-stop digital,5,74,59,12,0.96
utilitaires,Moovit,moons time tracking,5,59,247,97,0.57
utilitaires,Moovit,Time Kit,5,44,242,177,0.51
utilitaires,Moovit,my hpp,5,43,238,236,0.49
utilitaires,Moovit,voyag,5,68,236,156,0.52
utilitaires,Moovit,easy click,5,92,239,217,0.49
utilitaires,Moovit,moved,5,77,246,2,2.29
utilitaires,Moovit,sam gov,5,85,227,127,0.54
utilitaires,Moovit,bv 2,5,87,226,151,0.52
utilitaires,Moovit,route warrior,5,,220,89,0.58
utilitaires,Moovit,Rate Us,5,43,178,116,0.55
utilitaires,Moovit,krl access,5,58,14,3,1.74
utilitaires,Moovit,rabbit r1,5,78,16,16,0.87
utilitaires,Moovit,movie journey,5,29,23,15,0.89
utilitaires,Moovit,motivation to move,5,62,8,6,1.24
utilitaires,Moovit,siga-me,5,,18,13,0.93
utilitaires,Moovit,Auto Pegar,5,34,67,15,0.89
utilitaires,Moovit,tt tracker,5,93,211,13,0.93
utilitaires,Moovit,subway feed,5,,194,180,0.51
utilitaires,Moovit,subway kuwait,5,,203,178,0.51
utilitaires,Moovit,vit c,5,66,80,35,0.71
utilitaires,Moovit,paris transit,5,,184,9,1.06
utilitaires,Moovit,onme,5,,227,216,0.49
utilitaires,Moovit,lich van nien,5,,229,50,0.65
utilitaires,Moovit,rtap,5,48,138,132,0.54
utilitaires,Moovit,All-in-One Travel App,5,64,242,213,0.49
utilitaires,Moovit,one-stop,5,54,235,11,0.98
utilitaires,Moovit,tan schedule,5,83,15,12,0.96
utilitaires,Moovit,ride wait time,5,38,203,113,0.55
utilitaires,Moovit,All sim checker,5,87,7,4,1.49
utilitaires,Moovit,tower hanoi,5,89,196,85,0.58
utilitaires,Moovit,track moview,5,38,208,129,0.54
utilitaires,Moovit,stop motioon,5,75,247,85,0.58
utilitaires,Moovit,easy todo,5,80,238,224,0.49
utilitaires,Moovit,GOWAD,5,49,38,38,0.70
utilitaires,Moovit,iron dome,5,82,204,34,0.71
utilitaires,Moovit,搜尋,5,92,241,28,0.75
utilitaires,Moovit,find time,5,79,232,41,0.68
utilitaires,Moovit,tracker stop,5,45,237,115,0.55
utilitaires,Moovit,p-link,5,73,230,102,0.56
utilitaires,Moovit,santify,5,83,220,215,0.49
utilitaires,Moovit,vit d tracker,5,55,40,12,0.96
utilitaires,Moovit,a.r.,5,82,241,26,0.76
utilitaires,Moovit,oi oi,5,100,136,126,0.54
utilitaires,Moovit,waup,5,97,248,128,0.54
utilitaires,Moovit,find them,5,57,189,185,0.51
utilitaires,Moovit,munie,5,35,113,25,0.77
utilitaires,Moovit,autobús y tren,5,83,222,2,2.29
utilitaires,Moovit,schedule tracking,5,46,246,214,0.49
utilitaires,Moovit,directory map,5,37,121,46,0.67
utilitaires,Moovit,mapper app,5,70,200,46,0.67
utilitaires,Moovit,wa me,5,93,247,246,0.48
utilitaires,Moovit,büzer,5,44,27,6,1.24
utilitaires,Moovit,time training,5,50,235,52,0.65
utilitaires,Moovit,go+,5,96,171,151,0.52
utilitaires,Moovit,tafi,5,77,34,16,0.87
utilitaires,Moovit,phone use time tracker,5,56,226,29,0.74
utilitaires,Moovit,live planning,5,70,216,138,0.53
utilitaires,Moovit,trense,5,43,234,136,0.53
utilitaires,Moovit,one-stop ai,5,89,240,160,0.52
utilitaires,Moovit,all-access ai,5,67,32,19,0.83
utilitaires,Moovit,moive tracker,5,36,237,198,0.50
utilitaires,Moovit,schedule love,5,17,233,231,0.49
utilitaires,Moovit,corredores,5,77,218,132,0.54
utilitaires,Moovit,hoa,5,69,246,84,0.59
utilitaires,Moovit,ay planner,5,10,237,52,0.65
utilitaires,Moovit,tp map,5,,249,232,0.49
utilitaires,Moovit,near by finder,5,34,232,26,0.76
utilitaires,Moovit,auto shot tracker,5,,229,41,0.68
utilitaires,Moovit,schedule i,5,,241,213,0.49
utilitaires,Moovit,date city,5,,12,5,1.34
utilitaires,Moovit,commute guide,5,,10,3,1.74
utilitaires,Moovit,مباشر بث,5,82,246,172,0.51
utilitaires,Moovit,tracker training,5,40,243,89,0.58
utilitaires,Moovit,subo,5,93,84,5,1.34
utilitaires,Moovit,link traacker,5,63,231,54,0.64
utilitaires,Moovit,real-time bus,5,,243,143,0.53
utilitaires,Moovit,ulock,5,,38,20,0.82
utilitaires,Moovit,muvik,5,82,235,151,0.52
utilitaires,Moovit,super-res,5,90,236,226,0.49
utilitaires,Moovit,live super-res,5,,64,32,0.73
utilitaires,Moovit,mj tracker,5,,17,3,1.74
utilitaires,Moovit,wa track,5,86,242,222,0.49
utilitaires,Moovit,time tracker: moons,5,57,248,155,0.52
utilitaires,Moovit,port my number,5,,43,26,0.76
utilitaires,Moovit,istanbul city guide,5,,138,38,0.70
utilitaires,Moovit,c9,5,40,176,116,0.55
utilitaires,Moovit,trands tracker,5,,249,185,0.51
utilitaires,Moovit,best option,5,75,184,33,0.72
utilitaires,Moovit,micros and macros,5,,60,21,0.81
utilitaires,Moovit,%E5%A5%A5%E7%BB%B4%E5%9C%B0%E5%9B%BE,5,75,247,125,0.54
utilitaires,Moovit,star%20planet%20finder,5,74,195,61,0.63
utilitaires,Moovit,nfta%20metgo,5,59,211,7,1.16
utilitaires,Moovit,%D0%B4%D0%BE%D1%81%D1%82%D0%B0%D0%B2%D0%BA%D0%B0,5,83,187,155,0.52
utilitaires,Moovit,%E6%A1%83%E6%BA%90%E6%B7%B1%E5%A4%84%E6%9C%89%E4%BA%BA%E5%AE%B6,5,75,246,154,0.52
utilitaires,Moovit,%E6%89%8B%E5%8A%A8%E6%8C%A1%E5%81%9C%E8%BD%A6%E5%9C%BA,5,74,248,135,0.54
utilitaires,Moovit,%E7%88%B1%E6%80%9D%E5%8A%A9%E6%89%8B,5,71,243,69,0.61
utilitaires,Moovit,%E6%89%8B%E6%9C%BA%E7%AE%A1%E5%AE%B6,5,94,247,198,0.50
utilitaires,Moovit,%E7%BB%98%E7%94%BB,5,86,242,207,0.50
utilitaires,Moovit,%DA%A9%D8%A7%D9%84%D8%B1%DB%8C%20%D8%B4%D9%85%D8%A7%D8%B1%20%DA%A9%D8%B1%D9%81%D8%B3,5,87,246,184,0.51
utilitaires,Moovit,london%20bus,5,74,196,40,0.69
utilitaires,Moovit,%E6%8B%9B%E5%95%86%E9%93%B6%E8%A1%8C,5,87,247,85,0.58
utilitaires,Moovit,%E6%97%A5%E6%9C%AC,5,44,246,67,0.61
utilitaires,Moovit,nyc%20metro,5,73,201,6,1.24
utilitaires,Moovit,mta%20lirr,5,68,195,21,0.81
utilitaires,Moovit,%E5%96%B5%E5%96%B5,5,76,248,203,0.50
utilitaires,Moovit,mta%20bus%20tracker,5,73,184,5,1.34
utilitaires,Moovit,%D8%A8%D8%B1%D9%86%D8%A7%D9%85%D8%AC%20%D8%B1%D9%8A%D8%A7%D8%B6%D9%87,5,98,215,130,0.54
utilitaires,Moovit,google%20star%20map,5,84,132,101,0.56
utilitaires,Moovit,omny%20mta,5,71,198,17,0.86
utilitaires,Moovit,bc%20transit,5,81,219,25,0.77
utilitaires,Moovit,%E6%8D%A2%E6%9C%BA%E5%8A%A9%E6%89%8B,5,74,246,118,0.55
utilitaires,Moovit,umo%20app,5,79,217,59,0.63
utilitaires,Moovit,%E8%A1%97%E6%9C%BA,5,95,105,74,0.60
utilitaires,Moovit,%D8%B9%D8%B1%D8%A8%D9%8A,5,98,247,191,0.50
utilitaires,Moovit,nyc%20transit,5,75,205,21,0.81
utilitaires,Moovit,mta%20transit,5,72,196,6,1.24
utilitaires,Moovit,%D8%A8%D8%B1%D9%86%D8%A7%D9%85%D8%AC%20%D8%B5%D9%88%D8%B1,5,97,147,99,0.57
utilitaires,Moovit,metro%20bus%20app,5,59,221,26,0.76
utilitaires,Moovit,ventra%20app,5,70,211,29,0.74
utilitaires,Moovit,ddot%20bus%20tracker,5,41,197,10,1.02
utilitaires,Moovit,%E5%81%A5%E8%BA%AB,5,83,124,21,0.81
utilitaires,Moovit,sound%20transit,5,70,191,24,0.78
utilitaires,Moovit,mta%20train%20time,5,61,239,233,0.49
utilitaires,Moovit,transit%20subway%20bus%20times,5,57,190,3,1.74
utilitaires,Moovit,%D1%81%D1%82%D0%B8%D0%BA%D0%B5%D1%80%D1%8B,5,71,248,58,0.63
utilitaires,Moovit,t%20mobilitat,5,35,238,12,0.96
utilitaires,Moovit,cta%20chicago,5,59,189,34,0.71
utilitaires,Moovit,transit%20go%20seattle,5,64,179,6,1.24
utilitaires,Moovit,transit%20app,5,61,178,22,0.80
utilitaires,Moovit,%E6%98%9F%E5%BA%A7,5,75,101,10,1.02
utilitaires,Moovit,penn%20station,5,62,203,34,0.71
utilitaires,Moovit,%E7%88%B1%E5%A5%87%E8%89%BA,5,72,241,146,0.53
utilitaires,Moovit,ventra%20chicago,5,71,236,83,0.59
utilitaires,Moovit,ttc%20watch,5,49,195,20,0.82
utilitaires,Moovit,free%20macros%20tracker,5,50,247,38,0.70
utilitaires,Moovit,san%20diego%20transit,5,70,233,205,0.50
utilitaires,Moovit,translink%20vancouver,5,74,194,5,1.34
utilitaires,Moovit,%E6%B5%B7%E5%B2%9B%E5%A5%87%E5%85%B5,5,38,248,213,0.49
utilitaires,Moovit,tfl%20go,5,69,207,9,1.06
utilitaires,Moovit,barcelona%20transportes,5,60,193,5,1.34
utilitaires,Moovit,seattle%20transit,5,54,200,24,0.78
utilitaires,Moovit,easystar,5,,222,58,0.63
utilitaires,Moovit,rome city guide,5,44,126,99,0.57
utilitaires,Moovit,on%20the%20go%20map,5,,216,172,0.51
utilitaires,Moovit,transit%20stop,5,,192,5,1.34
utilitaires,Moovit,public%20transport,5,,243,3,1.74
utilitaires,Moovit,autobuses%20madrid,5,,210,6,1.24
utilitaires,Moovit,one%20bus%20away,5,,247,233,0.49
utilitaires,Moovit,comboios%20de%20portugal,5,,225,9,1.06
utilitaires,Moovit,mta%20bus%20time,5,71,243,139,0.53
utilitaires,Moovit,transporte%20publico,5,,238,3,1.74
utilitaires,Moovit,track my travel,5,,217,86,0.58
utilitaires,Moovit,no plans,5,,231,164,0.52
utilitaires,Moovit,no plan,5,,227,188,0.50
utilitaires,Moovit,watch business card,5,,219,209,0.50
utilitaires,Moovit,nine g,5,,195,160,0.52
utilitaires,Moovit,ruta mapa,5,83,246,91,0.58
utilitaires,Moovit,mapa rota,5,76,249,177,0.51
utilitaires,Moovit,地图 路线,5,46,244,182,0.51
utilitaires,Moovit,خريطة مسار,5,40,246,57,0.63
utilitaires,Moovit,رحلة مسار,5,57,250,50,0.65
utilitaires,Moovit,[on the way],5,62,235,165,0.52
utilitaires,Moovit,korea transit card,5,,225,21,0.81
utilitaires,Moovit,global planner,5,,249,120,0.55
utilitaires,Moovit,tiem tracking,5,,243,153,0.52
utilitaires,Moovit,auto tracking watch,5,86,245,178,0.51
utilitaires,Moovit,1k clicks,5,,229,135,0.54
utilitaires,Moovit,1m clicks,5,,192,32,0.73
utilitaires,Moovit,com.mta.,5,,189,15,0.89
utilitaires,Moovit,fing my,5,97,248,196,0.50
utilitaires,Moovit,moving tracker,5,,216,103,0.56
utilitaires,Moovit,melbourne maps,5,,83,58,0.63
utilitaires,Moovit,bus and transit tracker,5,,181,2,2.29
utilitaires,Moovit,go live sim,5,80,201,115,0.55
utilitaires,Moovit,check man,5,84,219,116,0.55
utilitaires,Moovit,travel cities,5,,214,166,0.52
utilitaires,Moovit,real time pulse,5,,244,223,0.49
utilitaires,Moovit,splash - smart rides,5,,223,25,0.77
utilitaires,Moovit,re watching,5,,222,46,0.67
utilitaires,Moovit,fenix mobile,5,,166,109,0.56
utilitaires,Moovit,onmyway,5,,193,44,0.67
utilitaires,Moovit,cruza,5,44,230,170,0.51
utilitaires,Moovit,必备,5,55,248,77,0.60
utilitaires,Moovit,septum,5,,50,8,1.10
utilitaires,Moovit,orare,5,,221,3,1.74
utilitaires,Moovit,hoa tracker,5,,249,2,2.29
utilitaires,Moovit,moviq,5,98,241,110,0.56
utilitaires,Moovit,lichj,5,,245,74,0.60
utilitaires,Moovit,click once,5,,212,141,0.53
utilitaires,Moovit,google directions open in waze,5,,148,53,0.64
utilitaires,Moovit,globals tracker,5,87,247,133,0.54
utilitaires,Moovit,global tracker free,5,49,250,85,0.58
utilitaires,Moovit,global tracker app,5,48,244,40,0.69
utilitaires,Moovit,global tracker tracker,5,55,246,96,0.57
utilitaires,Moovit,global trackers,5,,250,55,0.64
utilitaires,Moovit,passport app tracker,5,,226,86,0.58
utilitaires,Moovit,passport tracker app,5,,229,42,0.68
utilitaires,Moovit,passport tracker tracker,5,48,249,244,0.48
utilitaires,Moovit,commute time tracker,5,40,247,244,0.48
utilitaires,Moovit,uk live train & bus times,5,,213,6,1.24
utilitaires,Moovit,move to os,5,,230,161,0.52
utilitaires,Moovit,moovai,5,,163,1,5.00
utilitaires,Moovit,isru,5,,233,215,0.49
utilitaires,Moovit,pianificatore di percorso,5,,229,3,1.74
utilitaires,Moovit,rome2rio app,5,66,247,22,0.80
utilitaires,Moovit,rome2rio planner,5,40,246,185,0.51
utilitaires,Moovit,rome2rio route planner,5,45,243,133,0.54
utilitaires,Moovit,rome2rio transport planner,5,40,238,14,0.91
utilitaires,Moovit,planner route map,5,,203,97,0.57
utilitaires,Moovit,sostop,5,79,248,222,0.49
utilitaires,Moovit,apulse,5,,237,152,0.52
utilitaires,Moovit,https://apps.apple.com/us/app/mu%c3%a9-o,5,,244,182,0.51
utilitaires,Moovit,city redesign,5,,205,10,1.02
utilitaires,Moovit,subway widget,5,80,203,196,0.50
utilitaires,Moovit,nyc bus times,5,,248,124,0.54
utilitaires,Moovit,j train schedule,5,,198,24,0.78
utilitaires,Moovit,train tracker nyc,5,,204,11,0.98
utilitaires,Moovit,mta app alternative,5,,198,18,0.84
utilitaires,Moovit,how to ride nyc subway,5,,180,42,0.68
utilitaires,Moovit,q train times,5,,190,7,1.16
utilitaires,Moovit,commute app nyc,5,,189,17,0.86
utilitaires,Moovit,planned work mta,5,,194,13,0.93
utilitaires,Moovit,peak hours subway,5,,194,15,0.89
utilitaires,Moovit,subway app no tracking,5,,209,17,0.86
utilitaires,Moovit,fast transit app,5,,191,3,1.74
utilitaires,Moovit,google maps transit nyc,5,,215,77,0.60
utilitaires,Moovit,b train schedule,5,,191,15,0.89
utilitaires,Moovit,n train schedule,5,,244,212,0.49
utilitaires,Moovit,transit widget ios,5,,215,39,0.69
utilitaires,Moovit,citymapper alternative,5,,109,7,1.16
utilitaires,Moovit,nmmt bus,5,,248,3,1.74
utilitaires,Moovit,time & gps,5,,231,120,0.55
utilitaires,Moovit,belediye,5,29,172,72,0.60
utilitaires,Moovit,satin tuna,5,,200,18,0.84
utilitaires,Moovit,خطة الرحلة,5,,59,4,1.49
utilitaires,Moovit,ví tiền,5,30,249,202,0.50
utilitaires,Moovit,no phon,5,,247,213,0.49
utilitaires,Moovit,trackinguk,5,,224,27,0.76
utilitaires,Moovit,auto pay tracker,5,59,250,183,0.51
utilitaires,Moovit,بسه,5,,220,166,0.52
utilitaires,Moovit,next vision,5,,239,74,0.60
utilitaires,Moovit,plan todo,5,,232,112,0.55
utilitaires,Moovit,devices near me,5,,234,213,0.49
utilitaires,Moovit,app para encontrar airpods,5,,216,18,0.84
utilitaires,Moovit,motivation for men,5,,240,204,0.50
utilitaires,Moovit,aprende leyes de tránsito,5,,185,8,1.10
utilitaires,Moovit,ridevy,5,78,205,2,2.29
utilitaires,Moovit,地鐵,5,,242,118,0.55
utilitaires,Moovit,movie tracjer,5,,220,140,0.53
utilitaires,Moovit,route:,5,,243,157,0.52
utilitaires,Moovit,rout:,5,,236,25,0.77
utilitaires,Moovit,cities the,5,35,237,224,0.49
utilitaires,Moovit,rôm plan,5,,116,35,0.71
utilitaires,Moovit,best transit direction apps,5,,164,4,1.49
utilitaires,Moovit,best way to navigate m.k.,5,,39,9,1.06
utilitaires,Moovit,bus map hà nội,5,,39,6,1.24
utilitaires,Moovit,chetibra: eventi e gps bici,5,,208,30,0.74
utilitaires,Moovit,chicago l train navigator,5,,161,53,0.64
utilitaires,Moovit,destination tracker,5,,227,112,0.55
utilitaires,Moovit,autopay tracker,5,40,249,223,0.49
utilitaires,Moovit,exit strategy nyc subway map,5,,168,16,0.87
utilitaires,Moovit,find er,5,,215,166,0.52
utilitaires,Moovit,forum kayseri mobil,5,,161,15,0.89
utilitaires,Moovit,global one,5,,226,106,0.56
utilitaires,Moovit,google my map,5,,232,228,0.49
utilitaires,Moovit,guide permis togo,5,,170,19,0.83
utilitaires,Moovit,la public transit,5,,186,7,1.16
utilitaires,Moovit,muvi k-series,5,,52,10,1.02
utilitaires,Moovit,my easy pay,5,,221,200,0.50
utilitaires,Moovit,navigate tjc,5,,226,206,0.50
utilitaires,Moovit,pay hoa,5,,233,108,0.56
utilitaires,Moovit,pro one,5,,212,211,0.49
utilitaires,Moovit,pro vision v auto,5,,214,78,0.59
utilitaires,Moovit,public transit hub,5,,189,11,0.98
utilitaires,Moovit,route boost,5,,190,16,0.87
utilitaires,Moovit,route calculator,5,63,239,98,0.57
utilitaires,Moovit,route draw,5,,232,10,1.02
utilitaires,Moovit,route manager,5,,242,62,0.62
utilitaires,Moovit,routenl bv,5,,186,2,2.29
utilitaires,Moovit,subway apps,5,,216,106,0.56
utilitaires,Moovit,subway guatemala,5,,228,95,0.57
utilitaires,Moovit,subway juego,5,,221,197,0.50
utilitaires,Moovit,subway nyc mta map,5,,185,36,0.70
utilitaires,Moovit,city with,5,,205,92,0.58
utilitaires,Moovit,commute tracker app,5,40,241,117,0.55
utilitaires,Moovit,free commute tracker,5,46,247,107,0.56
utilitaires,Moovit,multi stop navigation,5,,212,125,0.54
utilitaires,Moovit,navigation in maps,5,,194,112,0.55
utilitaires,Moovit,mobility men,5,,214,22,0.80
utilitaires,Moovit,no tracker,5,,246,179,0.51
utilitaires,Moovit,visiion,5,,248,134,0.54
utilitaires,Moovit,movie finder apo,5,83,240,223,0.49
utilitaires,Moovit,ar tracker,5,52,245,215,0.49
utilitaires,Moovit,pulsesense,5,,232,200,0.50
utilitaires,Moovit,בש,5,,224,10,1.02
utilitaires,Moovit,ar time,5,,216,12,0.96
utilitaires,Moovit,all in one tracker,5,36,229,55,0.64
utilitaires,Moovit,、practice tracker,5,42,245,102,0.56
utilitaires,Moovit,mini reel,5,,236,60,0.63
utilitaires,Moovit,training finder,5,,248,233,0.49
utilitaires,Moovit,wads,5,,219,29,0.74
utilitaires,Moovit,commute finder,5,,193,1,5.00
utilitaires,Moovit,easy smartwatch,5,,239,230,0.49
utilitaires,Moovit,top caltrain,5,43,198,23,0.79
utilitaires,Moovit,network rail app,5,,212,50,0.65
utilitaires,Moovit,rail finder,5,,235,13,0.93
utilitaires,Moovit,metro alerts,5,,215,60,0.63
utilitaires,Moovit,metro finder,5,,185,3,1.74
utilitaires,Moovit,metro planner,5,,170,17,0.86
utilitaires,Moovit,mobility planner,5,,243,110,0.56
utilitaires,Moovit,free bahn app,5,44,248,133,0.54
utilitaires,Moovit,easy bahn app,5,46,246,154,0.52
utilitaires,Moovit,my bahn app,5,46,246,219,0.49
utilitaires,Moovit,bahn app free,5,44,248,82,0.59
utilitaires,Moovit,subway alerts,5,,204,129,0.54
utilitaires,Moovit,business go,5,,234,192,0.50
utilitaires,Moovit,paris metro map offline,5,38,176,172,0.51
utilitaires,Moovit,apk voice message planner,5,,206,19,0.83
utilitaires,Moovit,recording app reddit app planner,5,,222,9,1.06
utilitaires,Moovit,gıda atık,5,,220,147,0.53
utilitaires,Moovit,transit messenger,5,,177,10,1.02
utilitaires,Moovit,reels on watch,5,87,246,107,0.56
utilitaires,Moovit,gang activity,5,,212,187,0.51
utilitaires,Moovit,track plan,5,,242,209,0.50
utilitaires,Moovit,routte,5,,231,21,0.81
utilitaires,Moovit,alive mapa trainings,5,,211,2,2.29
utilitaires,Moovit,subway times nyc,5,,186,19,0.83
utilitaires,Moovit,transit planner apps,5,,236,19,0.83
utilitaires,Moovit,transit jam,5,,186,30,0.74
utilitaires,Moovit,mta real-time,5,,183,16,0.87
utilitaires,Moovit,moo phase,5,,228,206,0.50
utilitaires,Moovit,transit alarm,5,,176,20,0.82
utilitaires,Moovit,apple watch time tracker,5,,243,206,0.50
utilitaires,Moovit,appd,5,,234,78,0.59
utilitaires,Moovit,gps time tracking,5,,234,205,0.50
utilitaires,Moovit,hoa app,5,,234,150,0.52
utilitaires,Moovit,time map,5,,226,210,0.50
utilitaires,Moovit,easy watch,5,,236,200,0.50
utilitaires,Moovit,go abroad,5,,207,27,0.76
utilitaires,Moovit,MINIBUS Player,5,,216,24,0.78
utilitaires,Moovit,subclub,5,,200,90,0.58
utilitaires,Moovit,movire,5,98,242,128,0.54
utilitaires,Moovit,staria,5,,240,199,0.50
utilitaires,Moovit,istabul ticket,5,,215,44,0.67
utilitaires,Moovit,bymetro,5,,181,59,0.63
utilitaires,Moovit,lb transit,5,,217,10,1.02
utilitaires,Moovit,i̇zmirim kart,5,,10,7,1.16
utilitaires,Moovit,hcn to go,5,,38,37,0.70
utilitaires,Moovit,02 to go,5,,235,203,0.50
utilitaires,Moovit,o2 to go,5,,247,105,0.56
utilitaires,Moovit,gvbus,5,,162,2,2.29
utilitaires,Moovit,nfta transit,5,,207,13,0.93
utilitaires,Moovit,hdm to go,5,,57,46,0.67
utilitaires,Moovit,oahu transit services  inc.,5,,212,17,0.86
utilitaires,Moovit,acm to go,5,,142,26,0.76
utilitaires,Moovit,cuando llega,5,,75,2,2.29
utilitaires,Moovit,m6 ltd,5,,204,62,0.62
utilitaires,Moovit,star map app free,5,,199,75,0.60
utilitaires,Moovit,part number finder,5,,190,55,0.64
utilitaires,Moovit,muchic,5,,194,13,0.93
utilitaires,Moovit,watch trains,5,,239,192,0.50
utilitaires,Moovit,temps appel,5,,248,233,0.49
utilitaires,Moovit,moon kit,5,75,245,239,0.48
utilitaires,Moovit,app for all,5,87,233,143,0.53
utilitaires,Moovit,cinemapper,5,90,250,9,1.06
utilitaires,Moovit,sub q,5,,79,56,0.64
utilitaires,Moovit,uydu nerede,5,,250,50,0.65
utilitaires,Moovit,istanbul pass,5,,249,59,0.63
utilitaires,Moovit,planet finder ar,5,,240,119,0.55
utilitaires,Moovit,ptc,0,53,177,71,0.00
utilitaires,Moovit,vienna,,41,163,12,
utilitaires,Moovit,bartolini,,65,94,50,
utilitaires,Moovit,бла бла кар,,,183,148,
utilitaires,Moovit,метро москвы,,,187,36,
utilitaires,Moovit,salvador,,,206,50,
utilitaires,Moovit,ônibus,,75,244,2,
utilitaires,Moovit,rapid global,,90,214,53,
utilitaires,Moovit,ankara üniversitesi,,,247,193,
utilitaires,Moovit,barcelona mbr,,38,243,217,
utilitaires,Moovit,ibus proximo bus,,46,1,1,
utilitaires,Moovit,travel routes,,,232,38,
utilitaires,Moovit,myko,,,235,232,
utilitaires,Moovit,find%20my%20iphone%20apple,,,239,181,
utilitaires,Moovit,mta%20traintime,,,197,18,
utilitaires,Moovit,buses%20madrid,,,196,6,
utilitaires,Moovit,product expiry alert (genel ama trafik g,,,236,7,
utilitaires,Moovit,brivo mobile pas,,,218,47,
utilitaires,Moovit,bus stop schedule,,,244,174,
utilitaires,Moovit,navgitaion,,,210,158,
utilitaires,Moovit,no signal nyc,,,192,18,
utilitaires,Moovit,passport go,,,225,70,
utilitaires,Moovit,route one,,,232,19,
utilitaires,Moovit,movi finder,,40,238,150,
utilitaires,Moovit,movy finder,,40,238,141,
utilitaires,Moovit,bus timer,,,219,59,
utilitaires,Moovit,commute map,,,184,18,
utilitaires,Moovit,transit finder,,,199,2,
utilitaires,Moovit,E-scooter commute planner,,,218,12,
utilitaires,Moovit,autotransporter fahrer app,,,249,133,
utilitaires,Moovit,accessible routes,,,213,5,
utilitaires,Moovit,route planner tracking,,,231,21,
utilitaires,Moovit,d&amp;q,,,126,80,
utilitaires,Moovit,itpro,,,228,131,
utilitaires,Moovit,i9 sports,,,225,180,
utilitaires,Moovit,d&amp;b,,,117,31,
utilitaires,Moovit,stopwatch gratis,,,247,160,
utilitaires,Moovit,star map gratis,,,201,65,
utilitaires,Moovit,reel kit,,,244,43,
utilitaires,Moovit,metro t-mobile app,,,250,63,
utilitaires,Moovit,u-pass,,68,248,10,