cluster,app,keyword,popularity,competitiveness,num_apps,rank,importance
voyage-itineraires,Roadtrippers,google maps,80,77,242,140,8.50
voyage-itineraires,Roadtrippers,지도,63,97,248,210,6.24
voyage-itineraires,Roadtrippers,roadie driver,62,36,248,140,6.59
voyage-itineraires,Roadtrippers,citymapper,59,89,247,82,6.94
voyage-itineraires,Roadtrippers,patente,59,65,250,173,6.04
voyage-itineraires,Roadtrippers,trip advisor,58,67,250,2,26.61
voyage-itineraires,Roadtrippers,get your guide,58,87,250,63,7.21
voyage-itineraires,Roadtrippers,karten,58,68,250,238,5.63
voyage-itineraires,Roadtrippers,wanderlog,58,86,249,6,14.33
voyage-itineraires,Roadtrippers,google map,57,87,237,133,6.12
voyage-itineraires,Roadtrippers,alltrails,57,71,246,95,6.52
voyage-itineraires,Roadtrippers,旅行,57,97,250,51,7.41
voyage-itineraires,Roadtrippers,navigate,56,96,223,107,6.26
voyage-itineraires,Roadtrippers,trip,55,84,249,25,8.49
voyage-itineraires,Roadtrippers,voyage privé,55,52,250,37,7.70
voyage-itineraires,Roadtrippers,randstad,55,72,248,148,5.79
voyage-itineraires,Roadtrippers,nomadtable,55,92,248,51,7.15
voyage-itineraires,Roadtrippers,maps me,54,96,250,153,5.65
voyage-itineraires,Roadtrippers,hydrawise,54,92,247,73,6.51
voyage-itineraires,Roadtrippers,city mapper,53,47,249,29,7.88
voyage-itineraires,Roadtrippers,ways maps,53,82,248,146,5.59
voyage-itineraires,Roadtrippers,zigazoo,53,89,247,105,5.94
voyage-itineraires,Roadtrippers,mapquest,52,87,250,37,7.28
voyage-itineraires,Roadtrippers,tripit,52,95,249,7,12.06
voyage-itineraires,Roadtrippers,autopilot,52,73,244,61,6.51
voyage-itineraires,Roadtrippers,rent the runway,51,90,250,70,6.20
voyage-itineraires,Roadtrippers,subaru starlink,50,98,250,73,6.02
voyage-itineraires,Roadtrippers,guide along,49,80,242,17,8.42
voyage-itineraires,Roadtrippers,rome2rio,48,83,250,54,6.16
voyage-itineraires,Roadtrippers,tripadvisor,47,96,250,18,7.94
voyage-itineraires,Roadtrippers,navigation,45,85,247,239,4.36
voyage-itineraires,Roadtrippers,couchsurfing,45,66,247,91,5.19
voyage-itineraires,Roadtrippers,camping,44,95,248,128,4.75
voyage-itineraires,Roadtrippers,edreams,44,67,250,144,4.65
voyage-itineraires,Roadtrippers,abrp route planner,44,81,250,40,6.05
voyage-itineraires,Roadtrippers,triprank,44,82,239,57,5.58
voyage-itineraires,Roadtrippers,go outdoors,43,62,250,152,4.50
voyage-itineraires,Roadtrippers,plan,42,75,250,215,4.14
voyage-itineraires,Roadtrippers,road,42,95,249,33,6.04
voyage-itineraires,Roadtrippers,urlaub,41,74,247,96,4.68
voyage-itineraires,Roadtrippers,旅行記録,41,86,248,12,7.84
voyage-itineraires,Roadtrippers,tripbff,41,97,249,62,5.11
voyage-itineraires,Roadtrippers,planning,40,75,250,180,4.07
voyage-itineraires,Roadtrippers,calimoto,39,92,250,85,4.56
voyage-itineraires,Roadtrippers,abrp,39,80,239,69,4.75
voyage-itineraires,Roadtrippers,viajes,38,60,248,192,3.82
voyage-itineraires,Roadtrippers,reserve america,37,47,243,56,4.71
voyage-itineraires,Roadtrippers,reisen,37,56,248,53,4.77
voyage-itineraires,Roadtrippers,troutroutes,37,80,246,61,4.63
voyage-itineraires,Roadtrippers,urlaubsguru,36,51,248,48,4.75
voyage-itineraires,Roadtrippers,wildfire tracker,36,70,249,171,3.69
voyage-itineraires,Roadtrippers,campingplätze,36,44,250,126,3.90
voyage-itineraires,Roadtrippers,foot finder,36,100,250,145,3.80
voyage-itineraires,Roadtrippers,long island railroad,35,97,250,55,4.48
voyage-itineraires,Roadtrippers,go paddling,34,91,249,46,4.53
voyage-itineraires,Roadtrippers,mapquest driving directions,34,69,250,101,3.84
voyage-itineraires,Roadtrippers,rv,33,91,249,157,3.44
voyage-itineraires,Roadtrippers,aa route planner,32,64,250,58,4.05
voyage-itineraires,Roadtrippers,comfort inn and suites,32,45,250,85,3.74
voyage-itineraires,Roadtrippers,itineraire,31,93,250,136,3.31
voyage-itineraires,Roadtrippers,routenplaner,31,94,250,60,3.89
voyage-itineraires,Roadtrippers,wander app kostenlos,30,78,250,174,3.07
voyage-itineraires,Roadtrippers,coverage map,30,80,249,134,3.21
voyage-itineraires,Roadtrippers,drivewyze,30,58,244,63,3.73
voyage-itineraires,Roadtrippers,journey planner,29,85,249,5,7.76
voyage-itineraires,Roadtrippers,cross road,29,68,246,97,3.30
voyage-itineraires,Roadtrippers,road warrior route planner,29,88,250,17,4.98
voyage-itineraires,Roadtrippers,gypsy guide,28,94,250,57,3.55
voyage-itineraires,Roadtrippers,pay later travel,28,16,247,88,3.25
voyage-itineraires,Roadtrippers,check24 reisen,27,70,250,137,2.88
voyage-itineraires,Roadtrippers,under armour map my run,26,71,250,131,2.80
voyage-itineraires,Roadtrippers,mietwagen,26,77,248,142,2.76
voyage-itineraires,Roadtrippers,truck map,26,80,247,136,2.78
voyage-itineraires,Roadtrippers,rv life trip wizard,26,56,247,7,6.03
voyage-itineraires,Roadtrippers,recreation,24,94,248,100,2.72
voyage-itineraires,Roadtrippers,travel freely,24,88,250,19,3.99
voyage-itineraires,Roadtrippers,today show,23,80,242,185,2.33
voyage-itineraires,Roadtrippers,countries visited map,23,69,245,44,3.09
voyage-itineraires,Roadtrippers,road to hana,23,100,249,64,2.85
voyage-itineraires,Roadtrippers,triplog mileage tracker log,23,76,246,85,2.69
voyage-itineraires,Roadtrippers,trip itinerary planner,23,93,249,8,5.07
voyage-itineraires,Roadtrippers,mindtrip ai,23,82,247,158,2.39
voyage-itineraires,Roadtrippers,holiday planner,22,88,247,16,3.85
voyage-itineraires,Roadtrippers,navigon,21,86,250,152,2.20
voyage-itineraires,Roadtrippers,trios,21,,246,52,2.72
voyage-itineraires,Roadtrippers,route optimizer,20,92,249,41,2.73
voyage-itineraires,Roadtrippers,viaggio,19,88,249,11,3.74
voyage-itineraires,Roadtrippers,campsites,19,85,247,52,2.46
voyage-itineraires,Roadtrippers,オフラインマップ,19,83,250,150,1.99
voyage-itineraires,Roadtrippers,travel games,18,55,226,70,2.19
voyage-itineraires,Roadtrippers,camper van,18,86,248,127,1.95
voyage-itineraires,Roadtrippers,rest stop finder,18,43,248,5,4.82
voyage-itineraires,Roadtrippers,holiday packing list,18,16,247,65,2.22
voyage-itineraires,Roadtrippers,driving directions,17,92,241,56,2.17
voyage-itineraires,Roadtrippers,ruck,17,89,248,118,1.86
voyage-itineraires,Roadtrippers,travelers intellidrive,17,84,246,5,4.55
voyage-itineraires,Roadtrippers,toilet map,16,57,250,123,1.74
voyage-itineraires,Roadtrippers,poracci in viaggio,16,67,247,65,1.97
voyage-itineraires,Roadtrippers,bon plan,14,98,247,158,1.46
voyage-itineraires,Roadtrippers,driving test cancellations now,14,100,248,120,1.53
voyage-itineraires,Roadtrippers,offline map,13,97,247,189,1.31
voyage-itineraires,Roadtrippers,tour guide,12,91,249,43,1.62
voyage-itineraires,Roadtrippers,smart trip app,12,89,250,61,1.50
voyage-itineraires,Roadtrippers,virgin cruise,12,34,246,75,1.44
voyage-itineraires,Roadtrippers,trout routes,11,92,250,62,1.37
voyage-itineraires,Roadtrippers,wanderkarten,10,86,249,141,1.06
voyage-itineraires,Roadtrippers,خريطة,10,86,248,231,0.97
voyage-itineraires,Roadtrippers,travel guide,9,90,250,8,1.98
voyage-itineraires,Roadtrippers,roadtrippers,9,89,250,1,9.00
voyage-itineraires,Roadtrippers,road trip planner,9,91,248,3,3.14
voyage-itineraires,Roadtrippers,trip plans,9,89,249,5,2.41
voyage-itineraires,Roadtrippers,reiseplaner,9,94,248,6,2.22
voyage-itineraires,Roadtrippers,mappy,9,87,248,83,1.06
voyage-itineraires,Roadtrippers,citymapper new york,9,86,249,66,1.11
voyage-itineraires,Roadtrippers,run mapper,9,66,250,144,0.95
voyage-itineraires,Roadtrippers,running map,9,82,249,139,0.96
voyage-itineraires,Roadtrippers,extreme road trip 2,9,17,236,41,1.23
voyage-itineraires,Roadtrippers,falk routenplaner,9,57,234,123,0.98
voyage-itineraires,Roadtrippers,circuit route planner,9,91,249,71,1.09
voyage-itineraires,Roadtrippers,ease,9,69,246,119,0.99
voyage-itineraires,Roadtrippers,mapstr,9,68,234,60,1.13
voyage-itineraires,Roadtrippers,rootd,9,84,250,117,0.99
voyage-itineraires,Roadtrippers,cruise mapper,9,76,250,66,1.11
voyage-itineraires,Roadtrippers,spareroom,9,74,249,90,1.04
voyage-itineraires,Roadtrippers,touring plans,9,87,249,10,1.83
voyage-itineraires,Roadtrippers,roads,9,84,248,79,1.07
voyage-itineraires,Roadtrippers,tour tempo,9,100,247,80,1.06
voyage-itineraires,Roadtrippers,mindtrip,9,85,248,138,0.96
voyage-itineraires,Roadtrippers,arc raiders map,9,80,250,70,1.09
voyage-itineraires,Roadtrippers,check my trip,8,46,232,66,0.98
voyage-itineraires,Roadtrippers,mapy,8,90,250,152,0.84
voyage-itineraires,Roadtrippers,triplog,8,86,248,47,1.06
voyage-itineraires,Roadtrippers,travel tracker,8,91,249,9,1.69
voyage-itineraires,Roadtrippers,walk planner,8,75,250,142,0.85
voyage-itineraires,Roadtrippers,wanderwege,8,84,249,171,0.82
voyage-itineraires,Roadtrippers,places been,8,82,247,51,1.04
voyage-itineraires,Roadtrippers,travel itinerary planner,8,87,248,17,1.37
voyage-itineraires,Roadtrippers,route 66,8,76,249,143,0.85
voyage-itineraires,Roadtrippers,导航,8,96,250,181,0.81
voyage-itineraires,Roadtrippers,campsite,8,87,245,62,1.00
voyage-itineraires,Roadtrippers,tomtom,7,80,244,113,0.77
voyage-itineraires,Roadtrippers,travel map,7,92,250,31,1.02
voyage-itineraires,Roadtrippers,premier inn,7,45,249,74,0.84
voyage-itineraires,Roadtrippers,travelspend,7,84,250,97,0.80
voyage-itineraires,Roadtrippers,paragliding map,7,89,248,74,0.84
voyage-itineraires,Roadtrippers,travel diary,7,91,249,56,0.89
voyage-itineraires,Roadtrippers,places,7,96,249,88,0.81
voyage-itineraires,Roadtrippers,rever,7,88,250,62,0.87
voyage-itineraires,Roadtrippers,tryp,7,76,249,79,0.83
voyage-itineraires,Roadtrippers,camping app,7,91,248,67,0.86
voyage-itineraires,Roadtrippers,detecht,7,86,249,126,0.76
voyage-itineraires,Roadtrippers,tripper,7,93,247,3,2.44
voyage-itineraires,Roadtrippers,novotel,7,59,249,105,0.78
voyage-itineraires,Roadtrippers,escapade,7,64,245,161,0.73
voyage-itineraires,Roadtrippers,panama city beach,7,13,248,152,0.73
voyage-itineraires,Roadtrippers,travelzoo,6,80,217,13,1.12
voyage-itineraires,Roadtrippers,free mileage tracker,6,82,249,171,0.62
voyage-itineraires,Roadtrippers,trip planner,6,90,248,3,2.09
voyage-itineraires,Roadtrippers,driversnote,6,71,250,82,0.71
voyage-itineraires,Roadtrippers,cross the road,6,79,249,52,0.78
voyage-itineraires,Roadtrippers,map my run free,6,66,246,170,0.62
voyage-itineraires,Roadtrippers,running route planner,6,69,247,62,0.75
voyage-itineraires,Roadtrippers,campercontact,6,63,250,72,0.72
voyage-itineraires,Roadtrippers,ruta,6,85,247,79,0.71
voyage-itineraires,Roadtrippers,trip tracker,6,81,249,10,1.22
voyage-itineraires,Roadtrippers,world travel map,6,72,248,16,1.05
voyage-itineraires,Roadtrippers,ptv journey planner,6,89,249,39,0.83
voyage-itineraires,Roadtrippers,voicemap,6,82,249,59,0.76
voyage-itineraires,Roadtrippers,story plotter,6,49,250,197,0.60
voyage-itineraires,Roadtrippers,freeontour,6,89,249,21,0.97
voyage-itineraires,Roadtrippers,plan it,6,83,233,194,0.60
voyage-itineraires,Roadtrippers,cheap travel,5,70,250,88,0.58
voyage-itineraires,Roadtrippers,discount travel,5,94,248,48,0.66
voyage-itineraires,Roadtrippers,holiday destinations,5,95,249,9,1.06
voyage-itineraires,Roadtrippers,places to travel,5,86,250,8,1.10
voyage-itineraires,Roadtrippers,road transport,5,72,250,30,0.74
voyage-itineraires,Roadtrippers,time travel,5,69,248,176,0.51
voyage-itineraires,Roadtrippers,travel advisor,5,67,249,7,1.16
voyage-itineraires,Roadtrippers,travel agency,5,72,249,85,0.58
voyage-itineraires,Roadtrippers,travel agent,5,62,248,93,0.57
voyage-itineraires,Roadtrippers,travel apps,5,93,250,16,0.87
voyage-itineraires,Roadtrippers,travel channel,5,75,249,12,0.96
voyage-itineraires,Roadtrippers,travel deals,5,61,250,97,0.57
voyage-itineraires,Roadtrippers,travel destinations,5,91,248,6,1.24
voyage-itineraires,Roadtrippers,travel gifts,5,86,249,12,0.96
voyage-itineraires,Roadtrippers,travel inn,5,76,250,66,0.62
voyage-itineraires,Roadtrippers,travel news,5,89,248,11,0.98
voyage-itineraires,Roadtrippers,travel online,5,51,249,80,0.59
voyage-itineraires,Roadtrippers,travel packages,5,46,249,137,0.53
voyage-itineraires,Roadtrippers,travel service,5,47,248,33,0.72
voyage-itineraires,Roadtrippers,van insurance,5,57,249,185,0.51
voyage-itineraires,Roadtrippers,trip planning,5,82,250,3,1.74
voyage-itineraires,Roadtrippers,maps navigation,5,85,245,195,0.50
voyage-itineraires,Roadtrippers,new york guide,5,82,249,90,0.58
voyage-itineraires,Roadtrippers,traveling,5,70,250,17,0.86
voyage-itineraires,Roadtrippers,free travel apps,5,95,249,9,1.06
voyage-itineraires,Roadtrippers,travle,5,100,250,73,0.60
voyage-itineraires,Roadtrippers,itinerary,5,91,249,8,1.10
voyage-itineraires,Roadtrippers,group travel,5,97,250,6,1.24
voyage-itineraires,Roadtrippers,comfort inn,5,64,250,157,0.52
voyage-itineraires,Roadtrippers,europe travel,5,95,249,58,0.63
voyage-itineraires,Roadtrippers,planner pro,5,52,242,154,0.52
voyage-itineraires,Roadtrippers,kayaking,5,84,248,136,0.53
voyage-itineraires,Roadtrippers,trippy,5,31,247,34,0.71
voyage-itineraires,Roadtrippers,doubletree,5,100,249,164,0.52
voyage-itineraires,Roadtrippers,travel buddy,5,89,247,22,0.80
voyage-itineraires,Roadtrippers,travel expense,5,97,250,78,0.59
voyage-itineraires,Roadtrippers,local guide,5,93,250,73,0.60
voyage-itineraires,Roadtrippers,bathroom planner,5,70,250,131,0.54
voyage-itineraires,Roadtrippers,travel packing checklist,5,36,250,55,0.64
voyage-itineraires,Roadtrippers,travel list,5,76,250,17,0.86
voyage-itineraires,Roadtrippers,camping checklist,5,62,245,68,0.61
voyage-itineraires,Roadtrippers,hyatt place,5,78,249,77,0.60
voyage-itineraires,Roadtrippers,city map,5,80,248,131,0.54
voyage-itineraires,Roadtrippers,new york city map,5,59,249,185,0.51
voyage-itineraires,Roadtrippers,city guide,5,76,247,20,0.82
voyage-itineraires,Roadtrippers,rome map,5,58,250,99,0.57
voyage-itineraires,Roadtrippers,guides,5,94,250,139,0.53
voyage-itineraires,Roadtrippers,traveler app,5,74,248,5,1.34
voyage-itineraires,Roadtrippers,guidebook app,5,96,248,70,0.61
voyage-itineraires,Roadtrippers,culture trip,5,61,249,9,1.06
voyage-itineraires,Roadtrippers,truck path,5,79,248,51,0.65
voyage-itineraires,Roadtrippers,trip app,5,74,245,19,0.83
voyage-itineraires,Roadtrippers,reise app,5,76,248,10,1.02
voyage-itineraires,Roadtrippers,holiday finder,5,70,250,87,0.58
voyage-itineraires,Roadtrippers,holiday deals,5,74,248,156,0.52
voyage-itineraires,Roadtrippers,guide voyage,5,94,250,37,0.70
voyage-itineraires,Roadtrippers,planificateur de voyage,5,80,250,7,1.16
voyage-itineraires,Roadtrippers,travel countdown,5,57,248,125,0.54
voyage-itineraires,Roadtrippers,gps tour,5,86,248,50,0.65
voyage-itineraires,Roadtrippers,trail map,5,96,250,169,0.51
voyage-itineraires,Roadtrippers,ev trip optimizer for tesla,5,63,247,190,0.50
voyage-itineraires,Roadtrippers,kiwi app,5,,220,88,0.58
voyage-itineraires,Roadtrippers,tfl map,5,71,249,74,0.60
voyage-itineraires,Roadtrippers,trail guide,5,83,250,159,0.52
voyage-itineraires,Roadtrippers,travel expenses,5,90,249,150,0.52
voyage-itineraires,Roadtrippers,la clippers,5,94,248,104,0.56
voyage-itineraires,Roadtrippers,reiseplanung,5,81,245,5,1.34
voyage-itineraires,Roadtrippers,travel expense tracker,5,93,249,128,0.54
voyage-itineraires,Roadtrippers,trip log,5,92,249,18,0.84
voyage-itineraires,Roadtrippers,goal map,5,70,249,170,0.51
voyage-itineraires,Roadtrippers,landlord apps,5,85,250,150,0.52
voyage-itineraires,Roadtrippers,vacation rental management app,5,57,249,88,0.58
voyage-itineraires,Roadtrippers,best way to manage rental property,5,47,247,197,0.50
voyage-itineraires,Roadtrippers,best rental management apps,5,47,248,188,0.50
voyage-itineraires,Roadtrippers,best land owner app,5,90,250,121,0.55
voyage-itineraires,Roadtrippers,land glide app,5,93,249,117,0.55
voyage-itineraires,Roadtrippers,paddle logger,5,35,246,58,0.63
voyage-itineraires,Roadtrippers,stand up paddle,5,35,246,80,0.59
voyage-itineraires,Roadtrippers,stand up paddleboarding,5,57,248,116,0.55
voyage-itineraires,Roadtrippers,standup paddle boarding,5,35,245,51,0.65
voyage-itineraires,Roadtrippers,map travel,5,90,248,15,0.89
voyage-itineraires,Roadtrippers,travel log,5,94,249,8,1.10
voyage-itineraires,Roadtrippers,transit navigation,5,95,249,199,0.50
voyage-itineraires,Roadtrippers,plann app,5,74,249,176,0.51
voyage-itineraires,Roadtrippers,ig planner,5,100,250,75,0.60
voyage-itineraires,Roadtrippers,urlaubs,5,80,250,87,0.58
voyage-itineraires,Roadtrippers,travel schedule,5,94,250,4,1.49
voyage-itineraires,Roadtrippers,roadtrip,5,89,242,1,5.00
voyage-itineraires,Roadtrippers,cruise planner,5,53,245,53,0.64
voyage-itineraires,Roadtrippers,yearly planner,5,64,249,137,0.53
voyage-itineraires,Roadtrippers,map run,5,85,249,151,0.52
voyage-itineraires,Roadtrippers,walk map,5,89,249,171,0.51
voyage-itineraires,Roadtrippers,route maker,5,76,242,41,0.68
voyage-itineraires,Roadtrippers,route map,5,91,249,46,0.67
voyage-itineraires,Roadtrippers,route tracker,5,72,249,99,0.57
voyage-itineraires,Roadtrippers,running planner,5,75,249,101,0.56
voyage-itineraires,Roadtrippers,map my,5,82,249,133,0.54
voyage-itineraires,Roadtrippers,run route,5,76,250,150,0.52
voyage-itineraires,Roadtrippers,map offline,5,80,233,182,0.51
voyage-itineraires,Roadtrippers,rv trip planner,5,87,250,1,5.00
voyage-itineraires,Roadtrippers,road trip map,5,97,249,2,2.29
voyage-itineraires,Roadtrippers,rv trip,5,95,250,5,1.34
voyage-itineraires,Roadtrippers,ride planner,5,75,250,35,0.71
voyage-itineraires,Roadtrippers,map my cycle,5,70,248,149,0.53
voyage-itineraires,Roadtrippers,plan route,5,72,248,8,1.10
voyage-itineraires,Roadtrippers,itineraire routier,5,93,249,38,0.70
voyage-itineraires,Roadtrippers,routenplan,5,87,250,106,0.56
voyage-itineraires,Roadtrippers,autoreise,5,57,249,116,0.55
voyage-itineraires,Roadtrippers,roadtrip planer,5,84,248,3,1.74
voyage-itineraires,Roadtrippers,road trip planer,5,93,249,3,1.74
voyage-itineraires,Roadtrippers,eine route zeichnen,5,87,250,103,0.56
voyage-itineraires,Roadtrippers,tracer un itinéraire,5,87,250,61,0.63
voyage-itineraires,Roadtrippers,voyage sur la route,5,86,249,2,2.29
voyage-itineraires,Roadtrippers,planificateur de route,5,89,250,27,0.76
voyage-itineraires,Roadtrippers,tesla route planner,5,69,247,172,0.51
voyage-itineraires,Roadtrippers,tesla trip planner,5,71,246,17,0.86
voyage-itineraires,Roadtrippers,reisplanner,5,92,249,26,0.76
voyage-itineraires,Roadtrippers,ev trip planner,5,92,250,10,1.02
voyage-itineraires,Roadtrippers,ev route planner,5,79,249,67,0.61
voyage-itineraires,Roadtrippers,journey tracker,5,84,250,183,0.51
voyage-itineraires,Roadtrippers,walking map,5,77,248,171,0.51
voyage-itineraires,Roadtrippers,map ride,5,85,247,136,0.53
voyage-itineraires,Roadtrippers,map my bike,5,84,250,193,0.50
voyage-itineraires,Roadtrippers,map my hike,5,83,249,177,0.51
voyage-itineraires,Roadtrippers,map running,5,77,249,207,0.50
voyage-itineraires,Roadtrippers,track my route,5,83,249,85,0.58
voyage-itineraires,Roadtrippers,map my route,5,80,250,48,0.66
voyage-itineraires,Roadtrippers,trucker maps,5,77,249,80,0.59
voyage-itineraires,Roadtrippers,road trip america,5,52,250,3,1.74
voyage-itineraires,Roadtrippers,road trip car drive,5,46,241,3,1.74
voyage-itineraires,Roadtrippers,road trip route planner,5,89,250,2,2.29
voyage-itineraires,Roadtrippers,road trip map planner,5,83,250,2,2.29
voyage-itineraires,Roadtrippers,trucking route planner,5,85,250,77,0.60
voyage-itineraires,Roadtrippers,road trip usa,5,97,249,2,2.29
voyage-itineraires,Roadtrippers,trucker route planner,5,92,250,23,0.79
voyage-itineraires,Roadtrippers,road trip food,5,92,250,90,0.58
voyage-itineraires,Roadtrippers,love's truck stops,5,93,246,50,0.65
voyage-itineraires,Roadtrippers,loves truck stops,5,97,247,123,0.54
voyage-itineraires,Roadtrippers,truck stop bathroom,5,83,248,46,0.67
voyage-itineraires,Roadtrippers,truck stop bathrooms,5,53,247,184,0.51
voyage-itineraires,Roadtrippers,road trip bathrooms,5,46,248,88,0.58
voyage-itineraires,Roadtrippers,road trip restrooms,5,47,247,19,0.83
voyage-itineraires,Roadtrippers,road trip pitstop,5,93,246,2,2.29
voyage-itineraires,Roadtrippers,ta travel stop,5,100,249,110,0.56
voyage-itineraires,Roadtrippers,travel centers of america,5,100,250,70,0.61
voyage-itineraires,Roadtrippers,travelcenters of america,5,92,197,127,0.54
voyage-itineraires,Roadtrippers,love's travel stops,5,90,249,64,0.62
voyage-itineraires,Roadtrippers,petro truck stops,5,100,250,91,0.58
voyage-itineraires,Roadtrippers,petro travel stop,5,77,249,124,0.54
voyage-itineraires,Roadtrippers,roadsquad,5,19,188,94,0.57
voyage-itineraires,Roadtrippers,ta roadsquad,5,20,246,77,0.60
voyage-itineraires,Roadtrippers,love's travel stop,5,95,246,68,0.61
voyage-itineraires,Roadtrippers,loves travel stop,5,87,246,55,0.64
voyage-itineraires,Roadtrippers,billiger mietwagen,5,70,248,76,0.60
voyage-itineraires,Roadtrippers,back seat navigator,5,92,250,124,0.54
voyage-itineraires,Roadtrippers,event finder,5,73,250,119,0.55
voyage-itineraires,Roadtrippers,stellplatzfinder,5,31,212,28,0.75
voyage-itineraires,Roadtrippers,stellplatz,5,69,249,76,0.60
voyage-itineraires,Roadtrippers,cinemax,5,100,245,144,0.53
voyage-itineraires,Roadtrippers,cheap long term car rental,5,53,249,206,0.50
voyage-itineraires,Roadtrippers,long term car rental,5,74,249,165,0.52
voyage-itineraires,Roadtrippers,trip budget planner,5,81,249,45,0.67
voyage-itineraires,Roadtrippers,trouver,5,94,237,152,0.52
voyage-itineraires,Roadtrippers,gasbuddy - find free & cheap gas,5,52,249,134,0.54
voyage-itineraires,Roadtrippers,путеводитель,5,73,249,115,0.55
voyage-itineraires,Roadtrippers,road map,5,97,249,144,0.53
voyage-itineraires,Roadtrippers,gpx recorder,5,89,250,131,0.54
voyage-itineraires,Roadtrippers,google route planner,5,75,231,98,0.57
voyage-itineraires,Roadtrippers,route finder driving,5,,247,69,0.61
voyage-itineraires,Roadtrippers,backpacker,5,84,250,34,0.71
voyage-itineraires,Roadtrippers,on the go map,5,71,249,151,0.52
voyage-itineraires,Roadtrippers,travel insurance,5,82,250,72,0.60
voyage-itineraires,Roadtrippers,places near me,5,94,250,23,0.79
voyage-itineraires,Roadtrippers,маршрут,5,96,250,113,0.55
voyage-itineraires,Roadtrippers,tfl journey planner,5,76,247,23,0.79
voyage-itineraires,Roadtrippers,routing app,5,80,249,78,0.59
voyage-itineraires,Roadtrippers,timetable planner,5,78,250,210,0.50
voyage-itineraires,Roadtrippers,gps route finder,5,97,250,130,0.54
voyage-itineraires,Roadtrippers,trip cost calculator,5,74,246,57,0.63
voyage-itineraires,Roadtrippers,walking map app,5,57,246,190,0.50
voyage-itineraires,Roadtrippers,places visited,5,82,271,21,0.81
voyage-itineraires,Roadtrippers,audio travel guide,5,86,250,46,0.67
voyage-itineraires,Roadtrippers,trip games,5,63,234,29,0.74
voyage-itineraires,Roadtrippers,trip expense,5,69,249,166,0.52
voyage-itineraires,Roadtrippers,road trip usa game,5,51,240,49,0.66
voyage-itineraires,Roadtrippers,trip planner app,5,88,250,4,1.49
voyage-itineraires,Roadtrippers,coin trip,5,70,248,108,0.56
voyage-itineraires,Roadtrippers,wander app,5,32,247,91,0.58
voyage-itineraires,Roadtrippers,packing list for a trip,5,,249,57,0.63
voyage-itineraires,Roadtrippers,travel photo,5,81,241,168,0.51
voyage-itineraires,Roadtrippers,river map,5,75,243,133,0.54
voyage-itineraires,Roadtrippers,group travel planner,5,95,249,8,1.10
voyage-itineraires,Roadtrippers,rest areas,5,83,249,9,1.06
voyage-itineraires,Roadtrippers,running record calculator,5,65,250,131,0.54
voyage-itineraires,Roadtrippers,harry's lap timer,5,,249,38,0.70
voyage-itineraires,Roadtrippers,road trip gas,5,47,246,41,0.68
voyage-itineraires,Roadtrippers,moving planner,5,,250,58,0.63
voyage-itineraires,Roadtrippers,trip organizer,5,83,249,4,1.49
voyage-itineraires,Roadtrippers,itinerary builder,5,94,250,5,1.34
voyage-itineraires,Roadtrippers,список вещей в поездку,5,70,248,56,0.64
voyage-itineraires,Roadtrippers,пешие маршруты,5,94,250,20,0.82
voyage-itineraires,Roadtrippers,reiseroute erstellen,5,92,250,6,1.24
voyage-itineraires,Roadtrippers,paddle gps,5,88,248,136,0.53
voyage-itineraires,Roadtrippers,ebookers,5,53,250,58,0.63
voyage-itineraires,Roadtrippers,izi.travel,5,85,250,32,0.73
voyage-itineraires,Roadtrippers,urlaub planen,5,94,247,20,0.82
voyage-itineraires,Roadtrippers,car trip games,5,71,241,147,0.53
voyage-itineraires,Roadtrippers,camperstop,5,51,247,26,0.76
voyage-itineraires,Roadtrippers,gps maps navigation,5,95,250,196,0.50
voyage-itineraires,Roadtrippers,travel budget tracker,5,93,248,32,0.73
voyage-itineraires,Roadtrippers,guide for,5,34,228,176,0.51
voyage-itineraires,Roadtrippers,best route finder app,5,,250,48,0.66
voyage-itineraires,Roadtrippers,tour planner app,5,70,250,9,1.06
voyage-itineraires,Roadtrippers,guide touristique france,5,5,216,74,0.60
voyage-itineraires,Roadtrippers,caravaning,5,54,248,160,0.52
voyage-itineraires,Roadtrippers,usa map,5,63,249,207,0.50
voyage-itineraires,Roadtrippers,nearby place,5,59,250,47,0.66
voyage-itineraires,Roadtrippers,usaa mobile app,5,79,247,136,0.53
voyage-itineraires,Roadtrippers,やること,5,70,249,162,0.52
voyage-itineraires,Roadtrippers,mta trip planner,5,77,247,6,1.24
voyage-itineraires,Roadtrippers,trip game,5,59,234,25,0.77
voyage-itineraires,Roadtrippers,kurzurlaub,5,90,249,65,0.62
voyage-itineraires,Roadtrippers,电池寿命,5,45,247,150,0.52
voyage-itineraires,Roadtrippers,bus tour,5,,249,45,0.67
voyage-itineraires,Roadtrippers,travel map tracker,5,79,250,28,0.75
voyage-itineraires,Roadtrippers,paquetes de esquí,5,63,249,189,0.50
voyage-itineraires,Roadtrippers,mapa de pistas,5,94,250,116,0.55
voyage-itineraires,Roadtrippers,viajes a la nieve,5,83,249,35,0.71
voyage-itineraires,Roadtrippers,truckloads,5,86,249,66,0.62
voyage-itineraires,Roadtrippers,trimps,5,96,249,135,0.54
voyage-itineraires,Roadtrippers,zenhotels,5,79,249,94,0.57
voyage-itineraires,Roadtrippers,路線規劃,5,84,249,34,0.71
voyage-itineraires,Roadtrippers,personal points of interest,5,81,248,11,0.98
voyage-itineraires,Roadtrippers,plane route tracker,5,83,249,124,0.54
voyage-itineraires,Roadtrippers,rottnest island,5,4,204,17,0.86
voyage-itineraires,Roadtrippers,river maps,5,83,248,134,0.54
voyage-itineraires,Roadtrippers,colorado road conditions,5,63,249,31,0.73
voyage-itineraires,Roadtrippers,raindrops,5,94,249,77,0.60
voyage-itineraires,Roadtrippers,rtd,5,94,249,84,0.59
voyage-itineraires,Roadtrippers,staff planner,5,,238,122,0.55
voyage-itineraires,Roadtrippers,insolite,5,79,248,165,0.52
voyage-itineraires,Roadtrippers,parcours guidés,5,94,247,68,0.61
voyage-itineraires,Roadtrippers,visite guidee,5,94,247,40,0.69
voyage-itineraires,Roadtrippers,city trip planner,5,89,249,9,1.06
voyage-itineraires,Roadtrippers,stavanger,5,96,247,64,0.62
voyage-itineraires,Roadtrippers,travel spending tracker,5,92,247,51,0.65
voyage-itineraires,Roadtrippers,rest stops,5,83,248,6,1.24
voyage-itineraires,Roadtrippers,luxury travel,5,53,249,80,0.59
voyage-itineraires,Roadtrippers,rv road trip planner,5,,250,1,5.00
voyage-itineraires,Roadtrippers,маршруты,5,97,250,140,0.53
voyage-itineraires,Roadtrippers,Travel Girls,5,83,250,10,1.02
voyage-itineraires,Roadtrippers,travel brazil,5,53,249,14,0.91
voyage-itineraires,Roadtrippers,reiseplaner app,5,93,249,6,1.24
voyage-itineraires,Roadtrippers,better routeplanner,5,79,250,89,0.58
voyage-itineraires,Roadtrippers,urlaub mietwagen,5,70,250,40,0.69
voyage-itineraires,Roadtrippers,mietwagen bewertung,5,53,248,129,0.54
voyage-itineraires,Roadtrippers,sufferfest,5,92,250,118,0.55
voyage-itineraires,Roadtrippers,world tour,5,66,238,62,0.62
voyage-itineraires,Roadtrippers,check24 reise,5,58,250,59,0.63
voyage-itineraires,Roadtrippers,auto reise,5,74,250,55,0.64
voyage-itineraires,Roadtrippers,mietwagen reise,5,85,249,1,5.00
voyage-itineraires,Roadtrippers,vanlife,5,92,249,107,0.56
voyage-itineraires,Roadtrippers,route optimization,5,92,249,34,0.71
voyage-itineraires,Roadtrippers,camper navigation,5,83,250,60,0.63
voyage-itineraires,Roadtrippers,roadtrip auto,5,88,249,1,5.00
voyage-itineraires,Roadtrippers,roadtrip auto mieten,5,80,249,2,2.29
voyage-itineraires,Roadtrippers,旅行 プラン,5,95,249,23,0.79
voyage-itineraires,Roadtrippers,hiking map,5,91,250,205,0.50
voyage-itineraires,Roadtrippers,event planning app,5,45,249,195,0.50
voyage-itineraires,Roadtrippers,travel expense splitter,5,79,247,109,0.56
voyage-itineraires,Roadtrippers,travelstart,5,95,249,89,0.58
voyage-itineraires,Roadtrippers,traffic map,5,,235,120,0.55
voyage-itineraires,Roadtrippers,your plan,5,,241,196,0.50
voyage-itineraires,Roadtrippers,my planner,5,80,249,190,0.50
voyage-itineraires,Roadtrippers,itinerary maker,5,91,249,16,0.87
voyage-itineraires,Roadtrippers,travel help,5,70,250,36,0.70
voyage-itineraires,Roadtrippers,roadmap,5,54,248,46,0.67
voyage-itineraires,Roadtrippers,tre på rad,5,53,249,137,0.53
voyage-itineraires,Roadtrippers,roadside attractions,5,95,250,3,1.74
voyage-itineraires,Roadtrippers,camper mate,5,84,244,73,0.60
voyage-itineraires,Roadtrippers,rv level,5,83,249,75,0.60
voyage-itineraires,Roadtrippers,camping nz,5,51,247,91,0.58
voyage-itineraires,Roadtrippers,travel budget planner,5,88,249,26,0.76
voyage-itineraires,Roadtrippers,easy planner,5,34,235,191,0.50
voyage-itineraires,Roadtrippers,gyg me app,5,51,250,59,0.63
voyage-itineraires,Roadtrippers,moving organizer,5,52,249,75,0.60
voyage-itineraires,Roadtrippers,zaragoza rutas,5,75,247,58,0.63
voyage-itineraires,Roadtrippers,dreier,5,88,244,106,0.56
voyage-itineraires,Roadtrippers,travel adventure,5,68,250,31,0.73
voyage-itineraires,Roadtrippers,thrillist,5,32,248,38,0.70
voyage-itineraires,Roadtrippers,511 app,5,49,243,159,0.52
voyage-itineraires,Roadtrippers,good guide,5,92,249,155,0.52
voyage-itineraires,Roadtrippers,snaptravel,5,73,249,96,0.57
voyage-itineraires,Roadtrippers,offroad maps,5,90,249,90,0.58
voyage-itineraires,Roadtrippers,3 way,5,85,233,144,0.53
voyage-itineraires,Roadtrippers,travel mile tracker,5,86,249,67,0.61
voyage-itineraires,Roadtrippers,miles you drive,5,53,247,186,0.51
voyage-itineraires,Roadtrippers,mileage claims,5,79,240,139,0.53
voyage-itineraires,Roadtrippers,travel food,5,,250,59,0.63
voyage-itineraires,Roadtrippers,national parks passport,5,52,247,129,0.54
voyage-itineraires,Roadtrippers,travel album,5,94,248,143,0.53
voyage-itineraires,Roadtrippers,trip calculator,5,74,250,31,0.73
voyage-itineraires,Roadtrippers,car trip,5,80,250,1,5.00
voyage-itineraires,Roadtrippers,ride tracker,5,85,249,94,0.57
voyage-itineraires,Roadtrippers,track trip,5,44,248,23,0.79
voyage-itineraires,Roadtrippers,trip tracking,5,77,250,12,0.96
voyage-itineraires,Roadtrippers,trips tracking,5,77,248,11,0.98
voyage-itineraires,Roadtrippers,pin map,5,50,249,41,0.68
voyage-itineraires,Roadtrippers,cruise picker,5,53,249,53,0.64
voyage-itineraires,Roadtrippers,download maps,5,97,249,177,0.51
voyage-itineraires,Roadtrippers,reiseroute planen,5,77,249,6,1.24
voyage-itineraires,Roadtrippers,road conditions,5,94,248,48,0.66
voyage-itineraires,Roadtrippers,pro guide,5,55,242,90,0.58
voyage-itineraires,Roadtrippers,multi stop route planner,5,78,248,32,0.73
voyage-itineraires,Roadtrippers,reddoorz,5,68,248,95,0.57
voyage-itineraires,Roadtrippers,distance tracker for running,5,71,250,174,0.51
voyage-itineraires,Roadtrippers,地図 ナビ,5,92,250,180,0.51
voyage-itineraires,Roadtrippers,旅行 すけじゅーる,5,93,250,15,0.89
voyage-itineraires,Roadtrippers,旅行 スケジュール,5,84,250,20,0.82
voyage-itineraires,Roadtrippers,diving travel,5,19,248,18,0.84
voyage-itineraires,Roadtrippers,ime travel,5,58,245,145,0.53
voyage-itineraires,Roadtrippers,organize route,5,88,250,25,0.77
voyage-itineraires,Roadtrippers,gezi,5,69,248,101,0.56
voyage-itineraires,Roadtrippers,analyze airbnb,5,85,248,74,0.60
voyage-itineraires,Roadtrippers,bike radar,5,64,247,129,0.54
voyage-itineraires,Roadtrippers,geräten mit,5,89,247,141,0.53
voyage-itineraires,Roadtrippers,city navigation,5,95,250,190,0.50
voyage-itineraires,Roadtrippers,travel gps,5,87,250,28,0.75
voyage-itineraires,Roadtrippers,ov planner,5,83,249,22,0.80
voyage-itineraires,Roadtrippers,road condtions,5,79,246,118,0.55
voyage-itineraires,Roadtrippers,road conditons,5,44,247,66,0.62
voyage-itineraires,Roadtrippers,trip notebook,5,94,248,25,0.77
voyage-itineraires,Roadtrippers,trip challan,5,70,250,57,0.63
voyage-itineraires,Roadtrippers,trip proof of delivery,5,86,249,67,0.61
voyage-itineraires,Roadtrippers,favorite places,5,68,185,48,0.66
voyage-itineraires,Roadtrippers,offroad map,5,89,250,110,0.56
voyage-itineraires,Roadtrippers,road cleanig,5,47,247,121,0.55
voyage-itineraires,Roadtrippers,unterstützung,5,92,245,64,0.62
voyage-itineraires,Roadtrippers,trip rain,5,76,249,67,0.61
voyage-itineraires,Roadtrippers,road forecast,5,91,250,146,0.53
voyage-itineraires,Roadtrippers,road condition,5,69,249,73,0.60
voyage-itineraires,Roadtrippers,weather on route,5,86,249,207,0.50
voyage-itineraires,Roadtrippers,road ;,5,83,240,60,0.63
voyage-itineraires,Roadtrippers,road alerts,5,95,250,25,0.77
voyage-itineraires,Roadtrippers,gravel map,5,,247,120,0.55
voyage-itineraires,Roadtrippers,tarkov map,5,,250,91,0.58
voyage-itineraires,Roadtrippers,lokführer,5,52,249,88,0.58
voyage-itineraires,Roadtrippers,Trip trafic,5,97,250,5,1.34
voyage-itineraires,Roadtrippers,hotel ibis,5,91,250,160,0.52
voyage-itineraires,Roadtrippers,korting op treinkaartjes,5,45,248,108,0.56
voyage-itineraires,Roadtrippers,routeplanner,5,81,248,9,1.06
voyage-itineraires,Roadtrippers,routeplanning,5,74,248,33,0.72
voyage-itineraires,Roadtrippers,p&r route planner,5,70,247,32,0.73
voyage-itineraires,Roadtrippers,itinéraire algerie,5,95,250,74,0.60
voyage-itineraires,Roadtrippers,wildcamping,5,45,249,172,0.51
voyage-itineraires,Roadtrippers,travel experience,5,64,249,17,0.86
voyage-itineraires,Roadtrippers,places app,5,46,240,80,0.59
voyage-itineraires,Roadtrippers,travel & local,5,75,250,8,1.10
voyage-itineraires,Roadtrippers,Vehicle Checklists,5,19,247,144,0.53
voyage-itineraires,Roadtrippers,story maps,5,53,249,138,0.53
voyage-itineraires,Roadtrippers,multiple stop route,5,89,248,24,0.78
voyage-itineraires,Roadtrippers,ig grid planner,5,70,250,95,0.57
voyage-itineraires,Roadtrippers,maps widget,5,88,250,152,0.52
voyage-itineraires,Roadtrippers,mapping google,5,79,227,93,0.57
voyage-itineraires,Roadtrippers,harvest planning,5,35,245,177,0.51
voyage-itineraires,Roadtrippers,journey planner app,5,50,250,12,0.96
voyage-itineraires,Roadtrippers,trip planning app,5,48,250,3,1.74
voyage-itineraires,Roadtrippers,tripp trapp,5,46,246,110,0.56
voyage-itineraires,Roadtrippers,secluded places,5,97,250,131,0.54
voyage-itineraires,Roadtrippers,yards plan,5,70,250,144,0.53
voyage-itineraires,Roadtrippers,comprar passagem,5,73,248,204,0.50
voyage-itineraires,Roadtrippers,passagem,5,79,249,188,0.50
voyage-itineraires,Roadtrippers,voyage photographie,5,29,249,162,0.52
voyage-itineraires,Roadtrippers,travel community,5,64,249,12,0.96
voyage-itineraires,Roadtrippers,road trip games app,5,3,236,21,0.81
voyage-itineraires,Roadtrippers,gezilecek yerler,5,95,247,19,0.83
voyage-itineraires,Roadtrippers,link fly free,5,33,238,148,0.53
voyage-itineraires,Roadtrippers,plnr app,5,78,214,196,0.50
voyage-itineraires,Roadtrippers,rest area,5,95,191,178,0.51
voyage-itineraires,Roadtrippers,van life app,5,68,249,161,0.52
voyage-itineraires,Roadtrippers,campings,5,73,248,104,0.56
voyage-itineraires,Roadtrippers,plan trips,5,78,250,5,1.34
voyage-itineraires,Roadtrippers,修学旅行,5,69,248,139,0.53
voyage-itineraires,Roadtrippers,travel tool,5,70,247,7,1.16
voyage-itineraires,Roadtrippers,gerenciador de rotas,5,78,250,149,0.53
voyage-itineraires,Roadtrippers,planejador de ruta,5,83,250,30,0.74
voyage-itineraires,Roadtrippers,delivery route optimization,5,72,250,123,0.54
voyage-itineraires,Roadtrippers,find best route multiple stop,5,86,250,31,0.73
voyage-itineraires,Roadtrippers,maps.me – offline maps  travel guides & navigation,5,95,250,82,0.59
voyage-itineraires,Roadtrippers,uber - request a ride,5,49,299,196,0.50
voyage-itineraires,Roadtrippers,viaggi unici,5,45,244,43,0.68
voyage-itineraires,Roadtrippers,map my jog,5,80,250,141,0.53
voyage-itineraires,Roadtrippers,running maps,5,69,249,138,0.53
voyage-itineraires,Roadtrippers,jogging maps,5,75,249,49,0.66
voyage-itineraires,Roadtrippers,jogging map,5,80,250,158,0.52
voyage-itineraires,Roadtrippers,jog map,5,84,250,153,0.52
voyage-itineraires,Roadtrippers,map jogging,5,64,248,50,0.65
voyage-itineraires,Roadtrippers,map my walking,5,59,248,199,0.50
voyage-itineraires,Roadtrippers,map mile,5,57,250,231,0.49
voyage-itineraires,Roadtrippers,map miles,5,57,249,241,0.48
voyage-itineraires,Roadtrippers,map my distance,5,62,250,173,0.51
voyage-itineraires,Roadtrippers,map my mile,5,70,250,165,0.52
voyage-itineraires,Roadtrippers,map my miles,5,70,250,187,0.51
voyage-itineraires,Roadtrippers,freedom camping,5,76,248,83,0.59
voyage-itineraires,Roadtrippers,徒步旅行,5,70,245,228,0.49
voyage-itineraires,Roadtrippers,self contained vehicle,5,47,248,46,0.67
voyage-itineraires,Roadtrippers,guided holiday,5,89,249,18,0.84
voyage-itineraires,Roadtrippers,motorhome holiday,5,61,249,48,0.66
voyage-itineraires,Roadtrippers,Hostel comparison,5,32,246,168,0.51
voyage-itineraires,Roadtrippers,backpacer,5,59,249,17,0.86
voyage-itineraires,Roadtrippers,Berlin travel,5,71,250,45,0.67
voyage-itineraires,Roadtrippers,hostel deal finder,5,47,249,164,0.52
voyage-itineraires,Roadtrippers,triptrip,5,53,250,75,0.60
voyage-itineraires,Roadtrippers,weekend gateway,5,45,250,115,0.55
voyage-itineraires,Roadtrippers,book trucks in howrah,5,70,249,120,0.55
voyage-itineraires,Roadtrippers,truckload,5,77,250,96,0.57
voyage-itineraires,Roadtrippers,rv dump,5,93,250,145,0.53
voyage-itineraires,Roadtrippers,campground finder,5,64,247,35,0.71
voyage-itineraires,Roadtrippers,rv dumps,5,75,250,61,0.63
voyage-itineraires,Roadtrippers,rv dump station,5,98,250,66,0.62
voyage-itineraires,Roadtrippers,rest stop,5,100,250,56,0.64
voyage-itineraires,Roadtrippers,planner plan,5,80,243,131,0.54
voyage-itineraires,Roadtrippers,siem reap map and walks,5,65,249,108,0.56
voyage-itineraires,Roadtrippers,travel blogs - 50 places to see before you die,5,87,250,4,1.49
voyage-itineraires,Roadtrippers,portugal offline map and travel guide,5,58,250,84,0.59
voyage-itineraires,Roadtrippers,fougeres offline map guide,5,89,249,78,0.59
voyage-itineraires,Roadtrippers,find near places city search,5,63,250,35,0.71
voyage-itineraires,Roadtrippers,yes taxi — find a free car near you in montenegro!,5,90,250,111,0.55
voyage-itineraires,Roadtrippers,pufnpow travel - where to go?,5,53,248,25,0.77
voyage-itineraires,Roadtrippers,annecy offline map guide,5,83,249,184,0.51
voyage-itineraires,Roadtrippers,jetblue trip,5,70,250,162,0.52
voyage-itineraires,Roadtrippers,travel altitude,5,86,250,134,0.54
voyage-itineraires,Roadtrippers,徒步,5,87,250,146,0.53
voyage-itineraires,Roadtrippers,road addictive,5,79,250,57,0.63
voyage-itineraires,Roadtrippers,gezi rehberi,5,66,248,144,0.53
voyage-itineraires,Roadtrippers,трекер маршруту,5,91,249,168,0.51
voyage-itineraires,Roadtrippers,लंबी पैदल यात्रा,5,97,249,12,0.96
voyage-itineraires,Roadtrippers,riu hotels & resorts -  riu guest info,5,24,221,57,0.63
voyage-itineraires,Roadtrippers,choice hotels - virtual visit,5,44,247,77,0.60
voyage-itineraires,Roadtrippers,goibibo travel app-hotel,5,24,239,114,0.55
voyage-itineraires,Roadtrippers,temptation cancun resort,5,21,214,131,0.54
voyage-itineraires,Roadtrippers,hampton inn near me,5,64,248,84,0.59
voyage-itineraires,Roadtrippers,aa route finder,5,95,249,15,0.89
voyage-itineraires,Roadtrippers,beach resort,5,72,247,180,0.51
voyage-itineraires,Roadtrippers,cheap hotels tonight,5,59,249,124,0.54
voyage-itineraires,Roadtrippers,citadines,5,77,250,114,0.55
voyage-itineraires,Roadtrippers,comfort inn near me,5,51,250,134,0.54
voyage-itineraires,Roadtrippers,comfort suites,5,57,249,74,0.60
voyage-itineraires,Roadtrippers,comfort suites near me,5,46,249,134,0.54
voyage-itineraires,Roadtrippers,econo lodge near me,5,50,247,153,0.52
voyage-itineraires,Roadtrippers,hilton near me,5,61,250,123,0.54
voyage-itineraires,Roadtrippers,hotel and guesthouse finder,5,70,250,135,0.54
voyage-itineraires,Roadtrippers,hotelcoupons.com travel app,5,53,250,150,0.52
voyage-itineraires,Roadtrippers,hyatt regency grand cypress,5,19,214,81,0.59
voyage-itineraires,Roadtrippers,jacuzzi suites near me,5,46,248,184,0.51
voyage-itineraires,Roadtrippers,maplocs,5,83,249,115,0.55
voyage-itineraires,Roadtrippers,places to stay near me,5,79,250,79,0.59
voyage-itineraires,Roadtrippers,resorts near me,5,59,249,115,0.55
voyage-itineraires,Roadtrippers,riu hotel,5,60,247,69,0.61
voyage-itineraires,Roadtrippers,riu palace costa mujeres,5,72,219,52,0.65
voyage-itineraires,Roadtrippers,suites near me,5,81,250,143,0.53
voyage-itineraires,Roadtrippers,taj lands end,5,96,244,216,0.49
voyage-itineraires,Roadtrippers,travelpirates,5,91,248,12,0.96
voyage-itineraires,Roadtrippers,trs coral hotel,5,27,211,110,0.56
voyage-itineraires,Roadtrippers,vacational,5,70,230,9,1.06
voyage-itineraires,Roadtrippers,elevazione,5,43,247,184,0.51
voyage-itineraires,Roadtrippers,gps导航,5,93,250,235,0.49
voyage-itineraires,Roadtrippers,领航员,5,75,250,123,0.54
voyage-itineraires,Roadtrippers,旅行トラッカー,5,83,249,5,1.34
voyage-itineraires,Roadtrippers,routeme luxembourg - offline routing & maps,5,79,249,153,0.52
voyage-itineraires,Roadtrippers,offline map samara  russia - cnm,5,84,249,114,0.55
voyage-itineraires,Roadtrippers,alaska - travel guide,5,11,248,16,0.87
voyage-itineraires,Roadtrippers,granada street map,5,70,249,184,0.51
voyage-itineraires,Roadtrippers,rancagua  chile satellite navigation - smart sulutions,5,45,249,84,0.59
voyage-itineraires,Roadtrippers,leverkusen street map,5,77,249,84,0.59
voyage-itineraires,Roadtrippers,new heaven tourist map offline,5,88,249,108,0.56
voyage-itineraires,Roadtrippers,camagüey  cuba offline map: place stars,5,78,248,131,0.54
voyage-itineraires,Roadtrippers,kingston-upon-hull street map,5,73,249,118,0.55
voyage-itineraires,Roadtrippers,montana  usa gps navigator: place stars,5,88,245,111,0.55
voyage-itineraires,Roadtrippers,community transformation handbook,5,61,243,14,0.91
voyage-itineraires,Roadtrippers,gran canaria street map,5,72,249,82,0.59
voyage-itineraires,Roadtrippers,edinburgh offline travel guide,5,51,250,124,0.54
voyage-itineraires,Roadtrippers,salvador  brazil navigator gps (golden forge),5,95,249,27,0.76
voyage-itineraires,Roadtrippers,country holidays inn & suites,5,0,231,79,0.59
voyage-itineraires,Roadtrippers,10 city guides,5,79,250,90,0.58
voyage-itineraires,Roadtrippers,gelsenkirchen street map,5,60,248,102,0.56
voyage-itineraires,Roadtrippers,travelpal - gps to find food-hotel-taxi-bus etc,5,0,240,20,0.82
voyage-itineraires,Roadtrippers,antigua & barbuda - travel guide,5,19,249,50,0.65
voyage-itineraires,Roadtrippers,strasbourg & northeastern france - free travel guide & map,5,84,248,56,0.64
voyage-itineraires,Roadtrippers,london premium | jitt audio city guide & tour planner with offline maps (french version),5,43,250,14,0.91
voyage-itineraires,Roadtrippers,bath street map,5,54,248,166,0.52
voyage-itineraires,Roadtrippers,los angeles - city guide,5,12,246,124,0.54
voyage-itineraires,Roadtrippers,serbia vector offline map: easy navigation,5,90,249,150,0.52
voyage-itineraires,Roadtrippers,agadir tourism guide - moroccan city travel guide,5,35,250,75,0.60
voyage-itineraires,Roadtrippers,normandy & northern france - free travel guide & map,5,48,250,29,0.74
voyage-itineraires,Roadtrippers,paris offline map travel guide (kindle tablet edition),5,88,249,32,0.73
voyage-itineraires,Roadtrippers,kenya vector map: travel monster,5,64,248,54,0.64
voyage-itineraires,Roadtrippers,philadelphia offline travel guide,5,19,249,83,0.59
voyage-itineraires,Roadtrippers,brittany (bretagne)  france - travel guide & map,5,88,249,20,0.82
voyage-itineraires,Roadtrippers,denmark - free travel guide,5,19,249,41,0.68
voyage-itineraires,Roadtrippers,montserrat - gps navigator,5,95,250,46,0.67
voyage-itineraires,Roadtrippers,katmai national park - usa,5,62,250,64,0.62
voyage-itineraires,Roadtrippers,toronto offline map travel guide (kindle tablet edition),5,80,246,23,0.79
voyage-itineraires,Roadtrippers,dublin travel guide & offline map,5,70,250,24,0.78
voyage-itineraires,Roadtrippers,alaska travel guide,5,11,248,16,0.87
voyage-itineraires,Roadtrippers,cairo  egypt - travel guide,5,0,225,125,0.54
voyage-itineraires,Roadtrippers,food trucks canada,5,6,244,130,0.54
voyage-itineraires,Roadtrippers,norwich street map,5,70,249,196,0.50
voyage-itineraires,Roadtrippers,car road - free 3d car driving trip,5,21,250,14,0.91
voyage-itineraires,Roadtrippers,pattaya street map,5,46,248,220,0.49
voyage-itineraires,Roadtrippers,tacoma bus map offline,5,53,248,53,0.64
voyage-itineraires,Roadtrippers,chicago offline travel guide,5,94,250,45,0.67
voyage-itineraires,Roadtrippers,faroe islands street map,5,9,249,51,0.65
voyage-itineraires,Roadtrippers,colombia travel map: offline osm soft,5,75,242,83,0.59
voyage-itineraires,Roadtrippers,world budget travel,5,47,250,42,0.68
voyage-itineraires,Roadtrippers,canberra offline map travel guide,5,86,249,6,1.24
voyage-itineraires,Roadtrippers,montreal street map,5,69,248,196,0.50
voyage-itineraires,Roadtrippers,birmingham hoover  alabama street map,5,45,248,62,0.62
voyage-itineraires,Roadtrippers,rome offline map travel guide (kindle tablet edition),5,47,246,149,0.53
voyage-itineraires,Roadtrippers,marcopolo viaggi (kindle tablet edition),5,98,250,127,0.54
voyage-itineraires,Roadtrippers,beijing street map,5,57,249,165,0.52
voyage-itineraires,Roadtrippers,columbus oh street map,5,73,249,134,0.54
voyage-itineraires,Roadtrippers,cottbus street map,5,59,249,114,0.55
voyage-itineraires,Roadtrippers,race tracks worldwide travel & explore guide,5,91,250,13,0.93
voyage-itineraires,Roadtrippers,monchengladbach street map,5,68,247,108,0.56
voyage-itineraires,Roadtrippers,garden state parkway 2012,5,75,249,142,0.53
voyage-itineraires,Roadtrippers,lonely planet magazine india,5,100,250,60,0.63
voyage-itineraires,Roadtrippers,burma (myanmar) - travel guide & map,5,51,250,33,0.72
voyage-itineraires,Roadtrippers,futa - bus lines tickets  delivery  taxi booking,5,71,250,90,0.58
voyage-itineraires,Roadtrippers,pennsylvania state parks & forests,5,71,249,42,0.68
voyage-itineraires,Roadtrippers,central america travel guide offline,5,92,250,63,0.62
voyage-itineraires,Roadtrippers,london travel map,5,60,250,45,0.67
voyage-itineraires,Roadtrippers,languedoc-roussillon - free travel guide & map,5,52,250,133,0.54
voyage-itineraires,Roadtrippers,mactan island offline map travel guide(kindle tablet edition),5,82,249,101,0.56
voyage-itineraires,Roadtrippers,tips to get ready for foreign trip,5,94,250,11,0.98
voyage-itineraires,Roadtrippers,virginia state parks guide,5,71,249,71,0.61
voyage-itineraires,Roadtrippers,pisa offline map,5,87,249,133,0.54
voyage-itineraires,Roadtrippers,nueva york: guía y mapa (gratis),5,74,248,78,0.59
voyage-itineraires,Roadtrippers,texel offline map travel guide (kindle tablet edition),5,91,248,29,0.74
voyage-itineraires,Roadtrippers,modena street map,5,69,248,159,0.52
voyage-itineraires,Roadtrippers,kingston jamaica street map,5,60,249,126,0.54
voyage-itineraires,Roadtrippers,belgium traveler map tourist amenity & atm finder,5,52,249,33,0.72
voyage-itineraires,Roadtrippers,borracay island offline map travel guide (kindle tablet edition),5,91,247,49,0.66
voyage-itineraires,Roadtrippers,road trip roulette,5,82,248,2,2.29
voyage-itineraires,Roadtrippers,driver's triplog professional,5,33,243,88,0.58
voyage-itineraires,Roadtrippers,offline map montevideo  uruguay - cnm,5,78,246,113,0.55
voyage-itineraires,Roadtrippers,los teques tourist map offline,5,82,250,140,0.53
voyage-itineraires,Roadtrippers,brest street map,5,51,248,218,0.49
voyage-itineraires,Roadtrippers,myanmar travel guide,5,0,234,35,0.71
voyage-itineraires,Roadtrippers,offline map asgabat  turkmenistan - cnm,5,80,248,134,0.54
voyage-itineraires,Roadtrippers,plenty waka,5,86,250,49,0.66
voyage-itineraires,Roadtrippers,רץ,5,84,250,67,0.61
voyage-itineraires,Roadtrippers,טיולים,5,91,249,10,1.02
voyage-itineraires,Roadtrippers,gezi planlama,5,95,250,59,0.63
voyage-itineraires,Roadtrippers,route alerts,5,91,250,33,0.72
voyage-itineraires,Roadtrippers,camino frances,5,47,249,76,0.60
voyage-itineraires,Roadtrippers,wandelknooppunten,5,55,213,52,0.65
voyage-itineraires,Roadtrippers,wandelkaarten,5,72,250,43,0.68
voyage-itineraires,Roadtrippers,campingplatz,5,86,246,48,0.66
voyage-itineraires,Roadtrippers,wohnmobilstellplatz,5,46,248,162,0.52
voyage-itineraires,Roadtrippers,ride map,5,92,250,83,0.59
voyage-itineraires,Roadtrippers,track my walk		run map			bike planner,5,82,250,70,0.61
voyage-itineraires,Roadtrippers,plot route,5,81,249,54,0.64
voyage-itineraires,Roadtrippers,spaziergehen,5,80,249,164,0.52
voyage-itineraires,Roadtrippers,wanderung navi,5,44,245,191,0.50
voyage-itineraires,Roadtrippers,wander navi,5,83,250,170,0.51
voyage-itineraires,Roadtrippers,wanderung tracker,5,72,249,209,0.50
voyage-itineraires,Roadtrippers,wander karten,5,76,250,175,0.51
voyage-itineraires,Roadtrippers,itinéraires pour marcher,5,91,249,70,0.61
voyage-itineraires,Roadtrippers,itinéraires de randonnée,5,88,250,138,0.53
voyage-itineraires,Roadtrippers,маршруты для бега,5,83,250,128,0.54
voyage-itineraires,Roadtrippers,горные маршруты,5,82,250,28,0.75
voyage-itineraires,Roadtrippers,горный поход,5,80,247,56,0.64
voyage-itineraires,Roadtrippers,горный туризм,5,91,250,73,0.60
voyage-itineraires,Roadtrippers,маршруты для походов,5,71,249,174,0.51
voyage-itineraires,Roadtrippers,пеший поход,5,81,248,61,0.63
voyage-itineraires,Roadtrippers,маршрути,5,87,249,176,0.51
voyage-itineraires,Roadtrippers,піші маршрути,5,69,248,168,0.51
voyage-itineraires,Roadtrippers,road conditions map,5,90,249,188,0.50
voyage-itineraires,Roadtrippers,travel recommendation,5,93,250,6,1.24
voyage-itineraires,Roadtrippers,горные тропы,5,91,245,20,0.82
voyage-itineraires,Roadtrippers,горный трекинг,5,89,248,146,0.53
voyage-itineraires,Roadtrippers,горный маршруты,5,92,250,134,0.54
voyage-itineraires,Roadtrippers,тропы в горах,5,91,250,27,0.76
voyage-itineraires,Roadtrippers,14ers,5,84,248,6,1.24
voyage-itineraires,Roadtrippers,longs peak,5,81,249,187,0.51
voyage-itineraires,Roadtrippers,travel costs,5,74,250,42,0.68
voyage-itineraires,Roadtrippers,planbook mobile,5,76,250,98,0.57
voyage-itineraires,Roadtrippers,тревелбелка,5,69,250,90,0.58
voyage-itineraires,Roadtrippers,conditions road,5,87,249,62,0.62
voyage-itineraires,Roadtrippers,travel tip calculator,5,43,247,179,0.51
voyage-itineraires,Roadtrippers,map chỉ đường,5,92,249,168,0.51
voyage-itineraires,Roadtrippers,car trip planner,5,93,250,2,2.29
voyage-itineraires,Roadtrippers,local recommendations,5,75,249,37,0.70
voyage-itineraires,Roadtrippers,local tips,5,93,250,10,1.02
voyage-itineraires,Roadtrippers,מסלולי טיולים,5,81,248,69,0.61
voyage-itineraires,Roadtrippers,map by my walk,5,65,247,128,0.54
voyage-itineraires,Roadtrippers,løberute,5,82,249,131,0.54
voyage-itineraires,Roadtrippers,gå tur,5,96,248,1,5.00
voyage-itineraires,Roadtrippers,travel recommendations,5,92,250,12,0.96
voyage-itineraires,Roadtrippers,london journey planner,5,72,249,72,0.60
voyage-itineraires,Roadtrippers,指导,5,95,250,132,0.54
voyage-itineraires,Roadtrippers,wycieczki,5,92,247,169,0.51
voyage-itineraires,Roadtrippers,wandel app gratis,5,87,248,72,0.60
voyage-itineraires,Roadtrippers,wandel,5,89,249,99,0.57
voyage-itineraires,Roadtrippers,wandelapp,5,89,248,112,0.55
voyage-itineraires,Roadtrippers,wandelen in overijssel,5,77,249,56,0.64
voyage-itineraires,Roadtrippers,wandel app,5,84,248,136,0.53
voyage-itineraires,Roadtrippers,apps wandelen gps,5,86,248,173,0.51
voyage-itineraires,Roadtrippers,ride conditions,5,83,249,206,0.50
voyage-itineraires,Roadtrippers,best trave app,5,80,248,3,1.74
voyage-itineraires,Roadtrippers,Cptain,5,20,190,122,0.55
voyage-itineraires,Roadtrippers,dur,5,91,240,160,0.52
voyage-itineraires,Roadtrippers,weekend app,5,49,247,147,0.53
voyage-itineraires,Roadtrippers,ripple street,5,81,248,57,0.63
voyage-itineraires,Roadtrippers,lange reizen,5,53,250,13,0.93
voyage-itineraires,Roadtrippers,travel plannẻ,5,84,246,20,0.82
voyage-itineraires,Roadtrippers,national park app,5,72,249,123,0.54
voyage-itineraires,Roadtrippers,national park passport,5,51,246,152,0.52
voyage-itineraires,Roadtrippers,patent,5,,245,86,0.58
voyage-itineraires,Roadtrippers,Hawaii drive tour,5,81,249,71,0.61
voyage-itineraires,Roadtrippers,kauai itinerary,5,21,225,44,0.67
voyage-itineraires,Roadtrippers,travel guide kauai,5,94,250,107,0.56
voyage-itineraires,Roadtrippers,big island gps tour,5,95,250,50,0.65
voyage-itineraires,Roadtrippers,hawaii guide,5,89,250,153,0.52
voyage-itineraires,Roadtrippers,hana highway audio guide,5,78,249,65,0.62
voyage-itineraires,Roadtrippers,hana highway gps guide,5,96,250,136,0.53
voyage-itineraires,Roadtrippers,urlaube,5,69,250,98,0.57
voyage-itineraires,Roadtrippers,upptåg,5,52,247,79,0.59
voyage-itineraires,Roadtrippers,route dosage,5,77,249,74,0.60
voyage-itineraires,Roadtrippers,road kart,5,22,249,232,0.49
voyage-itineraires,Roadtrippers,open roads,5,78,245,204,0.50
voyage-itineraires,Roadtrippers,montana road conditions,5,56,249,131,0.54
voyage-itineraires,Roadtrippers,california 511,5,57,249,133,0.54
voyage-itineraires,Roadtrippers,national parks service,5,44,249,62,0.62
voyage-itineraires,Roadtrippers,national park maps,5,65,248,128,0.54
voyage-itineraires,Roadtrippers,acadia driving tour,5,48,249,81,0.59
voyage-itineraires,Roadtrippers,rangers nps,5,28,236,116,0.55
voyage-itineraires,Roadtrippers,redadas,5,47,247,72,0.60
voyage-itineraires,Roadtrippers,tatil,5,89,248,175,0.51
voyage-itineraires,Roadtrippers,plan navigate,5,88,250,57,0.63
voyage-itineraires,Roadtrippers,self-guided tours,5,91,248,52,0.65
voyage-itineraires,Roadtrippers,winter road conditions,5,57,244,60,0.63
voyage-itineraires,Roadtrippers,alltrails hike,5,57,249,91,0.58
voyage-itineraires,Roadtrippers,travel hacks,5,93,250,3,1.74
voyage-itineraires,Roadtrippers,travel hacking,5,69,250,81,0.59
voyage-itineraires,Roadtrippers,award travel,5,70,248,99,0.57
voyage-itineraires,Roadtrippers,forever going,5,96,249,203,0.50
voyage-itineraires,Roadtrippers,verjaardag vakantie,5,52,248,130,0.54
voyage-itineraires,Roadtrippers,event urlaub,5,53,250,43,0.68
voyage-itineraires,Roadtrippers,activaties,5,90,250,4,1.49
voyage-itineraires,Roadtrippers,lobster (new),5,9,224,176,0.51
voyage-itineraires,Roadtrippers,driving times,5,81,249,42,0.68
voyage-itineraires,Roadtrippers,六只脚 — 旅行户外出行轨迹规划大师,5,82,248,119,0.55
voyage-itineraires,Roadtrippers,骑行 地图,5,73,249,127,0.54
voyage-itineraires,Roadtrippers,預訂,5,44,249,172,0.51
voyage-itineraires,Roadtrippers,routely,5,63,200,92,0.58
voyage-itineraires,Roadtrippers,north lane,5,15,246,120,0.55
voyage-itineraires,Roadtrippers,camping heute,5,83,249,181,0.51
voyage-itineraires,Roadtrippers,camping aktuell,5,53,249,144,0.53
voyage-itineraires,Roadtrippers,túra térkép,5,67,249,107,0.56
voyage-itineraires,Roadtrippers,tesla navigator,5,60,249,34,0.71
voyage-itineraires,Roadtrippers,tesla map,5,61,249,145,0.53
voyage-itineraires,Roadtrippers,cheap cruise,5,31,230,65,0.62
voyage-itineraires,Roadtrippers,ship itinerary,5,81,247,15,0.89
voyage-itineraires,Roadtrippers,travel for kids,5,20,232,20,0.82
voyage-itineraires,Roadtrippers,map kilometer,5,82,250,155,0.52
voyage-itineraires,Roadtrippers,map kilometers,5,83,249,222,0.49
voyage-itineraires,Roadtrippers,map my kilometer,5,55,249,212,0.49
voyage-itineraires,Roadtrippers,map my kilometers,5,78,249,190,0.50
voyage-itineraires,Roadtrippers,map my runs,5,56,250,185,0.51
voyage-itineraires,Roadtrippers,map my walks,5,58,249,167,0.52
voyage-itineraires,Roadtrippers,map runs,5,64,247,87,0.58
voyage-itineraires,Roadtrippers,户外 地图,5,92,248,105,0.56
voyage-itineraires,Roadtrippers,步行 地图,5,91,248,68,0.61
voyage-itineraires,Roadtrippers,my map,5,71,247,188,0.50
voyage-itineraires,Roadtrippers,rockfall potential,5,63,234,119,0.55
voyage-itineraires,Roadtrippers,caminhadas,5,69,248,194,0.50
voyage-itineraires,Roadtrippers,stock map,5,88,249,189,0.50
voyage-itineraires,Roadtrippers,kamperen,5,89,248,143,0.53
voyage-itineraires,Roadtrippers,campings duitsland,5,45,247,77,0.60
voyage-itineraires,Roadtrippers,camping duitsland,5,89,249,97,0.57
voyage-itineraires,Roadtrippers,camping noord holland,5,83,249,184,0.51
voyage-itineraires,Roadtrippers,campings italie,5,70,250,116,0.55
voyage-itineraires,Roadtrippers,camperguru,5,88,248,67,0.61
voyage-itineraires,Roadtrippers,(routenl),5,52,243,83,0.59
voyage-itineraires,Roadtrippers,routebeschrijving,5,80,246,88,0.58
voyage-itineraires,Roadtrippers,wandelroutes,5,67,247,41,0.68
voyage-itineraires,Roadtrippers,expenses travel,5,92,250,129,0.54
voyage-itineraires,Roadtrippers,crossing  road,5,76,249,226,0.49
voyage-itineraires,Roadtrippers,road trip trivia,5,94,250,22,0.80
voyage-itineraires,Roadtrippers,gettyguide,5,96,249,69,0.61
voyage-itineraires,Roadtrippers,striper,5,86,249,164,0.52
voyage-itineraires,Roadtrippers,paddling maps,5,71,221,28,0.75
voyage-itineraires,Roadtrippers,transport edinburgh,5,64,237,119,0.55
voyage-itineraires,Roadtrippers,summer activities,5,27,195,101,0.56
voyage-itineraires,Roadtrippers,lifetime premium membership!,5,90,250,119,0.55
voyage-itineraires,Roadtrippers,travel trip,5,96,250,4,1.49
voyage-itineraires,Roadtrippers,fahrt,5,92,248,59,0.63
voyage-itineraires,Roadtrippers,(planning),5,52,249,183,0.51
voyage-itineraires,Roadtrippers,new york city maps,5,58,249,206,0.50
voyage-itineraires,Roadtrippers,travel center,5,61,250,20,0.82
voyage-itineraires,Roadtrippers,vacation widget,5,53,249,161,0.52
voyage-itineraires,Roadtrippers,best collaboration apps,5,94,250,239,0.48
voyage-itineraires,Roadtrippers,caminadas,5,80,272,144,0.53
voyage-itineraires,Roadtrippers,travel dairy,5,70,250,70,0.61
voyage-itineraires,Roadtrippers,travel route,5,88,250,3,1.74
voyage-itineraires,Roadtrippers,destination guide,5,89,250,26,0.76
voyage-itineraires,Roadtrippers,travel guide and map,5,86,248,44,0.67
voyage-itineraires,Roadtrippers,travel photo book,5,50,250,131,0.54
voyage-itineraires,Roadtrippers,travel world map,5,75,247,17,0.86
voyage-itineraires,Roadtrippers,travel mapping,5,88,250,8,1.10
voyage-itineraires,Roadtrippers,spareroom us,5,80,249,81,0.59
voyage-itineraires,Roadtrippers,campsite finder,5,72,247,40,0.69
voyage-itineraires,Roadtrippers,disney reservations,5,62,246,154,0.52
voyage-itineraires,Roadtrippers,disney reservation,5,78,243,176,0.51
voyage-itineraires,Roadtrippers,good planner,5,59,248,237,0.49
voyage-itineraires,Roadtrippers,map routes,5,93,250,39,0.69
voyage-itineraires,Roadtrippers,готовой,5,92,250,206,0.50
voyage-itineraires,Roadtrippers,hamburg urlaub,5,53,249,135,0.54
voyage-itineraires,Roadtrippers,self guided tour,5,93,250,11,0.98
voyage-itineraires,Roadtrippers,旅行足迹,5,91,248,16,0.87
voyage-itineraires,Roadtrippers,地图打卡,5,74,244,25,0.77
voyage-itineraires,Roadtrippers,旅行规划,5,93,248,4,1.49
voyage-itineraires,Roadtrippers,旅行轨迹,5,84,247,4,1.49
voyage-itineraires,Roadtrippers,打卡城市,5,67,248,126,0.54
voyage-itineraires,Roadtrippers,pacific coast highway,5,88,250,83,0.59
voyage-itineraires,Roadtrippers,Lane guidance,5,90,245,115,0.55
voyage-itineraires,Roadtrippers,travel cover,5,93,248,3,1.74
voyage-itineraires,Roadtrippers,travel insurance cover,5,53,250,95,0.57
voyage-itineraires,Roadtrippers,on demand travel insurance,5,46,246,64,0.62
voyage-itineraires,Roadtrippers,路线,5,69,239,210,0.50
voyage-itineraires,Roadtrippers,自驾游,5,84,247,6,1.24
voyage-itineraires,Roadtrippers,brazil holidays,5,70,248,180,0.51
voyage-itineraires,Roadtrippers,watch map,5,70,250,197,0.50
voyage-itineraires,Roadtrippers,watch maps,5,92,246,209,0.50
voyage-itineraires,Roadtrippers,winterlands,5,,248,107,0.56
voyage-itineraires,Roadtrippers,Road Glider,5,83,248,37,0.70
voyage-itineraires,Roadtrippers,wiener rotes,5,68,239,17,0.86
voyage-itineraires,Roadtrippers,Aire de camping,5,69,250,164,0.52
voyage-itineraires,Roadtrippers,tapatrip,5,49,249,65,0.62
voyage-itineraires,Roadtrippers,roamy,5,86,249,52,0.65
voyage-itineraires,Roadtrippers,cheap trip,5,94,249,103,0.56
voyage-itineraires,Roadtrippers,road!,5,88,247,34,0.71
voyage-itineraires,Roadtrippers,best road trip games for couples,5,70,250,53,0.64
voyage-itineraires,Roadtrippers,bucket list ideas for couples travel,5,47,248,91,0.58
voyage-itineraires,Roadtrippers,couples road trip games,5,53,250,56,0.64
voyage-itineraires,Roadtrippers,date night planner app,5,54,250,201,0.50
voyage-itineraires,Roadtrippers,fun road trip games for couples,5,70,248,63,0.62
voyage-itineraires,Roadtrippers,journey starts,5,97,249,208,0.50
voyage-itineraires,Roadtrippers,自由行,5,88,248,2,2.29
voyage-itineraires,Roadtrippers,國內旅遊,5,35,241,176,0.51
voyage-itineraires,Roadtrippers,games to play on the road for couples,5,36,241,159,0.52
voyage-itineraires,Roadtrippers,dream reality testing,5,91,250,68,0.61
voyage-itineraires,Roadtrippers,ttc streetcar,5,96,249,121,0.55
voyage-itineraires,Roadtrippers,tfl tube,5,53,249,44,0.67
voyage-itineraires,Roadtrippers,ptv trip planner,5,86,250,10,1.02
voyage-itineraires,Roadtrippers,ptv trip,5,86,248,160,0.52
voyage-itineraires,Roadtrippers,truckers slide,5,45,244,163,0.52
voyage-itineraires,Roadtrippers,rtd next ride,5,77,250,59,0.63
voyage-itineraires,Roadtrippers,rtd trip planner,5,79,250,11,0.98
voyage-itineraires,Roadtrippers,long island rail road,5,80,250,50,0.65
voyage-itineraires,Roadtrippers,registrar percurso,5,87,247,143,0.53
voyage-itineraires,Roadtrippers,map notes,5,90,250,117,0.55
voyage-itineraires,Roadtrippers,Focus Traveller,5,72,249,182,0.51
voyage-itineraires,Roadtrippers,map journal,5,50,246,154,0.52
voyage-itineraires,Roadtrippers,free travel planner,5,88,249,6,1.24
voyage-itineraires,Roadtrippers,stopover,5,95,249,119,0.55
voyage-itineraires,Roadtrippers,visitors guide,5,35,249,54,0.64
voyage-itineraires,Roadtrippers,跑步轨迹记录,5,86,240,144,0.53
voyage-itineraires,Roadtrippers,mindjourney,5,93,250,118,0.55
voyage-itineraires,Roadtrippers,paddle route,5,33,244,19,0.83
voyage-itineraires,Roadtrippers,tre i rad,5,53,249,134,0.54
voyage-itineraires,Roadtrippers,tre pa rad,5,86,208,145,0.53
voyage-itineraires,Roadtrippers,vacation home,5,69,242,163,0.52
voyage-itineraires,Roadtrippers,Maps reviews,5,61,250,225,0.49
voyage-itineraires,Roadtrippers,ai trip,5,91,247,34,0.71
voyage-itineraires,Roadtrippers,find places,5,79,249,14,0.91
voyage-itineraires,Roadtrippers,short term travel insurance,5,90,250,82,0.59
voyage-itineraires,Roadtrippers,one day travel insurance,5,92,229,151,0.52
voyage-itineraires,Roadtrippers,pay as you go travel insurance,5,82,248,107,0.56
voyage-itineraires,Roadtrippers,instant travel insurance uk,5,76,250,162,0.52
voyage-itineraires,Roadtrippers,cheap one day travel insurance,5,74,249,112,0.55
voyage-itineraires,Roadtrippers,travel insurance instant,5,54,237,155,0.52
voyage-itineraires,Roadtrippers,travel insurance short term,5,70,250,30,0.74
voyage-itineraires,Roadtrippers,puget sound trip planner,5,86,248,2,2.29
voyage-itineraires,Roadtrippers,Reel scheduler,5,70,249,107,0.56
voyage-itineraires,Roadtrippers,ai travel planner,5,92,247,12,0.96
voyage-itineraires,Roadtrippers,travel ai,5,87,250,15,0.89
voyage-itineraires,Roadtrippers,旅の途中,5,53,249,65,0.62
voyage-itineraires,Roadtrippers,Famous Sights,5,47,248,106,0.56
voyage-itineraires,Roadtrippers,travel traacker,5,86,247,33,0.72
voyage-itineraires,Roadtrippers,TIPS Travel,5,95,249,6,1.24
voyage-itineraires,Roadtrippers,world trip,5,85,242,13,0.93
voyage-itineraires,Roadtrippers,yurts,5,74,250,85,0.58
voyage-itineraires,Roadtrippers,getaways,5,70,249,56,0.64
voyage-itineraires,Roadtrippers,good for traveling,5,94,250,3,1.74
voyage-itineraires,Roadtrippers,tourist help,5,63,250,25,0.77
voyage-itineraires,Roadtrippers,tour gude,5,26,240,203,0.50
voyage-itineraires,Roadtrippers,tripoley,5,96,248,20,0.82
voyage-itineraires,Roadtrippers,routethi,5,30,214,96,0.57
voyage-itineraires,Roadtrippers,trip ai,5,83,246,27,0.76
voyage-itineraires,Roadtrippers,travel recs,5,48,236,4,1.49
voyage-itineraires,Roadtrippers,explore travel,5,51,249,41,0.68
voyage-itineraires,Roadtrippers,family travel planner,5,96,249,4,1.49
voyage-itineraires,Roadtrippers,ai travel,5,98,250,18,0.84
voyage-itineraires,Roadtrippers,travel stats,5,83,250,1,5.00
voyage-itineraires,Roadtrippers,trips planner,5,88,249,4,1.49
voyage-itineraires,Roadtrippers,mapper for safari,5,61,250,102,0.56
voyage-itineraires,Roadtrippers,rump,5,63,248,108,0.56
voyage-itineraires,Roadtrippers,Navigation  Maps  Driving Directions,5,93,250,200,0.50
voyage-itineraires,Roadtrippers,app's capability,5,52,249,181,0.51
voyage-itineraires,Roadtrippers,roadtrip trivia,5,80,247,46,0.67
voyage-itineraires,Roadtrippers,Journeyer,5,34,210,66,0.62
voyage-itineraires,Roadtrippers,portugal contemporary artguide,5,49,242,141,0.53
voyage-itineraires,Roadtrippers,rv checklist,5,44,245,13,0.93
voyage-itineraires,Roadtrippers,allstays camp rv,5,49,249,22,0.80
voyage-itineraires,Roadtrippers,commute planner,5,81,249,41,0.68
voyage-itineraires,Roadtrippers,toronto go,5,100,250,159,0.52
voyage-itineraires,Roadtrippers,journey alerts,5,61,250,14,0.91
voyage-itineraires,Roadtrippers,london tube journey,5,80,250,148,0.53
voyage-itineraires,Roadtrippers,wanderweg,5,93,240,153,0.52
voyage-itineraires,Roadtrippers,walk route maps,5,77,249,218,0.49
voyage-itineraires,Roadtrippers,登山步道,5,81,249,60,0.63
voyage-itineraires,Roadtrippers,戶外助手,5,93,249,81,0.59
voyage-itineraires,Roadtrippers,記錄旅行,5,93,248,23,0.79
voyage-itineraires,Roadtrippers,ar山,5,97,247,119,0.55
voyage-itineraires,Roadtrippers,dc metro planner,5,54,248,50,0.65
voyage-itineraires,Roadtrippers,旅游攻略,5,93,250,16,0.87
voyage-itineraires,Roadtrippers,旅游软件,5,90,249,69,0.61
voyage-itineraires,Roadtrippers,行程,5,84,248,20,0.82
voyage-itineraires,Roadtrippers,旅游地图,5,78,248,19,0.83
voyage-itineraires,Roadtrippers,足迹地图,5,71,248,90,0.58
voyage-itineraires,Roadtrippers,旅行地图,5,87,250,14,0.91
voyage-itineraires,Roadtrippers,路书,5,79,249,4,1.49
voyage-itineraires,Roadtrippers,驴友,5,63,219,98,0.57
voyage-itineraires,Roadtrippers,旅游app,5,57,248,25,0.77
voyage-itineraires,Roadtrippers,高端地图,5,91,250,118,0.55
voyage-itineraires,Roadtrippers,路线规划,5,91,250,4,1.49
voyage-itineraires,Roadtrippers,旅行记录,5,84,250,15,0.89
voyage-itineraires,Roadtrippers,轨迹地图,5,79,241,186,0.51
voyage-itineraires,Roadtrippers,行程轨迹,5,74,250,22,0.80
voyage-itineraires,Roadtrippers,旅游记录,5,84,250,24,0.78
voyage-itineraires,Roadtrippers,出行旅游,5,47,250,46,0.67
voyage-itineraires,Roadtrippers,行程规划,5,63,250,4,1.49
voyage-itineraires,Roadtrippers,出国旅游,5,36,250,42,0.68
voyage-itineraires,Roadtrippers,骑行导航,5,85,250,125,0.54
voyage-itineraires,Roadtrippers,旅游规划,5,81,250,9,1.06
voyage-itineraires,Roadtrippers,户外地图,5,92,248,122,0.55
voyage-itineraires,Roadtrippers,地标,5,73,243,11,0.98
voyage-itineraires,Roadtrippers,户外徒步,5,83,250,31,0.73
voyage-itineraires,Roadtrippers,缆车,5,82,243,4,1.49
voyage-itineraires,Roadtrippers,徒步活动,5,61,247,156,0.52
voyage-itineraires,Roadtrippers,登山徒步,5,78,248,191,0.50
voyage-itineraires,Roadtrippers,户外活动,5,89,251,173,0.51
voyage-itineraires,Roadtrippers,规划路线,5,93,250,4,1.49
voyage-itineraires,Roadtrippers,探索户外,5,86,246,133,0.54
voyage-itineraires,Roadtrippers,出行轨迹,5,78,250,125,0.54
voyage-itineraires,Roadtrippers,出行规划,5,82,247,2,2.29
voyage-itineraires,Roadtrippers,徒步导航,5,91,249,35,0.71
voyage-itineraires,Roadtrippers,登山导航,5,84,250,106,0.56
voyage-itineraires,Roadtrippers,自驾越野,5,80,248,126,0.54
voyage-itineraires,Roadtrippers,标准地图,5,24,225,179,0.51
voyage-itineraires,Roadtrippers,户外越野,5,91,250,118,0.55
voyage-itineraires,Roadtrippers,户外路线,5,79,249,31,0.73
voyage-itineraires,Roadtrippers,户外出行,5,89,247,57,0.63
voyage-itineraires,Roadtrippers,步行路线,5,30,198,101,0.56
voyage-itineraires,Roadtrippers,离线地图导航,5,96,248,196,0.50
voyage-itineraires,Roadtrippers,旅游足迹地图,5,91,250,59,0.63
voyage-itineraires,Roadtrippers,户外导航,5,90,249,66,0.62
voyage-itineraires,Roadtrippers,路程,5,86,246,120,0.55
voyage-itineraires,Roadtrippers,爬山导航,5,88,250,99,0.57
voyage-itineraires,Roadtrippers,徒步轨迹,5,85,248,204,0.50
voyage-itineraires,Roadtrippers,登山徒步轨迹,5,91,247,130,0.54
voyage-itineraires,Roadtrippers,登山行程,5,95,249,84,0.59
voyage-itineraires,Roadtrippers,路线距离,5,46,237,176,0.51
voyage-itineraires,Roadtrippers,行前规划,5,94,247,3,1.74
voyage-itineraires,Roadtrippers,行程距离,5,88,249,13,0.93
voyage-itineraires,Roadtrippers,轨迹规划,5,87,246,125,0.54
voyage-itineraires,Roadtrippers,自定义路线规划,5,89,250,16,0.87
voyage-itineraires,Roadtrippers,短途徒步,5,87,249,4,1.49
voyage-itineraires,Roadtrippers,路书导航,5,88,247,8,1.10
voyage-itineraires,Roadtrippers,徒步历史,5,91,249,26,0.76
voyage-itineraires,Roadtrippers,户外路书,5,89,248,61,0.63
voyage-itineraires,Roadtrippers,登山缆车,5,74,221,12,0.96
voyage-itineraires,Roadtrippers,klettersteige,5,91,397,28,0.75
voyage-itineraires,Roadtrippers,chicago trip planner,5,85,248,15,0.89
voyage-itineraires,Roadtrippers,wallet planner,5,72,236,195,0.50
voyage-itineraires,Roadtrippers,highways uk,5,59,246,68,0.61
voyage-itineraires,Roadtrippers,turistik,5,77,250,83,0.59
voyage-itineraires,Roadtrippers,low-cost ride,5,90,250,212,0.49
voyage-itineraires,Roadtrippers,design map,5,90,249,165,0.52
voyage-itineraires,Roadtrippers,Skin care planner,5,65,247,135,0.54
voyage-itineraires,Roadtrippers,trip logger,5,94,247,27,0.76
voyage-itineraires,Roadtrippers,térkép,5,91,250,212,0.49
voyage-itineraires,Roadtrippers,mts trip planner,5,83,246,12,0.96
voyage-itineraires,Roadtrippers,personalized itinerary,5,84,248,6,1.24
voyage-itineraires,Roadtrippers,trip history,5,75,196,31,0.73
voyage-itineraires,Roadtrippers,Project scheduler,5,36,250,175,0.51
voyage-itineraires,Roadtrippers,HERE WeGo: Maps & Navigation,5,96,250,128,0.54
voyage-itineraires,Roadtrippers,urlaubsplanung,5,91,250,29,0.74
voyage-itineraires,Roadtrippers,adhd planning,5,86,250,140,0.53
voyage-itineraires,Roadtrippers,reservas de pista,5,45,249,57,0.63
voyage-itineraires,Roadtrippers,my life planner,5,57,247,112,0.55
voyage-itineraires,Roadtrippers,yellowstoneapp,5,94,216,46,0.67
voyage-itineraires,Roadtrippers,Travel Planner AI,5,84,249,22,0.80
voyage-itineraires,Roadtrippers,gps paddle,5,52,247,174,0.51
voyage-itineraires,Roadtrippers,camping pack list,5,56,244,29,0.74
voyage-itineraires,Roadtrippers,ski packing,5,48,247,207,0.50
voyage-itineraires,Roadtrippers,大众点评-民宿酒店预订，景点美食推荐,5,64,250,107,0.56
voyage-itineraires,Roadtrippers,旅游出行查攻略买门票，看必吃榜赏当地美食,5,71,248,149,0.53
voyage-itineraires,Roadtrippers,road trip stories,5,83,247,1,5.00
voyage-itineraires,Roadtrippers,road trip story,5,77,249,1,5.00
voyage-itineraires,Roadtrippers,group trip planner,5,95,249,14,0.91
voyage-itineraires,Roadtrippers,party game road trip,5,86,250,9,1.06
voyage-itineraires,Roadtrippers,voyag,5,84,250,165,0.52
voyage-itineraires,Roadtrippers,krugerguide,5,61,244,59,0.63
voyage-itineraires,Roadtrippers,backpacking checklist,5,43,247,36,0.70
voyage-itineraires,Roadtrippers,hiking checklist,5,90,250,109,0.56
voyage-itineraires,Roadtrippers,booking/waitlisting,5,35,245,101,0.56
voyage-itineraires,Roadtrippers,bus seat,5,78,240,188,0.50
voyage-itineraires,Roadtrippers,california roads,5,82,247,105,0.56
voyage-itineraires,Roadtrippers,bathroom map,5,57,248,131,0.54
voyage-itineraires,Roadtrippers,roofr,5,2,230,42,0.68
voyage-itineraires,Roadtrippers,travel share,5,89,248,46,0.67
voyage-itineraires,Roadtrippers,canoe route,5,74,248,25,0.77
voyage-itineraires,Roadtrippers,paddling tracker,5,69,247,61,0.63
voyage-itineraires,Roadtrippers,paddle maps,5,75,246,56,0.64
voyage-itineraires,Roadtrippers,paddle map,5,73,247,68,0.61
voyage-itineraires,Roadtrippers,paddling map,5,72,249,21,0.81
voyage-itineraires,Roadtrippers,kruger safari,5,52,250,199,0.50
voyage-itineraires,Roadtrippers,ETA - GPS & maps driving times,5,91,250,196,0.50
voyage-itineraires,Roadtrippers,adventure planner,5,83,250,2,2.29
voyage-itineraires,Roadtrippers,trip forecast,5,72,248,10,1.02
voyage-itineraires,Roadtrippers,drive miles,5,89,249,101,0.56
voyage-itineraires,Roadtrippers,calimoto motorcycle navigation,5,51,248,112,0.55
voyage-itineraires,Roadtrippers,travel friends,5,93,249,29,0.74
voyage-itineraires,Roadtrippers,ai travel plan,5,93,249,10,1.02
voyage-itineraires,Roadtrippers,otobüs ara,5,5,230,212,0.49
voyage-itineraires,Roadtrippers,boat trip,5,66,248,44,0.67
voyage-itineraires,Roadtrippers,local trips,5,86,249,3,1.74
voyage-itineraires,Roadtrippers,(wildfire),5,50,250,134,0.54
voyage-itineraires,Roadtrippers,duty (wildfire),5,43,249,72,0.60
voyage-itineraires,Roadtrippers,str schedule,5,34,246,230,0.49
voyage-itineraires,Roadtrippers,pin travel,5,90,248,67,0.61
voyage-itineraires,Roadtrippers,taper,5,86,250,114,0.55
voyage-itineraires,Roadtrippers,tadweer,5,70,249,42,0.68
voyage-itineraires,Roadtrippers,europa campings,5,72,249,59,0.63
voyage-itineraires,Roadtrippers,travel advice,5,88,249,21,0.81
voyage-itineraires,Roadtrippers,rotatation,5,5,222,27,0.76
voyage-itineraires,Roadtrippers,despa tribù,5,21,214,73,0.60
voyage-itineraires,Roadtrippers,bookaway app,5,50,250,135,0.54
voyage-itineraires,Roadtrippers,memogo,5,29,249,165,0.52
voyage-itineraires,Roadtrippers,earn travel,5,87,243,9,1.06
voyage-itineraires,Roadtrippers,Gezi planlayıcı,5,95,248,25,0.77
voyage-itineraires,Roadtrippers,plan comparisons,5,53,249,39,0.69
voyage-itineraires,Roadtrippers,Miles to Dollars,5,70,250,211,0.49
voyage-itineraires,Roadtrippers,Maintenance scheduling,5,66,250,150,0.52
voyage-itineraires,Roadtrippers,move the seats,5,70,222,158,0.52
voyage-itineraires,Roadtrippers,travel bot,5,86,250,6,1.24
voyage-itineraires,Roadtrippers,itinerary trip planner,5,93,250,13,0.93
voyage-itineraires,Roadtrippers,2024 road,5,75,236,3,1.74
voyage-itineraires,Roadtrippers,low cost travel,5,95,249,7,1.16
voyage-itineraires,Roadtrippers,trip checklist,5,61,248,18,0.84
voyage-itineraires,Roadtrippers,rome offline map travel guide (kindle ta,5,47,244,149,0.53
voyage-itineraires,Roadtrippers,hgs,5,90,247,72,0.60
voyage-itineraires,Roadtrippers,vaccine travel,5,13,247,43,0.68
voyage-itineraires,Roadtrippers,field guide,5,34,248,201,0.50
voyage-itineraires,Roadtrippers,travel countdown app,5,13,249,79,0.59
voyage-itineraires,Roadtrippers,travel tip,5,94,248,6,1.24
voyage-itineraires,Roadtrippers,traffic time,5,83,249,42,0.68
voyage-itineraires,Roadtrippers,tbr lists,5,56,250,185,0.51
voyage-itineraires,Roadtrippers,vacation planner app,5,93,250,13,0.93
voyage-itineraires,Roadtrippers,map guide,5,70,249,83,0.59
voyage-itineraires,Roadtrippers,map my phone,5,93,250,214,0.49
voyage-itineraires,Roadtrippers,good places,5,97,249,76,0.60
voyage-itineraires,Roadtrippers,start map,5,49,249,223,0.49
voyage-itineraires,Roadtrippers,stoppr,5,54,238,124,0.54
voyage-itineraires,Roadtrippers,route suggestions,5,,250,25,0.77
voyage-itineraires,Roadtrippers,travelanimator,5,83,248,65,0.62
voyage-itineraires,Roadtrippers,loop meet up,5,35,249,151,0.52
voyage-itineraires,Roadtrippers,dream planner,5,75,249,172,0.51
voyage-itineraires,Roadtrippers,trip bucketlist,5,78,247,9,1.06
voyage-itineraires,Roadtrippers,location planner,5,74,250,20,0.82
voyage-itineraires,Roadtrippers,2025 road,5,73,228,208,0.50
voyage-itineraires,Roadtrippers,travel and local,5,96,250,21,0.81
voyage-itineraires,Roadtrippers,calculadora runner,5,28,283,162,0.52
voyage-itineraires,Roadtrippers,pin places,5,49,246,33,0.72
voyage-itineraires,Roadtrippers,visited places,5,79,248,24,0.78
voyage-itineraires,Roadtrippers,dive map,5,61,250,128,0.54
voyage-itineraires,Roadtrippers,dive maps,5,25,249,181,0.51
voyage-itineraires,Roadtrippers,dive spots,5,28,249,110,0.56
voyage-itineraires,Roadtrippers,diving maps,5,59,250,190,0.50
voyage-itineraires,Roadtrippers,tripnotes ai,5,36,247,41,0.68
voyage-itineraires,Roadtrippers,runing route,5,72,247,106,0.56
voyage-itineraires,Roadtrippers,trip expenses,5,82,248,174,0.51
voyage-itineraires,Roadtrippers,navigation map,5,53,249,187,0.51
voyage-itineraires,Roadtrippers,create itinerary,5,86,247,11,0.98
voyage-itineraires,Roadtrippers,town planning map,5,85,250,64,0.62
voyage-itineraires,Roadtrippers,travel days,5,88,250,10,1.02
voyage-itineraires,Roadtrippers,locations planner,5,90,250,15,0.89
voyage-itineraires,Roadtrippers,comfort finder,5,,242,93,0.57
voyage-itineraires,Roadtrippers,vacation planne,5,84,249,19,0.83
voyage-itineraires,Roadtrippers,city itinerary,5,86,249,9,1.06
voyage-itineraires,Roadtrippers,tripnote ai,5,45,247,103,0.56
voyage-itineraires,Roadtrippers,ai travel itinerary,5,86,249,8,1.10
voyage-itineraires,Roadtrippers,ai route planner,5,89,249,28,0.75
voyage-itineraires,Roadtrippers,vacation plan,5,95,250,18,0.84
voyage-itineraires,Roadtrippers,rome city guide,5,56,249,76,0.60
voyage-itineraires,Roadtrippers,tripbff\,5,,249,106,0.56
voyage-itineraires,Roadtrippers,checklist voyage,5,47,247,35,0.71
voyage-itineraires,Roadtrippers,best camping app,5,,248,14,0.91
voyage-itineraires,Roadtrippers,recommend discover,5,,238,113,0.55
voyage-itineraires,Roadtrippers,invite plan,5,66,249,172,0.51
voyage-itineraires,Roadtrippers,kamperen app,5,70,249,9,1.06
voyage-itineraires,Roadtrippers,popular planner,5,53,248,184,0.51
voyage-itineraires,Roadtrippers,travel rome,5,,250,96,0.57
voyage-itineraires,Roadtrippers,multi-stop routing,5,79,250,41,0.68
voyage-itineraires,Roadtrippers,reiseplan erstellen,5,81,249,3,1.74
voyage-itineraires,Roadtrippers,route planer,5,74,249,6,1.24
voyage-itineraires,Roadtrippers,boat travel,5,72,239,53,0.64
voyage-itineraires,Roadtrippers,roadready,5,73,244,76,0.60
voyage-itineraires,Roadtrippers,rv guide,5,72,249,50,0.65
voyage-itineraires,Roadtrippers,rv national parks,5,,249,34,0.71
voyage-itineraires,Roadtrippers,multi-stop,5,88,249,53,0.64
voyage-itineraires,Roadtrippers,hiking log book,5,74,250,196,0.50
voyage-itineraires,Roadtrippers,camplife,5,74,248,69,0.61
voyage-itineraires,Roadtrippers,travel audio,5,89,250,68,0.61
voyage-itineraires,Roadtrippers,offline tour,5,75,240,21,0.81
voyage-itineraires,Roadtrippers,tour app,5,78,231,10,1.02
voyage-itineraires,Roadtrippers,your plans,5,85,236,51,0.65
voyage-itineraires,Roadtrippers,travel planner chatbot,5,87,250,4,1.49
voyage-itineraires,Roadtrippers,trip holiday,5,,245,104,0.56
voyage-itineraires,Roadtrippers,bet trips,5,,243,50,0.65
voyage-itineraires,Roadtrippers,ai trips,5,86,248,7,1.16
voyage-itineraires,Roadtrippers,ai vacation planner,5,87,249,43,0.68
voyage-itineraires,Roadtrippers,weekend getaway planner,5,94,248,20,0.82
voyage-itineraires,Roadtrippers,tourin,5,,249,104,0.56
voyage-itineraires,Roadtrippers,long travel,5,96,248,1,5.00
voyage-itineraires,Roadtrippers,sparerooms,5,26,250,115,0.55
voyage-itineraires,Roadtrippers,viaggi solo,5,94,249,20,0.82
voyage-itineraires,Roadtrippers,itinerary planner travel,5,86,250,13,0.93
voyage-itineraires,Roadtrippers,share trips,5,,250,46,0.67
voyage-itineraires,Roadtrippers,holiday countdown planner,5,,250,110,0.56
voyage-itineraires,Roadtrippers,travel abroad,5,,249,12,0.96
voyage-itineraires,Roadtrippers,travel partners,5,,241,35,0.71
voyage-itineraires,Roadtrippers,road mao,5,,250,232,0.49
voyage-itineraires,Roadtrippers,solo travel apps,5,86,249,27,0.76
voyage-itineraires,Roadtrippers,apps for solo travelers,5,,250,120,0.55
voyage-itineraires,Roadtrippers,apps to meet people while traveling,5,92,250,18,0.84
voyage-itineraires,Roadtrippers,solo travel app to meet people,5,82,249,138,0.53
voyage-itineraires,Roadtrippers,solo travel app,5,81,249,44,0.67
voyage-itineraires,Roadtrippers,find a cruise buddy,5,,250,156,0.52
voyage-itineraires,Roadtrippers,cruise companions seniors,5,,247,31,0.73
voyage-itineraires,Roadtrippers,cruise buddy finder,5,,250,57,0.63
voyage-itineraires,Roadtrippers,find a female cruise buddy,5,20,249,166,0.52
voyage-itineraires,Roadtrippers,solo cruise travel,5,,250,78,0.59
voyage-itineraires,Roadtrippers,top solo travel apps,5,93,250,25,0.77
voyage-itineraires,Roadtrippers,solo travel find friends app,5,86,249,25,0.77
voyage-itineraires,Roadtrippers,solo travel app meet people,5,60,249,98,0.57
voyage-itineraires,Roadtrippers,solo travel meet up apps,5,60,249,150,0.52
voyage-itineraires,Roadtrippers,solo travel companion app,5,82,249,88,0.58
voyage-itineraires,Roadtrippers,apps for solo travellers to meet,5,86,248,26,0.76
voyage-itineraires,Roadtrippers,meet other solo travelers,5,84,249,82,0.59
voyage-itineraires,Roadtrippers,attractions along route,5,94,250,2,2.29
voyage-itineraires,Roadtrippers,trip ai planner,5,82,248,7,1.16
voyage-itineraires,Roadtrippers,reels planner,5,,248,116,0.55
voyage-itineraires,Roadtrippers,trip planner gpt,5,83,249,2,2.29
voyage-itineraires,Roadtrippers,travel  ai planner,5,83,248,18,0.84
voyage-itineraires,Roadtrippers,solo travelling apps,5,92,249,21,0.81
voyage-itineraires,Roadtrippers,meet other solo travellers app,5,79,247,65,0.62
voyage-itineraires,Roadtrippers,travel apps for solo travelers,5,93,247,9,1.06
voyage-itineraires,Roadtrippers,find travel partner,5,94,250,34,0.71
voyage-itineraires,Roadtrippers,find travel companion,5,87,250,25,0.77
voyage-itineraires,Roadtrippers,cruise solo cabin,5,,250,194,0.50
voyage-itineraires,Roadtrippers,apps for solo travellers,5,,242,100,0.57
voyage-itineraires,Roadtrippers,best app for solo travellers to meet,5,82,250,12,0.96
voyage-itineraires,Roadtrippers,app for solo female travelers,5,91,250,96,0.57
voyage-itineraires,Roadtrippers,itinerly,5,84,249,93,0.57
voyage-itineraires,Roadtrippers,road trip kids entertainment,5,81,245,13,0.93
voyage-itineraires,Roadtrippers,link organiser,5,11,246,197,0.50
voyage-itineraires,Roadtrippers,well navigation,5,91,250,191,0.50
voyage-itineraires,Roadtrippers,pianifica trekking,5,33,238,94,0.57
voyage-itineraires,Roadtrippers,trip timeline,5,95,250,4,1.49
voyage-itineraires,Roadtrippers,travel history tracker,5,76,250,72,0.60
voyage-itineraires,Roadtrippers,road trip kids,5,78,244,10,1.02
voyage-itineraires,Roadtrippers,여행 짐 체크리스트,5,53,249,72,0.60
voyage-itineraires,Roadtrippers,reservation travel,5,49,250,26,0.76
voyage-itineraires,Roadtrippers,trail maps offline,5,89,250,175,0.51
voyage-itineraires,Roadtrippers,hopsiko,5,94,250,16,0.87
voyage-itineraires,Roadtrippers,enjoy my trip,5,44,238,33,0.72
voyage-itineraires,Roadtrippers,trip relaxing,5,,250,20,0.82
voyage-itineraires,Roadtrippers,cheapest route finder,5,92,250,4,1.49
voyage-itineraires,Roadtrippers,plan your trips,5,94,250,4,1.49
voyage-itineraires,Roadtrippers,weekend trip planner,5,87,249,4,1.49
voyage-itineraires,Roadtrippers,travel cost splitter,5,84,248,105,0.56
voyage-itineraires,Roadtrippers,free travel app,5,97,250,25,0.77
voyage-itineraires,Roadtrippers,itinerary management,5,88,250,18,0.84
voyage-itineraires,Roadtrippers,trip route planner,5,92,250,3,1.74
voyage-itineraires,Roadtrippers,daily travel planner,5,86,250,8,1.10
voyage-itineraires,Roadtrippers,road trip boredom,5,87,248,2,2.29
voyage-itineraires,Roadtrippers,us campsites,5,,247,33,0.72
voyage-itineraires,Roadtrippers,getyouguide,5,72,250,60,0.63
voyage-itineraires,Roadtrippers,hopper ai,5,,248,14,0.91
voyage-itineraires,Roadtrippers,offline daily planner,5,30,249,190,0.50
voyage-itineraires,Roadtrippers,offline planner,5,9,239,146,0.53
voyage-itineraires,Roadtrippers,free road trip games,5,72,228,8,1.10
voyage-itineraires,Roadtrippers,game road trip,5,10,243,20,0.82
voyage-itineraires,Roadtrippers,roth ira tracker,5,70,247,88,0.58
voyage-itineraires,Roadtrippers,insurance planner,5,70,248,207,0.50
voyage-itineraires,Roadtrippers,annual review,5,70,249,158,0.52
voyage-itineraires,Roadtrippers,travel expense log,5,88,246,85,0.58
voyage-itineraires,Roadtrippers,maps travel,5,61,242,30,0.74
voyage-itineraires,Roadtrippers,find nomads,5,36,247,202,0.50
voyage-itineraires,Roadtrippers,travel friend app,5,86,246,26,0.76
voyage-itineraires,Roadtrippers,out path,5,55,249,7,1.16
voyage-itineraires,Roadtrippers,gps route finder: earth map,5,,230,196,0.50
voyage-itineraires,Roadtrippers,gps navigation traffic map,5,,250,197,0.50
voyage-itineraires,Roadtrippers,gps navigation routes maps,5,,225,184,0.51
voyage-itineraires,Roadtrippers,gps navigation & traffic map,5,,250,196,0.50
voyage-itineraires,Roadtrippers,trouver une destination,5,87,249,6,1.24
voyage-itineraires,Roadtrippers,meilleur itinéraire,5,,249,57,0.63
voyage-itineraires,Roadtrippers,map navigator,5,,239,168,0.51
voyage-itineraires,Roadtrippers,gps maps travel,5,,218,179,0.51
voyage-itineraires,Roadtrippers,google navigation,5,,235,184,0.51
voyage-itineraires,Roadtrippers,google map navigation,5,,249,156,0.52
voyage-itineraires,Roadtrippers,google maps directions,5,66,245,133,0.54
voyage-itineraires,Roadtrippers,waylore trip planner,5,74,238,2,2.29
voyage-itineraires,Roadtrippers,reise planen app,5,92,250,6,1.24
voyage-itineraires,Roadtrippers,ki reiseplaner,5,85,248,19,0.83
voyage-itineraires,Roadtrippers,reiseplanung app,5,93,250,8,1.10
voyage-itineraires,Roadtrippers,urlaubsplaner app,5,94,250,27,0.76
voyage-itineraires,Roadtrippers,städtetrip planen,5,86,248,5,1.34
voyage-itineraires,Roadtrippers,städtereise planen,5,83,245,7,1.16
voyage-itineraires,Roadtrippers,ki reiseplanung,5,55,244,20,0.82
voyage-itineraires,Roadtrippers,wochenendtrip planen,5,94,249,13,0.93
voyage-itineraires,Roadtrippers,reise itinerary,5,93,247,4,1.49
voyage-itineraires,Roadtrippers,trip planen,5,93,247,4,1.49
voyage-itineraires,Roadtrippers,wochenendreise planen,5,88,249,26,0.76
voyage-itineraires,Roadtrippers,ausflug planen,5,94,250,15,0.89
voyage-itineraires,Roadtrippers,ai itinerary generator,5,85,249,55,0.64
voyage-itineraires,Roadtrippers,vacation itinerary planner,5,93,250,8,1.10
voyage-itineraires,Roadtrippers,travel route planner,5,93,250,3,1.74
voyage-itineraires,Roadtrippers,map trip planner,5,91,250,5,1.34
voyage-itineraires,Roadtrippers,spoke route planner,5,57,249,31,0.73
voyage-itineraires,Roadtrippers,long island railroad lirr,5,68,246,79,0.59
voyage-itineraires,Roadtrippers,lirr long island railroad,5,75,249,100,0.57
voyage-itineraires,Roadtrippers,long island rail road lirr,5,66,248,44,0.67
voyage-itineraires,Roadtrippers,lirr long island rail road,5,72,249,53,0.64
voyage-itineraires,Roadtrippers,nyc trip planner,5,69,247,11,0.98
voyage-itineraires,Roadtrippers,mta directions,5,88,249,103,0.56
voyage-itineraires,Roadtrippers,new york city transit map,5,86,249,180,0.51
voyage-itineraires,Roadtrippers,newark airtrain,5,31,213,142,0.53
voyage-itineraires,Roadtrippers,device scheduler,5,47,244,170,0.51
voyage-itineraires,Roadtrippers,tailor app,5,,246,183,0.51
voyage-itineraires,Roadtrippers,door journey,5,,250,186,0.51
voyage-itineraires,Roadtrippers,red dead map & companion,5,,248,30,0.74
voyage-itineraires,Roadtrippers,rv campground finder,5,51,248,36,0.70
voyage-itineraires,Roadtrippers,all us campsites,5,,246,59,0.63
voyage-itineraires,Roadtrippers,kurviger motorcycle navigation,5,35,225,66,0.62
voyage-itineraires,Roadtrippers,revealed travel guides,5,53,248,51,0.65
voyage-itineraires,Roadtrippers,travel first aid kit,5,,247,79,0.59
voyage-itineraires,Roadtrippers,automatic mileage tracker for work,5,,249,97,0.57
voyage-itineraires,Roadtrippers,offline maps for hiking,5,,250,159,0.52
voyage-itineraires,Roadtrippers,route optimizer for delivery drivers,5,,250,111,0.55
voyage-itineraires,Roadtrippers,travel itinerary planner with map,5,63,248,8,1.10
voyage-itineraires,Roadtrippers,driving tour,5,63,249,5,1.34
voyage-itineraires,Roadtrippers,park guides,5,,250,126,0.54
voyage-itineraires,Roadtrippers,travel medication list,5,,250,56,0.64
voyage-itineraires,Roadtrippers,find camping,5,,249,38,0.70
voyage-itineraires,Roadtrippers,green card trips,5,57,249,18,0.84
voyage-itineraires,Roadtrippers,green card trips tracker,5,,250,99,0.57
voyage-itineraires,Roadtrippers,continuous residence,5,74,248,215,0.49
voyage-itineraires,Roadtrippers,patio planner,5,,247,111,0.55
voyage-itineraires,Roadtrippers,weather for road trip,5,78,248,208,0.50
voyage-itineraires,Roadtrippers,london overground,,86,250,63,
voyage-itineraires,Roadtrippers,campervan holiday,,21,248,45,
voyage-itineraires,Roadtrippers,सभी रास्ते,,97,248,138,
voyage-itineraires,Roadtrippers,caravanstellplatz,,20,206,78,
voyage-itineraires,Roadtrippers,loop hardloop app,,81,250,161,
voyage-itineraires,Roadtrippers,rustige camping,,87,355,34,
voyage-itineraires,Roadtrippers,leukste camping,,53,249,145,
voyage-itineraires,Roadtrippers,mooiste camping,,45,247,174,
voyage-itineraires,Roadtrippers,camping luxemburg,,73,250,90,
voyage-itineraires,Roadtrippers,loty narciarskie,,70,250,128,
voyage-itineraires,Roadtrippers,instant travel insurance,,95,250,182,
voyage-itineraires,Roadtrippers,cheap last minute travel insurance,,75,250,103,
voyage-itineraires,Roadtrippers,instant travel insurance online,,45,248,93,
voyage-itineraires,Roadtrippers,instant cover travel insurance,,34,244,209,
voyage-itineraires,Roadtrippers,instant travel insurance quote,,77,250,169,
voyage-itineraires,Roadtrippers,travel insurance for one day,,86,247,138,
voyage-itineraires,Roadtrippers,travel insurance instant cover,,47,244,205,
voyage-itineraires,Roadtrippers,kamp der sterne,,97,247,190,
voyage-itineraires,Roadtrippers,пари! матч pm - путь вверх,,64,247,93,
voyage-itineraires,Roadtrippers,overground,,62,248,54,
voyage-itineraires,Roadtrippers,路線,,80,248,74,
voyage-itineraires,Roadtrippers,野外露营,,76,240,224,
voyage-itineraires,Roadtrippers,户外活动信息,,92,247,51,
voyage-itineraires,Roadtrippers,expense splitter for trips,,81,246,140,
voyage-itineraires,Roadtrippers,changement d'itinéraire,,84,250,71,
voyage-itineraires,Roadtrippers,afficher l'itinéraire,,,246,111,
voyage-itineraires,Roadtrippers,obtenir l'itinéraire,,87,248,29,
voyage-itineraires,Roadtrippers,suggestions d'itinéraires,,90,249,30,
voyage-itineraires,Roadtrippers,Trip stats tracker,,,250,58,
voyage-itineraires,Roadtrippers,backpacking gear list,,,249,41,
voyage-itineraires,Roadtrippers,roadie courier,,,249,56,
voyage-itineraires,Roadtrippers,fundraiser flyer,,,248,122,
voyage-itineraires,Roadtrippers,flyer for fundraiser,,62,248,98,
voyage-itineraires,Roadtrippers,mileage tracker for gig drivers,,,248,115,
voyage-itineraires,Roadtrippers,find free camping sites,,,248,43,
voyage-itineraires,Roadtrippers,rv safe routes,,,244,10,
voyage-itineraires,Roadtrippers,self guided driving tour app,,,249,59,
voyage-itineraires,Roadtrippers,national park itinerary planner,,69,249,8,
voyage-itineraires,Roadtrippers,travel document tracker,,,249,69,
voyage-itineraires,Roadtrippers,mileage log for work,,,247,152,
voyage-itineraires,TripIt,passport parking,68,28,249,99,7.71
voyage-itineraires,TripIt,priceline,64,53,249,68,7.83
voyage-itineraires,TripIt,eventbrite,64,87,249,29,9.51
voyage-itineraires,TripIt,adac,64,81,247,37,8.96
voyage-itineraires,TripIt,hyatt,62,75,248,23,9.79
voyage-itineraires,TripIt,hilton,61,70,248,77,7.27
voyage-itineraires,TripIt,viator,60,36,249,16,10.50
voyage-itineraires,TripIt,agoda,59,80,250,34,8.43
voyage-itineraires,TripIt,klook,59,35,249,35,8.37
voyage-itineraires,TripIt,citymapper,59,89,247,25,9.11
voyage-itineraires,TripIt,stubhub,59,76,250,26,9.02
voyage-itineraires,TripIt,travel town,59,94,250,25,9.11
voyage-itineraires,TripIt,trip advisor,58,67,250,11,11.42
voyage-itineraires,TripIt,wanderlog,58,86,249,2,26.61
voyage-itineraires,TripIt,google flights,57,65,250,126,6.18
voyage-itineraires,TripIt,hertz,57,71,250,19,9.49
voyage-itineraires,TripIt,national car rental,57,57,249,55,7.29
voyage-itineraires,TripIt,旅行,57,97,250,16,9.97
voyage-itineraires,TripIt,flighty,57,92,249,50,7.45
voyage-itineraires,TripIt,concur,56,87,248,28,8.40
voyage-itineraires,TripIt,trip,55,84,249,10,11.18
voyage-itineraires,TripIt,clipper card,55,100,246,12,10.52
voyage-itineraires,TripIt,voyage privé,55,52,250,43,7.43
voyage-itineraires,TripIt,nomadtable,55,92,248,5,14.71
voyage-itineraires,TripIt,travel,54,97,250,37,7.56
voyage-itineraires,TripIt,visit japan,54,66,249,51,7.02
voyage-itineraires,TripIt,quiktrip,54,97,248,19,8.99
voyage-itineraires,TripIt,timetree,53,79,250,25,8.18
voyage-itineraires,TripIt,city mapper,53,47,249,22,8.47
voyage-itineraires,TripIt,uscis,53,83,247,53,6.83
voyage-itineraires,TripIt,yoti id,53,76,248,35,7.52
voyage-itineraires,TripIt,shared calender app,53,57,244,136,5.66
voyage-itineraires,TripIt,tripit,52,95,249,1,52.00
voyage-itineraires,TripIt,redgifs,52,85,249,104,5.84
voyage-itineraires,TripIt,localize,52,85,250,122,5.67
voyage-itineraires,TripIt,easyjet,51,58,249,31,7.45
voyage-itineraires,TripIt,stride mileage tax tracker,51,69,239,48,6.72
voyage-itineraires,TripIt,transit app,49,80,250,147,5.16
voyage-itineraires,TripIt,rome2rio,48,83,250,12,9.18
voyage-itineraires,TripIt,flush,48,93,249,8,10.58
voyage-itineraires,TripIt,timeleft,48,86,248,29,7.13
voyage-itineraires,TripIt,flight tracker free,47,83,250,159,4.88
voyage-itineraires,TripIt,tripadvisor,47,96,250,21,7.61
voyage-itineraires,TripIt,couchsurfing,45,66,247,28,6.75
voyage-itineraires,TripIt,trakt,45,68,248,30,6.63
voyage-itineraires,TripIt,edreams,44,67,250,41,6.01
voyage-itineraires,TripIt,abrp route planner,44,81,250,78,5.23
voyage-itineraires,TripIt,triprank,44,82,239,9,9.29
voyage-itineraires,TripIt,nomad table,43,81,246,11,8.47
voyage-itineraires,TripIt,flight radar 24,42,92,250,69,5.12
voyage-itineraires,TripIt,plan,42,75,250,52,5.44
voyage-itineraires,TripIt,旅行記録,41,86,248,3,14.29
voyage-itineraires,TripIt,blot,41,33,247,107,4.58
voyage-itineraires,TripIt,tripbff,41,97,249,6,10.13
voyage-itineraires,TripIt,planning,40,75,250,130,4.31
voyage-itineraires,TripIt,trustpilot,40,97,249,40,5.50
voyage-itineraires,TripIt,gridwise,40,96,249,37,5.60
voyage-itineraires,TripIt,airbnb mexico,40,27,249,30,5.89
voyage-itineraires,TripIt,hypelist,40,92,248,41,5.47
voyage-itineraires,TripIt,九号出行,40,70,249,24,6.24
voyage-itineraires,TripIt,hertz car rental,39,75,250,67,4.78
voyage-itineraires,TripIt,thrifty car rental,39,80,248,59,4.91
voyage-itineraires,TripIt,planning travail,39,53,249,133,4.18
voyage-itineraires,TripIt,메모위젯,39,76,250,122,4.25
voyage-itineraires,TripIt,airfordable,39,29,248,39,5.39
voyage-itineraires,TripIt,viajes,38,60,248,13,7.08
voyage-itineraires,TripIt,vuelos,37,70,247,149,3.89
voyage-itineraires,TripIt,reisen,37,56,248,52,4.79
voyage-itineraires,TripIt,post office travel money card,37,52,246,52,4.79
voyage-itineraires,TripIt,表,37,100,250,95,4.23
voyage-itineraires,TripIt,flug,36,90,248,155,3.76
voyage-itineraires,TripIt,travelers,36,93,248,6,8.89
voyage-itineraires,TripIt,iexit,35,55,250,7,8.12
voyage-itineraires,TripIt,easy jett,35,76,248,15,6.24
voyage-itineraires,TripIt,trimet,34,89,245,54,4.37
voyage-itineraires,TripIt,rci,33,73,249,43,4.46
voyage-itineraires,TripIt,azul,32,87,250,222,3.14
voyage-itineraires,TripIt,pricelabs,32,12,209,12,6.12
voyage-itineraires,TripIt,iexit interstate exit guide,31,31,233,9,6.54
voyage-itineraires,TripIt,toongether,30,96,249,29,4.46
voyage-itineraires,TripIt,vacances,29,68,248,72,3.50
voyage-itineraires,TripIt,journey planner,29,85,249,9,6.12
voyage-itineraires,TripIt,chief,29,89,242,48,3.82
voyage-itineraires,TripIt,parking pass passport,29,15,249,115,3.20
voyage-itineraires,TripIt,packing list checklist,28,54,248,122,3.05
voyage-itineraires,TripIt,pay later travel,28,16,247,17,4.81
voyage-itineraires,TripIt,free calendar app,27,81,250,229,2.64
voyage-itineraires,TripIt,fairmont hotel,27,36,244,42,3.67
voyage-itineraires,TripIt,free digital planner,27,75,249,151,2.83
voyage-itineraires,TripIt,app organizer,26,91,250,182,2.64
voyage-itineraires,TripIt,mietwagen,26,77,248,123,2.83
voyage-itineraires,TripIt,rv life trip wizard,26,56,247,20,4.26
voyage-itineraires,TripIt,shared family calendar,25,80,249,124,2.72
voyage-itineraires,TripIt,organiser,25,62,249,127,2.71
voyage-itineraires,TripIt,westin hotel,25,70,250,78,2.97
voyage-itineraires,TripIt,jet2 app,24,55,250,6,5.93
voyage-itineraires,TripIt,travel freely,24,88,250,6,5.93
voyage-itineraires,TripIt,hotel apps,23,76,249,180,2.34
voyage-itineraires,TripIt,organiser planner,23,25,248,164,2.38
voyage-itineraires,TripIt,triplog mileage tracker log,23,76,246,139,2.45
voyage-itineraires,TripIt,trip itinerary planner,23,93,249,1,23.00
voyage-itineraires,TripIt,mindtrip ai,23,82,247,9,4.85
voyage-itineraires,TripIt,holiday planner,22,88,247,2,10.10
voyage-itineraires,TripIt,detail app,22,97,249,198,2.20
voyage-itineraires,TripIt,チェック,22,62,249,232,2.14
voyage-itineraires,TripIt,alert traveler,21,59,249,11,4.13
voyage-itineraires,TripIt,where to go,21,49,203,163,2.17
voyage-itineraires,TripIt,resort pass day passes,21,49,250,72,2.54
voyage-itineraires,TripIt,route optimizer,20,92,249,92,2.30
voyage-itineraires,TripIt,travel bank,20,32,248,49,2.62
voyage-itineraires,TripIt,viaggio,19,88,249,16,3.32
voyage-itineraires,TripIt,travel games,18,55,226,65,2.22
voyage-itineraires,TripIt,ritter,18,82,249,73,2.17
voyage-itineraires,TripIt,rest stop finder,18,43,248,65,2.22
voyage-itineraires,TripIt,holiday packing list,18,16,247,26,2.75
voyage-itineraires,TripIt,family planner,17,73,248,167,1.75
voyage-itineraires,TripIt,free flight tracker,16,93,250,148,1.68
voyage-itineraires,TripIt,torino,16,86,250,54,2.05
voyage-itineraires,TripIt,poracci in viaggio,16,67,247,49,2.10
voyage-itineraires,TripIt,bon plan,14,98,247,48,1.85
voyage-itineraires,TripIt,flight plan go,14,80,249,49,1.84
voyage-itineraires,TripIt,qatar 2022,13,77,241,230,1.27
voyage-itineraires,TripIt,la mia dm,13,86,247,74,1.56
voyage-itineraires,TripIt,tour guide,12,91,249,89,1.39
voyage-itineraires,TripIt,cocoplay,12,20,249,171,1.23
voyage-itineraires,TripIt,smart trip app,12,89,250,19,2.00
voyage-itineraires,TripIt,ibis budget,10,79,201,135,1.07
voyage-itineraires,TripIt,sheraton hotel,10,78,250,71,1.21
voyage-itineraires,TripIt,unterkünfte,10,75,250,132,1.07
voyage-itineraires,TripIt,travel guide,9,90,250,19,1.50
voyage-itineraires,TripIt,flightradar24 flight tracker,9,17,240,16,1.57
voyage-itineraires,TripIt,roadtrippers,9,89,250,4,2.68
voyage-itineraires,TripIt,road trip planner,9,91,248,4,2.68
voyage-itineraires,TripIt,digital planner,9,96,250,152,0.94
voyage-itineraires,TripIt,organization,9,69,250,166,0.93
voyage-itineraires,TripIt,japan travel,9,62,249,102,1.01
voyage-itineraires,TripIt,visit a city,9,80,250,23,1.42
voyage-itineraires,TripIt,trip plans,9,89,249,2,4.13
voyage-itineraires,TripIt,book flights,9,69,249,101,1.02
voyage-itineraires,TripIt,reiseplaner,9,94,248,1,9.00
voyage-itineraires,TripIt,city planner,9,84,249,9,1.90
voyage-itineraires,TripIt,time machine,9,48,225,72,1.09
voyage-itineraires,TripIt,extreme road trip 2,9,17,236,32,1.31
voyage-itineraires,TripIt,circuit route planner,9,91,249,58,1.14
voyage-itineraires,TripIt,mapstr,9,68,234,15,1.61
voyage-itineraires,TripIt,touring plans,9,87,249,11,1.77
voyage-itineraires,TripIt,time warp,9,79,250,109,1.00
voyage-itineraires,TripIt,mercure hotel,9,77,250,140,0.96
voyage-itineraires,TripIt,tripp,9,95,249,61,1.13
voyage-itineraires,TripIt,gettingout visits,9,93,243,23,1.42
voyage-itineraires,TripIt,flightly,9,83,242,49,1.18
voyage-itineraires,TripIt,city experiences,9,82,243,88,1.04
voyage-itineraires,TripIt,train pal,9,95,250,22,1.44
voyage-itineraires,TripIt,tour tempo,9,100,247,54,1.16
voyage-itineraires,TripIt,tickit,9,65,247,32,1.31
voyage-itineraires,TripIt,mindtrip,9,85,248,44,1.21
voyage-itineraires,TripIt,plotline,9,,247,26,1.38
voyage-itineraires,TripIt,boking,8,54,249,108,0.89
voyage-itineraires,TripIt,family calendar,8,91,249,125,0.87
voyage-itineraires,TripIt,luft,8,57,245,11,1.57
voyage-itineraires,TripIt,check my trip,8,46,232,3,2.79
voyage-itineraires,TripIt,triplog,8,86,248,18,1.35
voyage-itineraires,TripIt,travel tracker,8,91,249,13,1.49
voyage-itineraires,TripIt,fly lady,8,,246,18,1.35
voyage-itineraires,TripIt,eventbrite organizer,8,84,249,24,1.25
voyage-itineraires,TripIt,bonjour,8,95,250,68,0.98
voyage-itineraires,TripIt,travel itinerary planner,8,87,248,1,8.00
voyage-itineraires,TripIt,border control,8,36,250,196,0.80
voyage-itineraires,TripIt,flyskyhy,8,85,249,41,1.09
voyage-itineraires,TripIt,mpt,8,93,249,86,0.93
voyage-itineraires,TripIt,tdpt,8,81,248,52,1.04
voyage-itineraires,TripIt,jet2,7,86,249,7,1.62
voyage-itineraires,TripIt,travel map,7,92,250,25,1.08
voyage-itineraires,TripIt,voyage,7,69,248,48,0.92
voyage-itineraires,TripIt,track flight,7,83,249,131,0.75
voyage-itineraires,TripIt,plantie,7,82,247,22,1.12
voyage-itineraires,TripIt,planer,7,68,248,43,0.95
voyage-itineraires,TripIt,tui app,7,75,250,72,0.85
voyage-itineraires,TripIt,travelspend,7,84,250,34,1.00
voyage-itineraires,TripIt,my anime list,7,97,250,214,0.69
voyage-itineraires,TripIt,travel diary,7,91,249,12,1.34
voyage-itineraires,TripIt,enregistrement,7,53,247,116,0.77
voyage-itineraires,TripIt,flüge,7,87,249,159,0.73
voyage-itineraires,TripIt,tryp,7,76,249,14,1.28
voyage-itineraires,TripIt,tripper,7,93,247,6,1.73
voyage-itineraires,TripIt,party planner,7,89,249,125,0.76
voyage-itineraires,TripIt,turnip,7,90,248,41,0.96
voyage-itineraires,TripIt,joyplan,7,63,248,21,1.13
voyage-itineraires,TripIt,case tracker for uscis,6,75,249,70,0.73
voyage-itineraires,TripIt,trip planner,6,90,248,2,2.75
voyage-itineraires,TripIt,vacation countdown app,6,62,249,57,0.76
voyage-itineraires,TripIt,tax refund,6,63,247,97,0.68
voyage-itineraires,TripIt,planing,6,75,250,67,0.74
voyage-itineraires,TripIt,timetree shared calendar,6,47,249,26,0.92
voyage-itineraires,TripIt,schedule planner free,6,73,249,197,0.60
voyage-itineraires,TripIt,placeit,6,65,245,53,0.77
voyage-itineraires,TripIt,trip tracker,6,81,249,8,1.32
voyage-itineraires,TripIt,world travel map,6,72,248,36,0.85
voyage-itineraires,TripIt,ptv journey planner,6,89,249,6,1.48
voyage-itineraires,TripIt,bondi,6,74,250,38,0.83
voyage-itineraires,TripIt,care planner,6,74,236,80,0.71
voyage-itineraires,TripIt,app organiser,6,68,250,144,0.63
voyage-itineraires,TripIt,voicemap,6,82,249,64,0.74
voyage-itineraires,TripIt,story plotter,6,49,250,128,0.65
voyage-itineraires,TripIt,freeontour,6,89,249,82,0.71
voyage-itineraires,TripIt,turo host,6,,245,76,0.72
voyage-itineraires,TripIt,smart trip,6,91,249,15,1.07
voyage-itineraires,TripIt,digital nomad,6,65,248,106,0.67
voyage-itineraires,TripIt,plan it,6,83,233,51,0.78
voyage-itineraires,TripIt,air fare,5,94,248,122,0.55
voyage-itineraires,TripIt,air flights,5,53,250,195,0.50
voyage-itineraires,TripIt,air travel,5,57,248,32,0.73
voyage-itineraires,TripIt,airfare,5,88,248,128,0.54
voyage-itineraires,TripIt,cheap airline tickets,5,20,250,170,0.51
voyage-itineraires,TripIt,cheap flights and hotels,5,36,250,199,0.50
voyage-itineraires,TripIt,cheap plane tickets,5,46,250,49,0.66
voyage-itineraires,TripIt,cheap travel,5,70,250,31,0.73
voyage-itineraires,TripIt,discount travel,5,94,248,68,0.61
voyage-itineraires,TripIt,flight and hotel,5,76,249,144,0.53
voyage-itineraires,TripIt,flight booking apps,5,70,250,217,0.49
voyage-itineraires,TripIt,flight search engines,5,70,249,143,0.53
voyage-itineraires,TripIt,flightsite,5,70,249,37,0.70
voyage-itineraires,TripIt,holiday destinations,5,95,249,13,0.93
voyage-itineraires,TripIt,hotel booking apps,5,59,248,167,0.52
voyage-itineraires,TripIt,hotel comparison,5,66,250,153,0.52
voyage-itineraires,TripIt,last minute travel,5,15,250,81,0.59
voyage-itineraires,TripIt,places to travel,5,86,250,13,0.93
voyage-itineraires,TripIt,plane tickets,5,46,248,93,0.57
voyage-itineraires,TripIt,road transport,5,72,250,125,0.54
voyage-itineraires,TripIt,seo ranking,5,36,241,154,0.52
voyage-itineraires,TripIt,social media plan,5,83,247,109,0.56
voyage-itineraires,TripIt,time travel,5,69,248,65,0.62
voyage-itineraires,TripIt,travel advisor,5,67,249,16,0.87
voyage-itineraires,TripIt,travel agency,5,72,249,14,0.91
voyage-itineraires,TripIt,travel agent,5,62,248,23,0.79
voyage-itineraires,TripIt,travel apps,5,93,250,17,0.86
voyage-itineraires,TripIt,travel bus,5,86,250,142,0.53
voyage-itineraires,TripIt,travel channel,5,75,249,20,0.82
voyage-itineraires,TripIt,travel deals,5,61,250,28,0.75
voyage-itineraires,TripIt,travel destinations,5,91,248,5,1.34
voyage-itineraires,TripIt,travel gifts,5,86,249,8,1.10
voyage-itineraires,TripIt,travel inn,5,76,250,89,0.58
voyage-itineraires,TripIt,travel news,5,89,248,20,0.82
voyage-itineraires,TripIt,travel online,5,51,249,59,0.63
voyage-itineraires,TripIt,travel packages,5,46,249,21,0.81
voyage-itineraires,TripIt,travel service,5,47,248,99,0.57
voyage-itineraires,TripIt,travel the world,5,95,249,35,0.71
voyage-itineraires,TripIt,travels booking,5,45,249,86,0.58
voyage-itineraires,TripIt,vacation packages,5,65,249,31,0.73
voyage-itineraires,TripIt,trip planning,5,82,250,2,2.29
voyage-itineraires,TripIt,very cheap flights,5,85,250,196,0.50
voyage-itineraires,TripIt,best flights,5,47,250,106,0.56
voyage-itineraires,TripIt,flight tracking,5,89,249,143,0.53
voyage-itineraires,TripIt,japan guide,5,51,247,68,0.61
voyage-itineraires,TripIt,book hotel,5,80,250,113,0.55
voyage-itineraires,TripIt,travel booking,5,60,249,40,0.69
voyage-itineraires,TripIt,free tax usa,5,20,249,156,0.52
voyage-itineraires,TripIt,traveling,5,70,250,1,5.00
voyage-itineraires,TripIt,free travel apps,5,95,249,6,1.24
voyage-itineraires,TripIt,travle,5,100,250,48,0.66
voyage-itineraires,TripIt,hotel booking app,5,71,250,154,0.52
voyage-itineraires,TripIt,track flights,5,88,249,65,0.62
voyage-itineraires,TripIt,flight tracker 24,5,56,248,91,0.58
voyage-itineraires,TripIt,itinerary,5,91,249,2,2.29
voyage-itineraires,TripIt,hotel app,5,50,250,215,0.49
voyage-itineraires,TripIt,organization apps,5,59,249,219,0.49
voyage-itineraires,TripIt,bitstrips,5,93,236,23,0.79
voyage-itineraires,TripIt,marriott hotels,5,74,249,107,0.56
voyage-itineraires,TripIt,jw marriott,5,92,248,71,0.61
voyage-itineraires,TripIt,group travel,5,97,250,7,1.16
voyage-itineraires,TripIt,airport maps,5,86,250,119,0.55
voyage-itineraires,TripIt,airplan,5,96,250,91,0.58
voyage-itineraires,TripIt,europe travel,5,95,249,29,0.74
voyage-itineraires,TripIt,the list app,5,54,234,156,0.52
voyage-itineraires,TripIt,planning app,5,55,250,145,0.53
voyage-itineraires,TripIt,plan grid,5,87,249,43,0.68
voyage-itineraires,TripIt,planner organizer,5,70,249,168,0.51
voyage-itineraires,TripIt,planner app,5,60,250,165,0.52
voyage-itineraires,TripIt,schedule maker,5,72,249,144,0.53
voyage-itineraires,TripIt,planners,5,83,250,196,0.50
voyage-itineraires,TripIt,planner pro,5,52,242,89,0.58
voyage-itineraires,TripIt,schedule app,5,51,250,175,0.51
voyage-itineraires,TripIt,motels,5,63,249,145,0.53
voyage-itineraires,TripIt,kyak,5,69,249,105,0.56
voyage-itineraires,TripIt,trippy,5,31,247,23,0.79
voyage-itineraires,TripIt,doubletree,5,100,249,38,0.70
voyage-itineraires,TripIt,travel buddy,5,89,247,18,0.84
voyage-itineraires,TripIt,travel expense,5,97,250,54,0.64
voyage-itineraires,TripIt,google star map,5,36,240,124,0.54
voyage-itineraires,TripIt,family organizer,5,83,250,168,0.51
voyage-itineraires,TripIt,family calendar app,5,82,250,128,0.54
voyage-itineraires,TripIt,family schedule,5,72,247,132,0.54
voyage-itineraires,TripIt,family organizer app,5,71,249,172,0.51
voyage-itineraires,TripIt,packing list,5,66,245,139,0.53
voyage-itineraires,TripIt,travel packing checklist,5,36,250,22,0.80
voyage-itineraires,TripIt,travel list,5,76,250,8,1.10
voyage-itineraires,TripIt,packing list app,5,53,248,134,0.54
voyage-itineraires,TripIt,packing checklist,5,57,247,123,0.54
voyage-itineraires,TripIt,hyatt place,5,78,249,26,0.76
voyage-itineraires,TripIt,grand hyatt,5,93,249,43,0.68
voyage-itineraires,TripIt,city guide,5,76,247,45,0.67
voyage-itineraires,TripIt,hipmunk,5,32,250,89,0.58
voyage-itineraires,TripIt,traveler app,5,74,248,4,1.49
voyage-itineraires,TripIt,guidebook app,5,96,248,88,0.58
voyage-itineraires,TripIt,japanese travel,5,36,248,130,0.54
voyage-itineraires,TripIt,culture trip,5,61,249,2,2.29
voyage-itineraires,TripIt,cheapflights,5,76,249,100,0.57
voyage-itineraires,TripIt,trip app,5,74,245,5,1.34
voyage-itineraires,TripIt,reise app,5,76,248,19,0.83
voyage-itineraires,TripIt,holiday finder,5,70,250,83,0.59
voyage-itineraires,TripIt,planificateur de voyage,5,80,250,2,2.29
voyage-itineraires,TripIt,travel countdown,5,57,248,91,0.58
voyage-itineraires,TripIt,ev trip optimizer for tesla,5,63,247,129,0.54
voyage-itineraires,TripIt,kiwi app,5,,220,65,0.62
voyage-itineraires,TripIt,city travel,5,88,249,10,1.02
voyage-itineraires,TripIt,time planner,5,92,247,196,0.50
voyage-itineraires,TripIt,travel expenses,5,90,249,79,0.59
voyage-itineraires,TripIt,bologna,5,77,249,70,0.61
voyage-itineraires,TripIt,reiseplanung,5,81,245,1,5.00
voyage-itineraires,TripIt,travel expense tracker,5,93,249,95,0.57
voyage-itineraires,TripIt,holiday budget,5,51,249,120,0.55
voyage-itineraires,TripIt,trip log,5,92,249,44,0.67
voyage-itineraires,TripIt,landlord management app,5,66,247,183,0.51
voyage-itineraires,TripIt,rental management apps,5,70,250,210,0.50
voyage-itineraires,TripIt,how to keep track of rent payments,5,46,249,183,0.51
voyage-itineraires,TripIt,how to manage rental property,5,34,244,240,0.48
voyage-itineraires,TripIt,managing your rental property,5,35,245,153,0.52
voyage-itineraires,TripIt,manage rental property,5,53,249,236,0.49
voyage-itineraires,TripIt,rental property management software ipad,5,53,249,194,0.50
voyage-itineraires,TripIt,rent track app,5,53,249,147,0.53
voyage-itineraires,TripIt,rental tracking app,5,53,250,192,0.50
voyage-itineraires,TripIt,rent manager app,5,59,249,169,0.51
voyage-itineraires,TripIt,rent tracking software,5,70,250,185,0.51
voyage-itineraires,TripIt,vacation rental management app,5,57,249,177,0.51
voyage-itineraires,TripIt,ipad rental app,5,45,250,75,0.60
voyage-itineraires,TripIt,rental tracking software free,5,70,249,156,0.52
voyage-itineraires,TripIt,android rental app,5,46,248,225,0.49
voyage-itineraires,TripIt,how to manage your rental property,5,36,246,213,0.49
voyage-itineraires,TripIt,best rental app,5,47,249,220,0.49
voyage-itineraires,TripIt,landlord software free download,5,74,249,106,0.56
voyage-itineraires,TripIt,ipad rental for personal use,5,50,249,112,0.55
voyage-itineraires,TripIt,best apps for landlords to collect rent,5,83,250,173,0.51
voyage-itineraires,TripIt,ipad rentals for registration,5,64,249,137,0.53
voyage-itineraires,TripIt,how to keep track of tenant payments,5,70,218,101,0.56
voyage-itineraires,TripIt,software for managing rental properties,5,47,242,160,0.52
voyage-itineraires,TripIt,best home rental app,5,69,250,206,0.50
voyage-itineraires,TripIt,rental tracking,5,53,249,167,0.52
voyage-itineraires,TripIt,best landlord management,5,66,241,169,0.51
voyage-itineraires,TripIt,ipad rental pricing,5,47,248,141,0.53
voyage-itineraires,TripIt,ipad rentals near me,5,53,249,140,0.53
voyage-itineraires,TripIt,best app to collect rent,5,70,250,194,0.50
voyage-itineraires,TripIt,best app to find rentals,5,70,250,159,0.52
voyage-itineraires,TripIt,rental payment history template,5,53,249,177,0.51
voyage-itineraires,TripIt,manage property rental,5,34,244,149,0.53
voyage-itineraires,TripIt,rebtal app,5,53,250,30,0.74
voyage-itineraires,TripIt,rent manager 12 download,5,47,248,73,0.60
voyage-itineraires,TripIt,rental man software,5,70,250,169,0.51
voyage-itineraires,TripIt,spreadsheet to keep track of rent payments,5,91,248,118,0.55
voyage-itineraires,TripIt,rental payment log template,5,36,246,55,0.64
voyage-itineraires,TripIt,rent manager tutorial,5,36,245,60,0.63
voyage-itineraires,TripIt,rent track reviews,5,36,248,144,0.53
voyage-itineraires,TripIt,managing rental property book,5,52,249,147,0.53
voyage-itineraires,TripIt,best app to rent vacation homes,5,78,250,121,0.55
voyage-itineraires,TripIt,how much does it cost to rent an ipad,5,58,247,98,0.57
voyage-itineraires,TripIt,free rent payment tracker spreadsheet,5,88,248,79,0.59
voyage-itineraires,TripIt,good rental apps,5,70,249,133,0.54
voyage-itineraires,TripIt,best home rental apps,5,70,250,223,0.49
voyage-itineraires,TripIt,tool rental app,5,70,249,133,0.54
voyage-itineraires,TripIt,viewing passes,5,73,236,209,0.50
voyage-itineraires,TripIt,rental management,5,65,249,114,0.55
voyage-itineraires,TripIt,map travel,5,90,248,25,0.77
voyage-itineraires,TripIt,travel log,5,94,249,26,0.76
voyage-itineraires,TripIt,getty,5,97,249,18,0.84
voyage-itineraires,TripIt,plann app,5,74,249,120,0.55
voyage-itineraires,TripIt,plan posts,5,74,246,117,0.55
voyage-itineraires,TripIt,pocket schedule planner,5,52,248,122,0.55
voyage-itineraires,TripIt,comparateur vtc,5,66,249,109,0.56
voyage-itineraires,TripIt,magic tiles 3 piano game,5,86,248,224,0.49
voyage-itineraires,TripIt,organizer planner,5,61,249,187,0.51
voyage-itineraires,TripIt,to do free,5,27,190,39,0.69
voyage-itineraires,TripIt,ig planner,5,100,250,166,0.52
voyage-itineraires,TripIt,google transit,5,96,250,98,0.57
voyage-itineraires,TripIt,buchen,5,83,250,151,0.52
voyage-itineraires,TripIt,travel schedule,5,94,250,2,2.29
voyage-itineraires,TripIt,roadtrip,5,89,242,16,0.87
voyage-itineraires,TripIt,cruise planner,5,53,245,41,0.68
voyage-itineraires,TripIt,yearly planner,5,64,249,107,0.56
voyage-itineraires,TripIt,caltopo,5,95,250,24,0.78
voyage-itineraires,TripIt,route maker,5,76,242,36,0.70
voyage-itineraires,TripIt,route tracker,5,72,249,124,0.54
voyage-itineraires,TripIt,running planner,5,75,249,127,0.54
voyage-itineraires,TripIt,rv trip planner,5,87,250,5,1.34
voyage-itineraires,TripIt,road trip map,5,97,249,4,1.49
voyage-itineraires,TripIt,rv trip,5,95,250,97,0.57
voyage-itineraires,TripIt,ride planner,5,75,250,4,1.49
voyage-itineraires,TripIt,plan route,5,72,248,21,0.81
voyage-itineraires,TripIt,autoreise,5,57,249,54,0.64
voyage-itineraires,TripIt,roadtrip planer,5,84,248,1,5.00
voyage-itineraires,TripIt,road trip planer,5,93,249,2,2.29
voyage-itineraires,TripIt,eine route zeichnen,5,87,250,58,0.63
voyage-itineraires,TripIt,voyage sur la route,5,86,249,15,0.89
voyage-itineraires,TripIt,planificateur de route,5,89,250,12,0.96
voyage-itineraires,TripIt,erstattung,5,92,250,116,0.55
voyage-itineraires,TripIt,tesla route planner,5,69,247,138,0.53
voyage-itineraires,TripIt,tesla trip planner,5,71,246,16,0.87
voyage-itineraires,TripIt,reisplanner,5,92,249,25,0.77
voyage-itineraires,TripIt,планирование,5,74,248,139,0.53
voyage-itineraires,TripIt,ev trip planner,5,92,250,17,0.86
voyage-itineraires,TripIt,ev route planner,5,79,249,66,0.62
voyage-itineraires,TripIt,yard planning,5,77,248,115,0.55
voyage-itineraires,TripIt,journey tracker,5,84,250,117,0.55
voyage-itineraires,TripIt,social media planner,5,61,250,132,0.54
voyage-itineraires,TripIt,road trip car drive,5,46,241,56,0.64
voyage-itineraires,TripIt,road trip route planner,5,89,250,3,1.74
voyage-itineraires,TripIt,road trip map planner,5,83,250,3,1.74
voyage-itineraires,TripIt,trucking route planner,5,85,250,136,0.53
voyage-itineraires,TripIt,road trip usa,5,97,249,13,0.93
voyage-itineraires,TripIt,trucker route planner,5,92,250,99,0.57
voyage-itineraires,TripIt,loves truck stops,5,97,247,156,0.52
voyage-itineraires,TripIt,road trip pitstop,5,93,246,7,1.16
voyage-itineraires,TripIt,ta travel stop,5,100,249,77,0.60
voyage-itineraires,TripIt,reserve-it,5,21,241,106,0.56
voyage-itineraires,TripIt,loves travel stop,5,87,246,32,0.73
voyage-itineraires,TripIt,car transporter,5,54,239,208,0.50
voyage-itineraires,TripIt,vehicle transporter,5,45,243,235,0.49
voyage-itineraires,TripIt,couple photo,5,87,250,80,0.59
voyage-itineraires,TripIt,post planner,5,56,245,126,0.54
voyage-itineraires,TripIt,lastminute,5,72,250,79,0.59
voyage-itineraires,TripIt,plan my day,5,81,250,184,0.51
voyage-itineraires,TripIt,stay organized,5,61,250,81,0.59
voyage-itineraires,TripIt,free to do,5,35,188,63,0.62
voyage-itineraires,TripIt,cinemax,5,100,245,67,0.61
voyage-itineraires,TripIt,mypoints,5,98,248,130,0.54
voyage-itineraires,TripIt,sharing calendar,5,83,250,223,0.49
voyage-itineraires,TripIt,easy car rental,5,49,250,163,0.52
voyage-itineraires,TripIt,long term car rental,5,74,249,136,0.53
voyage-itineraires,TripIt,trip budget planner,5,81,249,9,1.06
voyage-itineraires,TripIt,bill payment organizer with calendar,5,83,248,140,0.53
voyage-itineraires,TripIt,flights tracker,5,84,250,142,0.53
voyage-itineraires,TripIt,cheap car rentals,5,74,250,143,0.53
voyage-itineraires,TripIt,country music,5,60,244,216,0.49
voyage-itineraires,TripIt,gpx recorder,5,89,250,65,0.62
voyage-itineraires,TripIt,google route planner,5,75,231,78,0.59
voyage-itineraires,TripIt,route finder driving,5,,247,127,0.54
voyage-itineraires,TripIt,スケジュール帳,5,33,232,69,0.61
voyage-itineraires,TripIt,hotels tonight app,5,69,250,73,0.60
voyage-itineraires,TripIt,tourisme,5,60,246,125,0.54
voyage-itineraires,TripIt,brisbane transport,5,91,250,40,0.69
voyage-itineraires,TripIt,追跡,5,87,243,205,0.50
voyage-itineraires,TripIt,orten,5,95,249,118,0.55
voyage-itineraires,TripIt,tfl journey planner,5,76,247,13,0.93
voyage-itineraires,TripIt,ttc app,5,86,248,47,0.66
voyage-itineraires,TripIt,timetable planner,5,78,250,123,0.54
voyage-itineraires,TripIt,motel apps,5,79,250,137,0.53
voyage-itineraires,TripIt,booking management,5,76,250,110,0.56
voyage-itineraires,TripIt,trip cost calculator,5,74,246,30,0.74
voyage-itineraires,TripIt,transport app,5,97,250,108,0.56
voyage-itineraires,TripIt,booking com free app,5,47,250,96,0.57
voyage-itineraires,TripIt,aktuell,5,91,250,57,0.63
voyage-itineraires,TripIt,motel 6 app,5,59,250,79,0.59
voyage-itineraires,TripIt,trip expense,5,69,249,77,0.60
voyage-itineraires,TripIt,mpg tracker,5,81,250,114,0.55
voyage-itineraires,TripIt,trip planner app,5,88,250,2,2.29
voyage-itineraires,TripIt,coin trip,5,70,248,184,0.51
voyage-itineraires,TripIt,travel visa,5,11,238,33,0.72
voyage-itineraires,TripIt,wander app,5,32,247,69,0.61
voyage-itineraires,TripIt,charge alarm,5,67,249,184,0.51
voyage-itineraires,TripIt,packing list for a trip,5,,249,21,0.81
voyage-itineraires,TripIt,travel photo,5,81,241,132,0.54
voyage-itineraires,TripIt,group travel planner,5,95,249,2,2.29
voyage-itineraires,TripIt,rest areas,5,83,249,47,0.66
voyage-itineraires,TripIt,Shared planner,5,56,249,101,0.56
voyage-itineraires,TripIt,party planning,5,87,250,101,0.56
voyage-itineraires,TripIt,find hotel app,5,59,250,153,0.52
voyage-itineraires,TripIt,moving planner,5,,250,31,0.73
voyage-itineraires,TripIt,tamil keyboard,5,63,250,201,0.50
voyage-itineraires,TripIt,trip organizer,5,83,249,1,5.00
voyage-itineraires,TripIt,itinerary builder,5,94,250,1,5.00
voyage-itineraires,TripIt,travel game,5,56,222,69,0.61
voyage-itineraires,TripIt,traveler,5,81,248,31,0.73
voyage-itineraires,TripIt,список вещей в поездку,5,70,248,27,0.76
voyage-itineraires,TripIt,vacation expense tracker,5,90,250,79,0.59
voyage-itineraires,TripIt,пешие маршруты,5,94,250,123,0.54
voyage-itineraires,TripIt,reiseroute erstellen,5,92,250,3,1.74
voyage-itineraires,TripIt,konzerte,5,36,246,84,0.59
voyage-itineraires,TripIt,app hotel,5,75,250,199,0.50
voyage-itineraires,TripIt,love it or list it,5,96,249,125,0.54
voyage-itineraires,TripIt,kp,5,82,248,115,0.55
voyage-itineraires,TripIt,ebookers,5,53,250,54,0.64
voyage-itineraires,TripIt,izi.travel,5,85,250,24,0.78
voyage-itineraires,TripIt,urlaub planen,5,94,247,7,1.16
voyage-itineraires,TripIt,dra,5,91,248,223,0.49
voyage-itineraires,TripIt,rideshare compare,5,79,249,114,0.55
voyage-itineraires,TripIt,appartamenti,5,36,239,106,0.56
voyage-itineraires,TripIt,hotel deals app,5,70,250,169,0.51
voyage-itineraires,TripIt,travel budget tracker,5,93,248,22,0.80
voyage-itineraires,TripIt,thailand travel,5,55,250,126,0.54
voyage-itineraires,TripIt,best route finder app,5,,250,38,0.70
voyage-itineraires,TripIt,shared calendar app for couples,5,53,249,145,0.53
voyage-itineraires,TripIt,tour planner app,5,70,250,2,2.29
voyage-itineraires,TripIt,guide touristique france,5,5,216,46,0.67
voyage-itineraires,TripIt,shared calendar app,5,53,249,149,0.53
voyage-itineraires,TripIt,tポイント,5,91,239,94,0.57
voyage-itineraires,TripIt,astral projection,5,83,248,115,0.55
voyage-itineraires,TripIt,nearby place,5,59,250,171,0.51
voyage-itineraires,TripIt,苹果,5,100,250,209,0.50
voyage-itineraires,TripIt,mta trip planner,5,77,247,7,1.16
voyage-itineraires,TripIt,app vtc,5,36,249,86,0.58
voyage-itineraires,TripIt,bill payment organizer free,5,76,250,214,0.49
voyage-itineraires,TripIt,足迹,5,69,247,29,0.74
voyage-itineraires,TripIt,kurzurlaub,5,90,249,23,0.79
voyage-itineraires,TripIt,5 year plan,5,61,248,43,0.68
voyage-itineraires,TripIt,bus tour,5,,249,103,0.56
voyage-itineraires,TripIt,travel map tracker,5,79,250,21,0.81
voyage-itineraires,TripIt,paquetes de esquí,5,63,249,136,0.53
voyage-itineraires,TripIt,viajes a la nieve,5,83,249,57,0.63
voyage-itineraires,TripIt,easy flight,5,81,250,174,0.51
voyage-itineraires,TripIt,maas,5,66,248,88,0.58
voyage-itineraires,TripIt,drawing tutorial,5,90,250,248,0.48
voyage-itineraires,TripIt,zenhotels,5,79,249,35,0.71
voyage-itineraires,TripIt,travel dating,5,,238,79,0.59
voyage-itineraires,TripIt,路線規劃,5,84,249,54,0.64
voyage-itineraires,TripIt,solo travel safety,5,48,247,70,0.61
voyage-itineraires,TripIt,traveler safety,5,70,250,123,0.54
voyage-itineraires,TripIt,london travel,5,64,249,118,0.55
voyage-itineraires,TripIt,getty museum,5,67,250,51,0.65
voyage-itineraires,TripIt,travel video maker,5,94,250,195,0.50
voyage-itineraires,TripIt,personal points of interest,5,81,248,42,0.68
voyage-itineraires,TripIt,flight crew schedule app,5,74,250,120,0.55
voyage-itineraires,TripIt,plane tracker app,5,83,249,134,0.54
voyage-itineraires,TripIt,airline tracker app,5,79,249,134,0.54
voyage-itineraires,TripIt,airline flight apps,5,70,248,235,0.49
voyage-itineraires,TripIt,the best flight app,5,53,250,162,0.52
voyage-itineraires,TripIt,plane route tracker,5,83,249,67,0.61
voyage-itineraires,TripIt,cabin crew roster app,5,45,248,53,0.64
voyage-itineraires,TripIt,advisory,5,95,249,87,0.58
voyage-itineraires,TripIt,business travel expenses,5,90,241,90,0.58
voyage-itineraires,TripIt,last minute hotel booking app,5,65,249,163,0.52
voyage-itineraires,TripIt,staff planner,5,,238,120,0.55
voyage-itineraires,TripIt,轨迹记录,5,86,238,87,0.58
voyage-itineraires,TripIt,轻松抠图,5,46,238,95,0.57
voyage-itineraires,TripIt,handy app urlaub,5,70,205,109,0.56
voyage-itineraires,TripIt,city trip planner,5,89,249,2,2.29
voyage-itineraires,TripIt,cheap hotel finder app,5,36,250,164,0.52
voyage-itineraires,TripIt,ravel,5,92,249,23,0.79
voyage-itineraires,TripIt,travel spending tracker,5,92,247,106,0.56
voyage-itineraires,TripIt,last minute flight booking app,5,46,250,169,0.51
voyage-itineraires,TripIt,tres,5,100,374,226,0.49
voyage-itineraires,TripIt,levante apuestas,5,74,250,84,0.59
voyage-itineraires,TripIt,rv road trip planner,5,,250,9,1.06
voyage-itineraires,TripIt,book organizer,5,78,250,165,0.52
voyage-itineraires,TripIt,booking system,5,71,249,109,0.56
voyage-itineraires,TripIt,free ride,5,56,230,107,0.56
voyage-itineraires,TripIt,trip expense tracker,5,81,250,75,0.60
voyage-itineraires,TripIt,vfly,5,100,249,112,0.55
voyage-itineraires,TripIt,google shared calendar,5,49,248,139,0.53
voyage-itineraires,TripIt,Travel Girls,5,83,250,23,0.79
voyage-itineraires,TripIt,travel brazil,5,53,249,56,0.64
voyage-itineraires,TripIt,reiseplaner app,5,93,249,1,5.00
voyage-itineraires,TripIt,better routeplanner,5,79,250,87,0.58
voyage-itineraires,TripIt,hotel blast,5,98,248,91,0.58
voyage-itineraires,TripIt,marketing planner,5,60,249,78,0.59
voyage-itineraires,TripIt,track visits,5,100,250,93,0.57
voyage-itineraires,TripIt,urlaub mietwagen,5,70,250,93,0.57
voyage-itineraires,TripIt,mietwagen sofort,5,25,230,111,0.55
voyage-itineraires,TripIt,happyeasygo,5,61,249,70,0.61
voyage-itineraires,TripIt,mietwagen check,5,70,250,69,0.61
voyage-itineraires,TripIt,rosterbuster - flight and cabin crew roster app,5,78,249,73,0.60
voyage-itineraires,TripIt,world tour,5,66,238,37,0.70
voyage-itineraires,TripIt,mietwagen 24,5,33,238,126,0.54
voyage-itineraires,TripIt,check mietwagen,5,74,250,69,0.61
voyage-itineraires,TripIt,mietwagen direkt,5,29,237,115,0.55
voyage-itineraires,TripIt,mietwagen jetzt,5,53,250,178,0.51
voyage-itineraires,TripIt,jetzt mietwagen,5,70,249,184,0.51
voyage-itineraires,TripIt,auto mieten sofort,5,52,247,137,0.53
voyage-itineraires,TripIt,git administration,5,91,250,191,0.50
voyage-itineraires,TripIt,pack list,5,48,249,138,0.53
voyage-itineraires,TripIt,auto reise,5,74,250,84,0.59
voyage-itineraires,TripIt,mietwagen reise,5,85,249,65,0.62
voyage-itineraires,TripIt,fti reise,5,24,228,17,0.86
voyage-itineraires,TripIt,fti urlaub,5,23,227,30,0.74
voyage-itineraires,TripIt,booking tool,5,76,249,87,0.58
voyage-itineraires,TripIt,roadtrip auto,5,88,249,31,0.73
voyage-itineraires,TripIt,roadtrip auto mieten,5,80,249,22,0.80
voyage-itineraires,TripIt,旅行 プラン,5,95,249,2,2.29
voyage-itineraires,TripIt,ルート作成,5,89,245,34,0.71
voyage-itineraires,TripIt,event planning app,5,45,249,139,0.53
voyage-itineraires,TripIt,travel expense splitter,5,79,247,121,0.55
voyage-itineraires,TripIt,my journey,5,65,241,99,0.57
voyage-itineraires,TripIt,airfares,5,61,249,124,0.54
voyage-itineraires,TripIt,travelstart,5,95,249,5,1.34
voyage-itineraires,TripIt,calendar sharing app,5,52,249,136,0.53
voyage-itineraires,TripIt,visual planner,5,55,248,143,0.53
voyage-itineraires,TripIt,pagan calendar,5,65,246,65,0.62
voyage-itineraires,TripIt,road safety,5,97,250,220,0.49
voyage-itineraires,TripIt,日本旅遊,5,53,248,87,0.58
voyage-itineraires,TripIt,visual board,5,70,250,221,0.49
voyage-itineraires,TripIt,emt pass,5,59,249,78,0.59
voyage-itineraires,TripIt,booking hotel app,5,70,248,131,0.54
voyage-itineraires,TripIt,規劃,5,74,250,60,0.63
voyage-itineraires,TripIt,doua,5,70,250,84,0.59
voyage-itineraires,TripIt,journy,5,64,243,117,0.55
voyage-itineraires,TripIt,your plan,5,,241,129,0.54
voyage-itineraires,TripIt,affitti,5,68,250,110,0.56
voyage-itineraires,TripIt,my planner,5,80,249,109,0.56
voyage-itineraires,TripIt,itinerary maker,5,91,249,1,5.00
voyage-itineraires,TripIt,find hotel,5,76,248,165,0.52
voyage-itineraires,TripIt,travel quest,5,73,249,47,0.66
voyage-itineraires,TripIt,travel help,5,70,250,19,0.83
voyage-itineraires,TripIt,roadside attractions,5,95,250,25,0.77
voyage-itineraires,TripIt,camper mate,5,84,244,58,0.63
voyage-itineraires,TripIt,word tour,5,76,248,238,0.48
voyage-itineraires,TripIt,travel budget planner,5,88,249,9,1.06
voyage-itineraires,TripIt,easy planner,5,34,235,113,0.55
voyage-itineraires,TripIt,moving organizer,5,52,249,80,0.59
voyage-itineraires,TripIt,thrillist,5,32,248,10,1.02
voyage-itineraires,TripIt,snaptravel,5,73,249,111,0.55
voyage-itineraires,TripIt,travel mile tracker,5,86,249,73,0.60
voyage-itineraires,TripIt,flight prices,5,96,249,107,0.56
voyage-itineraires,TripIt,seamless photo,5,62,250,237,0.49
voyage-itineraires,TripIt,free planner app,5,56,250,124,0.54
voyage-itineraires,TripIt,travel food,5,,250,88,0.58
voyage-itineraires,TripIt,make map,5,73,249,136,0.53
voyage-itineraires,TripIt,ratings,5,85,227,108,0.56
voyage-itineraires,TripIt,travel album,5,94,248,56,0.64
voyage-itineraires,TripIt,trip calculator,5,74,250,44,0.67
voyage-itineraires,TripIt,car trip,5,80,250,35,0.71
voyage-itineraires,TripIt,track trip,5,44,248,22,0.80
voyage-itineraires,TripIt,trip tracking,5,77,250,8,1.10
voyage-itineraires,TripIt,trips tracking,5,77,248,4,1.49
voyage-itineraires,TripIt,team planner,5,77,249,102,0.56
voyage-itineraires,TripIt,booking calendar,5,68,248,161,0.52
voyage-itineraires,TripIt,medication reminder app,5,51,238,186,0.51
voyage-itineraires,TripIt,one direction,5,84,250,164,0.52
voyage-itineraires,TripIt,rental home manager,5,70,250,198,0.50
voyage-itineraires,TripIt,书单,5,94,250,152,0.52
voyage-itineraires,TripIt,mark down,5,70,250,114,0.55
voyage-itineraires,TripIt,easy booking,5,66,250,61,0.63
voyage-itineraires,TripIt,hourly hotel,5,61,248,121,0.55
voyage-itineraires,TripIt,paganism,5,82,250,120,0.55
voyage-itineraires,TripIt,vacation budget,5,87,248,51,0.65
voyage-itineraires,TripIt,my ttc,5,87,246,27,0.76
voyage-itineraires,TripIt,my translink,5,75,249,23,0.79
voyage-itineraires,TripIt,reiseroute planen,5,77,249,4,1.49
voyage-itineraires,TripIt,temps d’ecran,5,56,216,122,0.55
voyage-itineraires,TripIt,travel english,5,62,237,45,0.67
voyage-itineraires,TripIt,freebie alerts,5,97,250,138,0.53
voyage-itineraires,TripIt,プラン,5,81,250,28,0.75
voyage-itineraires,TripIt,multi stop route planner,5,78,248,61,0.63
voyage-itineraires,TripIt,delta hotel,5,43,240,73,0.60
voyage-itineraires,TripIt,flight plane,5,,250,106,0.56
voyage-itineraires,TripIt,旅行 すけじゅーる,5,93,250,7,1.16
voyage-itineraires,TripIt,旅行 スケジュール,5,84,250,3,1.74
voyage-itineraires,TripIt,personal journey,5,60,250,139,0.53
voyage-itineraires,TripIt,ime travel,5,58,245,24,0.78
voyage-itineraires,TripIt,paramotor,5,70,245,61,0.63
voyage-itineraires,TripIt,organize route,5,88,250,56,0.64
voyage-itineraires,TripIt,ختم,5,64,246,237,0.49
voyage-itineraires,TripIt,gezi,5,69,248,55,0.64
voyage-itineraires,TripIt,rinnovo,5,84,249,45,0.67
voyage-itineraires,TripIt,verrà addebitato,5,70,250,129,0.54
voyage-itineraires,TripIt,analyze airbnb,5,85,248,107,0.56
voyage-itineraires,TripIt,vacation rental analysis,5,58,249,82,0.59
voyage-itineraires,TripIt,airbnb analysis,5,54,245,88,0.58
voyage-itineraires,TripIt,ticker tape,5,60,250,29,0.74
voyage-itineraires,TripIt,deaktiviert werden,5,91,227,76,0.60
voyage-itineraires,TripIt,time planning,5,61,249,146,0.53
voyage-itineraires,TripIt,transport expenses,5,70,250,98,0.57
voyage-itineraires,TripIt,huurauto,5,47,239,112,0.55
voyage-itineraires,TripIt,ov planner,5,83,249,9,1.06
voyage-itineraires,TripIt,etikett,5,89,249,18,0.84
voyage-itineraires,TripIt,transport account,5,98,248,31,0.73
voyage-itineraires,TripIt,trasport app,5,94,249,95,0.57
voyage-itineraires,TripIt,trip notebook,5,94,248,9,1.06
voyage-itineraires,TripIt,trip hisab kitab,5,85,249,42,0.68
voyage-itineraires,TripIt,hashtag planner,5,36,246,105,0.56
voyage-itineraires,TripIt,tarifas,5,77,248,133,0.54
voyage-itineraires,TripIt,trip rain,5,76,249,40,0.69
voyage-itineraires,TripIt,unterwegs verwalte,5,98,249,193,0.50
voyage-itineraires,TripIt,iphone organizer,5,79,247,124,0.54
voyage-itineraires,TripIt,scotts cheap flights,5,32,249,85,0.58
voyage-itineraires,TripIt,组织者,5,71,231,68,0.61
voyage-itineraires,TripIt,planifier,5,78,249,13,0.93
voyage-itineraires,TripIt,retrouvez,5,92,244,188,0.50
voyage-itineraires,TripIt,propose,5,72,249,243,0.48
voyage-itineraires,TripIt,société,5,100,250,138,0.53
voyage-itineraires,TripIt,zamanlı,5,96,248,225,0.49
voyage-itineraires,TripIt,kuru,5,100,247,222,0.49
voyage-itineraires,TripIt,been there,5,98,242,218,0.49
voyage-itineraires,TripIt,Trip trafic,5,97,250,53,0.64
voyage-itineraires,TripIt,plan creator,5,74,248,126,0.54
voyage-itineraires,TripIt,dichtstbijzijnde haltes,5,91,250,213,0.49
voyage-itineraires,TripIt,routeplanner,5,81,248,49,0.66
voyage-itineraires,TripIt,routeplanning,5,74,248,35,0.71
voyage-itineraires,TripIt,p&r route planner,5,70,247,40,0.69
voyage-itineraires,TripIt,vervoer plannen boeken en betalen,5,87,250,106,0.56
voyage-itineraires,TripIt,写书工具,5,32,241,159,0.52
voyage-itineraires,TripIt,ride share price,5,89,250,204,0.50
voyage-itineraires,TripIt,transport algerie,5,95,250,69,0.61
voyage-itineraires,TripIt,app de transport,5,78,250,56,0.64
voyage-itineraires,TripIt,itinéraire algerie,5,95,250,93,0.57
voyage-itineraires,TripIt,mushroom soup,5,60,245,61,0.63
voyage-itineraires,TripIt,préparation,5,86,243,39,0.69
voyage-itineraires,TripIt,trip khata,5,56,245,146,0.53
voyage-itineraires,TripIt,restaurant waiting list app,5,76,250,116,0.55
voyage-itineraires,TripIt,travel experience,5,64,249,34,0.71
voyage-itineraires,TripIt,city experience,5,44,212,51,0.65
voyage-itineraires,TripIt,travel & local,5,75,250,6,1.24
voyage-itineraires,TripIt,transport book,5,75,250,67,0.61
voyage-itineraires,TripIt,birthday planner,5,87,247,135,0.54
voyage-itineraires,TripIt,application rapel pilule,5,83,248,211,0.49
voyage-itineraires,TripIt,travel spanish,5,,250,57,0.63
voyage-itineraires,TripIt,ranch planning,5,87,249,126,0.54
voyage-itineraires,TripIt,express freely,5,95,250,26,0.76
voyage-itineraires,TripIt,百度贴吧-聊兴趣，上贴吧,5,95,250,210,0.50
voyage-itineraires,TripIt,journey planner app,5,50,250,7,1.16
voyage-itineraires,TripIt,trip planning app,5,48,250,1,5.00
voyage-itineraires,TripIt,structured planner,5,82,250,84,0.59
voyage-itineraires,TripIt,exhibit,5,88,249,35,0.71
voyage-itineraires,TripIt,tripp trapp,5,46,246,74,0.60
voyage-itineraires,TripIt,vakitleri almanya,5,53,249,86,0.58
voyage-itineraires,TripIt,comprar passagem,5,73,248,162,0.52
voyage-itineraires,TripIt,deônibus,5,83,248,125,0.54
voyage-itineraires,TripIt,voyage photographie,5,29,249,97,0.57
voyage-itineraires,TripIt,mode voyage,5,20,211,74,0.60
voyage-itineraires,TripIt,minute tickets,5,13,241,143,0.53
voyage-itineraires,TripIt,ramada,5,68,250,23,0.79
voyage-itineraires,TripIt,travel community,5,64,249,22,0.80
voyage-itineraires,TripIt,24 hour,5,100,247,108,0.56
voyage-itineraires,TripIt,family organizer calendar,5,64,248,140,0.53
voyage-itineraires,TripIt,plan plan,5,77,250,88,0.58
voyage-itineraires,TripIt,road trip games app,5,3,236,97,0.57
voyage-itineraires,TripIt,plan books,5,49,247,217,0.49
voyage-itineraires,TripIt,doc pdf,5,86,250,180,0.51
voyage-itineraires,TripIt,digital planners,5,73,250,91,0.58
voyage-itineraires,TripIt,gezilecek yerler,5,95,247,10,1.02
voyage-itineraires,TripIt,book organiser,5,56,250,173,0.51
voyage-itineraires,TripIt,link fly free,5,33,238,139,0.53
voyage-itineraires,TripIt,link fly app,5,51,248,146,0.53
voyage-itineraires,TripIt,grids preview,5,76,243,120,0.55
voyage-itineraires,TripIt,feed preview free,5,98,413,167,0.52
voyage-itineraires,TripIt,plann feed,5,70,250,165,0.52
voyage-itineraires,TripIt,plnr app,5,78,214,128,0.54
voyage-itineraires,TripIt,plnr free,5,72,207,150,0.52
voyage-itineraires,TripIt,rest area,5,95,191,171,0.51
voyage-itineraires,TripIt,plan trips,5,78,250,3,1.74
voyage-itineraires,TripIt,lonely girl,5,95,248,180,0.51
voyage-itineraires,TripIt,修学旅行,5,69,248,50,0.65
voyage-itineraires,TripIt,turo local,5,97,245,67,0.61
voyage-itineraires,TripIt,rental local,5,70,250,217,0.49
voyage-itineraires,TripIt,local rental,5,70,250,180,0.51
voyage-itineraires,TripIt,travel tool,5,70,247,4,1.49
voyage-itineraires,TripIt,planejador de ruta,5,83,250,7,1.16
voyage-itineraires,TripIt,find best route multiple stop,5,86,250,81,0.59
voyage-itineraires,TripIt,indigo-flight ticket booking app,5,45,250,141,0.53
voyage-itineraires,TripIt,uber - request a ride,5,49,299,76,0.60
voyage-itineraires,TripIt,规划,5,74,250,118,0.55
voyage-itineraires,TripIt,viaggi unici,5,45,244,36,0.70
voyage-itineraires,TripIt,adelaide train,5,95,250,101,0.56
voyage-itineraires,TripIt,ptv tram,5,91,250,40,0.69
voyage-itineraires,TripIt,यात्रा,5,55,250,48,0.66
voyage-itineraires,TripIt,24-hours,5,80,250,72,0.60
voyage-itineraires,TripIt,plan list,5,57,248,76,0.60
voyage-itineraires,TripIt,徒步旅行,5,70,245,40,0.69
voyage-itineraires,TripIt,check in planning center,5,,249,63,0.62
voyage-itineraires,TripIt,officers,5,52,245,101,0.56
voyage-itineraires,TripIt,backpacer,5,59,249,90,0.58
voyage-itineraires,TripIt,hotel deal finder,5,53,250,197,0.50
voyage-itineraires,TripIt,triptrip,5,53,250,27,0.76
voyage-itineraires,TripIt,social media planning,5,56,250,121,0.55
voyage-itineraires,TripIt,best transportation app,5,86,247,185,0.51
voyage-itineraires,TripIt,kolkata transport,5,94,249,106,0.56
voyage-itineraires,TripIt,goods transport,5,76,250,219,0.49
voyage-itineraires,TripIt,planner plan,5,80,243,98,0.57
voyage-itineraires,TripIt,garny feed planner,5,70,250,216,0.49
voyage-itineraires,TripIt,travel blogs - 50 places to see before you die,5,87,250,10,1.02
voyage-itineraires,TripIt,find near places city search,5,63,250,97,0.57
voyage-itineraires,TripIt,ethiopian missions in the world,5,92,246,40,0.69
voyage-itineraires,TripIt,pufnpow travel - where to go?,5,53,248,83,0.59
voyage-itineraires,TripIt,路线轨迹,5,58,239,188,0.50
voyage-itineraires,TripIt,app last minute hotel,5,53,249,195,0.50
voyage-itineraires,TripIt,best hotel finder,5,53,246,193,0.50
voyage-itineraires,TripIt,gezi rehberi,5,66,248,60,0.63
voyage-itineraires,TripIt,túrázás,5,89,249,73,0.60
voyage-itineraires,TripIt,book now pay later hotels,5,63,245,126,0.54
voyage-itineraires,TripIt,cheap hotels finder: book easy,5,67,250,148,0.53
voyage-itineraires,TripIt,hotels near me tonight,5,45,250,146,0.53
voyage-itineraires,TripIt,booking com de,5,53,237,26,0.76
voyage-itineraires,TripIt,google hotel booking,5,65,248,134,0.54
voyage-itineraires,TripIt,hotel  booking,5,79,250,163,0.52
voyage-itineraires,TripIt,bag2bag - book hotel by hours,5,70,249,174,0.51
voyage-itineraires,TripIt,booking.com: hotels and more,5,68,250,151,0.52
voyage-itineraires,TripIt,best hotel app,5,58,250,181,0.51
voyage-itineraires,TripIt,best hotel booking app,5,59,248,158,0.52
voyage-itineraires,TripIt,last minute .com,5,27,239,108,0.56
voyage-itineraires,TripIt,booking .com uk hotels,5,36,250,134,0.54
voyage-itineraires,TripIt,booking com ireland,5,70,250,89,0.58
voyage-itineraires,TripIt,dayuse: hotel rooms for the day,5,70,250,65,0.62
voyage-itineraires,TripIt,hotel and flight deals,5,53,250,132,0.54
voyage-itineraires,TripIt,hotel finder app,5,57,250,196,0.50
voyage-itineraires,TripIt,hotel room tonight,5,70,250,126,0.54
voyage-itineraires,TripIt,hotels rooms near me,5,53,250,140,0.53
voyage-itineraires,TripIt,last minute hotels app,5,52,250,185,0.51
voyage-itineraires,TripIt,oyo rooms near me,5,65,249,72,0.60
voyage-itineraires,TripIt,temptation cancun resort,5,21,214,39,0.69
voyage-itineraires,TripIt,hampton inn near me,5,64,248,165,0.52
voyage-itineraires,TripIt,hotels tonight nyc,5,70,248,101,0.56
voyage-itineraires,TripIt,hotel rooms near me,5,70,250,106,0.56
voyage-itineraires,TripIt,hurb: hotels & resorts for your vacation,5,63,249,208,0.50
voyage-itineraires,TripIt,last minute hotel london,5,70,249,94,0.57
voyage-itineraires,TripIt,onetravel: cheap flights,5,47,250,107,0.56
voyage-itineraires,TripIt,5 star hotels near me,5,46,248,144,0.53
voyage-itineraires,TripIt,aa route finder,5,95,249,39,0.69
voyage-itineraires,TripIt,ac hotel,5,76,248,172,0.51
voyage-itineraires,TripIt,accor all - hotel booking,5,65,250,115,0.55
voyage-itineraires,TripIt,agoda malaysia,5,47,250,36,0.70
voyage-itineraires,TripIt,airbnb - vacation rentals & experiences,5,51,248,75,0.60
voyage-itineraires,TripIt,airline tickets & hotel booking app,5,59,250,159,0.52
voyage-itineraires,TripIt,as you stay - anytime checkin,5,35,247,97,0.57
voyage-itineraires,TripIt,book hotels now,5,59,248,193,0.50
voyage-itineraires,TripIt,bookenda,5,55,228,27,0.76
voyage-itineraires,TripIt,booking hotel dubai,5,53,247,148,0.53
voyage-itineraires,TripIt,cheap flights - best deals,5,84,248,185,0.51
voyage-itineraires,TripIt,cheap hotel app,5,74,249,158,0.52
voyage-itineraires,TripIt,cheap hotel near me tonight,5,70,250,134,0.54
voyage-itineraires,TripIt,cheap hotels – vacations,5,59,249,121,0.55
voyage-itineraires,TripIt,cheap hotels tonight,5,59,249,104,0.56
voyage-itineraires,TripIt,cleartrip - flights,5,47,248,64,0.62
voyage-itineraires,TripIt,days inn near me,5,81,244,182,0.51
voyage-itineraires,TripIt,expedia flight,5,75,249,111,0.55
voyage-itineraires,TripIt,expedia orbitz,5,59,249,96,0.57
voyage-itineraires,TripIt,find a cheap hotel,5,59,250,135,0.54
voyage-itineraires,TripIt,find cheap hotel,5,63,250,156,0.52
voyage-itineraires,TripIt,find cheap hotels,5,77,250,176,0.51
voyage-itineraires,TripIt,find cheapest hotel,5,74,249,134,0.54
voyage-itineraires,TripIt,find hotels for cheap prices,5,75,250,161,0.52
voyage-itineraires,TripIt,find me a hotel,5,45,250,163,0.52
voyage-itineraires,TripIt,find me hotel deals,5,74,250,150,0.52
voyage-itineraires,TripIt,flight hotel deals,5,50,250,113,0.55
voyage-itineraires,TripIt,google hotel finder,5,61,250,136,0.53
voyage-itineraires,TripIt,hilton near me,5,61,250,166,0.52
voyage-itineraires,TripIt,hilton shillim,5,36,248,62,0.62
voyage-itineraires,TripIt,home2 suites,5,47,250,50,0.65
voyage-itineraires,TripIt,hotel app booking,5,55,250,147,0.53
voyage-itineraires,TripIt,hotel apple inn,5,59,250,65,0.62
voyage-itineraires,TripIt,hotel apps discount,5,53,250,186,0.51
voyage-itineraires,TripIt,hotel deals near me,5,59,250,151,0.52
voyage-itineraires,TripIt,hotel deals now,5,70,250,161,0.52
voyage-itineraires,TripIt,hotel icon,5,51,249,151,0.52
voyage-itineraires,TripIt,hotel last-minutes,5,74,250,181,0.51
voyage-itineraires,TripIt,hotel new york,5,47,248,179,0.51
voyage-itineraires,TripIt,hotel package deals,5,75,250,118,0.55
voyage-itineraires,TripIt,hotel search hrs (new),5,74,250,124,0.54
voyage-itineraires,TripIt,westin,5,60,248,97,0.57
voyage-itineraires,TripIt,hotel tonight nyc,5,53,248,68,0.61
voyage-itineraires,TripIt,hotelcoupons.com travel app,5,53,250,161,0.52
voyage-itineraires,TripIt,hotels scanner - find hotels,5,50,249,228,0.49
voyage-itineraires,TripIt,hotels.com: book hotels,5,53,248,167,0.52
voyage-itineraires,TripIt,jw marriott juhu,5,85,249,104,0.56
voyage-itineraires,TripIt,last minute flights and hotels,5,50,247,143,0.53
voyage-itineraires,TripIt,last minute flights and hotels app,5,59,249,156,0.52
voyage-itineraires,TripIt,mistay - hourly hotel booking app,5,69,250,77,0.60
voyage-itineraires,TripIt,nearest hotel,5,70,250,127,0.54
voyage-itineraires,TripIt,nice hotels near me,5,69,250,135,0.54
voyage-itineraires,TripIt,oyo hotel near me,5,70,250,149,0.53
voyage-itineraires,TripIt,paris hotel,5,43,240,86,0.58
voyage-itineraires,TripIt,places to stay near me,5,79,250,93,0.57
voyage-itineraires,TripIt,resorts near me,5,59,249,63,0.62
voyage-itineraires,TripIt,skyscanner – cheap flights,5,53,250,116,0.55
voyage-itineraires,TripIt,snaptravel - top hotel deals,5,74,250,81,0.59
voyage-itineraires,TripIt,the grand hotel,5,71,213,138,0.53
voyage-itineraires,TripIt,travelocity hotels,5,77,250,101,0.56
voyage-itineraires,TripIt,travelpirates,5,91,248,5,1.34
voyage-itineraires,TripIt,trivago flights,5,59,250,84,0.59
voyage-itineraires,TripIt,www booking com,5,75,249,160,0.52
voyage-itineraires,TripIt,领航员,5,75,250,53,0.64
voyage-itineraires,TripIt,場所,5,96,248,219,0.49
voyage-itineraires,TripIt,旅行トラッカー,5,83,249,13,0.93
voyage-itineraires,TripIt,기타코드,5,60,231,198,0.50
voyage-itineraires,TripIt,遠足,5,70,250,113,0.55
voyage-itineraires,TripIt,crimson city guide,5,90,232,85,0.58
voyage-itineraires,TripIt,life in a rut,5,73,210,72,0.60
voyage-itineraires,TripIt,cheap flights zurich  switzerland,5,60,250,178,0.51
voyage-itineraires,TripIt,alaska - travel guide,5,11,248,25,0.77
voyage-itineraires,TripIt,country holidays inn & suites,5,0,231,70,0.61
voyage-itineraires,TripIt,10 city guides,5,79,250,28,0.75
voyage-itineraires,TripIt,antigua & barbuda - travel guide,5,19,249,81,0.59
voyage-itineraires,TripIt,strasbourg & northeastern france - free travel guide & map,5,84,248,109,0.56
voyage-itineraires,TripIt,london premium | jitt audio city guide & tour planner with offline maps (french version),5,43,250,22,0.80
voyage-itineraires,TripIt,agadir tourism guide - moroccan city travel guide,5,35,250,133,0.54
voyage-itineraires,TripIt,normandy & northern france - free travel guide & map,5,48,250,90,0.58
voyage-itineraires,TripIt,denmark - free travel guide,5,19,249,80,0.59
voyage-itineraires,TripIt,katmai national park - usa,5,62,250,153,0.52
voyage-itineraires,TripIt,orbitz hotels & flights,5,62,249,62,0.62
voyage-itineraires,TripIt,toronto offline map travel guide (kindle tablet edition),5,80,246,144,0.53
voyage-itineraires,TripIt,alaska travel guide,5,11,248,24,0.78
voyage-itineraires,TripIt,cairo  egypt - travel guide,5,0,225,106,0.56
voyage-itineraires,TripIt,world budget travel,5,47,250,75,0.60
voyage-itineraires,TripIt,regent tracking app,5,0,248,43,0.68
voyage-itineraires,TripIt,canberra offline map travel guide,5,86,249,138,0.53
voyage-itineraires,TripIt,rome offline map travel guide (kindle tablet edition),5,47,246,97,0.57
voyage-itineraires,TripIt,munich  germany - travel guide,5,0,243,110,0.56
voyage-itineraires,TripIt,beijing street map,5,57,249,54,0.64
voyage-itineraires,TripIt,paris tours and tickets,5,70,250,89,0.58
voyage-itineraires,TripIt,burma (myanmar) - travel guide & map,5,51,250,72,0.60
voyage-itineraires,TripIt,pennsylvania state parks & forests,5,71,249,92,0.58
voyage-itineraires,TripIt,london travel map,5,60,250,101,0.56
voyage-itineraires,TripIt,rental cars - rent a car,5,34,244,184,0.51
voyage-itineraires,TripIt,tip n split calculator,5,45,210,56,0.64
voyage-itineraires,TripIt,number play pro,5,62,206,60,0.63
voyage-itineraires,TripIt,tips to get ready for foreign trip,5,94,250,8,1.10
voyage-itineraires,TripIt,virginia state parks guide,5,71,249,141,0.53
voyage-itineraires,TripIt,texel offline map travel guide (kindle tablet edition),5,91,248,64,0.62
voyage-itineraires,TripIt,belgium traveler map tourist amenity & atm finder,5,52,249,108,0.56
voyage-itineraires,TripIt,road trip roulette,5,82,248,27,0.76
voyage-itineraires,TripIt,driver's triplog professional,5,33,243,79,0.59
voyage-itineraires,TripIt,los teques tourist map offline,5,82,250,96,0.57
voyage-itineraires,TripIt,myanmar travel guide,5,0,234,65,0.62
voyage-itineraires,TripIt,maldives flight schedule,5,1,222,40,0.69
voyage-itineraires,TripIt,plenty waka,5,86,250,28,0.75
voyage-itineraires,TripIt,מסלול,5,94,250,26,0.76
voyage-itineraires,TripIt,טיולים,5,91,249,54,0.64
voyage-itineraires,TripIt,gezi planlama,5,95,250,54,0.64
voyage-itineraires,TripIt,istanbul seyahat rehberi,5,47,248,53,0.64
voyage-itineraires,TripIt,zadarmo,5,93,230,95,0.57
voyage-itineraires,TripIt,booking.com: hotels & travel,5,51,250,129,0.54
voyage-itineraires,TripIt,plot route,5,81,249,122,0.55
voyage-itineraires,TripIt,للمحترفين,5,91,225,97,0.57
voyage-itineraires,TripIt,маршрути,5,87,249,77,0.60
voyage-itineraires,TripIt,піші маршрути,5,69,248,106,0.56
voyage-itineraires,TripIt,reisfotoboeken,5,45,248,120,0.55
voyage-itineraires,TripIt,reis fotoboek,5,83,249,87,0.58
voyage-itineraires,TripIt,fotoboek reis,5,78,250,35,0.71
voyage-itineraires,TripIt,lastminute.com,5,74,250,76,0.60
voyage-itineraires,TripIt,travel recommendation,5,93,250,4,1.49
voyage-itineraires,TripIt,travel costs,5,74,250,21,0.81
voyage-itineraires,TripIt,planbook mobile,5,76,250,58,0.63
voyage-itineraires,TripIt,туту авиа,5,70,250,41,0.68
voyage-itineraires,TripIt,kup bilet lotniczy,5,53,250,97,0.57
voyage-itineraires,TripIt,loty,5,46,245,42,0.68
voyage-itineraires,TripIt,найди билет,5,70,236,71,0.61
voyage-itineraires,TripIt,biletler,5,74,250,125,0.54
voyage-itineraires,TripIt,tanie loty,5,74,250,102,0.56
voyage-itineraires,TripIt,яндекс авиабилеты,5,73,250,100,0.57
voyage-itineraires,TripIt,горящие авиабилеты,5,70,249,123,0.54
voyage-itineraires,TripIt,авиабилеты аэрофлот,5,53,250,96,0.57
voyage-itineraires,TripIt,тревелбелка,5,69,250,63,0.62
voyage-itineraires,TripIt,бронирование авиабилетов,5,52,250,135,0.54
voyage-itineraires,TripIt,бронирование билетов на самолет,5,70,250,125,0.54
voyage-itineraires,TripIt,travel tip calculator,5,43,247,99,0.57
voyage-itineraires,TripIt,チップ,5,83,221,48,0.66
voyage-itineraires,TripIt,car trip planner,5,93,250,3,1.74
voyage-itineraires,TripIt,local recommendations,5,75,249,30,0.74
voyage-itineraires,TripIt,local tips,5,93,250,56,0.64
voyage-itineraires,TripIt,מסלולי טיולים,5,81,248,23,0.79
voyage-itineraires,TripIt,travel recommendations,5,92,250,4,1.49
voyage-itineraires,TripIt,london journey planner,5,72,249,56,0.64
voyage-itineraires,TripIt,art template,5,89,240,164,0.52
voyage-itineraires,TripIt,percorsi outdoor e indoor,5,82,215,90,0.58
voyage-itineraires,TripIt,zwiedzanie,5,84,250,33,0.72
voyage-itineraires,TripIt,wycieczki,5,92,247,29,0.74
voyage-itineraires,TripIt,Scrapbook App,5,96,250,115,0.55
voyage-itineraires,TripIt,typp,5,21,212,63,0.62
voyage-itineraires,TripIt,best trave app,5,80,248,7,1.16
voyage-itineraires,TripIt,travelog,5,87,242,121,0.55
voyage-itineraires,TripIt,organizer to do list & planner,5,78,250,135,0.54
voyage-itineraires,TripIt,подтверждение,5,91,243,92,0.58
voyage-itineraires,TripIt,freebies alert,5,100,250,101,0.56
voyage-itineraires,TripIt,freebies alert app,5,94,249,164,0.52
voyage-itineraires,TripIt,freebie alerts app,5,85,241,156,0.52
voyage-itineraires,TripIt,free things near me,5,36,242,39,0.69
voyage-itineraires,TripIt,lange reizen,5,53,250,120,0.55
voyage-itineraires,TripIt,travel plannẻ,5,84,246,1,5.00
voyage-itineraires,TripIt,Gris planner,5,69,250,91,0.58
voyage-itineraires,TripIt,urlaube,5,69,250,117,0.55
voyage-itineraires,TripIt,timewarp,5,82,250,97,0.57
voyage-itineraires,TripIt,peru play,5,98,394,228,0.49
voyage-itineraires,TripIt,wolf lodge,5,32,242,90,0.58
voyage-itineraires,TripIt,things organizer,5,74,249,166,0.52
voyage-itineraires,TripIt,prenotazione,5,93,426,92,0.58
voyage-itineraires,TripIt,affitta,5,46,236,31,0.73
voyage-itineraires,TripIt,open roads,5,78,245,230,0.49
voyage-itineraires,TripIt,teacher planning,5,47,248,125,0.54
voyage-itineraires,TripIt,group planner,5,53,249,79,0.59
voyage-itineraires,TripIt,california 511,5,57,249,67,0.61
voyage-itineraires,TripIt,tren saatleri,5,,250,106,0.56
voyage-itineraires,TripIt,seating chart,5,58,246,113,0.55
voyage-itineraires,TripIt,planlama,5,59,249,109,0.56
voyage-itineraires,TripIt,arkadaşım,5,93,249,44,0.67
voyage-itineraires,TripIt,platfrom,5,86,250,25,0.77
voyage-itineraires,TripIt,tatil,5,89,248,35,0.71
voyage-itineraires,TripIt,plan navigate,5,88,250,80,0.59
voyage-itineraires,TripIt,self-guided,5,96,193,70,0.61
voyage-itineraires,TripIt,practice management,5,77,244,214,0.49
voyage-itineraires,TripIt,travel hacks,5,93,250,12,0.96
voyage-itineraires,TripIt,travel hacking,5,69,250,50,0.65
voyage-itineraires,TripIt,award travel,5,70,248,78,0.59
voyage-itineraires,TripIt,aplikasi atur,5,97,248,166,0.52
voyage-itineraires,TripIt,verjaardag vakantie,5,52,248,101,0.56
voyage-itineraires,TripIt,planner healthy,5,74,250,216,0.49
voyage-itineraires,TripIt,event urlaub,5,53,250,122,0.55
voyage-itineraires,TripIt,try to fly,5,73,248,59,0.63
voyage-itineraires,TripIt,Find open,5,70,211,175,0.51
voyage-itineraires,TripIt,organization app,5,43,248,201,0.50
voyage-itineraires,TripIt,driving times,5,81,249,103,0.56
voyage-itineraires,TripIt,snus,5,93,248,62,0.62
voyage-itineraires,TripIt,restaurant bookings,5,64,249,85,0.58
voyage-itineraires,TripIt,沖繩旅行,5,32,242,32,0.73
voyage-itineraires,TripIt,預訂,5,44,249,82,0.59
voyage-itineraires,TripIt,日本酒店,5,77,248,123,0.54
voyage-itineraires,TripIt,cargo parking,5,34,240,180,0.51
voyage-itineraires,TripIt,musical memory,5,30,242,206,0.50
voyage-itineraires,TripIt,ship itinerary,5,81,247,39,0.69
voyage-itineraires,TripIt,cruise price alert,5,45,247,172,0.51
voyage-itineraires,TripIt,travel for kids,5,20,232,78,0.59
voyage-itineraires,TripIt,free shared calendar,5,75,248,136,0.53
voyage-itineraires,TripIt,caminhadas,5,69,248,103,0.56
voyage-itineraires,TripIt,routebeschrijving,5,80,246,141,0.53
voyage-itineraires,TripIt,expenses travel,5,92,250,103,0.56
voyage-itineraires,TripIt,Track your book,5,10,250,204,0.50
voyage-itineraires,TripIt,planpop,5,48,241,25,0.77
voyage-itineraires,TripIt,plannen,5,53,249,162,0.52
voyage-itineraires,TripIt,fyptt,5,95,250,98,0.57
voyage-itineraires,TripIt,to do plan,5,50,249,165,0.52
voyage-itineraires,TripIt,nsw rail,5,97,250,61,0.63
voyage-itineraires,TripIt,summer activities,5,27,195,159,0.52
voyage-itineraires,TripIt,fret planner,5,76,250,54,0.64
voyage-itineraires,TripIt,travel trip,5,96,250,15,0.89
voyage-itineraires,TripIt,king puerto,5,59,240,79,0.59
voyage-itineraires,TripIt,apps passi,5,74,250,183,0.51
voyage-itineraires,TripIt,app estate bambini,5,83,246,195,0.50
voyage-itineraires,TripIt,priority Planner,5,19,247,134,0.54
voyage-itineraires,TripIt,(planning),5,52,249,130,0.54
voyage-itineraires,TripIt,hotel checklists,5,52,250,107,0.56
voyage-itineraires,TripIt,to the point,5,55,202,152,0.52
voyage-itineraires,TripIt,travel center,5,61,250,78,0.59
voyage-itineraires,TripIt,vacation widget,5,53,249,57,0.63
voyage-itineraires,TripIt,inbox organizer,5,81,248,141,0.53
voyage-itineraires,TripIt,guía boletaire,5,28,235,17,0.86
voyage-itineraires,TripIt,tipping easy,5,82,250,74,0.60
voyage-itineraires,TripIt,my digital planner,5,84,249,125,0.54
voyage-itineraires,TripIt,team organization,5,90,249,240,0.48
voyage-itineraires,TripIt,cruise ticker,5,53,249,44,0.67
voyage-itineraires,TripIt,local experiences,5,80,250,72,0.60
voyage-itineraires,TripIt,περίπου,5,85,248,31,0.73
voyage-itineraires,TripIt,caminadas,5,80,272,95,0.57
voyage-itineraires,TripIt,DARBY	ios DARBY	google,5,94,248,78,0.59
voyage-itineraires,TripIt,blinkit grocery,5,61,249,86,0.58
voyage-itineraires,TripIt,travel dairy,5,70,250,23,0.79
voyage-itineraires,TripIt,travel route,5,88,250,2,2.29
voyage-itineraires,TripIt,destination guide,5,89,250,66,0.62
voyage-itineraires,TripIt,travel guide and map,5,86,248,31,0.73
voyage-itineraires,TripIt,travel photo album,5,88,249,157,0.52
voyage-itineraires,TripIt,travel photo book,5,50,250,75,0.60
voyage-itineraires,TripIt,travel world map,5,75,247,28,0.75
voyage-itineraires,TripIt,book restaurants,5,2,231,131,0.54
voyage-itineraires,TripIt,travel mapping,5,88,250,5,1.34
voyage-itineraires,TripIt,rently tours,5,17,247,134,0.54
voyage-itineraires,TripIt,schedule sharing app,5,64,249,119,0.55
voyage-itineraires,TripIt,plan to do,5,44,248,75,0.60
voyage-itineraires,TripIt,schedule visits,5,98,248,87,0.58
voyage-itineraires,TripIt,tracker planner,5,62,249,186,0.51
voyage-itineraires,TripIt,disney reservations,5,62,246,80,0.59
voyage-itineraires,TripIt,reserve dining,5,69,207,34,0.71
voyage-itineraires,TripIt,disney reservation,5,78,243,110,0.56
voyage-itineraires,TripIt,naviger til bil,5,33,246,153,0.52
voyage-itineraires,TripIt,todoit,5,60,249,38,0.70
voyage-itineraires,TripIt,good planner,5,59,248,149,0.53
voyage-itineraires,TripIt,hamburg tour,5,74,250,189,0.50
voyage-itineraires,TripIt,request a ride,5,83,243,161,0.52
voyage-itineraires,TripIt,self guided tour,5,93,250,25,0.77
voyage-itineraires,TripIt,cruise mate,5,67,250,42,0.68
voyage-itineraires,TripIt,planner digital,5,95,249,156,0.52
voyage-itineraires,TripIt,旅行足迹,5,91,248,28,0.75
voyage-itineraires,TripIt,地图标记,5,94,250,161,0.52
voyage-itineraires,TripIt,旅行规划,5,93,248,3,1.74
voyage-itineraires,TripIt,旅行轨迹,5,84,247,14,0.91
voyage-itineraires,TripIt,地图路线,5,33,233,120,0.55
voyage-itineraires,TripIt,打卡城市,5,67,248,37,0.70
voyage-itineraires,TripIt,Story Post Maker,5,74,249,210,0.50
voyage-itineraires,TripIt,madrid tarjeta,5,95,250,24,0.78
voyage-itineraires,TripIt,tarifa,5,59,249,136,0.53
voyage-itineraires,TripIt,vpn for growtopia,5,78,250,107,0.56
voyage-itineraires,TripIt,autio,5,53,247,66,0.62
voyage-itineraires,TripIt,paylaşın,5,98,249,234,0.49
voyage-itineraires,TripIt,refund status,5,14,243,52,0.65
voyage-itineraires,TripIt,frê,5,42,203,136,0.53
voyage-itineraires,TripIt,travel cover,5,93,248,177,0.51
voyage-itineraires,TripIt,travel insurance cover,5,53,250,185,0.51
voyage-itineraires,TripIt,loveit couples,5,81,250,70,0.61
voyage-itineraires,TripIt,drug facts,5,85,239,180,0.51
voyage-itineraires,TripIt,شركة,5,76,244,223,0.49
voyage-itineraires,TripIt,united states calendar 2023,5,67,246,88,0.58
voyage-itineraires,TripIt,navegue,5,97,250,122,0.55
voyage-itineraires,TripIt,hours happy,5,74,249,127,0.54
voyage-itineraires,TripIt,sailing charter,5,77,244,193,0.50
voyage-itineraires,TripIt,hesaplama programı,5,47,248,151,0.52
voyage-itineraires,TripIt,españa calendario 2023,5,70,250,100,0.57
voyage-itineraires,TripIt,españa 2023,5,78,242,175,0.51
voyage-itineraires,TripIt,vehículos por suscripción,5,24,223,200,0.50
voyage-itineraires,TripIt,micro.blog,5,94,249,187,0.51
voyage-itineraires,TripIt,italia calendario 2023,5,90,246,117,0.55
voyage-itineraires,TripIt,philippines calendar 2023,5,72,250,153,0.52
voyage-itineraires,TripIt,2023 philippines calendar,5,72,250,147,0.53
voyage-itineraires,TripIt,tiqet,5,82,250,13,0.93
voyage-itineraires,TripIt,organization apps,5,85,250,211,0.49
voyage-itineraires,TripIt,locksmith widget,5,80,250,179,0.51
voyage-itineraires,TripIt,cruise ai,5,29,237,164,0.52
voyage-itineraires,TripIt,Driving  Directions,5,78,250,150,0.52
voyage-itineraires,TripIt,roamy,5,86,249,5,1.34
voyage-itineraires,TripIt,список для подорожей,5,93,250,134,0.54
voyage-itineraires,TripIt,ぽいんと,5,86,241,98,0.57
voyage-itineraires,TripIt,ピアノ　コード,5,87,245,102,0.56
voyage-itineraires,TripIt,piano tiles 2™,5,83,243,158,0.52
voyage-itineraires,TripIt,plan ai,5,66,244,89,0.58
voyage-itineraires,TripIt,ai plan,5,95,234,135,0.54
voyage-itineraires,TripIt,cheap trip,5,94,249,29,0.74
voyage-itineraires,TripIt,Planificador de instagram,5,95,231,29,0.74
voyage-itineraires,TripIt,calender plan,5,59,249,112,0.55
voyage-itineraires,TripIt,komoot bike,5,59,246,57,0.63
voyage-itineraires,TripIt,splitmyfare,5,47,244,23,0.79
voyage-itineraires,TripIt,best app for couples calendar,5,62,249,156,0.52
voyage-itineraires,TripIt,best calendar app for couples to share,5,76,248,194,0.50
voyage-itineraires,TripIt,best calendar sharing apps for couples,5,79,250,167,0.52
voyage-itineraires,TripIt,best shared calendar app for couples,5,54,250,188,0.50
voyage-itineraires,TripIt,best shared calendar apps for couples,5,51,250,175,0.51
voyage-itineraires,TripIt,best shared calendar for couples,5,52,250,198,0.50
voyage-itineraires,TripIt,bucket list ideas for couples travel,5,47,248,49,0.66
voyage-itineraires,TripIt,calendar sharing apps for couples,5,60,249,156,0.52
voyage-itineraires,TripIt,word flash,5,30,213,185,0.51
voyage-itineraires,TripIt,journey starts,5,97,249,236,0.49
voyage-itineraires,TripIt,租賃,5,33,222,96,0.57
voyage-itineraires,TripIt,停車,5,36,246,49,0.66
voyage-itineraires,TripIt,自由行,5,88,248,6,1.24
voyage-itineraires,TripIt,國內旅遊,5,35,241,52,0.65
voyage-itineraires,TripIt,hotel date ideas,5,90,250,119,0.55
voyage-itineraires,TripIt,租到,5,72,242,119,0.55
voyage-itineraires,TripIt,租汽車,5,30,238,111,0.55
voyage-itineraires,TripIt,life planning,5,79,250,108,0.56
voyage-itineraires,TripIt,horarios bus barcelona,5,79,243,97,0.57
voyage-itineraires,TripIt,horarios cercanias,5,93,242,176,0.51
voyage-itineraires,TripIt,book cheap flights,5,77,250,165,0.52
voyage-itineraires,TripIt,planner ai,5,90,249,131,0.54
voyage-itineraires,TripIt,year recap,5,81,244,150,0.52
voyage-itineraires,TripIt,plan party,5,93,249,110,0.56
voyage-itineraires,TripIt,ttc go,5,80,249,52,0.65
voyage-itineraires,TripIt,ttc streetcar,5,96,249,64,0.62
voyage-itineraires,TripIt,tfl tube,5,53,249,24,0.78
voyage-itineraires,TripIt,tfl underground,5,70,250,141,0.53
voyage-itineraires,TripIt,nsw train,5,93,250,32,0.73
voyage-itineraires,TripIt,ptv trip planner,5,86,250,5,1.34
voyage-itineraires,TripIt,ptv trip,5,86,248,75,0.60
voyage-itineraires,TripIt,rtd next ride,5,77,250,47,0.66
voyage-itineraires,TripIt,rtd trip planner,5,79,250,16,0.87
voyage-itineraires,TripIt,solo mas,5,100,250,226,0.49
voyage-itineraires,TripIt,le renouvellement,5,71,249,29,0.74
voyage-itineraires,TripIt,Focus Traveller,5,72,249,68,0.61
voyage-itineraires,TripIt,bag storage,5,72,250,103,0.56
voyage-itineraires,TripIt,map journal,5,50,246,227,0.49
voyage-itineraires,TripIt,Calendar: Schedule Planner,5,62,249,135,0.54
voyage-itineraires,TripIt,deutschland parken,5,70,250,180,0.51
voyage-itineraires,TripIt,free travel planner,5,88,249,1,5.00
voyage-itineraires,TripIt,easily track,5,96,247,124,0.54
voyage-itineraires,TripIt,Organize pro,5,94,250,176,0.51
voyage-itineraires,TripIt,visitors guide,5,35,249,89,0.58
voyage-itineraires,TripIt,official visitors,5,4,237,151,0.52
voyage-itineraires,TripIt,center guide,5,3,221,203,0.50
voyage-itineraires,TripIt,transporte madrid tiempo real,5,53,250,50,0.65
voyage-itineraires,TripIt,forma ideale,5,96,249,151,0.52
voyage-itineraires,TripIt,open journey,5,94,395,226,0.49
voyage-itineraires,TripIt,track applicants,5,15,245,200,0.50
voyage-itineraires,TripIt,tracel tracker,5,63,248,105,0.56
voyage-itineraires,TripIt,튤립,5,92,249,26,0.76
voyage-itineraires,TripIt,meal plnas,5,53,233,203,0.50
voyage-itineraires,TripIt,paper planner,5,34,249,171,0.51
voyage-itineraires,TripIt,comparte tu momento,5,90,214,101,0.56
voyage-itineraires,TripIt,compartilhamento de tela de foto,5,76,237,145,0.53
voyage-itineraires,TripIt,compartilhamento de tela de fotos,5,27,238,97,0.57
voyage-itineraires,TripIt,vacation home,5,69,242,78,0.59
voyage-itineraires,TripIt,- préparation,5,53,247,39,0.69
voyage-itineraires,TripIt,ai trip,5,91,247,2,2.29
voyage-itineraires,TripIt,trasporto,5,94,250,24,0.78
voyage-itineraires,TripIt,cozi activity,5,81,250,160,0.52
voyage-itineraires,TripIt,last minute travel insurance,5,75,250,56,0.64
voyage-itineraires,TripIt,wapp travel app,5,53,249,59,0.63
voyage-itineraires,TripIt,short term travel insurance,5,90,250,60,0.63
voyage-itineraires,TripIt,one day travel insurance,5,92,229,75,0.60
voyage-itineraires,TripIt,last minute travel insurance uk,5,75,250,33,0.72
voyage-itineraires,TripIt,travel insurance last minute,5,83,250,57,0.63
voyage-itineraires,TripIt,cheap one day travel insurance,5,74,249,22,0.80
voyage-itineraires,TripIt,last minute travel insurance online,5,64,247,59,0.63
voyage-itineraires,TripIt,travel insurance instant,5,54,237,49,0.66
voyage-itineraires,TripIt,travel insurance short term,5,70,250,47,0.66
voyage-itineraires,TripIt,pull over,5,,248,58,0.63
voyage-itineraires,TripIt,Track anime,5,88,249,228,0.49
voyage-itineraires,TripIt,travel photos,5,100,249,131,0.54
voyage-itineraires,TripIt,seattle transit schedule,5,89,249,221,0.49
voyage-itineraires,TripIt,puget transit,5,95,250,143,0.53
voyage-itineraires,TripIt,puget sound trip planner,5,86,248,7,1.16
voyage-itineraires,TripIt,trolley schedule,5,88,247,61,0.63
voyage-itineraires,TripIt,mail declutter,5,92,250,89,0.58
voyage-itineraires,TripIt,mailbox cleanup,5,67,244,117,0.55
voyage-itineraires,TripIt,Reel scheduler,5,70,249,49,0.66
voyage-itineraires,TripIt,drawing guide,5,70,250,176,0.51
voyage-itineraires,TripIt,Cosplay Planner,5,55,248,33,0.72
voyage-itineraires,TripIt,Daily accounting,5,86,250,241,0.48
voyage-itineraires,TripIt,ai travel planner,5,92,247,2,2.29
voyage-itineraires,TripIt,travel ai,5,87,250,2,2.29
voyage-itineraires,TripIt,旅の途中,5,53,249,18,0.84
voyage-itineraires,TripIt,travel traacker,5,86,247,53,0.64
voyage-itineraires,TripIt,easy task planning,5,32,231,203,0.50
voyage-itineraires,TripIt,personal tracking plan,5,98,250,84,0.59
voyage-itineraires,TripIt,to do agenda,5,76,250,141,0.53
voyage-itineraires,TripIt,flight countdown,5,63,244,77,0.60
voyage-itineraires,TripIt,TIPS Travel,5,95,249,8,1.10
voyage-itineraires,TripIt,world trip,5,85,242,25,0.77
voyage-itineraires,TripIt,- planner organizer,5,59,248,167,0.52
voyage-itineraires,TripIt,- daily plan,5,82,250,183,0.51
voyage-itineraires,TripIt,good for traveling,5,94,250,5,1.34
voyage-itineraires,TripIt,party planning app,5,86,248,107,0.56
voyage-itineraires,TripIt,Household Planner,5,76,250,151,0.52
voyage-itineraires,TripIt,tourist help,5,63,250,16,0.87
voyage-itineraires,TripIt,tour gude,5,26,240,48,0.66
voyage-itineraires,TripIt,tripoley,5,96,248,15,0.89
voyage-itineraires,TripIt,quiktrip food,5,50,213,85,0.58
voyage-itineraires,TripIt,games calendar,5,68,243,163,0.52
voyage-itineraires,TripIt,pal app,5,100,249,244,0.48
voyage-itineraires,TripIt,intricate,5,90,241,40,0.69
voyage-itineraires,TripIt,每日日记,5,35,230,97,0.57
voyage-itineraires,TripIt,hit it great,5,95,250,218,0.49
voyage-itineraires,TripIt,rees maker,5,96,246,145,0.53
voyage-itineraires,TripIt,punter,5,100,248,242,0.48
voyage-itineraires,TripIt,trip ai,5,83,246,7,1.16
voyage-itineraires,TripIt,updater essential,5,24,223,110,0.56
voyage-itineraires,TripIt,bucket listers,5,50,250,53,0.64
voyage-itineraires,TripIt,golden hour tracker,5,96,250,189,0.50
voyage-itineraires,TripIt,renovate planner,5,68,244,99,0.57
voyage-itineraires,TripIt,color planner,5,79,247,100,0.57
voyage-itineraires,TripIt,couple together,5,76,243,201,0.50
voyage-itineraires,TripIt,london tales,5,3,246,119,0.55
voyage-itineraires,TripIt,city trip,5,77,250,15,0.89
voyage-itineraires,TripIt,better marriage,5,92,250,113,0.55
voyage-itineraires,TripIt,marriage tools,5,72,237,99,0.57
voyage-itineraires,TripIt,calendar planner_,5,65,250,145,0.53
voyage-itineraires,TripIt,explore travel,5,51,249,47,0.66
voyage-itineraires,TripIt,sign contracts,5,74,248,200,0.50
voyage-itineraires,TripIt,family travel planner,5,96,249,3,1.74
voyage-itineraires,TripIt,Digitalizador Documentos,5,85,249,191,0.50
voyage-itineraires,TripIt,room wizard,5,97,248,115,0.55
voyage-itineraires,TripIt,time trak,5,47,248,59,0.63
voyage-itineraires,TripIt,Time Scheduler,5,52,248,127,0.54
voyage-itineraires,TripIt,Calendar Management,5,62,248,231,0.49
voyage-itineraires,TripIt,shopping organizer,5,96,247,183,0.51
voyage-itineraires,TripIt,shopping list organizer,5,78,250,170,0.51
voyage-itineraires,TripIt,calendar task planner ios,5,62,249,165,0.52
voyage-itineraires,TripIt,calendar task priority app,5,58,248,112,0.55
voyage-itineraires,TripIt,calendar daily planner,5,59,249,129,0.54
voyage-itineraires,TripIt,calendar gantt chart,5,70,249,165,0.52
voyage-itineraires,TripIt,Planner and calendar,5,63,249,124,0.54
voyage-itineraires,TripIt,jsps sınavları,5,70,250,143,0.53
voyage-itineraires,TripIt,ai travel,5,98,250,2,2.29
voyage-itineraires,TripIt,travel stats,5,83,250,6,1.24
voyage-itineraires,TripIt,Travel Korea,5,67,249,123,0.54
voyage-itineraires,TripIt,organizational app,5,77,250,171,0.51
voyage-itineraires,TripIt,toilet journal,5,25,249,177,0.51
voyage-itineraires,TripIt,trips planner,5,88,249,1,5.00
voyage-itineraires,TripIt,mapper for safari,5,61,250,212,0.49
voyage-itineraires,TripIt,* 	ooty,5,94,249,38,0.70
voyage-itineraires,TripIt,package receiving service,5,93,250,198,0.50
voyage-itineraires,TripIt,social planner,5,47,248,131,0.54
voyage-itineraires,TripIt,mille,5,100,249,245,0.48
voyage-itineraires,TripIt,ntrip,5,59,248,93,0.57
voyage-itineraires,TripIt,portugal contemporary artguide,5,49,242,35,0.71
voyage-itineraires,TripIt,cartão sus,5,93,250,160,0.52
voyage-itineraires,TripIt,rv checklist,5,44,245,69,0.61
voyage-itineraires,TripIt,allstays camp rv,5,49,249,66,0.62
voyage-itineraires,TripIt,daily task manager tracker,5,75,250,227,0.49
voyage-itineraires,TripIt,flight hours,5,92,249,131,0.54
voyage-itineraires,TripIt,flight records,5,79,249,188,0.50
voyage-itineraires,TripIt,flight journal,5,30,248,118,0.55
voyage-itineraires,TripIt,рейс,5,94,250,76,0.60
voyage-itineraires,TripIt,360管家,5,100,250,70,0.61
voyage-itineraires,TripIt,organiser des photos,5,91,250,39,0.69
voyage-itineraires,TripIt,commute planner,5,81,249,14,0.91
voyage-itineraires,TripIt,travel stop,5,35,238,74,0.60
voyage-itineraires,TripIt,journey alerts,5,61,250,32,0.73
voyage-itineraires,TripIt,london tube journey,5,80,250,161,0.52
voyage-itineraires,TripIt,visit tracker,5,75,249,63,0.62
voyage-itineraires,TripIt,Journey Sharing,5,75,249,72,0.60
voyage-itineraires,TripIt,to list checklist,5,55,248,128,0.54
voyage-itineraires,TripIt,couple todo,5,65,248,175,0.51
voyage-itineraires,TripIt,ai organizer,5,62,250,178,0.51
voyage-itineraires,TripIt,Daily Art Journal,5,36,244,194,0.50
voyage-itineraires,TripIt,property rental manager,5,35,245,239,0.48
voyage-itineraires,TripIt,wanderweg,5,93,240,85,0.58
voyage-itineraires,TripIt,japan visit,5,87,250,56,0.64
voyage-itineraires,TripIt,party trendy,5,,250,242,0.48
voyage-itineraires,TripIt,app de reservation,5,74,245,86,0.58
voyage-itineraires,TripIt,application de reservation,5,79,250,58,0.63
voyage-itineraires,TripIt,bucket lsit,5,11,239,131,0.54
voyage-itineraires,TripIt,wod planner,5,36,246,85,0.58
voyage-itineraires,TripIt,invitaion maker,5,77,233,174,0.51
voyage-itineraires,TripIt,照片分享,5,76,225,212,0.49
voyage-itineraires,TripIt,記錄旅行,5,93,248,14,0.91
voyage-itineraires,TripIt,trainer board,5,27,234,170,0.51
voyage-itineraires,TripIt,washington dc transportation,5,66,241,223,0.49
voyage-itineraires,TripIt,dc metro planner,5,54,248,77,0.60
voyage-itineraires,TripIt,mytransit,5,83,248,65,0.62
voyage-itineraires,TripIt,pick up line,5,62,249,184,0.51
voyage-itineraires,TripIt,旅游攻略,5,93,250,21,0.81
voyage-itineraires,TripIt,旅游软件,5,90,249,27,0.76
voyage-itineraires,TripIt,行程,5,84,248,3,1.74
voyage-itineraires,TripIt,旅游地图,5,78,248,20,0.82
voyage-itineraires,TripIt,足迹地图,5,71,248,102,0.56
voyage-itineraires,TripIt,旅行地图,5,87,250,8,1.10
voyage-itineraires,TripIt,路书,5,79,249,2,2.29
voyage-itineraires,TripIt,旅游app,5,57,248,20,0.82
voyage-itineraires,TripIt,路线规划,5,91,250,22,0.80
voyage-itineraires,TripIt,旅行记录,5,84,250,6,1.24
voyage-itineraires,TripIt,方向,5,85,243,79,0.59
voyage-itineraires,TripIt,旅游记录,5,84,250,3,1.74
voyage-itineraires,TripIt,出行旅游,5,47,250,26,0.76
voyage-itineraires,TripIt,行程规划,5,63,250,2,2.29
voyage-itineraires,TripIt,地图hd,5,79,244,159,0.52
voyage-itineraires,TripIt,地图绘制,5,88,249,229,0.49
voyage-itineraires,TripIt,路线记录,5,92,239,111,0.55
voyage-itineraires,TripIt,旅游规划,5,81,250,7,1.16
voyage-itineraires,TripIt,户外活动,5,89,251,111,0.55
voyage-itineraires,TripIt,规划路线,5,93,250,32,0.73
voyage-itineraires,TripIt,专业工具,5,96,248,237,0.49
voyage-itineraires,TripIt,记录行程,5,74,247,16,0.87
voyage-itineraires,TripIt,出行规划,5,82,247,1,5.00
voyage-itineraires,TripIt,旅游足迹地图,5,91,250,38,0.70
voyage-itineraires,TripIt,打卡点,5,45,247,35,0.71
voyage-itineraires,TripIt,行前规划,5,94,247,2,2.29
voyage-itineraires,TripIt,搜索地点,5,83,241,205,0.50
voyage-itineraires,TripIt,行程距离,5,88,249,2,2.29
voyage-itineraires,TripIt,轨迹纪录,5,90,249,52,0.65
voyage-itineraires,TripIt,短途徒步,5,87,249,64,0.62
voyage-itineraires,TripIt,路书导航,5,88,247,12,0.96
voyage-itineraires,TripIt,徒步历史,5,91,249,81,0.59
voyage-itineraires,TripIt,find purpose,5,44,238,174,0.51
voyage-itineraires,TripIt,Meal Scheduler,5,64,240,160,0.52
voyage-itineraires,TripIt,year planning,5,35,240,37,0.70
voyage-itineraires,TripIt,realistic parking,5,25,250,162,0.52
voyage-itineraires,TripIt,thoughts manager,5,68,243,187,0.51
voyage-itineraires,TripIt,AI schedule,5,72,249,161,0.52
voyage-itineraires,TripIt,chicago trip planner,5,85,248,43,0.68
voyage-itineraires,TripIt,tool convenient,5,74,250,171,0.51
voyage-itineraires,TripIt,wallet planner,5,72,236,36,0.70
voyage-itineraires,TripIt,alertă,5,70,250,247,0.48
voyage-itineraires,TripIt,xác,5,95,249,243,0.48
voyage-itineraires,TripIt,实时,5,92,244,240,0.48
voyage-itineraires,TripIt,ai schedule planner,5,43,228,134,0.54
voyage-itineraires,TripIt,los angeles guide,5,58,248,191,0.50
voyage-itineraires,TripIt,count thing,5,84,245,142,0.53
voyage-itineraires,TripIt,purpose finder,5,83,230,192,0.50
voyage-itineraires,TripIt,european painters,5,91,249,215,0.49
voyage-itineraires,TripIt,art tours,5,23,221,185,0.51
voyage-itineraires,TripIt,art periods,5,34,244,134,0.54
voyage-itineraires,TripIt,arrendamiento,5,87,249,111,0.55
voyage-itineraires,TripIt,Task Tracker Planner,5,77,250,177,0.51
voyage-itineraires,TripIt,low-cost ride,5,90,250,123,0.54
voyage-itineraires,TripIt,layout planner,5,82,250,180,0.51
voyage-itineraires,TripIt,Skin care planner,5,65,247,230,0.49
voyage-itineraires,TripIt,chores to do,5,57,239,194,0.50
voyage-itineraires,TripIt,trip logger,5,94,247,35,0.71
voyage-itineraires,TripIt,planner & to do list,5,76,250,192,0.50
voyage-itineraires,TripIt,grid stories,5,57,248,195,0.50
voyage-itineraires,TripIt,útvonaltervező,5,83,250,133,0.54
voyage-itineraires,TripIt,local cab service,5,89,250,217,0.49
voyage-itineraires,TripIt,caixa registradora,5,70,250,61,0.63
voyage-itineraires,TripIt,mts trip planner,5,83,246,35,0.71
voyage-itineraires,TripIt,personalized itinerary,5,84,248,3,1.74
voyage-itineraires,TripIt,作成アプリ,5,96,250,249,0.48
voyage-itineraires,TripIt,anime calendar,5,44,240,161,0.52
voyage-itineraires,TripIt,organize anime,5,57,248,163,0.52
voyage-itineraires,TripIt,trip history,5,75,196,102,0.56
voyage-itineraires,TripIt,plan tracker,5,94,250,43,0.68
voyage-itineraires,TripIt,Project scheduler,5,36,250,53,0.64
voyage-itineraires,TripIt,ov-app,5,89,250,217,0.49
voyage-itineraires,TripIt,urlaubsplanung,5,91,250,10,1.02
voyage-itineraires,TripIt,organizaçao,5,92,250,138,0.53
voyage-itineraires,TripIt,adhd planning,5,86,250,97,0.57
voyage-itineraires,TripIt,reserva pistas,5,70,250,75,0.60
voyage-itineraires,TripIt,club de pádel,5,53,243,109,0.56
voyage-itineraires,TripIt,reservar una pista de pádel,5,53,245,31,0.73
voyage-itineraires,TripIt,- reservas padel,5,70,244,104,0.56
voyage-itineraires,TripIt,- reservas de padel,5,35,245,112,0.55
voyage-itineraires,TripIt,- reserva de pistas,5,78,250,83,0.59
voyage-itineraires,TripIt,- padel barcelona,5,45,247,132,0.54
voyage-itineraires,TripIt,reservas padel,5,70,244,104,0.56
voyage-itineraires,TripIt,padel barcelona,5,53,247,132,0.54
voyage-itineraires,TripIt,2024 digital planner,5,52,250,163,0.52
voyage-itineraires,TripIt,my life planner,5,57,247,241,0.48
voyage-itineraires,TripIt,Subscription Organizer,5,46,249,101,0.56
voyage-itineraires,TripIt,3D hotel Manager,5,27,241,191,0.50
voyage-itineraires,TripIt,Travel Planner AI,5,84,249,3,1.74
voyage-itineraires,TripIt,السياحية,5,78,250,174,0.51
voyage-itineraires,TripIt,rappel expiration,5,53,249,109,0.56
voyage-itineraires,TripIt,camping pack list,5,56,244,84,0.59
voyage-itineraires,TripIt,ski packing,5,48,247,67,0.61
voyage-itineraires,TripIt,flight pack list,5,52,249,48,0.66
voyage-itineraires,TripIt,qr payment,5,50,238,182,0.51
voyage-itineraires,TripIt,packlista,5,50,248,45,0.67
voyage-itineraires,TripIt,party planer,5,92,249,103,0.56
voyage-itineraires,TripIt,invest in rental properties,5,51,249,210,0.50
voyage-itineraires,TripIt,paycheck planner,5,88,247,127,0.54
voyage-itineraires,TripIt,family sharing planner free,5,97,250,236,0.49
voyage-itineraires,TripIt,shared reminders,5,78,250,190,0.50
voyage-itineraires,TripIt,family organiser calendar,5,62,248,136,0.53
voyage-itineraires,TripIt,shared family calendar group,5,80,250,102,0.56
voyage-itineraires,TripIt,video reminder,5,36,250,199,0.50
voyage-itineraires,TripIt,activity widget$,5,28,238,203,0.50
voyage-itineraires,TripIt,activity widgets,5,70,239,135,0.54
voyage-itineraires,TripIt,大众点评-民宿酒店预订，景点美食推荐,5,64,250,23,0.79
voyage-itineraires,TripIt,大众点评-民宿酒店预订，景点美食推荐 旅游出行查攻略买门票，看必吃榜赏当地美食,5,65,250,30,0.74
voyage-itineraires,TripIt,旅游出行查攻略买门票，看必吃榜赏当地美食,5,71,248,44,0.67
voyage-itineraires,TripIt,My Hotel Buddy,5,67,249,193,0.50
voyage-itineraires,TripIt,AI Scheduler,5,70,250,73,0.60
voyage-itineraires,TripIt,tourist phrasebook,5,47,248,61,0.63
voyage-itineraires,TripIt,road trip stories,5,83,247,25,0.77
voyage-itineraires,TripIt,road trip story,5,77,249,22,0.80
voyage-itineraires,TripIt,entretainment tour,5,83,249,232,0.49
voyage-itineraires,TripIt,Event organisation,5,46,235,145,0.53
voyage-itineraires,TripIt,Cool invitation and planner app,5,50,250,129,0.54
voyage-itineraires,TripIt,paraglide,5,61,247,37,0.70
voyage-itineraires,TripIt,group trip planner,5,95,249,2,2.29
voyage-itineraires,TripIt,voyag,5,84,250,108,0.56
voyage-itineraires,TripIt,poster pilot,5,,250,150,0.52
voyage-itineraires,TripIt,associations connect,5,30,249,237,0.49
voyage-itineraires,TripIt,restaurant booking/waitlisting,5,,249,61,0.63
voyage-itineraires,TripIt,bus seat,5,78,240,141,0.53
voyage-itineraires,TripIt,plans all-in-one,5,70,247,31,0.73
voyage-itineraires,TripIt,organizer daily,5,34,249,194,0.50
voyage-itineraires,TripIt,price historu,5,,250,149,0.53
voyage-itineraires,TripIt,track your journey,5,86,250,134,0.54
voyage-itineraires,TripIt,travel share,5,89,248,29,0.74
voyage-itineraires,TripIt,holiday shopping list,5,53,248,86,0.58
voyage-itineraires,TripIt,share find,5,88,250,237,0.49
voyage-itineraires,TripIt,cites maker,5,92,250,151,0.52
voyage-itineraires,TripIt,seat away,5,80,250,110,0.56
voyage-itineraires,TripIt,adventure planner,5,83,250,4,1.49
voyage-itineraires,TripIt,body measures,5,53,249,205,0.50
voyage-itineraires,TripIt,vegan travel,5,58,249,26,0.76
voyage-itineraires,TripIt,trip forecast,5,72,248,19,0.83
voyage-itineraires,TripIt,outfit plannr,5,58,250,156,0.52
voyage-itineraires,TripIt,travel friends,5,93,249,11,0.98
voyage-itineraires,TripIt,ai travel plan,5,93,249,3,1.74
voyage-itineraires,TripIt,euro schedule,5,20,249,213,0.49
voyage-itineraires,TripIt,Learn to draw tutorial,5,50,249,234,0.49
voyage-itineraires,TripIt,Easy drawing tutorial,5,64,250,226,0.49
voyage-itineraires,TripIt,local trips,5,86,249,8,1.10
voyage-itineraires,TripIt,get closer,5,97,250,129,0.54
voyage-itineraires,TripIt,rental schedule,5,70,250,130,0.54
voyage-itineraires,TripIt,pull ups tracker,5,36,250,102,0.56
voyage-itineraires,TripIt,pin travel,5,90,248,34,0.71
voyage-itineraires,TripIt,master irish,5,52,234,212,0.49
voyage-itineraires,TripIt,Paper board,5,52,249,205,0.50
voyage-itineraires,TripIt,europa campings,5,72,249,129,0.54
voyage-itineraires,TripIt,Group Calendar App,5,36,249,140,0.53
voyage-itineraires,TripIt,Breaking News Alerts,5,98,250,177,0.51
voyage-itineraires,TripIt,travel advice,5,88,249,64,0.62
voyage-itineraires,TripIt,Tip sharing,5,47,250,105,0.56
voyage-itineraires,TripIt,karma meter,5,74,250,106,0.56
voyage-itineraires,TripIt,travel photo journal,5,75,250,134,0.54
voyage-itineraires,TripIt,easy budget planning,5,68,250,206,0.50
voyage-itineraires,TripIt,upload pdf,5,89,250,208,0.50
voyage-itineraires,TripIt,despa tribù,5,21,214,114,0.55
voyage-itineraires,TripIt,bookway app,5,47,250,112,0.55
voyage-itineraires,TripIt,transport booking app,5,98,250,130,0.54
voyage-itineraires,TripIt,gratuity app,5,36,248,61,0.63
voyage-itineraires,TripIt,treats planner,5,43,250,195,0.50
voyage-itineraires,TripIt,Travel social network,5,73,250,107,0.56
voyage-itineraires,TripIt,tourist social network,5,78,246,240,0.48
voyage-itineraires,TripIt,earn travel,5,87,243,13,0.93
voyage-itineraires,TripIt,Gezi planlayıcı,5,95,248,12,0.96
voyage-itineraires,TripIt,plan comparisons,5,53,249,34,0.71
voyage-itineraires,TripIt,purchase plans,5,97,250,140,0.53
voyage-itineraires,TripIt,plan purchase,5,79,249,138,0.53
voyage-itineraires,TripIt,Miles to Dollars,5,70,250,144,0.53
voyage-itineraires,TripIt,ai wedding planner,5,56,248,60,0.63
voyage-itineraires,TripIt,https://play.google.com/store/apps/detai,5,94,249,154,0.52
voyage-itineraires,TripIt,flash alert on calls,5,7,241,208,0.50
voyage-itineraires,TripIt,flash call alert,5,46,250,195,0.50
voyage-itineraires,TripIt,move the seats,5,70,222,194,0.50
voyage-itineraires,TripIt,travel feel,5,,250,24,0.78
voyage-itineraires,TripIt,travel bot,5,86,250,3,1.74
voyage-itineraires,TripIt,dinner hosting,5,88,250,89,0.58
voyage-itineraires,TripIt,p-link,5,95,209,105,0.56
voyage-itineraires,TripIt,itinerary trip planner,5,93,250,2,2.29
voyage-itineraires,TripIt,habitt,5,34,230,81,0.59
voyage-itineraires,TripIt,low cost travel,5,95,249,13,0.93
voyage-itineraires,TripIt,step further,5,36,250,126,0.54
voyage-itineraires,TripIt,daily guides,5,78,250,73,0.60
voyage-itineraires,TripIt,trip checklist,5,61,248,12,0.96
voyage-itineraires,TripIt,vaccine travel,5,13,247,42,0.68
voyage-itineraires,TripIt,field guide,5,34,248,138,0.53
voyage-itineraires,TripIt,travel countdown app,5,13,249,67,0.61
voyage-itineraires,TripIt,travel tip,5,94,248,2,2.29
voyage-itineraires,TripIt,bike check,5,61,249,178,0.51
voyage-itineraires,TripIt,flight identifier,5,57,249,126,0.54
voyage-itineraires,TripIt,ai apartment planner,5,91,250,140,0.53
voyage-itineraires,TripIt,report king tracker,5,86,250,37,0.70
voyage-itineraires,TripIt,easy team scheduling app,5,44,249,144,0.53
voyage-itineraires,TripIt,vacation planner app,5,93,250,2,2.29
voyage-itineraires,TripIt,fire planner,5,97,250,197,0.50
voyage-itineraires,TripIt,mapmyphone,5,19,246,131,0.54
voyage-itineraires,TripIt,filipino advantage,5,20,249,49,0.66
voyage-itineraires,TripIt,flyers organize,5,32,249,133,0.54
voyage-itineraires,TripIt,last-min,5,,210,170,0.51
voyage-itineraires,TripIt,contacts map,5,35,239,125,0.54
voyage-itineraires,TripIt,photo trip,5,63,250,38,0.70
voyage-itineraires,TripIt,pciture planner,5,58,248,214,0.49
voyage-itineraires,TripIt,picture planner,5,90,249,137,0.53
voyage-itineraires,TripIt,everyday joy,5,86,249,47,0.66
voyage-itineraires,TripIt,route suggestions,5,,250,228,0.49
voyage-itineraires,TripIt,pull pull,5,53,228,190,0.50
voyage-itineraires,TripIt,paramotor app,5,75,249,36,0.70
voyage-itineraires,TripIt,travelanimator,5,83,248,18,0.84
voyage-itineraires,TripIt,diy planner,5,34,249,160,0.52
voyage-itineraires,TripIt,cosplay plan,5,80,250,35,0.71
voyage-itineraires,TripIt,matches reminder,5,47,250,60,0.63
voyage-itineraires,TripIt,shift timing,5,36,250,53,0.64
voyage-itineraires,TripIt,baggage jam,5,50,250,135,0.54
voyage-itineraires,TripIt,automated social media scheduler,5,52,249,100,0.57
voyage-itineraires,TripIt,dream planner,5,75,249,83,0.59
voyage-itineraires,TripIt,trip bucketlist,5,78,247,21,0.81
voyage-itineraires,TripIt,location planner,5,74,250,3,1.74
voyage-itineraires,TripIt,time paradox,5,,245,208,0.50
voyage-itineraires,TripIt,travel and local,5,96,250,93,0.57
voyage-itineraires,TripIt,mark visited countries,5,35,230,131,0.54
voyage-itineraires,TripIt,organizer build,5,56,219,54,0.64
voyage-itineraires,TripIt,auto scheduler,5,,236,132,0.54
voyage-itineraires,TripIt,reisebegleiter,5,,250,23,0.79
voyage-itineraires,TripIt,organization manager,5,23,249,90,0.58
voyage-itineraires,TripIt,tripnotes ai,5,36,247,35,0.71
voyage-itineraires,TripIt,meetup scheduler,5,,247,164,0.52
voyage-itineraires,TripIt,check planner,5,,228,104,0.56
voyage-itineraires,TripIt,trip expenses,5,82,248,52,0.65
voyage-itineraires,TripIt,create itinerary,5,86,247,2,2.29
voyage-itineraires,TripIt,townplanning map,5,,220,85,0.58
voyage-itineraires,TripIt,official event,5,,237,192,0.50
voyage-itineraires,TripIt,planner businness,5,53,249,128,0.54
voyage-itineraires,TripIt,list pick,5,,203,194,0.50
voyage-itineraires,TripIt,karta cockpit,5,,249,62,0.62
voyage-itineraires,TripIt,check value id,5,,207,127,0.54
voyage-itineraires,TripIt,travel days,5,88,250,28,0.75
voyage-itineraires,TripIt,norwegian workout,5,,249,123,0.54
voyage-itineraires,TripIt,locations planner,5,90,250,2,2.29
voyage-itineraires,TripIt,ai flight,5,,219,163,0.52
voyage-itineraires,TripIt,cab rental app,5,,244,183,0.51
voyage-itineraires,TripIt,worldwide hotels,5,,213,190,0.50
voyage-itineraires,TripIt,vacation planne,5,84,249,2,2.29
voyage-itineraires,TripIt,organize dots,5,,250,22,0.80
voyage-itineraires,TripIt,city itinerary,5,86,249,3,1.74
voyage-itineraires,TripIt,tripnote ai,5,45,247,61,0.63
voyage-itineraires,TripIt,ai travel itinerary,5,86,249,3,1.74
voyage-itineraires,TripIt,think later,5,,236,67,0.61
voyage-itineraires,TripIt,travel money tool,5,76,247,179,0.51
voyage-itineraires,TripIt,ai route planner,5,89,249,2,2.29
voyage-itineraires,TripIt,tanning planner,5,62,250,104,0.56
voyage-itineraires,TripIt,flight sim checklist,5,36,250,97,0.57
voyage-itineraires,TripIt,vacation plan,5,95,250,2,2.29
voyage-itineraires,TripIt,driver planning,5,79,250,75,0.60
voyage-itineraires,TripIt,ai calendar scheduler,5,,239,176,0.51
voyage-itineraires,TripIt,blink rate tracker,5,47,248,86,0.58
voyage-itineraires,TripIt,tripbff\,5,,249,26,0.76
voyage-itineraires,TripIt,plan this,5,67,222,113,0.55
voyage-itineraires,TripIt,checklist voyage,5,47,247,17,0.86
voyage-itineraires,TripIt,lottie dottie,5,,249,54,0.64
voyage-itineraires,TripIt,best camping app,5,,248,60,0.63
voyage-itineraires,TripIt,planner chair,5,,250,64,0.62
voyage-itineraires,TripIt,book hotels without fees,5,70,250,107,0.56
voyage-itineraires,TripIt,exclusive hotel rates,5,70,250,68,0.61
voyage-itineraires,TripIt,last-minute travel,5,77,250,80,0.59
voyage-itineraires,TripIt,last-minute hotel,5,74,250,103,0.56
voyage-itineraires,TripIt,last minute hotel discounts,5,53,249,117,0.55
voyage-itineraires,TripIt,book hotel in minutes,5,70,250,111,0.55
voyage-itineraires,TripIt,alternative to expedia,5,35,245,56,0.64
voyage-itineraires,TripIt,expedia competitor,5,70,250,37,0.70
voyage-itineraires,TripIt,cheap hotels without expedia fees,5,32,242,103,0.56
voyage-itineraires,TripIt,last-minute hotels,5,70,250,101,0.56
voyage-itineraires,TripIt,halal beef scanner,5,70,250,78,0.59
voyage-itineraires,TripIt,orchid journal,5,,233,38,0.70
voyage-itineraires,TripIt,voyage tile,5,,248,220,0.49
voyage-itineraires,TripIt,express boarding,5,,249,44,0.67
voyage-itineraires,TripIt,book hotels in minutes,5,70,250,119,0.55
voyage-itineraires,TripIt,last-minute stays,5,74,250,141,0.53
voyage-itineraires,TripIt,elite planner,5,69,250,108,0.56
voyage-itineraires,TripIt,global planner,5,,241,41,0.68
voyage-itineraires,TripIt,hotel planning,5,95,250,28,0.75
voyage-itineraires,TripIt,tip out,5,28,247,59,0.63
voyage-itineraires,TripIt,visit japan - ai guide,5,20,250,87,0.58
voyage-itineraires,TripIt,diaper changes,5,35,217,22,0.80
voyage-itineraires,TripIt,flowchart for project,5,,244,164,0.52
voyage-itineraires,TripIt,voyage live,5,,247,181,0.51
voyage-itineraires,TripIt,travel rome,5,,250,45,0.67
voyage-itineraires,TripIt,multi-stop routing,5,79,250,68,0.61
voyage-itineraires,TripIt,reiseplan erstellen,5,81,249,2,2.29
voyage-itineraires,TripIt,route planer,5,74,249,5,1.34
voyage-itineraires,TripIt,travel audio,5,89,250,77,0.60
voyage-itineraires,TripIt,history tour,5,61,249,89,0.58
voyage-itineraires,TripIt,tour app,5,78,231,18,0.84
voyage-itineraires,TripIt,ai tripbot,5,19,247,105,0.56
voyage-itineraires,TripIt,plan with friends,5,76,246,15,0.89
voyage-itineraires,TripIt,your plans,5,85,236,52,0.65
voyage-itineraires,TripIt,travel planner chatbot,5,87,250,1,5.00
voyage-itineraires,TripIt,trip holiday,5,,245,21,0.81
voyage-itineraires,TripIt,bet trips,5,,243,212,0.49
voyage-itineraires,TripIt,ai trips,5,86,248,4,1.49
voyage-itineraires,TripIt,associations journey,5,83,248,138,0.53
voyage-itineraires,TripIt,ai vacation planner,5,87,249,2,2.29
voyage-itineraires,TripIt,travel quests,5,75,250,159,0.52
voyage-itineraires,TripIt,weekend getaway planner,5,94,248,3,1.74
voyage-itineraires,TripIt,tourin,5,,249,29,0.74
voyage-itineraires,TripIt,long travel,5,96,248,42,0.68
voyage-itineraires,TripIt,2025 wrapped tiktok,5,95,250,27,0.76
voyage-itineraires,TripIt,last-minute hotel deals,5,46,250,123,0.54
voyage-itineraires,TripIt,easy last-minute bookings,5,,250,89,0.58
voyage-itineraires,TripIt,plans with friends,5,84,248,21,0.81
voyage-itineraires,TripIt,shared calendar for friends,5,54,249,104,0.56
voyage-itineraires,TripIt,shared calendar friends,5,54,248,98,0.57
voyage-itineraires,TripIt,viaggi solo,5,94,249,10,1.02
voyage-itineraires,TripIt,itinerary planner travel,5,86,250,1,5.00
voyage-itineraires,TripIt,share trips,5,,250,31,0.73
voyage-itineraires,TripIt,share vacation,5,47,249,125,0.54
voyage-itineraires,TripIt,vacation share,5,51,250,82,0.59
voyage-itineraires,TripIt,thai travel,5,36,250,31,0.73
voyage-itineraires,TripIt,holiday countdown planner,5,,250,135,0.54
voyage-itineraires,TripIt,travel abroad,5,,249,31,0.73
voyage-itineraires,TripIt,travel partners,5,,241,68,0.61
voyage-itineraires,TripIt,solo travel apps,5,86,249,14,0.91
voyage-itineraires,TripIt,apps for solo travelers,5,,250,32,0.73
voyage-itineraires,TripIt,apps to meet people while traveling,5,92,250,27,0.76
voyage-itineraires,TripIt,solo travel app,5,81,249,22,0.80
voyage-itineraires,TripIt,cruise travel partners,5,,249,108,0.56
voyage-itineraires,TripIt,cruise travel partner,5,,248,111,0.55
voyage-itineraires,TripIt,find a cruise cabin mate,5,,249,124,0.54
voyage-itineraires,TripIt,solo cruise travel,5,,250,98,0.57
voyage-itineraires,TripIt,solo travel partner app,5,,249,56,0.64
voyage-itineraires,TripIt,top solo travel apps,5,93,250,10,1.02
voyage-itineraires,TripIt,solo travel find friends app,5,86,249,18,0.84
voyage-itineraires,TripIt,solo travel app meet people,5,60,249,59,0.63
voyage-itineraires,TripIt,solo travel meet up apps,5,60,249,89,0.58
voyage-itineraires,TripIt,solo travel companion app,5,82,249,34,0.71
voyage-itineraires,TripIt,apps for solo travellers to meet,5,86,248,20,0.82
voyage-itineraires,TripIt,meet other solo travelers,5,84,249,31,0.73
voyage-itineraires,TripIt,attractions along route,5,94,250,14,0.91
voyage-itineraires,TripIt,trip ai planner,5,82,248,6,1.24
voyage-itineraires,TripIt,reels planner,5,,248,162,0.52
voyage-itineraires,TripIt,trip planner gpt,5,83,249,4,1.49
voyage-itineraires,TripIt,travel  ai planner,5,83,248,2,2.29
voyage-itineraires,TripIt,solo travelling apps,5,92,249,11,0.98
voyage-itineraires,TripIt,meet other solo travellers app,5,79,247,24,0.78
voyage-itineraires,TripIt,travel apps for solo travelers,5,93,247,5,1.34
voyage-itineraires,TripIt,cruise line partners,5,,250,210,0.50
voyage-itineraires,TripIt,find travel partner,5,94,250,31,0.73
voyage-itineraires,TripIt,find travel companion,5,87,250,31,0.73
voyage-itineraires,TripIt,apps for solo travellers,5,,242,22,0.80
voyage-itineraires,TripIt,solo travel europe app,5,70,250,52,0.65
voyage-itineraires,TripIt,best app for solo travellers to meet,5,82,250,17,0.86
voyage-itineraires,TripIt,app for solo female travelers,5,91,250,30,0.74
voyage-itineraires,TripIt,itinerly,5,84,249,1,5.00
voyage-itineraires,TripIt,time warp app,5,73,250,117,0.55
voyage-itineraires,TripIt,tiktok time warp,5,76,250,108,0.56
voyage-itineraires,TripIt,time warp 2 0,5,74,250,99,0.57
voyage-itineraires,TripIt,time warp time,5,74,250,140,0.53
voyage-itineraires,TripIt,official best time warp,5,74,250,141,0.53
voyage-itineraires,TripIt,time warp time warp,5,57,250,113,0.55
voyage-itineraires,TripIt,link organiser,5,11,246,95,0.57
voyage-itineraires,TripIt,savelinks: link organizer app,5,,223,76,0.60
voyage-itineraires,TripIt,trip timeline,5,95,250,3,1.74
voyage-itineraires,TripIt,travel history tracker,5,76,250,29,0.74
voyage-itineraires,TripIt,road trip kids,5,78,244,53,0.64
voyage-itineraires,TripIt,여행 짐 체크리스트,5,53,249,35,0.71
voyage-itineraires,TripIt,travel japanese,5,,244,129,0.54
voyage-itineraires,TripIt,reservation travel,5,49,250,25,0.77
voyage-itineraires,TripIt,daily planner pro,5,,234,155,0.52
voyage-itineraires,TripIt,du lịch việt nam,5,,250,53,0.64
voyage-itineraires,TripIt,hopsiko,5,94,250,11,0.98
voyage-itineraires,TripIt,subscription planner,5,73,249,149,0.53
voyage-itineraires,TripIt,trip relaxing,5,,250,5,1.34
voyage-itineraires,TripIt,cheapest route finder,5,92,250,16,0.87
voyage-itineraires,TripIt,train ride on: europe trip,5,57,250,87,0.58
voyage-itineraires,TripIt,plan your trips,5,94,250,2,2.29
voyage-itineraires,TripIt,weekend trip planner,5,87,249,2,2.29
voyage-itineraires,TripIt,plan pop,5,52,249,20,0.82
voyage-itineraires,TripIt,friend planner app,5,56,248,37,0.70
voyage-itineraires,TripIt,travel cost splitter,5,84,248,95,0.57
voyage-itineraires,TripIt,free travel app,5,97,250,2,2.29
voyage-itineraires,TripIt,itinerary management,5,88,250,2,2.29
voyage-itineraires,TripIt,trip route planner,5,92,250,2,2.29
voyage-itineraires,TripIt,daily travel planner,5,86,250,2,2.29
voyage-itineraires,TripIt,road trip boredom,5,87,248,22,0.80
voyage-itineraires,TripIt,local llm android,5,53,248,235,0.49
voyage-itineraires,TripIt,cat care planner,5,63,250,205,0.50
voyage-itineraires,TripIt,app price sync,5,36,250,125,0.54
voyage-itineraires,TripIt,airbnb photo editor,5,70,250,214,0.49
voyage-itineraires,TripIt,holiday expense tracker,5,70,250,93,0.57
voyage-itineraires,TripIt,group trip expenses,5,85,249,108,0.56
voyage-itineraires,TripIt,group travel expenses,5,85,249,67,0.61
voyage-itineraires,TripIt,offline planner,5,9,239,68,0.61
voyage-itineraires,TripIt,netify,5,,250,10,1.02
voyage-itineraires,TripIt,saving for vacation,5,92,250,76,0.60
voyage-itineraires,TripIt,maps travel,5,61,242,80,0.59
voyage-itineraires,TripIt,find nomads,5,36,247,211,0.49
voyage-itineraires,TripIt,travel friend app,5,86,246,11,0.98
voyage-itineraires,TripIt,trouver une destination,5,87,249,12,0.96
voyage-itineraires,TripIt,waylore trip planner,5,74,238,5,1.34
voyage-itineraires,TripIt,leave planner,5,64,235,84,0.59
voyage-itineraires,TripIt,reise planen app,5,92,250,1,5.00
voyage-itineraires,TripIt,ki reiseplaner,5,85,248,3,1.74
voyage-itineraires,TripIt,reiseplanung app,5,93,250,1,5.00
voyage-itineraires,TripIt,urlaubsplaner app,5,94,250,10,1.02
voyage-itineraires,TripIt,städtetrip planen,5,86,248,2,2.29
voyage-itineraires,TripIt,städtereise planen,5,83,245,2,2.29
voyage-itineraires,TripIt,ki reiseplanung,5,55,244,33,0.72
voyage-itineraires,TripIt,wochenendtrip planen,5,94,249,4,1.49
voyage-itineraires,TripIt,reise itinerary,5,93,247,1,5.00
voyage-itineraires,TripIt,trip planen,5,93,247,2,2.29
voyage-itineraires,TripIt,wochenendreise planen,5,88,249,9,1.06
voyage-itineraires,TripIt,ausflug planen,5,94,250,3,1.74
voyage-itineraires,TripIt,ai itinerary generator,5,85,249,2,2.29
voyage-itineraires,TripIt,vacation itinerary planner,5,93,250,2,2.29
voyage-itineraires,TripIt,travel route planner,5,93,250,2,2.29
voyage-itineraires,TripIt,map trip planner,5,91,250,4,1.49
voyage-itineraires,TripIt,spoke route planner,5,57,249,66,0.62
voyage-itineraires,TripIt,local rank tracker,5,,248,134,0.54
voyage-itineraires,TripIt,nyc trip planner,5,69,247,6,1.24
voyage-itineraires,TripIt,new york city transit map,5,86,249,108,0.56
voyage-itineraires,TripIt,purchase planner,5,74,250,84,0.59
voyage-itineraires,TripIt,door journey,5,,250,134,0.54
voyage-itineraires,TripIt,potty reminder,5,,248,109,0.56
voyage-itineraires,TripIt,rome fiumicino,5,,248,212,0.49
voyage-itineraires,TripIt,rome fiumicino fco,5,,247,131,0.54
voyage-itineraires,TripIt,tribal loan,5,,244,8,1.10
voyage-itineraires,TripIt,travel first aid kit,5,,247,22,0.80
voyage-itineraires,TripIt,rideshare earnings tracker,5,90,239,99,0.57
voyage-itineraires,TripIt,route optimizer for delivery drivers,5,,250,102,0.56
voyage-itineraires,TripIt,live flight tracker with alerts,5,,249,166,0.52
voyage-itineraires,TripIt,travel itinerary planner with map,5,63,248,2,2.29
voyage-itineraires,TripIt,cheap flights alerts,5,,249,133,0.54
voyage-itineraires,TripIt,travel medication list,5,,250,57,0.63
voyage-itineraires,TripIt,plot plan,5,,248,133,0.54
voyage-itineraires,TripIt,tourist visa,5,,249,85,0.58
voyage-itineraires,TripIt,green card trips,5,57,249,26,0.76
voyage-itineraires,TripIt,green card trips tracker,5,,250,29,0.74
voyage-itineraires,TripIt,immigration journey,5,,247,135,0.54
voyage-itineraires,TripIt,immigration timeline tracker,5,,250,113,0.55
voyage-itineraires,TripIt,immigration court status,5,,249,110,0.56
voyage-itineraires,TripIt,car care planner,5,,248,157,0.52
voyage-itineraires,TripIt,horarios renfe,0,75,234,102,0.00
voyage-itineraires,TripIt,reservation manager,,,246,113,
voyage-itineraires,TripIt,bienestar digital,,93,246,198,
voyage-itineraires,TripIt,rinnovo automatico,,89,249,158,
voyage-itineraires,TripIt,stunden vor,,64,244,238,
voyage-itineraires,TripIt,benötigen,,98,247,158,
voyage-itineraires,TripIt,domestic transport,,75,250,150,
voyage-itineraires,TripIt,билет узбекистан,,32,241,141,
voyage-itineraires,TripIt,расписание авиабилетов,,53,249,112,
voyage-itineraires,TripIt,global-inspired street,,,250,229,
voyage-itineraires,TripIt,stationnement connecté,,29,238,223,
voyage-itineraires,TripIt,the highway code 2022,,32,242,188,
voyage-itineraires,TripIt,त्वरित,,97,249,228,
voyage-itineraires,TripIt,loty narciarskie,,70,250,53,
voyage-itineraires,TripIt,tidsrejse,,58,235,34,
voyage-itineraires,TripIt,німеччина,,24,225,128,
voyage-itineraires,TripIt,जांच,,88,245,240,
voyage-itineraires,TripIt,gerçek araba park etme oyunu,,33,244,197,
voyage-itineraires,TripIt,split my fare,,77,247,44,
voyage-itineraires,TripIt,uk highway code 2023,,35,245,149,
voyage-itineraires,TripIt,tarifohet,,95,250,30,
voyage-itineraires,TripIt,タイムズテーブル,,79,245,106,
voyage-itineraires,TripIt,commande a distance,,52,235,90,
voyage-itineraires,TripIt,cheap last minute travel insurance,,75,250,55,
voyage-itineraires,TripIt,travel insurance for one day,,86,247,51,
voyage-itineraires,TripIt,tripp trapp tresko,,70,250,89,
voyage-itineraires,TripIt,organiser la pellicule,,86,250,56,
voyage-itineraires,TripIt,請求可能,,74,246,179,
voyage-itineraires,TripIt,线上徒步活动,,60,249,38,
voyage-itineraires,TripIt,highway code uk 2023,,35,245,157,
voyage-itineraires,TripIt,highway code 2022,,26,232,212,
voyage-itineraires,TripIt,свой отель,,70,225,124,
voyage-itineraires,TripIt,nejlépe,,98,250,104,
voyage-itineraires,TripIt,브이로그 만들기,,91,250,179,
voyage-itineraires,TripIt,clever organizer,,,246,205,
voyage-itineraires,TripIt,lunas de miel,,36,250,101,
voyage-itineraires,TripIt,rutinas de pareja,,32,248,118,
voyage-itineraires,TripIt,couple building,,77,250,79,
voyage-itineraires,TripIt,solo travel friends app,,,249,56,
voyage-itineraires,TripIt,90 day goal planner,,,248,47,
voyage-itineraires,TripIt,vacation cost splitter,,80,249,68,
voyage-itineraires,TripIt,changement d'itinéraire,,84,250,129,
voyage-itineraires,TripIt,afficher l'itinéraire,,,246,102,
voyage-itineraires,TripIt,suggestions d'itinéraires,,90,249,61,
voyage-itineraires,TripIt,Trip stats tracker,,,250,16,
voyage-itineraires,TripIt,star reward chart,,,250,131,
voyage-itineraires,TripIt,roadie delivery driver,,,249,127,
voyage-itineraires,TripIt,roadie courier,,,249,12,
voyage-itineraires,TripIt,holiday banner,,,248,187,
voyage-itineraires,TripIt,banner for holiday,,,250,186,
voyage-itineraires,TripIt,national park itinerary planner,,69,249,2,
voyage-itineraires,TripIt,travel document tracker,,,249,20,
voyage-itineraires,CheckMyTrip,wanderlog,58,84,247,58,7.33
voyage-itineraires,CheckMyTrip,travelocity,53,79,249,82,6.24
voyage-itineraires,CheckMyTrip,vola,52,65,249,187,5.25
voyage-itineraires,CheckMyTrip,максим,52,77,248,213,5.14
voyage-itineraires,CheckMyTrip,volo,50,64,249,222,4.91
voyage-itineraires,CheckMyTrip,погода,49,93,247,125,5.32
voyage-itineraires,CheckMyTrip,tripadvisor,47,83,245,27,7.11
voyage-itineraires,CheckMyTrip,天气,45,97,246,193,4.52
voyage-itineraires,CheckMyTrip,visa airport companion,44,83,250,108,4.91
voyage-itineraires,CheckMyTrip,momondo,42,76,159,51,5.46
voyage-itineraires,CheckMyTrip,my trip,40,75,246,4,11.91
voyage-itineraires,CheckMyTrip,makemytrip,36,80,248,61,4.50
voyage-itineraires,CheckMyTrip,世界,35,81,221,220,3.44
voyage-itineraires,CheckMyTrip,tsa pre check,32,76,248,16,5.60
voyage-itineraires,CheckMyTrip,skyscanner travel deals,27,73,239,186,2.73
voyage-itineraires,CheckMyTrip,planificateur voyage,27,47,250,162,2.80
voyage-itineraires,CheckMyTrip,travel south yorkshire,26,76,249,86,3.03
voyage-itineraires,CheckMyTrip,frequent flyer,25,82,245,232,2.44
voyage-itineraires,CheckMyTrip,travelocity hotels flights,24,74,247,121,2.62
voyage-itineraires,CheckMyTrip,旅程,23,46,246,117,2.53
voyage-itineraires,CheckMyTrip,expedia flights,21,76,247,187,2.12
voyage-itineraires,CheckMyTrip,mytaxi,21,92,249,131,2.26
voyage-itineraires,CheckMyTrip,alert traveler,21,45,250,38,2.92
voyage-itineraires,CheckMyTrip,tsa precheck,19,82,194,24,2.97
voyage-itineraires,CheckMyTrip,layover,17,71,250,138,1.81
voyage-itineraires,CheckMyTrip,chek,16,96,231,46,2.13
voyage-itineraires,CheckMyTrip,travel planner,9,96,247,94,1.03
voyage-itineraires,CheckMyTrip,travel itinerary,9,84,247,4,2.68
voyage-itineraires,CheckMyTrip,trip plans,9,94,247,15,1.61
voyage-itineraires,CheckMyTrip,world travel,9,71,247,236,0.87
voyage-itineraires,CheckMyTrip,book flights,9,84,247,151,0.94
voyage-itineraires,CheckMyTrip,google travel,9,93,245,32,1.31
voyage-itineraires,CheckMyTrip,ta travel center,9,92,248,22,1.44
voyage-itineraires,CheckMyTrip,expedia partner central,9,71,249,42,1.22
voyage-itineraires,CheckMyTrip,my book,9,45,244,100,1.02
voyage-itineraires,CheckMyTrip,wonderlog,9,79,203,30,1.33
voyage-itineraires,CheckMyTrip,wonder log,9,79,248,27,1.36
voyage-itineraires,CheckMyTrip,wander log,9,80,248,55,1.15
voyage-itineraires,CheckMyTrip,solotravel,9,69,218,29,1.34
voyage-itineraires,CheckMyTrip,check my trip,8,93,250,1,8.00
voyage-itineraires,CheckMyTrip,tsa,7,84,250,28,1.05
voyage-itineraires,CheckMyTrip,itinéraire,7,91,245,98,0.80
voyage-itineraires,CheckMyTrip,opal travel,7,77,248,15,1.25
voyage-itineraires,CheckMyTrip,travelodge,7,85,250,31,1.02
voyage-itineraires,CheckMyTrip,planner travel,7,77,250,19,1.16
voyage-itineraires,CheckMyTrip,checkmytrip,6,86,250,1,6.00
voyage-itineraires,CheckMyTrip,mybook,6,70,250,175,0.61
voyage-itineraires,CheckMyTrip,usa travel,6,80,249,88,0.70
voyage-itineraires,CheckMyTrip,travel music,6,64,246,44,0.81
voyage-itineraires,CheckMyTrip,flight connections,6,,248,128,0.65
voyage-itineraires,CheckMyTrip,flightsite,5,74,250,130,0.54
voyage-itineraires,CheckMyTrip,travel online,5,74,246,43,0.68
voyage-itineraires,CheckMyTrip,travel packages,5,74,248,36,0.70
voyage-itineraires,CheckMyTrip,travel the world,5,64,241,78,0.59
voyage-itineraires,CheckMyTrip,travel tips,5,80,245,7,1.16
voyage-itineraires,CheckMyTrip,travelbook,5,98,246,23,0.79
voyage-itineraires,CheckMyTrip,travelling,5,88,250,41,0.68
voyage-itineraires,CheckMyTrip,travels booking,5,74,250,93,0.57
voyage-itineraires,CheckMyTrip,airfare finder,5,81,245,163,0.52
voyage-itineraires,CheckMyTrip,expedia travel,5,74,247,36,0.70
voyage-itineraires,CheckMyTrip,traveling apps,5,95,245,78,0.59
voyage-itineraires,CheckMyTrip,international travel,5,71,248,17,0.86
voyage-itineraires,CheckMyTrip,trvl,5,93,250,9,1.06
voyage-itineraires,CheckMyTrip,tripit travel organizer,5,72,244,13,0.93
voyage-itineraires,CheckMyTrip,itinerary,5,95,250,12,0.96
voyage-itineraires,CheckMyTrip,hopper flights,5,,227,53,0.64
voyage-itineraires,CheckMyTrip,flight schedule pro,5,85,205,14,0.91
voyage-itineraires,CheckMyTrip,travel activities,5,59,248,118,0.55
voyage-itineraires,CheckMyTrip,travel tickets,5,76,248,66,0.62
voyage-itineraires,CheckMyTrip,travel hotel,5,,236,110,0.56
voyage-itineraires,CheckMyTrip,european travel,5,91,247,16,0.87
voyage-itineraires,CheckMyTrip,tripit pro,5,100,242,42,0.68
voyage-itineraires,CheckMyTrip,travel organizer,5,75,248,4,1.49
voyage-itineraires,CheckMyTrip,travel calculator,5,70,249,6,1.24
voyage-itineraires,CheckMyTrip,travel packing checklist,5,57,241,178,0.51
voyage-itineraires,CheckMyTrip,travel checklist,5,66,247,219,0.49
voyage-itineraires,CheckMyTrip,travel wallet,5,,245,208,0.50
voyage-itineraires,CheckMyTrip,travel lists,5,83,242,165,0.52
voyage-itineraires,CheckMyTrip,flight check in,5,73,246,92,0.58
voyage-itineraires,CheckMyTrip,tripcase,5,74,250,2,2.29
voyage-itineraires,CheckMyTrip,traveler app,5,88,249,139,0.53
voyage-itineraires,CheckMyTrip,travel ticket,5,79,248,33,0.72
voyage-itineraires,CheckMyTrip,flight booking,5,84,232,88,0.58
voyage-itineraires,CheckMyTrip,travel advisory,5,95,247,13,0.93
voyage-itineraires,CheckMyTrip,tagesplaner,5,89,244,223,0.49
voyage-itineraires,CheckMyTrip,checkmytrip travel itinerary,5,82,250,1,5.00
voyage-itineraires,CheckMyTrip,trip plan,5,89,246,44,0.67
voyage-itineraires,CheckMyTrip,travel log,5,78,247,50,0.65
voyage-itineraires,CheckMyTrip,travel schedule,5,91,248,4,1.49
voyage-itineraires,CheckMyTrip,plan vacation,5,91,248,216,0.49
voyage-itineraires,CheckMyTrip,map my road trip,5,88,245,138,0.53
voyage-itineraires,CheckMyTrip,calcul itineraire,5,91,249,44,0.67
voyage-itineraires,CheckMyTrip,roadtrip planer,5,54,245,74,0.60
voyage-itineraires,CheckMyTrip,flight plan,5,77,245,69,0.61
voyage-itineraires,CheckMyTrip,loves travel stops,5,44,248,175,0.51
voyage-itineraires,CheckMyTrip,ta travel stop,5,46,249,10,1.02
voyage-itineraires,CheckMyTrip,petro travel stop,5,44,247,24,0.78
voyage-itineraires,CheckMyTrip,loves travel stop,5,80,247,139,0.53
voyage-itineraires,CheckMyTrip,trip case,5,74,247,2,2.29
voyage-itineraires,CheckMyTrip,travel america,5,94,246,141,0.53
voyage-itineraires,CheckMyTrip,organizador viajes,5,76,249,50,0.65
voyage-itineraires,CheckMyTrip,holiday plan,5,88,237,64,0.62
voyage-itineraires,CheckMyTrip,flight planning,5,85,214,88,0.58
voyage-itineraires,CheckMyTrip,solo traveller,5,67,246,128,0.54
voyage-itineraires,CheckMyTrip,travel timeline,5,89,250,12,0.96
voyage-itineraires,CheckMyTrip,travel assistant,5,88,247,130,0.54
voyage-itineraires,CheckMyTrip,tripscout,5,89,250,20,0.82
voyage-itineraires,CheckMyTrip,маршрут,5,72,247,107,0.56
voyage-itineraires,CheckMyTrip,my trips,5,73,222,5,1.34
voyage-itineraires,CheckMyTrip,travel checklist app,5,57,246,28,0.75
voyage-itineraires,CheckMyTrip,booking manager,5,64,234,211,0.49
voyage-itineraires,CheckMyTrip,trip planner app,5,78,247,34,0.71
voyage-itineraires,CheckMyTrip,travel photo,5,76,245,206,0.50
voyage-itineraires,CheckMyTrip,check check,5,98,249,240,0.48
voyage-itineraires,CheckMyTrip,vacation itinerary,5,93,249,58,0.63
voyage-itineraires,CheckMyTrip,plan your trip,5,89,248,131,0.54
voyage-itineraires,CheckMyTrip,itinerary builder,5,74,249,154,0.52
voyage-itineraires,CheckMyTrip,traveler,5,77,247,53,0.64
voyage-itineraires,CheckMyTrip,пешие маршруты,5,59,247,83,0.59
voyage-itineraires,CheckMyTrip,tripadvisor app,5,79,243,49,0.66
voyage-itineraires,CheckMyTrip,trav,5,,210,121,0.55
voyage-itineraires,CheckMyTrip,itinerario,5,93,248,7,1.16
voyage-itineraires,CheckMyTrip,hotel planner,5,96,246,34,0.71
voyage-itineraires,CheckMyTrip,electronic travel advisory,5,,231,27,0.76
voyage-itineraires,CheckMyTrip,atlas travel,5,55,247,102,0.56
voyage-itineraires,CheckMyTrip,trip note,5,88,246,24,0.78
voyage-itineraires,CheckMyTrip,travellers,5,,202,63,0.62
voyage-itineraires,CheckMyTrip,traveller safety,5,43,247,89,0.58
voyage-itineraires,CheckMyTrip,travel buddies,5,60,241,41,0.68
voyage-itineraires,CheckMyTrip,solo travel safety,5,42,246,146,0.53
voyage-itineraires,CheckMyTrip,traveler safety,5,43,248,143,0.53
voyage-itineraires,CheckMyTrip,safe travel,5,55,248,50,0.65
voyage-itineraires,CheckMyTrip,work and travel,5,61,249,123,0.54
voyage-itineraires,CheckMyTrip,ravel,5,91,250,150,0.52
voyage-itineraires,CheckMyTrip,cheque book,5,46,236,129,0.54
voyage-itineraires,CheckMyTrip,путешествие,5,76,241,195,0.50
voyage-itineraires,CheckMyTrip,trip manager,5,86,249,42,0.68
voyage-itineraires,CheckMyTrip,itinerary organizer,5,80,250,4,1.49
voyage-itineraires,CheckMyTrip,travel companion,5,65,247,186,0.51
voyage-itineraires,CheckMyTrip,field trip,5,74,248,37,0.70
voyage-itineraires,CheckMyTrip,itinerary app,5,94,247,181,0.51
voyage-itineraires,CheckMyTrip,trip list,5,70,249,167,0.52
voyage-itineraires,CheckMyTrip,mytrips,5,50,247,6,1.24
voyage-itineraires,CheckMyTrip,航班,5,,221,79,0.59
voyage-itineraires,CheckMyTrip,smart travel,5,56,248,242,0.48
voyage-itineraires,CheckMyTrip,staff travel,5,,221,6,1.24
voyage-itineraires,CheckMyTrip,flight list,5,,196,57,0.63
voyage-itineraires,CheckMyTrip,travel help,5,94,250,37,0.70
voyage-itineraires,CheckMyTrip,travel calendar,5,85,248,15,0.89
voyage-itineraires,CheckMyTrip,travel adventure,5,62,237,75,0.60
voyage-itineraires,CheckMyTrip,travel planner app,5,82,248,156,0.52
voyage-itineraires,CheckMyTrip,travel card,5,81,250,160,0.52
voyage-itineraires,CheckMyTrip,itinerary planner app,5,82,224,103,0.56
voyage-itineraires,CheckMyTrip,trip book,5,72,247,125,0.54
voyage-itineraires,CheckMyTrip,marco travel,5,65,247,17,0.86
voyage-itineraires,CheckMyTrip,travel itinerary maker,5,65,247,31,0.73
voyage-itineraires,CheckMyTrip,travel risk,5,61,240,21,0.81
voyage-itineraires,CheckMyTrip,travel pin,5,68,249,227,0.49
voyage-itineraires,CheckMyTrip,travel counter,5,59,249,27,0.76
voyage-itineraires,CheckMyTrip,travel-security,5,55,240,194,0.50
voyage-itineraires,CheckMyTrip,trip check,5,89,250,6,1.24
voyage-itineraires,CheckMyTrip,destinations,5,71,195,93,0.57
voyage-itineraires,CheckMyTrip,travel conditions,5,54,249,4,1.49
voyage-itineraires,CheckMyTrip,组织者,5,40,223,40,0.69
voyage-itineraires,CheckMyTrip,leading,5,42,248,69,0.61
voyage-itineraires,CheckMyTrip,Trip trafic,5,84,234,61,0.63
voyage-itineraires,CheckMyTrip,trip conditions,5,40,247,65,0.62
voyage-itineraires,CheckMyTrip,vacation maker,5,59,244,17,0.86
voyage-itineraires,CheckMyTrip,saved,5,87,245,115,0.55
voyage-itineraires,CheckMyTrip,travel experience,5,70,248,15,0.89
voyage-itineraires,CheckMyTrip,travel warnings,5,49,246,39,0.69
voyage-itineraires,CheckMyTrip,book a flight,5,,232,193,0.50
voyage-itineraires,CheckMyTrip,checkup,5,56,245,158,0.52
voyage-itineraires,CheckMyTrip,修学旅行,5,54,248,149,0.53
voyage-itineraires,CheckMyTrip,travel tool,5,87,244,11,0.98
voyage-itineraires,CheckMyTrip,skyscanner – travel deals,5,74,240,73,0.60
voyage-itineraires,CheckMyTrip,徒步旅行,5,72,250,204,0.50
voyage-itineraires,CheckMyTrip,tripadvisor plan book trips,5,93,242,35,0.71
voyage-itineraires,CheckMyTrip,covid travel,5,36,182,3,1.74
voyage-itineraires,CheckMyTrip,corona travel,5,37,201,3,1.74
voyage-itineraires,CheckMyTrip,flight checkin,5,78,246,199,0.50
voyage-itineraires,CheckMyTrip,check in for flight,5,69,247,84,0.59
voyage-itineraires,CheckMyTrip,jetblue trip,5,68,250,36,0.70
voyage-itineraires,CheckMyTrip,travel location,5,80,240,180,0.51
voyage-itineraires,CheckMyTrip,cleartrip - flights,5,71,249,212,0.49
voyage-itineraires,CheckMyTrip,expedia .com,5,72,244,162,0.52
voyage-itineraires,CheckMyTrip,expedia flight,5,59,248,203,0.50
voyage-itineraires,CheckMyTrip,last minute flights and hotels,5,72,237,89,0.58
voyage-itineraires,CheckMyTrip,moxy hotel,5,69,250,249,0.48
voyage-itineraires,CheckMyTrip,tsa wait times,5,90,249,114,0.55
voyage-itineraires,CheckMyTrip,tsa pre,5,,237,43,0.68
voyage-itineraires,CheckMyTrip,travelpirates,5,77,248,14,0.91
voyage-itineraires,CheckMyTrip,маршрути,5,81,244,153,0.52
voyage-itineraires,CheckMyTrip,travel recommendation,5,59,242,69,0.61
voyage-itineraires,CheckMyTrip,travel crush,5,,219,6,1.24
voyage-itineraires,CheckMyTrip,trip adviser app,5,76,248,93,0.57
voyage-itineraires,CheckMyTrip,adventure travel,5,80,243,181,0.51
voyage-itineraires,CheckMyTrip,heck,5,94,247,40,0.69
voyage-itineraires,CheckMyTrip,travelogue,5,100,230,17,0.86
voyage-itineraires,CheckMyTrip,travelog,5,87,250,14,0.91
voyage-itineraires,CheckMyTrip,Checkd,5,51,245,229,0.49
voyage-itineraires,CheckMyTrip,travel plannẻ,5,49,242,220,0.49
voyage-itineraires,CheckMyTrip,travel bost,5,74,249,153,0.52
voyage-itineraires,CheckMyTrip,путешествия,5,78,246,117,0.55
voyage-itineraires,CheckMyTrip,co traveler,5,71,247,83,0.59
voyage-itineraires,CheckMyTrip,travel hacks,5,59,249,5,1.34
voyage-itineraires,CheckMyTrip,travel hacking,5,76,249,33,0.72
voyage-itineraires,CheckMyTrip,agenda online,5,,224,124,0.54
voyage-itineraires,CheckMyTrip,ship itinerary,5,55,248,76,0.60
voyage-itineraires,CheckMyTrip,travel boost,5,74,247,34,0.71
voyage-itineraires,CheckMyTrip,certain,5,30,45,19,0.83
voyage-itineraires,CheckMyTrip,travel docs,5,,238,18,0.84
voyage-itineraires,CheckMyTrip,agenda quotidien,5,68,229,211,0.49
voyage-itineraires,CheckMyTrip,travel center,5,84,248,15,0.89
voyage-itineraires,CheckMyTrip,check-ins,5,55,212,154,0.52
voyage-itineraires,CheckMyTrip,day itinerary,5,47,250,59,0.63
voyage-itineraires,CheckMyTrip,go city travel plan tickets,5,71,248,82,0.59
voyage-itineraires,CheckMyTrip,estacionamento grátis,5,88,249,243,0.48
voyage-itineraires,CheckMyTrip,itinerary assistant,5,,229,5,1.34
voyage-itineraires,CheckMyTrip,Travel notes,5,68,247,6,1.24
voyage-itineraires,CheckMyTrip,Focus Traveller,5,51,250,17,0.86
voyage-itineraires,CheckMyTrip,airport guides,5,,246,141,0.53
voyage-itineraires,CheckMyTrip,student travel,5,75,250,184,0.51
voyage-itineraires,CheckMyTrip,trip organiser,5,81,239,12,0.96
voyage-itineraires,CheckMyTrip,travel daily,5,,202,4,1.49
voyage-itineraires,CheckMyTrip,clear travel experiences,5,,225,6,1.24
voyage-itineraires,CheckMyTrip,real-time flight tracker,5,74,214,44,0.67
voyage-itineraires,CheckMyTrip,timestripe,5,47,250,4,1.49
voyage-itineraires,CheckMyTrip,world trip,5,91,247,72,0.60
voyage-itineraires,CheckMyTrip,travel helper,5,67,213,4,1.49
voyage-itineraires,CheckMyTrip,business travel management app,5,64,211,14,0.91
voyage-itineraires,CheckMyTrip,travel management,5,63,210,2,2.29
voyage-itineraires,CheckMyTrip,explore travel,5,71,212,11,0.98
voyage-itineraires,CheckMyTrip,Travel Box,5,80,244,15,0.89
voyage-itineraires,CheckMyTrip,tripnotes,5,73,250,9,1.06
voyage-itineraires,CheckMyTrip,travel stats,5,53,248,231,0.49
voyage-itineraires,CheckMyTrip,travel pic,5,57,206,35,0.71
voyage-itineraires,CheckMyTrip,Travel Planne,5,75,247,24,0.78
voyage-itineraires,CheckMyTrip,itineraries,5,92,249,41,0.68
voyage-itineraires,CheckMyTrip,travel ocunter,5,38,218,5,1.34
voyage-itineraires,CheckMyTrip,flight activities,5,56,249,175,0.51
voyage-itineraires,CheckMyTrip,рейс,5,54,210,50,0.65
voyage-itineraires,CheckMyTrip,travel stop,5,61,250,7,1.16
voyage-itineraires,CheckMyTrip,Trip Itineraries,5,82,248,9,1.06
voyage-itineraires,CheckMyTrip,планировщик времени,5,75,248,194,0.50
voyage-itineraires,CheckMyTrip,wod planner,5,42,232,101,0.56
voyage-itineraires,CheckMyTrip,travel position,5,38,224,2,2.29
voyage-itineraires,CheckMyTrip,驴友,5,77,249,102,0.56
voyage-itineraires,CheckMyTrip,记录行程,5,68,244,183,0.51
voyage-itineraires,CheckMyTrip,travel days tracker,5,62,246,145,0.53
voyage-itineraires,CheckMyTrip,циклон,5,97,244,145,0.53
voyage-itineraires,CheckMyTrip,trip history,5,76,247,97,0.57
voyage-itineraires,CheckMyTrip,tripcheck,5,87,248,31,0.73
voyage-itineraires,CheckMyTrip,plan travel,5,93,247,12,0.96
voyage-itineraires,CheckMyTrip,free travel,5,98,248,24,0.78
voyage-itineraires,CheckMyTrip,manage book,5,76,240,93,0.57
voyage-itineraires,CheckMyTrip,wandering,5,96,243,171,0.51
voyage-itineraires,CheckMyTrip,travel plans,5,96,249,9,1.06
voyage-itineraires,CheckMyTrip,travel itinery,5,77,248,4,1.49
voyage-itineraires,CheckMyTrip,park wold,5,45,228,181,0.51
voyage-itineraires,CheckMyTrip,checkin app,5,63,232,85,0.58
voyage-itineraires,CheckMyTrip,trave,5,85,244,18,0.84
voyage-itineraires,CheckMyTrip,travel back,5,90,241,54,0.64
voyage-itineraires,CheckMyTrip,travel moment,5,64,241,56,0.64
voyage-itineraires,CheckMyTrip,share travel,5,57,214,14,0.91
voyage-itineraires,CheckMyTrip,Travel bug,5,57,247,4,1.49
voyage-itineraires,CheckMyTrip,travel inspo,5,58,210,6,1.24
voyage-itineraires,CheckMyTrip,free booking site,5,,234,29,0.74
voyage-itineraires,CheckMyTrip,trip forecast,5,53,243,145,0.53
voyage-itineraires,CheckMyTrip,itinerary planner free,5,95,248,137,0.53
voyage-itineraires,CheckMyTrip,travel whiz,5,58,212,8,1.10
voyage-itineraires,CheckMyTrip,travel itinerary app,5,82,247,4,1.49
voyage-itineraires,CheckMyTrip,planificateur de voyages,5,42,247,173,0.51
voyage-itineraires,CheckMyTrip,planificateur de voyage itinéraire,5,42,250,85,0.58
voyage-itineraires,CheckMyTrip,organiser un voyage,5,72,248,40,0.69
voyage-itineraires,CheckMyTrip,travel shopping list,5,90,238,105,0.56
voyage-itineraires,CheckMyTrip,travel scheduler,5,40,248,6,1.24
voyage-itineraires,CheckMyTrip,team travel management,5,43,248,4,1.49
voyage-itineraires,CheckMyTrip,international trips,5,45,248,30,0.74
voyage-itineraires,CheckMyTrip,travel rewards,5,93,230,63,0.62
voyage-itineraires,CheckMyTrip,the checkbook,5,,197,24,0.78
voyage-itineraires,CheckMyTrip,travel itinerarty,5,40,243,1,5.00
voyage-itineraires,CheckMyTrip,travel advice,5,72,241,2,2.29
voyage-itineraires,CheckMyTrip,case management,5,33,209,63,0.62
voyage-itineraires,CheckMyTrip,travel bucket,5,46,242,95,0.57
voyage-itineraires,CheckMyTrip,Itinerary\,5,40,240,1,5.00
voyage-itineraires,CheckMyTrip,travel in japan,5,45,244,96,0.57
voyage-itineraires,CheckMyTrip,earn travel,5,50,232,25,0.77
voyage-itineraires,CheckMyTrip,luggage checklist,5,43,212,19,0.83
voyage-itineraires,CheckMyTrip,travel wizard,5,79,247,82,0.59
voyage-itineraires,CheckMyTrip,travel assitance,5,42,248,67,0.61
voyage-itineraires,CheckMyTrip,fieldtrip,5,94,242,63,0.62
voyage-itineraires,CheckMyTrip,itinerary plan,5,61,245,27,0.76
voyage-itineraires,CheckMyTrip,organize trip,5,33,237,23,0.79
voyage-itineraires,CheckMyTrip,itinerary help,5,47,250,13,0.93
voyage-itineraires,CheckMyTrip,trip assistant,5,70,240,53,0.64
voyage-itineraires,CheckMyTrip,itinerary trip planner,5,57,249,44,0.67
voyage-itineraires,CheckMyTrip,travel upgrade,5,35,247,5,1.34
voyage-itineraires,CheckMyTrip,travel pinner,5,91,249,61,0.63
voyage-itineraires,CheckMyTrip,travel gear packing,5,20,204,17,0.86
voyage-itineraires,CheckMyTrip,wunderlog,5,79,177,27,0.76
voyage-itineraires,CheckMyTrip,travel bag planner,5,42,245,10,1.02
voyage-itineraires,CheckMyTrip,luggage planner,5,50,244,195,0.50
voyage-itineraires,CheckMyTrip,trip checklist,5,76,248,100,0.57
voyage-itineraires,CheckMyTrip,travel log counter,5,49,245,65,0.62
voyage-itineraires,CheckMyTrip,travel prep,5,50,249,3,1.74
voyage-itineraires,CheckMyTrip,holiday season,5,90,187,152,0.52
voyage-itineraires,CheckMyTrip,flights scraper,5,27,220,104,0.56
voyage-itineraires,CheckMyTrip,travel predictions,5,42,247,17,0.86
voyage-itineraires,CheckMyTrip,check clean,5,87,249,203,0.50
voyage-itineraires,CheckMyTrip,clean checker,5,43,231,137,0.53
voyage-itineraires,CheckMyTrip,travem,5,93,249,20,0.82
voyage-itineraires,CheckMyTrip,travel condiitons,5,48,212,6,1.24
voyage-itineraires,CheckMyTrip,trip condition,5,95,248,94,0.57
voyage-itineraires,CheckMyTrip,widgets for travel,5,79,243,8,1.10
voyage-itineraires,CheckMyTrip,travel widgets,5,87,247,33,0.72
voyage-itineraires,CheckMyTrip,travel!,5,96,246,11,0.98
voyage-itineraires,CheckMyTrip,travel monitor,5,47,244,9,1.06
voyage-itineraires,CheckMyTrip,trip alert,5,84,244,84,0.59
voyage-itineraires,CheckMyTrip,travel suggestions,5,69,246,46,0.67
voyage-itineraires,CheckMyTrip,travel intelligence,5,49,249,16,0.87
voyage-itineraires,CheckMyTrip,checkbook planner,5,49,246,83,0.59
voyage-itineraires,CheckMyTrip,europe holiday planner,5,82,246,83,0.59
voyage-itineraires,CheckMyTrip,travel panner,5,94,247,105,0.56
voyage-itineraires,CheckMyTrip,solo travel organizer,5,40,247,7,1.16
voyage-itineraires,CheckMyTrip,last minute trip,5,77,233,41,0.68
voyage-itineraires,CheckMyTrip,custom itinerary,5,43,250,35,0.71
voyage-itineraires,CheckMyTrip,travel planner itinerary,5,68,248,33,0.72
voyage-itineraires,CheckMyTrip,организатор,5,47,239,118,0.55
voyage-itineraires,CheckMyTrip,free itinerary planner,5,93,249,242,0.48
voyage-itineraires,CheckMyTrip,travel bill,5,88,246,69,0.61
voyage-itineraires,CheckMyTrip,trip day,5,50,240,193,0.50
voyage-itineraires,CheckMyTrip,travel wrapped,5,59,250,231,0.49
voyage-itineraires,CheckMyTrip,travel agenda,5,82,249,4,1.49
voyage-itineraires,CheckMyTrip,travel event,5,64,248,184,0.51
voyage-itineraires,CheckMyTrip,itinerary packing,5,40,243,145,0.53
voyage-itineraires,CheckMyTrip,itinerary checklist,5,40,249,11,0.98
voyage-itineraires,CheckMyTrip,trip itinerary packing,5,47,242,125,0.54
voyage-itineraires,CheckMyTrip,trip itinerary packing expense,5,41,246,78,0.59
voyage-itineraires,CheckMyTrip,trip itinerary packing checklist,5,42,242,146,0.53
voyage-itineraires,CheckMyTrip,itinary,5,94,250,11,0.98
voyage-itineraires,CheckMyTrip,jetlag schedule,5,40,250,175,0.51
voyage-itineraires,CheckMyTrip,travel mode,5,71,248,195,0.50
voyage-itineraires,CheckMyTrip,iternary,5,94,249,11,0.98
voyage-itineraires,CheckMyTrip,trip i,5,73,238,65,0.62
voyage-itineraires,CheckMyTrip,trip alerts,5,95,247,124,0.54
voyage-itineraires,CheckMyTrip,travel destination,5,85,212,15,0.89
voyage-itineraires,CheckMyTrip,trip scheduler,5,80,245,128,0.54
voyage-itineraires,CheckMyTrip,trip itinerary planner  log,5,76,246,36,0.70
voyage-itineraires,CheckMyTrip,travel place,5,51,203,5,1.34
voyage-itineraires,CheckMyTrip,timestripes,5,,247,22,0.80
voyage-itineraires,CheckMyTrip,checkbook manager,5,51,245,90,0.58
voyage-itineraires,CheckMyTrip,travel logger,5,70,249,75,0.60
voyage-itineraires,CheckMyTrip,plan ahead,5,62,244,145,0.53
voyage-itineraires,CheckMyTrip,holidays planner,5,79,246,67,0.61
voyage-itineraires,CheckMyTrip,disney travel,5,67,229,27,0.76
voyage-itineraires,CheckMyTrip,vacation roadtrip,5,46,244,35,0.71
voyage-itineraires,CheckMyTrip,check planner,5,,223,88,0.58
voyage-itineraires,CheckMyTrip,trvel organizer,5,66,239,73,0.60
voyage-itineraires,CheckMyTrip,create itinerary,5,83,249,80,0.59
voyage-itineraires,CheckMyTrip,skyscanner travel,5,74,240,78,0.59
voyage-itineraires,CheckMyTrip,trip countdown,5,42,246,174,0.51
voyage-itineraires,CheckMyTrip,local travel,5,53,203,14,0.91
voyage-itineraires,CheckMyTrip,travel days count,5,20,246,53,0.64
voyage-itineraires,CheckMyTrip,my hotle,5,70,250,148,0.53
voyage-itineraires,CheckMyTrip,travel now,5,,218,12,0.96
voyage-itineraires,CheckMyTrip,travel logbook,5,66,246,30,0.74
voyage-itineraires,CheckMyTrip,travel bag,5,96,237,7,1.16
voyage-itineraires,CheckMyTrip,itinerary forecast,5,40,248,47,0.66
voyage-itineraires,CheckMyTrip,voyage list,5,63,247,150,0.52
voyage-itineraires,CheckMyTrip,travel check list,5,66,246,42,0.68
voyage-itineraires,CheckMyTrip,intinery,5,94,250,15,0.89
voyage-itineraires,CheckMyTrip,itinery,5,94,249,12,0.96
voyage-itineraires,CheckMyTrip,flights planner,5,91,246,134,0.54
voyage-itineraires,CheckMyTrip,travel saving,5,,227,14,0.91
voyage-itineraires,CheckMyTrip,travel,5,33,245,16,0.87
voyage-itineraires,CheckMyTrip,track travels,5,65,243,20,0.82
voyage-itineraires,CheckMyTrip,travel tools,5,75,234,16,0.87
voyage-itineraires,CheckMyTrip,travel planner guide,5,40,244,86,0.58
voyage-itineraires,CheckMyTrip,itinerary generator,5,40,249,73,0.60
voyage-itineraires,CheckMyTrip,travel money tool,5,62,208,9,1.06
voyage-itineraires,CheckMyTrip,trip finder,5,77,248,50,0.65
voyage-itineraires,CheckMyTrip,traveling assistant,5,,206,49,0.66
voyage-itineraires,CheckMyTrip,traveling planner,5,79,248,228,0.49
voyage-itineraires,CheckMyTrip,traveling planning,5,54,247,92,0.58
voyage-itineraires,CheckMyTrip,traveling activities,5,,232,7,1.16
voyage-itineraires,CheckMyTrip,trip activity,5,56,244,162,0.52
voyage-itineraires,CheckMyTrip,day travel,5,,202,6,1.24
voyage-itineraires,CheckMyTrip,day traveler,5,,209,9,1.06
voyage-itineraires,CheckMyTrip,custom travel,5,,211,3,1.74
voyage-itineraires,CheckMyTrip,travel pro,5,,234,31,0.73
voyage-itineraires,CheckMyTrip,airplane packing,5,,207,20,0.82
voyage-itineraires,CheckMyTrip,itinerary trip,5,56,245,2,2.29
voyage-itineraires,CheckMyTrip,trip itenary,5,77,247,8,1.10
voyage-itineraires,CheckMyTrip,baggage planner,5,,219,2,2.29
voyage-itineraires,CheckMyTrip,shoe check app,5,66,246,168,0.51
voyage-itineraires,CheckMyTrip,travel mirror,5,,197,6,1.24
voyage-itineraires,CheckMyTrip,travel reimbursement,5,,222,10,1.02
voyage-itineraires,CheckMyTrip,ai travel planning,5,,224,15,0.89
voyage-itineraires,CheckMyTrip,schengen 90/180,5,36,225,40,0.69
voyage-itineraires,CheckMyTrip,tsa%20pre%20check,5,87,202,22,0.80
voyage-itineraires,CheckMyTrip,trip%20planner%3A%20travel%20itinerary,5,79,250,17,0.86
voyage-itineraires,CheckMyTrip,travel%20agent,5,97,227,21,0.81
voyage-itineraires,CheckMyTrip,travel%20itinerary,5,46,210,11,0.98
voyage-itineraires,CheckMyTrip,tripadvisor%20plan%20book%20trips,5,73,245,25,0.77
voyage-itineraires,CheckMyTrip,trip%20organizer,5,74,250,49,0.66
voyage-itineraires,CheckMyTrip,family%20safety,5,84,211,7,1.16
voyage-itineraires,CheckMyTrip,flying%20calmly,5,70,250,17,0.86
voyage-itineraires,CheckMyTrip,airport%20security,5,56,234,46,0.67
voyage-itineraires,CheckMyTrip,travel%20gu%C4%B1de,5,61,219,6,1.24
voyage-itineraires,CheckMyTrip,itenirary,5,94,250,12,0.96
voyage-itineraires,CheckMyTrip,trip helper,5,51,249,89,0.58
voyage-itineraires,CheckMyTrip,trip statistics,5,43,248,51,0.65
voyage-itineraires,CheckMyTrip,travel refund,5,40,247,51,0.65
voyage-itineraires,CheckMyTrip,free%20travel%20planner,5,83,249,77,0.60
voyage-itineraires,CheckMyTrip,airport%20terminal,5,,238,39,0.69
voyage-itineraires,CheckMyTrip,flash%20alert,5,,222,14,0.91
voyage-itineraires,CheckMyTrip,travel%20advisory,5,82,248,66,0.62
voyage-itineraires,CheckMyTrip,fyno,5,,236,27,0.76
voyage-itineraires,CheckMyTrip,travel itiinerary,5,,218,8,1.10
voyage-itineraires,CheckMyTrip,suitcase checklist,5,40,245,182,0.51
voyage-itineraires,CheckMyTrip,checklist voyage,5,52,198,23,0.79
voyage-itineraires,CheckMyTrip,unroller,5,49,208,88,0.58
voyage-itineraires,CheckMyTrip,last-minute travel,5,78,236,24,0.78
voyage-itineraires,CheckMyTrip,one bag travel,5,56,224,5,1.34
voyage-itineraires,CheckMyTrip,tripgroup,5,,242,29,0.74
voyage-itineraires,CheckMyTrip,flight tour,5,,234,21,0.81
voyage-itineraires,CheckMyTrip,flight tourism,5,,216,46,0.67
voyage-itineraires,CheckMyTrip,trip test,5,61,250,149,0.53
voyage-itineraires,CheckMyTrip,check trip,5,82,248,1,5.00
voyage-itineraires,CheckMyTrip,add ticket to calendar,5,,236,70,0.61
voyage-itineraires,CheckMyTrip,jet lag planner,5,52,249,134,0.54
voyage-itineraires,CheckMyTrip,travel alerts,5,,223,9,1.06
voyage-itineraires,CheckMyTrip,flight itinerary,5,86,200,2,2.29
voyage-itineraires,CheckMyTrip,last-minute trip,5,76,233,43,0.68
voyage-itineraires,CheckMyTrip,tour itinerary,5,,249,178,0.51
voyage-itineraires,CheckMyTrip,trip itineary,5,78,248,15,0.89
voyage-itineraires,CheckMyTrip,hotel planning,5,70,226,83,0.59
voyage-itineraires,CheckMyTrip,trip notes,5,76,247,14,0.91
voyage-itineraires,CheckMyTrip,trip advice,5,,199,26,0.76
voyage-itineraires,CheckMyTrip,itinerary planner for teams,5,76,245,62,0.62
voyage-itineraires,CheckMyTrip,itinerary planner siri,5,,233,27,0.76
voyage-itineraires,CheckMyTrip,packing list interactive widgets,5,,210,58,0.63
voyage-itineraires,CheckMyTrip,slow travel,5,57,223,1,5.00
voyage-itineraires,CheckMyTrip,focus traveler,5,48,248,209,0.50
voyage-itineraires,CheckMyTrip,check update,5,88,241,99,0.57
voyage-itineraires,CheckMyTrip,euro trip,5,,217,30,0.74
voyage-itineraires,CheckMyTrip,reiseplan erstellen,5,27,250,44,0.67
voyage-itineraires,CheckMyTrip,save trip history,5,59,248,71,0.61
voyage-itineraires,CheckMyTrip,tarvel,5,95,248,172,0.51
voyage-itineraires,CheckMyTrip,luggage manager,5,,217,10,1.02
voyage-itineraires,CheckMyTrip,travel itineraries,5,78,247,5,1.34
voyage-itineraires,CheckMyTrip,trip planner travel itinerary,5,77,248,3,1.74
voyage-itineraires,CheckMyTrip,road trip itinerary planner,5,73,248,208,0.50
voyage-itineraires,CheckMyTrip,travelling list,5,62,247,194,0.50
voyage-itineraires,CheckMyTrip,travel closet,5,60,245,38,0.70
voyage-itineraires,CheckMyTrip,packing list travel checklist,5,43,234,212,0.49
voyage-itineraires,CheckMyTrip,trips advisor,5,,206,25,0.77
voyage-itineraires,CheckMyTrip,holiday travel,5,62,248,42,0.68
voyage-itineraires,CheckMyTrip,travel plans planner,5,77,245,89,0.58
voyage-itineraires,CheckMyTrip,travel organiser,5,65,225,4,1.49
voyage-itineraires,CheckMyTrip,travel hack,5,75,245,3,1.74
voyage-itineraires,CheckMyTrip,trip holiday,5,,244,31,0.73
voyage-itineraires,CheckMyTrip,travel itenary planner,5,78,248,9,1.06
voyage-itineraires,CheckMyTrip,pre-trip,5,68,247,110,0.56
voyage-itineraires,CheckMyTrip,travelsmart,5,61,247,59,0.63
voyage-itineraires,CheckMyTrip,travel gear checklist,5,,213,8,1.10
voyage-itineraires,CheckMyTrip,departure reminder,5,,177,4,1.49
voyage-itineraires,CheckMyTrip,travel reminder,5,37,244,2,2.29
voyage-itineraires,CheckMyTrip,triplogtrip,5,56,244,48,0.66
voyage-itineraires,CheckMyTrip,my traveler mobile app,5,81,246,25,0.77
voyage-itineraires,CheckMyTrip,travell,5,,240,22,0.80
voyage-itineraires,CheckMyTrip,ask travel,5,,209,8,1.10
voyage-itineraires,CheckMyTrip,travek,5,,242,43,0.68
voyage-itineraires,CheckMyTrip,travel task,5,,214,1,5.00
voyage-itineraires,CheckMyTrip,travelinb,5,,229,42,0.68
voyage-itineraires,CheckMyTrip,travel scavenger,5,,200,3,1.74
voyage-itineraires,CheckMyTrip,holiday plann,5,60,243,46,0.67
voyage-itineraires,CheckMyTrip,travel 2,5,,249,247,0.48
voyage-itineraires,CheckMyTrip,travel 3,5,,226,40,0.69
voyage-itineraires,CheckMyTrip,travel 4,5,70,242,37,0.70
voyage-itineraires,CheckMyTrip,travel 5,5,76,246,126,0.54
voyage-itineraires,CheckMyTrip,travel 7,5,,207,3,1.74
voyage-itineraires,CheckMyTrip,travel 9,5,,206,7,1.16
voyage-itineraires,CheckMyTrip,travel 10,5,,211,9,1.06
voyage-itineraires,CheckMyTrip,travel 13,5,,211,8,1.10
voyage-itineraires,CheckMyTrip,travel 14,5,,209,6,1.24
voyage-itineraires,CheckMyTrip,travel 15,5,,247,12,0.96
voyage-itineraires,CheckMyTrip,travel itinerary organizer,5,,219,4,1.49
voyage-itineraires,CheckMyTrip,travel activity suggestions,5,63,247,61,0.63
voyage-itineraires,CheckMyTrip,business trip organizer,5,,214,11,0.98
voyage-itineraires,CheckMyTrip,travel schedule maker,5,,220,8,1.10
voyage-itineraires,CheckMyTrip,travel planning checklist,5,,214,7,1.16
voyage-itineraires,CheckMyTrip,travel safety planner,5,,217,6,1.24
voyage-itineraires,CheckMyTrip,travel reservation manager,5,,231,10,1.02
voyage-itineraires,CheckMyTrip,week-long travel itinerary,5,,243,3,1.74
voyage-itineraires,CheckMyTrip,travel visa guide,5,,214,16,0.87
voyage-itineraires,CheckMyTrip,last-minute trip organizer,5,,225,4,1.49
voyage-itineraires,CheckMyTrip,solo travel itinerary creator,5,40,250,95,0.57
voyage-itineraires,CheckMyTrip,eco-friendly travel tips,5,,209,4,1.49
voyage-itineraires,CheckMyTrip,solo travel itinerary,5,46,249,27,0.76
voyage-itineraires,CheckMyTrip,travel exspenses,5,56,247,136,0.53
voyage-itineraires,CheckMyTrip,itinerarios,5,70,249,22,0.80
voyage-itineraires,CheckMyTrip,long travel,5,56,221,2,2.29
voyage-itineraires,CheckMyTrip,make travel happy,5,,244,20,0.82
voyage-itineraires,CheckMyTrip,trip planner for,5,76,243,222,0.49
voyage-itineraires,CheckMyTrip,travel technology,5,,189,5,1.34
voyage-itineraires,CheckMyTrip,travel usa,5,78,247,151,0.52
voyage-itineraires,CheckMyTrip,travek planner,5,90,247,178,0.51
voyage-itineraires,CheckMyTrip,organize travel,5,65,237,4,1.49
voyage-itineraires,CheckMyTrip,travel forum,5,,192,7,1.16
voyage-itineraires,CheckMyTrip,luggage weight estimator,5,,219,61,0.63
voyage-itineraires,CheckMyTrip,flight disruptions,5,,197,39,0.69
voyage-itineraires,CheckMyTrip,business trip log,5,52,212,13,0.93
voyage-itineraires,CheckMyTrip,trip report,5,84,247,190,0.50
voyage-itineraires,CheckMyTrip,get travel internet,5,,229,9,1.06
voyage-itineraires,CheckMyTrip,for holiday,5,,215,120,0.55
voyage-itineraires,CheckMyTrip,holiday organizer,5,40,238,56,0.64
voyage-itineraires,CheckMyTrip,minimalist travel,5,46,247,22,0.80
voyage-itineraires,CheckMyTrip,minimalist traveler,5,,241,4,1.49
voyage-itineraires,CheckMyTrip,parents on vacation,5,87,250,124,0.54
voyage-itineraires,CheckMyTrip,aico travel,5,,244,38,0.70
voyage-itineraires,CheckMyTrip,trip planner - travel planning,5,84,248,78,0.59
voyage-itineraires,CheckMyTrip,should i bring umbrella,5,74,249,221,0.49
voyage-itineraires,CheckMyTrip,book movie ticket,5,,227,142,0.53
voyage-itineraires,CheckMyTrip,travel minimalist,5,40,248,13,0.93
voyage-itineraires,CheckMyTrip,travel days counter,5,,215,2,2.29
voyage-itineraires,CheckMyTrip,nice travel,5,,209,6,1.24
voyage-itineraires,CheckMyTrip,trip passport,5,55,248,52,0.65
voyage-itineraires,CheckMyTrip,travel data plans,5,,233,16,0.87
voyage-itineraires,CheckMyTrip,travel abroad,5,,244,45,0.67
voyage-itineraires,CheckMyTrip,luggage check,5,,217,23,0.79
voyage-itineraires,CheckMyTrip,travel document,5,43,250,1,5.00
voyage-itineraires,CheckMyTrip,travel level,5,,222,2,2.29
voyage-itineraires,CheckMyTrip,short trips,5,90,246,101,0.56
voyage-itineraires,CheckMyTrip,travel packer,5,43,238,161,0.52
voyage-itineraires,CheckMyTrip,plan   travel remember,5,,247,3,1.74
voyage-itineraires,CheckMyTrip,tripadvisor plan,5,,229,11,0.98
voyage-itineraires,CheckMyTrip,solo travel ides,5,40,246,57,0.63
voyage-itineraires,CheckMyTrip,flights travel scanner,5,,236,19,0.83
voyage-itineraires,CheckMyTrip,trip planners,5,90,248,148,0.53
voyage-itineraires,CheckMyTrip,trip trips,5,47,242,21,0.81
voyage-itineraires,CheckMyTrip,travel trips,5,95,226,4,1.49
voyage-itineraires,CheckMyTrip,travel wishlist,5,66,249,185,0.51
voyage-itineraires,CheckMyTrip,saved trips,5,,249,45,0.67
voyage-itineraires,CheckMyTrip,clear travel experience,5,74,248,102,0.56
voyage-itineraires,CheckMyTrip,trip saver,5,84,249,4,1.49
voyage-itineraires,CheckMyTrip,trip keeper,5,,227,6,1.24
voyage-itineraires,CheckMyTrip,trip prep,5,46,250,123,0.54
voyage-itineraires,CheckMyTrip,trip arranger,5,,231,11,0.98
voyage-itineraires,CheckMyTrip,trip curator,5,,223,5,1.34
voyage-itineraires,CheckMyTrip,itinerly,5,40,246,2,2.29
voyage-itineraires,CheckMyTrip,organize your trip,5,49,244,15,0.89
voyage-itineraires,CheckMyTrip,manage reservations,5,,234,51,0.65
voyage-itineraires,CheckMyTrip,product check,5,69,236,58,0.63
voyage-itineraires,CheckMyTrip,itinerarie,5,57,216,1,5.00
voyage-itineraires,CheckMyTrip,travelhack,5,,249,8,1.10
voyage-itineraires,CheckMyTrip,travelhacks,5,,231,17,0.86
voyage-itineraires,CheckMyTrip,trip cost splitter,5,44,247,17,0.86
voyage-itineraires,CheckMyTrip,holiday.com,5,,194,104,0.56
voyage-itineraires,CheckMyTrip,on the go notes,5,,196,9,1.06
voyage-itineraires,CheckMyTrip,travel planner - trip way,5,73,247,86,0.58
voyage-itineraires,CheckMyTrip,airport lounge finder,5,85,242,209,0.50
voyage-itineraires,CheckMyTrip,organizador viagens,5,67,247,99,0.57
voyage-itineraires,CheckMyTrip,planejamento viagem,5,84,246,42,0.68
voyage-itineraires,CheckMyTrip,organizador viaje,5,80,250,138,0.53
voyage-itineraires,CheckMyTrip,organize itinerary,5,64,241,3,1.74
voyage-itineraires,CheckMyTrip,travel stats tracker,5,48,249,179,0.51
voyage-itineraires,CheckMyTrip,travel documents,5,91,249,8,1.10
voyage-itineraires,CheckMyTrip,trip documents,5,62,250,37,0.70
voyage-itineraires,CheckMyTrip,trip organization,5,42,235,25,0.77
voyage-itineraires,CheckMyTrip,travel organization,5,75,241,6,1.24
voyage-itineraires,CheckMyTrip,trip itinerary app,5,82,249,7,1.16
voyage-itineraires,CheckMyTrip,trip management,5,66,242,3,1.74
voyage-itineraires,CheckMyTrip,travel management app,5,69,246,42,0.68
voyage-itineraires,CheckMyTrip,travel dashboard,5,56,246,1,5.00
voyage-itineraires,CheckMyTrip,trip organizer app,5,78,250,8,1.10
voyage-itineraires,CheckMyTrip,boarding pass organizer,5,84,248,120,0.55
voyage-itineraires,CheckMyTrip,flight itinerary app,5,91,250,1,5.00
voyage-itineraires,CheckMyTrip,airline confirmation organizer,5,70,249,4,1.49
voyage-itineraires,CheckMyTrip,trip timeline,5,66,249,58,0.63
voyage-itineraires,CheckMyTrip,hotel organizer,5,75,248,171,0.51
voyage-itineraires,CheckMyTrip,hotel booking organizer,5,72,248,211,0.49
voyage-itineraires,CheckMyTrip,travel reservation organizer,5,70,249,3,1.74
voyage-itineraires,CheckMyTrip,travel details organizer,5,40,246,1,5.00
voyage-itineraires,CheckMyTrip,travel receipts organizer,5,48,245,18,0.84
voyage-itineraires,CheckMyTrip,travel document organizer,5,40,246,5,1.34
voyage-itineraires,CheckMyTrip,reservation organizer,5,61,249,75,0.60
voyage-itineraires,CheckMyTrip,travel history tracker,5,68,249,209,0.50
voyage-itineraires,CheckMyTrip,itinerary sharing,5,40,249,124,0.54
voyage-itineraires,CheckMyTrip,travel to-do list,5,64,242,14,0.91
voyage-itineraires,CheckMyTrip,pre-trip checklist,5,42,244,33,0.72
voyage-itineraires,CheckMyTrip,keep travel plans organized,5,45,249,64,0.62
voyage-itineraires,CheckMyTrip,organize travel confirmations,5,69,249,1,5.00
voyage-itineraires,CheckMyTrip,avoid travel mistakes,5,44,249,34,0.71
voyage-itineraires,CheckMyTrip,all travel details in one place,5,55,243,3,1.74
voyage-itineraires,CheckMyTrip,stress-free travel planning,5,57,250,8,1.10
voyage-itineraires,CheckMyTrip,manage travel information,5,54,249,1,5.00
voyage-itineraires,CheckMyTrip,simplify trip planning,5,57,247,17,0.86
voyage-itineraires,CheckMyTrip,organize travel reservations,5,68,249,2,2.29
voyage-itineraires,CheckMyTrip,itinerary app for iphone,5,79,250,45,0.67
voyage-itineraires,CheckMyTrip,travel organizer for mac,5,76,243,10,1.02
voyage-itineraires,CheckMyTrip,organize family travel,5,40,249,4,1.49
voyage-itineraires,CheckMyTrip,share trip info,5,86,247,35,0.71
voyage-itineraires,CheckMyTrip,travel locations organizer,5,86,245,2,2.29
voyage-itineraires,CheckMyTrip,trip destinations,5,43,246,135,0.54
voyage-itineraires,CheckMyTrip,tripit itinerary,5,55,247,13,0.93
voyage-itineraires,CheckMyTrip,tripit itinerary organizer,5,75,244,9,1.06
voyage-itineraires,CheckMyTrip,tripit organize travel,5,74,243,4,1.49
voyage-itineraires,CheckMyTrip,tripit travel itinerary,5,68,241,14,0.91
voyage-itineraires,CheckMyTrip,wanderlg,5,80,248,37,0.70
voyage-itineraires,CheckMyTrip,tripadvisor planner,5,75,246,83,0.59
voyage-itineraires,CheckMyTrip,tripadvisor travel planner,5,93,246,27,0.76
voyage-itineraires,CheckMyTrip,tripadvisor trip planner,5,91,248,56,0.64
voyage-itineraires,CheckMyTrip,tripadvisor itinerary,5,82,249,2,2.29
voyage-itineraires,CheckMyTrip,tripadvisor itinerary planner,5,79,248,20,0.82
voyage-itineraires,CheckMyTrip,tripadvisor travel app,5,93,245,24,0.78
voyage-itineraires,CheckMyTrip,mindtrip travel,5,58,246,10,1.02
voyage-itineraires,CheckMyTrip,mindtrip travel planner,5,40,249,15,0.89
voyage-itineraires,CheckMyTrip,mindtrip itinerary,5,40,248,6,1.24
voyage-itineraires,CheckMyTrip,mindtrip itinerary planner,5,77,248,24,0.78
voyage-itineraires,CheckMyTrip,mindtrip trip planner,5,40,248,109,0.56
voyage-itineraires,CheckMyTrip,layla travel itinerary,5,46,245,3,1.74
voyage-itineraires,CheckMyTrip,tripit alternative,5,91,248,157,0.52
voyage-itineraires,CheckMyTrip,tripadvisor alternative,5,73,250,155,0.52
voyage-itineraires,CheckMyTrip,getyourguide alternative,5,74,250,129,0.54
voyage-itineraires,CheckMyTrip,tripsi,5,97,249,17,0.86
voyage-itineraires,CheckMyTrip,leaving house checklist,5,,222,27,0.76
voyage-itineraires,CheckMyTrip,reservation travel,5,84,249,25,0.77
voyage-itineraires,CheckMyTrip,tsa cbt,5,,241,27,0.76
voyage-itineraires,CheckMyTrip,cross country flight,5,,203,53,0.64
voyage-itineraires,CheckMyTrip,flight tracker – sofly,5,81,216,143,0.53
voyage-itineraires,CheckMyTrip,my itenerary,5,82,246,2,2.29
voyage-itineraires,CheckMyTrip,flight departure alerts,5,,237,220,0.49
voyage-itineraires,CheckMyTrip,departure tracker,5,,211,25,0.77
voyage-itineraires,CheckMyTrip,vision check,5,47,235,54,0.64
voyage-itineraires,CheckMyTrip,music trip planner,5,42,248,96,0.57
voyage-itineraires,CheckMyTrip,headout: travel experiences,5,,226,15,0.89
voyage-itineraires,CheckMyTrip,travel experiences,5,,248,149,0.53
voyage-itineraires,CheckMyTrip,list trips,5,44,238,137,0.53
voyage-itineraires,CheckMyTrip,trips list,5,64,249,51,0.65
voyage-itineraires,CheckMyTrip,plan itinerary,5,82,244,25,0.77
voyage-itineraires,CheckMyTrip,travel items,5,,218,1,5.00
voyage-itineraires,CheckMyTrip,travel trends,5,,215,4,1.49
voyage-itineraires,CheckMyTrip,plan your trips,5,88,240,25,0.77
voyage-itineraires,CheckMyTrip,shared itinerary,5,79,248,16,0.87
voyage-itineraires,CheckMyTrip,save travel places,5,90,248,125,0.54
voyage-itineraires,CheckMyTrip,day planner travel,5,,232,7,1.16
voyage-itineraires,CheckMyTrip,where to travel,5,68,249,135,0.54
voyage-itineraires,CheckMyTrip,trip cost split,5,44,244,17,0.86
voyage-itineraires,CheckMyTrip,bill splitter travel,5,44,247,118,0.55
voyage-itineraires,CheckMyTrip,tab splitter travel,5,40,249,21,0.81
voyage-itineraires,CheckMyTrip,tab splitter for trip,5,43,249,92,0.58
voyage-itineraires,CheckMyTrip,itinerary organization,5,40,241,2,2.29
voyage-itineraires,CheckMyTrip,itinerary management,5,45,244,1,5.00
voyage-itineraires,CheckMyTrip,travel list organizer,5,44,240,16,0.87
voyage-itineraires,CheckMyTrip,tripplan,5,82,243,19,0.83
voyage-itineraires,CheckMyTrip,holiday planer,5,40,241,76,0.60
voyage-itineraires,CheckMyTrip,trip guidetravel,5,60,244,183,0.51
voyage-itineraires,CheckMyTrip,flight boarding pass wallet,5,,224,121,0.55
voyage-itineraires,CheckMyTrip,travel planner checklist,5,40,244,24,0.78
voyage-itineraires,CheckMyTrip,travel split,5,,219,14,0.91
voyage-itineraires,CheckMyTrip,tavel planner,5,91,248,171,0.51
voyage-itineraires,CheckMyTrip,canceled least,5,96,250,237,0.49
voyage-itineraires,CheckMyTrip,myroutinue,5,,249,152,0.52
voyage-itineraires,CheckMyTrip,flight reports,5,,202,47,0.66
voyage-itineraires,CheckMyTrip,flightstatis,5,,179,25,0.77
voyage-itineraires,CheckMyTrip,all inclusive outlet,5,,66,11,0.98
voyage-itineraires,CheckMyTrip,backpack traveler,5,,211,16,0.87
voyage-itineraires,CheckMyTrip,booking advisors,5,,234,64,0.62
voyage-itineraires,CheckMyTrip,booking now,5,,232,188,0.50
voyage-itineraires,CheckMyTrip,bordersense: passport diary,5,,250,155,0.52
voyage-itineraires,CheckMyTrip,be-itinerary srl,5,,220,3,1.74
voyage-itineraires,CheckMyTrip,comprehensive birding resource apps,5,,190,27,0.76
voyage-itineraires,CheckMyTrip,google flights explore,5,,247,28,0.75
voyage-itineraires,CheckMyTrip,hd travel,5,,250,83,0.59
voyage-itineraires,CheckMyTrip,lead wars,5,,229,185,0.51
voyage-itineraires,CheckMyTrip,lead-vision,5,,233,176,0.51
voyage-itineraires,CheckMyTrip,luggage checker,5,,216,18,0.84
voyage-itineraires,CheckMyTrip,luggage fit,5,,248,120,0.55
voyage-itineraires,CheckMyTrip,my organic app,5,,224,58,0.63
voyage-itineraires,CheckMyTrip,qr code otg,5,,239,78,0.59
voyage-itineraires,CheckMyTrip,free iternary,5,43,250,1,5.00
voyage-itineraires,CheckMyTrip,free iternary planner,5,,241,34,0.71
voyage-itineraires,CheckMyTrip,trip monitor,5,70,248,64,0.62
voyage-itineraires,CheckMyTrip,itinerary travel plan,5,40,243,4,1.49
voyage-itineraires,CheckMyTrip,make itinerary,5,68,249,25,0.77
voyage-itineraires,CheckMyTrip,travel finder,5,91,250,234,0.49
voyage-itineraires,CheckMyTrip,trip plan app,5,90,246,84,0.59
voyage-itineraires,CheckMyTrip,traveling itinerary,5,40,243,2,2.29
voyage-itineraires,CheckMyTrip,itinerary travel,5,75,250,3,1.74
voyage-itineraires,CheckMyTrip,holiday trip checklist,5,56,242,56,0.64
voyage-itineraires,CheckMyTrip,travel itinerary checklist,5,40,245,1,5.00
voyage-itineraires,CheckMyTrip,travel essentials list,5,,241,32,0.73
voyage-itineraires,CheckMyTrip,baggage checklist,5,,207,13,0.93
voyage-itineraires,CheckMyTrip,travel bag checklist,5,,211,10,1.02
voyage-itineraires,CheckMyTrip,journey checklist,5,,194,6,1.24
voyage-itineraires,CheckMyTrip,travel reminder list,5,49,242,9,1.06
voyage-itineraires,CheckMyTrip,stolen belongings,5,56,249,106,0.56
voyage-itineraires,CheckMyTrip,itineary,5,92,250,15,0.89
voyage-itineraires,CheckMyTrip,travel together,5,74,244,37,0.70
voyage-itineraires,CheckMyTrip,travel with,5,,213,62,0.62
voyage-itineraires,CheckMyTrip,save trips,5,71,247,6,1.24
voyage-itineraires,CheckMyTrip,itinerary planner:,5,54,248,41,0.68
voyage-itineraires,CheckMyTrip,flights finder,5,,218,111,0.55
voyage-itineraires,CheckMyTrip,flights alerts,5,,205,86,0.58
voyage-itineraires,CheckMyTrip,flights guide,5,,198,35,0.71
voyage-itineraires,CheckMyTrip,hotels planner,5,,201,43,0.68
voyage-itineraires,CheckMyTrip,holiday trip,5,85,239,82,0.59
voyage-itineraires,CheckMyTrip,travel toolkit,5,58,248,2,2.29
voyage-itineraires,CheckMyTrip,checks in app,5,92,241,91,0.58
voyage-itineraires,CheckMyTrip,check in apps,5,50,236,159,0.52
voyage-itineraires,CheckMyTrip,itinerary finder,5,56,249,23,0.79
voyage-itineraires,CheckMyTrip,itinerary scanner,5,,214,35,0.71
voyage-itineraires,CheckMyTrip,itinerary alerts,5,72,248,2,2.29
voyage-itineraires,CheckMyTrip,wochenendtrip planen,5,55,249,4,1.49
voyage-itineraires,CheckMyTrip,trip planen,5,66,238,79,0.59
voyage-itineraires,CheckMyTrip,travellist,5,,223,67,0.61
voyage-itineraires,CheckMyTrip,airport checklist,5,72,241,148,0.53
voyage-itineraires,CheckMyTrip,travel docs organizer,5,85,244,7,1.16
voyage-itineraires,CheckMyTrip,travel-docs-organizer,5,85,245,10,1.02
voyage-itineraires,CheckMyTrip,travel document vault,5,35,250,2,2.29
voyage-itineraires,CheckMyTrip,cruise checklist,5,42,210,49,0.66
voyage-itineraires,CheckMyTrip,hostel checklist,5,,208,22,0.80
voyage-itineraires,CheckMyTrip,jetlag alerts,5,52,248,149,0.53
voyage-itineraires,CheckMyTrip,jetlag checklist,5,40,244,148,0.53
voyage-itineraires,CheckMyTrip,jetlag finder,5,74,250,159,0.52
voyage-itineraires,CheckMyTrip,jetlag guide,5,86,247,66,0.62
voyage-itineraires,CheckMyTrip,jetlag planner,5,40,249,66,0.62
voyage-itineraires,CheckMyTrip,lead planner,5,,248,47,0.66
voyage-itineraires,CheckMyTrip,roadtrip checklist,5,,196,22,0.80
voyage-itineraires,CheckMyTrip,travel pilot,5,,244,16,0.87
voyage-itineraires,CheckMyTrip,reservation advisor,5,,249,18,0.84
voyage-itineraires,CheckMyTrip,product cheker,5,,231,101,0.56
voyage-itineraires,CheckMyTrip,daily check in guide free online guide,5,,242,154,0.52
voyage-itineraires,CheckMyTrip,checks in,5,58,230,166,0.52
voyage-itineraires,CheckMyTrip,message checkins special,5,,215,15,0.89
voyage-itineraires,CheckMyTrip,schengen gestiona scale,5,,220,10,1.02
voyage-itineraires,CheckMyTrip,travel checkbox,5,,226,11,0.98
voyage-itineraires,CheckMyTrip,journey assistant,5,,210,8,1.10
voyage-itineraires,CheckMyTrip,trip advisior,5,,247,29,0.74
voyage-itineraires,CheckMyTrip,travel checker,5,75,242,1,5.00
voyage-itineraires,CheckMyTrip,route checkup,5,,192,18,0.84
voyage-itineraires,CheckMyTrip,airfare documents,5,95,249,90,0.58
voyage-itineraires,CheckMyTrip,airfare wallet,5,,224,57,0.63
voyage-itineraires,CheckMyTrip,airfare search,5,68,244,209,0.50
voyage-itineraires,CheckMyTrip,airfare reminders,5,,220,36,0.70
voyage-itineraires,CheckMyTrip,layover expenses,5,,218,42,0.68
voyage-itineraires,CheckMyTrip,layover mapper,5,,194,10,1.02
voyage-itineraires,CheckMyTrip,layover briefing,5,,200,4,1.49
voyage-itineraires,CheckMyTrip,layover search,5,76,250,83,0.59
voyage-itineraires,CheckMyTrip,layover checkup,5,,219,15,0.89
voyage-itineraires,CheckMyTrip,layover notebook,5,52,245,85,0.58
voyage-itineraires,CheckMyTrip,layover organizer,5,71,249,96,0.57
voyage-itineraires,CheckMyTrip,layover reminders,5,,217,16,0.87
voyage-itineraires,CheckMyTrip,layover guidebook,5,59,248,38,0.70
voyage-itineraires,CheckMyTrip,boarding documents,5,36,250,105,0.56
voyage-itineraires,CheckMyTrip,boarding checkup,5,,196,23,0.79
voyage-itineraires,CheckMyTrip,boarding reminders,5,,179,16,0.87
voyage-itineraires,CheckMyTrip,boarding guidebook,5,,198,4,1.49
voyage-itineraires,CheckMyTrip,luggage assistant,5,,210,13,0.93
voyage-itineraires,CheckMyTrip,luggage documents,5,,226,15,0.89
voyage-itineraires,CheckMyTrip,luggage briefing,5,,222,11,0.98
voyage-itineraires,CheckMyTrip,luggage search,5,,245,116,0.55
voyage-itineraires,CheckMyTrip,luggage checkup,5,,225,19,0.83
voyage-itineraires,CheckMyTrip,luggage guidebook,5,53,247,51,0.65
voyage-itineraires,CheckMyTrip,suitcase checkup,5,,218,8,1.10
voyage-itineraires,CheckMyTrip,suitcase guidebook,5,86,249,146,0.53
voyage-itineraires,CheckMyTrip,itinerary documents,5,40,250,6,1.24
voyage-itineraires,CheckMyTrip,itinerary search,5,59,248,23,0.79
voyage-itineraires,CheckMyTrip,itinerary checkup,5,54,250,2,2.29
voyage-itineraires,CheckMyTrip,itinerary notebook,5,40,250,3,1.74
voyage-itineraires,CheckMyTrip,itinerary reminders,5,40,249,5,1.34
voyage-itineraires,CheckMyTrip,roadtrip documents,5,,206,7,1.16
voyage-itineraires,CheckMyTrip,roadtrip checkup,5,,187,3,1.74
voyage-itineraires,CheckMyTrip,daytrip documents,5,,228,9,1.06
voyage-itineraires,CheckMyTrip,daytrip expenses,5,,248,219,0.49
voyage-itineraires,CheckMyTrip,daytrip checkup,5,57,250,22,0.80
voyage-itineraires,CheckMyTrip,daytrip organizer,5,40,246,26,0.76
voyage-itineraires,CheckMyTrip,sightseeing documents,5,,248,40,0.69
voyage-itineraires,CheckMyTrip,sightseeing reminders,5,55,247,38,0.70
voyage-itineraires,CheckMyTrip,trips  trip,5,44,245,28,0.75
voyage-itineraires,CheckMyTrip,travel togeth,5,,211,19,0.83
voyage-itineraires,CheckMyTrip,intervalos schengen inter,5,,235,10,1.02
voyage-itineraires,CheckMyTrip,alternatives check packing,5,,247,221,0.49
voyage-itineraires,CheckMyTrip,delight leisure,5,,250,127,0.54
voyage-itineraires,CheckMyTrip,clock schengen casa,5,,250,188,0.50
voyage-itineraires,CheckMyTrip,clock schengen reddit,5,,227,43,0.68
voyage-itineraires,CheckMyTrip,reddit clock schengen,5,,225,36,0.70
voyage-itineraires,CheckMyTrip,clock schengen reviews,5,,250,173,0.51
voyage-itineraires,CheckMyTrip,case organizer,5,62,247,70,0.61
voyage-itineraires,CheckMyTrip,day trip planner,5,82,247,65,0.62
voyage-itineraires,CheckMyTrip,save travel spots,5,44,245,82,0.59
voyage-itineraires,CheckMyTrip,italy trip planner,5,53,242,234,0.49
voyage-itineraires,CheckMyTrip,travel preset,5,40,250,11,0.98
voyage-itineraires,CheckMyTrip,travel credits,5,,220,38,0.70
voyage-itineraires,CheckMyTrip,voyage planning,5,60,248,199,0.50
voyage-itineraires,CheckMyTrip,disney itinerary,5,,129,44,0.67
voyage-itineraires,CheckMyTrip,travel papers,5,40,248,20,0.82
voyage-itineraires,CheckMyTrip,schengen days,5,,215,56,0.64
voyage-itineraires,CheckMyTrip,travel magic,5,,247,215,0.49
voyage-itineraires,CheckMyTrip,travel adapter guide,5,,207,3,1.74
voyage-itineraires,CheckMyTrip,fitness pass for traveller,5,,232,53,0.64
voyage-itineraires,CheckMyTrip,airfare alert,5,75,245,228,0.49
voyage-itineraires,CheckMyTrip,fiumicino fco airport,5,,211,39,0.69
voyage-itineraires,CheckMyTrip,rome fiumicino fco airport,5,,207,44,0.67
voyage-itineraires,CheckMyTrip,flyer for holiday,5,,194,8,1.10
voyage-itineraires,CheckMyTrip,i90 travel,5,,223,31,0.73
voyage-itineraires,CheckMyTrip,preflight checklist,5,39,245,122,0.55
voyage-itineraires,CheckMyTrip,e leads,5,,226,79,0.59
voyage-itineraires,CheckMyTrip,travel camer,5,94,245,55,0.64
voyage-itineraires,CheckMyTrip,travel baby,5,,247,16,0.87
voyage-itineraires,CheckMyTrip,flyer schedule,5,,188,10,1.02
voyage-itineraires,CheckMyTrip,itinerary template,5,73,250,8,1.10
voyage-itineraires,CheckMyTrip,vacation trip checklist,5,63,241,132,0.54
voyage-itineraires,CheckMyTrip,travel checklít,5,,246,2,2.29
voyage-itineraires,CheckMyTrip,travel etiquette,5,,246,17,0.86
voyage-itineraires,CheckMyTrip,travel itinerary generator,5,40,248,8,1.10
voyage-itineraires,CheckMyTrip,travel hive,5,40,249,32,0.73
voyage-itineraires,CheckMyTrip,disney trip maker,5,,248,143,0.53
voyage-itineraires,CheckMyTrip,travel checklist plus,5,,249,76,0.60
voyage-itineraires,CheckMyTrip,packliste: travel checklist,5,,250,135,0.54
voyage-itineraires,CheckMyTrip,travel checklist & log,5,,249,39,0.69
voyage-itineraires,CheckMyTrip,packing list - packgoat,5,,237,211,0.49
voyage-itineraires,CheckMyTrip,viharo: travel packing list,5,,238,200,0.50
voyage-itineraires,CheckMyTrip,lark travel,5,20,250,195,0.50
voyage-itineraires,CheckMyTrip,travel kit,5,,246,97,0.57
voyage-itineraires,CheckMyTrip,travel remover,5,,249,13,0.93
voyage-itineraires,CheckMyTrip,trip itinerary alerts,5,,247,2,2.29
voyage-itineraires,CheckMyTrip,trip safety,5,,245,129,0.54
voyage-itineraires,CheckMyTrip,trip logs,5,,239,20,0.82
voyage-itineraires,CheckMyTrip,packaging travel,5,,248,82,0.59
voyage-itineraires,CheckMyTrip,travel tranlate,5,,240,66,0.62
voyage-itineraires,CheckMyTrip,accessible vacation planner,5,,248,233,0.49
voyage-itineraires,CheckMyTrip,trips app,,93,241,42,
voyage-itineraires,CheckMyTrip,парковки,,,246,162,
voyage-itineraires,CheckMyTrip,my travel,,68,246,1,
voyage-itineraires,CheckMyTrip,travel notebook,,47,248,53,
voyage-itineraires,CheckMyTrip,travel activity generator,,,224,6,
voyage-itineraires,CheckMyTrip,work travel,,63,213,8,
voyage-itineraires,CheckMyTrip,my travels,,,211,19,
voyage-itineraires,CheckMyTrip,travel 6,,,222,7,
voyage-itineraires,CheckMyTrip,travel 11,,,198,10,
voyage-itineraires,CheckMyTrip,itinerary organizer for travel,,,227,4,
voyage-itineraires,CheckMyTrip,travel size,,,219,1,
voyage-itineraires,CheckMyTrip,travel worker,,,228,4,
voyage-itineraires,CheckMyTrip,trip[ planner,,,215,32,
voyage-itineraires,CheckMyTrip,camper trip planner,,,237,56,
voyage-itineraires,CheckMyTrip,terminal visits,,,179,4,
voyage-itineraires,CheckMyTrip,flight catch,,,197,156,
voyage-itineraires,CheckMyTrip,traveldiary,,58,245,161,
voyage-itineraires,CheckMyTrip,travel-app,,72,241,146,
voyage-itineraires,CheckMyTrip,travel application,,82,248,18,
voyage-itineraires,CheckMyTrip,travels app,,93,247,101,
voyage-itineraires,CheckMyTrip,travel applications,,82,246,16,
voyage-itineraires,CheckMyTrip,my travel planner,,82,249,11,
voyage-itineraires,CheckMyTrip,trip estimator,,92,245,240,
voyage-itineraires,CheckMyTrip,true trip cost,,68,250,200,
voyage-itineraires,CheckMyTrip,travel complate,,40,249,5,
voyage-itineraires,CheckMyTrip,hotel checker,,76,246,41,
voyage-itineraires,CheckMyTrip,airfare organizer,,,222,9,
voyage-itineraires,CheckMyTrip,layover assistant,,,198,7,
voyage-itineraires,CheckMyTrip,layover documents,,,226,15,
voyage-itineraires,CheckMyTrip,layover wallet,,,224,36,
voyage-itineraires,CheckMyTrip,boarding notebook,,,205,23,
voyage-itineraires,CheckMyTrip,luggage reminders,,,196,8,
voyage-itineraires,CheckMyTrip,suitcase assistant,,,208,7,
voyage-itineraires,CheckMyTrip,suitcase expenses,,,197,37,
voyage-itineraires,CheckMyTrip,suitcase briefing,,,227,10,
voyage-itineraires,CheckMyTrip,schengen plates ethos,,,207,19,
voyage-itineraires,CheckMyTrip,check-in guide,,,204,31,
voyage-itineraires,CheckMyTrip,flight racker,,,195,180,
voyage-itineraires,CheckMyTrip,hp print airline ticket,,,249,65,
voyage-itineraires,CheckMyTrip,flyer for missing,,,182,17,
voyage-itineraires,CheckMyTrip,iah wait times,,,207,33,
voyage-itineraires,CheckMyTrip,bordersense passport diary,,,250,156,
voyage-itineraires,CheckMyTrip,travel documents organizer,,,250,4,
voyage-itineraires,CheckMyTrip,travelradar-aviation news,,,250,109,
voyage-itineraires,CheckMyTrip,trip planner: checklist,,,245,108,
voyage-itineraires,CheckMyTrip,travel checklist assistant,,,245,31,
voyage-itineraires,CheckMyTrip,travel saver,,,250,15,
voyage-itineraires,CheckMyTrip,travel cleaner,,,249,25,
voyage-itineraires,CheckMyTrip,travel analyzer,,,248,21,
voyage-itineraires,CheckMyTrip,travel changer,,,250,9,
voyage-itineraires,CheckMyTrip,hopper: flights  hotels & cars,,,248,182,
voyage-itineraires,CheckMyTrip,expedia: hotels  flights & car,,,248,133,
voyage-itineraires,CheckMyTrip,travel to europe,,,248,13,
voyage-itineraires,CheckMyTrip,traveling with insight,,40,199,31,
voyage-itineraires,CheckMyTrip,wegotrip,,49,249,11,
voyage-itineraires,FlightTracker,wizz,82,85,238,125,8.90
voyage-itineraires,FlightTracker,united airlines app,74,77,249,207,7.35
voyage-itineraires,FlightTracker,delta airlines app,73,62,249,135,7.81
voyage-itineraires,FlightTracker,alaska airlines,68,85,249,106,7.61
voyage-itineraires,FlightTracker,in,67,100,247,131,7.21
voyage-itineraires,FlightTracker,flightradar24,65,89,248,2,29.83
voyage-itineraires,FlightTracker,f,63,100,249,198,6.30
voyage-itineraires,FlightTracker,yt,63,98,246,83,7.40
voyage-itineraires,FlightTracker,飞机,63,,245,70,7.66
voyage-itineraires,FlightTracker,volaris,63,79,79,33,9.07
voyage-itineraires,FlightTracker,flight  tracker,61,79,246,2,27.99
voyage-itineraires,FlightTracker,flight aware,60,81,248,4,17.87
voyage-itineraires,FlightTracker,ryanair,60,83,250,225,5.87
voyage-itineraires,FlightTracker,get,60,80,247,187,6.06
voyage-itineraires,FlightTracker,ro,60,100,243,63,7.45
voyage-itineraires,FlightTracker,flight tracker,59,91,247,2,27.07
voyage-itineraires,FlightTracker,air france,59,86,246,240,5.71
voyage-itineraires,FlightTracker,lightning tracker,58,93,250,169,5.96
voyage-itineraires,FlightTracker,get your guide,58,91,248,218,5.71
voyage-itineraires,FlightTracker,google flights,57,82,248,23,9.00
voyage-itineraires,FlightTracker,fly delta app,57,96,250,12,10.90
voyage-itineraires,FlightTracker,flighty,57,84,248,4,16.97
voyage-itineraires,FlightTracker,flight radar,56,88,246,4,16.67
voyage-itineraires,FlightTracker,nest thermostat app,56,,249,95,6.40
voyage-itineraires,FlightTracker,rapido,55,92,250,25,8.49
voyage-itineraires,FlightTracker,flight,54,100,248,9,11.40
voyage-itineraires,FlightTracker,myradar,53,98,248,208,5.26
voyage-itineraires,FlightTracker,wizz air,53,98,214,171,5.44
voyage-itineraires,FlightTracker,航旅纵横,53,,92,32,7.69
voyage-itineraires,FlightTracker,easyjet,51,83,250,219,5.02
voyage-itineraires,FlightTracker,cheapoair,51,75,105,99,5.78
voyage-itineraires,FlightTracker,volo,50,64,249,173,5.12
voyage-itineraires,FlightTracker,klm,49,84,155,117,5.38
voyage-itineraires,FlightTracker,flugradar,48,57,32,5,12.84
voyage-itineraires,FlightTracker,flight tracker free,47,80,248,1,47.00
voyage-itineraires,FlightTracker,plane tracker,47,81,248,3,16.38
voyage-itineraires,FlightTracker,flightaware,46,84,248,4,13.70
voyage-itineraires,FlightTracker,skiplagged,45,72,56,43,6.08
voyage-itineraires,FlightTracker,fly delta,45,96,153,106,5.04
voyage-itineraires,FlightTracker,7now,43,87,208,177,4.38
voyage-itineraires,FlightTracker,flightradar,43,85,247,4,12.80
voyage-itineraires,FlightTracker,plane finder,42,87,250,5,11.24
voyage-itineraires,FlightTracker,flight radar 24,42,82,246,2,19.27
voyage-itineraires,FlightTracker,airline butler,39,70,250,1,39.00
voyage-itineraires,FlightTracker,flugradar kostenlos,37,67,237,6,9.14
voyage-itineraires,FlightTracker,flight radar 24 free,34,83,247,3,11.85
voyage-itineraires,FlightTracker,google flights free app,32,68,248,21,5.18
voyage-itineraires,FlightTracker,british airways,31,84,249,179,3.16
voyage-itineraires,FlightTracker,mytsa,30,97,250,161,3.11
voyage-itineraires,FlightTracker,skyscanner travel deals,27,73,239,116,2.97
voyage-itineraires,FlightTracker,flight tracker live free,26,78,248,2,11.93
voyage-itineraires,FlightTracker,sunrise airways,25,,216,7,5.80
voyage-itineraires,FlightTracker,flight aware free,24,,246,2,11.01
voyage-itineraires,FlightTracker,flight view free,21,,248,7,4.87
voyage-itineraires,FlightTracker,free flight tracker app,21,,248,3,7.32
voyage-itineraires,FlightTracker,gru,20,100,141,136,2.14
voyage-itineraires,FlightTracker,[flio],20,40,20,14,3.64
voyage-itineraires,FlightTracker,bkk,19,56,237,235,1.85
voyage-itineraires,FlightTracker,flio,18,87,24,24,2.81
voyage-itineraires,FlightTracker,free flight tracker,16,81,247,3,5.58
voyage-itineraires,FlightTracker,flight tracker nz,13,81,238,2,5.97
voyage-itineraires,FlightTracker,track planes,11,,248,2,5.05
voyage-itineraires,FlightTracker,airline,9,86,248,204,0.90
voyage-itineraires,FlightTracker,planes live,9,87,247,5,2.41
voyage-itineraires,FlightTracker,flight status,9,90,242,6,2.22
voyage-itineraires,FlightTracker,flightradar24 flight tracker,9,81,240,2,4.13
voyage-itineraires,FlightTracker,fly tracker,9,82,248,2,4.13
voyage-itineraires,FlightTracker,flightradar 24,9,81,238,3,3.14
voyage-itineraires,FlightTracker,fly gps,9,,199,129,0.97
voyage-itineraires,FlightTracker,flyradar,9,,203,2,4.13
voyage-itineraires,FlightTracker,airmate,9,,87,7,2.09
voyage-itineraires,FlightTracker,quantas,9,42,214,6,2.22
voyage-itineraires,FlightTracker,decolar,9,,77,50,1.18
voyage-itineraires,FlightTracker,flying calmly,9,81,187,16,1.57
voyage-itineraires,FlightTracker,flightaware flight tracker,8,84,248,3,2.79
voyage-itineraires,FlightTracker,fly radar 24,8,75,249,2,3.67
voyage-itineraires,FlightTracker,airflight,8,96,239,41,1.09
voyage-itineraires,FlightTracker,flynas,8,,192,192,0.80
voyage-itineraires,FlightTracker,vietjet,8,,187,18,1.35
voyage-itineraires,FlightTracker,plane radar,7,83,246,15,1.25
voyage-itineraires,FlightTracker,flight scanner,7,,249,5,1.87
voyage-itineraires,FlightTracker,flight network,7,,211,71,0.85
voyage-itineraires,FlightTracker,lighter,7,54,130,129,0.76
voyage-itineraires,FlightTracker,radarflight,7,,246,6,1.73
voyage-itineraires,FlightTracker,live flight tracker,6,87,245,2,2.75
voyage-itineraires,FlightTracker,flight app,6,,247,14,1.09
voyage-itineraires,FlightTracker,air radar,6,87,246,33,0.86
voyage-itineraires,FlightTracker,eizz,6,76,244,155,0.63
voyage-itineraires,FlightTracker,air travel,5,80,247,18,0.84
voyage-itineraires,FlightTracker,flight search engines,5,87,202,25,0.77
voyage-itineraires,FlightTracker,flight tracking,5,88,247,2,2.29
voyage-itineraires,FlightTracker,track flights,5,84,246,3,1.74
voyage-itineraires,FlightTracker,flight track,5,90,247,2,2.29
voyage-itineraires,FlightTracker,track my flight,5,85,246,2,2.29
voyage-itineraires,FlightTracker,airline flight tracker,5,93,248,1,5.00
voyage-itineraires,FlightTracker,track airplane,5,80,245,3,1.74
voyage-itineraires,FlightTracker,flight tracker 24,5,80,244,2,2.29
voyage-itineraires,FlightTracker,flight radar tracker,5,,213,4,1.49
voyage-itineraires,FlightTracker,airplane radar,5,81,245,107,0.56
voyage-itineraires,FlightTracker,fly radar,5,81,247,2,2.29
voyage-itineraires,FlightTracker,flyaware,5,,179,3,1.74
voyage-itineraires,FlightTracker,planes live flight tracker,5,,235,4,1.49
voyage-itineraires,FlightTracker,skyscanner app,5,,214,38,0.70
voyage-itineraires,FlightTracker,hopper flights,5,,227,92,0.58
voyage-itineraires,FlightTracker,snapchat tracker,5,,188,63,0.62
voyage-itineraires,FlightTracker,jetradar,5,89,250,164,0.52
voyage-itineraires,FlightTracker,app in the air,5,96,248,4,1.49
voyage-itineraires,FlightTracker,airplane tracker,5,80,248,5,1.34
voyage-itineraires,FlightTracker,flightradar24 free,5,,204,3,1.74
voyage-itineraires,FlightTracker,airline tracker,5,85,248,4,1.49
voyage-itineraires,FlightTracker,flightrader24,5,,187,3,1.74
voyage-itineraires,FlightTracker,flight schedule pro,5,85,205,7,1.16
voyage-itineraires,FlightTracker,flight finder,5,93,247,12,0.96
voyage-itineraires,FlightTracker,air traffic control radio,5,,247,12,0.96
voyage-itineraires,FlightTracker,ryan air,5,77,237,99,0.57
voyage-itineraires,FlightTracker,priority pass app,5,,218,135,0.54
voyage-itineraires,FlightTracker,flight tonight,5,,234,40,0.69
voyage-itineraires,FlightTracker,fliegen,5,75,243,141,0.53
voyage-itineraires,FlightTracker,flight booking,5,84,232,82,0.59
voyage-itineraires,FlightTracker,flight checker,5,,250,5,1.34
voyage-itineraires,FlightTracker,flight information,5,98,246,18,0.84
voyage-itineraires,FlightTracker,planefinder,5,,249,4,1.49
voyage-itineraires,FlightTracker,plane finder flight tracker,5,,238,5,1.34
voyage-itineraires,FlightTracker,flightview,5,83,190,4,1.49
voyage-itineraires,FlightTracker,flug radar,5,,207,4,1.49
voyage-itineraires,FlightTracker,flight info,5,84,210,8,1.10
voyage-itineraires,FlightTracker,air traffic radar,5,82,250,13,0.93
voyage-itineraires,FlightTracker,helicopter tracker,5,80,248,12,0.96
voyage-itineraires,FlightTracker,air navigation pro,5,,193,20,0.82
voyage-itineraires,FlightTracker,plane tracker live,5,54,246,5,1.34
voyage-itineraires,FlightTracker,free plane tracker,5,,223,4,1.49
voyage-itineraires,FlightTracker,radar flight,5,,197,2,2.29
voyage-itineraires,FlightTracker,wien,5,64,185,161,0.52
voyage-itineraires,FlightTracker,vol suivi,5,80,196,3,1.74
voyage-itineraires,FlightTracker,plane identifier,5,90,250,14,0.91
voyage-itineraires,FlightTracker,track plane,5,,197,2,2.29
voyage-itineraires,FlightTracker,radar de aviones,5,,220,3,1.74
voyage-itineraires,FlightTracker,live flight,5,87,242,72,0.60
voyage-itineraires,FlightTracker,fore flight,5,,189,18,0.84
voyage-itineraires,FlightTracker,avio,5,,223,87,0.58
voyage-itineraires,FlightTracker,flight planning,5,85,214,133,0.54
voyage-itineraires,FlightTracker,following tracker,5,,228,78,0.59
voyage-itineraires,FlightTracker,nachtlicht,5,42,230,106,0.56
voyage-itineraires,FlightTracker,skyscanner stars,5,,180,120,0.55
voyage-itineraires,FlightTracker,flights tracker,5,82,244,2,2.29
voyage-itineraires,FlightTracker,delta flight tracker,5,,198,3,1.74
voyage-itineraires,FlightTracker,where's my refund,5,,170,103,0.56
voyage-itineraires,FlightTracker,sales tracker app,5,,222,65,0.62
voyage-itineraires,FlightTracker,flight tracker live,5,82,247,7,1.16
voyage-itineraires,FlightTracker,live tracker,5,100,248,1,5.00
voyage-itineraires,FlightTracker,privacy tracker,5,,228,73,0.60
voyage-itineraires,FlightTracker,radar fly,5,,191,3,1.74
voyage-itineraires,FlightTracker,ligero,5,44,154,143,0.53
voyage-itineraires,FlightTracker,a7,5,,230,185,0.51
voyage-itineraires,FlightTracker,радар детектор,5,49,214,98,0.57
voyage-itineraires,FlightTracker,lax,5,89,182,57,0.63
voyage-itineraires,FlightTracker,egypt travel,5,43,206,85,0.58
voyage-itineraires,FlightTracker,suivi du temps,5,40,245,112,0.55
voyage-itineraires,FlightTracker,for flight,5,,225,17,0.86
voyage-itineraires,FlightTracker,plane tracker app,5,79,230,4,1.49
voyage-itineraires,FlightTracker,manchester city aposta,5,42,58,1,5.00
voyage-itineraires,FlightTracker,impala studios,5,80,145,2,2.29
voyage-itineraires,FlightTracker,b/a,5,85,248,43,0.68
voyage-itineraires,FlightTracker,protracker plus,5,,219,5,1.34
voyage-itineraires,FlightTracker,myra,5,100,236,142,0.53
voyage-itineraires,FlightTracker,flight radar & tracker,5,71,234,35,0.71
voyage-itineraires,FlightTracker,航班,5,,221,4,1.49
voyage-itineraires,FlightTracker,staff travel,5,,221,116,0.55
voyage-itineraires,FlightTracker,flight tracker app,5,85,248,2,2.29
voyage-itineraires,FlightTracker,flight radar free,5,,227,4,1.49
voyage-itineraires,FlightTracker,flight list,5,,196,16,0.87
voyage-itineraires,FlightTracker,flight rader,5,,207,5,1.34
voyage-itineraires,FlightTracker,statu,5,80,219,127,0.54
voyage-itineraires,FlightTracker,brussels,5,56,176,37,0.70
voyage-itineraires,FlightTracker,make 24,5,,233,93,0.57
voyage-itineraires,FlightTracker,airport tracker,5,80,239,3,1.74
voyage-itineraires,FlightTracker,unmatched,5,51,56,23,0.79
voyage-itineraires,FlightTracker,get faster,5,,193,183,0.51
voyage-itineraires,FlightTracker,flight tracker zrh,5,69,236,17,0.86
voyage-itineraires,FlightTracker,fly united,5,,209,81,0.59
voyage-itineraires,FlightTracker,airline flight status tracker,5,,207,3,1.74
voyage-itineraires,FlightTracker,flight update pro,5,,200,6,1.24
voyage-itineraires,FlightTracker,appines,5,64,45,27,0.76
voyage-itineraires,FlightTracker,live air,5,,222,36,0.70
voyage-itineraires,FlightTracker,fin air,5,45,57,48,0.66
voyage-itineraires,FlightTracker,sylight,5,76,247,158,0.52
voyage-itineraires,FlightTracker,directions de v,5,87,246,196,0.50
voyage-itineraires,FlightTracker,sun tracker app,5,,219,76,0.60
voyage-itineraires,FlightTracker,traccia,5,49,237,66,0.62
voyage-itineraires,FlightTracker,5 reel,5,92,245,42,0.68
voyage-itineraires,FlightTracker,проще,5,45,44,41,0.68
voyage-itineraires,FlightTracker,suivre,5,48,244,10,1.02
voyage-itineraires,FlightTracker,status update,5,91,157,95,0.57
voyage-itineraires,FlightTracker,delta tracker,5,,203,4,1.49
voyage-itineraires,FlightTracker,شمارش گر ذکر,5,87,275,72,0.60
voyage-itineraires,FlightTracker,rastreador en línea,5,33,62,46,0.67
voyage-itineraires,FlightTracker,b&,5,88,228,113,0.55
voyage-itineraires,FlightTracker,skyscanner – travel deals,5,74,240,92,0.58
voyage-itineraires,FlightTracker,追踪器,5,50,249,209,0.50
voyage-itineraires,FlightTracker,旅行追踪器,5,44,191,10,1.02
voyage-itineraires,FlightTracker,air radar: flight tracker,5,81,237,4,1.49
voyage-itineraires,FlightTracker,билеты аэрофлот,5,69,69,38,0.70
voyage-itineraires,FlightTracker,step route tracker,5,46,230,79,0.59
voyage-itineraires,FlightTracker,Airtravel,5,94,245,12,0.96
voyage-itineraires,FlightTracker,jizz,5,78,241,118,0.55
voyage-itineraires,FlightTracker,freeflight tracker,5,81,248,3,1.74
voyage-itineraires,FlightTracker,soaring tracker,5,40,249,210,0.50
voyage-itineraires,FlightTracker,vliegtuig app,5,78,174,15,0.89
voyage-itineraires,FlightTracker,running tracker step tracker,5,,219,195,0.50
voyage-itineraires,FlightTracker,tracker tracking,5,52,247,171,0.51
voyage-itineraires,FlightTracker,talk live,5,91,209,120,0.55
voyage-itineraires,FlightTracker,tracker live,5,51,240,126,0.54
voyage-itineraires,FlightTracker,tracker best,5,77,227,7,1.16
voyage-itineraires,FlightTracker,flyer period tracker,5,,212,25,0.77
voyage-itineraires,FlightTracker,certain,5,30,45,24,0.78
voyage-itineraires,FlightTracker,airplane identifier,5,94,226,10,1.02
voyage-itineraires,FlightTracker,flight widget,5,80,249,6,1.24
voyage-itineraires,FlightTracker,기상레이더,5,71,230,31,0.73
voyage-itineraires,FlightTracker,레이더,5,78,225,17,0.86
voyage-itineraires,FlightTracker,make a flyer free,5,,230,76,0.60
voyage-itineraires,FlightTracker,ural,5,74,63,5,1.34
voyage-itineraires,FlightTracker,flight safety,5,,204,15,0.89
voyage-itineraires,FlightTracker,app for pilots,5,64,237,158,0.52
voyage-itineraires,FlightTracker,5min,5,,239,154,0.52
voyage-itineraires,FlightTracker,premium flights,5,77,229,95,0.57
voyage-itineraires,FlightTracker,flight alerts,5,86,245,110,0.56
voyage-itineraires,FlightTracker,flighty delay,5,81,248,61,0.63
voyage-itineraires,FlightTracker,jfk,5,69,86,44,0.67
voyage-itineraires,FlightTracker,إذا اخترت وضع متابعة الحمل:,5,87,275,123,0.54
voyage-itineraires,FlightTracker,tryai,5,81,131,125,0.54
voyage-itineraires,FlightTracker,light tracker,5,91,240,6,1.24
voyage-itineraires,FlightTracker,luggage tracker,5,67,214,4,1.49
voyage-itineraires,FlightTracker,Aviation database,5,35,200,14,0.91
voyage-itineraires,FlightTracker,Shuttle Tracker,5,50,176,18,0.84
voyage-itineraires,FlightTracker,real-time flight tracker,5,74,214,6,1.24
voyage-itineraires,FlightTracker,real time flight tracker,5,76,247,2,2.29
voyage-itineraires,FlightTracker,live flight tracking,5,81,248,3,1.74
voyage-itineraires,FlightTracker,dekhta,5,80,249,200,0.50
voyage-itineraires,FlightTracker,cheap ai,5,72,235,141,0.53
voyage-itineraires,FlightTracker,reels for business,5,98,247,239,0.48
voyage-itineraires,FlightTracker,airtrack,5,,193,6,1.24
voyage-itineraires,FlightTracker,الرادار,5,70,248,6,1.24
voyage-itineraires,FlightTracker,1win aviator app,5,61,212,13,0.93
voyage-itineraires,FlightTracker,"live lines",5,65,240,184,0.51
voyage-itineraires,FlightTracker,wantas,5,72,40,25,0.77
voyage-itineraires,FlightTracker,emirates card,5,45,214,192,0.50
voyage-itineraires,FlightTracker,online trackerr,5,40,232,75,0.60
voyage-itineraires,FlightTracker,flight data,5,87,246,6,1.24
voyage-itineraires,FlightTracker,priority tracker,5,69,36,7,1.16
voyage-itineraires,FlightTracker,متابعه,5,77,210,113,0.55
voyage-itineraires,FlightTracker,lingues,5,77,206,3,1.74
voyage-itineraires,FlightTracker,diamond tracker,5,,225,35,0.71
voyage-itineraires,FlightTracker,追蹤,5,91,249,201,0.50
voyage-itineraires,FlightTracker,tracker  starlink,5,,216,26,0.76
voyage-itineraires,FlightTracker,实时地图,5,84,226,205,0.50
voyage-itineraires,FlightTracker,方向,5,52,216,132,0.54
voyage-itineraires,FlightTracker,det tracker,5,49,247,188,0.50
voyage-itineraires,FlightTracker,volatile,5,84,163,160,0.52
voyage-itineraires,FlightTracker,レーダーマップ,5,68,123,23,0.79
voyage-itineraires,FlightTracker,추적기,5,51,249,70,0.61
voyage-itineraires,FlightTracker,offline flight tracker,5,86,247,6,1.24
voyage-itineraires,FlightTracker,flight tracker offline,5,81,238,1,5.00
voyage-itineraires,FlightTracker,where watch,5,85,141,87,0.58
voyage-itineraires,FlightTracker,onboard flight tracker,5,77,236,3,1.74
voyage-itineraires,FlightTracker,In-Flight,5,81,222,30,0.74
voyage-itineraires,FlightTracker,In Flight,5,96,242,5,1.34
voyage-itineraires,FlightTracker,impala studio,5,29,218,18,0.84
voyage-itineraires,FlightTracker,plan tracker,5,82,248,7,1.16
voyage-itineraires,FlightTracker,present tracker,5,64,224,16,0.87
voyage-itineraires,FlightTracker,fly breeze,5,,128,13,0.93
voyage-itineraires,FlightTracker,volume reverse,5,45,247,138,0.53
voyage-itineraires,FlightTracker,light Tracker Live,5,75,228,32,0.73
voyage-itineraires,FlightTracker,Online Silver,5,85,84,54,0.64
voyage-itineraires,FlightTracker,flights track,5,85,243,2,2.29
voyage-itineraires,FlightTracker,flight tracker airplane radar,5,,241,6,1.24
voyage-itineraires,FlightTracker,On-the-fly,5,79,189,56,0.64
voyage-itineraires,FlightTracker,vizz,5,88,224,210,0.50
voyage-itineraires,FlightTracker,airport airline avia aeroport,5,29,209,109,0.56
voyage-itineraires,FlightTracker,travel logcountry tracker,5,41,220,11,0.98
voyage-itineraires,FlightTracker,trip radar,5,95,247,5,1.34
voyage-itineraires,FlightTracker,v tracker,5,47,244,109,0.56
voyage-itineraires,FlightTracker,b\,5,58,239,104,0.56
voyage-itineraires,FlightTracker,Quantis,5,40,167,20,0.82
voyage-itineraires,FlightTracker,tracker waste,5,34,217,5,1.34
voyage-itineraires,FlightTracker,real time flight,5,71,208,11,0.98
voyage-itineraires,FlightTracker,flight delta app,5,,200,18,0.84
voyage-itineraires,FlightTracker,airport terminal map,5,,210,106,0.56
voyage-itineraires,FlightTracker,tdf tracker,5,,219,11,0.98
voyage-itineraires,FlightTracker,flight details,5,87,249,6,1.24
voyage-itineraires,FlightTracker,craft24,5,64,38,8,1.10
voyage-itineraires,FlightTracker,air pods tracker,5,42,242,114,0.55
voyage-itineraires,FlightTracker,büt.e,5,35,240,172,0.51
voyage-itineraires,FlightTracker,location trackere,5,63,227,217,0.49
voyage-itineraires,FlightTracker,mobile hotspot data tracker,5,40,212,41,0.68
voyage-itineraires,FlightTracker,flights scraper,5,27,220,49,0.66
voyage-itineraires,FlightTracker,whereas,5,79,51,14,0.91
voyage-itineraires,FlightTracker,flight tracker +,5,85,236,1,5.00
voyage-itineraires,FlightTracker,flylight,5,95,247,9,1.06
voyage-itineraires,FlightTracker,travelled,5,50,225,57,0.63
voyage-itineraires,FlightTracker,travels day tracker,5,43,232,16,0.87
voyage-itineraires,FlightTracker,schedule tracking,5,46,246,20,0.82
voyage-itineraires,FlightTracker,airdrop tracker,5,42,214,5,1.34
voyage-itineraires,FlightTracker,migreine tracker,5,29,230,6,1.24
voyage-itineraires,FlightTracker,ppg flight tracker,5,40,246,52,0.65
voyage-itineraires,FlightTracker,paraglide flight tracker,5,41,244,32,0.73
voyage-itineraires,FlightTracker,gizz,5,56,232,126,0.54
voyage-itineraires,FlightTracker,live theme,5,69,232,106,0.56
voyage-itineraires,FlightTracker,o5,5,49,245,60,0.63
voyage-itineraires,FlightTracker,fear of flyinh,5,66,124,13,0.93
voyage-itineraires,FlightTracker,live planning,5,70,216,168,0.51
voyage-itineraires,FlightTracker,flight trader 24,5,82,247,2,2.29
voyage-itineraires,FlightTracker,live flight view,5,49,218,6,1.24
voyage-itineraires,FlightTracker,flightaware24,5,74,103,6,1.24
voyage-itineraires,FlightTracker,plane trarcker,5,35,206,5,1.34
voyage-itineraires,FlightTracker,moive tracker,5,36,237,117,0.55
voyage-itineraires,FlightTracker,flight tracker apps similar to flightrad,5,57,239,2,2.29
voyage-itineraires,FlightTracker,atrasado,5,42,235,120,0.55
voyage-itineraires,FlightTracker,live airplane tracker,5,,205,8,1.10
voyage-itineraires,FlightTracker,find flight,5,95,245,221,0.49
voyage-itineraires,FlightTracker,mobile flight tracker,5,78,234,4,1.49
voyage-itineraires,FlightTracker,sunme,5,,243,72,0.60
voyage-itineraires,FlightTracker,living\,5,26,235,129,0.54
voyage-itineraires,FlightTracker,saturn tracker,5,,211,21,0.81
voyage-itineraires,FlightTracker,online status checker,5,,29,15,0.89
voyage-itineraires,FlightTracker,leave tracker,5,62,224,23,0.79
voyage-itineraires,FlightTracker,fly ai app,5,,233,16,0.87
voyage-itineraires,FlightTracker,prioritizer,5,52,195,46,0.67
voyage-itineraires,FlightTracker,flyai,5,,245,26,0.76
voyage-itineraires,FlightTracker,airline identifier,5,,231,53,0.64
voyage-itineraires,FlightTracker,returns tracker,5,,224,22,0.80
voyage-itineraires,FlightTracker,%08tracker%20app,5,74,230,13,0.93
voyage-itineraires,FlightTracker,flight%20tracker,5,42,242,14,0.91
voyage-itineraires,FlightTracker,gemini%20tracker,5,72,244,3,1.74
voyage-itineraires,FlightTracker,flight%20pilot,5,81,210,23,0.79
voyage-itineraires,FlightTracker,airline%20apps,5,86,211,43,0.68
voyage-itineraires,FlightTracker,flight%20planner,5,78,216,30,0.74
voyage-itineraires,FlightTracker,aircraft%20tracker,5,81,242,90,0.58
voyage-itineraires,FlightTracker,hab%C4%B1t%20tracker,5,42,227,13,0.93
voyage-itineraires,FlightTracker,%E5%96%B5%E5%96%B5,5,76,248,3,1.74
voyage-itineraires,FlightTracker,live%20flight%20tracker,5,69,238,62,0.62
voyage-itineraires,FlightTracker,loop%20habit%20tracker,5,57,224,11,0.98
voyage-itineraires,FlightTracker,flight%20status,5,82,222,6,1.24
voyage-itineraires,FlightTracker,track%20flights,5,80,244,5,1.34
voyage-itineraires,FlightTracker,uscis%20tracker,5,66,235,57,0.63
voyage-itineraires,FlightTracker,case%20tracker,5,75,236,8,1.10
voyage-itineraires,FlightTracker,airplane%20mode,5,63,239,23,0.79
voyage-itineraires,FlightTracker,flight%20plan,5,82,215,24,0.78
voyage-itineraires,FlightTracker,dji%20mimo,5,46,235,48,0.66
voyage-itineraires,FlightTracker,%E3%83%A1%E3%83%A2,5,68,236,81,0.59
voyage-itineraires,FlightTracker,microsoft%20flight%20simulator,5,88,208,8,1.10
voyage-itineraires,FlightTracker,free%20food%20tracker,5,60,250,184,0.51
voyage-itineraires,FlightTracker,flight%20finder,5,70,209,12,0.96
voyage-itineraires,FlightTracker,american%20airlines%20app,5,75,233,45,0.67
voyage-itineraires,FlightTracker,airplane%20tracker,5,76,235,4,1.49
voyage-itineraires,FlightTracker,plane%20tracker,5,66,205,6,1.24
voyage-itineraires,FlightTracker,%D8%A7%D9%84%D8%B5%D9%84%D8%A7%D8%A9,5,72,242,200,0.50
voyage-itineraires,FlightTracker,air%20radar%3A%20flight%20tracker,5,80,221,6,1.24
voyage-itineraires,FlightTracker,love%20tracker,5,50,225,3,1.74
voyage-itineraires,FlightTracker,hummingbird%20tracker,5,68,226,5,1.34
voyage-itineraires,FlightTracker,cabin%20control,5,69,240,28,0.75
voyage-itineraires,FlightTracker,aviation%20weather%20gov,5,52,236,106,0.56
voyage-itineraires,FlightTracker,flight%20radar,5,77,213,9,1.06
voyage-itineraires,FlightTracker,rastrear%20paquetes,5,86,227,55,0.64
voyage-itineraires,FlightTracker,code release tracker,5,,233,8,1.10
voyage-itineraires,FlightTracker,find similar,5,41,195,145,0.53
voyage-itineraires,FlightTracker,protfolio tracker,5,,218,5,1.34
voyage-itineraires,FlightTracker,plans tracker,5,82,247,3,1.74
voyage-itineraires,FlightTracker,free%20flight%20tracker,5,79,247,4,1.49
voyage-itineraires,FlightTracker,airline%20tracker,5,,203,11,0.98
voyage-itineraires,FlightTracker,flight%20tracker%20free,5,83,246,2,2.29
voyage-itineraires,FlightTracker,app%20in%20the%20air,5,,245,171,0.51
voyage-itineraires,FlightTracker,cloud%20battery,5,,230,8,1.10
voyage-itineraires,FlightTracker,track my travel,5,,217,9,1.06
voyage-itineraires,FlightTracker,cruise ship tracking,5,,214,75,0.60
voyage-itineraires,FlightTracker,flight reading,5,,197,30,0.74
voyage-itineraires,FlightTracker,usics,5,34,209,189,0.50
voyage-itineraires,FlightTracker,flight safety score,5,68,218,21,0.81
voyage-itineraires,FlightTracker,flight explorer,5,,195,10,1.02
voyage-itineraires,FlightTracker,flight tourism,5,,216,35,0.71
voyage-itineraires,FlightTracker,airplane track 3d,5,,209,7,1.16
voyage-itineraires,FlightTracker,رحلة مسار,5,57,249,30,0.74
voyage-itineraires,FlightTracker,vise travel tracker,5,,229,7,1.16
voyage-itineraires,FlightTracker,flight itinerary,5,86,200,8,1.10
voyage-itineraires,FlightTracker,fight  status,5,,235,65,0.62
voyage-itineraires,FlightTracker,meteor tracking,5,,211,50,0.65
voyage-itineraires,FlightTracker,thee identifier,5,,245,217,0.49
voyage-itineraires,FlightTracker,airlines managment,5,,204,34,0.71
voyage-itineraires,FlightTracker,flight tracker interactive widgets,5,,247,20,0.82
voyage-itineraires,FlightTracker,flight tracker shortcuts,5,77,243,13,0.93
voyage-itineraires,FlightTracker,flight tracker simple,5,79,242,2,2.29
voyage-itineraires,FlightTracker,flight tracker siri,5,,195,2,2.29
voyage-itineraires,FlightTracker,boa tracker,5,,210,11,0.98
voyage-itineraires,FlightTracker,5-min,5,89,245,73,0.60
voyage-itineraires,FlightTracker,trainline tracker,5,,196,9,1.06
voyage-itineraires,FlightTracker,sky radar 24,5,,223,47,0.66
voyage-itineraires,FlightTracker,tracker travel,5,,245,42,0.68
voyage-itineraires,FlightTracker,focuflight,5,,200,4,1.49
voyage-itineraires,FlightTracker,dark theme.,5,,245,226,0.49
voyage-itineraires,FlightTracker,retraso,5,63,195,24,0.78
voyage-itineraires,FlightTracker,ship ment tracker,5,,213,49,0.66
voyage-itineraires,FlightTracker,drone flight logger,5,,212,8,1.10
voyage-itineraires,FlightTracker,flight delay tracker,5,,233,1,5.00
voyage-itineraires,FlightTracker,femta,5,80,249,221,0.49
voyage-itineraires,FlightTracker,airplane mode app,5,,230,29,0.74
voyage-itineraires,FlightTracker,been: track,5,,233,19,0.83
voyage-itineraires,FlightTracker,find flayer,5,,249,185,0.51
voyage-itineraires,FlightTracker,flight disruptions,5,,197,23,0.79
voyage-itineraires,FlightTracker,colarix,5,77,113,101,0.56
voyage-itineraires,FlightTracker,airport flights,5,97,245,6,1.24
voyage-itineraires,FlightTracker,travel countries tracker,5,,235,53,0.64
voyage-itineraires,FlightTracker,air superfans,5,,173,52,0.65
voyage-itineraires,FlightTracker,fight or flight mode,5,,235,124,0.54
voyage-itineraires,FlightTracker,flip tracker,5,28,238,92,0.58
voyage-itineraires,FlightTracker,weather tracker simple,5,,211,121,0.55
voyage-itineraires,FlightTracker,dj tracker,5,,176,13,0.93
voyage-itineraires,FlightTracker,ice tracker,5,87,223,9,1.06
voyage-itineraires,FlightTracker,popular radar tracking applications,5,,239,15,0.89
voyage-itineraires,FlightTracker,arta tracker,5,,227,3,1.74
voyage-itineraires,FlightTracker,scanner app tracker,5,,224,69,0.61
voyage-itineraires,FlightTracker,tracker apps tracker,5,53,242,168,0.51
voyage-itineraires,FlightTracker,passport best tracker,5,,224,3,1.74
voyage-itineraires,FlightTracker,airside tracker,5,,228,4,1.49
voyage-itineraires,FlightTracker,passport free,5,,247,112,0.55
voyage-itineraires,FlightTracker,plus free,5,,236,175,0.51
voyage-itineraires,FlightTracker,booth tracker free,5,,246,233,0.49
voyage-itineraires,FlightTracker,airside digital app,5,,220,17,0.86
voyage-itineraires,FlightTracker,passport app tracker,5,,226,10,1.02
voyage-itineraires,FlightTracker,passport tracker app,5,,229,13,0.93
voyage-itineraires,FlightTracker,passport airside best,5,,238,57,0.63
voyage-itineraires,FlightTracker,unit lite tracker,5,80,247,40,0.69
voyage-itineraires,FlightTracker,focus traveller tracker,5,,221,2,2.29
voyage-itineraires,FlightTracker,expensify travel tracker,5,,217,13,0.93
voyage-itineraires,FlightTracker,radar live tracker,5,,228,8,1.10
voyage-itineraires,FlightTracker,tracker pro scanner,5,,231,38,0.70
voyage-itineraires,FlightTracker,arta tracker scanner,5,,225,5,1.34
voyage-itineraires,FlightTracker,arta tracker maker,5,,219,11,0.98
voyage-itineraires,FlightTracker,flights travel scanner,5,,236,43,0.68
voyage-itineraires,FlightTracker,flights cars tracker,5,,208,3,1.74
voyage-itineraires,FlightTracker,fly editor tracker,5,,212,3,1.74
voyage-itineraires,FlightTracker,invoice simple tracker tracker,5,,232,68,0.61
voyage-itineraires,FlightTracker,fly maker tracker,5,,212,3,1.74
voyage-itineraires,FlightTracker,flight radar scanner,5,58,241,98,0.57
voyage-itineraires,FlightTracker,flights tracker maker,5,,200,5,1.34
voyage-itineraires,FlightTracker,cycle trackers tracker,5,,210,100,0.57
voyage-itineraires,FlightTracker,walking tracker editor tracker,5,,218,42,0.68
voyage-itineraires,FlightTracker,calculator air editor tracker,5,,215,14,0.91
voyage-itineraires,FlightTracker,air math tracker maker,5,,206,3,1.74
voyage-itineraires,FlightTracker,pro scan tracker,5,,240,27,0.76
voyage-itineraires,FlightTracker,fix your tracker,5,,222,15,0.89
voyage-itineraires,FlightTracker,reels travel,5,40,247,208,0.50
voyage-itineraires,FlightTracker,reels to travel,5,85,246,228,0.49
voyage-itineraires,FlightTracker,flight ai,5,,216,44,0.67
voyage-itineraires,FlightTracker,neon board,5,,220,58,0.63
voyage-itineraires,FlightTracker,flight status  track flight  flight dela,5,,205,10,1.02
voyage-itineraires,FlightTracker,voyy: travel map & tracker,5,,182,8,1.10
voyage-itineraires,FlightTracker,plane seats,5,,222,19,0.83
voyage-itineraires,FlightTracker,mapa vuelos,5,91,246,46,0.67
voyage-itineraires,FlightTracker,flight alert app,5,80,246,26,0.76
voyage-itineraires,FlightTracker,tracking device detect,5,,243,186,0.51
voyage-itineraires,FlightTracker,flight delay alerts,5,68,238,13,0.93
voyage-itineraires,FlightTracker,delay alerts,5,68,201,2,2.29
voyage-itineraires,FlightTracker,flight tracker – sofly,5,81,216,7,1.16
voyage-itineraires,FlightTracker,track flight status,5,73,222,10,1.02
voyage-itineraires,FlightTracker,departure tracker,5,,211,4,1.49
voyage-itineraires,FlightTracker,查看器,5,,214,30,0.74
voyage-itineraires,FlightTracker,flight alarm,5,,225,3,1.74
voyage-itineraires,FlightTracker,the sky live,5,,202,139,0.53
voyage-itineraires,FlightTracker,simptom tracker,5,,218,46,0.67
voyage-itineraires,FlightTracker,fight the night,5,,201,173,0.51
voyage-itineraires,FlightTracker,scooter maintenance tracker,5,,231,35,0.71
voyage-itineraires,FlightTracker,ai flight price tracker,5,,218,19,0.83
voyage-itineraires,FlightTracker,tracker blocker app,5,,232,78,0.59
voyage-itineraires,FlightTracker,khana tracker,5,,216,6,1.24
voyage-itineraires,FlightTracker,accelerometer tracker,5,,217,21,0.81
voyage-itineraires,FlightTracker,similar clean,5,,244,226,0.49
voyage-itineraires,FlightTracker,airtracker,5,87,249,5,1.34
voyage-itineraires,FlightTracker,flight rada,5,72,201,11,0.98
voyage-itineraires,FlightTracker,live plane tracking,5,,211,4,1.49
voyage-itineraires,FlightTracker,manual subscription tracker.,5,,236,45,0.67
voyage-itineraires,FlightTracker,find air tracker,5,,240,29,0.74
voyage-itineraires,FlightTracker,colors the,5,95,237,221,0.49
voyage-itineraires,FlightTracker,ridevy,5,78,205,74,0.60
voyage-itineraires,FlightTracker,ing tracker,5,,244,184,0.51
voyage-itineraires,FlightTracker,flight tracker & live rador,5,,237,16,0.87
voyage-itineraires,FlightTracker,volens,5,,12,2,2.29
voyage-itineraires,FlightTracker,flight trackerskyscanner,5,,241,29,0.74
voyage-itineraires,FlightTracker,remove trackers,5,,211,9,1.06
voyage-itineraires,FlightTracker,flight radar flights tracker,5,,207,4,1.49
voyage-itineraires,FlightTracker,flight lane,5,,199,31,0.73
voyage-itineraires,FlightTracker,lane flight,5,,226,46,0.67
voyage-itineraires,FlightTracker,flight chaser,5,,206,13,0.93
voyage-itineraires,FlightTracker,flight follower,5,,249,4,1.49
voyage-itineraires,FlightTracker,flight reports,5,,202,33,0.72
voyage-itineraires,FlightTracker,flight report,5,,229,96,0.57
voyage-itineraires,FlightTracker,flight statistics,5,,246,4,1.49
voyage-itineraires,FlightTracker,flight statistic,5,,203,29,0.74
voyage-itineraires,FlightTracker,flightradar24 |,5,,218,2,2.29
voyage-itineraires,FlightTracker,american flight,5,,193,42,0.68
voyage-itineraires,FlightTracker,glight view,5,,175,8,1.10
voyage-itineraires,FlightTracker,free flighttracker,5,,247,3,1.74
voyage-itineraires,FlightTracker,around the,5,86,168,165,0.52
voyage-itineraires,FlightTracker,planetracker,5,,247,3,1.74
voyage-itineraires,FlightTracker,flight tracker live live,5,,215,5,1.34
voyage-itineraires,FlightTracker,the flight aware app,5,,246,8,1.10
voyage-itineraires,FlightTracker,flighty free,5,,185,8,1.10
voyage-itineraires,FlightTracker,track lights,5,,237,226,0.49
voyage-itineraires,FlightTracker,flight circle,5,,196,15,0.89
voyage-itineraires,FlightTracker,flightstatis,5,,179,5,1.34
voyage-itineraires,FlightTracker,apps with airline information,5,,189,1,5.00
voyage-itineraires,FlightTracker,fly radar flight tracker 24,5,,215,1,5.00
voyage-itineraires,FlightTracker,aircarft tracker,5,,220,7,1.16
voyage-itineraires,FlightTracker,fly trackẻ,5,,247,162,0.52
voyage-itineraires,FlightTracker,fly information,5,,190,33,0.72
voyage-itineraires,FlightTracker,delay aware,5,,216,3,1.74
voyage-itineraires,FlightTracker,canceled flights,5,,218,33,0.72
voyage-itineraires,FlightTracker,flightsy,5,,184,11,0.98
voyage-itineraires,FlightTracker,air craft radar,5,,204,8,1.10
voyage-itineraires,FlightTracker,flightsrader24,5,,207,3,1.74
voyage-itineraires,FlightTracker,cheapoair: cheap flight deals,5,,215,126,0.54
voyage-itineraires,FlightTracker,dating days tracker,5,,217,97,0.57
voyage-itineraires,FlightTracker,destination tracker,5,,227,43,0.68
voyage-itineraires,FlightTracker,flight house,5,,191,38,0.70
voyage-itineraires,FlightTracker,flight overhead,5,,207,10,1.02
voyage-itineraires,FlightTracker,flight radar airplane tracker,5,,212,13,0.93
voyage-itineraires,FlightTracker,flight upgrade tracker,5,,207,3,1.74
voyage-itineraires,FlightTracker,flightradar ai24,5,,204,3,1.74
voyage-itineraires,FlightTracker,flightradar free,5,,215,4,1.49
voyage-itineraires,FlightTracker,flightradarcom,5,,187,3,1.74
voyage-itineraires,FlightTracker,fly pittsburgh,5,,147,49,0.66
voyage-itineraires,FlightTracker,flyer template free,5,,223,118,0.55
voyage-itineraires,FlightTracker,free subscription tracker,5,,246,99,0.57
voyage-itineraires,FlightTracker,jsx: how i fly,5,,178,32,0.73
voyage-itineraires,FlightTracker,luggage tag by brookstone,5,,221,24,0.78
voyage-itineraires,FlightTracker,ny radar,5,,211,193,0.50
voyage-itineraires,FlightTracker,popular vacation tracking apps,5,,218,61,0.63
voyage-itineraires,FlightTracker,rad review easy,5,,221,146,0.53
voyage-itineraires,FlightTracker,relationship date tracker,5,,230,76,0.60
voyage-itineraires,FlightTracker,relationship event tracker app,5,,240,99,0.57
voyage-itineraires,FlightTracker,sing in reverse,5,,223,192,0.50
voyage-itineraires,FlightTracker,department the,5,,231,102,0.56
voyage-itineraires,FlightTracker,breeze with,5,,39,6,1.24
voyage-itineraires,FlightTracker,safe tracking app,5,,222,73,0.60
voyage-itineraires,FlightTracker,save tracking app,5,,234,89,0.58
voyage-itineraires,FlightTracker,relationship. tracker,5,,239,103,0.56
voyage-itineraires,FlightTracker,sobar tracker,5,,236,80,0.59
voyage-itineraires,FlightTracker,rideshare tracker,5,53,223,22,0.80
voyage-itineraires,FlightTracker,surgery tracker,5,,223,20,0.82
voyage-itineraires,FlightTracker,flights finder,5,,218,11,0.98
voyage-itineraires,FlightTracker,flights scanner,5,83,248,132,0.54
voyage-itineraires,FlightTracker,flights alerts,5,,205,13,0.93
voyage-itineraires,FlightTracker,flights guide,5,,198,46,0.67
voyage-itineraires,FlightTracker,hotels tracker,5,,195,37,0.70
voyage-itineraires,FlightTracker,aclohol free tracker,5,58,237,13,0.93
voyage-itineraires,FlightTracker,uap tracker,5,,216,19,0.83
voyage-itineraires,FlightTracker,all in one tracker,5,36,229,51,0.65
voyage-itineraires,FlightTracker,ios what gentle iphone tracker app,5,,209,32,0.73
voyage-itineraires,FlightTracker,live activity flight,5,,209,7,1.16
voyage-itineraires,FlightTracker,birds tracker,5,,200,21,0.81
voyage-itineraires,FlightTracker,airdroid parental control game,5,,209,70,0.61
voyage-itineraires,FlightTracker,reddit free airdroid parental control,5,,221,63,0.62
voyage-itineraires,FlightTracker,airport alerts,5,66,245,102,0.56
voyage-itineraires,FlightTracker,customs finder,5,,227,1,5.00
voyage-itineraires,FlightTracker,customs tracker,5,,231,5,1.34
voyage-itineraires,FlightTracker,bonus tracker,5,,230,16,0.87
voyage-itineraires,FlightTracker,drop tracker,5,,228,41,0.68
voyage-itineraires,FlightTracker,roadtrip tracker,5,,222,62,0.62
voyage-itineraires,FlightTracker,sightseeing tracker,5,,215,8,1.10
voyage-itineraires,FlightTracker,daily pay free tracker,5,,236,53,0.64
voyage-itineraires,FlightTracker,advance cash free tracker,5,,224,51,0.65
voyage-itineraires,FlightTracker,advance cash tracker free,5,,220,60,0.63
voyage-itineraires,FlightTracker,daily pay free online tracker,5,,238,27,0.76
voyage-itineraires,FlightTracker,free advance cash best tracker,5,,231,55,0.64
voyage-itineraires,FlightTracker,advance cash free online tracker,5,,229,49,0.66
voyage-itineraires,FlightTracker,reviews daily check in free tracker,5,,232,39,0.69
voyage-itineraires,FlightTracker,daily check in guide free tracker,5,,230,23,0.79
voyage-itineraires,FlightTracker,daily pay free online app tracker,5,,221,36,0.70
voyage-itineraires,FlightTracker,daily pay free online best tracker,5,,232,27,0.76
voyage-itineraires,FlightTracker,atc flight,5,,217,44,0.67
voyage-itineraires,FlightTracker,photos memories guide free tracker,5,,208,10,1.02
voyage-itineraires,FlightTracker,advance cash free online free tracker,5,,230,59,0.63
voyage-itineraires,FlightTracker,advance cash free online best tracker,5,,229,39,0.69
voyage-itineraires,FlightTracker,advance cash free reminder free tracker,5,,230,35,0.71
voyage-itineraires,FlightTracker,voice memos game app free tracker,5,,218,30,0.74
voyage-itineraires,FlightTracker,voice memos game best app tracker,5,,213,23,0.79
voyage-itineraires,FlightTracker,review tracker calculator,5,67,229,34,0.71
voyage-itineraires,FlightTracker,photos memories reviews app free tracker,5,,221,30,0.74
voyage-itineraires,FlightTracker,review tracker calculator game,5,,228,36,0.70
voyage-itineraires,FlightTracker,top review tracker calculator,5,,229,30,0.74
voyage-itineraires,FlightTracker,review tracker calculator best,5,,230,41,0.68
voyage-itineraires,FlightTracker,review tracker calculator tracker,5,,233,29,0.74
voyage-itineraires,FlightTracker,ship tracker - live radar,5,,221,5,1.34
voyage-itineraires,FlightTracker,free review tracker calculator app,5,,222,45,0.67
voyage-itineraires,FlightTracker,top review tracker calculator app,5,,232,37,0.70
voyage-itineraires,FlightTracker,review tracker calculator app best,5,,225,39,0.69
voyage-itineraires,FlightTracker,review tracker calculator app online,5,,230,43,0.68
voyage-itineraires,FlightTracker,free review tracker calculator free,5,,206,32,0.73
voyage-itineraires,FlightTracker,free review tracker calculator tracker,5,,229,27,0.76
voyage-itineraires,FlightTracker,airline miles tracker,5,78,211,25,0.77
voyage-itineraires,FlightTracker,voice memos free app tracker game,5,,223,24,0.78
voyage-itineraires,FlightTracker,voice memos free app tracker app apk,5,,226,34,0.71
voyage-itineraires,FlightTracker,logic free tracker,5,,234,13,0.93
voyage-itineraires,FlightTracker,voice memos free best tracker,5,,227,34,0.71
voyage-itineraires,FlightTracker,voice memos free best tracker game,5,,207,14,0.91
voyage-itineraires,FlightTracker,voice memos free best tracker free,5,,221,32,0.73
voyage-itineraires,FlightTracker,voice memos free best tracker best,5,,224,28,0.75
voyage-itineraires,FlightTracker,voice memos free best tracker online,5,,229,31,0.73
voyage-itineraires,FlightTracker,voice memos free best tracker reminder,5,,213,24,0.78
voyage-itineraires,FlightTracker,voice memos free best tracker tips,5,,224,25,0.77
voyage-itineraires,FlightTracker,voice memos free best tracker daily,5,,230,28,0.75
voyage-itineraires,FlightTracker,voice memos free best tracker app review,5,,228,29,0.74
voyage-itineraires,FlightTracker,review voice memos free best tracker app,5,,229,25,0.77
voyage-itineraires,FlightTracker,voice memos free best tracker app guide,5,,228,27,0.76
voyage-itineraires,FlightTracker,flight tracker live radar,5,44,228,41,0.68
voyage-itineraires,FlightTracker,luggage checkup,5,,225,53,0.64
voyage-itineraires,FlightTracker,tab sync,5,,230,213,0.49
voyage-itineraires,FlightTracker,calculator free game tracker,5,,224,54,0.64
voyage-itineraires,FlightTracker,free calculator free reminder tracker,5,,234,72,0.60
voyage-itineraires,FlightTracker,free family sharing tracker game,5,,227,52,0.65
voyage-itineraires,FlightTracker,free family sharing tracker free,5,,243,205,0.50
voyage-itineraires,FlightTracker,Package tracker + returns app,5,,210,20,0.82
voyage-itineraires,FlightTracker,volume tracker,5,,231,14,0.91
voyage-itineraires,FlightTracker,window takeoff app,5,,203,7,1.16
voyage-itineraires,FlightTracker,flight safety tracker,5,,214,13,0.93
voyage-itineraires,FlightTracker,pilot flight log,5,,210,49,0.66
voyage-itineraires,FlightTracker,rc airplane tracker,5,,241,127,0.54
voyage-itineraires,FlightTracker,wind tracker app,5,,219,79,0.59
voyage-itineraires,FlightTracker,snow tracker app,5,,202,64,0.62
voyage-itineraires,FlightTracker,free teleprompter app apk tracker,5,,226,33,0.72
voyage-itineraires,FlightTracker,track plan,5,,242,83,0.59
voyage-itineraires,FlightTracker,free foto live app tracker,5,,200,9,1.06
voyage-itineraires,FlightTracker,flightradar24\,5,,234,26,0.76
voyage-itineraires,FlightTracker,tavel mode,5,,241,33,0.72
voyage-itineraires,FlightTracker,monitor flight,5,,208,11,0.98
voyage-itineraires,FlightTracker,航班追踪器,5,,37,3,1.74
voyage-itineraires,FlightTracker,subscriptions tracker agent,5,,228,18,0.84
voyage-itineraires,FlightTracker,halter rechner,5,,198,9,1.06
voyage-itineraires,FlightTracker,closing line,5,,244,198,0.50
voyage-itineraires,FlightTracker,lıve flıght tracker,5,,235,40,0.69
voyage-itineraires,FlightTracker,tracker flight,5,,249,3,1.74
voyage-itineraires,FlightTracker,flight spotter,5,85,241,202,0.50
voyage-itineraires,FlightTracker,air traffic tracker,5,80,250,123,0.54
voyage-itineraires,FlightTracker,application status tracker,5,86,243,168,0.51
voyage-itineraires,FlightTracker,flugpreis tracker,5,,217,13,0.93
voyage-itineraires,FlightTracker,travel credit tracker,5,,221,26,0.76
voyage-itineraires,FlightTracker,travel points tracker,5,,227,20,0.82
voyage-itineraires,FlightTracker,追蹤器,5,49,246,47,0.66
voyage-itineraires,FlightTracker,leaps tracker,5,,223,22,0.80
voyage-itineraires,FlightTracker,radaromega: doppler radar app,5,,218,113,0.55
voyage-itineraires,FlightTracker,tornado tracker by tornadopath,5,,219,113,0.55
voyage-itineraires,FlightTracker,track flight prices,5,,204,8,1.10
voyage-itineraires,FlightTracker,cheap flight tracker,5,71,250,183,0.51
voyage-itineraires,FlightTracker,ar flight tracker,5,81,233,7,1.16
voyage-itineraires,FlightTracker,flight spotting,5,42,247,202,0.50
voyage-itineraires,FlightTracker,atc radar,5,89,232,45,0.67
voyage-itineraires,FlightTracker,return window tracker,5,60,223,4,1.49
voyage-itineraires,FlightTracker,wearable tracker,5,,236,48,0.66
voyage-itineraires,FlightTracker,ay tracker,5,,233,22,0.80
voyage-itineraires,FlightTracker,easy watch,5,,236,199,0.50
voyage-itineraires,FlightTracker,My Air Tracker: Device Finder,5,,243,147,0.53
voyage-itineraires,FlightTracker,map themes,5,,228,194,0.50
voyage-itineraires,FlightTracker,map theme,5,,230,216,0.49
voyage-itineraires,FlightTracker,timeline tracker travel trip offline log,5,,233,16,0.87
voyage-itineraires,FlightTracker,bluetooth tracker - findit,5,,237,121,0.55
voyage-itineraires,FlightTracker,idle flight manager,5,,223,58,0.63
voyage-itineraires,FlightTracker,tracker launcher,5,,225,21,0.81
voyage-itineraires,FlightTracker,attitude indicator,5,29,209,204,0.50
voyage-itineraires,FlightTracker,artificial horizon,5,24,56,5,1.34
voyage-itineraires,FlightTracker,per diem tracker,5,,227,13,0.93
voyage-itineraires,FlightTracker,vietnam airline,5,,212,112,0.55
voyage-itineraires,FlightTracker,90% on flights,5,,209,36,0.70
voyage-itineraires,FlightTracker,flight radar airplane,5,54,234,142,0.53
voyage-itineraires,FlightTracker,bjx,5,,195,11,0.98
voyage-itineraires,FlightTracker,ht100,5,,205,108,0.56
voyage-itineraires,FlightTracker,v7,5,,223,109,0.56
voyage-itineraires,FlightTracker,kgk ooo,5,,212,10,1.02
voyage-itineraires,FlightTracker,alerts tracker,5,,236,6,1.24
voyage-itineraires,FlightTracker,tracker & sounds,5,,238,119,0.55
voyage-itineraires,FlightTracker,live flight tracker with alerts,5,,241,2,2.29
voyage-itineraires,FlightTracker,plane tracker live map,5,,211,7,1.16
voyage-itineraires,FlightTracker,flight price error alerts,5,,248,43,0.68
voyage-itineraires,FlightTracker,preflight weather briefing app,5,,214,169,0.51
voyage-itineraires,FlightTracker,nda tracker,5,,218,7,1.16
voyage-itineraires,FlightTracker,mcas tracker,5,,224,45,0.67
voyage-itineraires,FlightTracker,trackerscan,5,,213,101,0.56
voyage-itineraires,FlightTracker,lost tracker,5,,232,116,0.55
voyage-itineraires,FlightTracker,tracker & simulator,5,,230,28,0.75
voyage-itineraires,FlightTracker,lost luggage tracker,5,,209,13,0.93
voyage-itineraires,FlightTracker,faa flight tracker,5,,250,5,1.34
voyage-itineraires,FlightTracker,pilot flight planning app,5,,223,60,0.63
voyage-itineraires,FlightTracker,free trackersd,5,,249,246,0.48
voyage-itineraires,FlightTracker,arrival tracker,5,,237,53,0.64
voyage-itineraires,FlightTracker,plane finder flight,5,61,236,71,0.61
voyage-itineraires,FlightTracker,track flight now,5,57,238,23,0.79
voyage-itineraires,FlightTracker,track live flights,5,,230,65,0.62
voyage-itineraires,FlightTracker,watch planes,5,,239,26,0.76
voyage-itineraires,FlightTracker,aviation tracker,5,,243,237,0.49
voyage-itineraires,FlightTracker,airlive tracker,5,,244,31,0.73
voyage-itineraires,FlightTracker,temps appel,5,,248,133,0.54
voyage-itineraires,FlightTracker,smartest flight tracker,5,,238,5,1.34
voyage-itineraires,FlightTracker,flight arrival,5,,248,4,1.49
voyage-itineraires,FlightTracker,fight status,5,,238,5,1.34
voyage-itineraires,FlightTracker,google アルバム,,,233,223,
voyage-itineraires,FlightTracker,flight status tracker,,,245,2,
voyage-itineraires,FlightTracker,sun country airlines app,,,249,221,
voyage-itineraires,FlightTracker,フライト,,,76,18,
voyage-itineraires,FlightTracker,seguimiento vuelos,,71,249,31,
voyage-itineraires,FlightTracker,-live,,,231,77,
voyage-itineraires,FlightTracker,screen%20time%20tracker,,,224,2,
voyage-itineraires,FlightTracker,sky%20tracker,,,221,3,
voyage-itineraires,FlightTracker,free%20food%20tracker%20app,,,245,157,
voyage-itineraires,FlightTracker,wheres%20my%20iphone,,,182,127,
voyage-itineraires,FlightTracker,flight%20radar%2024,,,232,5,
voyage-itineraires,FlightTracker,meteor tracking],,,215,15,
voyage-itineraires,FlightTracker,expiry tracker app,,,232,30,
voyage-itineraires,FlightTracker,booking track,,,236,56,
voyage-itineraires,FlightTracker,point tracker app,,,223,23,
voyage-itineraires,FlightTracker,aa tracker,,,224,16,
voyage-itineraires,FlightTracker,thank you tracker,,,224,18,
voyage-itineraires,FlightTracker,prioritymatrix,,,207,54,
voyage-itineraires,FlightTracker,video editor tracker tracker,,,227,49,
voyage-itineraires,FlightTracker,flight log calculator,,,224,6,
voyage-itineraires,FlightTracker,flight time calculator drone,,,238,23,
voyage-itineraires,FlightTracker,信息,,95,249,102,
voyage-itineraires,FlightTracker,passport king,,,230,218,
voyage-itineraires,FlightTracker,pelican hopper lbts,,,226,5,
voyage-itineraires,FlightTracker,pf fly,,,220,24,
voyage-itineraires,FlightTracker,flight catch,,,197,2,
voyage-itineraires,FlightTracker,follow through tracker,,,228,18,
voyage-itineraires,FlightTracker,[voice memos] tracker app,,49,225,39,
voyage-itineraires,FlightTracker,[voice memos] best tracker app,,,225,29,
voyage-itineraires,FlightTracker,free [voice memos] best tracker,,,218,22,
voyage-itineraires,FlightTracker,[voice memos] best tracker free,,,221,27,
voyage-itineraires,FlightTracker,[voice memos] best tracker online,,,221,19,
voyage-itineraires,FlightTracker,[voice memos] best tracker app game,,,210,13,
voyage-itineraires,FlightTracker,[voice memos] best tracker app best,,,233,22,
voyage-itineraires,FlightTracker,[voice memos] best tracker app online,,,229,23,
voyage-itineraires,FlightTracker,[voice memos] best tracker app tracker,,,223,25,
voyage-itineraires,FlightTracker,[voice memos] best tracker app tips,,,233,29,
voyage-itineraires,FlightTracker,[voice memos] best tracker app ideas,,,234,33,
voyage-itineraires,FlightTracker,[voice memos] best tracker app daily,,,231,27,
voyage-itineraires,FlightTracker,[voice memos] best tracker free app,,,236,25,
voyage-itineraires,FlightTracker,[voice memos] best tracker free game,,,196,9,
voyage-itineraires,FlightTracker,[voice memos] best tracker free best,,,221,24,
voyage-itineraires,FlightTracker,[voice memos] best tracker free online,,,222,24,
voyage-itineraires,FlightTracker,[voice memos] best tracker free tracker,,,246,180,
voyage-itineraires,FlightTracker,[voice memos] best tracker free planner,,,237,35,
voyage-itineraires,FlightTracker,[voice memos] best tracker free reminder,,,214,25,
voyage-itineraires,FlightTracker,[voice memos] best tracker free tips,,,226,22,
voyage-itineraires,FlightTracker,[voice memos] best tracker free daily,,,225,23,
voyage-itineraires,FlightTracker,[voice memos] best tracker online free,,,222,23,
voyage-itineraires,FlightTracker,[voice memos] best tracker online tracke,,,225,20,
voyage-itineraires,FlightTracker,[voice memos] best tracker online planne,,,223,12,
voyage-itineraires,FlightTracker,[voice memos] best tracker online ideas,,,226,14,
voyage-itineraires,FlightTracker,[voice memos] best tracker app online re,,,229,19,
voyage-itineraires,FlightTracker,reviews [voice memos] best tracker app o,,,233,24,
voyage-itineraires,FlightTracker,[voice memos] best tracker app online tu,,,225,21,
voyage-itineraires,FlightTracker,apk [voice memos] best tracker app onlin,,,225,16,
voyage-itineraires,FlightTracker,reddit [voice memos] best tracker free o,,,233,21,
voyage-itineraires,FlightTracker,review [voice memos] best tracker free o,,,220,19,
voyage-itineraires,FlightTracker,reviews [voice memos] best tracker free,,,227,26,
voyage-itineraires,FlightTracker,[voice memos] best tracker free online g,,,222,21,
voyage-itineraires,FlightTracker,[voice memos] best tracker free online a,,,227,25,
voyage-itineraires,FlightTracker,[voice memos] best tracker free online m,,,225,25,
voyage-itineraires,FlightTracker,[voice memos] best tracker online free t,,,232,22,
voyage-itineraires,FlightTracker,[voice memos] best tracker online free a,,,223,26,
voyage-itineraires,FlightTracker,apk [voice memos] best tracker online fr,,,221,22,
voyage-itineraires,FlightTracker,[voice memos] best tracker online free m,,,228,26,
voyage-itineraires,FlightTracker,voice memos free app tracker app reviews,,,220,36,
voyage-itineraires,FlightTracker,voice memos free best tracker ideas,,,222,26,
voyage-itineraires,FlightTracker,review voice recording tracker app remin,,,231,69,
voyage-itineraires,FlightTracker,tg20 compliance tracker,,,223,8,
voyage-itineraires,FlightTracker,flight racker,,,195,2,
voyage-itineraires,FlightTracker,yt reels,,,238,186,
voyage-itineraires,FlightTracker,Device Finder - My Air Tracker,,,242,149,
voyage-itineraires,FlightTracker,My Device Tracker: Air Finder,,,243,138,
voyage-itineraires,FlightTracker,route planner tracking,,,231,117,
voyage-itineraires,FlightTracker,flyer for missing,,,182,10,
voyage-itineraires,FlightTracker,running tracker app free,,,228,123,
voyage-itineraires,FlightTracker,purchase order tracker,,,216,32,
voyage-itineraires,FlightTracker,commission tracker tracker,,,221,18,
voyage-itineraires,FlightTracker,commission tracker helper,,,226,2,
voyage-itineraires,FlightTracker,commission tracker counter,,,226,2,
voyage-itineraires,FlightTracker,w2 tracker,,,222,12,
voyage-itineraires,FlightTracker,ead tracker,,,249,167,
voyage-itineraires,FlightTracker,flightsky: flight tracker 3d,,,247,238,
voyage-itineraires,Flightradar24,facebook,95,97,239,79,11.26
voyage-itineraires,Flightradar24,uber,86,80,241,62,10.72
voyage-itineraires,Flightradar24,wizz,82,95,248,136,8.76
voyage-itineraires,Flightradar24,google maps,80,77,242,80,9.46
voyage-itineraires,Flightradar24,waze,77,76,243,62,9.60
voyage-itineraires,Flightradar24,american airlines,75,62,249,8,16.53
voyage-itineraires,Flightradar24,blitzer de,73,79,246,25,11.27
voyage-itineraires,Flightradar24,google earth,69,93,249,52,8.94
voyage-itineraires,Flightradar24,starlink,68,85,250,67,8.34
voyage-itineraires,Flightradar24,jetblue,67,79,249,8,14.77
voyage-itineraires,Flightradar24,testflight,66,93,216,121,7.21
voyage-itineraires,Flightradar24,flightradar24,65,95,250,1,65.00
voyage-itineraires,Flightradar24,z,64,90,217,97,7.29
voyage-itineraires,Flightradar24,allegiant air,64,46,248,6,15.81
voyage-itineraires,Flightradar24,you,63,66,190,107,7.04
voyage-itineraires,Flightradar24,volaris,63,65,248,7,14.62
voyage-itineraires,Flightradar24,waze navigation live traffic,62,73,247,39,8.57
voyage-itineraires,Flightradar24,real,62,86,222,47,8.21
voyage-itineraires,Flightradar24,dji fly,62,83,250,35,8.80
voyage-itineraires,Flightradar24,skyscanner,61,32,250,12,11.67
voyage-itineraires,Flightradar24,flight aware,60,79,249,2,27.53
voyage-itineraires,Flightradar24,blitzer,60,92,249,30,8.84
voyage-itineraires,Flightradar24,삼성,60,75,250,116,6.60
voyage-itineraires,Flightradar24,flight tracker,59,97,250,1,59.00
voyage-itineraires,Flightradar24,be real,59,96,218,83,6.93
voyage-itineraires,Flightradar24,v,58,95,227,87,6.75
voyage-itineraires,Flightradar24,the real real,58,90,250,69,7.07
voyage-itineraires,Flightradar24,radar,57,100,250,121,6.22
voyage-itineraires,Flightradar24,google map,57,87,237,84,6.68
voyage-itineraires,Flightradar24,google flights,57,65,250,32,8.27
voyage-itineraires,Flightradar24,旅行,57,97,250,129,6.15
voyage-itineraires,Flightradar24,flighty,57,92,249,4,16.97
voyage-itineraires,Flightradar24,flight radar,56,62,249,1,56.00
voyage-itineraires,Flightradar24,stellarium,56,91,250,63,6.96
voyage-itineraires,Flightradar24,qatar airways,56,66,249,9,11.82
voyage-itineraires,Flightradar24,what,56,92,210,82,6.59
voyage-itineraires,Flightradar24,shot tracer,56,89,247,51,7.28
voyage-itineraires,Flightradar24,fig,56,87,249,44,7.53
voyage-itineraires,Flightradar24,plane,55,98,250,9,11.61
voyage-itineraires,Flightradar24,travel,54,97,250,18,9.13
voyage-itineraires,Flightradar24,times,54,92,248,160,5.60
voyage-itineraires,Flightradar24,location,54,69,249,136,5.77
voyage-itineraires,Flightradar24,speed,53,85,250,171,5.44
voyage-itineraires,Flightradar24,test flight,53,96,247,26,8.10
voyage-itineraires,Flightradar24,we,53,75,193,79,6.28
voyage-itineraires,Flightradar24,sky view,53,65,249,17,9.11
voyage-itineraires,Flightradar24,wizz air,53,58,248,5,14.18
voyage-itineraires,Flightradar24,marine traffic,53,84,248,33,7.63
voyage-itineraires,Flightradar24,facebook messenger,52,95,235,117,5.71
voyage-itineraires,Flightradar24,into live,52,94,213,55,6.65
voyage-itineraires,Flightradar24,airplane,52,98,250,5,13.91
voyage-itineraires,Flightradar24,atc,52,98,245,71,6.30
voyage-itineraires,Flightradar24,infinite flight,52,70,247,12,9.95
voyage-itineraires,Flightradar24,going,52,100,247,30,7.66
voyage-itineraires,Flightradar24,easyjet,51,58,249,8,11.24
voyage-itineraires,Flightradar24,cheapoair,51,78,250,28,7.65
voyage-itineraires,Flightradar24,airport utility,51,71,249,7,11.83
voyage-itineraires,Flightradar24,eva air,51,19,247,5,13.64
voyage-itineraires,Flightradar24,24 go,51,86,235,55,6.52
voyage-itineraires,Flightradar24,track,50,97,250,128,5.40
voyage-itineraires,Flightradar24,location tracker,50,100,250,179,5.09
voyage-itineraires,Flightradar24,airport,50,72,250,114,5.52
voyage-itineraires,Flightradar24,air,50,79,250,90,5.78
voyage-itineraires,Flightradar24,blablacar,50,77,245,70,6.08
voyage-itineraires,Flightradar24,lidar,50,78,248,35,7.09
voyage-itineraires,Flightradar24,sky map,49,94,250,122,5.34
voyage-itineraires,Flightradar24,gps gratuit,49,88,250,134,5.25
voyage-itineraires,Flightradar24,計��,49,87,250,94,5.61
voyage-itineraires,Flightradar24,cheap flights,48,60,250,125,5.21
voyage-itineraires,Flightradar24,fly,48,86,250,6,11.86
voyage-itineraires,Flightradar24,move it,48,96,250,38,6.68
voyage-itineraires,Flightradar24,star tracker,48,91,244,54,6.16
voyage-itineraires,Flightradar24,if,48,97,214,73,5.78
voyage-itineraires,Flightradar24,이메일,48,91,250,173,4.91
voyage-itineraires,Flightradar24,flight tracker free,47,83,250,1,47.00
voyage-itineraires,Flightradar24,snapchst,47,93,208,117,5.16
voyage-itineraires,Flightradar24,plane tracker,47,85,248,1,47.00
voyage-itineraires,Flightradar24,find my kids,47,94,235,121,5.13
voyage-itineraires,Flightradar24,airtag,47,70,249,39,6.50
voyage-itineraires,Flightradar24,facebook app,46,91,220,101,5.20
voyage-itineraires,Flightradar24,flightaware,46,61,247,3,16.03
voyage-itineraires,Flightradar24,air play,46,81,249,52,5.96
voyage-itineraires,Flightradar24,google earth pro,46,75,249,53,5.93
voyage-itineraires,Flightradar24,finnair,45,53,248,4,13.40
voyage-itineraires,Flightradar24,vessel finder,45,80,250,55,5.76
voyage-itineraires,Flightradar24,google earth free,45,52,227,69,5.49
voyage-itineraires,Flightradar24,an,45,95,196,130,4.85
voyage-itineraires,Flightradar24,ireal pro,44,80,236,122,4.80
voyage-itineraires,Flightradar24,ship tracker,44,89,250,95,5.03
voyage-itineraires,Flightradar24,triprank,44,82,239,55,5.63
voyage-itineraires,Flightradar24,wassap,43,95,249,119,4.71
voyage-itineraires,Flightradar24,star map,43,77,249,130,4.63
voyage-itineraires,Flightradar24,delta airlines,43,70,250,21,6.96
voyage-itineraires,Flightradar24,flightradar,43,85,249,1,43.00
voyage-itineraires,Flightradar24,google maps free,43,,248,99,4.88
voyage-itineraires,Flightradar24,антирадар,43,86,245,47,5.70
voyage-itineraires,Flightradar24,focus flight,43,78,248,9,9.08
voyage-itineraires,Flightradar24,plane finder,42,86,250,2,19.27
voyage-itineraires,Flightradar24,flight radar 24,42,92,250,1,42.00
voyage-itineraires,Flightradar24,windy com,42,79,248,61,5.25
voyage-itineraires,Flightradar24,gol,42,59,246,10,8.54
voyage-itineraires,Flightradar24,epic plane,42,91,250,23,6.63
voyage-itineraires,Flightradar24,google street view,41,47,248,73,4.94
voyage-itineraires,Flightradar24,旅行記録,41,86,248,123,4.46
voyage-itineraires,Flightradar24,findmykids,41,92,248,74,4.93
voyage-itineraires,Flightradar24,top follow,41,97,250,77,4.89
voyage-itineraires,Flightradar24,wetterradar,40,95,246,79,4.74
voyage-itineraires,Flightradar24,pegasus,40,70,249,73,4.82
voyage-itineraires,Flightradar24,ドットマネー,40,88,239,45,5.35
voyage-itineraires,Flightradar24,应用宝,40,97,245,156,4.17
voyage-itineraires,Flightradar24,tracking app,39,100,250,131,4.20
voyage-itineraires,Flightradar24,tv tracker,39,76,249,120,4.26
voyage-itineraires,Flightradar24,boat tracker,39,84,248,118,4.28
voyage-itineraires,Flightradar24,free period tracker app,39,91,250,174,3.99
voyage-itineraires,Flightradar24,airfordable,39,29,248,22,6.23
voyage-itineraires,Flightradar24,airline butler,39,80,248,9,8.23
voyage-itineraires,Flightradar24,air learn,39,75,248,106,4.37
voyage-itineraires,Flightradar24,viajes,38,60,248,18,6.42
voyage-itineraires,Flightradar24,periodo,38,81,232,52,4.92
voyage-itineraires,Flightradar24,ollies,38,84,247,39,5.25
voyage-itineraires,Flightradar24,apple airtag tracker,38,59,248,21,6.15
voyage-itineraires,Flightradar24,pokemon center,38,100,250,52,4.92
voyage-itineraires,Flightradar24,vuelos,37,70,247,2,16.98
voyage-itineraires,Flightradar24,表,37,100,250,66,4.55
voyage-itineraires,Flightradar24,period app,36,92,250,223,3.53
voyage-itineraires,Flightradar24,stars in the sky,36,87,250,120,3.94
voyage-itineraires,Flightradar24,flug,36,90,248,1,36.00
voyage-itineraires,Flightradar24,radar blitzer,36,82,248,114,3.97
voyage-itineraires,Flightradar24,posizione,36,98,249,129,3.88
voyage-itineraires,Flightradar24,360 tracker,36,97,247,58,4.55
voyage-itineraires,Flightradar24,flying games,35,90,249,199,3.50
voyage-itineraires,Flightradar24,real time,35,51,241,103,3.94
voyage-itineraires,Flightradar24,advance america,35,74,247,83,4.11
voyage-itineraires,Flightradar24,opensky,35,98,249,26,5.35
voyage-itineraires,Flightradar24,find my location tracker,35,89,248,127,3.79
voyage-itineraires,Flightradar24,flying,34,89,250,3,11.85
voyage-itineraires,Flightradar24,snakes and ladders,34,85,250,92,3.91
voyage-itineraires,Flightradar24,페이스,34,89,249,85,3.97
voyage-itineraires,Flightradar24,tikt,33,91,246,95,3.77
voyage-itineraires,Flightradar24,storm tracker,32,90,250,121,3.49
voyage-itineraires,Flightradar24,meteo radar gratis,32,62,248,128,3.46
voyage-itineraires,Flightradar24,standort teilen,32,100,250,108,3.57
voyage-itineraires,Flightradar24,expansion,32,94,250,62,3.99
voyage-itineraires,Flightradar24,strike force,31,73,249,207,3.08
voyage-itineraires,Flightradar24,radar gun,31,44,248,15,5.53
voyage-itineraires,Flightradar24,트래커,31,90,247,48,4.09
voyage-itineraires,Flightradar24,phone location tracker,31,98,250,154,3.24
voyage-itineraires,Flightradar24,american airlines app,30,34,248,6,7.41
voyage-itineraires,Flightradar24,speed tracker,30,87,250,132,3.22
voyage-itineraires,Flightradar24,coverage map,30,80,249,89,3.47
voyage-itineraires,Flightradar24,tip tracker,30,75,245,108,3.35
voyage-itineraires,Flightradar24,actual,30,91,246,7,6.96
voyage-itineraires,Flightradar24,fly high,30,91,250,8,6.61
voyage-itineraires,Flightradar24,apple airpods,29,71,250,40,3.99
voyage-itineraires,Flightradar24,ua,29,100,240,67,3.56
voyage-itineraires,Flightradar24,my radar weather,29,91,247,120,3.17
voyage-itineraires,Flightradar24,トラッカー,29,96,250,123,3.16
voyage-itineraires,Flightradar24,apple air tag tracker,29,50,248,28,4.35
voyage-itineraires,Flightradar24,exchange rate app,28,64,241,66,3.44
voyage-itineraires,Flightradar24,track number,28,82,250,136,2.99
voyage-itineraires,Flightradar24,pay later travel,28,16,247,63,3.48
voyage-itineraires,Flightradar24,북,28,100,250,157,2.92
voyage-itineraires,Flightradar24,sports illustrated tickets,28,36,250,96,3.19
voyage-itineraires,Flightradar24,check24 reisen,27,70,250,11,5.32
voyage-itineraires,Flightradar24,real id,27,73,239,70,3.28
voyage-itineraires,Flightradar24,free glp1 tracker,27,88,250,101,3.05
voyage-itineraires,Flightradar24,flight search,26,63,246,2,11.93
voyage-itineraires,Flightradar24,aviation weather,26,88,247,53,3.35
voyage-itineraires,Flightradar24,truck map,26,80,247,142,2.76
voyage-itineraires,Flightradar24,radar now,26,90,250,115,2.87
voyage-itineraires,Flightradar24,go tracker,26,91,249,73,3.13
voyage-itineraires,Flightradar24,ship tracker vessel finder,26,76,249,92,2.99
voyage-itineraires,Flightradar24,facebook like,25,95,213,81,2.95
voyage-itineraires,Flightradar24,visa tracker,25,58,250,81,2.95
voyage-itineraires,Flightradar24,my radar pro,25,98,250,63,3.11
voyage-itineraires,Flightradar24,cheater,25,66,246,46,3.33
voyage-itineraires,Flightradar24,サムスン,25,45,241,165,2.58
voyage-itineraires,Flightradar24,fig app,25,87,249,52,3.24
voyage-itineraires,Flightradar24,free estimate app,25,83,249,134,2.68
voyage-itineraires,Flightradar24,ir,24,90,250,198,2.40
voyage-itineraires,Flightradar24,revision tracker,24,50,249,117,2.64
voyage-itineraires,Flightradar24,jus,24,100,250,104,2.70
voyage-itineraires,Flightradar24,var,24,100,245,202,2.39
voyage-itineraires,Flightradar24,位置,24,95,250,122,2.62
voyage-itineraires,Flightradar24,travel freely,24,88,250,64,2.97
voyage-itineraires,Flightradar24,tracking phone number,24,91,249,151,2.52
voyage-itineraires,Flightradar24,tv tracking,24,69,250,124,2.61
voyage-itineraires,Flightradar24,hello millions,24,74,250,218,2.36
voyage-itineraires,Flightradar24,ab,23,96,250,83,2.70
voyage-itineraires,Flightradar24,track insta followers,23,11,246,90,2.66
voyage-itineraires,Flightradar24,facebook view,23,87,216,69,2.80
voyage-itineraires,Flightradar24,trip itinerary planner,23,93,249,131,2.47
voyage-itineraires,Flightradar24,hour tracker,22,81,249,168,2.26
voyage-itineraires,Flightradar24,detail app,22,97,249,85,2.57
voyage-itineraires,Flightradar24,the real,22,61,210,129,2.37
voyage-itineraires,Flightradar24,planner for ipad,21,67,234,63,2.61
voyage-itineraires,Flightradar24,tocca,21,88,224,25,3.24
voyage-itineraires,Flightradar24,airtag finder,20,75,249,44,2.69
voyage-itineraires,Flightradar24,[flio],20,94,250,6,4.94
voyage-itineraires,Flightradar24,viaggio,19,88,249,120,2.08
voyage-itineraires,Flightradar24,aumento,19,98,250,143,2.01
voyage-itineraires,Flightradar24,air tag finder,19,28,248,38,2.64
voyage-itineraires,Flightradar24,live train tracker,19,53,250,105,2.13
voyage-itineraires,Flightradar24,mar,18,93,250,98,2.05
voyage-itineraires,Flightradar24,航空写真,18,36,246,51,2.34
voyage-itineraires,Flightradar24,realtime,18,76,249,57,2.28
voyage-itineraires,Flightradar24,best free apps,17,63,196,36,2.40
voyage-itineraires,Flightradar24,tracker app,17,91,250,129,1.83
voyage-itineraires,Flightradar24,philippines,17,94,250,119,1.86
voyage-itineraires,Flightradar24,pat,17,98,244,199,1.70
voyage-itineraires,Flightradar24,track stars,17,89,242,39,2.35
voyage-itineraires,Flightradar24,stopwatch game,17,33,243,225,1.66
voyage-itineraires,Flightradar24,free flight tracker,16,93,250,2,7.34
voyage-itineraires,Flightradar24,plane spotter,16,54,248,1,16.00
voyage-itineraires,Flightradar24,appel gratuit,16,86,239,137,1.71
voyage-itineraires,Flightradar24,snapchat 無 料,16,97,248,65,1.97
voyage-itineraires,Flightradar24,activite,16,95,238,85,1.87
voyage-itineraires,Flightradar24,pago in rete,16,94,248,34,2.29
voyage-itineraires,Flightradar24,live traffic,15,98,248,96,1.71
voyage-itineraires,Flightradar24,sky tracker,15,67,250,11,2.95
voyage-itineraires,Flightradar24,track people,14,100,250,145,1.48
voyage-itineraires,Flightradar24,instagram follower tracker,14,45,250,126,1.52
voyage-itineraires,Flightradar24,flight plan go,14,80,249,7,3.25
voyage-itineraires,Flightradar24,sixtynite,14,58,249,79,1.66
voyage-itineraires,Flightradar24,sky star,13,89,247,33,1.87
voyage-itineraires,Flightradar24,vento,13,98,250,30,1.92
voyage-itineraires,Flightradar24,boat finder,13,66,249,120,1.42
voyage-itineraires,Flightradar24,spare time,13,100,250,142,1.38
voyage-itineraires,Flightradar24,whatizis,13,89,248,82,1.53
voyage-itineraires,Flightradar24,star sign,12,93,241,194,1.20
voyage-itineraires,Flightradar24,smart trip app,12,89,250,72,1.45
voyage-itineraires,Flightradar24,flightlog,11,68,249,54,1.41
voyage-itineraires,Flightradar24,zein,11,93,248,29,1.63
voyage-itineraires,Flightradar24,app zum schreiben,10,74,250,85,1.17
voyage-itineraires,Flightradar24,sky lite,10,95,245,116,1.10
voyage-itineraires,Flightradar24,airplane crash,10,1,250,56,1.27
voyage-itineraires,Flightradar24,خريطة,10,86,248,219,0.98
voyage-itineraires,Flightradar24,airline,9,72,249,13,1.68
voyage-itineraires,Flightradar24,planes live,9,100,250,2,4.13
voyage-itineraires,Flightradar24,flightradar24 flight tracker,9,17,240,1,9.00
voyage-itineraires,Flightradar24,picplaypost,9,92,228,111,1.00
voyage-itineraires,Flightradar24,simple planes,9,85,249,17,1.55
voyage-itineraires,Flightradar24,live atc,9,97,248,4,2.68
voyage-itineraires,Flightradar24,garmin pilot,9,77,250,46,1.20
voyage-itineraires,Flightradar24,my tracker,9,91,250,37,1.26
voyage-itineraires,Flightradar24,where,9,86,235,58,1.14
voyage-itineraires,Flightradar24,rad,9,86,249,60,1.13
voyage-itineraires,Flightradar24,find it,9,36,207,183,0.91
voyage-itineraires,Flightradar24,trip plans,9,89,249,123,0.98
voyage-itineraires,Flightradar24,book flights,9,69,249,121,0.98
voyage-itineraires,Flightradar24,view,9,96,194,133,0.97
voyage-itineraires,Flightradar24,follow meter,9,100,250,21,1.46
voyage-itineraires,Flightradar24,speed app,9,90,249,156,0.94
voyage-itineraires,Flightradar24,maps 3d,9,85,248,144,0.95
voyage-itineraires,Flightradar24,air traffic control,9,100,250,5,2.41
voyage-itineraires,Flightradar24,gost tracker,9,44,249,123,0.98
voyage-itineraires,Flightradar24,tv show tracker,9,80,250,118,0.99
voyage-itineraires,Flightradar24,run mapper,9,66,250,99,1.02
voyage-itineraires,Flightradar24,sao,9,86,223,107,1.01
voyage-itineraires,Flightradar24,iss,9,62,243,176,0.92
voyage-itineraires,Flightradar24,running map,9,82,249,130,0.97
voyage-itineraires,Flightradar24,extreme road trip 2,9,17,236,37,1.26
voyage-itineraires,Flightradar24,real flight simulator,9,83,249,76,1.08
voyage-itineraires,Flightradar24,traceur,9,95,250,27,1.36
voyage-itineraires,Flightradar24,speed gun,9,83,249,40,1.24
voyage-itineraires,Flightradar24,stellarium mobile,9,86,249,31,1.32
voyage-itineraires,Flightradar24,my time,9,47,239,87,1.05
voyage-itineraires,Flightradar24,tracker network,9,88,249,52,1.17
voyage-itineraires,Flightradar24,mita,9,98,220,89,1.04
voyage-itineraires,Flightradar24,kind,9,93,250,55,1.15
voyage-itineraires,Flightradar24,number tracker,9,100,249,156,0.94
voyage-itineraires,Flightradar24,this or that,9,51,218,147,0.95
voyage-itineraires,Flightradar24,luni,9,76,234,32,1.31
voyage-itineraires,Flightradar24,ollie,9,67,245,32,1.31
voyage-itineraires,Flightradar24,time warp,9,79,250,76,1.08
voyage-itineraires,Flightradar24,wastat,9,97,249,65,1.11
voyage-itineraires,Flightradar24,tracker detect,9,98,248,70,1.09
voyage-itineraires,Flightradar24,quin,9,93,250,96,1.03
voyage-itineraires,Flightradar24,flightly,9,83,242,1,9.00
voyage-itineraires,Flightradar24,garmin messenger,9,95,250,83,1.06
voyage-itineraires,Flightradar24,find air,9,57,250,32,1.31
voyage-itineraires,Flightradar24,geospy,9,100,250,31,1.32
voyage-itineraires,Flightradar24,itunes remote,8,84,201,134,0.86
voyage-itineraires,Flightradar24,tracking,8,100,249,38,1.11
voyage-itineraires,Flightradar24,luft,8,57,245,18,1.35
voyage-itineraires,Flightradar24,plane crash,8,83,250,56,1.02
voyage-itineraires,Flightradar24,google sky map,8,77,249,24,1.25
voyage-itineraires,Flightradar24,sky safari,8,74,250,18,1.35
voyage-itineraires,Flightradar24,speed radar,8,65,248,85,0.93
voyage-itineraires,Flightradar24,check my trip,8,46,232,54,1.03
voyage-itineraires,Flightradar24,plane scanner,8,61,249,1,8.00
voyage-itineraires,Flightradar24,travel tracker,8,91,249,121,0.87
voyage-itineraires,Flightradar24,qantas,8,67,247,11,1.57
voyage-itineraires,Flightradar24,star view,8,62,238,141,0.85
voyage-itineraires,Flightradar24,fpv,8,63,250,84,0.94
voyage-itineraires,Flightradar24,space engine,8,24,237,168,0.82
voyage-itineraires,Flightradar24,check24 mietwagen,8,34,227,11,1.57
voyage-itineraires,Flightradar24,flyskyhy,8,85,249,17,1.37
voyage-itineraires,Flightradar24,fish tracker,8,66,249,108,0.89
voyage-itineraires,Flightradar24,тривога,8,98,250,11,1.57
voyage-itineraires,Flightradar24,free macros tracker,8,69,249,151,0.84
voyage-itineraires,Flightradar24,stellarium mobile star map,8,78,244,65,0.99
voyage-itineraires,Flightradar24,layered,8,75,239,29,1.19
voyage-itineraires,Flightradar24,plane evolution,8,90,250,72,0.97
voyage-itineraires,Flightradar24,chunkbase,8,98,250,34,1.14
voyage-itineraires,Flightradar24,modern community,8,81,250,113,0.88
voyage-itineraires,Flightradar24,pokemon card tracker,8,59,248,88,0.93
voyage-itineraires,Flightradar24,abs,7,66,248,119,0.77
voyage-itineraires,Flightradar24,aircraft,7,93,250,2,3.21
voyage-itineraires,Flightradar24,altitude,7,79,248,108,0.78
voyage-itineraires,Flightradar24,learn to fly,7,94,250,66,0.86
voyage-itineraires,Flightradar24,travel map,7,92,250,147,0.74
voyage-itineraires,Flightradar24,star trek,7,93,250,29,1.04
voyage-itineraires,Flightradar24,veryfitpro,7,92,249,42,0.95
voyage-itineraires,Flightradar24,phone number tracker,7,100,248,149,0.74
voyage-itineraires,Flightradar24,track flight,7,83,249,1,7.00
voyage-itineraires,Flightradar24,google earth live,7,97,250,14,1.28
voyage-itineraires,Flightradar24,tui app,7,75,250,17,1.20
voyage-itineraires,Flightradar24,follow,7,67,247,60,0.88
voyage-itineraires,Flightradar24,plane driver,7,21,250,36,0.99
voyage-itineraires,Flightradar24,flu,7,89,246,18,1.18
voyage-itineraires,Flightradar24,flüge,7,87,249,5,1.87
voyage-itineraires,Flightradar24,see,7,82,200,144,0.74
voyage-itineraires,Flightradar24,iss finder,7,87,242,48,0.92
voyage-itineraires,Flightradar24,scratch map,7,48,244,53,0.90
voyage-itineraires,Flightradar24,per,7,96,200,98,0.80
voyage-itineraires,Flightradar24,flitsmeister,7,83,249,9,1.48
voyage-itineraires,Flightradar24,fling,7,76,246,18,1.18
voyage-itineraires,Flightradar24,top tracer,7,98,249,18,1.18
voyage-itineraires,Flightradar24,country tracker,7,82,247,102,0.79
voyage-itineraires,Flightradar24,flying airplane,7,73,250,3,2.44
voyage-itineraires,Flightradar24,free step tracker,7,68,250,163,0.72
voyage-itineraires,Flightradar24,star link,7,91,216,154,0.73
voyage-itineraires,Flightradar24,night sky guide,7,78,250,104,0.79
voyage-itineraires,Flightradar24,marine traffic vessel finder,7,76,249,69,0.85
voyage-itineraires,Flightradar24,airplain,7,67,235,48,0.92
voyage-itineraires,Flightradar24,nintendo today,7,94,250,75,0.84
voyage-itineraires,Flightradar24,live flight tracker,6,95,250,1,6.00
voyage-itineraires,Flightradar24,air tracker,6,78,248,1,6.00
voyage-itineraires,Flightradar24,garmin watch,6,76,250,101,0.68
voyage-itineraires,Flightradar24,days to,6,79,249,164,0.62
voyage-itineraires,Flightradar24,trip planner,6,90,248,133,0.64
voyage-itineraires,Flightradar24,hawai,6,86,247,42,0.82
voyage-itineraires,Flightradar24,song recognizer,6,69,221,115,0.66
voyage-itineraires,Flightradar24,airpod tracker,6,63,250,42,0.82
voyage-itineraires,Flightradar24,check24,6,93,250,7,1.39
voyage-itineraires,Flightradar24,traffic control,6,63,249,105,0.67
voyage-itineraires,Flightradar24,pill tracker,6,84,244,133,0.64
voyage-itineraires,Flightradar24,trip tracker,6,81,249,49,0.79
voyage-itineraires,Flightradar24,world travel map,6,72,248,126,0.65
voyage-itineraires,Flightradar24,tableau,6,100,250,26,0.92
voyage-itineraires,Flightradar24,star sky,6,68,245,111,0.67
voyage-itineraires,Flightradar24,till,6,90,236,66,0.74
voyage-itineraires,Flightradar24,roster buster,6,84,250,6,1.48
voyage-itineraires,Flightradar24,redzone,6,98,248,13,1.12
voyage-itineraires,Flightradar24,care planner,6,74,236,119,0.66
voyage-itineraires,Flightradar24,where is,6,95,215,52,0.78
voyage-itineraires,Flightradar24,live tracking,6,96,250,97,0.68
voyage-itineraires,Flightradar24,that,6,95,185,113,0.66
voyage-itineraires,Flightradar24,90 day challenge,6,84,250,10,1.22
voyage-itineraires,Flightradar24,air tag tracker,6,83,247,40,0.82
voyage-itineraires,Flightradar24,air fare,5,94,248,17,0.86
voyage-itineraires,Flightradar24,air flights,5,53,250,2,2.29
voyage-itineraires,Flightradar24,air travel,5,57,248,4,1.49
voyage-itineraires,Flightradar24,airfare,5,88,248,15,0.89
voyage-itineraires,Flightradar24,airline tickets,5,49,250,37,0.70
voyage-itineraires,Flightradar24,cheap airfare,5,36,250,123,0.54
voyage-itineraires,Flightradar24,cheap airline tickets,5,20,250,77,0.60
voyage-itineraires,Flightradar24,cheap flights and hotels,5,36,250,157,0.52
voyage-itineraires,Flightradar24,cheap plane tickets,5,46,250,36,0.70
voyage-itineraires,Flightradar24,flight and hotel,5,76,249,120,0.55
voyage-itineraires,Flightradar24,flight booking apps,5,70,250,17,0.86
voyage-itineraires,Flightradar24,flight search engines,5,70,249,5,1.34
voyage-itineraires,Flightradar24,flightsite,5,70,249,22,0.80
voyage-itineraires,Flightradar24,last minute travel,5,15,250,155,0.52
voyage-itineraires,Flightradar24,places to travel,5,86,250,161,0.52
voyage-itineraires,Flightradar24,plane tickets,5,46,248,19,0.83
voyage-itineraires,Flightradar24,silver,5,66,244,124,0.54
voyage-itineraires,Flightradar24,solar energy,5,32,224,120,0.55
voyage-itineraires,Flightradar24,time travel,5,69,248,80,0.59
voyage-itineraires,Flightradar24,travel apps,5,93,250,30,0.74
voyage-itineraires,Flightradar24,travel channel,5,75,249,59,0.63
voyage-itineraires,Flightradar24,travel news,5,89,248,134,0.54
voyage-itineraires,Flightradar24,travel the world,5,95,249,125,0.54
voyage-itineraires,Flightradar24,snowboard tracker,5,68,249,65,0.62
voyage-itineraires,Flightradar24,app tracking,5,96,248,122,0.55
voyage-itineraires,Flightradar24,app tracker,5,95,246,127,0.54
voyage-itineraires,Flightradar24,best flights,5,47,250,8,1.10
voyage-itineraires,Flightradar24,flight tracking,5,89,249,1,5.00
voyage-itineraires,Flightradar24,most popular apps,5,80,178,136,0.53
voyage-itineraires,Flightradar24,maps navigation,5,85,245,233,0.49
voyage-itineraires,Flightradar24,traveling,5,70,250,20,0.82
voyage-itineraires,Flightradar24,free travel apps,5,95,249,14,0.91
voyage-itineraires,Flightradar24,track flights,5,88,249,1,5.00
voyage-itineraires,Flightradar24,airline flight tracker,5,81,250,1,5.00
voyage-itineraires,Flightradar24,flight tracker 24,5,56,248,1,5.00
voyage-itineraires,Flightradar24,tracking hours,5,81,250,126,0.54
voyage-itineraires,Flightradar24,live radar,5,96,250,126,0.54
voyage-itineraires,Flightradar24,radar app,5,100,250,121,0.55
voyage-itineraires,Flightradar24,apple control,5,84,200,122,0.55
voyage-itineraires,Flightradar24,facebook apps,5,90,222,102,0.56
voyage-itineraires,Flightradar24,find my apple watch,5,47,248,64,0.62
voyage-itineraires,Flightradar24,helicopter games,5,83,250,96,0.57
voyage-itineraires,Flightradar24,over,5,77,206,89,0.58
voyage-itineraires,Flightradar24,phone monitoring,5,36,240,103,0.56
voyage-itineraires,Flightradar24,3d map,5,97,250,134,0.54
voyage-itineraires,Flightradar24,3d maps,5,95,250,143,0.53
voyage-itineraires,Flightradar24,airnav,5,71,249,3,1.74
voyage-itineraires,Flightradar24,jetradar,5,79,250,1,5.00
voyage-itineraires,Flightradar24,pilot app,5,21,219,125,0.54
voyage-itineraires,Flightradar24,airplane tracker,5,54,249,1,5.00
voyage-itineraires,Flightradar24,growing games,5,69,234,200,0.50
voyage-itineraires,Flightradar24,air traffic,5,94,249,2,2.29
voyage-itineraires,Flightradar24,airport maps,5,86,250,5,1.34
voyage-itineraires,Flightradar24,airplan,5,96,250,19,0.83
voyage-itineraires,Flightradar24,90s camera,5,32,241,122,0.55
voyage-itineraires,Flightradar24,abs app,5,62,250,120,0.55
voyage-itineraires,Flightradar24,offline maps navigation,5,,227,185,0.51
voyage-itineraires,Flightradar24,mapping,5,96,249,223,0.49
voyage-itineraires,Flightradar24,live star,5,62,225,56,0.64
voyage-itineraires,Flightradar24,after light,5,63,242,128,0.54
voyage-itineraires,Flightradar24,order tracker,5,89,250,117,0.55
voyage-itineraires,Flightradar24,airline apps,5,51,250,6,1.24
voyage-itineraires,Flightradar24,airlines app,5,50,250,13,0.93
voyage-itineraires,Flightradar24,ads,5,73,209,136,0.53
voyage-itineraires,Flightradar24,jet fighter,5,85,250,59,0.63
voyage-itineraires,Flightradar24,flight pilot,5,89,249,101,0.56
voyage-itineraires,Flightradar24,jet simulator,5,94,250,92,0.58
voyage-itineraires,Flightradar24,fly games,5,84,250,10,1.02
voyage-itineraires,Flightradar24,games for the plane,5,89,250,217,0.49
voyage-itineraires,Flightradar24,light filter,5,89,250,113,0.55
voyage-itineraires,Flightradar24,get abs,5,60,250,115,0.55
voyage-itineraires,Flightradar24,trending app,5,,229,62,0.62
voyage-itineraires,Flightradar24,google sky,5,77,249,24,0.78
voyage-itineraires,Flightradar24,ins tracker,5,70,249,85,0.58
voyage-itineraires,Flightradar24,google star map,5,36,240,93,0.57
voyage-itineraires,Flightradar24,star identifier,5,52,229,169,0.51
voyage-itineraires,Flightradar24,star locator,5,86,250,120,0.55
voyage-itineraires,Flightradar24,sky watch,5,64,238,100,0.57
voyage-itineraires,Flightradar24,star chart,5,89,250,141,0.53
voyage-itineraires,Flightradar24,star maps,5,86,250,43,0.68
voyage-itineraires,Flightradar24,sky live,5,90,249,120,0.55
voyage-itineraires,Flightradar24,star map free,5,75,250,135,0.54
voyage-itineraires,Flightradar24,sky view free,5,76,227,25,0.77
voyage-itineraires,Flightradar24,share my location,5,100,250,153,0.52
voyage-itineraires,Flightradar24,family tracking,5,98,248,147,0.53
voyage-itineraires,Flightradar24,top speed tracker,5,83,250,127,0.54
voyage-itineraires,Flightradar24,travel packing checklist,5,36,250,129,0.54
voyage-itineraires,Flightradar24,travel list,5,76,250,128,0.54
voyage-itineraires,Flightradar24,flip camera,5,93,248,102,0.56
voyage-itineraires,Flightradar24,new york city map,5,59,249,105,0.56
voyage-itineraires,Flightradar24,change location,5,88,250,103,0.56
voyage-itineraires,Flightradar24,change my location,5,72,248,131,0.54
voyage-itineraires,Flightradar24,hipmunk,5,32,250,18,0.84
voyage-itineraires,Flightradar24,pee tracker,5,68,249,98,0.57
voyage-itineraires,Flightradar24,uav,5,54,248,75,0.60
voyage-itineraires,Flightradar24,traveler app,5,74,248,124,0.54
voyage-itineraires,Flightradar24,mobile tracker,5,98,249,133,0.54
voyage-itineraires,Flightradar24,phone tracking,5,97,250,179,0.51
voyage-itineraires,Flightradar24,facebook viewers,5,93,222,121,0.55
voyage-itineraires,Flightradar24,phone finder,5,98,250,138,0.53
voyage-itineraires,Flightradar24,ji,5,100,250,187,0.51
voyage-itineraires,Flightradar24,balance ball,5,52,233,99,0.57
voyage-itineraires,Flightradar24,traffic app,5,96,249,111,0.55
voyage-itineraires,Flightradar24,tweetbot,5,97,250,91,0.58
voyage-itineraires,Flightradar24,cheapflights,5,76,249,64,0.62
voyage-itineraires,Flightradar24,trip app,5,74,245,109,0.56
voyage-itineraires,Flightradar24,flightview,5,87,250,3,1.74
voyage-itineraires,Flightradar24,radars,5,100,249,121,0.55
voyage-itineraires,Flightradar24,planet earth,5,85,250,113,0.55
voyage-itineraires,Flightradar24,wetter live,5,34,235,128,0.54
voyage-itineraires,Flightradar24,microsoft bookings,5,81,242,96,0.57
voyage-itineraires,Flightradar24,helicopter tracker,5,,246,1,5.00
voyage-itineraires,Flightradar24,video to boomerang,5,83,250,96,0.57
voyage-itineraires,Flightradar24,create boomerang,5,61,248,74,0.60
voyage-itineraires,Flightradar24,fight night,5,31,250,187,0.51
voyage-itineraires,Flightradar24,track app,5,100,246,127,0.54
voyage-itineraires,Flightradar24,flayer,5,97,249,20,0.82
voyage-itineraires,Flightradar24,find ship,5,92,250,46,0.67
voyage-itineraires,Flightradar24,follower tracker,5,79,250,118,0.55
voyage-itineraires,Flightradar24,manage property,5,70,250,180,0.51
voyage-itineraires,Flightradar24,23 snaps,5,94,245,66,0.62
voyage-itineraires,Flightradar24,follow tracker,5,80,250,95,0.57
voyage-itineraires,Flightradar24,map tracker,5,76,249,128,0.54
voyage-itineraires,Flightradar24,trackers,5,94,250,124,0.54
voyage-itineraires,Flightradar24,explain,5,100,250,44,0.67
voyage-itineraires,Flightradar24,facebook local,5,100,250,31,0.73
voyage-itineraires,Flightradar24,plane control,5,3,249,67,0.61
voyage-itineraires,Flightradar24,free got,5,89,208,74,0.60
voyage-itineraires,Flightradar24,property manage,5,82,250,200,0.50
voyage-itineraires,Flightradar24,data tracker,5,67,249,128,0.54
voyage-itineraires,Flightradar24,loud volume,5,84,250,162,0.52
voyage-itineraires,Flightradar24,map travel,5,90,248,128,0.54
voyage-itineraires,Flightradar24,travel log,5,94,249,123,0.54
voyage-itineraires,Flightradar24,traveling games,5,49,223,159,0.52
voyage-itineraires,Flightradar24,shipment tracker,5,79,250,76,0.60
voyage-itineraires,Flightradar24,package track,5,95,250,45,0.67
voyage-itineraires,Flightradar24,insta follow tracker,5,53,250,102,0.56
voyage-itineraires,Flightradar24,reports plus,5,74,221,63,0.62
voyage-itineraires,Flightradar24,track time,5,83,249,138,0.53
voyage-itineraires,Flightradar24,youtube tracker,5,98,247,42,0.68
voyage-itineraires,Flightradar24,classified ads,5,,226,112,0.55
voyage-itineraires,Flightradar24,free adobe scan,5,81,244,162,0.52
voyage-itineraires,Flightradar24,real car parking 2,5,97,250,146,0.53
voyage-itineraires,Flightradar24,time track,5,96,249,136,0.53
voyage-itineraires,Flightradar24,bureau of meteorology,5,82,247,143,0.53
voyage-itineraires,Flightradar24,twitter follower,5,98,243,131,0.54
voyage-itineraires,Flightradar24,scan iphone,5,59,222,155,0.52
voyage-itineraires,Flightradar24,track books,5,80,249,127,0.54
voyage-itineraires,Flightradar24,map run,5,85,249,118,0.55
voyage-itineraires,Flightradar24,route tracker,5,72,249,170,0.51
voyage-itineraires,Flightradar24,map my,5,82,249,98,0.57
voyage-itineraires,Flightradar24,run tracking,5,68,250,156,0.52
voyage-itineraires,Flightradar24,ride planner,5,75,250,131,0.54
voyage-itineraires,Flightradar24,at,5,95,188,120,0.55
voyage-itineraires,Flightradar24,tracer un itinéraire,5,87,250,123,0.54
voyage-itineraires,Flightradar24,des pistes,5,70,250,68,0.61
voyage-itineraires,Flightradar24,de trace,5,70,245,171,0.51
voyage-itineraires,Flightradar24,open charge map,5,82,248,54,0.64
voyage-itineraires,Flightradar24,journey tracker,5,84,250,36,0.70
voyage-itineraires,Flightradar24,free running tracker,5,81,250,134,0.54
voyage-itineraires,Flightradar24,plane landing,5,89,249,10,1.02
voyage-itineraires,Flightradar24,get twitter followers,5,86,249,126,0.54
voyage-itineraires,Flightradar24,finds,5,82,211,82,0.59
voyage-itineraires,Flightradar24,map running,5,77,249,168,0.51
voyage-itineraires,Flightradar24,map finder,5,86,250,132,0.54
voyage-itineraires,Flightradar24,bureau of meteorology australia,5,93,250,99,0.57
voyage-itineraires,Flightradar24,track my route,5,83,249,151,0.52
voyage-itineraires,Flightradar24,path of,5,54,229,66,0.62
voyage-itineraires,Flightradar24,trucker apps free,5,92,250,108,0.56
voyage-itineraires,Flightradar24,road trip map planner,5,83,250,141,0.53
voyage-itineraires,Flightradar24,travel centers of america,5,100,250,27,0.76
voyage-itineraires,Flightradar24,reserve-it,5,21,241,68,0.61
voyage-itineraires,Flightradar24,car transporter,5,54,239,150,0.52
voyage-itineraires,Flightradar24,vehicle transporter,5,45,243,174,0.51
voyage-itineraires,Flightradar24,dragon fly,5,78,209,46,0.67
voyage-itineraires,Flightradar24,bus tracking,5,92,249,125,0.54
voyage-itineraires,Flightradar24,l'appli,5,86,217,93,0.57
voyage-itineraires,Flightradar24,period tracker period calendar,5,63,248,136,0.53
voyage-itineraires,Flightradar24,flight manager,5,58,249,9,1.06
voyage-itineraires,Flightradar24,スナップチャット 無 料,5,72,207,163,0.52
voyage-itineraires,Flightradar24,スナチャ 無 料,5,86,215,162,0.52
voyage-itineraires,Flightradar24,ar book finder,5,90,216,64,0.62
voyage-itineraires,Flightradar24,radar de lluvia,5,86,249,62,0.62
voyage-itineraires,Flightradar24,雲,5,92,247,43,0.68
voyage-itineraires,Flightradar24,エクセル,5,97,250,128,0.54
voyage-itineraires,Flightradar24,run tracker app,5,77,250,184,0.51
voyage-itineraires,Flightradar24,mobile number tracker,5,100,249,156,0.52
voyage-itineraires,Flightradar24,traffic alerts,5,100,249,102,0.56
voyage-itineraires,Flightradar24,skyfire,5,79,249,8,1.10
voyage-itineraires,Flightradar24,youtube subscriber count,5,94,250,16,0.87
voyage-itineraires,Flightradar24,rad app,5,97,243,49,0.66
voyage-itineraires,Flightradar24,free night sky,5,75,250,113,0.55
voyage-itineraires,Flightradar24,sky finder,5,85,250,46,0.67
voyage-itineraires,Flightradar24,constellation map mobile,5,60,243,67,0.61
voyage-itineraires,Flightradar24,free to air,5,49,206,92,0.58
voyage-itineraires,Flightradar24,tracks,5,96,248,123,0.54
voyage-itineraires,Flightradar24,drone games,5,91,250,113,0.55
voyage-itineraires,Flightradar24,work schedule app and hours,5,70,250,171,0.51
voyage-itineraires,Flightradar24,blitzer.de,5,95,249,21,0.81
voyage-itineraires,Flightradar24,weather live app,5,80,250,149,0.53
voyage-itineraires,Flightradar24,professionnel,5,91,203,69,0.61
voyage-itineraires,Flightradar24,points tracker,5,58,249,118,0.55
voyage-itineraires,Flightradar24,indicator,5,100,249,18,0.84
voyage-itineraires,Flightradar24,flights tracker,5,84,250,1,5.00
voyage-itineraires,Flightradar24,live earth,5,80,249,90,0.58
voyage-itineraires,Flightradar24,space map,5,30,225,103,0.56
voyage-itineraires,Flightradar24,app usage tracker,5,18,241,145,0.53
voyage-itineraires,Flightradar24,airline game,5,74,250,144,0.53
voyage-itineraires,Flightradar24,air display,5,53,249,7,1.16
voyage-itineraires,Flightradar24,waze navigation & live traffic,5,92,248,37,0.70
voyage-itineraires,Flightradar24,timepiece app,5,63,239,217,0.49
voyage-itineraires,Flightradar24,nähe,5,79,248,80,0.59
voyage-itineraires,Flightradar24,追跡,5,87,243,46,0.67
voyage-itineraires,Flightradar24,жизнь,5,93,209,66,0.62
voyage-itineraires,Flightradar24,雨雲レーダー,5,85,250,146,0.53
voyage-itineraires,Flightradar24,камеры на дорогах,5,81,250,96,0.57
voyage-itineraires,Flightradar24,google traffic,5,93,250,35,0.71
voyage-itineraires,Flightradar24,xray body scanner,5,,250,68,0.61
voyage-itineraires,Flightradar24,number locator,5,94,249,165,0.52
voyage-itineraires,Flightradar24,антирадар стрелка,5,82,245,18,0.84
voyage-itineraires,Flightradar24,email to self,5,68,245,134,0.54
voyage-itineraires,Flightradar24,pikachu wallpaper,5,34,244,132,0.54
voyage-itineraires,Flightradar24,expiry date tracker,5,55,249,96,0.57
voyage-itineraires,Flightradar24,レーダー,5,95,250,20,0.82
voyage-itineraires,Flightradar24,flying airplane games,5,82,249,155,0.52
voyage-itineraires,Flightradar24,star scanner,5,85,250,75,0.60
voyage-itineraires,Flightradar24,live tracker,5,100,248,41,0.68
voyage-itineraires,Flightradar24,tap app,5,31,246,120,0.55
voyage-itineraires,Flightradar24,trip planner app,5,88,250,128,0.54
voyage-itineraires,Flightradar24,pill reminder app,5,86,246,131,0.54
voyage-itineraires,Flightradar24,time tables,5,45,222,154,0.52
voyage-itineraires,Flightradar24,unknown,5,67,245,38,0.70
voyage-itineraires,Flightradar24,sky maps,5,59,242,56,0.64
voyage-itineraires,Flightradar24,travel photo,5,81,241,112,0.55
voyage-itineraires,Flightradar24,live tv foot,5,71,248,228,0.49
voyage-itineraires,Flightradar24,track santa,5,35,249,48,0.66
voyage-itineraires,Flightradar24,resultados,5,69,246,78,0.59
voyage-itineraires,Flightradar24,360 security app,5,97,247,166,0.52
voyage-itineraires,Flightradar24,around,5,55,247,65,0.62
voyage-itineraires,Flightradar24,stunden,5,100,249,37,0.70
voyage-itineraires,Flightradar24,running record calculator,5,65,250,75,0.60
voyage-itineraires,Flightradar24,tap fast,5,59,248,191,0.50
voyage-itineraires,Flightradar24,fright,5,68,249,5,1.34
voyage-itineraires,Flightradar24,moving planner,5,,250,122,0.55
voyage-itineraires,Flightradar24,word journey,5,81,250,186,0.51
voyage-itineraires,Flightradar24,bases,5,53,249,137,0.53
voyage-itineraires,Flightradar24,lulubox,5,91,240,40,0.69
voyage-itineraires,Flightradar24,live map,5,95,250,164,0.52
voyage-itineraires,Flightradar24,live gps tracker,5,98,250,126,0.54
voyage-itineraires,Flightradar24,paper.io 2,5,85,249,161,0.52
voyage-itineraires,Flightradar24,立体写真,5,69,249,107,0.56
voyage-itineraires,Flightradar24,watch now,5,89,246,230,0.49
voyage-itineraires,Flightradar24,all airlines,5,64,250,32,0.73
voyage-itineraires,Flightradar24,lost drone,5,94,245,100,0.57
voyage-itineraires,Flightradar24,drone simulator,5,79,240,141,0.53
voyage-itineraires,Flightradar24,facebook watch,5,100,250,24,0.78
voyage-itineraires,Flightradar24,tracking time,5,78,247,151,0.52
voyage-itineraires,Flightradar24,most,5,94,225,76,0.60
voyage-itineraires,Flightradar24,get subscribers,5,,250,150,0.52
voyage-itineraires,Flightradar24,авиабилеты дешево,5,50,246,117,0.55
voyage-itineraires,Flightradar24,my track,5,98,247,69,0.61
voyage-itineraires,Flightradar24,twitter fake,5,86,239,151,0.52
voyage-itineraires,Flightradar24,sobre,5,96,249,187,0.51
voyage-itineraires,Flightradar24,busradar,5,98,249,10,1.02
voyage-itineraires,Flightradar24,sun locator,5,20,249,137,0.53
voyage-itineraires,Flightradar24,mappe 3d,5,87,249,110,0.56
voyage-itineraires,Flightradar24,metaldetector,5,70,250,131,0.54
voyage-itineraires,Flightradar24,bet status,5,74,250,216,0.49
voyage-itineraires,Flightradar24,airport scanner,5,70,250,36,0.70
voyage-itineraires,Flightradar24,corso,5,66,247,83,0.59
voyage-itineraires,Flightradar24,tracker whatsapp,5,93,248,46,0.67
voyage-itineraires,Flightradar24,uri,5,97,233,160,0.52
voyage-itineraires,Flightradar24,time to,5,79,192,114,0.55
voyage-itineraires,Flightradar24,heute,5,96,211,50,0.65
voyage-itineraires,Flightradar24,sky chart,5,86,250,47,0.66
voyage-itineraires,Flightradar24,ads detector,5,58,249,24,0.78
voyage-itineraires,Flightradar24,расписание,5,74,249,24,0.78
voyage-itineraires,Flightradar24,zeopoxa ciclismo,5,51,250,151,0.52
voyage-itineraires,Flightradar24,starlink app,5,63,250,23,0.79
voyage-itineraires,Flightradar24,insta followers tracker,5,46,248,123,0.54
voyage-itineraires,Flightradar24,status app,5,86,249,118,0.55
voyage-itineraires,Flightradar24,facebook profile,5,97,220,81,0.59
voyage-itineraires,Flightradar24,number location,5,100,249,143,0.53
voyage-itineraires,Flightradar24,solar watch,5,57,249,113,0.55
voyage-itineraires,Flightradar24,pubg tracker,5,95,250,29,0.74
voyage-itineraires,Flightradar24,simple plane,5,71,248,16,0.87
voyage-itineraires,Flightradar24,антирадар бесплатно,5,92,249,58,0.63
voyage-itineraires,Flightradar24,360 online,5,96,237,137,0.53
voyage-itineraires,Flightradar24,hindi typing,5,86,250,129,0.54
voyage-itineraires,Flightradar24,live location app,5,83,248,137,0.53
voyage-itineraires,Flightradar24,chi visita il mio profilo facebook,5,97,246,28,0.75
voyage-itineraires,Flightradar24,tour planner app,5,70,250,158,0.52
voyage-itineraires,Flightradar24,3d weather radar,5,92,249,121,0.55
voyage-itineraires,Flightradar24,gps антирадар,5,80,248,29,0.74
voyage-itineraires,Flightradar24,usa map,5,63,249,120,0.55
voyage-itineraires,Flightradar24,temperatura telefono,5,83,249,117,0.55
voyage-itineraires,Flightradar24,super speed,5,97,250,228,0.49
voyage-itineraires,Flightradar24,also,5,96,246,177,0.51
voyage-itineraires,Flightradar24,black history,5,64,250,153,0.52
voyage-itineraires,Flightradar24,flashlight alert,5,28,217,146,0.53
voyage-itineraires,Flightradar24,手机温度,5,45,247,44,0.67
voyage-itineraires,Flightradar24,upgrade apps,5,,210,159,0.52
voyage-itineraires,Flightradar24,dポイント,5,87,218,88,0.58
voyage-itineraires,Flightradar24,pilot game,5,97,250,175,0.51
voyage-itineraires,Flightradar24,transit tracker,5,93,249,124,0.54
voyage-itineraires,Flightradar24,書,5,94,207,81,0.59
voyage-itineraires,Flightradar24,应用管理,5,81,250,97,0.57
voyage-itineraires,Flightradar24,night out,5,90,243,83,0.59
voyage-itineraires,Flightradar24,live mobile number tracker,5,100,249,129,0.54
voyage-itineraires,Flightradar24,应用市场,5,95,239,184,0.51
voyage-itineraires,Flightradar24,国际空间站,5,70,250,25,0.77
voyage-itineraires,Flightradar24,what's,5,98,250,148,0.53
voyage-itineraires,Flightradar24,無線,5,98,246,13,0.93
voyage-itineraires,Flightradar24,cabin crew,5,70,249,97,0.57
voyage-itineraires,Flightradar24,ticket checker,5,25,249,196,0.50
voyage-itineraires,Flightradar24,snap shot,5,95,250,136,0.53
voyage-itineraires,Flightradar24,iphone locator,5,100,250,121,0.55
voyage-itineraires,Flightradar24,facebook friends mapper,5,100,250,19,0.83
voyage-itineraires,Flightradar24,travel map tracker,5,79,250,128,0.54
voyage-itineraires,Flightradar24,skytracker,5,60,246,6,1.24
voyage-itineraires,Flightradar24,stars map,5,83,250,60,0.63
voyage-itineraires,Flightradar24,easy flight,5,81,250,7,1.16
voyage-itineraires,Flightradar24,737,5,67,245,40,0.69
voyage-itineraires,Flightradar24,last minute deals,5,74,248,124,0.54
voyage-itineraires,Flightradar24,car transport,5,61,244,189,0.50
voyage-itineraires,Flightradar24,sun city,5,98,244,118,0.55
voyage-itineraires,Flightradar24,real flight,5,90,250,11,0.98
voyage-itineraires,Flightradar24,any list app,5,,250,106,0.56
voyage-itineraires,Flightradar24,discover canada,5,35,217,98,0.57
voyage-itineraires,Flightradar24,traveler safety,5,70,250,217,0.49
voyage-itineraires,Flightradar24,watch tracker,5,87,250,51,0.65
voyage-itineraires,Flightradar24,travel video maker,5,94,250,168,0.51
voyage-itineraires,Flightradar24,aviation apps for android,5,88,250,2,2.29
voyage-itineraires,Flightradar24,number clicker,5,47,228,210,0.50
voyage-itineraires,Flightradar24,flight crew schedule app,5,74,250,52,0.65
voyage-itineraires,Flightradar24,plane tracker app,5,83,249,1,5.00
voyage-itineraires,Flightradar24,plane flight tracker,5,83,249,1,5.00
voyage-itineraires,Flightradar24,airline tracker app,5,79,249,1,5.00
voyage-itineraires,Flightradar24,airline flight apps,5,70,248,3,1.74
voyage-itineraires,Flightradar24,the best flight app,5,53,250,3,1.74
voyage-itineraires,Flightradar24,airline roster app,5,76,248,19,0.83
voyage-itineraires,Flightradar24,aircraft apps for android,5,95,250,1,5.00
voyage-itineraires,Flightradar24,plane route tracker,5,83,249,1,5.00
voyage-itineraires,Flightradar24,pilot duty time limits,5,50,250,30,0.74
voyage-itineraires,Flightradar24,aviation community,5,72,250,51,0.65
voyage-itineraires,Flightradar24,cabin crew roster app,5,45,248,115,0.55
voyage-itineraires,Flightradar24,marine tracker,5,77,238,60,0.63
voyage-itineraires,Flightradar24,star track,5,77,248,58,0.63
voyage-itineraires,Flightradar24,radar widget,5,98,250,121,0.55
voyage-itineraires,Flightradar24,ceo,5,100,249,38,0.70
voyage-itineraires,Flightradar24,equipment tracker,5,80,250,119,0.55
voyage-itineraires,Flightradar24,board game tracker,5,94,248,67,0.61
voyage-itineraires,Flightradar24,contract forms,5,91,250,153,0.52
voyage-itineraires,Flightradar24,aeroplane,5,82,250,5,1.34
voyage-itineraires,Flightradar24,finder app,5,84,249,106,0.56
voyage-itineraires,Flightradar24,takeoff,5,28,246,9,1.06
voyage-itineraires,Flightradar24,轨迹记录,5,86,238,61,0.63
voyage-itineraires,Flightradar24,tableau data visualization,5,89,247,14,0.91
voyage-itineraires,Flightradar24,city trip planner,5,89,249,128,0.54
voyage-itineraires,Flightradar24,data limit,5,79,237,41,0.68
voyage-itineraires,Flightradar24,aboard,5,67,246,19,0.83
voyage-itineraires,Flightradar24,ore,5,88,250,101,0.56
voyage-itineraires,Flightradar24,unsubscribe app,5,84,211,98,0.57
voyage-itineraires,Flightradar24,travel spending tracker,5,92,247,131,0.54
voyage-itineraires,Flightradar24,storm map,5,98,250,124,0.54
voyage-itineraires,Flightradar24,types,5,100,250,125,0.54
voyage-itineraires,Flightradar24,今日,5,87,229,33,0.72
voyage-itineraires,Flightradar24,voetbalweddenschappen vandaag,5,70,250,46,0.67
voyage-itineraires,Flightradar24,voetbalweddenschappen voor vandaag,5,47,247,53,0.64
voyage-itineraires,Flightradar24,tweet tracker,5,86,247,122,0.55
voyage-itineraires,Flightradar24,tweet stats,5,94,247,25,0.77
voyage-itineraires,Flightradar24,tweet alert,5,94,249,97,0.57
voyage-itineraires,Flightradar24,accu check,5,96,250,26,0.76
voyage-itineraires,Flightradar24,twitter followers tracker,5,100,250,7,1.16
voyage-itineraires,Flightradar24,multiple timer,5,45,237,135,0.54
voyage-itineraires,Flightradar24,come on in,5,88,203,79,0.59
voyage-itineraires,Flightradar24,meteorologist radar,5,100,249,115,0.55
voyage-itineraires,Flightradar24,professional storm radar,5,80,248,161,0.52
voyage-itineraires,Flightradar24,move data,5,92,246,124,0.54
voyage-itineraires,Flightradar24,düsseldorf,5,72,248,21,0.81
voyage-itineraires,Flightradar24,free ride,5,56,230,120,0.55
voyage-itineraires,Flightradar24,live preview on any device,5,92,226,38,0.70
voyage-itineraires,Flightradar24,приложения,5,91,217,133,0.54
voyage-itineraires,Flightradar24,insurance tracker,5,61,249,100,0.57
voyage-itineraires,Flightradar24,phone addiction tracker,5,35,234,94,0.57
voyage-itineraires,Flightradar24,流量监控,5,34,244,66,0.62
voyage-itineraires,Flightradar24,travel weather,5,93,249,205,0.50
voyage-itineraires,Flightradar24,doppler maps,5,84,248,144,0.53
voyage-itineraires,Flightradar24,be okay,5,100,250,157,0.52
voyage-itineraires,Flightradar24,high-flying,5,68,250,82,0.59
voyage-itineraires,Flightradar24,fray,5,78,247,18,0.84
voyage-itineraires,Flightradar24,авиабилеты онлайн дешевые,5,70,249,120,0.55
voyage-itineraires,Flightradar24,pykl3,5,92,246,22,0.80
voyage-itineraires,Flightradar24,velocity radar,5,100,250,89,0.58
voyage-itineraires,Flightradar24,weather route,5,75,250,146,0.53
voyage-itineraires,Flightradar24,pocket radar,5,98,250,9,1.06
voyage-itineraires,Flightradar24,aopa,5,58,248,16,0.87
voyage-itineraires,Flightradar24,zoom radar,5,98,250,28,0.75
voyage-itineraires,Flightradar24,avia weather,5,94,250,61,0.63
voyage-itineraires,Flightradar24,cop tracker,5,79,242,53,0.64
voyage-itineraires,Flightradar24,reiseplaner app,5,93,249,135,0.54
voyage-itineraires,Flightradar24,programação,5,98,250,21,0.81
voyage-itineraires,Flightradar24,point tracker,5,78,250,122,0.55
voyage-itineraires,Flightradar24,middle east,5,71,449,54,0.64
voyage-itineraires,Flightradar24,Held,5,66,248,27,0.76
voyage-itineraires,Flightradar24,real-time,5,70,242,106,0.56
voyage-itineraires,Flightradar24,hindi shayari,5,82,250,182,0.51
voyage-itineraires,Flightradar24,view in ar,5,21,210,156,0.52
voyage-itineraires,Flightradar24,tube tracker,5,50,250,81,0.59
voyage-itineraires,Flightradar24,find your phone,5,78,238,192,0.50
voyage-itineraires,Flightradar24,plane wallpaper,5,72,249,95,0.57
voyage-itineraires,Flightradar24,選択,5,100,250,121,0.55
voyage-itineraires,Flightradar24,Track locations,5,96,248,102,0.56
voyage-itineraires,Flightradar24,airplane flight,5,77,249,2,2.29
voyage-itineraires,Flightradar24,blah,5,92,237,37,0.70
voyage-itineraires,Flightradar24,rosterbuster - flight and cabin crew roster app,5,78,249,25,0.77
voyage-itineraires,Flightradar24,ios app development,5,54,236,59,0.63
voyage-itineraires,Flightradar24,check24 reise,5,58,250,30,0.74
voyage-itineraires,Flightradar24,地形图,5,47,248,101,0.56
voyage-itineraires,Flightradar24,suivi travaux,5,70,250,118,0.55
voyage-itineraires,Flightradar24,road trip weather app,5,80,250,129,0.54
voyage-itineraires,Flightradar24,plane wallpapers,5,78,248,119,0.55
voyage-itineraires,Flightradar24,build prop,5,,250,28,0.75
voyage-itineraires,Flightradar24,galactic fighters,5,94,250,98,0.57
voyage-itineraires,Flightradar24,galactic strike,5,80,244,138,0.53
voyage-itineraires,Flightradar24,location change,5,92,250,111,0.55
voyage-itineraires,Flightradar24,follow up,5,89,232,159,0.52
voyage-itineraires,Flightradar24,headshot app,5,52,241,118,0.55
voyage-itineraires,Flightradar24,lidar map,5,70,250,42,0.68
voyage-itineraires,Flightradar24,airfares,5,61,249,23,0.79
voyage-itineraires,Flightradar24,удаленный пк,5,70,212,123,0.54
voyage-itineraires,Flightradar24,layers app,5,56,249,51,0.65
voyage-itineraires,Flightradar24,in today,5,92,227,55,0.64
voyage-itineraires,Flightradar24,travelstart,5,95,249,10,1.02
voyage-itineraires,Flightradar24,hard work,5,84,249,101,0.56
voyage-itineraires,Flightradar24,flare effect,5,76,167,81,0.59
voyage-itineraires,Flightradar24,качество воздуха,5,70,250,89,0.58
voyage-itineraires,Flightradar24,日出,5,36,246,68,0.61
voyage-itineraires,Flightradar24,移除,5,62,213,138,0.53
voyage-itineraires,Flightradar24,tracker online,5,77,248,104,0.56
voyage-itineraires,Flightradar24,tap me,5,94,247,191,0.50
voyage-itineraires,Flightradar24,typ,5,97,250,52,0.65
voyage-itineraires,Flightradar24,road safety,5,97,250,129,0.54
voyage-itineraires,Flightradar24,shot tracer app,5,72,250,37,0.70
voyage-itineraires,Flightradar24,popular app,5,75,201,119,0.55
voyage-itineraires,Flightradar24,отслеживание приложений,5,93,247,129,0.54
voyage-itineraires,Flightradar24,приложение для отслеживания,5,59,215,46,0.67
voyage-itineraires,Flightradar24,nederlands,5,31,225,104,0.56
voyage-itineraires,Flightradar24,speed clock,5,70,250,123,0.54
voyage-itineraires,Flightradar24,property owner,5,83,247,178,0.51
voyage-itineraires,Flightradar24,speed timer,5,70,250,124,0.54
voyage-itineraires,Flightradar24,高度表,5,34,244,45,0.67
voyage-itineraires,Flightradar24,youtube counter,5,68,250,169,0.51
voyage-itineraires,Flightradar24,radar live,5,100,250,130,0.54
voyage-itineraires,Flightradar24,plane flight,5,91,250,2,2.29
voyage-itineraires,Flightradar24,flugvergleich,5,53,249,21,0.81
voyage-itineraires,Flightradar24,traffic map,5,,235,80,0.59
voyage-itineraires,Flightradar24,doua,5,70,250,78,0.59
voyage-itineraires,Flightradar24,track me,5,,250,92,0.58
voyage-itineraires,Flightradar24,my planner,5,80,249,133,0.54
voyage-itineraires,Flightradar24,gold app,5,57,248,136,0.53
voyage-itineraires,Flightradar24,travel help,5,70,250,131,0.54
voyage-itineraires,Flightradar24,track order,5,100,250,126,0.54
voyage-itineraires,Flightradar24,map runner,5,73,248,120,0.55
voyage-itineraires,Flightradar24,sat words,5,60,248,121,0.55
voyage-itineraires,Flightradar24,entscheiden,5,52,249,100,0.57
voyage-itineraires,Flightradar24,parcel map,5,87,249,65,0.62
voyage-itineraires,Flightradar24,tracker online whatsapp,5,95,248,35,0.71
voyage-itineraires,Flightradar24,gold tracker,5,54,247,121,0.55
voyage-itineraires,Flightradar24,3000,5,92,250,38,0.70
voyage-itineraires,Flightradar24,pilot flight,5,74,250,28,0.75
voyage-itineraires,Flightradar24,aviation weather gov,5,66,235,33,0.72
voyage-itineraires,Flightradar24,display link,5,85,249,206,0.50
voyage-itineraires,Flightradar24,mobile alert,5,78,250,165,0.52
voyage-itineraires,Flightradar24,online tracker,5,100,250,113,0.55
voyage-itineraires,Flightradar24,tube status,5,95,222,126,0.54
voyage-itineraires,Flightradar24,sal,5,96,248,183,0.51
voyage-itineraires,Flightradar24,iii,5,100,245,75,0.60
voyage-itineraires,Flightradar24,kids airplane games,5,53,209,180,0.51
voyage-itineraires,Flightradar24,facebook tracker,5,94,210,101,0.56
voyage-itineraires,Flightradar24,shipment tracking,5,100,249,127,0.54
voyage-itineraires,Flightradar24,check app,5,21,216,150,0.52
voyage-itineraires,Flightradar24,due date,5,80,237,182,0.51
voyage-itineraires,Flightradar24,air finder,5,94,250,7,1.16
voyage-itineraires,Flightradar24,zz,5,94,244,188,0.50
voyage-itineraires,Flightradar24,tracking my,5,52,250,121,0.55
voyage-itineraires,Flightradar24,facebook profile viewer,5,89,204,137,0.53
voyage-itineraires,Flightradar24,пост,5,98,246,154,0.52
voyage-itineraires,Flightradar24,track you miles app,5,83,249,36,0.70
voyage-itineraires,Flightradar24,starlink tracker,5,81,250,13,0.93
voyage-itineraires,Flightradar24,free flyer app,5,78,250,93,0.57
voyage-itineraires,Flightradar24,tv premium,5,81,249,183,0.51
voyage-itineraires,Flightradar24,flight prices,5,96,249,84,0.59
voyage-itineraires,Flightradar24,360 mobile security,5,87,250,140,0.53
voyage-itineraires,Flightradar24,drive time tracker,5,53,249,104,0.56
voyage-itineraires,Flightradar24,make map,5,73,249,129,0.54
voyage-itineraires,Flightradar24,track tv shows,5,93,250,124,0.54
voyage-itineraires,Flightradar24,fishing charts,5,59,206,100,0.57
voyage-itineraires,Flightradar24,尺寸,5,61,231,181,0.51
voyage-itineraires,Flightradar24,track trip,5,44,248,120,0.55
voyage-itineraires,Flightradar24,trip tracking,5,77,250,88,0.58
voyage-itineraires,Flightradar24,trips tracking,5,77,248,99,0.57
voyage-itineraires,Flightradar24,mac control,5,90,206,110,0.56
voyage-itineraires,Flightradar24,recent contacts,5,61,249,180,0.51
voyage-itineraires,Flightradar24,báo,5,84,234,151,0.52
voyage-itineraires,Flightradar24,chi vede il mio profilo,5,100,250,39,0.69
voyage-itineraires,Flightradar24,order tracking,5,98,250,116,0.55
voyage-itineraires,Flightradar24,pick a number,5,73,250,158,0.52
voyage-itineraires,Flightradar24,volunteer hours tracker,5,75,249,149,0.53
voyage-itineraires,Flightradar24,管理器,5,70,246,126,0.54
voyage-itineraires,Flightradar24,network tracker,5,56,237,51,0.65
voyage-itineraires,Flightradar24,airpods tracker,5,75,249,49,0.66
voyage-itineraires,Flightradar24,track airpods,5,76,250,55,0.64
voyage-itineraires,Flightradar24,lost airpods,5,78,250,34,0.71
voyage-itineraires,Flightradar24,インスタチェッカー,5,90,223,110,0.56
voyage-itineraires,Flightradar24,download maps,5,97,249,136,0.53
voyage-itineraires,Flightradar24,one a day,5,83,248,223,0.49
voyage-itineraires,Flightradar24,air mail,5,85,250,49,0.66
voyage-itineraires,Flightradar24,航空邮件,5,92,245,131,0.54
voyage-itineraires,Flightradar24,即,5,98,249,180,0.51
voyage-itineraires,Flightradar24,truck finder,5,86,248,116,0.55
voyage-itineraires,Flightradar24,freebie alerts,5,97,250,119,0.55
voyage-itineraires,Flightradar24,hours tracking,5,70,250,125,0.54
voyage-itineraires,Flightradar24,awesome flying,5,56,250,114,0.55
voyage-itineraires,Flightradar24,speed gun app,5,,249,42,0.68
voyage-itineraires,Flightradar24,opensky mobile,5,62,248,31,0.73
voyage-itineraires,Flightradar24,waradar,5,100,250,7,1.16
voyage-itineraires,Flightradar24,turbulence forecast,5,84,250,13,0.93
voyage-itineraires,Flightradar24,directions de v,5,75,249,19,0.83
voyage-itineraires,Flightradar24,red wallpapers,5,81,250,240,0.48
voyage-itineraires,Flightradar24,track twitter followers,5,100,249,5,1.34
voyage-itineraires,Flightradar24,為替計算,5,71,244,44,0.67
voyage-itineraires,Flightradar24,facebook authenticator app,5,90,247,77,0.60
voyage-itineraires,Flightradar24,monitor app,5,72,226,134,0.54
voyage-itineraires,Flightradar24,serien liste,5,87,249,94,0.57
voyage-itineraires,Flightradar24,freunde tracken,5,77,250,18,0.84
voyage-itineraires,Flightradar24,freunde karte,5,63,250,112,0.55
voyage-itineraires,Flightradar24,flight plane,5,,250,4,1.49
voyage-itineraires,Flightradar24,управлять,5,86,211,54,0.64
voyage-itineraires,Flightradar24,betting tracker,5,65,248,84,0.59
voyage-itineraires,Flightradar24,地図 無料,5,90,250,126,0.54
voyage-itineraires,Flightradar24,旅行 すけじゅーる,5,93,250,128,0.54
voyage-itineraires,Flightradar24,旅行 スケジュール,5,84,250,125,0.54
voyage-itineraires,Flightradar24,地図 ナビ 無料,5,87,250,123,0.54
voyage-itineraires,Flightradar24,weightlifting tracker,5,75,249,144,0.53
voyage-itineraires,Flightradar24,precios,5,96,232,69,0.61
voyage-itineraires,Flightradar24,to the sky,5,70,249,87,0.58
voyage-itineraires,Flightradar24,track online orders,5,100,250,97,0.57
voyage-itineraires,Flightradar24,orders tracker,5,81,249,120,0.55
voyage-itineraires,Flightradar24,ime travel,5,58,245,161,0.52
voyage-itineraires,Flightradar24,departures,5,92,248,11,0.98
voyage-itineraires,Flightradar24,arrivals,5,90,250,1,5.00
voyage-itineraires,Flightradar24,близкие,5,98,250,44,0.67
voyage-itineraires,Flightradar24,shop local,5,96,250,218,0.49
voyage-itineraires,Flightradar24,timeline tracking,5,70,250,157,0.52
voyage-itineraires,Flightradar24,call tracking,5,96,247,125,0.54
voyage-itineraires,Flightradar24,tv track,5,80,250,135,0.54
voyage-itineraires,Flightradar24,phone track,5,97,250,154,0.52
voyage-itineraires,Flightradar24,prima della,5,100,250,201,0.50
voyage-itineraires,Flightradar24,seconda,5,92,225,33,0.72
voyage-itineraires,Flightradar24,addebitato per,5,88,239,133,0.54
voyage-itineraires,Flightradar24,jawab,5,93,233,25,0.77
voyage-itineraires,Flightradar24,who sees my facebook,5,92,245,69,0.61
voyage-itineraires,Flightradar24,einfach auf,5,54,186,11,0.98
voyage-itineraires,Flightradar24,schneller und,5,83,204,157,0.52
voyage-itineraires,Flightradar24,einfacher und,5,69,187,11,0.98
voyage-itineraires,Flightradar24,preise zu,5,87,225,36,0.70
voyage-itineraires,Flightradar24,keep track,5,14,230,59,0.63
voyage-itineraires,Flightradar24,preis für,5,92,203,4,1.49
voyage-itineraires,Flightradar24,einfach an,5,56,192,160,0.52
voyage-itineraires,Flightradar24,on earth,5,77,185,141,0.53
voyage-itineraires,Flightradar24,Track Shows,5,79,250,121,0.55
voyage-itineraires,Flightradar24,shopping tracker,5,97,250,107,0.56
voyage-itineraires,Flightradar24,mobile maps,5,97,250,149,0.53
voyage-itineraires,Flightradar24,resultante,5,64,247,3,1.74
voyage-itineraires,Flightradar24,app f,5,89,182,143,0.53
voyage-itineraires,Flightradar24,apps f,5,91,182,135,0.54
voyage-itineraires,Flightradar24,body swap,5,94,242,95,0.57
voyage-itineraires,Flightradar24,traffic transit,5,88,250,97,0.57
voyage-itineraires,Flightradar24,maps traffic,5,91,249,130,0.54
voyage-itineraires,Flightradar24,traffic maps,5,93,248,124,0.54
voyage-itineraires,Flightradar24,speed reading app,5,75,250,137,0.53
voyage-itineraires,Flightradar24,mehrere personen,5,51,218,101,0.56
voyage-itineraires,Flightradar24,truck tracking,5,90,249,125,0.54
voyage-itineraires,Flightradar24,sim tracking,5,87,248,96,0.57
voyage-itineraires,Flightradar24,trip proof of delivery,5,86,249,128,0.54
voyage-itineraires,Flightradar24,subscriber tracker for youtube,5,35,245,113,0.55
voyage-itineraires,Flightradar24,飞行,5,86,250,3,1.74
voyage-itineraires,Flightradar24,olarak çalışır,5,89,214,42,0.68
voyage-itineraires,Flightradar24,app figures 2,5,59,214,153,0.52
voyage-itineraires,Flightradar24,app figures 4,5,72,204,11,0.98
voyage-itineraires,Flightradar24,air pod tracker,5,57,250,59,0.63
voyage-itineraires,Flightradar24,mutluluk,5,100,250,9,1.06
voyage-itineraires,Flightradar24,style check,5,98,247,183,0.51
voyage-itineraires,Flightradar24,verfolgen,5,73,249,13,0.93
voyage-itineraires,Flightradar24,avgångar,5,80,249,1,5.00
voyage-itineraires,Flightradar24,contacts tracker,5,47,237,101,0.56
voyage-itineraires,Flightradar24,friends tracker,5,67,100,32,0.73
voyage-itineraires,Flightradar24,precio,5,95,248,59,0.63
voyage-itineraires,Flightradar24,be famous,5,77,249,154,0.52
voyage-itineraires,Flightradar24,want,5,100,250,191,0.50
voyage-itineraires,Flightradar24,verwenden,5,36,246,130,0.54
voyage-itineraires,Flightradar24,verwendung,5,81,247,21,0.81
voyage-itineraires,Flightradar24,nutzer,5,97,244,59,0.63
voyage-itineraires,Flightradar24,track list,5,76,250,123,0.54
voyage-itineraires,Flightradar24,truck weather,5,85,250,126,0.54
voyage-itineraires,Flightradar24,road radar,5,96,250,106,0.56
voyage-itineraires,Flightradar24,menschen in der nähe,5,82,250,17,0.86
voyage-itineraires,Flightradar24,leute finden,5,90,221,64,0.62
voyage-itineraires,Flightradar24,airspeed,5,86,249,3,1.74
voyage-itineraires,Flightradar24,air play 2,5,51,249,25,0.77
voyage-itineraires,Flightradar24,satelite tracker,5,68,250,45,0.67
voyage-itineraires,Flightradar24,anti hack,5,83,243,146,0.53
voyage-itineraires,Flightradar24,получить,5,88,192,76,0.60
voyage-itineraires,Flightradar24,найти,5,70,204,65,0.62
voyage-itineraires,Flightradar24,будет,5,82,194,74,0.60
voyage-itineraires,Flightradar24,мобильное,5,95,249,84,0.59
voyage-itineraires,Flightradar24,может,5,90,193,85,0.58
voyage-itineraires,Flightradar24,приложением,5,91,208,122,0.55
voyage-itineraires,Flightradar24,режиме,5,91,245,129,0.54
voyage-itineraires,Flightradar24,когда,5,93,247,97,0.57
voyage-itineraires,Flightradar24,быть,5,92,197,68,0.61
voyage-itineraires,Flightradar24,пользователей,5,97,249,20,0.82
voyage-itineraires,Flightradar24,всем,5,95,247,65,0.62
voyage-itineraires,Flightradar24,работает,5,84,215,49,0.66
voyage-itineraires,Flightradar24,получения,5,83,240,54,0.64
voyage-itineraires,Flightradar24,любое,5,89,191,101,0.56
voyage-itineraires,Flightradar24,каждый,5,77,192,52,0.65
voyage-itineraires,Flightradar24,версия,5,95,225,77,0.60
voyage-itineraires,Flightradar24,могут,5,91,207,78,0.59
voyage-itineraires,Flightradar24,вашему,5,86,185,146,0.53
voyage-itineraires,Flightradar24,sky viewer,5,65,231,126,0.54
voyage-itineraires,Flightradar24,online tracking,5,97,250,121,0.55
voyage-itineraires,Flightradar24,arrive can,5,80,225,55,0.64
voyage-itineraires,Flightradar24,app radar,5,80,239,4,1.49
voyage-itineraires,Flightradar24,scotts cheap flights,5,32,249,65,0.62
voyage-itineraires,Flightradar24,vidi,5,96,247,26,0.76
voyage-itineraires,Flightradar24,fishing tracker,5,89,250,118,0.55
voyage-itineraires,Flightradar24,suivre,5,93,247,1,5.00
voyage-itineraires,Flightradar24,gérer votre,5,93,248,34,0.71
voyage-itineraires,Flightradar24,propose,5,72,249,74,0.60
voyage-itineraires,Flightradar24,zamanlı,5,96,248,168,0.51
voyage-itineraires,Flightradar24,spoor,5,90,229,43,0.68
voyage-itineraires,Flightradar24,what is the,5,86,195,123,0.54
voyage-itineraires,Flightradar24,been there,5,98,242,105,0.56
voyage-itineraires,Flightradar24,Trip trafic,5,97,250,54,0.64
voyage-itineraires,Flightradar24,présent,5,97,246,30,0.74
voyage-itineraires,Flightradar24,driving airplane,5,0,250,40,0.69
voyage-itineraires,Flightradar24,(with links),5,55,232,120,0.55
voyage-itineraires,Flightradar24,modèle,5,93,244,67,0.61
voyage-itineraires,Flightradar24,high-quality,5,91,247,183,0.51
voyage-itineraires,Flightradar24,timer and tracker,5,44,250,148,0.53
voyage-itineraires,Flightradar24,vertrektijden,5,34,249,24,0.78
voyage-itineraires,Flightradar24,ov flex,5,93,239,70,0.61
voyage-itineraires,Flightradar24,timer und tracker,5,53,250,135,0.54
voyage-itineraires,Flightradar24,写书工具,5,32,241,108,0.56
voyage-itineraires,Flightradar24,deneme,5,84,250,37,0.70
voyage-itineraires,Flightradar24,air fryer chicken wings,5,78,248,28,0.75
voyage-itineraires,Flightradar24,categoría,5,95,243,53,0.64
voyage-itineraires,Flightradar24,constellation map,5,76,249,82,0.59
voyage-itineraires,Flightradar24,tra,5,98,248,102,0.56
voyage-itineraires,Flightradar24,check-in,5,15,221,137,0.53
voyage-itineraires,Flightradar24,live instagram follower count,5,100,248,114,0.55
voyage-itineraires,Flightradar24,flighty for twitter ads,5,100,249,5,1.34
voyage-itineraires,Flightradar24,track twitter likes,5,95,250,90,0.58
voyage-itineraires,Flightradar24,twitter follower bot,5,94,250,96,0.57
voyage-itineraires,Flightradar24,influenza tracker,5,57,241,167,0.52
voyage-itineraires,Flightradar24,flu tracker,5,80,247,69,0.61
voyage-itineraires,Flightradar24,mapping app,5,96,244,212,0.49
voyage-itineraires,Flightradar24,kündigen,5,56,249,78,0.59
voyage-itineraires,Flightradar24,night sky map,5,68,243,87,0.58
voyage-itineraires,Flightradar24,track days,5,79,250,78,0.59
voyage-itineraires,Flightradar24,bet tracking,5,57,245,146,0.53
voyage-itineraires,Flightradar24,узнать историю,5,64,207,95,0.57
voyage-itineraires,Flightradar24,24 saatte iş,5,44,183,61,0.63
voyage-itineraires,Flightradar24,facebook profile tracker,5,98,250,36,0.70
voyage-itineraires,Flightradar24,travel & local,5,75,250,121,0.55
voyage-itineraires,Flightradar24,profile tracker facebook,5,95,247,58,0.63
voyage-itineraires,Flightradar24,shop tracker,5,71,248,88,0.58
voyage-itineraires,Flightradar24,pills track,5,78,246,124,0.54
voyage-itineraires,Flightradar24,website tracker,5,98,250,108,0.56
voyage-itineraires,Flightradar24,webpage changes,5,95,218,14,0.91
voyage-itineraires,Flightradar24,see the stars,5,54,230,91,0.58
voyage-itineraires,Flightradar24,price trackrer,5,80,250,83,0.59
voyage-itineraires,Flightradar24,boats tracker,5,67,234,135,0.54
voyage-itineraires,Flightradar24,book tracking,5,68,250,129,0.54
voyage-itineraires,Flightradar24,sky map app,5,70,249,57,0.63
voyage-itineraires,Flightradar24,best ski tracker,5,52,248,148,0.53
voyage-itineraires,Flightradar24,watchapp for whatsapp,5,90,238,114,0.55
voyage-itineraires,Flightradar24,free time,5,59,218,103,0.56
voyage-itineraires,Flightradar24,deutsch niveau,5,26,231,202,0.50
voyage-itineraires,Flightradar24,spritfinder app deutschland,5,34,247,102,0.56
voyage-itineraires,Flightradar24,icopter,5,78,249,97,0.57
voyage-itineraires,Flightradar24,storm maps,5,86,247,107,0.56
voyage-itineraires,Flightradar24,radar maps,5,97,250,125,0.54
voyage-itineraires,Flightradar24,maps radar,5,93,249,121,0.55
voyage-itineraires,Flightradar24,widget radar,5,90,250,115,0.55
voyage-itineraires,Flightradar24,airport simulation,5,75,250,106,0.56
voyage-itineraires,Flightradar24,temperature tracker,5,62,249,123,0.54
voyage-itineraires,Flightradar24,games fly,5,63,250,170,0.51
voyage-itineraires,Flightradar24,mapping google,5,79,227,188,0.50
voyage-itineraires,Flightradar24,that's,5,81,203,97,0.57
voyage-itineraires,Flightradar24,that’s,5,86,211,90,0.58
voyage-itineraires,Flightradar24,thats,5,86,196,87,0.58
voyage-itineraires,Flightradar24,the use,5,35,200,109,0.56
voyage-itineraires,Flightradar24,www.google.com,5,56,204,149,0.53
voyage-itineraires,Flightradar24,play real,5,88,188,85,0.58
voyage-itineraires,Flightradar24,add-ons maps,5,,211,173,0.51
voyage-itineraires,Flightradar24,سمت,5,86,215,34,0.71
voyage-itineraires,Flightradar24,طلایی,5,100,250,24,0.78
voyage-itineraires,Flightradar24,россия,5,24,223,113,0.55
voyage-itineraires,Flightradar24,100s,5,97,243,165,0.52
voyage-itineraires,Flightradar24,mods maps,5,21,228,18,0.84
voyage-itineraires,Flightradar24,track activity,5,67,249,129,0.54
voyage-itineraires,Flightradar24,live sky,5,74,249,66,0.62
voyage-itineraires,Flightradar24,tracker track,5,97,250,80,0.59
voyage-itineraires,Flightradar24,pasted,5,81,243,45,0.67
voyage-itineraires,Flightradar24,geweldige,5,88,187,77,0.60
voyage-itineraires,Flightradar24,love email,5,91,248,135,0.54
voyage-itineraires,Flightradar24,life360 find,5,89,246,70,0.61
voyage-itineraires,Flightradar24,zuletzt gesehen tracker,5,72,248,198,0.50
voyage-itineraires,Flightradar24,online-tracker,5,56,249,116,0.55
voyage-itineraires,Flightradar24,fast local,5,34,248,45,0.67
voyage-itineraires,Flightradar24,transit tracker app,5,84,249,114,0.55
voyage-itineraires,Flightradar24,transit tracking,5,94,250,95,0.57
voyage-itineraires,Flightradar24,follower tracking,5,27,234,79,0.59
voyage-itineraires,Flightradar24,Time trackin,5,94,250,31,0.73
voyage-itineraires,Flightradar24,project screen,5,84,246,151,0.52
voyage-itineraires,Flightradar24,simulator(tracker radar),5,59,222,14,0.91
voyage-itineraires,Flightradar24,radar),5,94,249,120,0.55
voyage-itineraires,Flightradar24,device tracker,5,98,250,125,0.54
voyage-itineraires,Flightradar24,tracker location,5,98,250,135,0.54
voyage-itineraires,Flightradar24,find real,5,89,201,53,0.64
voyage-itineraires,Flightradar24,location device,5,95,247,161,0.52
voyage-itineraires,Flightradar24,ट्रैक,5,56,250,82,0.59
voyage-itineraires,Flightradar24,media management,5,76,245,186,0.51
voyage-itineraires,Flightradar24,tips toca,5,93,250,183,0.51
voyage-itineraires,Flightradar24,tracking better,5,68,250,212,0.49
voyage-itineraires,Flightradar24,ルート,5,61,247,74,0.60
voyage-itineraires,Flightradar24,24 hour,5,100,247,4,1.49
voyage-itineraires,Flightradar24,リンク,5,70,231,137,0.53
voyage-itineraires,Flightradar24,pnr prediction,5,60,249,80,0.59
voyage-itineraires,Flightradar24,su takip,5,93,227,58,0.63
voyage-itineraires,Flightradar24,whatsapp widget,5,97,247,136,0.53
voyage-itineraires,Flightradar24,squawking,5,70,233,1,5.00
voyage-itineraires,Flightradar24,can arrive,5,33,196,6,1.24
voyage-itineraires,Flightradar24,bombe spiel,5,59,240,120,0.55
voyage-itineraires,Flightradar24,небесная сотня,5,80,250,68,0.61
voyage-itineraires,Flightradar24,сон сбудется,5,69,248,97,0.57
voyage-itineraires,Flightradar24,draw fight,5,29,242,122,0.55
voyage-itineraires,Flightradar24,alert options,5,70,235,124,0.54
voyage-itineraires,Flightradar24,link fly free,5,33,238,17,0.86
voyage-itineraires,Flightradar24,link fly app,5,51,248,67,0.61
voyage-itineraires,Flightradar24,plnr ig,5,66,217,172,0.51
voyage-itineraires,Flightradar24,plnr free,5,72,207,124,0.54
voyage-itineraires,Flightradar24,wind speed app,5,81,250,120,0.55
voyage-itineraires,Flightradar24,stellplatzradar,5,65,214,5,1.34
voyage-itineraires,Flightradar24,live chart stock,5,89,249,124,0.54
voyage-itineraires,Flightradar24,status quotes app,5,29,248,151,0.52
voyage-itineraires,Flightradar24,beste appene,5,51,247,170,0.51
voyage-itineraires,Flightradar24,新しい,5,93,246,209,0.50
voyage-itineraires,Flightradar24,新しい人と,5,74,237,104,0.56
voyage-itineraires,Flightradar24,近く,5,67,249,31,0.73
voyage-itineraires,Flightradar24,local better,5,96,247,43,0.68
voyage-itineraires,Flightradar24,travel tool,5,70,247,56,0.64
voyage-itineraires,Flightradar24,waze - gps  maps  traffic alerts & live navigation,5,90,247,92,0.58
voyage-itineraires,Flightradar24,indigo-flight ticket booking app,5,45,250,45,0.67
voyage-itineraires,Flightradar24,uber - request a ride,5,49,299,95,0.57
voyage-itineraires,Flightradar24,資料,5,79,247,121,0.55
voyage-itineraires,Flightradar24,된,5,95,248,108,0.56
voyage-itineraires,Flightradar24,यात्रा,5,55,250,9,1.06
voyage-itineraires,Flightradar24,motobit,5,84,250,99,0.57
voyage-itineraires,Flightradar24,flying hero games,5,58,250,146,0.53
voyage-itineraires,Flightradar24,map track,5,83,249,183,0.51
voyage-itineraires,Flightradar24,map my running,5,80,250,143,0.53
voyage-itineraires,Flightradar24,jogging map,5,80,250,106,0.56
voyage-itineraires,Flightradar24,map jogging,5,64,248,79,0.59
voyage-itineraires,Flightradar24,thân hình,5,92,191,79,0.59
voyage-itineraires,Flightradar24,track go,5,83,246,104,0.56
voyage-itineraires,Flightradar24,gehen tracker,5,59,250,112,0.55
voyage-itineraires,Flightradar24,ads),5,58,235,145,0.53
voyage-itineraires,Flightradar24,real speed,5,61,250,87,0.58
voyage-itineraires,Flightradar24,24-hours,5,80,250,12,0.96
voyage-itineraires,Flightradar24,safety tracking app,5,98,247,145,0.53
voyage-itineraires,Flightradar24,kia ora,5,95,249,87,0.58
voyage-itineraires,Flightradar24,superhero flying games,5,89,248,135,0.54
voyage-itineraires,Flightradar24,local gear shop,5,70,250,59,0.63
voyage-itineraires,Flightradar24,impossible physics,5,,250,83,0.59
voyage-itineraires,Flightradar24,simulator real,5,75,250,223,0.49
voyage-itineraires,Flightradar24,正确的,5,71,190,137,0.53
voyage-itineraires,Flightradar24,tv calendar,5,82,245,131,0.54
voyage-itineraires,Flightradar24,goods transportation,5,84,249,86,0.58
voyage-itineraires,Flightradar24,Radar emergency,5,92,250,134,0.54
voyage-itineraires,Flightradar24,ao vivo da hora,5,70,250,36,0.70
voyage-itineraires,Flightradar24,widget twitter,5,98,246,143,0.53
voyage-itineraires,Flightradar24,pro-,5,75,226,209,0.50
voyage-itineraires,Flightradar24,airfared,5,80,249,5,1.34
voyage-itineraires,Flightradar24,trực,5,100,249,96,0.57
voyage-itineraires,Flightradar24,the weather app - live radar map & widget,5,92,249,120,0.55
voyage-itineraires,Flightradar24,jetblue trip,5,70,250,50,0.65
voyage-itineraires,Flightradar24,travel altitude,5,86,250,107,0.56
voyage-itineraires,Flightradar24,дешевые авиабилеты,5,53,250,121,0.55
voyage-itineraires,Flightradar24,дешевые авиабилеты на самолет,5,70,250,62,0.62
voyage-itineraires,Flightradar24,高度,5,25,229,67,0.61
voyage-itineraires,Flightradar24,треккинг,5,78,248,104,0.56
voyage-itineraires,Flightradar24,mirar,5,97,231,39,0.69
voyage-itineraires,Flightradar24,hoogte,5,89,217,78,0.59
voyage-itineraires,Flightradar24,højde,5,98,209,46,0.67
voyage-itineraires,Flightradar24,nadmorská výška,5,89,249,64,0.62
voyage-itineraires,Flightradar24,magasság,5,93,250,11,0.98
voyage-itineraires,Flightradar24,iss-tracker,5,53,249,38,0.70
voyage-itineraires,Flightradar24,სიმაღლე,5,26,231,73,0.60
voyage-itineraires,Flightradar24,ติดตามเส้นทาง,5,100,250,125,0.54
voyage-itineraires,Flightradar24,ติดตามจีพีเอส,5,89,210,70,0.61
voyage-itineraires,Flightradar24,मार्ग ट्रैकर,5,88,250,3,1.74
voyage-itineraires,Flightradar24,hangin,5,96,249,12,0.96
voyage-itineraires,Flightradar24,onetravel: cheap flights,5,47,250,62,0.62
voyage-itineraires,Flightradar24,cheap flights - best deals,5,84,248,77,0.60
voyage-itineraires,Flightradar24,cheap flights・all airlines,5,55,249,78,0.59
voyage-itineraires,Flightradar24,cheapoair: cheap flights,5,47,249,82,0.59
voyage-itineraires,Flightradar24,flewber,5,44,248,14,0.91
voyage-itineraires,Flightradar24,flight hotel deals,5,50,250,119,0.55
voyage-itineraires,Flightradar24,flightscom,5,50,249,65,0.62
voyage-itineraires,Flightradar24,last minute all inclusive,5,47,248,75,0.60
voyage-itineraires,Flightradar24,last minute flights and hotels,5,50,247,127,0.54
voyage-itineraires,Flightradar24,skyscanner – cheap flights,5,53,250,27,0.76
voyage-itineraires,Flightradar24,sky safari plus,5,66,249,35,0.71
voyage-itineraires,Flightradar24,sky safari pro,5,78,249,55,0.64
voyage-itineraires,Flightradar24,stellarium plus,5,56,234,62,0.62
voyage-itineraires,Flightradar24,sky view® lite,5,75,248,49,0.66
voyage-itineraires,Flightradar24,star finder app,5,69,248,55,0.64
voyage-itineraires,Flightradar24,tracker del percorso,5,88,249,104,0.56
voyage-itineraires,Flightradar24,編集者,5,98,250,119,0.55
voyage-itineraires,Flightradar24,旅行トラッカー,5,83,249,50,0.65
voyage-itineraires,Flightradar24,seznam,5,79,248,103,0.56
voyage-itineraires,Flightradar24,mobile tracker & call blocker,5,57,232,131,0.54
voyage-itineraires,Flightradar24,tips for flying monkey,5,36,249,28,0.75
voyage-itineraires,Flightradar24,strasbourg & northeastern france - free travel guide & map,5,84,248,49,0.66
voyage-itineraires,Flightradar24,add 'em - timed,5,0,235,15,0.89
voyage-itineraires,Flightradar24,kidhar hai - live tracking & more,5,93,249,36,0.70
voyage-itineraires,Flightradar24,reds wing plane,5,13,249,52,0.65
voyage-itineraires,Flightradar24,car door close sound,5,84,250,50,0.65
voyage-itineraires,Flightradar24,airline beep sound,5,14,250,46,0.67
voyage-itineraires,Flightradar24,world countries,5,56,249,151,0.52
voyage-itineraires,Flightradar24,airplane landing sound,5,4,249,48,0.66
voyage-itineraires,Flightradar24,toronto offline map travel guide (kindle tablet edition),5,80,246,98,0.57
voyage-itineraires,Flightradar24,dublin travel guide & offline map,5,70,250,146,0.53
voyage-itineraires,Flightradar24,weather app 2020 & local weather radar maps,5,83,249,123,0.54
voyage-itineraires,Flightradar24,plane racing games - 2 planes,5,0,250,115,0.55
voyage-itineraires,Flightradar24,xpress count 2,5,90,250,151,0.52
voyage-itineraires,Flightradar24,best camera hack prank,5,51,249,132,0.54
voyage-itineraires,Flightradar24,channel ukraine,5,70,250,47,0.66
voyage-itineraires,Flightradar24,caller id and location tracker,5,82,248,123,0.54
voyage-itineraires,Flightradar24,texel offline map travel guide (kindle tablet edition),5,91,248,27,0.76
voyage-itineraires,Flightradar24,map tap weather,5,91,250,126,0.54
voyage-itineraires,Flightradar24,city airplane sim flight new game:plane games,5,0,250,195,0.50
voyage-itineraires,Flightradar24,car alarm sound,5,84,244,113,0.55
voyage-itineraires,Flightradar24,travel & more!,5,45,207,14,0.91
voyage-itineraires,Flightradar24,maldives flight schedule,5,1,222,13,0.93
voyage-itineraires,Flightradar24,and even,5,98,248,189,0.50
voyage-itineraires,Flightradar24,auto changer,5,49,243,190,0.50
voyage-itineraires,Flightradar24,מסלול,5,94,250,30,0.74
voyage-itineraires,Flightradar24,טיולים,5,91,249,13,0.93
voyage-itineraires,Flightradar24,اكثرها استخدام,5,74,220,130,0.54
voyage-itineraires,Flightradar24,drone video,5,77,250,89,0.58
voyage-itineraires,Flightradar24,Weather Rader: Live Forecast,5,92,250,60,0.63
voyage-itineraires,Flightradar24,weed tracker,5,79,250,74,0.60
voyage-itineraires,Flightradar24,nap times,5,70,250,241,0.48
voyage-itineraires,Flightradar24,3d filters,5,70,250,104,0.56
voyage-itineraires,Flightradar24,cover filtering,5,93,250,55,0.64
voyage-itineraires,Flightradar24,aktivität tracken,5,87,246,92,0.58
voyage-itineraires,Flightradar24,custom crosshair,5,65,248,71,0.61
voyage-itineraires,Flightradar24,across time,5,79,247,200,0.50
voyage-itineraires,Flightradar24,reis fotoboek,5,83,249,153,0.52
voyage-itineraires,Flightradar24,fotoboek reis,5,78,250,115,0.55
voyage-itineraires,Flightradar24,biking weather,5,74,241,47,0.66
voyage-itineraires,Flightradar24,bikeing weather,5,80,248,117,0.55
voyage-itineraires,Flightradar24,road conditions map,5,90,249,129,0.54
voyage-itineraires,Flightradar24,7 yaş uygun,5,47,248,120,0.55
voyage-itineraires,Flightradar24,rainy mod,5,72,224,109,0.56
voyage-itineraires,Flightradar24,kinder mode shopping,5,66,241,128,0.54
voyage-itineraires,Flightradar24,kinder kleidung online shop,5,78,243,219,0.49
voyage-itineraires,Flightradar24,kinder mode online shop,5,77,242,149,0.53
voyage-itineraires,Flightradar24,kinder fashion online shop,5,80,246,151,0.52
voyage-itineraires,Flightradar24,kinder kleidung kaufen,5,75,236,147,0.53
voyage-itineraires,Flightradar24,top kinder mode,5,98,250,53,0.64
voyage-itineraires,Flightradar24,mode preis,5,92,223,118,0.55
voyage-itineraires,Flightradar24,real world,5,55,225,75,0.60
voyage-itineraires,Flightradar24,about express vpn,5,27,251,125,0.54
voyage-itineraires,Flightradar24,apk express vpn mod,5,66,273,80,0.59
voyage-itineraires,Flightradar24,does express vpn keep logs,5,62,246,55,0.64
voyage-itineraires,Flightradar24,fan machine,5,57,239,157,0.52
voyage-itineraires,Flightradar24,most days,5,100,249,17,0.86
voyage-itineraires,Flightradar24,трекинг,5,100,249,133,0.54
voyage-itineraires,Flightradar24,twitter follower tracker,5,70,249,56,0.64
voyage-itineraires,Flightradar24,tracker times,5,87,250,174,0.51
voyage-itineraires,Flightradar24,Waze - GPS  Maps  Traffic Alerts,5,92,248,88,0.58
voyage-itineraires,Flightradar24,air filter,5,92,250,30,0.74
voyage-itineraires,Flightradar24,head tracker,5,82,250,36,0.70
voyage-itineraires,Flightradar24,Activities tracking,5,63,250,104,0.56
voyage-itineraires,Flightradar24,ижавиа,5,28,236,2,2.29
voyage-itineraires,Flightradar24,авиобилеты,5,53,250,46,0.67
voyage-itineraires,Flightradar24,билет на самолет,5,70,250,28,0.75
voyage-itineraires,Flightradar24,ціни на авіаквитки,5,70,250,90,0.58
voyage-itineraires,Flightradar24,aviabilet,5,70,250,78,0.59
voyage-itineraires,Flightradar24,ұшаққа билеттер,5,45,247,6,1.24
voyage-itineraires,Flightradar24,авиарейсы,5,90,247,1,5.00
voyage-itineraires,Flightradar24,авиасейлс скачать,5,47,249,47,0.66
voyage-itineraires,Flightradar24,туту авиа,5,70,250,15,0.89
voyage-itineraires,Flightradar24,билеты авиа,5,53,250,51,0.65
voyage-itineraires,Flightradar24,билеты самолет,5,70,250,27,0.76
voyage-itineraires,Flightradar24,loty,5,46,245,24,0.78
voyage-itineraires,Flightradar24,tanie loty,5,74,250,10,1.02
voyage-itineraires,Flightradar24,билет самолет,5,90,250,13,0.93
voyage-itineraires,Flightradar24,поиск билетов,5,70,250,54,0.64
voyage-itineraires,Flightradar24,авиабилеты узбекистон хаво йуллари,5,52,250,16,0.87
voyage-itineraires,Flightradar24,поиск билетов на самолет,5,53,249,8,1.10
voyage-itineraires,Flightradar24,яндекс авиабилеты,5,73,250,53,0.64
voyage-itineraires,Flightradar24,аэрофлот билеты,5,52,250,51,0.65
voyage-itineraires,Flightradar24,авиабилеты на самолет,5,70,250,9,1.06
voyage-itineraires,Flightradar24,авиабилеты аэрофлот,5,53,250,34,0.71
voyage-itineraires,Flightradar24,покупка билетов на самолет,5,70,250,37,0.70
voyage-itineraires,Flightradar24,авиасейлс ру,5,70,250,41,0.68
voyage-itineraires,Flightradar24,где купить авиабилеты,5,53,250,62,0.62
voyage-itineraires,Flightradar24,авиабилеты дешево онлайн,5,44,250,80,0.59
voyage-itineraires,Flightradar24,бронирование авиабилетов,5,52,250,126,0.54
voyage-itineraires,Flightradar24,cheap flights south africa,5,64,250,106,0.56
voyage-itineraires,Flightradar24,tutu avia,5,70,250,17,0.86
voyage-itineraires,Flightradar24,air receive,5,75,195,121,0.55
voyage-itineraires,Flightradar24,nas play,5,82,212,141,0.53
voyage-itineraires,Flightradar24,play nas,5,88,209,82,0.59
voyage-itineraires,Flightradar24,airport transfer,5,83,250,119,0.55
voyage-itineraires,Flightradar24,mal app kinder,5,69,234,37,0.70
voyage-itineraires,Flightradar24,国通貨の,5,61,231,141,0.53
voyage-itineraires,Flightradar24,แอพติดตาม,5,97,250,147,0.53
voyage-itineraires,Flightradar24,ติดตาม,5,97,250,84,0.59
voyage-itineraires,Flightradar24,google ads application,5,10,191,135,0.54
voyage-itineraires,Flightradar24,bài,5,93,250,133,0.54
voyage-itineraires,Flightradar24,מסלול הליכה,5,48,250,109,0.56
voyage-itineraires,Flightradar24,מסלולי טיולים,5,81,248,103,0.56
voyage-itineraires,Flightradar24,fltapp,5,69,250,26,0.76
voyage-itineraires,Flightradar24,go track free,5,93,211,83,0.59
voyage-itineraires,Flightradar24,løbe app gratis,5,82,248,105,0.56
voyage-itineraires,Flightradar24,gratis cykel app,5,59,240,93,0.57
voyage-itineraires,Flightradar24,gratis løbe app,5,44,237,82,0.59
voyage-itineraires,Flightradar24,travel recommendations,5,92,250,113,0.55
voyage-itineraires,Flightradar24,Facebook ads app for android,5,84,221,119,0.55
voyage-itineraires,Flightradar24,track notes,5,43,221,124,0.54
voyage-itineraires,Flightradar24,improve performance,5,87,250,131,0.54
voyage-itineraires,Flightradar24,book air,5,79,250,115,0.55
voyage-itineraires,Flightradar24,informazione in tempo reale,5,93,249,117,0.55
voyage-itineraires,Flightradar24,graphic camera,5,93,250,198,0.50
voyage-itineraires,Flightradar24,santa kart,5,89,250,82,0.59
voyage-itineraires,Flightradar24,youtube channel tracker,5,92,250,34,0.71
voyage-itineraires,Flightradar24,mapa caminhar,5,71,249,18,0.84
voyage-itineraires,Flightradar24,camera graphic,5,72,243,206,0.50
voyage-itineraires,Flightradar24,faceboko,5,90,227,78,0.59
voyage-itineraires,Flightradar24,portugal match,5,46,242,62,0.62
voyage-itineraires,Flightradar24,مواعيد مباريات الاهلي,5,24,218,70,0.61
voyage-itineraires,Flightradar24,مباراة مباشرة,5,55,249,189,0.50
voyage-itineraires,Flightradar24,tracking books,5,58,249,133,0.54
voyage-itineraires,Flightradar24,amine harit,5,83,249,14,0.91
voyage-itineraires,Flightradar24,one x bet,5,92,204,142,0.53
voyage-itineraires,Flightradar24,tracking twitter followers,5,100,250,2,2.29
voyage-itineraires,Flightradar24,twitter follower tracking,5,95,249,3,1.74
voyage-itineraires,Flightradar24,twitter tracking,5,100,250,11,0.98
voyage-itineraires,Flightradar24,Night tracker,5,83,207,5,1.34
voyage-itineraires,Flightradar24,follows tracker,5,53,250,35,0.71
voyage-itineraires,Flightradar24,juba,5,95,248,93,0.57
voyage-itineraires,Flightradar24,best trave app,5,80,248,81,0.59
voyage-itineraires,Flightradar24,günlük falı,5,74,250,114,0.55
voyage-itineraires,Flightradar24,hours logger,5,56,248,117,0.55
voyage-itineraires,Flightradar24,around us,5,80,206,87,0.58
voyage-itineraires,Flightradar24,time racker,5,72,250,244,0.48
voyage-itineraires,Flightradar24,Monitor time,5,69,247,134,0.54
voyage-itineraires,Flightradar24,track activities,5,74,249,123,0.54
voyage-itineraires,Flightradar24,Activities tracker,5,67,250,131,0.54
voyage-itineraires,Flightradar24,verifier,5,55,239,70,0.61
voyage-itineraires,Flightradar24,kind apps,5,72,207,123,0.54
voyage-itineraires,Flightradar24,kind app download,5,49,221,124,0.54
voyage-itineraires,Flightradar24,local stations,5,86,247,169,0.51
voyage-itineraires,Flightradar24,mal app für kinder,5,67,228,115,0.55
voyage-itineraires,Flightradar24,paragliding tracker,5,47,248,17,0.86
voyage-itineraires,Flightradar24,free get,5,88,179,135,0.54
voyage-itineraires,Flightradar24,freebies alert app,5,94,249,141,0.53
voyage-itineraires,Flightradar24,freebie alerts app,5,85,241,137,0.53
voyage-itineraires,Flightradar24,travel plannẻ,5,84,246,132,0.54
voyage-itineraires,Flightradar24,spelletjes vliegtuig,5,88,250,126,0.54
voyage-itineraires,Flightradar24,vliegtuig spel,5,86,250,85,0.58
voyage-itineraires,Flightradar24,ollie's,5,90,249,164,0.52
voyage-itineraires,Flightradar24,survival maps,5,55,244,158,0.52
voyage-itineraires,Flightradar24,denetleyici günlüğü,5,56,247,112,0.55
voyage-itineraires,Flightradar24,bed alarm,5,85,250,128,0.54
voyage-itineraires,Flightradar24,active break,5,87,240,11,0.98
voyage-itineraires,Flightradar24,flying car game,5,64,250,89,0.58
voyage-itineraires,Flightradar24,(wear,5,70,250,119,0.55
voyage-itineraires,Flightradar24,air blower,5,100,250,18,0.84
voyage-itineraires,Flightradar24,ट्रैकर,5,78,250,61,0.63
voyage-itineraires,Flightradar24,विश्लेषण ट्रैक,5,68,250,96,0.57
voyage-itineraires,Flightradar24,ट्रैक स्टाकर,5,21,236,88,0.58
voyage-itineraires,Flightradar24,tracker tracking,5,100,250,115,0.55
voyage-itineraires,Flightradar24,Cambiar mi ubicación,5,96,250,106,0.56
voyage-itineraires,Flightradar24,kerkoj pune,5,95,240,30,0.74
voyage-itineraires,Flightradar24,travel photography,5,85,247,145,0.53
voyage-itineraires,Flightradar24,trucks stop,5,78,244,88,0.58
voyage-itineraires,Flightradar24,tracker real,5,97,250,122,0.55
voyage-itineraires,Flightradar24,find local,5,46,218,129,0.54
voyage-itineraires,Flightradar24,start moving,5,93,244,164,0.52
voyage-itineraires,Flightradar24,bulmak,5,96,250,24,0.78
voyage-itineraires,Flightradar24,grátis,5,86,189,114,0.55
voyage-itineraires,Flightradar24,바람,5,93,249,36,0.70
voyage-itineraires,Flightradar24,météo-france,5,75,247,45,0.67
voyage-itineraires,Flightradar24,จำกัด,5,97,248,196,0.50
voyage-itineraires,Flightradar24,maps live,5,91,250,186,0.51
voyage-itineraires,Flightradar24,track mobile,5,96,250,165,0.52
voyage-itineraires,Flightradar24,phone find,5,79,210,156,0.52
voyage-itineraires,Flightradar24,mach flight,5,75,250,6,1.24
voyage-itineraires,Flightradar24,flying alien,5,45,247,93,0.57
voyage-itineraires,Flightradar24,Pregnancy + | tracker app,5,32,250,105,0.56
voyage-itineraires,Flightradar24,get real,5,93,214,87,0.58
voyage-itineraires,Flightradar24,travel hacks,5,93,250,125,0.54
voyage-itineraires,Flightradar24,travel hacking,5,69,250,60,0.63
voyage-itineraires,Flightradar24,award travel,5,70,248,111,0.55
voyage-itineraires,Flightradar24,ukraine breaking news,5,49,247,53,0.64
voyage-itineraires,Flightradar24,ukraine top stories,5,70,250,87,0.58
voyage-itineraires,Flightradar24,Anti tracking,5,70,250,105,0.56
voyage-itineraires,Flightradar24,video game tracking,5,29,246,59,0.63
voyage-itineraires,Flightradar24,maker brochure,5,52,230,49,0.66
voyage-itineraires,Flightradar24,apple weather apple,5,90,248,66,0.62
voyage-itineraires,Flightradar24,try to fly,5,73,248,18,0.84
voyage-itineraires,Flightradar24,Find place,5,74,229,71,0.61
voyage-itineraires,Flightradar24,video game tracjer,5,76,250,32,0.73
voyage-itineraires,Flightradar24,gamer tracker,5,53,249,118,0.55
voyage-itineraires,Flightradar24,fans tracker,5,97,250,17,0.86
voyage-itineraires,Flightradar24,arplan,5,77,250,14,0.91
voyage-itineraires,Flightradar24,type now,5,100,250,81,0.59
voyage-itineraires,Flightradar24,stop tracking,5,62,250,171,0.51
voyage-itineraires,Flightradar24,بسته,5,92,218,50,0.65
voyage-itineraires,Flightradar24,snap map,5,97,230,135,0.54
voyage-itineraires,Flightradar24,play share air stream,5,70,249,132,0.54
voyage-itineraires,Flightradar24,mond heute,5,55,247,57,0.63
voyage-itineraires,Flightradar24,thigh gap,5,74,248,36,0.70
voyage-itineraires,Flightradar24,3d+ar,5,59,230,174,0.51
voyage-itineraires,Flightradar24,cargo parking,5,34,240,118,0.55
voyage-itineraires,Flightradar24,контроль локатор,5,79,248,147,0.53
voyage-itineraires,Flightradar24,türkiye haritası,5,94,250,43,0.68
voyage-itineraires,Flightradar24,pipe head,5,95,248,75,0.60
voyage-itineraires,Flightradar24,tiktok profile,5,95,229,87,0.58
voyage-itineraires,Flightradar24,free top,5,89,180,122,0.55
voyage-itineraires,Flightradar24,e-tankstellen,5,62,249,108,0.56
voyage-itineraires,Flightradar24,gratis lading,5,69,250,101,0.56
voyage-itineraires,Flightradar24,charging map,5,69,249,114,0.55
voyage-itineraires,Flightradar24,check speed,5,53,250,130,0.54
voyage-itineraires,Flightradar24,activity track,5,84,249,115,0.55
voyage-itineraires,Flightradar24,map jogs,5,54,243,35,0.71
voyage-itineraires,Flightradar24,map my jogs,5,56,249,213,0.49
voyage-itineraires,Flightradar24,map my runs,5,56,250,57,0.63
voyage-itineraires,Flightradar24,map runs,5,64,247,165,0.52
voyage-itineraires,Flightradar24,地图 记录,5,69,249,183,0.51
voyage-itineraires,Flightradar24,地圖,5,96,250,217,0.49
voyage-itineraires,Flightradar24,my map,5,71,247,99,0.57
voyage-itineraires,Flightradar24,radar camera,5,100,250,83,0.59
voyage-itineraires,Flightradar24,live in,5,91,207,94,0.57
voyage-itineraires,Flightradar24,دوره,5,95,249,82,0.59
voyage-itineraires,Flightradar24,(per,5,90,200,98,0.57
voyage-itineraires,Flightradar24,airport weather,5,49,245,46,0.67
voyage-itineraires,Flightradar24,mail yourself,5,83,250,177,0.51
voyage-itineraires,Flightradar24,email yourself,5,77,250,60,0.63
voyage-itineraires,Flightradar24,stock map,5,88,249,123,0.54
voyage-itineraires,Flightradar24,game tracking,5,26,245,106,0.56
voyage-itineraires,Flightradar24,air data,5,83,250,13,0.93
voyage-itineraires,Flightradar24,weather map usa,5,91,250,126,0.54
voyage-itineraires,Flightradar24,hujan,5,74,248,32,0.73
voyage-itineraires,Flightradar24,track to do,5,76,250,137,0.53
voyage-itineraires,Flightradar24,live longer,5,24,223,126,0.54
voyage-itineraires,Flightradar24,life span,5,76,234,95,0.57
voyage-itineraires,Flightradar24,move fx,5,36,246,119,0.55
voyage-itineraires,Flightradar24,reading tracekr,5,0,247,71,0.61
voyage-itineraires,Flightradar24,Track your book,5,10,250,156,0.52
voyage-itineraires,Flightradar24,how to workout,5,82,250,179,0.51
voyage-itineraires,Flightradar24,kraft tracker,5,56,250,184,0.51
voyage-itineraires,Flightradar24,scanner app iphone,5,63,226,115,0.55
voyage-itineraires,Flightradar24,flying airplane game,5,81,250,156,0.52
voyage-itineraires,Flightradar24,zeit-,5,75,250,163,0.52
voyage-itineraires,Flightradar24,real car crash,5,49,248,44,0.67
voyage-itineraires,Flightradar24,if tracker,5,96,250,96,0.57
voyage-itineraires,Flightradar24,airtag locator,5,66,249,33,0.72
voyage-itineraires,Flightradar24,email search,5,76,238,131,0.54
voyage-itineraires,Flightradar24,sky star view,5,70,246,175,0.51
voyage-itineraires,Flightradar24,air scanner,5,,250,8,1.10
voyage-itineraires,Flightradar24,connect traffic,5,85,250,55,0.64
voyage-itineraires,Flightradar24,games flying,5,77,249,168,0.51
voyage-itineraires,Flightradar24,xz,5,96,221,95,0.57
voyage-itineraires,Flightradar24,Devoce tracker,5,96,250,74,0.60
voyage-itineraires,Flightradar24,airtag scanner,5,58,245,44,0.67
voyage-itineraires,Flightradar24,tracker°,5,98,249,124,0.54
voyage-itineraires,Flightradar24,what is this,5,54,209,140,0.53
voyage-itineraires,Flightradar24,consulta placa,5,34,249,36,0.70
voyage-itineraires,Flightradar24,travel trip,5,96,250,16,0.87
voyage-itineraires,Flightradar24,антирадар бесплатно для андроид,5,90,250,54,0.64
voyage-itineraires,Flightradar24,антирадар бесплатно скачать,5,90,250,58,0.63
voyage-itineraires,Flightradar24,антирадар про,5,74,247,40,0.69
voyage-itineraires,Flightradar24,смарт драйвер антирадар,5,70,247,17,0.86
voyage-itineraires,Flightradar24,антирадар free,5,81,250,44,0.67
voyage-itineraires,Flightradar24,антирадар gps,5,84,250,32,0.73
voyage-itineraires,Flightradar24,антирадар рф,5,78,247,60,0.63
voyage-itineraires,Flightradar24,ऑनलाइन ट्रैकर,5,77,250,107,0.56
voyage-itineraires,Flightradar24,track data,5,,249,108,0.56
voyage-itineraires,Flightradar24,radar alerts,5,97,250,124,0.54
voyage-itineraires,Flightradar24,Better Days,5,100,243,155,0.52
voyage-itineraires,Flightradar24,find email,5,68,231,150,0.52
voyage-itineraires,Flightradar24,new york city maps,5,58,249,146,0.53
voyage-itineraires,Flightradar24,vr news,5,79,230,117,0.55
voyage-itineraires,Flightradar24,to the point,5,55,202,116,0.55
voyage-itineraires,Flightradar24,lidar 3d scanner,5,35,249,57,0.63
voyage-itineraires,Flightradar24,mindful moments,5,53,233,68,0.61
voyage-itineraires,Flightradar24,safe period,5,93,250,177,0.51
voyage-itineraires,Flightradar24,southwest florida,5,72,232,24,0.78
voyage-itineraires,Flightradar24,날씨날씨,5,90,250,83,0.59
voyage-itineraires,Flightradar24,see age,5,53,249,116,0.55
voyage-itineraires,Flightradar24,संबंधी उपकरण,5,80,249,3,1.74
voyage-itineraires,Flightradar24,game tracer,5,53,248,67,0.61
voyage-itineraires,Flightradar24,gold identifier,5,66,249,127,0.54
voyage-itineraires,Flightradar24,Effort tracker,5,96,249,107,0.56
voyage-itineraires,Flightradar24,kids flight games,5,85,250,137,0.53
voyage-itineraires,Flightradar24,flyte,5,83,248,8,1.10
voyage-itineraires,Flightradar24,traffic moto,5,77,246,83,0.59
voyage-itineraires,Flightradar24,takas,5,96,249,87,0.58
voyage-itineraires,Flightradar24,locator live,5,79,249,120,0.55
voyage-itineraires,Flightradar24,tableau pricing,5,98,249,14,0.91
voyage-itineraires,Flightradar24,算器,5,70,250,143,0.53
voyage-itineraires,Flightradar24,løbeapps,5,50,248,40,0.69
voyage-itineraires,Flightradar24,history watch,5,98,250,41,0.68
voyage-itineraires,Flightradar24,dieet tracker,5,,249,125,0.54
voyage-itineraires,Flightradar24,travel dairy,5,70,250,88,0.58
voyage-itineraires,Flightradar24,travel route,5,88,250,148,0.53
voyage-itineraires,Flightradar24,travel guide and map,5,86,248,66,0.62
voyage-itineraires,Flightradar24,travel photo book,5,50,250,82,0.59
voyage-itineraires,Flightradar24,travel world map,5,75,247,126,0.54
voyage-itineraires,Flightradar24,travel mapping,5,88,250,105,0.56
voyage-itineraires,Flightradar24,구글 날씨,5,69,238,86,0.58
voyage-itineraires,Flightradar24,cellular plan,5,70,249,223,0.49
voyage-itineraires,Flightradar24,widgets radar,5,91,249,61,0.63
voyage-itineraires,Flightradar24,apprentissage de l'allemand gratuit,5,94,249,225,0.49
voyage-itineraires,Flightradar24,실시간,5,71,248,86,0.58
voyage-itineraires,Flightradar24,explore stars,5,80,250,47,0.66
voyage-itineraires,Flightradar24,طلایی اصلی,5,58,249,55,0.64
voyage-itineraires,Flightradar24,fre air play,5,49,248,190,0.50
voyage-itineraires,Flightradar24,kraft tracken,5,59,247,138,0.53
voyage-itineraires,Flightradar24,alerts radar,5,98,249,138,0.53
voyage-itineraires,Flightradar24,track learn,5,72,187,94,0.57
voyage-itineraires,Flightradar24,-fitness time,5,64,232,215,0.49
voyage-itineraires,Flightradar24,leute in deiner nähe,5,87,250,64,0.62
voyage-itineraires,Flightradar24,weather radar maps,5,91,248,124,0.54
voyage-itineraires,Flightradar24,radar & widget,5,93,249,96,0.57
voyage-itineraires,Flightradar24,radar  widget,5,96,249,121,0.55
voyage-itineraires,Flightradar24,villkor,5,47,247,147,0.53
voyage-itineraires,Flightradar24,ตั้งสาย,5,80,250,45,0.67
voyage-itineraires,Flightradar24,widget & radar,5,83,250,77,0.60
voyage-itineraires,Flightradar24,radar   widget,5,97,249,119,0.55
voyage-itineraires,Flightradar24,storm tracking,5,95,248,119,0.55
voyage-itineraires,Flightradar24,Ραντάρ,5,84,228,7,1.16
voyage-itineraires,Flightradar24,레이더,5,88,229,3,1.74
voyage-itineraires,Flightradar24,소리,5,58,202,146,0.53
voyage-itineraires,Flightradar24,air forces,5,96,250,117,0.55
voyage-itineraires,Flightradar24,jet flight,5,78,250,4,1.49
voyage-itineraires,Flightradar24,온도,5,27,233,57,0.63
voyage-itineraires,Flightradar24,widget spacer(),5,74,240,76,0.60
voyage-itineraires,Flightradar24,teste velocidade,5,29,238,190,0.50
voyage-itineraires,Flightradar24,ural,5,87,247,8,1.10
voyage-itineraires,Flightradar24,wdiget radar,5,93,250,229,0.49
voyage-itineraires,Flightradar24,tik expert,5,70,250,133,0.54
voyage-itineraires,Flightradar24,watch sleep tracker,5,84,250,136,0.53
voyage-itineraires,Flightradar24,سرعت,5,70,250,126,0.54
voyage-itineraires,Flightradar24,Online last seen tracker,5,6,249,57,0.63
voyage-itineraires,Flightradar24,life point counter,5,52,242,103,0.56
voyage-itineraires,Flightradar24,star tracker night sky map,5,77,250,41,0.68
voyage-itineraires,Flightradar24,star sky map,5,78,250,35,0.71
voyage-itineraires,Flightradar24,connect flow,5,46,250,143,0.53
voyage-itineraires,Flightradar24,contrôle de la qualité,5,92,249,48,0.66
voyage-itineraires,Flightradar24,lijst,5,74,249,27,0.76
voyage-itineraires,Flightradar24,टैब,5,92,244,190,0.50
voyage-itineraires,Flightradar24,pubg crosshair,5,96,249,25,0.77
voyage-itineraires,Flightradar24,장치,5,94,240,80,0.59
voyage-itineraires,Flightradar24,ट्रैकर-,5,87,250,58,0.63
voyage-itineraires,Flightradar24,소스,5,96,241,199,0.50
voyage-itineraires,Flightradar24,tự,5,62,239,175,0.51
voyage-itineraires,Flightradar24,lời,5,87,202,88,0.58
voyage-itineraires,Flightradar24,旅行轨迹,5,84,247,115,0.55
voyage-itineraires,Flightradar24,boat tracking,5,49,239,87,0.58
voyage-itineraires,Flightradar24,cambiar mi ubicacion,5,96,243,96,0.57
voyage-itineraires,Flightradar24,tracker share,5,92,250,76,0.60
voyage-itineraires,Flightradar24,more time,5,85,196,82,0.59
voyage-itineraires,Flightradar24,uživo,5,60,214,29,0.74
voyage-itineraires,Flightradar24,stars sky,5,57,248,78,0.59
voyage-itineraires,Flightradar24,reel tracker,5,74,250,105,0.56
voyage-itineraires,Flightradar24,wireless tracker,5,100,250,125,0.54
voyage-itineraires,Flightradar24,track winds,5,86,249,126,0.54
voyage-itineraires,Flightradar24,weather - track 2022 hurricane,5,78,246,109,0.56
voyage-itineraires,Flightradar24,weather maps & radar,5,93,250,107,0.56
voyage-itineraires,Flightradar24,weather radar for today,5,97,250,130,0.54
voyage-itineraires,Flightradar24,weather updates app,5,90,250,130,0.54
voyage-itineraires,Flightradar24,rain radar pro - aus weather,5,98,250,121,0.55
voyage-itineraires,Flightradar24,trackk hurricane,5,92,250,89,0.58
voyage-itineraires,Flightradar24,takipçi takip,5,70,250,63,0.62
voyage-itineraires,Flightradar24,rescue draw,5,59,249,113,0.55
voyage-itineraires,Flightradar24,boomerang video app,5,66,248,112,0.55
voyage-itineraires,Flightradar24,live status,5,96,250,63,0.62
voyage-itineraires,Flightradar24,ar star map,5,78,250,128,0.54
voyage-itineraires,Flightradar24,free-time,5,59,236,138,0.53
voyage-itineraires,Flightradar24,travel cover,5,93,248,30,0.74
voyage-itineraires,Flightradar24,airport facility directory,5,53,249,22,0.80
voyage-itineraires,Flightradar24,movie tracking,5,72,249,127,0.54
voyage-itineraires,Flightradar24,tracker),5,100,250,136,0.53
voyage-itineraires,Flightradar24,aviation briefing,5,56,240,26,0.76
voyage-itineraires,Flightradar24,الفردي,5,98,250,9,1.06
voyage-itineraires,Flightradar24,شركة,5,76,244,120,0.55
voyage-itineraires,Flightradar24,tracker personal,5,87,248,118,0.55
voyage-itineraires,Flightradar24,přejít na dnešek,5,87,221,24,0.78
voyage-itineraires,Flightradar24,care plan,5,51,237,229,0.49
voyage-itineraires,Flightradar24,handy altersbeschränkung,5,68,247,87,0.58
voyage-itineraires,Flightradar24,kinder modus,5,71,248,45,0.67
voyage-itineraires,Flightradar24,hours happy,5,74,249,145,0.53
voyage-itineraires,Flightradar24,weather on my route,5,97,249,123,0.54
voyage-itineraires,Flightradar24,running widget,5,90,250,78,0.59
voyage-itineraires,Flightradar24,store map,5,95,249,140,0.53
voyage-itineraires,Flightradar24,přejít,5,89,210,136,0.53
voyage-itineraires,Flightradar24,block words,5,58,242,224,0.49
voyage-itineraires,Flightradar24,مقاضي,5,85,242,22,0.80
voyage-itineraires,Flightradar24,alarma de pastillas,5,70,250,58,0.63
voyage-itineraires,Flightradar24,watch map,5,70,250,47,0.66
voyage-itineraires,Flightradar24,apple watch maps,5,87,248,57,0.63
voyage-itineraires,Flightradar24,apple watch map,5,95,249,88,0.58
voyage-itineraires,Flightradar24,watch maps,5,92,246,133,0.54
voyage-itineraires,Flightradar24,rápido…,5,93,250,224,0.49
voyage-itineraires,Flightradar24,roda,5,74,248,74,0.60
voyage-itineraires,Flightradar24,ads tracker,5,100,250,2,2.29
voyage-itineraires,Flightradar24,Road Glider,5,83,248,12,0.96
voyage-itineraires,Flightradar24,watch track,5,87,250,62,0.62
voyage-itineraires,Flightradar24,find gold,5,89,250,207,0.50
voyage-itineraires,Flightradar24,le profil,5,83,215,12,0.96
voyage-itineraires,Flightradar24,وقت,5,86,222,82,0.59
voyage-itineraires,Flightradar24,нислэг,5,74,250,17,0.86
voyage-itineraires,Flightradar24,al-qur'an lengkap,5,21,218,101,0.56
voyage-itineraires,Flightradar24,tracking system,5,100,250,130,0.54
voyage-itineraires,Flightradar24,filet,5,70,235,24,0.78
voyage-itineraires,Flightradar24,cruise ai,5,29,237,120,0.55
voyage-itineraires,Flightradar24,yakındaki,5,100,250,21,0.81
voyage-itineraires,Flightradar24,save twitter,5,68,229,219,0.49
voyage-itineraires,Flightradar24,find my air,5,44,247,46,0.67
voyage-itineraires,Flightradar24,track device,5,98,248,135,0.54
voyage-itineraires,Flightradar24,pod tracker,5,96,250,16,0.87
voyage-itineraires,Flightradar24,follow tracker twitter,5,53,249,63,0.62
voyage-itineraires,Flightradar24,иде,5,86,235,138,0.53
voyage-itineraires,Flightradar24,pegar,5,98,250,31,0.73
voyage-itineraires,Flightradar24,américas,5,86,370,84,0.59
voyage-itineraires,Flightradar24,Increase Photo Resolution,5,65,235,188,0.50
voyage-itineraires,Flightradar24,on and off,5,95,178,142,0.53
voyage-itineraires,Flightradar24,move more,5,,250,85,0.58
voyage-itineraires,Flightradar24,tracker gps-tracker,5,100,250,128,0.54
voyage-itineraires,Flightradar24,3d tracking,5,96,250,14,0.91
voyage-itineraires,Flightradar24,we2 sexy,5,70,250,24,0.78
voyage-itineraires,Flightradar24,sign one,5,95,242,182,0.51
voyage-itineraires,Flightradar24,flying games\,5,88,250,194,0.50
voyage-itineraires,Flightradar24,Airline Commander: Flight Game,5,94,250,70,0.61
voyage-itineraires,Flightradar24,plane sound,5,56,242,37,0.70
voyage-itineraires,Flightradar24,city airplane,5,72,250,72,0.60
voyage-itineraires,Flightradar24,3d airplane,5,3,250,102,0.56
voyage-itineraires,Flightradar24,city plane,5,72,250,46,0.67
voyage-itineraires,Flightradar24,passenger planes,5,26,250,21,0.81
voyage-itineraires,Flightradar24,passenger plane,5,37,250,22,0.80
voyage-itineraires,Flightradar24,flight gun,5,91,250,40,0.69
voyage-itineraires,Flightradar24,flight shooting,5,3,243,29,0.74
voyage-itineraires,Flightradar24,race flight,5,77,250,6,1.24
voyage-itineraires,Flightradar24,military flight,5,74,247,21,0.81
voyage-itineraires,Flightradar24,airline commender,5,67,250,61,0.63
voyage-itineraires,Flightradar24,aeroplane flight,5,19,248,2,2.29
voyage-itineraires,Flightradar24,city pilot,5,27,250,98,0.57
voyage-itineraires,Flightradar24,commander flight,5,67,250,21,0.81
voyage-itineraires,Flightradar24,best flight,5,9,236,18,0.84
voyage-itineraires,Flightradar24,sweet spot,5,97,250,134,0.54
voyage-itineraires,Flightradar24,plane games airplane,5,14,250,210,0.50
voyage-itineraires,Flightradar24,airline commander flight,5,67,250,19,0.83
voyage-itineraires,Flightradar24,flight airline commander,5,72,250,15,0.89
voyage-itineraires,Flightradar24,3d flight pilot,5,4,250,116,0.55
voyage-itineraires,Flightradar24,city airplane 3d,5,16,249,156,0.52
voyage-itineraires,Flightradar24,city pilot plane,5,26,250,114,0.55
voyage-itineraires,Flightradar24,city airplane simulator,5,23,249,140,0.53
voyage-itineraires,Flightradar24,airplane Flight game,5,2,250,153,0.52
voyage-itineraires,Flightradar24,Airplane flight pilot,5,45,249,48,0.66
voyage-itineraires,Flightradar24,take Off Flight Simulator,5,71,231,119,0.55
voyage-itineraires,Flightradar24,flight duty games,5,6,249,139,0.53
voyage-itineraires,Flightradar24,flight driver,5,38,250,6,1.24
voyage-itineraires,Flightradar24,flight driving games,5,18,250,199,0.50
voyage-itineraires,Flightradar24,写真管理,5,71,213,115,0.55
voyage-itineraires,Flightradar24,airplane pilot flight,5,90,249,21,0.81
voyage-itineraires,Flightradar24,Flight simulator plane,5,34,250,96,0.57
voyage-itineraires,Flightradar24,безкоштовний список,5,35,209,132,0.54
voyage-itineraires,Flightradar24,weather log,5,76,244,96,0.57
voyage-itineraires,Flightradar24,off the track,5,97,249,113,0.55
voyage-itineraires,Flightradar24,rate tracker,5,85,250,80,0.59
voyage-itineraires,Flightradar24,live times,5,79,243,229,0.49
voyage-itineraires,Flightradar24,Live -Text,5,94,236,109,0.56
voyage-itineraires,Flightradar24,Device Specifications,5,1,244,228,0.49
voyage-itineraires,Flightradar24,iphone info,5,94,249,115,0.55
voyage-itineraires,Flightradar24,tracker+,5,91,250,124,0.54
voyage-itineraires,Flightradar24,this or that!,5,19,211,139,0.53
voyage-itineraires,Flightradar24,what is,5,89,197,108,0.56
voyage-itineraires,Flightradar24,what is it,5,50,204,134,0.54
voyage-itineraires,Flightradar24,who am i?,5,35,197,116,0.55
voyage-itineraires,Flightradar24,what we’re playing now,5,81,250,39,0.69
voyage-itineraires,Flightradar24,what should i do today,5,94,237,57,0.63
voyage-itineraires,Flightradar24,六,5,100,249,204,0.50
voyage-itineraires,Flightradar24,best couple tracker app free,5,91,249,131,0.54
voyage-itineraires,Flightradar24,best couple tracking app,5,97,249,124,0.54
voyage-itineraires,Flightradar24,best location apps for couples,5,93,248,111,0.55
voyage-itineraires,Flightradar24,best tracking app for couples,5,91,250,130,0.54
voyage-itineraires,Flightradar24,couple location tracker app,5,98,249,92,0.58
voyage-itineraires,Flightradar24,couple monitor app free,5,93,250,111,0.55
voyage-itineraires,Flightradar24,free couple tracking apps,5,90,249,131,0.54
voyage-itineraires,Flightradar24,free tracking apps for couples,5,97,248,141,0.53
voyage-itineraires,Flightradar24,facts family,5,98,249,90,0.58
voyage-itineraires,Flightradar24,location sharing apps for couples,5,97,249,122,0.55
voyage-itineraires,Flightradar24,development tracker,5,84,250,113,0.55
voyage-itineraires,Flightradar24,street open,5,55,250,175,0.51
voyage-itineraires,Flightradar24,united you g,5,96,232,130,0.54
voyage-itineraires,Flightradar24,bugün,5,96,245,53,0.64
voyage-itineraires,Flightradar24,cycling track,5,74,246,157,0.52
voyage-itineraires,Flightradar24,Land plot,5,85,249,82,0.59
voyage-itineraires,Flightradar24,book cheap flights,5,77,250,84,0.59
voyage-itineraires,Flightradar24,top tracks,5,72,207,69,0.61
voyage-itineraires,Flightradar24,yt subscribers,5,53,249,137,0.53
voyage-itineraires,Flightradar24,creator tracker,5,53,249,57,0.63
voyage-itineraires,Flightradar24,yt subscriber,5,47,232,159,0.52
voyage-itineraires,Flightradar24,super resolution,5,87,250,82,0.59
voyage-itineraires,Flightradar24,Infinite Star,5,62,244,182,0.51
voyage-itineraires,Flightradar24,global export,5,74,229,29,0.74
voyage-itineraires,Flightradar24,W-Track : Last Seen,5,72,250,98,0.57
voyage-itineraires,Flightradar24,network camera,5,79,243,202,0.50
voyage-itineraires,Flightradar24,Mobile Number Call Tracker,5,94,249,132,0.54
voyage-itineraires,Flightradar24,360 security free,5,92,243,143,0.53
voyage-itineraires,Flightradar24,360 app security,5,96,244,148,0.53
voyage-itineraires,Flightradar24,safe e,5,96,250,184,0.51
voyage-itineraires,Flightradar24,hobby tracker,5,80,250,95,0.57
voyage-itineraires,Flightradar24,Youtube income tracker,5,75,244,124,0.54
voyage-itineraires,Flightradar24,youtube planner,5,93,250,184,0.51
voyage-itineraires,Flightradar24,përfundimit,5,84,220,24,0.78
voyage-itineraires,Flightradar24,صيغة,5,100,250,147,0.53
voyage-itineraires,Flightradar24,Real-Time Data,5,46,250,47,0.66
voyage-itineraires,Flightradar24,avant la,5,80,248,163,0.52
voyage-itineraires,Flightradar24,heures avant,5,72,245,60,0.63
voyage-itineraires,Flightradar24,watch shop,5,94,248,185,0.51
voyage-itineraires,Flightradar24,hız,5,48,245,118,0.55
voyage-itineraires,Flightradar24,24 stunden,5,90,250,132,0.54
voyage-itineraires,Flightradar24,des aktuellen,5,93,235,182,0.51
voyage-itineraires,Flightradar24,vision board pictures,5,85,248,91,0.58
voyage-itineraires,Flightradar24,time since tracker,5,53,249,95,0.57
voyage-itineraires,Flightradar24,map journal,5,50,246,9,1.06
voyage-itineraires,Flightradar24,free travel planner,5,88,249,139,0.53
voyage-itineraires,Flightradar24,astronomy map,5,80,250,134,0.54
voyage-itineraires,Flightradar24,points travker,5,47,248,238,0.48
voyage-itineraires,Flightradar24,track statistics,5,75,250,71,0.61
voyage-itineraires,Flightradar24,عِش,5,33,229,3,1.74
voyage-itineraires,Flightradar24,star viewing,5,49,202,172,0.51
voyage-itineraires,Flightradar24,ride tracking,5,71,250,131,0.54
voyage-itineraires,Flightradar24,youtube sub tracker,5,100,250,75,0.60
voyage-itineraires,Flightradar24,youtube subsriber,5,72,249,147,0.53
voyage-itineraires,Flightradar24,★ play,5,62,221,38,0.70
voyage-itineraires,Flightradar24,tele a faisceau aerien,5,94,250,1,5.00
voyage-itineraires,Flightradar24,管 理,5,94,249,140,0.53
voyage-itineraires,Flightradar24,track applicants,5,15,245,153,0.52
voyage-itineraires,Flightradar24,grow youtube,5,76,229,113,0.55
voyage-itineraires,Flightradar24,livestatus,5,86,248,30,0.74
voyage-itineraires,Flightradar24,pic solver,5,82,250,200,0.50
voyage-itineraires,Flightradar24,조건,5,100,250,35,0.71
voyage-itineraires,Flightradar24,light tracker,5,98,249,2,2.29
voyage-itineraires,Flightradar24,tracel tracker,5,63,248,39,0.69
voyage-itineraires,Flightradar24,Diary help,5,34,237,204,0.50
voyage-itineraires,Flightradar24,subscriber tracker,5,75,250,77,0.60
voyage-itineraires,Flightradar24,Good enough,5,96,250,38,0.70
voyage-itineraires,Flightradar24,smart view control,5,21,216,145,0.53
voyage-itineraires,Flightradar24,mando remoto samsung,5,85,250,103,0.56
voyage-itineraires,Flightradar24,smart view controle remoto,5,35,241,94,0.57
voyage-itineraires,Flightradar24,samsung controleur,5,66,247,79,0.59
voyage-itineraires,Flightradar24,mobile controleur samsung,5,82,242,88,0.58
voyage-itineraires,Flightradar24,app store chart,5,94,218,69,0.61
voyage-itineraires,Flightradar24,track review,5,49,250,128,0.54
voyage-itineraires,Flightradar24,track reviews,5,55,248,26,0.76
voyage-itineraires,Flightradar24,脸型相似,5,62,231,201,0.50
voyage-itineraires,Flightradar24,Maps reviews,5,61,250,54,0.64
voyage-itineraires,Flightradar24,真实,5,90,212,84,0.59
voyage-itineraires,Flightradar24,star viewer,5,32,211,179,0.51
voyage-itineraires,Flightradar24,sky watcher,5,59,248,94,0.57
voyage-itineraires,Flightradar24,star night,5,80,250,178,0.51
voyage-itineraires,Flightradar24,star veiw,5,52,216,150,0.52
voyage-itineraires,Flightradar24,track iss,5,32,242,77,0.60
voyage-itineraires,Flightradar24,iss alert,5,74,250,123,0.54
voyage-itineraires,Flightradar24,limitée,5,97,249,51,0.65
voyage-itineraires,Flightradar24,play time activity,5,89,250,105,0.56
voyage-itineraires,Flightradar24,free point,5,98,231,48,0.66
voyage-itineraires,Flightradar24,game journal,5,50,250,232,0.49
voyage-itineraires,Flightradar24,find places,5,79,249,202,0.50
voyage-itineraires,Flightradar24,last minute travel insurance,5,75,250,34,0.71
voyage-itineraires,Flightradar24,one day travel insurance,5,92,229,42,0.68
voyage-itineraires,Flightradar24,travel insurance last minute,5,83,250,27,0.76
voyage-itineraires,Flightradar24,tiempo hoy,5,77,247,144,0.53
voyage-itineraires,Flightradar24,tiempo en directo,5,64,230,182,0.51
voyage-itineraires,Flightradar24,sky viewâ® lite,5,75,247,115,0.55
voyage-itineraires,Flightradar24,travel photos,5,100,249,111,0.55
voyage-itineraires,Flightradar24,photos on map,5,91,250,97,0.57
voyage-itineraires,Flightradar24,天空,5,77,237,11,0.98
voyage-itineraires,Flightradar24,站,5,98,247,51,0.65
voyage-itineraires,Flightradar24,实时位置,5,62,243,15,0.89
voyage-itineraires,Flightradar24,ar应用,5,20,202,40,0.69
voyage-itineraires,Flightradar24,سامسونج,5,36,240,148,0.53
voyage-itineraires,Flightradar24,самсунг,5,51,247,242,0.48
voyage-itineraires,Flightradar24,任何時候,5,75,187,147,0.53
voyage-itineraires,Flightradar24,三星,5,70,250,180,0.51
voyage-itineraires,Flightradar24,器,5,84,250,191,0.50
voyage-itineraires,Flightradar24,無線新聞,5,97,246,13,0.93
voyage-itineraires,Flightradar24,用手機,5,91,242,158,0.52
voyage-itineraires,Flightradar24,移動應用,5,95,248,168,0.51
voyage-itineraires,Flightradar24,无线,5,92,244,31,0.73
voyage-itineraires,Flightradar24,pair 3d,5,85,248,212,0.49
voyage-itineraires,Flightradar24,time shift,5,80,248,101,0.56
voyage-itineraires,Flightradar24,fight tracker,5,80,248,1,5.00
voyage-itineraires,Flightradar24,sparring journal,5,62,249,168,0.51
voyage-itineraires,Flightradar24,mail unsubscribe,5,92,250,72,0.60
voyage-itineraires,Flightradar24,mailbox spam blocker,5,81,246,67,0.61
voyage-itineraires,Flightradar24,unsubscribe emails,5,58,235,18,0.84
voyage-itineraires,Flightradar24,mis horarios de mareas,5,69,247,74,0.60
voyage-itineraires,Flightradar24,Weather ME,5,77,240,118,0.55
voyage-itineraires,Flightradar24,ai travel planner,5,92,247,123,0.54
voyage-itineraires,Flightradar24,Flite Test,5,71,248,3,1.74
voyage-itineraires,Flightradar24,life360 live,5,93,247,14,0.91
voyage-itineraires,Flightradar24,Rain Maps,5,90,249,103,0.56
voyage-itineraires,Flightradar24,maps in 3D,5,93,250,148,0.53
voyage-itineraires,Flightradar24,travel traacker,5,86,247,73,0.60
voyage-itineraires,Flightradar24,personal tracking plan,5,98,250,149,0.53
voyage-itineraires,Flightradar24,TIPS Travel,5,95,249,133,0.54
voyage-itineraires,Flightradar24,Plane Takeoff,5,51,250,58,0.63
voyage-itineraires,Flightradar24,channel tracker,5,70,249,114,0.55
voyage-itineraires,Flightradar24,Weather Radar - Forecast Live,5,93,242,122,0.55
voyage-itineraires,Flightradar24,Pulse scan app,5,7,249,90,0.58
voyage-itineraires,Flightradar24,advaned games,5,92,246,131,0.54
voyage-itineraires,Flightradar24,lexicon delta,5,97,250,14,0.91
voyage-itineraires,Flightradar24,beperk,5,87,250,20,0.82
voyage-itineraires,Flightradar24,оповещение,5,93,249,7,1.16
voyage-itineraires,Flightradar24,world trip,5,85,242,74,0.60
voyage-itineraires,Flightradar24,clouds radar,5,100,249,116,0.55
voyage-itineraires,Flightradar24,good for traveling,5,94,250,105,0.56
voyage-itineraires,Flightradar24,car play radar,5,95,250,131,0.54
voyage-itineraires,Flightradar24,learn weather,5,91,250,108,0.56
voyage-itineraires,Flightradar24,Airports directory,5,70,243,28,0.75
voyage-itineraires,Flightradar24,часи,5,93,229,81,0.59
voyage-itineraires,Flightradar24,under the radar,5,,224,50,0.65
voyage-itineraires,Flightradar24,due date tracker,5,93,250,216,0.49
voyage-itineraires,Flightradar24,Sleep head,5,88,250,133,0.54
voyage-itineraires,Flightradar24,pills tracker,5,85,248,126,0.54
voyage-itineraires,Flightradar24,log app,5,57,250,125,0.54
voyage-itineraires,Flightradar24,apple watch pots,5,32,241,80,0.59
voyage-itineraires,Flightradar24,point tracking,5,47,248,164,0.52
voyage-itineraires,Flightradar24,pointing,5,83,239,8,1.10
voyage-itineraires,Flightradar24,kinder location,5,83,249,195,0.50
voyage-itineraires,Flightradar24,track timer,5,88,250,81,0.59
voyage-itineraires,Flightradar24,tap on time,5,77,250,134,0.54
voyage-itineraires,Flightradar24,essential moving,5,91,244,84,0.59
voyage-itineraires,Flightradar24,space file,5,96,250,207,0.50
voyage-itineraires,Flightradar24,charge live,5,70,250,209,0.50
voyage-itineraires,Flightradar24,show tracking,5,98,248,82,0.59
voyage-itineraires,Flightradar24,golden hour tracker,5,96,250,130,0.54
voyage-itineraires,Flightradar24,Find Pods,5,53,249,44,0.67
voyage-itineraires,Flightradar24,driving calculator,5,98,249,131,0.54
voyage-itineraires,Flightradar24,weather alertrs,5,79,243,160,0.52
voyage-itineraires,Flightradar24,video coaching,5,85,225,68,0.61
voyage-itineraires,Flightradar24,جهاز ضبط الوقت,5,98,250,35,0.71
voyage-itineraires,Flightradar24,ball fly,5,10,250,30,0.74
voyage-itineraires,Flightradar24,call of du,5,96,242,77,0.60
voyage-itineraires,Flightradar24,share projects,5,97,237,66,0.62
voyage-itineraires,Flightradar24,мелбет ставки,5,64,244,114,0.55
voyage-itineraires,Flightradar24,1хбет ставки,5,80,247,108,0.56
voyage-itineraires,Flightradar24,икс ставка,5,90,241,133,0.54
voyage-itineraires,Flightradar24,اغراض,5,100,250,37,0.70
voyage-itineraires,Flightradar24,bring life,5,98,249,24,0.78
voyage-itineraires,Flightradar24,Finde Device,5,100,250,8,1.10
voyage-itineraires,Flightradar24,Device Finder & Tracker,5,81,250,124,0.54
voyage-itineraires,Flightradar24,Trainers diary,5,30,229,49,0.66
voyage-itineraires,Flightradar24,turbli,5,86,248,5,1.34
voyage-itineraires,Flightradar24,reptile tracker,5,60,248,53,0.64
voyage-itineraires,Flightradar24,camera guide,5,64,250,226,0.49
voyage-itineraires,Flightradar24,mobile number tracker app,5,95,249,160,0.52
voyage-itineraires,Flightradar24,Call number tracker app,5,51,244,143,0.53
voyage-itineraires,Flightradar24,Caller number tracker app,5,12,249,130,0.54
voyage-itineraires,Flightradar24,sign contracts,5,74,248,118,0.55
voyage-itineraires,Flightradar24,Rocket apps,5,94,249,58,0.63
voyage-itineraires,Flightradar24,weather ai,5,92,250,121,0.55
voyage-itineraires,Flightradar24,turn time,5,52,228,24,0.78
voyage-itineraires,Flightradar24,task tracker ios,5,50,184,57,0.63
voyage-itineraires,Flightradar24,time management tracker,5,78,248,159,0.52
voyage-itineraires,Flightradar24,gaming tracker,5,53,248,74,0.60
voyage-itineraires,Flightradar24,3 en ligne,5,87,228,211,0.49
voyage-itineraires,Flightradar24,turbli forecast,5,86,249,24,0.78
voyage-itineraires,Flightradar24,screen timne,5,79,249,184,0.51
voyage-itineraires,Flightradar24,siler tracker,5,5,246,199,0.50
voyage-itineraires,Flightradar24,silver tracker,5,46,243,115,0.55
voyage-itineraires,Flightradar24,mobile cover games,5,77,250,199,0.50
voyage-itineraires,Flightradar24,Find & Shoot,5,61,247,35,0.71
voyage-itineraires,Flightradar24,2 人用,5,93,249,61,0.63
voyage-itineraires,Flightradar24,diary filters,5,36,234,109,0.56
voyage-itineraires,Flightradar24,care management,5,72,239,156,0.52
voyage-itineraires,Flightradar24,care tracking,5,70,248,79,0.59
voyage-itineraires,Flightradar24,Device Finde,5,95,250,96,0.57
voyage-itineraires,Flightradar24,ai travel,5,98,250,128,0.54
voyage-itineraires,Flightradar24,pots tracker,5,77,249,78,0.59
voyage-itineraires,Flightradar24,travel stats,5,83,250,122,0.55
voyage-itineraires,Flightradar24,اوقات المباريات,5,72,250,205,0.50
voyage-itineraires,Flightradar24,visualization exercises,5,84,250,215,0.49
voyage-itineraires,Flightradar24,توصيل تطبيق,5,78,249,114,0.55
voyage-itineraires,Flightradar24,تطبيق توصيل الافراد,5,98,249,96,0.57
voyage-itineraires,Flightradar24,1win indir,5,67,209,144,0.53
voyage-itineraires,Flightradar24,1win jet,5,87,236,22,0.80
voyage-itineraires,Flightradar24,1win hack,5,88,202,111,0.55
voyage-itineraires,Flightradar24,1win aviator hack app,5,97,249,74,0.60
voyage-itineraires,Flightradar24,1win hack app,5,96,249,44,0.67
voyage-itineraires,Flightradar24,1win aviator hack,5,86,236,92,0.58
voyage-itineraires,Flightradar24,bahis canlı mobil,5,61,241,157,0.52
voyage-itineraires,Flightradar24,trips planner,5,88,249,143,0.53
voyage-itineraires,Flightradar24,mapper for safari,5,61,250,111,0.55
voyage-itineraires,Flightradar24,swap bodies,5,94,246,82,0.59
voyage-itineraires,Flightradar24,countr tracker,5,53,245,204,0.50
voyage-itineraires,Flightradar24,used instrument,5,76,238,151,0.52
voyage-itineraires,Flightradar24,ini-cet​,5,73,244,127,0.54
voyage-itineraires,Flightradar24,ini cet​,5,73,244,127,0.54
voyage-itineraires,Flightradar24,shared app,5,92,209,177,0.51
voyage-itineraires,Flightradar24,world!,5,65,215,104,0.56
voyage-itineraires,Flightradar24,coach technique,5,44,247,192,0.50
voyage-itineraires,Flightradar24,मूड ट्रैकर निःशुल्क,5,70,250,37,0.70
voyage-itineraires,Flightradar24,what am i?,5,84,223,93,0.57
voyage-itineraires,Flightradar24,reports king,5,82,250,133,0.54
voyage-itineraires,Flightradar24,turbo ride,5,79,245,92,0.58
voyage-itineraires,Flightradar24,real temperature,5,92,250,148,0.53
voyage-itineraires,Flightradar24,авто тест,5,67,247,113,0.55
voyage-itineraires,Flightradar24,die kamera,5,98,249,190,0.50
voyage-itineraires,Flightradar24,electronic flight,5,81,250,17,0.86
voyage-itineraires,Flightradar24,cockpit journal,5,70,248,99,0.57
voyage-itineraires,Flightradar24,aeronautical records,5,71,250,18,0.84
voyage-itineraires,Flightradar24,airline logbook,5,26,245,74,0.60
voyage-itineraires,Flightradar24,aircraft operation,5,45,250,13,0.93
voyage-itineraires,Flightradar24,faa logbook,5,9,244,60,0.63
voyage-itineraires,Flightradar24,aircraft details,5,92,250,1,5.00
voyage-itineraires,Flightradar24,flight hours,5,92,249,2,2.29
voyage-itineraires,Flightradar24,flight activities,5,52,249,6,1.24
voyage-itineraires,Flightradar24,flight records,5,79,249,1,5.00
voyage-itineraires,Flightradar24,flight journal,5,30,248,5,1.34
voyage-itineraires,Flightradar24,faa requirements,5,87,250,52,0.65
voyage-itineraires,Flightradar24,рейс,5,94,250,4,1.49
voyage-itineraires,Flightradar24,status tracker,5,68,248,104,0.56
voyage-itineraires,Flightradar24,least 24-hours,5,96,249,18,0.84
voyage-itineraires,Flightradar24,infinity vpn app,5,,233,142,0.53
voyage-itineraires,Flightradar24,图片识别,5,91,247,102,0.56
voyage-itineraires,Flightradar24,删除软件,5,62,232,163,0.52
voyage-itineraires,Flightradar24,删除联系人,5,70,250,149,0.53
voyage-itineraires,Flightradar24,360管家,5,100,250,78,0.59
voyage-itineraires,Flightradar24,设备,5,53,248,181,0.51
voyage-itineraires,Flightradar24,手机管理,5,65,230,124,0.54
voyage-itineraires,Flightradar24,我的设备,5,94,247,147,0.53
voyage-itineraires,Flightradar24,手机数据,5,35,221,187,0.51
voyage-itineraires,Flightradar24,手机测评,5,86,221,17,0.86
voyage-itineraires,Flightradar24,查看,5,97,249,150,0.52
voyage-itineraires,Flightradar24,微分身大师,5,90,220,154,0.52
voyage-itineraires,Flightradar24,设备信息,5,100,247,119,0.55
voyage-itineraires,Flightradar24,shift counter,5,8,243,120,0.55
voyage-itineraires,Flightradar24,hide and prank,5,31,249,125,0.54
voyage-itineraires,Flightradar24,real-time directions,5,85,250,119,0.55
voyage-itineraires,Flightradar24,stop notifications,5,89,244,203,0.50
voyage-itineraires,Flightradar24,live transit times,5,88,249,133,0.54
voyage-itineraires,Flightradar24,visit tracker,5,75,249,76,0.60
voyage-itineraires,Flightradar24,flying tank,5,13,20,16,0.87
voyage-itineraires,Flightradar24,rocket sumulator,5,35,245,162,0.52
voyage-itineraires,Flightradar24,who am i ?,5,28,195,117,0.55
voyage-itineraires,Flightradar24,متابعه,5,93,244,14,0.91
voyage-itineraires,Flightradar24,المتابعه,5,96,238,87,0.58
voyage-itineraires,Flightradar24,really love you wallpapers,5,69,250,227,0.49
voyage-itineraires,Flightradar24,schedule twitter,5,100,249,152,0.52
voyage-itineraires,Flightradar24,Property Analysis,5,48,249,130,0.54
voyage-itineraires,Flightradar24,flygplan,5,59,248,4,1.49
voyage-itineraires,Flightradar24,しゃしん 編集 無料,5,74,242,232,0.49
voyage-itineraires,Flightradar24,wod planner,5,36,246,35,0.71
voyage-itineraires,Flightradar24,the pill reminder app,5,87,249,113,0.55
voyage-itineraires,Flightradar24,peak id,5,92,244,132,0.54
voyage-itineraires,Flightradar24,路徑,5,85,245,5,1.34
voyage-itineraires,Flightradar24,追蹤,5,97,250,123,0.54
voyage-itineraires,Flightradar24,識別,5,89,247,24,0.78
voyage-itineraires,Flightradar24,記錄旅行,5,93,248,111,0.55
voyage-itineraires,Flightradar24,trainer board,5,27,234,126,0.54
voyage-itineraires,Flightradar24,3ｄ写真,5,90,232,73,0.60
voyage-itineraires,Flightradar24,letadlo,5,72,250,7,1.16
voyage-itineraires,Flightradar24,lentokone,5,87,250,14,0.91
voyage-itineraires,Flightradar24,全景地图,5,84,247,166,0.52
voyage-itineraires,Flightradar24,地图软件,5,47,227,128,0.54
voyage-itineraires,Flightradar24,旅行地图,5,87,250,128,0.54
voyage-itineraires,Flightradar24,地球地图,5,85,249,114,0.55
voyage-itineraires,Flightradar24,定位地图,5,53,239,94,0.57
voyage-itineraires,Flightradar24,高度计,5,31,240,70,0.61
voyage-itineraires,Flightradar24,国际地图,5,77,241,99,0.57
voyage-itineraires,Flightradar24,实时地图,5,90,247,62,0.62
voyage-itineraires,Flightradar24,立体地图,5,80,248,144,0.53
voyage-itineraires,Flightradar24,旅行记录,5,84,250,121,0.55
voyage-itineraires,Flightradar24,轨迹地图,5,79,241,84,0.59
voyage-itineraires,Flightradar24,地图hd,5,79,244,101,0.56
voyage-itineraires,Flightradar24,手机地图,5,64,247,80,0.59
voyage-itineraires,Flightradar24,路线记录,5,92,239,93,0.57
voyage-itineraires,Flightradar24,实况地图,5,80,248,139,0.53
voyage-itineraires,Flightradar24,地图定位,5,67,248,18,0.84
voyage-itineraires,Flightradar24,记录轨迹,5,66,242,88,0.58
voyage-itineraires,Flightradar24,专业工具,5,96,248,68,0.61
voyage-itineraires,Flightradar24,位置数据,5,73,245,175,0.51
voyage-itineraires,Flightradar24,定位工具,5,74,245,114,0.55
voyage-itineraires,Flightradar24,高度仪,5,26,233,111,0.55
voyage-itineraires,Flightradar24,3d轨迹,5,84,250,53,0.64
voyage-itineraires,Flightradar24,轨迹app,5,92,250,28,0.75
voyage-itineraires,Flightradar24,高度变化,5,70,250,72,0.60
voyage-itineraires,Flightradar24,自动记录轨迹,5,73,250,9,1.06
voyage-itineraires,Flightradar24,3d-karten,5,90,250,67,0.61
voyage-itineraires,Flightradar24,find purpose,5,44,238,43,0.68
voyage-itineraires,Flightradar24,body temperature tracker,5,69,249,93,0.57
voyage-itineraires,Flightradar24,Speed Tracking,5,74,247,16,0.87
voyage-itineraires,Flightradar24,all news paper bangladesh,5,1,247,121,0.55
voyage-itineraires,Flightradar24,send check,5,83,236,191,0.50
voyage-itineraires,Flightradar24,فلاتر صور,5,61,235,87,0.58
voyage-itineraires,Flightradar24,pots apple watch,5,53,249,39,0.69
voyage-itineraires,Flightradar24,det tracker,5,53,249,97,0.57
voyage-itineraires,Flightradar24,live map 3d,5,61,249,158,0.52
voyage-itineraires,Flightradar24,tochi mood tracker,5,86,250,61,0.63
voyage-itineraires,Flightradar24,serien planner,5,36,235,31,0.73
voyage-itineraires,Flightradar24,Rise Goal Tracker App,5,54,250,125,0.54
voyage-itineraires,Flightradar24,real time bus tracking,5,77,248,134,0.54
voyage-itineraires,Flightradar24,weather rader,5,91,242,122,0.55
voyage-itineraires,Flightradar24,view real,5,97,249,157,0.52
voyage-itineraires,Flightradar24,station overhead,5,,20,6,1.24
voyage-itineraires,Flightradar24,dont care link,5,98,249,159,0.52
voyage-itineraires,Flightradar24,i dont care,5,100,250,178,0.51
voyage-itineraires,Flightradar24,식별,5,78,249,39,0.69
voyage-itineraires,Flightradar24,احوال,5,72,246,236,0.49
voyage-itineraires,Flightradar24,živě,5,95,231,32,0.73
voyage-itineraires,Flightradar24,न,5,91,229,160,0.52
voyage-itineraires,Flightradar24,अलर्ट,5,70,235,66,0.62
voyage-itineraires,Flightradar24,vremenska,5,70,237,96,0.57
voyage-itineraires,Flightradar24,radari,5,77,246,83,0.59
voyage-itineraires,Flightradar24,élő,5,93,245,35,0.71
voyage-itineraires,Flightradar24,peringatan,5,94,250,41,0.68
voyage-itineraires,Flightradar24,レーダーマップ,5,92,241,64,0.62
voyage-itineraires,Flightradar24,���디,5,92,250,32,0.73
voyage-itineraires,Flightradar24,orkaan,5,87,245,46,0.67
voyage-itineraires,Flightradar24,neerslag,5,93,250,43,0.68
voyage-itineraires,Flightradar24,windy.com,5,94,250,23,0.79
voyage-itineraires,Flightradar24,climatempo,5,92,250,92,0.58
voyage-itineraires,Flightradar24,aovivo,5,93,249,71,0.61
voyage-itineraires,Flightradar24,alertă,5,70,250,67,0.61
voyage-itineraires,Flightradar24,35,5,100,250,115,0.55
voyage-itineraires,Flightradar24,เรดาร,5,96,249,5,1.34
voyage-itineraires,Flightradar24,ฝน,5,94,250,54,0.64
voyage-itineraires,Flightradar24,สภาพ,5,96,250,44,0.67
voyage-itineraires,Flightradar24,��ากาศ,5,69,234,122,0.55
voyage-itineraires,Flightradar24,เรดาร์,5,78,245,4,1.49
voyage-itineraires,Flightradar24,เรด้า,5,87,249,4,1.49
voyage-itineraires,Flightradar24,สถาพอากาศ,5,91,250,91,0.58
voyage-itineraires,Flightradar24,опадів,5,91,250,51,0.65
voyage-itineraires,Flightradar24,погоды,5,92,250,171,0.51
voyage-itineraires,Flightradar24,dự,5,87,217,43,0.68
voyage-itineraires,Flightradar24,tiết,5,93,249,127,0.54
voyage-itineraires,Flightradar24,tiếp,5,90,233,93,0.57
voyage-itineraires,Flightradar24,bão,5,98,249,152,0.52
voyage-itineraires,Flightradar24,xác,5,95,249,77,0.60
voyage-itineraires,Flightradar24,cảnh,5,92,194,89,0.58
voyage-itineraires,Flightradar24,mưa,5,100,250,16,0.87
voyage-itineraires,Flightradar24,雷达图,5,61,249,123,0.54
voyage-itineraires,Flightradar24,天气预报由,5,70,241,137,0.53
voyage-itineraires,Flightradar24,实时,5,92,244,78,0.59
voyage-itineraires,Flightradar24,准,5,31,209,27,0.76
voyage-itineraires,Flightradar24,日,5,82,237,135,0.54
voyage-itineraires,Flightradar24,版,5,100,250,178,0.51
voyage-itineraires,Flightradar24,局,5,100,249,53,0.64
voyage-itineraires,Flightradar24,instory story,5,75,250,109,0.56
voyage-itineraires,Flightradar24,mobile number tracker live,5,97,248,128,0.54
voyage-itineraires,Flightradar24,post op,5,98,244,164,0.52
voyage-itineraires,Flightradar24,the app developers,5,91,219,84,0.59
voyage-itineraires,Flightradar24,cancellation app,5,94,248,116,0.55
voyage-itineraires,Flightradar24,motorbike test,5,70,244,106,0.56
voyage-itineraires,Flightradar24,motorbike test free,5,59,241,143,0.53
voyage-itineraires,Flightradar24,motorbike test app,5,64,245,87,0.58
voyage-itineraires,Flightradar24,flight navigator,5,82,249,2,2.29
voyage-itineraires,Flightradar24,Ben 10 wallpapers,5,54,247,99,0.57
voyage-itineraires,Flightradar24,purpose finder,5,83,230,86,0.58
voyage-itineraires,Flightradar24,tap.,5,54,248,141,0.53
voyage-itineraires,Flightradar24,Task Tracker Planner,5,77,250,240,0.48
voyage-itineraires,Flightradar24,camera tracker,5,91,250,33,0.72
voyage-itineraires,Flightradar24,pic fx,5,80,250,130,0.54
voyage-itineraires,Flightradar24,content overview,5,94,244,99,0.57
voyage-itineraires,Flightradar24,gps arcade,5,71,241,122,0.55
voyage-itineraires,Flightradar24,INFINITYBOOMERANG MAKER,5,8,239,92,0.58
voyage-itineraires,Flightradar24,apps that measure your speed,5,86,250,130,0.54
voyage-itineraires,Flightradar24,speed monitoring app,5,85,250,170,0.51
voyage-itineraires,Flightradar24,auto speed check app,5,86,250,142,0.53
voyage-itineraires,Flightradar24,real speed radar,5,91,250,107,0.56
voyage-itineraires,Flightradar24,the speed traker,5,76,249,182,0.51
voyage-itineraires,Flightradar24,приложение для замера скорости,5,76,250,122,0.55
voyage-itineraires,Flightradar24,trip logger,5,94,247,61,0.63
voyage-itineraires,Flightradar24,speed tracker time,5,77,249,125,0.54
voyage-itineraires,Flightradar24,apps where you can track your speed,5,74,250,136,0.53
voyage-itineraires,Flightradar24,tackong speed,5,84,248,134,0.54
voyage-itineraires,Flightradar24,release tracker,5,60,250,68,0.61
voyage-itineraires,Flightradar24,g-switch 3,5,97,243,193,0.50
voyage-itineraires,Flightradar24,g-switch 3 wallpapers,5,92,245,130,0.54
voyage-itineraires,Flightradar24,shooter wallpaper,5,87,249,116,0.55
voyage-itineraires,Flightradar24,tempo info,5,53,249,141,0.53
voyage-itineraires,Flightradar24,widget tempo,5,90,250,138,0.53
voyage-itineraires,Flightradar24,happiness tracking,5,54,247,171,0.51
voyage-itineraires,Flightradar24,alarm app free sleep monitor,5,71,248,137,0.53
voyage-itineraires,Flightradar24,easy sleep tracker,5,84,250,163,0.52
voyage-itineraires,Flightradar24,sleep detection app,5,87,250,127,0.54
voyage-itineraires,Flightradar24,đặt lịch khám,5,48,230,155,0.52
voyage-itineraires,Flightradar24,tìm phòng khám,5,98,250,194,0.50
voyage-itineraires,Flightradar24,đặt lịch khám nhanh,5,30,232,73,0.60
voyage-itineraires,Flightradar24,pos register,5,74,250,186,0.51
voyage-itineraires,Flightradar24,price trend predictions,5,83,248,102,0.56
voyage-itineraires,Flightradar24,제한,5,79,243,84,0.59
voyage-itineraires,Flightradar24,watch details,5,94,230,22,0.80
voyage-itineraires,Flightradar24,period trackor,5,77,250,175,0.51
voyage-itineraires,Flightradar24,locql nezs,5,70,241,9,1.06
voyage-itineraires,Flightradar24,Game Monitoring Tool,5,98,250,187,0.51
voyage-itineraires,Flightradar24,Galaxy Shooting : Airplane Games,5,78,250,130,0.54
voyage-itineraires,Flightradar24,תחזית מזג האוויר,5,59,218,101,0.56
voyage-itineraires,Flightradar24,plan tracker,5,94,250,1,5.00
voyage-itineraires,Flightradar24,realistic plane game,5,91,250,129,0.54
voyage-itineraires,Flightradar24,crazy plane landings,5,78,249,53,0.64
voyage-itineraires,Flightradar24,Identifier scanner,5,77,234,73,0.60
voyage-itineraires,Flightradar24,ideal way,5,90,244,147,0.53
voyage-itineraires,Flightradar24,か た か な,5,94,231,171,0.51
voyage-itineraires,Flightradar24,x scheduling,5,85,245,26,0.76
voyage-itineraires,Flightradar24,ADS Tracking,5,74,250,6,1.24
voyage-itineraires,Flightradar24,high volume app,5,78,250,175,0.51
voyage-itineraires,Flightradar24,volume turbo mode,5,66,249,120,0.55
voyage-itineraires,Flightradar24,volume turbo,5,84,250,99,0.57
voyage-itineraires,Flightradar24,my life planner,5,57,247,182,0.51
voyage-itineraires,Flightradar24,abyss pool,5,92,250,154,0.52
voyage-itineraires,Flightradar24,מה בתמונה,5,100,250,94,0.57
voyage-itineraires,Flightradar24,controle de contas,5,70,250,120,0.55
voyage-itineraires,Flightradar24,employee development,5,17,240,74,0.60
voyage-itineraires,Flightradar24,tablet search,5,77,250,121,0.55
voyage-itineraires,Flightradar24,App usage control,5,62,248,154,0.52
voyage-itineraires,Flightradar24,polska gra,5,92,245,113,0.55
voyage-itineraires,Flightradar24,dați,5,92,247,138,0.53
voyage-itineraires,Flightradar24,hold up,5,100,250,129,0.54
voyage-itineraires,Flightradar24,tablo watch,5,94,250,45,0.67
voyage-itineraires,Flightradar24,wristwatch app,5,87,250,106,0.56
voyage-itineraires,Flightradar24,watch tracking,5,82,250,118,0.55
voyage-itineraires,Flightradar24,watch database,5,74,250,155,0.52
voyage-itineraires,Flightradar24,automatic watches,5,70,250,87,0.58
voyage-itineraires,Flightradar24,fly-fishing,5,72,248,182,0.51
voyage-itineraires,Flightradar24,tap to pay tracker,5,80,247,111,0.55
voyage-itineraires,Flightradar24,wearher channel,5,92,250,159,0.52
voyage-itineraires,Flightradar24,Now tracker,5,88,249,157,0.52
voyage-itineraires,Flightradar24,find call number,5,96,250,122,0.55
voyage-itineraires,Flightradar24,keeptrackmed,5,90,248,58,0.63
voyage-itineraires,Flightradar24,flight pack list,5,52,249,117,0.55
voyage-itineraires,Flightradar24,link pay,5,73,243,211,0.49
voyage-itineraires,Flightradar24,tracking subscriptions,5,74,250,76,0.60
voyage-itineraires,Flightradar24,subscription trackerf,5,75,249,236,0.49
voyage-itineraires,Flightradar24,facebook\,5,94,249,206,0.50
voyage-itineraires,Flightradar24,activity analyzer,5,56,240,124,0.54
voyage-itineraires,Flightradar24,Email assistance,5,43,248,140,0.53
voyage-itineraires,Flightradar24,Toss paper,5,93,250,76,0.60
voyage-itineraires,Flightradar24,foto finder,5,69,250,184,0.51
voyage-itineraires,Flightradar24,talk camera,5,89,250,233,0.49
voyage-itineraires,Flightradar24,anti-spy,5,85,248,131,0.54
voyage-itineraires,Flightradar24,anti-spy scan,5,70,250,97,0.57
voyage-itineraires,Flightradar24,crosshair x,5,98,250,29,0.74
voyage-itineraires,Flightradar24,entretainment tour,5,83,249,111,0.55
voyage-itineraires,Flightradar24,tom gun maverick,5,58,249,32,0.73
voyage-itineraires,Flightradar24,cursos de datos,5,82,250,113,0.55
voyage-itineraires,Flightradar24,trace master,5,64,250,151,0.52
voyage-itineraires,Flightradar24,norsee,5,35,249,5,1.34
voyage-itineraires,Flightradar24,ninjas wallpapers,5,46,250,198,0.50
voyage-itineraires,Flightradar24,samsung wallet/pay,5,36,216,169,0.51
voyage-itineraires,Flightradar24,nearby find,5,92,248,91,0.58
voyage-itineraires,Flightradar24,Yt in background,5,,249,100,0.57
voyage-itineraires,Flightradar24,vida live,5,92,250,61,0.63
voyage-itineraires,Flightradar24,submit track,5,92,250,89,0.58
voyage-itineraires,Flightradar24,local real,5,94,250,98,0.57
voyage-itineraires,Flightradar24,assist guru,5,98,250,107,0.56
voyage-itineraires,Flightradar24,iron security,5,79,250,158,0.52
voyage-itineraires,Flightradar24,walls mobile,5,92,250,147,0.53
voyage-itineraires,Flightradar24,probe private,5,,250,76,0.60
voyage-itineraires,Flightradar24,detector device,5,65,250,136,0.53
voyage-itineraires,Flightradar24,paperplane clean-super,5,98,250,53,0.64
voyage-itineraires,Flightradar24,wifi planet,5,94,250,140,0.53
voyage-itineraires,Flightradar24,Any Tracker,5,97,250,76,0.60
voyage-itineraires,Flightradar24,whatsapp invisible,5,92,250,94,0.57
voyage-itineraires,Flightradar24,shayari world,5,36,250,127,0.54
voyage-itineraires,Flightradar24,Ghost Detector prank camera,5,77,250,129,0.54
voyage-itineraires,Flightradar24,identify simulator,5,95,250,64,0.62
voyage-itineraires,Flightradar24,airport operator,5,47,248,34,0.71
voyage-itineraires,Flightradar24,airport strategy game,5,64,249,102,0.56
voyage-itineraires,Flightradar24,pick 10,5,86,223,206,0.50
voyage-itineraires,Flightradar24,flixplay track,5,,249,190,0.50
voyage-itineraires,Flightradar24,futureface lite,5,64,249,165,0.52
voyage-itineraires,Flightradar24,futureface,5,64,249,201,0.50
voyage-itineraires,Flightradar24,UV intensity tracker,5,,249,16,0.87
voyage-itineraires,Flightradar24,bus seat,5,78,240,72,0.60
voyage-itineraires,Flightradar24,airport building game,5,74,250,105,0.56
voyage-itineraires,Flightradar24,airport building tycoon,5,,248,104,0.56
voyage-itineraires,Flightradar24,airport  management game,5,,247,129,0.54
voyage-itineraires,Flightradar24,airport  tycoon game,5,,248,127,0.54
voyage-itineraires,Flightradar24,Al Coach,5,,249,232,0.49
voyage-itineraires,Flightradar24,period tranker,5,,250,183,0.51
voyage-itineraires,Flightradar24,app) menstrual,5,79,250,96,0.57
voyage-itineraires,Flightradar24,price historu,5,,250,98,0.57
voyage-itineraires,Flightradar24,control controller,5,,250,117,0.55
voyage-itineraires,Flightradar24,flighing games,5,,250,114,0.55
voyage-itineraires,Flightradar24,track your journey,5,86,250,72,0.60
voyage-itineraires,Flightradar24,travel share,5,89,248,116,0.55
voyage-itineraires,Flightradar24,conditions tracker,5,93,246,163,0.52
voyage-itineraires,Flightradar24,habit radar,5,62,249,129,0.54
voyage-itineraires,Flightradar24,spider tracking app,5,70,250,6,1.24
voyage-itineraires,Flightradar24,vehicle management,5,71,250,174,0.51
voyage-itineraires,Flightradar24,share find,5,88,250,49,0.66
voyage-itineraires,Flightradar24,grow connect,5,93,250,190,0.50
voyage-itineraires,Flightradar24,airplane simulater,5,,249,69,0.61
voyage-itineraires,Flightradar24,who dated who,5,,245,171,0.51
voyage-itineraires,Flightradar24,facebook reel downloader,5,20,249,134,0.54
voyage-itineraires,Flightradar24,Airwar,5,77,250,42,0.68
voyage-itineraires,Flightradar24,security fast,5,80,250,170,0.51
voyage-itineraires,Flightradar24,shoes tracker,5,27,249,58,0.63
voyage-itineraires,Flightradar24,my games tracker,5,70,249,180,0.51
voyage-itineraires,Flightradar24,no tracking,5,79,240,93,0.57
voyage-itineraires,Flightradar24,trip forecast,5,72,248,62,0.62
voyage-itineraires,Flightradar24,Notification Focus,5,72,249,128,0.54
voyage-itineraires,Flightradar24,prediction maker,5,20,249,120,0.55
voyage-itineraires,Flightradar24,bar ordering system,5,52,250,72,0.60
voyage-itineraires,Flightradar24,drive miles,5,89,249,51,0.65
voyage-itineraires,Flightradar24,traffic car racer,5,87,250,133,0.54
voyage-itineraires,Flightradar24,reel overlay,5,75,250,93,0.57
voyage-itineraires,Flightradar24,real time speed,5,73,250,126,0.54
voyage-itineraires,Flightradar24,resolved,5,78,250,38,0.70
voyage-itineraires,Flightradar24,mode tracker,5,81,248,122,0.55
voyage-itineraires,Flightradar24,stay positive,5,28,249,215,0.49
voyage-itineraires,Flightradar24,dates find,5,59,249,133,0.54
voyage-itineraires,Flightradar24,local finds,5,24,239,111,0.55
voyage-itineraires,Flightradar24,Number Tracke,5,96,250,131,0.54
voyage-itineraires,Flightradar24,otobüs ara,5,5,230,161,0.52
voyage-itineraires,Flightradar24,local trips,5,86,249,124,0.54
voyage-itineraires,Flightradar24,flash dive,5,70,250,135,0.54
voyage-itineraires,Flightradar24,mods tracker,5,,197,11,0.98
voyage-itineraires,Flightradar24,call alert,5,90,248,210,0.50
voyage-itineraires,Flightradar24,all email connect,5,58,249,223,0.49
voyage-itineraires,Flightradar24,Santa finder,5,36,250,57,0.63
voyage-itineraires,Flightradar24,with no ads,5,51,249,211,0.49
voyage-itineraires,Flightradar24,vertical forecast,5,82,250,82,0.59
voyage-itineraires,Flightradar24,high altitude forecast,5,90,250,105,0.56
voyage-itineraires,Flightradar24,aviation forecast,5,76,250,8,1.10
voyage-itineraires,Flightradar24,weather builder,5,86,250,132,0.54
voyage-itineraires,Flightradar24,altitude chart,5,70,249,176,0.51
voyage-itineraires,Flightradar24,tweet to pic,5,92,249,241,0.48
voyage-itineraires,Flightradar24,phone mate,5,94,248,128,0.54
voyage-itineraires,Flightradar24,lova story,5,46,246,166,0.52
voyage-itineraires,Flightradar24,brawl suns,5,96,250,162,0.52
voyage-itineraires,Flightradar24,santa coming,5,36,244,70,0.61
voyage-itineraires,Flightradar24,ship ticket booking app,5,70,250,111,0.55
voyage-itineraires,Flightradar24,dji fly skylink,5,78,250,32,0.73
voyage-itineraires,Flightradar24,Checkbook tracker,5,82,250,67,0.61
voyage-itineraires,Flightradar24,view street,5,27,249,209,0.50
voyage-itineraires,Flightradar24,جهان,5,70,247,157,0.52
voyage-itineraires,Flightradar24,pilot tool,5,2,213,53,0.64
voyage-itineraires,Flightradar24,gold trade signal,5,15,248,118,0.55
voyage-itineraires,Flightradar24,Flying Chess,5,53,250,39,0.69
voyage-itineraires,Flightradar24,Travel social network,5,73,250,215,0.49
voyage-itineraires,Flightradar24,tourist social network,5,78,246,160,0.52
voyage-itineraires,Flightradar24,fast weather,5,90,250,134,0.54
voyage-itineraires,Flightradar24,accurate app gps,5,65,249,113,0.55
voyage-itineraires,Flightradar24,vision coverage,5,57,246,68,0.61
voyage-itineraires,Flightradar24,coverage purchase,5,61,248,182,0.51
voyage-itineraires,Flightradar24,stylish presets,5,62,250,121,0.55
voyage-itineraires,Flightradar24,drone sandbox,5,46,250,49,0.66
voyage-itineraires,Flightradar24,my location weather,5,64,249,110,0.56
voyage-itineraires,Flightradar24,follow the light,5,90,249,51,0.65
voyage-itineraires,Flightradar24,Miles to Dollars,5,70,250,56,0.64
voyage-itineraires,Flightradar24,real or,5,72,235,122,0.55
voyage-itineraires,Flightradar24,date locals,5,84,250,129,0.54
voyage-itineraires,Flightradar24,monitor check,5,20,249,150,0.52
voyage-itineraires,Flightradar24,★ money,5,85,250,141,0.53
voyage-itineraires,Flightradar24,Just For A Minute 2,5,62,193,108,0.56
voyage-itineraires,Flightradar24,track identifier,5,58,248,120,0.55
voyage-itineraires,Flightradar24,fans live,5,34,209,153,0.52
voyage-itineraires,Flightradar24,flash alert on calls,5,7,241,152,0.52
voyage-itineraires,Flightradar24,flash call alert,5,46,250,159,0.52
voyage-itineraires,Flightradar24,move the seats,5,70,222,30,0.74
voyage-itineraires,Flightradar24,match seats,5,45,246,54,0.64
voyage-itineraires,Flightradar24,cell counter,5,94,241,169,0.51
voyage-itineraires,Flightradar24,travel bot,5,86,250,131,0.54
voyage-itineraires,Flightradar24,samsung ac remtoe,5,4,236,57,0.63
voyage-itineraires,Flightradar24,xxvi downloader,5,47,248,111,0.55
voyage-itineraires,Flightradar24,samsung ac,5,14,239,75,0.60
voyage-itineraires,Flightradar24,contact map,5,79,248,120,0.55
voyage-itineraires,Flightradar24,turbo track,5,92,248,134,0.54
voyage-itineraires,Flightradar24,truck upgrade,5,59,248,143,0.53
voyage-itineraires,Flightradar24,de dueno a dueno,5,64,211,109,0.56
voyage-itineraires,Flightradar24,air apps,5,,250,34,0.71
voyage-itineraires,Flightradar24,2024 road,5,75,236,125,0.54
voyage-itineraires,Flightradar24,low cost travel,5,95,249,131,0.54
voyage-itineraires,Flightradar24,truck identify,5,52,245,119,0.55
voyage-itineraires,Flightradar24,truck identifier,5,81,250,183,0.51
voyage-itineraires,Flightradar24,identify truck,5,78,250,136,0.53
voyage-itineraires,Flightradar24,truck detection,5,71,249,171,0.51
voyage-itineraires,Flightradar24,truck expert,5,63,249,148,0.53
voyage-itineraires,Flightradar24,apply anytime,5,86,248,21,0.81
voyage-itineraires,Flightradar24,anti tracker,5,70,249,60,0.63
voyage-itineraires,Flightradar24,anti hack & spy,5,17,246,115,0.55
voyage-itineraires,Flightradar24,desibel meter,5,51,250,123,0.54
voyage-itineraires,Flightradar24,travel countdown app,5,13,249,124,0.54
voyage-itineraires,Flightradar24,travel tip,5,94,248,122,0.55
voyage-itineraires,Flightradar24,bike check,5,61,249,86,0.58
voyage-itineraires,Flightradar24,flight identifier,5,57,249,2,2.29
voyage-itineraires,Flightradar24,ultimate traffic,5,83,248,38,0.70
voyage-itineraires,Flightradar24,gojo,5,75,249,56,0.64
voyage-itineraires,Flightradar24,plan simulator game,5,70,249,109,0.56
voyage-itineraires,Flightradar24,traffic time,5,83,249,72,0.60
voyage-itineraires,Flightradar24,angel finder,5,74,238,23,0.79
voyage-itineraires,Flightradar24,posture scanner,5,47,394,146,0.53
voyage-itineraires,Flightradar24,relationship trackers,5,69,250,189,0.50
voyage-itineraires,Flightradar24,vacation planner app,5,93,250,106,0.56
voyage-itineraires,Flightradar24,map my phone,5,93,250,135,0.54
voyage-itineraires,Flightradar24,find air tag,5,66,249,38,0.70
voyage-itineraires,Flightradar24,auto：mods maps,5,20,249,167,0.52
voyage-itineraires,Flightradar24,maps missions,5,35,249,183,0.51
voyage-itineraires,Flightradar24,global filipino,5,57,249,72,0.60
voyage-itineraires,Flightradar24,genuine connections,5,81,250,51,0.65
voyage-itineraires,Flightradar24,aicool market,5,75,238,86,0.58
voyage-itineraires,Flightradar24,air-look,5,,199,11,0.98
voyage-itineraires,Flightradar24,start map,5,49,249,163,0.52
voyage-itineraires,Flightradar24,instagram reposert,5,98,250,34,0.71
voyage-itineraires,Flightradar24,lastseen monitor,5,24,247,208,0.50
voyage-itineraires,Flightradar24,location live,5,90,250,123,0.54
voyage-itineraires,Flightradar24,tap jam,5,95,250,92,0.58
voyage-itineraires,Flightradar24,contacts map,5,35,239,115,0.55
voyage-itineraires,Flightradar24,map viewer,5,48,250,150,0.52
voyage-itineraires,Flightradar24,photo trip,5,63,250,155,0.52
voyage-itineraires,Flightradar24,picture planner,5,90,249,116,0.55
voyage-itineraires,Flightradar24,data aoo,5,47,249,108,0.56
voyage-itineraires,Flightradar24,gps location tracker from number,5,100,250,119,0.55
voyage-itineraires,Flightradar24,live location sharing,5,98,250,131,0.54
voyage-itineraires,Flightradar24,connect search,5,66,229,40,0.69
voyage-itineraires,Flightradar24,land software,5,25,231,120,0.55
voyage-itineraires,Flightradar24,paragliding airspace,5,59,247,22,0.80
voyage-itineraires,Flightradar24,paramotor app,5,75,249,24,0.78
voyage-itineraires,Flightradar24,application tracker,5,91,249,126,0.54
voyage-itineraires,Flightradar24,flight chat,5,93,249,7,1.16
voyage-itineraires,Flightradar24,speed nitro,5,60,247,199,0.50
voyage-itineraires,Flightradar24,fast land,5,70,236,100,0.57
voyage-itineraires,Flightradar24,speed lands,5,62,234,188,0.50
voyage-itineraires,Flightradar24,have control,5,16,245,114,0.55
voyage-itineraires,Flightradar24,pk battles,5,72,247,71,0.61
voyage-itineraires,Flightradar24,diy planner,5,34,249,141,0.53
voyage-itineraires,Flightradar24,social battery,5,73,249,95,0.57
voyage-itineraires,Flightradar24,rain meter,5,66,250,82,0.59
voyage-itineraires,Flightradar24,rain tracking,5,91,250,126,0.54
voyage-itineraires,Flightradar24,time trial,5,95,250,129,0.54
voyage-itineraires,Flightradar24,immersive controls,5,79,250,114,0.55
voyage-itineraires,Flightradar24,identify scan,5,33,219,105,0.56
voyage-itineraires,Flightradar24,mathis ai,5,91,250,18,0.84
voyage-itineraires,Flightradar24,track points,5,88,249,217,0.49
voyage-itineraires,Flightradar24,cell phone tower locator,5,33,249,73,0.60
voyage-itineraires,Flightradar24,cell mapper,5,36,250,68,0.61
voyage-itineraires,Flightradar24,play tracker,5,70,250,87,0.58
voyage-itineraires,Flightradar24,reading trackere,5,53,250,219,0.49
voyage-itineraires,Flightradar24,pruebas de amor,5,49,250,100,0.57
voyage-itineraires,Flightradar24,resolución de conflictos,5,96,249,62,0.62
voyage-itineraires,Flightradar24,mobiversite,5,,238,84,0.59
voyage-itineraires,Flightradar24,spyware security,5,85,250,151,0.52
voyage-itineraires,Flightradar24,real time currency,5,61,249,78,0.59
voyage-itineraires,Flightradar24,location planner,5,74,250,121,0.55
voyage-itineraires,Flightradar24,find peace,5,95,249,50,0.65
voyage-itineraires,Flightradar24,airport experience,5,86,249,71,0.61
voyage-itineraires,Flightradar24,time paradox,5,,245,79,0.59
voyage-itineraires,Flightradar24,travel and local,5,96,250,26,0.76
voyage-itineraires,Flightradar24,real view,5,82,245,178,0.51
voyage-itineraires,Flightradar24,pace tracker app,5,52,250,98,0.57
voyage-itineraires,Flightradar24,location based advertising,5,96,249,67,0.61
voyage-itineraires,Flightradar24,etcs,5,69,188,72,0.60
voyage-itineraires,Flightradar24,prep file,5,25,247,102,0.56
voyage-itineraires,Flightradar24,fire land,5,,195,109,0.56
voyage-itineraires,Flightradar24,points tracking,5,,235,134,0.54
voyage-itineraires,Flightradar24,visible que,5,,238,73,0.60
voyage-itineraires,Flightradar24,network unlock all devices app,5,,199,102,0.56
voyage-itineraires,Flightradar24,find ads,5,18,193,142,0.53
voyage-itineraires,Flightradar24,mommy tracker,5,79,244,117,0.55
voyage-itineraires,Flightradar24,vibe check app,5,52,249,88,0.58
voyage-itineraires,Flightradar24,vibe tracker,5,43,249,19,0.83
voyage-itineraires,Flightradar24,live broken,5,,213,157,0.52
voyage-itineraires,Flightradar24,social props,5,,249,127,0.54
voyage-itineraires,Flightradar24,cargo tracker,5,36,236,91,0.58
voyage-itineraires,Flightradar24,image search image downloader,5,,219,142,0.53
voyage-itineraires,Flightradar24,live prank app,5,29,249,87,0.58
voyage-itineraires,Flightradar24,glp 1 tracker free,5,72,246,108,0.56
voyage-itineraires,Flightradar24,karta cockpit,5,,249,23,0.79
voyage-itineraires,Flightradar24,منچ دو نفره,5,,249,36,0.70
voyage-itineraires,Flightradar24,منچ و چت,5,,206,93,0.57
voyage-itineraires,Flightradar24,value checker  ai,5,,203,153,0.52
voyage-itineraires,Flightradar24,find my car - gps navigation,5,62,236,136,0.53
voyage-itineraires,Flightradar24,سوري,5,28,245,70,0.61
voyage-itineraires,Flightradar24,rede canais,5,,199,92,0.58
voyage-itineraires,Flightradar24,chatradar,5,,246,7,1.16
voyage-itineraires,Flightradar24,travel days,5,88,250,137,0.53
voyage-itineraires,Flightradar24,email tip,5,,249,72,0.60
voyage-itineraires,Flightradar24,limit youtube,5,,209,109,0.56
voyage-itineraires,Flightradar24,largest classifieds mobile app,5,,223,58,0.63
voyage-itineraires,Flightradar24,train identifier,5,3,232,159,0.52
voyage-itineraires,Flightradar24,response time,5,,218,67,0.61
voyage-itineraires,Flightradar24,locations planner,5,90,250,130,0.54
voyage-itineraires,Flightradar24,ai flight,5,,219,3,1.74
voyage-itineraires,Flightradar24,photo guard,5,45,245,112,0.55
voyage-itineraires,Flightradar24,level finder,5,,240,95,0.57
voyage-itineraires,Flightradar24,ascii art generator,5,79,250,98,0.57
voyage-itineraires,Flightradar24,s status download app,5,77,235,185,0.51
voyage-itineraires,Flightradar24,status your,5,92,248,6,1.24
voyage-itineraires,Flightradar24,air quality check,5,,248,107,0.56
voyage-itineraires,Flightradar24,predictive delta,5,,250,71,0.61
voyage-itineraires,Flightradar24,lighting radar,5,,247,24,0.78
voyage-itineraires,Flightradar24,subscribe follow-up,5,87,250,43,0.68
voyage-itineraires,Flightradar24,subscribe follow,5,,243,50,0.65
voyage-itineraires,Flightradar24,subscribe tracker,5,83,250,25,0.77
voyage-itineraires,Flightradar24,retard,5,91,250,20,0.82
voyage-itineraires,Flightradar24,mod tracker,5,97,250,8,1.10
voyage-itineraires,Flightradar24,file radar,5,,250,6,1.24
voyage-itineraires,Flightradar24,missile alert,5,,249,13,0.93
voyage-itineraires,Flightradar24,subscriptions tracking,5,52,247,68,0.61
voyage-itineraires,Flightradar24,to buy list app,5,24,234,107,0.56
voyage-itineraires,Flightradar24,driver planning,5,79,250,63,0.62
voyage-itineraires,Flightradar24,power consumption tracker,5,,248,94,0.57
voyage-itineraires,Flightradar24,real-time speed,5,52,250,129,0.54
voyage-itineraires,Flightradar24,rf finder,5,,250,19,0.83
voyage-itineraires,Flightradar24,welastseen,5,46,242,115,0.55
voyage-itineraires,Flightradar24,fly runner,5,70,247,24,0.78
voyage-itineraires,Flightradar24,app time limits,5,,247,125,0.54
voyage-itineraires,Flightradar24,tracker test,5,80,250,74,0.60
voyage-itineraires,Flightradar24,last-minute travel,5,77,250,152,0.52
voyage-itineraires,Flightradar24,alternative to expedia,5,35,245,64,0.62
voyage-itineraires,Flightradar24,expedia competitor,5,70,250,57,0.63
voyage-itineraires,Flightradar24,location based ad,5,87,247,168,0.51
voyage-itineraires,Flightradar24,red flag app,5,,249,18,0.84
voyage-itineraires,Flightradar24,chattracker,5,,247,143,0.53
voyage-itineraires,Flightradar24,glp-1 tracker free,5,70,247,112,0.55
voyage-itineraires,Flightradar24,free glp-1 tracker,5,87,250,92,0.58
voyage-itineraires,Flightradar24,save live,5,74,225,49,0.66
voyage-itineraires,Flightradar24,map photo location,5,,250,147,0.53
voyage-itineraires,Flightradar24,bartender tip tracker,5,63,249,195,0.50
voyage-itineraires,Flightradar24,find unknown,5,,234,107,0.56
voyage-itineraires,Flightradar24,boat travel,5,72,239,92,0.58
voyage-itineraires,Flightradar24,subscription track,5,79,248,206,0.50
voyage-itineraires,Flightradar24,melbourne maps,5,,210,71,0.61
voyage-itineraires,Flightradar24,sharing follow,5,,250,57,0.63
voyage-itineraires,Flightradar24,findi location,5,,250,25,0.77
voyage-itineraires,Flightradar24,x screenshot,5,,249,140,0.53
voyage-itineraires,Flightradar24,fling finder,5,67,248,29,0.74
voyage-itineraires,Flightradar24,long travel,5,96,248,127,0.54
voyage-itineraires,Flightradar24,star-s,5,92,194,99,0.57
voyage-itineraires,Flightradar24,app subscription tracker,5,75,248,76,0.60
voyage-itineraires,Flightradar24,devise info,5,,250,100,0.57
voyage-itineraires,Flightradar24,find location of any phone,5,,247,184,0.51
voyage-itineraires,Flightradar24,raiders maps,5,,240,178,0.51
voyage-itineraires,Flightradar24,share trips,5,,250,26,0.76
voyage-itineraires,Flightradar24,find screenshot,5,30,246,91,0.58
voyage-itineraires,Flightradar24,streaming tracker,5,70,249,186,0.51
voyage-itineraires,Flightradar24,3d scanner lidar,5,36,249,62,0.62
voyage-itineraires,Flightradar24,location share app,5,,240,199,0.50
voyage-itineraires,Flightradar24,360 family locator,5,97,248,109,0.56
voyage-itineraires,Flightradar24,family 360 locator,5,100,250,112,0.55
voyage-itineraires,Flightradar24,family locator 360,5,96,248,88,0.58
voyage-itineraires,Flightradar24,apps for solo travelers,5,,250,35,0.71
voyage-itineraires,Flightradar24,apps to meet people while traveling,5,92,250,131,0.54
voyage-itineraires,Flightradar24,top solo travel apps,5,93,250,99,0.57
voyage-itineraires,Flightradar24,apps for solo travellers to meet,5,86,248,119,0.55
voyage-itineraires,Flightradar24,trip ai planner,5,82,248,102,0.56
voyage-itineraires,Flightradar24,trip planner gpt,5,83,249,153,0.52
voyage-itineraires,Flightradar24,lidar scanner 4d,5,32,249,56,0.64
voyage-itineraires,Flightradar24,travel  ai planner,5,83,248,113,0.55
voyage-itineraires,Flightradar24,apps for solo travellers,5,,242,32,0.73
voyage-itineraires,Flightradar24,best app for solo travellers to meet,5,82,250,102,0.56
voyage-itineraires,Flightradar24,app for solo female travelers,5,91,250,156,0.52
voyage-itineraires,Flightradar24,time warp app,5,73,250,70,0.61
voyage-itineraires,Flightradar24,time warp 2 0,5,74,250,97,0.57
voyage-itineraires,Flightradar24,time warp time,5,74,250,127,0.54
voyage-itineraires,Flightradar24,time warp time warp,5,57,250,87,0.58
voyage-itineraires,Flightradar24,time warp no ads,5,74,249,98,0.57
voyage-itineraires,Flightradar24,time  tracker,5,,250,142,0.53
voyage-itineraires,Flightradar24,tracker clock,5,,248,142,0.53
voyage-itineraires,Flightradar24,subscriptions find,5,65,238,170,0.51
voyage-itineraires,Flightradar24,e6b flight computer,5,28,248,23,0.79
voyage-itineraires,Flightradar24,trip timeline,5,95,250,110,0.56
voyage-itineraires,Flightradar24,travel history tracker,5,76,250,99,0.57
voyage-itineraires,Flightradar24,subscription tracke,5,79,249,70,0.61
voyage-itineraires,Flightradar24,passport photo tracker,5,,239,116,0.55
voyage-itineraires,Flightradar24,id photo tracker,5,,239,61,0.63
voyage-itineraires,Flightradar24,find and track location,5,87,231,94,0.57
voyage-itineraires,Flightradar24,visa expiry tracker,5,,250,182,0.51
voyage-itineraires,Flightradar24,tracker blocker app,5,,250,136,0.53
voyage-itineraires,Flightradar24,cheapest route finder,5,92,250,19,0.83
voyage-itineraires,Flightradar24,tracker detection,5,,250,120,0.55
voyage-itineraires,Flightradar24,radarbot detector,5,,246,18,0.84
voyage-itineraires,Flightradar24,weekend trip planner,5,87,249,93,0.57
voyage-itineraires,Flightradar24,free travel app,5,97,250,19,0.83
voyage-itineraires,Flightradar24,trip route planner,5,92,250,132,0.54
voyage-itineraires,Flightradar24,90 day challenge tracker,5,,250,186,0.51
voyage-itineraires,Flightradar24,app status,5,88,248,110,0.56
voyage-itineraires,Flightradar24,delay status,5,82,247,19,0.83
voyage-itineraires,Flightradar24,which status,5,100,250,5,1.34
voyage-itineraires,Flightradar24,local llm android,5,53,248,79,0.59
voyage-itineraires,Flightradar24,localbrain,5,,248,75,0.60
voyage-itineraires,Flightradar24,digital plane,5,,248,12,0.96
voyage-itineraires,Flightradar24,poop & bowel movement tracker,5,,246,139,0.53
voyage-itineraires,Flightradar24,alternative to flo,5,84,250,89,0.58
voyage-itineraires,Flightradar24,build plane,5,,250,96,0.57
voyage-itineraires,Flightradar24,maps travel,5,61,242,159,0.52
voyage-itineraires,Flightradar24,arrow pr tracker,5,49,245,91,0.58
voyage-itineraires,Flightradar24,google maps in google earth,5,,248,132,0.54
voyage-itineraires,Flightradar24,travel friend app,5,86,246,120,0.55
voyage-itineraires,Flightradar24,gps navigation traffic map,5,,250,127,0.54
voyage-itineraires,Flightradar24,andorid,5,,246,50,0.65
voyage-itineraires,Flightradar24,gps maps travel,5,,218,86,0.58
voyage-itineraires,Flightradar24,cartes de trafic,5,,249,103,0.56
voyage-itineraires,Flightradar24,google maps directions,5,66,245,94,0.57
voyage-itineraires,Flightradar24,reise planen app,5,92,250,121,0.55
voyage-itineraires,Flightradar24,ki reiseplaner,5,85,248,112,0.55
voyage-itineraires,Flightradar24,reiseplanung app,5,93,250,57,0.63
voyage-itineraires,Flightradar24,urlaubsplaner app,5,94,250,115,0.55
voyage-itineraires,Flightradar24,ki reiseplanung,5,55,244,57,0.63
voyage-itineraires,Flightradar24,travel route planner,5,93,250,133,0.54
voyage-itineraires,Flightradar24,map trip planner,5,91,250,130,0.54
voyage-itineraires,Flightradar24,location-based alerts,5,,232,112,0.55
voyage-itineraires,Flightradar24,planes grow,5,,250,34,0.71
voyage-itineraires,Flightradar24,local rank tracker,5,,248,77,0.60
voyage-itineraires,Flightradar24,pause between apps,5,,236,203,0.50
voyage-itineraires,Flightradar24,pause between you apps,5,68,210,44,0.67
voyage-itineraires,Flightradar24,phone hours tracker,5,58,250,136,0.53
voyage-itineraires,Flightradar24,Timi is with you,5,,229,5,1.34
voyage-itineraires,Flightradar24,see identifier,5,,247,20,0.82
voyage-itineraires,Flightradar24,miss period tracker app,5,,249,138,0.53
voyage-itineraires,Flightradar24,inflo flair period tracker,5,,247,35,0.71
voyage-itineraires,Flightradar24,miss period,5,,247,131,0.54
voyage-itineraires,Flightradar24,period trace,5,,249,188,0.50
voyage-itineraires,Flightradar24,ovo days,5,,249,22,0.80
voyage-itineraires,Flightradar24,rell tracker,5,,248,170,0.51
voyage-itineraires,Flightradar24,fly period tracker,5,,248,63,0.62
voyage-itineraires,Flightradar24,application status tracker,5,28,246,229,0.49
voyage-itineraires,Flightradar24,driving speed tracker,5,,250,124,0.54
voyage-itineraires,Flightradar24,top follow top follow,5,100,250,75,0.60
voyage-itineraires,Flightradar24,top following,5,100,249,89,0.58
voyage-itineraires,Flightradar24,foreign currency tracker,5,,249,83,0.59
voyage-itineraires,Flightradar24,aerotoy,5,,249,6,1.24
voyage-itineraires,Flightradar24,age tracker app,5,,250,66,0.62
voyage-itineraires,Flightradar24,aviator betway,5,,250,44,0.67
voyage-itineraires,Flightradar24,airport jam,5,,249,63,0.62
voyage-itineraires,Flightradar24,90% on flights,5,,249,2,2.29
voyage-itineraires,Flightradar24,flight radar airplane,5,58,249,1,5.00
voyage-itineraires,Flightradar24,track all my packages in one app,5,,241,167,0.52
voyage-itineraires,Flightradar24,family location sharing app,5,,249,170,0.51
voyage-itineraires,Flightradar24,property line finder app,5,,249,171,0.51
voyage-itineraires,Flightradar24,point phone at sky identify stars,5,,250,103,0.56
voyage-itineraires,Flightradar24,live flight tracker with alerts,5,,249,1,5.00
voyage-itineraires,Flightradar24,travel itinerary planner with map,5,63,248,143,0.53
voyage-itineraires,Flightradar24,plane tracker live map,5,,249,1,5.00
voyage-itineraires,Flightradar24,listen to air traffic control live,5,,248,16,0.87
voyage-itineraires,Flightradar24,cheap flights alerts,5,,249,14,0.91
voyage-itineraires,Flightradar24,flight price error alerts,5,,250,9,1.06
voyage-itineraires,Flightradar24,radar app professional,5,,248,99,0.57
voyage-itineraires,Flightradar24,game backlog tracker,5,15,246,187,0.51
voyage-itineraires,Flightradar24,ly19,5,53,248,2,2.29
voyage-itineraires,Flightradar24,visa status tracker,5,,248,176,0.51
voyage-itineraires,Flightradar24,case status tracker,5,,249,48,0.66
voyage-itineraires,Flightradar24,visa appointment tracker,5,,248,166,0.52
voyage-itineraires,Flightradar24,work permit tracker,5,52,250,118,0.55
voyage-itineraires,Flightradar24,daca renewal,5,,249,22,0.80
voyage-itineraires,Flightradar24,daca tracker,5,,250,149,0.53
voyage-itineraires,Flightradar24,canada pr tracker,5,,249,81,0.59
voyage-itineraires,Flightradar24,green card trips tracker,5,,250,71,0.61
voyage-itineraires,Flightradar24,visa days tracker,5,,250,205,0.50
voyage-itineraires,Flightradar24,check visa status,5,,250,64,0.62
voyage-itineraires,Flightradar24,track visa application,5,,248,145,0.53
voyage-itineraires,Flightradar24,green card case tracker,5,,247,59,0.63
voyage-itineraires,Flightradar24,tracker de casos,5,,250,177,0.51
voyage-itineraires,Flightradar24,rastreador de casos,5,,249,54,0.64
voyage-itineraires,Flightradar24,consulta de caso,5,,250,31,0.73
voyage-itineraires,Flightradar24,estado de mi caso,5,,249,59,0.63
voyage-itineraires,Flightradar24,hgh tracker,5,91,248,210,0.50
voyage-itineraires,Flightradar24,glp 1 tracker app,5,45,247,81,0.59
voyage-itineraires,Flightradar24,live mobile location,5,,247,124,0.54
voyage-itineraires,Flightradar24,tracking rewrite,5,,250,155,0.52
voyage-itineraires,Flightradar24,chart ao,5,,248,76,0.60
voyage-itineraires,Flightradar24,use by tracker,5,,249,42,0.68
voyage-itineraires,Flightradar24,lap timing,5,,250,137,0.53
voyage-itineraires,Flightradar24,`subscription tracker,5,,247,121,0.55
voyage-itineraires,Flightradar24,air tag tracker detect,5,,247,63,0.62
voyage-itineraires,Flightradar24,placa,,66,250,33,
voyage-itineraires,Flightradar24,app usage monitor,,,250,104,
voyage-itineraires,Flightradar24,デバイスを探す,,97,248,141,
voyage-itineraires,Flightradar24,solar filter,,,250,78,
voyage-itineraires,Flightradar24,管家,,97,250,20,
voyage-itineraires,Flightradar24,che cosa sono,,98,249,184,
voyage-itineraires,Flightradar24,ore prima,,95,248,72,
voyage-itineraires,Flightradar24,della fine,,98,250,180,
voyage-itineraires,Flightradar24,stunden vor,,64,244,24,
voyage-itineraires,Flightradar24,meilleures,,97,249,166,
voyage-itineraires,Flightradar24,domestic transport,,75,250,60,
voyage-itineraires,Flightradar24,所有路径,,92,215,17,
voyage-itineraires,Flightradar24,gps-sändare,,45,247,79,
voyage-itineraires,Flightradar24,wysokość,,100,250,8,
voyage-itineraires,Flightradar24,høyde,,80,245,26,
voyage-itineraires,Flightradar24,ყველა ბილიკი,,89,216,85,
voyage-itineraires,Flightradar24,ตัวติดตามทางภูมิศาสตร์,,100,250,122,
voyage-itineraires,Flightradar24,トラッカーマップ,,84,250,225,
voyage-itineraires,Flightradar24,7 yaş uçak oyunları,,81,250,131,
voyage-itineraires,Flightradar24,kinder bekleidung,,67,200,141,
voyage-itineraires,Flightradar24,damenmode preis,,77,242,107,
voyage-itineraires,Flightradar24,kinder bekleidung online shop,,77,242,181,
voyage-itineraires,Flightradar24,kinder mode online store,,81,246,132,
voyage-itineraires,Flightradar24,kindermode online store,,80,243,156,
voyage-itineraires,Flightradar24,kinder outfit online store,,79,244,155,
voyage-itineraires,Flightradar24,kindermode dress,,30,239,75,
voyage-itineraires,Flightradar24,kindermode preis,,95,243,119,
voyage-itineraires,Flightradar24,kinder mode preis,,62,202,123,
voyage-itineraires,Flightradar24,kinder fashion preis,,20,184,81,
voyage-itineraires,Flightradar24,kinderklamotten preis,,95,244,68,
voyage-itineraires,Flightradar24,kinder bekleidung gratis,,34,197,139,
voyage-itineraires,Flightradar24,kinder klamotten kaufen,,66,238,114,
voyage-itineraires,Flightradar24,kinder mode tipps,,88,249,54,
voyage-itineraires,Flightradar24,kindermode tipps,,76,250,69,
voyage-itineraires,Flightradar24,kinderbekleidung tipps,,77,244,81,
voyage-itineraires,Flightradar24,kinderschuhe online,,78,215,48,
voyage-itineraires,Flightradar24,top kinder bekleidung,,56,201,78,
voyage-itineraires,Flightradar24,projects radar 2,,96,248,73,
voyage-itineraires,Flightradar24,ұшаққа билет,,47,248,13,
voyage-itineraires,Flightradar24,bilet na samolot,,83,249,6,
voyage-itineraires,Flightradar24,билет узбекистан,,32,241,26,
voyage-itineraires,Flightradar24,пегасус на русском,,70,250,20,
voyage-itineraires,Flightradar24,arzon aviachiptalar,,21,220,41,
voyage-itineraires,Flightradar24,расписание авиабилетов,,53,249,27,
voyage-itineraires,Flightradar24,российские авиалинии,,70,250,54,
voyage-itineraires,Flightradar24,flug preis mallorca,,70,245,16,
voyage-itineraires,Flightradar24,relax- エイジングカメラ，あなたの未来に会う,,84,249,17,
voyage-itineraires,Flightradar24,unwetter heute,,100,250,89,
voyage-itineraires,Flightradar24,jogging suivi,,55,244,117,
voyage-itineraires,Flightradar24,takipçi kontrol,,98,244,47,
voyage-itineraires,Flightradar24,基本番号,,91,250,28,
voyage-itineraires,Flightradar24,menjadi,,93,247,161,
voyage-itineraires,Flightradar24,loty narciarskie,,70,250,14,
voyage-itineraires,Flightradar24,ขั้นตอน,,86,225,74,
voyage-itineraires,Flightradar24,brasil personal,,95,374,130,
voyage-itineraires,Flightradar24,जांच,,88,245,85,
voyage-itineraires,Flightradar24,แท็บ,,93,247,78,
voyage-itineraires,Flightradar24,ก้องกังวาน,,87,250,5,
voyage-itineraires,Flightradar24,dari seluruh,,98,248,212,
voyage-itineraires,Flightradar24,pmay gramin app 2022,,52,249,106,
voyage-itineraires,Flightradar24,menampilkan,,97,247,76,
voyage-itineraires,Flightradar24,로마수,,70,250,71,
voyage-itineraires,Flightradar24,llogarinë,,32,248,117,
voyage-itineraires,Flightradar24,वॉक,,60,249,194,
voyage-itineraires,Flightradar24,proyección de pantalla gratis,,79,249,109,
voyage-itineraires,Flightradar24,haz de aire libre,,94,247,21,
voyage-itineraires,Flightradar24,ilmaiseksi,,85,249,136,
voyage-itineraires,Flightradar24,탑피플,,100,248,179,
voyage-itineraires,Flightradar24,tagebuch zum schreiben,,75,247,126,
voyage-itineraires,Flightradar24,samsung television remoto,,67,247,158,
voyage-itineraires,Flightradar24,タイムズテーブル,,79,245,22,
voyage-itineraires,Flightradar24,virtual control samsung,,34,236,195,
voyage-itineraires,Flightradar24,controleur samsung,,58,241,60,
voyage-itineraires,Flightradar24,삼성 컨트롤러,,54,235,88,
voyage-itineraires,Flightradar24,टीवी वीडियो कास्ट,,64,237,150,
voyage-itineraires,Flightradar24,वीडियो और टीवी कास्ट,,72,243,152,
voyage-itineraires,Flightradar24,fotografii la televizor,,83,205,41,
voyage-itineraires,Flightradar24,truyền hình miễn phí,,93,249,158,
voyage-itineraires,Flightradar24,truyền hình kết nối,,25,227,132,
voyage-itineraires,Flightradar24,デバイスを探すを探す,,67,246,131,
voyage-itineraires,Flightradar24,Flash light 2023,,,254,130,
voyage-itineraires,Flightradar24,falı gerçek,,43,242,89,
voyage-itineraires,Flightradar24,under-the-radar,,,20,10,
voyage-itineraires,Flightradar24,ilmateade tasuta,,89,238,74,
voyage-itineraires,Flightradar24,inhalt filter kinder,,85,246,114,
voyage-itineraires,Flightradar24,оди икс бет,,33,213,162,
voyage-itineraires,Flightradar24,1x бет скачать,,97,247,107,
voyage-itineraires,Flightradar24,ставки фаворит,,98,246,61,
voyage-itineraires,Flightradar24,1 х бет ставки,,47,226,90,
voyage-itineraires,Flightradar24,1хбет мобильная версия,,49,208,103,
voyage-itineraires,Flightradar24,1vin ставки,,97,250,12,
voyage-itineraires,Flightradar24,скачат 1хбет,,76,216,116,
voyage-itineraires,Flightradar24,дебетовые карты,,89,242,150,
voyage-itineraires,Flightradar24,1win aviator india,,94,234,47,
voyage-itineraires,Flightradar24,1win india app,,91,242,72,
voyage-itineraires,Flightradar24,für facebook,,95,239,182,
voyage-itineraires,Flightradar24,应用试客,,100,250,17,
voyage-itineraires,Flightradar24,best time to charge,,70,250,204,
voyage-itineraires,Flightradar24,första person,,81,231,136,
voyage-itineraires,Flightradar24,空 フィルター,,83,250,53,
voyage-itineraires,Flightradar24,ensimmäinen henkilö,,71,237,148,
voyage-itineraires,Flightradar24,搜索周边,,26,231,29,
voyage-itineraires,Flightradar24,fernsehen schedule,,24,224,67,
voyage-itineraires,Flightradar24,lorry test,,71,249,123,
voyage-itineraires,Flightradar24,caller id tracker,,,238,145,
voyage-itineraires,Flightradar24,aktuelle ankünfte,,64,238,5,
voyage-itineraires,Flightradar24,vad gör jag,,97,248,166,
voyage-itineraires,Flightradar24,you don't have,,100,250,126,
voyage-itineraires,Flightradar24,manager searchview,,,249,128,
voyage-itineraires,Flightradar24,Road Fighter Classic Mobi,,,250,153,
voyage-itineraires,Flightradar24,airport hotel theme,,68,249,72,
voyage-itineraires,Flightradar24,Yt background,,,250,85,
voyage-itineraires,Flightradar24,lichee video,,,249,23,
voyage-itineraires,Flightradar24,airline simulation game,,72,250,172,
voyage-itineraires,Flightradar24,apena,,,249,136,
voyage-itineraires,Flightradar24,dinámica de amor,,58,250,86,
voyage-itineraires,Flightradar24,life360: stay connected & safe,,76,249,80,
voyage-itineraires,Flightradar24,car location finder,,,231,83,
voyage-itineraires,Flightradar24,Trip stats tracker,,,250,92,
voyage-itineraires,Flightradar24,efb app,,,245,15,
voyage-itineraires,Flightradar24,travel document tracker,,,249,64,
voyage-itineraires,Flightradar24,posting2,,,250,58,
voyage-itineraires,Packr,klook,59,91,184,64,7.31
voyage-itineraires,Packr,travel,54,100,246,41,7.38
voyage-itineraires,Packr,guide along,49,73,184,7,11.37
voyage-itineraires,Packr,여행계획,49,,248,95,5.60
voyage-itineraires,Packr,星,42,70,234,179,4.27
voyage-itineraires,Packr,green bay packers,38,67,80,65,4.69
voyage-itineraires,Packr,reisen,37,87,243,210,3.66
voyage-itineraires,Packr,恋,36,53,239,222,3.53
voyage-itineraires,Packr,packers,36,98,165,138,3.84
voyage-itineraires,Packr,여행 계획,33,77,248,118,3.62
voyage-itineraires,Packr,ly,32,100,236,120,3.50
voyage-itineraires,Packr,vacances,29,89,228,161,3.01
voyage-itineraires,Packr,packing list checklist,28,57,248,2,12.85
voyage-itineraires,Packr,무료 음악,25,,235,186,2.53
voyage-itineraires,Packr,旅程,23,46,246,171,2.36
voyage-itineraires,Packr,holiday planner,22,83,246,26,3.36
voyage-itineraires,Packr,holiday packing list,18,53,249,18,3.04
voyage-itineraires,Packr,decompte vacances,16,53,237,184,1.62
voyage-itineraires,Packr,恋与制作人,16,40,136,102,1.80
voyage-itineraires,Packr,get my guide,14,81,123,91,1.61
voyage-itineraires,Packr,travel planner,9,96,247,39,1.24
voyage-itineraires,Packr,packpoint,9,73,248,3,3.14
voyage-itineraires,Packr,packing,9,65,250,1,9.00
voyage-itineraires,Packr,packr,9,62,248,1,9.00
voyage-itineraires,Packr,primavera sound,9,,213,36,1.27
voyage-itineraires,Packr,holiday checklist,9,54,244,3,3.14
voyage-itineraires,Packr,导航,8,92,240,125,0.87
voyage-itineraires,Packr,triplt,7,95,248,29,1.04
voyage-itineraires,Packr,malen kinder,7,86,242,21,1.13
voyage-itineraires,Packr,packliste,7,50,235,2,3.21
voyage-itineraires,Packr,ferien,7,83,231,144,0.74
voyage-itineraires,Packr,trip planner,6,93,247,14,1.09
voyage-itineraires,Packr,trip it,6,96,248,28,0.90
voyage-itineraires,Packr,pack point,6,65,248,3,2.09
voyage-itineraires,Packr,packpoint travel packing list,6,50,247,2,2.75
voyage-itineraires,Packr,lịch âm,6,57,246,244,0.58
voyage-itineraires,Packr,guidealong,6,69,249,7,1.39
voyage-itineraires,Packr,travel tips,5,80,245,194,0.50
voyage-itineraires,Packr,travelbook,5,98,246,186,0.51
voyage-itineraires,Packr,travel organizer,5,75,248,11,0.98
voyage-itineraires,Packr,packing list,5,66,245,2,2.29
voyage-itineraires,Packr,pack,5,96,248,13,0.93
voyage-itineraires,Packr,travel packing checklist,5,57,241,4,1.49
voyage-itineraires,Packr,travel checklist,5,66,247,1,5.00
voyage-itineraires,Packr,packing pro,5,53,248,2,2.29
voyage-itineraires,Packr,packing app,5,56,249,1,5.00
voyage-itineraires,Packr,packing list free,5,56,247,3,1.74
voyage-itineraires,Packr,packlist,5,66,244,2,2.29
voyage-itineraires,Packr,free packing list,5,,224,2,2.29
voyage-itineraires,Packr,camping list,5,51,247,11,0.98
voyage-itineraires,Packr,travel packing list,5,57,245,1,5.00
voyage-itineraires,Packr,packing lists,5,,234,1,5.00
voyage-itineraires,Packr,vacation packing checklist,5,47,235,2,2.29
voyage-itineraires,Packr,pack travel,5,,243,7,1.16
voyage-itineraires,Packr,travel pack,5,60,248,2,2.29
voyage-itineraires,Packr,packing checklist,5,67,249,2,2.29
voyage-itineraires,Packr,vacation packing list,5,56,246,2,2.29
voyage-itineraires,Packr,travel lists,5,83,242,1,5.00
voyage-itineraires,Packr,moving list,5,,209,6,1.24
voyage-itineraires,Packr,travel packing,5,57,247,1,5.00
voyage-itineraires,Packr,reise app,5,82,242,234,0.49
voyage-itineraires,Packr,liste de taches,5,42,237,118,0.55
voyage-itineraires,Packr,tick list,5,61,245,204,0.50
voyage-itineraires,Packr,listes,5,51,250,55,0.64
voyage-itineraires,Packr,liste voyage,5,46,248,1,5.00
voyage-itineraires,Packr,distribution list,5,30,82,39,0.69
voyage-itineraires,Packr,travel list trip packing,5,,237,2,2.29
voyage-itineraires,Packr,packr travel packing list,5,52,247,1,5.00
voyage-itineraires,Packr,holiday packing,5,57,243,1,5.00
voyage-itineraires,Packr,holiday list,5,52,242,7,1.16
voyage-itineraires,Packr,trip planner apps,5,89,248,125,0.54
voyage-itineraires,Packr,routine checklist,5,86,246,6,1.24
voyage-itineraires,Packr,tripscout,5,89,250,89,0.58
voyage-itineraires,Packr,my trips,5,73,222,41,0.68
voyage-itineraires,Packr,создание,5,40,233,193,0.50
voyage-itineraires,Packr,списки,5,44,246,216,0.49
voyage-itineraires,Packr,check point,5,,191,100,0.57
voyage-itineraires,Packr,travel checklist app,5,57,246,50,0.65
voyage-itineraires,Packr,packing list for a trip,5,45,213,1,5.00
voyage-itineraires,Packr,список вещей в поездку,5,38,48,7,1.16
voyage-itineraires,Packr,旅行記,5,45,243,43,0.68
voyage-itineraires,Packr,viaggi,5,84,233,8,1.10
voyage-itineraires,Packr,app viaggi,5,80,247,6,1.24
voyage-itineraires,Packr,liste cadeau,5,52,239,76,0.60
voyage-itineraires,Packr,last minute urlaub,5,78,241,32,0.73
voyage-itineraires,Packr,triplist,5,68,241,3,1.74
voyage-itineraires,Packr,清單,5,51,249,34,0.71
voyage-itineraires,Packr,清单,5,85,246,173,0.51
voyage-itineraires,Packr,family check,5,94,237,233,0.49
voyage-itineraires,Packr,urlaub buchen,5,81,189,36,0.70
voyage-itineraires,Packr,organizador familiar,5,56,248,87,0.58
voyage-itineraires,Packr,moving checklist app,5,,218,41,0.68
voyage-itineraires,Packr,быстрее,5,42,230,196,0.50
voyage-itineraires,Packr,check-lists,5,43,225,221,0.49
voyage-itineraires,Packr,行程規劃,5,87,239,17,0.86
voyage-itineraires,Packr,trip list,5,70,249,1,5.00
voyage-itineraires,Packr,pack list,5,59,247,3,1.74
voyage-itineraires,Packr,packing tips,5,93,239,30,0.74
voyage-itineraires,Packr,規劃,5,75,243,30,0.74
voyage-itineraires,Packr,trip scout my travel planner,5,82,245,19,0.83
voyage-itineraires,Packr,daily task list,5,86,248,7,1.16
voyage-itineraires,Packr,leroy,5,51,88,24,0.78
voyage-itineraires,Packr,kiếm tiền,5,76,235,178,0.51
voyage-itineraires,Packr,packer,5,71,242,2,2.29
voyage-itineraires,Packr,packing list travel planner,5,44,240,2,2.29
voyage-itineraires,Packr,kinderspiele malen,5,89,242,27,0.76
voyage-itineraires,Packr,马蜂窝,5,,155,90,0.58
voyage-itineraires,Packr,书单,5,47,250,144,0.53
voyage-itineraires,Packr,suitcase,5,58,247,4,1.49
voyage-itineraires,Packr,college packing list,5,95,247,36,0.70
voyage-itineraires,Packr,bolsa de madrid,5,66,243,175,0.51
voyage-itineraires,Packr,familie liste,5,62,245,100,0.57
voyage-itineraires,Packr,liste der,5,66,249,49,0.66
voyage-itineraires,Packr,liste von,5,84,249,52,0.65
voyage-itineraires,Packr,trip plaanner,5,86,247,14,0.91
voyage-itineraires,Packr,создания,5,45,231,189,0.50
voyage-itineraires,Packr,的待办,5,46,231,135,0.54
voyage-itineraires,Packr,listesi,5,38,241,137,0.53
voyage-itineraires,Packr,mal-,5,48,172,3,1.74
voyage-itineraires,Packr,مجاني,5,84,249,206,0.50
voyage-itineraires,Packr,vacation checklist,5,81,249,2,2.29
voyage-itineraires,Packr,修学旅行,5,54,248,1,5.00
voyage-itineraires,Packr,travel tool,5,87,244,197,0.50
voyage-itineraires,Packr,规划,5,84,244,85,0.58
voyage-itineraires,Packr,安排,5,69,242,221,0.49
voyage-itineraires,Packr,mål,5,43,230,80,0.59
voyage-itineraires,Packr,徒步旅行,5,72,250,67,0.61
voyage-itineraires,Packr,flashpacker,5,0,247,25,0.77
voyage-itineraires,Packr,camp rv,5,,215,166,0.52
voyage-itineraires,Packr,packa,5,93,250,8,1.10
voyage-itineraires,Packr,packing list - lite,5,46,232,6,1.24
voyage-itineraires,Packr,đi bộ kiếm tiền,5,64,102,33,0.72
voyage-itineraires,Packr,travelogue,5,100,230,148,0.53
voyage-itineraires,Packr,bemalen,5,88,243,10,1.02
voyage-itineraires,Packr,travel plannẻ,5,49,242,236,0.49
voyage-itineraires,Packr,cruise packing,5,65,248,86,0.58
voyage-itineraires,Packr,cruise packing list,5,63,249,4,1.49
voyage-itineraires,Packr,checklisten,5,25,222,80,0.59
voyage-itineraires,Packr,travel docs,5,,238,137,0.53
voyage-itineraires,Packr,listeleri,5,55,238,29,0.74
voyage-itineraires,Packr,checklisten-app,5,43,238,226,0.49
voyage-itineraires,Packr,luggage pack,5,,214,3,1.74
voyage-itineraires,Packr,blosa,5,80,217,149,0.53
voyage-itineraires,Packr,checklist-app,5,48,230,62,0.62
voyage-itineraires,Packr,체크리스트 앱,5,49,234,30,0.74
voyage-itineraires,Packr,app para listas,5,85,248,122,0.55
voyage-itineraires,Packr,listele,5,40,246,147,0.53
voyage-itineraires,Packr,lijst,5,76,160,6,1.24
voyage-itineraires,Packr,地图路线,5,60,234,185,0.51
voyage-itineraires,Packr,自驾,5,55,216,79,0.59
voyage-itineraires,Packr,feriados,5,44,238,152,0.52
voyage-itineraires,Packr,sacola,5,52,23,6,1.24
voyage-itineraires,Packr,listings\,5,40,220,211,0.49
voyage-itineraires,Packr,список для подорожей,5,14,1,1,5.00
voyage-itineraires,Packr,쇼핑리스트,5,51,227,76,0.60
voyage-itineraires,Packr,ein mal ein,5,98,248,71,0.61
voyage-itineraires,Packr,國內旅遊,5,71,119,21,0.81
voyage-itineraires,Packr,國旅,5,77,250,116,0.55
voyage-itineraires,Packr,packs squad,5,44,239,207,0.50
voyage-itineraires,Packr,packing list widget,5,46,240,23,0.79
voyage-itineraires,Packr,packing widget,5,86,250,192,0.50
voyage-itineraires,Packr,極簡待辦,5,74,227,138,0.53
voyage-itineraires,Packr,vacation packing,5,,247,2,2.29
voyage-itineraires,Packr,pack find,5,91,238,159,0.52
voyage-itineraires,Packr,看星星,5,81,247,208,0.50
voyage-itineraires,Packr,星团,5,38,164,54,0.64
voyage-itineraires,Packr,自由的,5,42,209,179,0.51
voyage-itineraires,Packr,luggage tracker,5,67,214,106,0.56
voyage-itineraires,Packr,travel helper,5,67,213,2,2.29
voyage-itineraires,Packr,travel packing checklists,5,,239,2,2.29
voyage-itineraires,Packr,Travel Box,5,80,244,215,0.49
voyage-itineraires,Packr,爱思助手ipad,5,80,227,61,0.63
voyage-itineraires,Packr,爱思盒子,5,96,225,182,0.51
voyage-itineraires,Packr,爱思助手下载软件,5,74,233,75,0.60
voyage-itineraires,Packr,系统软件,5,50,249,223,0.49
voyage-itineraires,Packr,大师,5,73,235,66,0.62
voyage-itineraires,Packr,爱思助手手机版,5,79,231,61,0.63
voyage-itineraires,Packr,paia,5,,238,49,0.66
voyage-itineraires,Packr,北斗导航,5,47,249,229,0.49
voyage-itineraires,Packr,旅游计划,5,61,248,194,0.50
voyage-itineraires,Packr,行程,5,87,246,154,0.52
voyage-itineraires,Packr,导航软件,5,85,248,216,0.49
voyage-itineraires,Packr,露营地,5,45,250,146,0.53
voyage-itineraires,Packr,行程规划,5,93,247,67,0.61
voyage-itineraires,Packr,滑雪记录,5,44,181,94,0.57
voyage-itineraires,Packr,去滑雪,5,45,179,86,0.58
voyage-itineraires,Packr,互动地图,5,85,246,244,0.48
voyage-itineraires,Packr,路线记录,5,53,238,218,0.49
voyage-itineraires,Packr,旅行计划书,5,64,250,24,0.78
voyage-itineraires,Packr,Holiday Helpers,5,40,10,2,2.29
voyage-itineraires,Packr,camping planner,5,79,248,4,1.49
voyage-itineraires,Packr,essential travel apps,5,89,243,76,0.60
voyage-itineraires,Packr,home packing,5,93,237,11,0.98
voyage-itineraires,Packr,camping pack list,5,46,245,6,1.24
voyage-itineraires,Packr,hike pack list,5,87,241,32,0.73
voyage-itineraires,Packr,flight pack list,5,42,243,7,1.16
voyage-itineraires,Packr,packlista,5,14,5,1,5.00
voyage-itineraires,Packr,trip-planner,5,91,247,14,0.91
voyage-itineraires,Packr,travel shopping list,5,90,238,13,0.93
voyage-itineraires,Packr,shared packing list,5,50,239,13,0.93
voyage-itineraires,Packr,pack liste,5,,230,1,5.00
voyage-itineraires,Packr,luggage,5,58,247,88,0.58
voyage-itineraires,Packr,camping tips,5,80,228,122,0.55
voyage-itineraires,Packr,travel advice,5,72,241,165,0.52
voyage-itineraires,Packr,people list,5,96,249,67,0.61
voyage-itineraires,Packr,Camping Gear Checklist,5,42,209,47,0.66
voyage-itineraires,Packr,camping trip,5,89,244,180,0.51
voyage-itineraires,Packr,camp trip,5,57,241,173,0.51
voyage-itineraires,Packr,Pak - Travel Packing Checklist,5,48,238,3,1.74
voyage-itineraires,Packr,Packing log,5,50,248,2,2.29
voyage-itineraires,Packr,family travel,5,51,248,19,0.83
voyage-itineraires,Packr,luggage checklist,5,43,212,1,5.00
voyage-itineraires,Packr,backpacking packing app,5,42,247,121,0.55
voyage-itineraires,Packr,family to-do list,5,88,246,125,0.54
voyage-itineraires,Packr,travel packign list,5,45,245,1,5.00
voyage-itineraires,Packr,camping checklisg,5,46,249,13,0.93
voyage-itineraires,Packr,camp checklist,5,40,246,83,0.59
voyage-itineraires,Packr,week checklist,5,88,245,232,0.49
voyage-itineraires,Packr,camping packing checklist,5,,240,5,1.34
voyage-itineraires,Packr,packing helper,5,49,243,1,5.00
voyage-itineraires,Packr,daily bag planner,5,36,237,107,0.56
voyage-itineraires,Packr,travel backpack organizer,5,42,249,68,0.61
voyage-itineraires,Packr,bag packing,5,38,244,205,0.50
voyage-itineraires,Packr,packing planner,5,48,243,1,5.00
voyage-itineraires,Packr,backpack packing list,5,43,236,18,0.84
voyage-itineraires,Packr,luggage planner,5,50,244,65,0.62
voyage-itineraires,Packr,trip checklist,5,76,248,3,1.74
voyage-itineraires,Packr,minimalist packing,5,42,245,43,0.68
voyage-itineraires,Packr,app kiếm tiền,5,57,233,173,0.51
voyage-itineraires,Packr,packing list for cruise,5,26,242,23,0.79
voyage-itineraires,Packr,packets,5,92,215,54,0.64
voyage-itineraires,Packr,printable check list,5,61,239,136,0.53
voyage-itineraires,Packr,packing tracker,5,50,248,230,0.49
voyage-itineraires,Packr,packing assistant,5,57,244,10,1.02
voyage-itineraires,Packr,shared packing,5,91,246,41,0.68
voyage-itineraires,Packr,oack,5,55,249,9,1.06
voyage-itineraires,Packr,packing list tracker,5,51,239,2,2.29
voyage-itineraires,Packr,europe holiday planner,5,82,246,173,0.51
voyage-itineraires,Packr,travel panner,5,94,247,40,0.69
voyage-itineraires,Packr,solo travel organizer,5,40,247,221,0.49
voyage-itineraires,Packr,ceklist,5,45,195,1,5.00
voyage-itineraires,Packr,青蛙,5,,193,180,0.51
voyage-itineraires,Packr,trip panner,5,90,247,14,0.91
voyage-itineraires,Packr,itinerary packing,5,40,243,17,0.86
voyage-itineraires,Packr,itinerary checklist,5,40,249,115,0.55
voyage-itineraires,Packr,trip packing,5,49,249,1,5.00
voyage-itineraires,Packr,trip itinerary packing,5,47,242,8,1.10
voyage-itineraires,Packr,itinerary packing checklist,5,42,240,5,1.34
voyage-itineraires,Packr,trip packing checklist,5,46,234,2,2.29
voyage-itineraires,Packr,trip itinerary packing expense,5,41,246,60,0.63
voyage-itineraires,Packr,trip itinerary packing checklist,5,42,242,3,1.74
voyage-itineraires,Packr,itinerary packing expense tracker,5,41,247,236,0.49
voyage-itineraires,Packr,personalized travel list,5,44,246,15,0.89
voyage-itineraires,Packr,list tracking,5,49,246,185,0.51
voyage-itineraires,Packr,iplanai,5,81,40,17,0.86
voyage-itineraires,Packr,holidays planner,5,79,246,17,0.86
voyage-itineraires,Packr,trip luggage,5,,48,6,1.24
voyage-itineraires,Packr,check planner,5,,223,175,0.51
voyage-itineraires,Packr,packing lest,5,42,237,3,1.74
voyage-itineraires,Packr,packing list generator,5,48,248,48,0.66
voyage-itineraires,Packr,packing list checker,5,,54,1,5.00
voyage-itineraires,Packr,sunme,5,,243,202,0.50
voyage-itineraires,Packr,قائمة التسوق,5,72,248,36,0.70
voyage-itineraires,Packr,jeremie leroy,5,,6,2,2.29
voyage-itineraires,Packr,trio planner,5,90,247,14,0.91
voyage-itineraires,Packr,travel bag,5,96,237,3,1.74
voyage-itineraires,Packr,voyage list,5,63,247,1,5.00
voyage-itineraires,Packr,travel check list,5,66,246,1,5.00
voyage-itineraires,Packr,voyage planner,5,85,247,18,0.84
voyage-itineraires,Packr,tripp planner,5,90,248,14,0.91
voyage-itineraires,Packr,packing list for a trip free,5,42,234,2,2.29
voyage-itineraires,Packr,lý lịch,5,,232,8,1.10
voyage-itineraires,Packr,travel,5,33,245,61,0.63
voyage-itineraires,Packr,travel tools,5,75,234,124,0.54
voyage-itineraires,Packr,trip plannr,5,90,247,14,0.91
voyage-itineraires,Packr,gen zi,5,,221,186,0.51
voyage-itineraires,Packr,traveling assistant,5,,206,21,0.81
voyage-itineraires,Packr,travel pro,5,,234,43,0.68
voyage-itineraires,Packr,baggage planner,5,,219,4,1.49
voyage-itineraires,Packr,chacklist,5,,194,136,0.53
voyage-itineraires,Packr,packing check list,5,44,249,2,2.29
voyage-itineraires,Packr,packing%20list,5,48,242,4,1.49
voyage-itineraires,Packr,egg%20factory,5,64,224,29,0.74
voyage-itineraires,Packr,tripit%3A%20travel%20planner,5,95,246,73,0.60
voyage-itineraires,Packr,pack%20opener,5,10,14,1,5.00
voyage-itineraires,Packr,packing%20list%20checklist,5,44,235,2,2.29
voyage-itineraires,Packr,camping hacks,5,,228,126,0.54
voyage-itineraires,Packr,trip helper,5,51,249,18,0.84
voyage-itineraires,Packr,free%20travel%20planner,5,83,249,182,0.51
voyage-itineraires,Packr,suitcase checklist,5,40,245,15,0.89
voyage-itineraires,Packr,bag checklist,5,49,246,120,0.55
voyage-itineraires,Packr,trip packing list,5,56,247,1,5.00
voyage-itineraires,Packr,checklist voyage,5,52,198,2,2.29
voyage-itineraires,Packr,what to pack for a weekend camping trip,5,49,245,34,0.71
voyage-itineraires,Packr,camping app planner,5,,225,41,0.68
voyage-itineraires,Packr,camping gear instructions,5,,217,42,0.68
voyage-itineraires,Packr,backpacking packing guide,5,40,243,64,0.62
voyage-itineraires,Packr,what to pack for camping,5,50,247,100,0.57
voyage-itineraires,Packr,camping packing list,5,50,245,6,1.24
voyage-itineraires,Packr,地图 路线,5,46,244,160,0.52
voyage-itineraires,Packr,地圖 路線,5,87,246,162,0.52
voyage-itineraires,Packr,location to dolist,5,86,232,216,0.49
voyage-itineraires,Packr,여행,5,74,233,23,0.79
voyage-itineraires,Packr,pack planner,5,52,242,27,0.76
voyage-itineraires,Packr,twopic  date ideas & couple bucket list,5,73,233,52,0.65
voyage-itineraires,Packr,twopic - couples bucket list,5,,242,64,0.62
voyage-itineraires,Packr,packing list interactive widgets,5,,210,3,1.74
voyage-itineraires,Packr,travel budget shortcuts,5,70,247,204,0.50
voyage-itineraires,Packr,holliday list,5,46,238,6,1.24
voyage-itineraires,Packr,tarvel,5,95,248,38,0.70
voyage-itineraires,Packr,lıst,5,79,241,65,0.62
voyage-itineraires,Packr,packing suitcase,5,91,244,4,1.49
voyage-itineraires,Packr,travelling list,5,62,247,3,1.74
voyage-itineraires,Packr,travel closet,5,60,245,236,0.49
voyage-itineraires,Packr,packing list travel checklist,5,43,234,3,1.74
voyage-itineraires,Packr,travellal packing list,5,44,240,6,1.24
voyage-itineraires,Packr,travel organiser,5,65,225,104,0.56
voyage-itineraires,Packr,travel hack,5,75,245,244,0.48
voyage-itineraires,Packr,trip holiday,5,,244,103,0.56
voyage-itineraires,Packr,travel planner trip route bucket list tr,5,61,246,51,0.65
voyage-itineraires,Packr,travel gear checklist,5,,213,1,5.00
voyage-itineraires,Packr,travel reminder,5,37,244,66,0.62
voyage-itineraires,Packr,travell,5,,240,55,0.64
voyage-itineraires,Packr,travek,5,,242,29,0.74
voyage-itineraires,Packr,camping gear list,5,52,245,112,0.55
voyage-itineraires,Packr,travelinb,5,,229,33,0.72
voyage-itineraires,Packr,trip plannner,5,90,247,12,0.96
voyage-itineraires,Packr,travel planning checklist,5,,214,6,1.24
voyage-itineraires,Packr,last-minute trip organizer,5,,225,8,1.10
voyage-itineraires,Packr,trip packing checklist app,5,43,239,2,2.29
voyage-itineraires,Packr,beach vacation packing list,5,44,237,8,1.10
voyage-itineraires,Packr,disaster pack checklist,5,84,246,45,0.67
voyage-itineraires,Packr,益生菌,5,48,246,136,0.53
voyage-itineraires,Packr,travek planner,5,90,247,56,0.64
voyage-itineraires,Packr,travel forum,5,,192,136,0.53
voyage-itineraires,Packr,for holiday,5,,215,107,0.56
voyage-itineraires,Packr,travel abroad,5,,244,231,0.49
voyage-itineraires,Packr,lichj,5,,245,225,0.49
voyage-itineraires,Packr,packing check,5,,189,2,2.29
voyage-itineraires,Packr,luggage check,5,,217,20,0.82
voyage-itineraires,Packr,move in checklist,5,43,190,23,0.79
voyage-itineraires,Packr,pet sitting checklist,5,60,249,173,0.51
voyage-itineraires,Packr,goal checklist,5,56,236,226,0.49
voyage-itineraires,Packr,family packing,5,89,246,8,1.10
voyage-itineraires,Packr,travel packer,5,43,238,5,1.34
voyage-itineraires,Packr,list n,5,,243,11,0.98
voyage-itineraires,Packr,lista cumparaturi,5,53,236,97,0.57
voyage-itineraires,Packr,pack days editor,5,,201,77,0.60
voyage-itineraires,Packr,travel trips,5,95,226,86,0.58
voyage-itineraires,Packr,plantrips,5,90,247,51,0.65
voyage-itineraires,Packr,make it and arrange all goods,5,54,227,43,0.68
voyage-itineraires,Packr,family checkin,5,58,222,28,0.75
voyage-itineraires,Packr,family check-in,5,,214,72,0.60
voyage-itineraires,Packr,plataforma 10,5,58,183,11,0.98
voyage-itineraires,Packr,lists family,5,,245,87,0.58
voyage-itineraires,Packr,lists the,5,40,240,83,0.59
voyage-itineraires,Packr,lists families,5,,229,31,0.73
voyage-itineraires,Packr,packung list,5,52,245,2,2.29
voyage-itineraires,Packr,packer pro,5,,207,2,2.29
voyage-itineraires,Packr,planejamento viagem,5,84,246,3,1.74
voyage-itineraires,Packr,holiday planner app,5,78,245,67,0.61
voyage-itineraires,Packr,travel reservation organizer,5,70,249,230,0.49
voyage-itineraires,Packr,travel details organizer,5,40,246,163,0.52
voyage-itineraires,Packr,travel paperwork organizer,5,40,247,70,0.61
voyage-itineraires,Packr,packing list organizer,5,44,238,28,0.75
voyage-itineraires,Packr,travel to-do list,5,64,242,24,0.78
voyage-itineraires,Packr,pre-trip checklist,5,42,244,31,0.73
voyage-itineraires,Packr,keep travel plans organized,5,45,249,244,0.48
voyage-itineraires,Packr,trip planner for iphone,5,78,250,12,0.96
voyage-itineraires,Packr,travel organizer for mac,5,76,243,117,0.55
voyage-itineraires,Packr,tripit app,5,72,245,196,0.50
voyage-itineraires,Packr,leaving house checklist,5,,222,10,1.02
voyage-itineraires,Packr,backpack checklist,5,,188,10,1.02
voyage-itineraires,Packr,sleepover checklist,5,,210,103,0.56
voyage-itineraires,Packr,roterin,5,83,30,22,0.80
voyage-itineraires,Packr,kế hoạch chuyến đi,5,,244,3,1.74
voyage-itineraires,Packr,vision check,5,47,235,192,0.50
voyage-itineraires,Packr,list trips,5,44,238,1,5.00
voyage-itineraires,Packr,trips list,5,64,249,1,5.00
voyage-itineraires,Packr,travel items,5,,218,7,1.16
voyage-itineraires,Packr,app quản lý tiền miễn phí,5,68,250,150,0.52
voyage-itineraires,Packr,package list,5,,213,1,5.00
voyage-itineraires,Packr,travel list organizer,5,44,240,3,1.74
voyage-itineraires,Packr,holiday planer,5,40,241,168,0.51
voyage-itineraires,Packr,travel planner checklist,5,40,244,20,0.82
voyage-itineraires,Packr,getyouguide,5,84,154,101,0.56
voyage-itineraires,Packr,checklist you,5,44,184,162,0.52
voyage-itineraires,Packr,tavel planner,5,91,248,51,0.65
voyage-itineraires,Packr,package checklist,5,40,244,152,0.52
voyage-itineraires,Packr,backpack traveler,5,,211,23,0.79
voyage-itineraires,Packr,care luggage: luggage storage,5,,217,26,0.76
voyage-itineraires,Packr,checklist-lite,5,,203,20,0.82
voyage-itineraires,Packr,checklist.com,5,,215,81,0.59
voyage-itineraires,Packr,luggage checker,5,,216,14,0.91
voyage-itineraires,Packr,luggage drop hosts,5,,232,50,0.65
voyage-itineraires,Packr,luggage fit,5,,248,233,0.49
voyage-itineraires,Packr,luggage id,5,,224,9,1.06
voyage-itineraires,Packr,packing list checklist onepack,5,,236,9,1.06
voyage-itineraires,Packr,send pack,5,,203,5,1.34
voyage-itineraires,Packr,end the,5,,204,70,0.61
voyage-itineraires,Packr,6473901846,5,,249,22,0.80
voyage-itineraires,Packr,312266675,5,,222,7,1.16
voyage-itineraires,Packr,packing list items,5,,192,4,1.49
voyage-itineraires,Packr,to do & to pack,5,,213,5,1.34
voyage-itineraires,Packr,checklist packing,5,,247,2,2.29
voyage-itineraires,Packr,packpoint packing list,5,,200,2,2.29
voyage-itineraires,Packr,holiday trip checklist,5,56,242,4,1.49
voyage-itineraires,Packr,quick packing lists,5,,202,8,1.10
voyage-itineraires,Packr,packing list quick,5,,204,7,1.16
voyage-itineraires,Packr,share packing list,5,,209,3,1.74
voyage-itineraires,Packr,packing ap,5,81,242,15,0.89
voyage-itineraires,Packr,packing checklist app,5,44,235,2,2.29
voyage-itineraires,Packr,packing list builder,5,,237,8,1.10
voyage-itineraires,Packr,packing list builder for serious travele,5,,239,3,1.74
voyage-itineraires,Packr,minimal packing lis,5,,221,3,1.74
voyage-itineraires,Packr,minimal packing list,5,,238,5,1.34
voyage-itineraires,Packr,simple packing list,5,,207,5,1.34
voyage-itineraires,Packr,packing list faster,5,,219,2,2.29
voyage-itineraires,Packr,packing made easy,5,,216,5,1.34
voyage-itineraires,Packr,smart packing list,5,53,208,26,0.76
voyage-itineraires,Packr,smart packing lists,5,,212,23,0.79
voyage-itineraires,Packr,download packing list,5,,209,5,1.34
voyage-itineraires,Packr,list pack,5,,232,35,0.71
voyage-itineraires,Packr,packing pro & packing,5,74,233,17,0.86
voyage-itineraires,Packr,vacation list pking,5,62,242,1,5.00
voyage-itineraires,Packr,packlist plus,5,,215,3,1.74
voyage-itineraires,Packr,travel planner list,5,44,244,9,1.06
voyage-itineraires,Packr,simple packing,5,53,243,99,0.57
voyage-itineraires,Packr,smart packing checklist,5,,213,7,1.16
voyage-itineraires,Packr,pack smarter,5,40,247,72,0.60
voyage-itineraires,Packr,pack checklist,5,44,249,2,2.29
voyage-itineraires,Packr,travel itinerary checklist,5,40,245,82,0.59
voyage-itineraires,Packr,planner packing checklist,5,44,241,9,1.06
voyage-itineraires,Packr,pack smart checklist,5,,209,5,1.34
voyage-itineraires,Packr,ai packing list,5,51,250,63,0.62
voyage-itineraires,Packr,moving packing list,5,,204,2,2.29
voyage-itineraires,Packr,travel essentials list,5,,241,16,0.87
voyage-itineraires,Packr,baggage checklist,5,,207,2,2.29
voyage-itineraires,Packr,travel bag checklist,5,,211,2,2.29
voyage-itineraires,Packr,travel reminder list,5,49,242,22,0.80
voyage-itineraires,Packr,packing list trip,5,,233,2,2.29
voyage-itineraires,Packr,apps for packing lists and checklists,5,,210,2,2.29
voyage-itineraires,Packr,packlist checklist,5,,197,3,1.74
voyage-itineraires,Packr,checklist packing list,5,,234,2,2.29
voyage-itineraires,Packr,moving inventory list template,5,40,246,146,0.53
voyage-itineraires,Packr,travel together,5,74,244,174,0.51
voyage-itineraires,Packr,apartments checklist,5,,233,18,0.84
voyage-itineraires,Packr,holiday trip,5,85,239,178,0.51
voyage-itineraires,Packr,holiday trip pack,5,,197,1,5.00
voyage-itineraires,Packr,grit method,5,,213,17,0.86
voyage-itineraires,Packr,packing list checklist +,5,44,235,2,2.29
voyage-itineraires,Packr,family list app,5,,221,60,0.63
voyage-itineraires,Packr,packing checklisst,5,,238,11,0.98
voyage-itineraires,Packr,travellist,5,,223,3,1.74
voyage-itineraires,Packr,holiday packlist,5,28,243,9,1.06
voyage-itineraires,Packr,travel docs organizer,5,85,244,122,0.55
voyage-itineraires,Packr,travel-docs-organizer,5,85,245,113,0.55
voyage-itineraires,Packr,cruise checklist,5,42,210,23,0.79
voyage-itineraires,Packr,login checker,5,,212,167,0.52
voyage-itineraires,Packr,packinglist,5,43,225,34,0.71
voyage-itineraires,Packr,customs checklist,5,,205,4,1.49
voyage-itineraires,Packr,hostel checklist,5,,208,2,2.29
voyage-itineraires,Packr,kayaking checklist,5,,204,4,1.49
voyage-itineraires,Packr,holiday packing list app,5,,209,3,1.74
voyage-itineraires,Packr,free holiday packing list,5,,207,2,2.29
voyage-itineraires,Packr,top holiday packing list,5,,201,2,2.29
voyage-itineraires,Packr,easy holiday packing list,5,,188,1,5.00
voyage-itineraires,Packr,my holiday packing list,5,44,204,2,2.29
voyage-itineraires,Packr,holiday packing list free,5,,236,2,2.29
voyage-itineraires,Packr,paddling checklist,5,,197,5,1.34
voyage-itineraires,Packr,roadtrip tracker,5,,222,50,0.65
voyage-itineraires,Packr,skiing checklist,5,,191,16,0.87
voyage-itineraires,Packr,backpacking list,5,,212,22,0.80
voyage-itineraires,Packr,travel checker,5,75,242,56,0.64
voyage-itineraires,Packr,city trip planner packing list,5,44,239,3,1.74
voyage-itineraires,Packr,moving checklist packing,5,40,240,16,0.87
voyage-itineraires,Packr,moveout binder,5,30,250,234,0.49
voyage-itineraires,Packr,luggage notebook,5,,236,27,0.76
voyage-itineraires,Packr,luggage guidebook,5,53,247,37,0.70
voyage-itineraires,Packr,suitcase reminders,5,,181,4,1.49
voyage-itineraires,Packr,suitcase guidebook,5,86,249,61,0.63
voyage-itineraires,Packr,alternatives check packing,5,,247,3,1.74
voyage-itineraires,Packr,backpacking planner,5,,218,10,1.02
voyage-itineraires,Packr,family check in app,5,,221,139,0.53
voyage-itineraires,Packr,checkin families,5,,250,90,0.58
voyage-itineraires,Packr,trip wishlist,5,52,209,20,0.82
voyage-itineraires,Packr,packing list: checklist,5,44,234,7,1.16
voyage-itineraires,Packr,schedule checklist,5,,230,118,0.55
voyage-itineraires,Packr,travel points tracker,5,,227,21,0.81
voyage-itineraires,Packr,vacatio,5,,184,178,0.51
voyage-itineraires,Packr,lsit,5,,242,135,0.54
voyage-itineraires,Packr,gear checklist,5,,198,15,0.89
voyage-itineraires,Packr,packing slip,5,50,200,4,1.49
voyage-itineraires,Packr,luggag3,5,,205,6,1.24
voyage-itineraires,Packr,camping rv planner,5,,221,85,0.58
voyage-itineraires,Packr,packer 3d,5,,191,86,0.58
voyage-itineraires,Packr,listing assistant,5,50,246,26,0.76
voyage-itineraires,Packr,travel medication list,5,,199,7,1.16
voyage-itineraires,Packr,medication packing list,5,,218,2,2.29
voyage-itineraires,Packr,packing list travel,5,57,234,3,1.74
voyage-itineraires,Packr,holiday packing list checklist,5,,207,3,1.74
voyage-itineraires,Packr,punch list planner,5,,218,20,0.82
voyage-itineraires,Packr,service quote wizard,5,,224,36,0.70
voyage-itineraires,Packr,tip planner,5,88,248,14,0.91
voyage-itineraires,Packr,camp & rv,5,,220,181,0.51
voyage-itineraires,Packr,packing slip template,5,,250,212,0.49
voyage-itineraires,Packr,vacation trip checklist,5,63,241,3,1.74
voyage-itineraires,Packr,travel checklít,5,,246,12,0.96
voyage-itineraires,Packr,trip packlist,5,,246,2,2.29
voyage-itineraires,Packr,luggage list,5,,236,2,2.29
voyage-itineraires,Packr,ai packing list generator,5,40,243,46,0.67
voyage-itineraires,Packr,packr travel packing,5,39,237,1,5.00
voyage-itineraires,Packr,plan packing,5,,247,71,0.61
voyage-itineraires,Packr,paxks,5,71,245,129,0.54
voyage-itineraires,Packr,trip packing lists,5,,248,1,5.00
voyage-itineraires,Packr,travel checklist plus,5,,249,187,0.51
voyage-itineraires,Packr,packing list packmytrip,5,,243,16,0.87
voyage-itineraires,Packr,packlisty: packing lists,5,,238,4,1.49
voyage-itineraires,Packr,outing packing checklist,5,,241,5,1.34
voyage-itineraires,Packr,packing checklist: pack&go,5,,240,7,1.16
voyage-itineraires,Packr,packliste: travel checklist,5,,250,2,2.29
voyage-itineraires,Packr,packing list - packy,5,,237,14,0.91
voyage-itineraires,Packr,travel checklist & log,5,,249,72,0.60
voyage-itineraires,Packr,packing list - packgoat,5,,237,7,1.16
voyage-itineraires,Packr,packing list - checklist,5,,235,6,1.24
voyage-itineraires,Packr,packing list & checklist,5,,241,3,1.74
voyage-itineraires,Packr,trip packing list manager,5,,239,5,1.34
voyage-itineraires,Packr,packing list ai checklist,5,,244,31,0.73
voyage-itineraires,Packr,packing list: ai packalong,5,,245,18,0.84
voyage-itineraires,Packr,travel packing list: bagio,5,,250,2,2.29
voyage-itineraires,Packr,viharo: travel packing list,5,,238,11,0.98
voyage-itineraires,Packr,packing list checklist free,5,,247,2,2.29
voyage-itineraires,Packr,packing list checklist essi,5,,242,3,1.74
voyage-itineraires,Packr,bagsy: packing list planner,5,,250,25,0.77
voyage-itineraires,Packr,geargrab - packing checklist,5,,245,16,0.87
voyage-itineraires,Packr,shopping & packing checklist,5,,242,5,1.34
voyage-itineraires,Packr,tabidachi: trip packing list,5,,243,16,0.87
voyage-itineraires,Packr,quickpack: packing list trip,5,,247,3,1.74
voyage-itineraires,Packr,清单与提醒,5,,249,82,0.59
voyage-itineraires,Packr,packaging travel,5,,248,143,0.53
voyage-itineraires,Packr,tavel pack,5,,246,2,2.29
voyage-itineraires,Packr,`family travel planne,5,,247,123,0.54
voyage-itineraires,Packr,`family travel,5,,248,116,0.55
voyage-itineraires,Packr,购物,,,243,207,
voyage-itineraires,Packr,京东,,,246,174,
voyage-itineraires,Packr,get you guide,,84,204,175,
voyage-itineraires,Packr,恋与深空,,,184,179,
voyage-itineraires,Packr,大師,,71,249,82,
voyage-itineraires,Packr,- [ ] packing list,,40,225,20,
voyage-itineraires,Packr,- [ ] packing checklist,,44,238,3,
voyage-itineraires,Packr,pro list,,87,241,18,
voyage-itineraires,Packr,trip[ planner,,,215,30,
voyage-itineraires,Packr,camper trip planner,,,237,27,
voyage-itineraires,Packr,packing list maker,,,248,3,
voyage-itineraires,Packr,travel list maker,,40,242,11,
voyage-itineraires,Packr,travel applications,,82,246,225,
voyage-itineraires,Packr,minimalist packing list,,,201,6,
voyage-itineraires,Packr,packinglest,,,212,1,
voyage-itineraires,Packr,travel complate,,40,249,69,
voyage-itineraires,Packr,airfare organizer,,,222,104,
voyage-itineraires,Packr,punch list helper,,,216,9,
voyage-itineraires,Packr,packing list==',,,228,7,
voyage-itineraires,Packr,trip planner: checklist,,,245,24,
voyage-itineraires,Packr,travel checklist: packing,,,244,3,
voyage-itineraires,Packr,travel checklist assistant,,,245,88,
voyage-itineraires,Packr,nevermiss-ai packing checklist,,,244,13,
voyage-itineraires,Packr,packing list - luggy,,,245,34,
voyage-itineraires,Packr,packing list: round trip,,,235,3,
voyage-itineraires,Packr,packlist - travel organizer,,,249,7,
voyage-itineraires,Packr,packwork: smart packing list,,,247,49,
voyage-itineraires,Packr,packing list: trip checklist,,,237,1,
voyage-itineraires,Packr,飞猪,,,250,61,
voyage-itineraires,Packr,去哪儿旅行,,,250,58,
voyage-itineraires,PackPoint,groupon,69,33,249,30,10.17
voyage-itineraires,PackPoint,jetblue,67,79,249,39,9.26
voyage-itineraires,PackPoint,booksy,67,96,249,36,9.44
voyage-itineraires,PackPoint,figuritas,62,65,247,76,7.41
voyage-itineraires,PackPoint,skyscanner,61,32,250,145,6.44
voyage-itineraires,PackPoint,hilton,61,70,248,79,7.23
voyage-itineraires,PackPoint,viator,60,36,249,32,8.70
voyage-itineraires,PackPoint,trivago,60,82,250,41,8.20
voyage-itineraires,PackPoint,agoda,59,80,250,33,8.49
voyage-itineraires,PackPoint,ハピタス,59,72,189,9,12.45
voyage-itineraires,PackPoint,trip advisor,58,67,250,85,6.78
voyage-itineraires,PackPoint,cnn,58,92,246,129,6.26
voyage-itineraires,PackPoint,wanderlog,58,86,249,8,12.78
voyage-itineraires,PackPoint,whats,57,92,240,97,6.49
voyage-itineraires,PackPoint,ポイント,56,76,250,85,6.54
voyage-itineraires,PackPoint,coach outlet,56,91,250,48,7.38
voyage-itineraires,PackPoint,giftful,56,84,249,25,8.65
voyage-itineraires,PackPoint,whering,56,98,250,37,7.84
voyage-itineraires,PackPoint,trip,55,84,249,31,8.04
voyage-itineraires,PackPoint,voyage privé,55,52,250,23,8.68
voyage-itineraires,PackPoint,packs,55,84,250,69,6.70
voyage-itineraires,PackPoint,nomadtable,55,92,248,11,10.83
voyage-itineraires,PackPoint,travel,54,97,250,57,6.85
voyage-itineraires,PackPoint,hilton honors,53,71,249,26,8.10
voyage-itineraires,PackPoint,tripit,52,95,249,8,11.46
voyage-itineraires,PackPoint,cozi family organizer,52,72,250,109,5.79
voyage-itineraires,PackPoint,Unpacking,52,66,249,35,7.38
voyage-itineraires,PackPoint,anylist,50,77,249,71,6.06
voyage-itineraires,PackPoint,the washington post,50,92,248,22,7.99
voyage-itineraires,PackPoint,list,48,80,250,143,5.08
voyage-itineraires,PackPoint,tripadvisor,47,96,250,104,5.28
voyage-itineraires,PackPoint,skeepers,47,53,247,19,7.82
voyage-itineraires,PackPoint,shopping list,46,89,250,129,4.96
voyage-itineraires,PackPoint,outfit planner,46,72,248,125,4.99
voyage-itineraires,PackPoint,stylebook,46,80,250,70,5.59
voyage-itineraires,PackPoint,point,45,95,250,123,4.90
voyage-itineraires,PackPoint,couchsurfing,45,66,247,69,5.49
voyage-itineraires,PackPoint,triprank,44,82,239,64,5.45
voyage-itineraires,PackPoint,nomad table,43,81,246,47,5.70
voyage-itineraires,PackPoint,urlaub,41,74,247,35,5.82
voyage-itineraires,PackPoint,旅行記録,41,86,248,54,5.27
voyage-itineraires,PackPoint,melia,41,76,250,23,6.47
voyage-itineraires,PackPoint,tripbff,41,97,249,31,5.99
voyage-itineraires,PackPoint,airbnb mexico,40,27,249,89,4.63
voyage-itineraires,PackPoint,cnn weather,40,64,244,119,4.38
voyage-itineraires,PackPoint,zazzle,39,95,245,22,6.23
voyage-itineraires,PackPoint,메모위젯,39,76,250,153,4.08
voyage-itineraires,PackPoint,viajes,38,60,248,53,4.90
voyage-itineraires,PackPoint,remember,37,64,245,118,4.06
voyage-itineraires,PackPoint,post office travel money card,37,52,246,48,4.88
voyage-itineraires,PackPoint,shopkick,37,57,249,46,4.92
voyage-itineraires,PackPoint,urlaubsguru,36,51,248,19,5.99
voyage-itineraires,PackPoint,packers,36,94,250,8,7.93
voyage-itineraires,PackPoint,go paddling,34,91,249,17,5.84
voyage-itineraires,PackPoint,to do list gratuit,34,76,238,207,3.38
voyage-itineraires,PackPoint,rci,33,73,249,84,3.87
voyage-itineraires,PackPoint,pricelabs,32,12,209,9,6.75
voyage-itineraires,PackPoint,vacances,29,68,248,64,3.59
voyage-itineraires,PackPoint,journey planner,29,85,249,47,3.84
voyage-itineraires,PackPoint,packing list checklist,28,54,248,1,28.00
voyage-itineraires,PackPoint,整理,28,61,248,111,3.11
voyage-itineraires,PackPoint,spesa online,28,70,249,138,2.98
voyage-itineraires,PackPoint,la quinta hotel,27,94,249,37,3.78
voyage-itineraires,PackPoint,app organizer,26,91,250,165,2.68
voyage-itineraires,PackPoint,brochi,26,86,249,26,3.97
voyage-itineraires,PackPoint,oyo hotel,25,70,250,91,2.88
voyage-itineraires,PackPoint,free stuff finder,24,86,250,89,2.78
voyage-itineraires,PackPoint,travel freely,24,88,250,27,3.63
voyage-itineraires,PackPoint,doorlist,24,,205,8,5.29
voyage-itineraires,PackPoint,triplog mileage tracker log,23,76,246,81,2.71
voyage-itineraires,PackPoint,trip itinerary planner,23,93,249,19,3.83
voyage-itineraires,PackPoint,holiday planner,22,88,247,46,2.93
voyage-itineraires,PackPoint,feature,22,93,242,82,2.59
voyage-itineraires,PackPoint,closet organizer,21,59,246,121,2.29
voyage-itineraires,PackPoint,wardrobe planner,21,49,248,122,2.29
voyage-itineraires,PackPoint,points,19,95,250,60,2.39
voyage-itineraires,PackPoint,viaggio,19,88,249,61,2.38
voyage-itineraires,PackPoint,organizar,19,64,247,96,2.17
voyage-itineraires,PackPoint,petit potin,18,94,250,63,2.24
voyage-itineraires,PackPoint,holiday packing list,18,16,247,2,8.26
voyage-itineraires,PackPoint,lists,17,89,250,177,1.73
voyage-itineraires,PackPoint,poracci in viaggio,16,67,247,30,2.36
voyage-itineraires,PackPoint,dividi spese,16,78,247,87,1.86
voyage-itineraires,PackPoint,deposito bagagli,16,80,247,9,3.38
voyage-itineraires,PackPoint,hilton hotels,15,56,248,98,1.70
voyage-itineraires,PackPoint,last minute holidays,15,48,250,86,1.75
voyage-itineraires,PackPoint,cheap holidays,12,75,248,121,1.31
voyage-itineraires,PackPoint,smart trip app,12,89,250,83,1.41
voyage-itineraires,PackPoint,pik pak,12,,238,11,2.36
voyage-itineraires,PackPoint,lists to do,11,61,250,221,1.08
voyage-itineraires,PackPoint,ibis budget,10,79,201,194,1.00
voyage-itineraires,PackPoint,vacanze,10,78,249,54,1.28
voyage-itineraires,PackPoint,alle prospekte,10,80,250,24,1.56
voyage-itineraires,PackPoint,travel guide,9,90,250,153,0.94
voyage-itineraires,PackPoint,roadtrippers,9,89,250,13,1.68
voyage-itineraires,PackPoint,road trip planner,9,91,248,45,1.20
voyage-itineraires,PackPoint,checklist,9,81,250,135,0.96
voyage-itineraires,PackPoint,cnn news,9,87,248,138,0.96
voyage-itineraires,PackPoint,packing,9,72,221,1,9.00
voyage-itineraires,PackPoint,trip plans,9,89,249,59,1.13
voyage-itineraires,PackPoint,reiseplaner,9,94,248,22,1.44
voyage-itineraires,PackPoint,city planner,9,84,249,133,0.97
voyage-itineraires,PackPoint,urlaub timer,9,47,249,46,1.20
voyage-itineraires,PackPoint,fight list,9,95,250,60,1.13
voyage-itineraires,PackPoint,free items,9,70,229,49,1.18
voyage-itineraires,PackPoint,bagga calc,9,87,247,150,0.94
voyage-itineraires,PackPoint,plotline,9,,247,32,1.31
voyage-itineraires,PackPoint,check my trip,8,46,232,17,1.37
voyage-itineraires,PackPoint,travel tracker,8,91,249,132,0.86
voyage-itineraires,PackPoint,gift registry,8,56,250,169,0.82
voyage-itineraires,PackPoint,hvv,8,95,248,30,1.18
voyage-itineraires,PackPoint,travel itinerary planner,8,87,248,30,1.18
voyage-itineraires,PackPoint,backpack,8,74,246,73,0.96
voyage-itineraires,PackPoint,wish list,7,77,250,165,0.72
voyage-itineraires,PackPoint,check list,7,59,250,138,0.75
voyage-itineraires,PackPoint,tui app,7,75,250,95,0.80
voyage-itineraires,PackPoint,travelspend,7,84,250,28,1.05
voyage-itineraires,PackPoint,concept 2,7,94,250,21,1.13
voyage-itineraires,PackPoint,fightlist,7,86,250,16,1.22
voyage-itineraires,PackPoint,travel diary,7,91,249,82,0.82
voyage-itineraires,PackPoint,tripper,7,93,247,22,1.12
voyage-itineraires,PackPoint,party planner,7,89,249,190,0.71
voyage-itineraires,PackPoint,backloggd,7,52,249,50,0.91
voyage-itineraires,PackPoint,joyplan,7,63,248,92,0.81
voyage-itineraires,PackPoint,organize,6,77,250,132,0.64
voyage-itineraires,PackPoint,trip planner,6,90,248,57,0.76
voyage-itineraires,PackPoint,to do list widget,6,64,250,167,0.62
voyage-itineraires,PackPoint,vacation countdown app,6,62,249,44,0.81
voyage-itineraires,PackPoint,postit,6,54,247,109,0.67
voyage-itineraires,PackPoint,christmas list,6,55,248,125,0.65
voyage-itineraires,PackPoint,trip tracker,6,81,249,134,0.64
voyage-itineraires,PackPoint,care planner,6,74,236,179,0.61
voyage-itineraires,PackPoint,bikepacking,6,89,247,119,0.66
voyage-itineraires,PackPoint,tier list maker,6,72,249,69,0.73
voyage-itineraires,PackPoint,smart trip,6,91,249,24,0.94
voyage-itineraires,PackPoint,discount travel,5,94,248,65,0.62
voyage-itineraires,PackPoint,holiday destinations,5,95,249,111,0.55
voyage-itineraires,PackPoint,last minute hotel deals,5,49,250,120,0.55
voyage-itineraires,PackPoint,last minute travel,5,15,250,67,0.61
voyage-itineraires,PackPoint,packaging,5,31,245,13,0.93
voyage-itineraires,PackPoint,pendant,5,63,249,112,0.55
voyage-itineraires,PackPoint,places to travel,5,86,250,98,0.57
voyage-itineraires,PackPoint,time travel,5,69,248,110,0.56
voyage-itineraires,PackPoint,travel advisor,5,67,249,126,0.54
voyage-itineraires,PackPoint,travel apps,5,93,250,64,0.62
voyage-itineraires,PackPoint,travel channel,5,75,249,82,0.59
voyage-itineraires,PackPoint,travel deals,5,61,250,66,0.62
voyage-itineraires,PackPoint,travel destinations,5,91,248,91,0.58
voyage-itineraires,PackPoint,travel gifts,5,86,249,10,1.02
voyage-itineraires,PackPoint,travel packages,5,46,249,27,0.76
voyage-itineraires,PackPoint,vacation packages,5,65,249,23,0.79
voyage-itineraires,PackPoint,trip planning,5,82,250,36,0.70
voyage-itineraires,PackPoint,bahamas vacation,5,70,250,25,0.77
voyage-itineraires,PackPoint,traveling,5,70,250,58,0.63
voyage-itineraires,PackPoint,free travel apps,5,95,249,64,0.62
voyage-itineraires,PackPoint,cheap vacation,5,57,249,73,0.60
voyage-itineraires,PackPoint,prezi,5,89,249,110,0.56
voyage-itineraires,PackPoint,trip budget,5,56,249,90,0.58
voyage-itineraires,PackPoint,group travel,5,97,250,97,0.57
voyage-itineraires,PackPoint,to do checklist,5,64,250,126,0.54
voyage-itineraires,PackPoint,the list app,5,54,234,65,0.62
voyage-itineraires,PackPoint,checklist app,5,63,250,201,0.50
voyage-itineraires,PackPoint,any list,5,61,245,82,0.59
voyage-itineraires,PackPoint,anydo,5,47,248,118,0.55
voyage-itineraires,PackPoint,free to do list,5,76,249,215,0.49
voyage-itineraires,PackPoint,things to do list,5,61,249,216,0.49
voyage-itineraires,PackPoint,set list maker,5,66,248,108,0.56
voyage-itineraires,PackPoint,moving checklist,5,68,249,13,0.93
voyage-itineraires,PackPoint,punch list,5,30,249,37,0.70
voyage-itineraires,PackPoint,planner organizer,5,70,249,216,0.49
voyage-itineraires,PackPoint,cozi,5,89,250,84,0.59
voyage-itineraires,PackPoint,planner pro,5,52,242,155,0.52
voyage-itineraires,PackPoint,trippy,5,31,247,60,0.63
voyage-itineraires,PackPoint,bag,5,60,246,151,0.52
voyage-itineraires,PackPoint,travel buddy,5,89,247,67,0.61
voyage-itineraires,PackPoint,shopping list app,5,80,243,102,0.56
voyage-itineraires,PackPoint,shared list,5,86,250,183,0.51
voyage-itineraires,PackPoint,free things,5,53,250,74,0.60
voyage-itineraires,PackPoint,travel expense,5,97,250,42,0.68
voyage-itineraires,PackPoint,family organizer,5,83,250,190,0.50
voyage-itineraires,PackPoint,packing list,5,66,245,1,5.00
voyage-itineraires,PackPoint,pack,5,91,250,11,0.98
voyage-itineraires,PackPoint,travel packing checklist,5,36,250,1,5.00
voyage-itineraires,PackPoint,travel list,5,76,250,2,2.29
voyage-itineraires,PackPoint,camping checklist,5,62,245,13,0.93
voyage-itineraires,PackPoint,packing list app,5,53,248,1,5.00
voyage-itineraires,PackPoint,packing checklist,5,57,247,1,5.00
voyage-itineraires,PackPoint,traveler app,5,74,248,110,0.56
voyage-itineraires,PackPoint,listia,5,52,245,71,0.61
voyage-itineraires,PackPoint,what if,5,92,248,178,0.51
voyage-itineraires,PackPoint,trip app,5,74,245,39,0.69
voyage-itineraires,PackPoint,reise app,5,76,248,74,0.60
voyage-itineraires,PackPoint,holiday deals,5,74,248,93,0.57
voyage-itineraires,PackPoint,planificateur de voyage,5,80,250,22,0.80
voyage-itineraires,PackPoint,travel countdown,5,57,248,99,0.57
voyage-itineraires,PackPoint,skipthedishes courier,5,,247,114,0.55
voyage-itineraires,PackPoint,city travel,5,88,249,114,0.55
voyage-itineraires,PackPoint,travel expenses,5,90,249,77,0.60
voyage-itineraires,PackPoint,reiseplanung,5,81,245,32,0.73
voyage-itineraires,PackPoint,travel expense tracker,5,93,249,94,0.57
voyage-itineraires,PackPoint,holiday budget,5,51,249,66,0.62
voyage-itineraires,PackPoint,urlaubskasse,5,18,209,10,1.02
voyage-itineraires,PackPoint,trip log,5,92,249,102,0.56
voyage-itineraires,PackPoint,pureple outfit planner,5,53,245,91,0.58
voyage-itineraires,PackPoint,ipad rentals near me,5,53,249,120,0.55
voyage-itineraires,PackPoint,how much does it cost to rent an ipad,5,58,247,56,0.64
voyage-itineraires,PackPoint,travel log,5,94,249,55,0.64
voyage-itineraires,PackPoint,traveling games,5,49,223,154,0.52
voyage-itineraires,PackPoint,flylady,5,84,250,23,0.79
voyage-itineraires,PackPoint,phone organizer,5,100,250,157,0.52
voyage-itineraires,PackPoint,check off list,5,53,250,113,0.55
voyage-itineraires,PackPoint,urlaubstage,5,45,248,83,0.59
voyage-itineraires,PackPoint,franklin covey planner,5,75,240,46,0.67
voyage-itineraires,PackPoint,listes,5,85,250,62,0.62
voyage-itineraires,PackPoint,estimate to go,5,82,250,50,0.65
voyage-itineraires,PackPoint,urlaubs,5,80,250,69,0.61
voyage-itineraires,PackPoint,travel schedule,5,94,250,35,0.71
voyage-itineraires,PackPoint,the fly lady,5,79,247,107,0.56
voyage-itineraires,PackPoint,simple planner,5,28,249,164,0.52
voyage-itineraires,PackPoint,rv trip planner,5,87,250,93,0.57
voyage-itineraires,PackPoint,ride planner,5,75,250,148,0.53
voyage-itineraires,PackPoint,roadtrip planer,5,84,248,90,0.58
voyage-itineraires,PackPoint,road trip planer,5,93,249,107,0.56
voyage-itineraires,PackPoint,distribution list,5,77,250,79,0.59
voyage-itineraires,PackPoint,reisplanner,5,92,249,61,0.63
voyage-itineraires,PackPoint,планировщик,5,77,250,128,0.54
voyage-itineraires,PackPoint,dealabs,5,82,247,42,0.68
voyage-itineraires,PackPoint,combyne,5,83,250,32,0.73
voyage-itineraires,PackPoint,road trip map planner,5,83,250,95,0.57
voyage-itineraires,PackPoint,post planner,5,56,245,136,0.53
voyage-itineraires,PackPoint,kids to do list,5,50,236,220,0.49
voyage-itineraires,PackPoint,post-it,5,58,248,138,0.53
voyage-itineraires,PackPoint,free checklist,5,61,249,146,0.53
voyage-itineraires,PackPoint,lastminute,5,72,250,57,0.63
voyage-itineraires,PackPoint,shoping list,5,88,250,120,0.55
voyage-itineraires,PackPoint,mypoints,5,98,248,104,0.56
voyage-itineraires,PackPoint,trip budget planner,5,81,249,75,0.60
voyage-itineraires,PackPoint,checklist widget,5,61,250,131,0.54
voyage-itineraires,PackPoint,date planner,5,78,250,142,0.53
voyage-itineraires,PackPoint,wedding checklist and planner,5,,245,122,0.55
voyage-itineraires,PackPoint,free shopping list,5,91,249,113,0.55
voyage-itineraires,PackPoint,backpacker,5,84,250,19,0.83
voyage-itineraires,PackPoint,shopping list maker,5,81,250,124,0.54
voyage-itineraires,PackPoint,gift list,5,60,248,125,0.54
voyage-itineraires,PackPoint,スケジュール帳,5,33,232,177,0.51
voyage-itineraires,PackPoint,present list,5,70,250,103,0.56
voyage-itineraires,PackPoint,comparateur,5,88,250,74,0.60
voyage-itineraires,PackPoint,price list maker,5,,247,36,0.70
voyage-itineraires,PackPoint,urlaubspiraten,5,28,216,59,0.63
voyage-itineraires,PackPoint,timetable planner,5,78,250,203,0.50
voyage-itineraires,PackPoint,trip cost calculator,5,74,246,86,0.58
voyage-itineraires,PackPoint,organize articles,5,72,248,170,0.51
voyage-itineraires,PackPoint,gift planner,5,49,242,120,0.55
voyage-itineraires,PackPoint,free stuff by mail free shipping,5,70,249,63,0.62
voyage-itineraires,PackPoint,organize home,5,93,250,102,0.56
voyage-itineraires,PackPoint,trip expense,5,69,249,61,0.63
voyage-itineraires,PackPoint,trip planner app,5,88,250,51,0.65
voyage-itineraires,PackPoint,done list,5,79,250,136,0.53
voyage-itineraires,PackPoint,packing list for a trip,5,,249,1,5.00
voyage-itineraires,PackPoint,travel photo,5,81,241,73,0.60
voyage-itineraires,PackPoint,things to do near me,5,82,250,8,1.10
voyage-itineraires,PackPoint,create wishlist,5,54,248,125,0.54
voyage-itineraires,PackPoint,wishlist app,5,52,248,110,0.56
voyage-itineraires,PackPoint,bucket list app,5,52,249,37,0.70
voyage-itineraires,PackPoint,group travel planner,5,95,249,34,0.71
voyage-itineraires,PackPoint,grocery list organizer,5,77,249,127,0.54
voyage-itineraires,PackPoint,Shared lists,5,72,250,156,0.52
voyage-itineraires,PackPoint,Shared planner,5,56,249,159,0.52
voyage-itineraires,PackPoint,moving planner,5,,250,15,0.89
voyage-itineraires,PackPoint,free items free shipping,5,70,250,44,0.67
voyage-itineraires,PackPoint,trip organizer,5,83,249,22,0.80
voyage-itineraires,PackPoint,itinerary builder,5,94,250,30,0.74
voyage-itineraires,PackPoint,shopping liste,5,95,250,63,0.62
voyage-itineraires,PackPoint,список покупок виджет,5,72,248,52,0.65
voyage-itineraires,PackPoint,список вещей в поездку,5,70,248,1,5.00
voyage-itineraires,PackPoint,vacation expense tracker,5,90,250,54,0.64
voyage-itineraires,PackPoint,пешие маршруты,5,94,250,125,0.54
voyage-itineraires,PackPoint,список покупок и дел,5,86,250,96,0.57
voyage-itineraires,PackPoint,geschenke app,5,72,246,29,0.74
voyage-itineraires,PackPoint,business checklist,5,81,249,99,0.57
voyage-itineraires,PackPoint,love it or list it,5,96,249,105,0.56
voyage-itineraires,PackPoint,coster,5,84,248,74,0.60
voyage-itineraires,PackPoint,izi.travel,5,85,250,73,0.60
voyage-itineraires,PackPoint,urlaub planen,5,94,247,15,0.89
voyage-itineraires,PackPoint,geschenkeplaner,5,34,240,13,0.93
voyage-itineraires,PackPoint,vacanza,5,89,249,52,0.65
voyage-itineraires,PackPoint,travel budget tracker,5,93,248,85,0.58
voyage-itineraires,PackPoint,tour planner app,5,70,250,71,0.61
voyage-itineraires,PackPoint,pillpack,5,47,247,5,1.34
voyage-itineraires,PackPoint,last minute urlaub,5,70,250,37,0.70
voyage-itineraires,PackPoint,tポイント,5,91,239,93,0.57
voyage-itineraires,PackPoint,poulpeo,5,72,248,38,0.70
voyage-itineraires,PackPoint,dポイント,5,87,218,112,0.55
voyage-itineraires,PackPoint,bill payment organizer free,5,76,250,169,0.51
voyage-itineraires,PackPoint,足迹,5,69,247,101,0.56
voyage-itineraires,PackPoint,kurzurlaub,5,90,249,81,0.59
voyage-itineraires,PackPoint,cnn us,5,78,247,137,0.53
voyage-itineraires,PackPoint,cnn world,5,78,247,75,0.60
voyage-itineraires,PackPoint,simple checklist,5,72,249,149,0.53
voyage-itineraires,PackPoint,viajes esqui,5,53,248,53,0.64
voyage-itineraires,PackPoint,last minute deals,5,74,248,47,0.66
voyage-itineraires,PackPoint,cheap motels near me,5,57,250,133,0.54
voyage-itineraires,PackPoint,any list app,5,,250,129,0.54
voyage-itineraires,PackPoint,idea organizer,5,64,248,127,0.54
voyage-itineraires,PackPoint,リスト,5,81,250,75,0.60
voyage-itineraires,PackPoint,roster maker,5,50,250,145,0.53
voyage-itineraires,PackPoint,last minute hotel booking app,5,65,249,140,0.53
voyage-itineraires,PackPoint,share shopping list,5,81,250,114,0.55
voyage-itineraires,PackPoint,handy app urlaub,5,70,205,56,0.64
voyage-itineraires,PackPoint,city trip planner,5,89,249,95,0.57
voyage-itineraires,PackPoint,last minute flight booking app,5,46,250,192,0.50
voyage-itineraires,PackPoint,pulpeo,5,70,208,29,0.74
voyage-itineraires,PackPoint,rv road trip planner,5,,250,95,0.57
voyage-itineraires,PackPoint,organize time,5,57,249,179,0.51
voyage-itineraires,PackPoint,check-lists,5,77,250,160,0.52
voyage-itineraires,PackPoint,liste de reserves,5,64,248,56,0.64
voyage-itineraires,PackPoint,grocery list maker,5,79,248,137,0.53
voyage-itineraires,PackPoint,Travel Girls,5,83,250,99,0.57
voyage-itineraires,PackPoint,reiseplaner app,5,93,249,31,0.73
voyage-itineraires,PackPoint,get organized,5,81,249,119,0.55
voyage-itineraires,PackPoint,free points,5,57,249,162,0.52
voyage-itineraires,PackPoint,freebies app,5,93,246,78,0.59
voyage-itineraires,PackPoint,pack list,5,48,249,1,5.00
voyage-itineraires,PackPoint,liste de réserves,5,47,249,8,1.10
voyage-itineraires,PackPoint,旅行 プラン,5,95,249,69,0.61
voyage-itineraires,PackPoint,shared grocery list app,5,80,250,127,0.54
voyage-itineraires,PackPoint,free stuff uk,5,53,249,68,0.61
voyage-itineraires,PackPoint,free stuff app free shipping,5,75,248,99,0.57
voyage-itineraires,PackPoint,free items app,5,87,212,55,0.64
voyage-itineraires,PackPoint,twitter post,5,77,250,64,0.62
voyage-itineraires,PackPoint,free stuff near me,5,70,250,111,0.55
voyage-itineraires,PackPoint,free stuff finder app,5,80,250,22,0.80
voyage-itineraires,PackPoint,twitter tools,5,79,244,117,0.55
voyage-itineraires,PackPoint,organized,5,68,250,121,0.55
voyage-itineraires,PackPoint,journy,5,64,243,123,0.54
voyage-itineraires,PackPoint,fotokarten,5,44,248,91,0.58
voyage-itineraires,PackPoint,loko,5,,250,107,0.56
voyage-itineraires,PackPoint,itinerary maker,5,91,249,36,0.70
voyage-itineraires,PackPoint,travel help,5,70,250,116,0.55
voyage-itineraires,PackPoint,marcopolo,5,95,249,84,0.59
voyage-itineraires,PackPoint,guest list,5,94,249,42,0.68
voyage-itineraires,PackPoint,roadside attractions,5,95,250,67,0.61
voyage-itineraires,PackPoint,preisalarm für amazon,5,90,211,33,0.72
voyage-itineraires,PackPoint,get free stuff,5,77,249,113,0.55
voyage-itineraires,PackPoint,travel budget planner,5,88,249,44,0.67
voyage-itineraires,PackPoint,moving organizer,5,52,249,14,0.91
voyage-itineraires,PackPoint,make up organizer,5,53,250,117,0.55
voyage-itineraires,PackPoint,product organizer,5,60,250,119,0.55
voyage-itineraires,PackPoint,product organizor,5,80,248,119,0.55
voyage-itineraires,PackPoint,makeup organizer,5,71,250,60,0.63
voyage-itineraires,PackPoint,home organizer,5,84,248,129,0.54
voyage-itineraires,PackPoint,travel mile tracker,5,86,249,180,0.51
voyage-itineraires,PackPoint,free planner app,5,56,250,229,0.49
voyage-itineraires,PackPoint,travel album,5,94,248,30,0.74
voyage-itineraires,PackPoint,trip calculator,5,74,250,128,0.54
voyage-itineraires,PackPoint,trip tracking,5,77,250,137,0.53
voyage-itineraires,PackPoint,freestuff,5,35,243,44,0.67
voyage-itineraires,PackPoint,poolpeo,5,17,190,11,0.98
voyage-itineraires,PackPoint,vacation budget,5,87,248,23,0.79
voyage-itineraires,PackPoint,reiseroute planen,5,77,249,124,0.54
voyage-itineraires,PackPoint,航空邮件,5,92,245,127,0.54
voyage-itineraires,PackPoint,travel english,5,62,237,217,0.49
voyage-itineraires,PackPoint,peace sign,5,75,239,99,0.57
voyage-itineraires,PackPoint,lista zakupow,5,62,236,95,0.57
voyage-itineraires,PackPoint,packed lunch,5,75,250,47,0.66
voyage-itineraires,PackPoint,जिओ सावन,5,100,250,45,0.67
voyage-itineraires,PackPoint,списък за пазаруване,5,93,249,59,0.63
voyage-itineraires,PackPoint,featured app,5,89,229,129,0.54
voyage-itineraires,PackPoint,free stuff app near me,5,98,250,94,0.57
voyage-itineraires,PackPoint,旅行 すけじゅーる,5,93,250,16,0.87
voyage-itineraires,PackPoint,旅行 スケジュール,5,84,250,25,0.77
voyage-itineraires,PackPoint,itemize,5,78,244,65,0.62
voyage-itineraires,PackPoint,smart list,5,25,222,66,0.62
voyage-itineraires,PackPoint,friend organizer,5,65,250,116,0.55
voyage-itineraires,PackPoint,intelligente einkaufsliste,5,89,249,68,0.61
voyage-itineraires,PackPoint,freunde to do liste,5,48,250,165,0.52
voyage-itineraires,PackPoint,freunde to do list,5,54,248,146,0.53
voyage-itineraires,PackPoint,familie to do list,5,66,248,128,0.54
voyage-itineraires,PackPoint,familie list,5,79,249,101,0.56
voyage-itineraires,PackPoint,familie liste,5,78,249,212,0.49
voyage-itineraires,PackPoint,einkaufsliste wg,5,63,250,38,0.70
voyage-itineraires,PackPoint,squadapp,5,92,240,24,0.78
voyage-itineraires,PackPoint,create lists,5,83,250,140,0.53
voyage-itineraires,PackPoint,kosten und,5,82,247,118,0.55
voyage-itineraires,PackPoint,ausgaben zu,5,93,249,166,0.52
voyage-itineraires,PackPoint,änderungen an,5,70,250,105,0.56
voyage-itineraires,PackPoint,frais professionnels,5,86,247,67,0.61
voyage-itineraires,PackPoint,reisinformatie,5,53,248,116,0.55
voyage-itineraires,PackPoint,kaartje,5,57,248,82,0.59
voyage-itineraires,PackPoint,trip notebook,5,94,248,108,0.56
voyage-itineraires,PackPoint,trip proof of delivery,5,86,249,97,0.57
voyage-itineraires,PackPoint,smarte einkaufsliste,5,79,247,149,0.53
voyage-itineraires,PackPoint,einkaufsliste de,5,69,216,201,0.50
voyage-itineraires,PackPoint,guardar,5,94,249,103,0.56
voyage-itineraires,PackPoint,список дел,5,83,247,83,0.59
voyage-itineraires,PackPoint,dollar general penny finder,5,88,247,31,0.73
voyage-itineraires,PackPoint,trip rain,5,76,249,171,0.51
voyage-itineraires,PackPoint,repeating checklist,5,53,250,112,0.55
voyage-itineraires,PackPoint,påminning,5,24,226,31,0.73
voyage-itineraires,PackPoint,påminne,5,36,247,21,0.81
voyage-itineraires,PackPoint,planifier,5,78,249,124,0.54
voyage-itineraires,PackPoint,durumunda,5,85,248,96,0.57
voyage-itineraires,PackPoint,Gestione Spesa,5,80,246,143,0.53
voyage-itineraires,PackPoint,агрегатор,5,92,250,36,0.70
voyage-itineraires,PackPoint,lightpack,5,62,246,7,1.16
voyage-itineraires,PackPoint,trip khata,5,56,245,172,0.51
voyage-itineraires,PackPoint,tasks list,5,79,250,219,0.49
voyage-itineraires,PackPoint,bucketlist,5,52,250,46,0.67
voyage-itineraires,PackPoint,travel & local,5,75,250,126,0.54
voyage-itineraires,PackPoint,wishlist maker,5,52,247,111,0.55
voyage-itineraires,PackPoint,spray planning,5,53,248,125,0.54
voyage-itineraires,PackPoint,journey planner app,5,50,250,63,0.62
voyage-itineraires,PackPoint,trip planning app,5,48,250,25,0.77
voyage-itineraires,PackPoint,voyage photographie,5,29,249,154,0.52
voyage-itineraires,PackPoint,travel community,5,64,249,111,0.55
voyage-itineraires,PackPoint,hediye,5,72,243,40,0.69
voyage-itineraires,PackPoint,book organiser,5,56,250,163,0.52
voyage-itineraires,PackPoint,link fly free,5,33,238,124,0.54
voyage-itineraires,PackPoint,plan trips,5,78,250,32,0.73
voyage-itineraires,PackPoint,修学旅行,5,69,248,99,0.57
voyage-itineraires,PackPoint,规划,5,74,250,176,0.51
voyage-itineraires,PackPoint,安排,5,98,250,116,0.55
voyage-itineraires,PackPoint,viaggi unici,5,45,244,95,0.57
voyage-itineraires,PackPoint,vacanze esclusive,5,69,248,51,0.65
voyage-itineraires,PackPoint,यात्रा,5,55,250,46,0.67
voyage-itineraires,PackPoint,luggage storage,5,85,250,21,0.81
voyage-itineraires,PackPoint,us cnn,5,94,248,48,0.66
voyage-itineraires,PackPoint,daily cnn,5,81,244,159,0.52
voyage-itineraires,PackPoint,plan list,5,57,248,95,0.57
voyage-itineraires,PackPoint,check.list,5,74,250,136,0.53
voyage-itineraires,PackPoint,create list,5,79,250,116,0.55
voyage-itineraires,PackPoint,徒步旅行,5,70,245,190,0.50
voyage-itineraires,PackPoint,nownow coupons,5,97,247,40,0.69
voyage-itineraires,PackPoint,motorhome holiday,5,61,249,208,0.50
voyage-itineraires,PackPoint,best hostels,5,57,246,95,0.57
voyage-itineraires,PackPoint,Hostel comparison,5,32,246,131,0.54
voyage-itineraires,PackPoint,backpacer,5,59,249,3,1.74
voyage-itineraires,PackPoint,offerte vacanze,5,52,250,18,0.84
voyage-itineraires,PackPoint,home organize,5,93,250,169,0.51
voyage-itineraires,PackPoint,kataloge,5,83,250,57,0.63
voyage-itineraires,PackPoint,packa,5,90,248,1,5.00
voyage-itineraires,PackPoint,travel blogs - 50 places to see before you die,5,87,250,25,0.77
voyage-itineraires,PackPoint,jetblue trip,5,70,250,151,0.52
voyage-itineraires,PackPoint,last minute breaks,5,45,248,73,0.60
voyage-itineraires,PackPoint,bag2bag - book hotel by hours,5,70,249,129,0.54
voyage-itineraires,PackPoint,last minute .com,5,27,239,38,0.70
voyage-itineraires,PackPoint,cheap hotel tonight,5,20,250,96,0.57
voyage-itineraires,PackPoint,cheap hotels .com,5,70,249,140,0.53
voyage-itineraires,PackPoint,cheap motel near me,5,76,249,164,0.52
voyage-itineraires,PackPoint,oyo rooms near me,5,65,249,37,0.70
voyage-itineraires,PackPoint,parcel motel,5,79,241,109,0.56
voyage-itineraires,PackPoint,temptation cancun resort,5,21,214,25,0.77
voyage-itineraires,PackPoint,groupon hotel deals,5,45,248,98,0.57
voyage-itineraires,PackPoint,meliá · room booking,5,47,250,100,0.57
voyage-itineraires,PackPoint,agoda malaysia,5,47,250,35,0.71
voyage-itineraires,PackPoint,airbnb - vacation rentals & experiences,5,51,248,30,0.74
voyage-itineraires,PackPoint,bookenda,5,55,228,101,0.56
voyage-itineraires,PackPoint,cheap hotels – vacations,5,59,249,119,0.55
voyage-itineraires,PackPoint,cheap hotels tonight,5,59,249,100,0.57
voyage-itineraires,PackPoint,flamingo cancun resort,5,27,209,26,0.76
voyage-itineraires,PackPoint,hilton near me,5,61,250,68,0.61
voyage-itineraires,PackPoint,hotel hilton,5,53,249,102,0.56
voyage-itineraires,PackPoint,hotel package deals,5,75,250,62,0.62
voyage-itineraires,PackPoint,hotelcoupons.com travel app,5,53,250,41,0.68
voyage-itineraires,PackPoint,last minute all inclusive,5,47,248,42,0.68
voyage-itineraires,PackPoint,last minute flights and hotels app,5,59,249,193,0.50
voyage-itineraires,PackPoint,oyo hotel near me,5,70,250,129,0.54
voyage-itineraires,PackPoint,oyo near me,5,54,250,36,0.70
voyage-itineraires,PackPoint,resorts near me,5,59,249,119,0.55
voyage-itineraires,PackPoint,tablelist,5,48,242,62,0.62
voyage-itineraires,PackPoint,travelodge near me,5,74,250,73,0.60
voyage-itineraires,PackPoint,digital holiday cards,5,49,248,126,0.54
voyage-itineraires,PackPoint,旅行トラッカー,5,83,249,104,0.56
voyage-itineraires,PackPoint,alaska - travel guide,5,11,248,197,0.50
voyage-itineraires,PackPoint,katmai national park - usa,5,62,250,221,0.49
voyage-itineraires,PackPoint,packing list - lite,5,49,247,1,5.00
voyage-itineraires,PackPoint,alaska travel guide,5,11,248,198,0.50
voyage-itineraires,PackPoint,personal budget  shopping  to do  3 tools 1 app,5,97,248,138,0.53
voyage-itineraires,PackPoint,world budget travel,5,47,250,39,0.69
voyage-itineraires,PackPoint,race split planner,5,0,230,92,0.58
voyage-itineraires,PackPoint,marcopolo viaggi (kindle tablet edition),5,98,250,24,0.78
voyage-itineraires,PackPoint,tips to get ready for foreign trip,5,94,250,130,0.54
voyage-itineraires,PackPoint,plenty waka,5,86,250,159,0.52
voyage-itineraires,PackPoint,and post,5,94,231,109,0.56
voyage-itineraires,PackPoint,cardpointer,5,56,217,73,0.60
voyage-itineraires,PackPoint,טיולים,5,91,249,61,0.63
voyage-itineraires,PackPoint,wohnmobilstellplatz,5,46,248,116,0.55
voyage-itineraires,PackPoint,wohnwagenstellplatz,5,36,246,48,0.66
voyage-itineraires,PackPoint,flüssigkeitsbedarf check,5,84,249,125,0.54
voyage-itineraires,PackPoint,пеший поход,5,81,248,94,0.57
voyage-itineraires,PackPoint,vakantieboek maken,5,47,248,45,0.67
voyage-itineraires,PackPoint,fotoleinwand günstig,5,83,218,78,0.59
voyage-itineraires,PackPoint,lastminute.com,5,74,250,52,0.65
voyage-itineraires,PackPoint,travel recommendation,5,93,250,30,0.74
voyage-itineraires,PackPoint,горные тропы,5,91,245,169,0.51
voyage-itineraires,PackPoint,travel costs,5,74,250,26,0.76
voyage-itineraires,PackPoint,urlaub widget,5,88,250,30,0.74
voyage-itineraires,PackPoint,twitter followers widget,5,100,250,96,0.57
voyage-itineraires,PackPoint,loty,5,46,245,142,0.53
voyage-itineraires,PackPoint,cold therapy,5,49,250,137,0.53
voyage-itineraires,PackPoint,チップ,5,83,221,95,0.57
voyage-itineraires,PackPoint,local recommendations,5,75,249,94,0.57
voyage-itineraires,PackPoint,travel recommendations,5,92,250,44,0.67
voyage-itineraires,PackPoint,london journey planner,5,72,249,100,0.57
voyage-itineraires,PackPoint,closet planner,5,63,247,118,0.55
voyage-itineraires,PackPoint,bullet journayl,5,91,245,218,0.49
voyage-itineraires,PackPoint,clothing planner,5,75,249,131,0.54
voyage-itineraires,PackPoint,wycieczki,5,92,247,54,0.64
voyage-itineraires,PackPoint,koppel,5,47,248,103,0.56
voyage-itineraires,PackPoint,koppels,5,76,248,153,0.52
voyage-itineraires,PackPoint,item database,5,70,249,155,0.52
voyage-itineraires,PackPoint,template visitenkarte,5,20,249,59,0.63
voyage-itineraires,PackPoint,visitekaartjes,5,98,248,41,0.68
voyage-itineraires,PackPoint,Scrapbook App,5,96,250,156,0.52
voyage-itineraires,PackPoint,item list,5,82,226,122,0.55
voyage-itineraires,PackPoint,family scrapbook,5,70,249,115,0.55
voyage-itineraires,PackPoint,travelog,5,87,242,164,0.52
voyage-itineraires,PackPoint,check lists,5,80,250,183,0.51
voyage-itineraires,PackPoint,organizer to do list & planner,5,78,250,153,0.52
voyage-itineraires,PackPoint,lista de verificación,5,78,250,137,0.53
voyage-itineraires,PackPoint,record list,5,75,250,149,0.53
voyage-itineraires,PackPoint,Smart Tasks - Lists Made Easy,5,77,250,132,0.54
voyage-itineraires,PackPoint,list builder,5,79,250,190,0.50
voyage-itineraires,PackPoint,panta på,5,95,249,32,0.73
voyage-itineraires,PackPoint,freestufffinder,5,78,249,76,0.60
voyage-itineraires,PackPoint,get free stuff by mail,5,35,248,195,0.50
voyage-itineraires,PackPoint,free samples free shipping,5,69,249,50,0.65
voyage-itineraires,PackPoint,get free stuff with free shipping,5,70,250,83,0.59
voyage-itineraires,PackPoint,free things and free shipping,5,88,248,121,0.55
voyage-itineraires,PackPoint,freebies get free stuff by mail,5,47,248,90,0.58
voyage-itineraires,PackPoint,freebies.com,5,68,248,108,0.56
voyage-itineraires,PackPoint,daily goodie box,5,91,249,5,1.34
voyage-itineraires,PackPoint,goodie box,5,87,246,14,0.91
voyage-itineraires,PackPoint,free goodie boxes,5,87,250,97,0.57
voyage-itineraires,PackPoint,get free things,5,61,237,96,0.57
voyage-itineraires,PackPoint,get stuff for free,5,70,249,91,0.58
voyage-itineraires,PackPoint,buy free stuff,5,52,249,109,0.56
voyage-itineraires,PackPoint,free stuff apps near me,5,84,241,145,0.53
voyage-itineraires,PackPoint,freestuff apps,5,76,248,95,0.57
voyage-itineraires,PackPoint,get free stuff app,5,29,243,150,0.52
voyage-itineraires,PackPoint,free things app,5,33,247,97,0.57
voyage-itineraires,PackPoint,free products for review,5,78,239,154,0.52
voyage-itineraires,PackPoint,stuff free,5,27,230,104,0.56
voyage-itineraires,PackPoint,get free things app,5,23,217,168,0.51
voyage-itineraires,PackPoint,gratsy box,5,17,209,12,0.96
voyage-itineraires,PackPoint,freestufffinder app,5,75,249,74,0.60
voyage-itineraires,PackPoint,get anything for free,5,36,241,204,0.50
voyage-itineraires,PackPoint,find free stuff near me,5,70,248,178,0.51
voyage-itineraires,PackPoint,free stuff apps,5,43,241,75,0.60
voyage-itineraires,PackPoint,apps to get free stuff,5,77,244,118,0.55
voyage-itineraires,PackPoint,free stuff alerts app,5,92,247,21,0.81
voyage-itineraires,PackPoint,cosas gratis,5,71,220,77,0.60
voyage-itineraires,PackPoint,local free stuff apps,5,96,248,73,0.60
voyage-itineraires,PackPoint,freestuff.com,5,70,249,71,0.61
voyage-itineraires,PackPoint,free items near me,5,91,240,57,0.63
voyage-itineraires,PackPoint,free stuff near me app,5,91,249,121,0.55
voyage-itineraires,PackPoint,curb alert free stuff,5,91,250,56,0.64
voyage-itineraires,PackPoint,free things near me,5,36,242,17,0.86
voyage-itineraires,PackPoint,curb alert app,5,97,250,49,0.66
voyage-itineraires,PackPoint,free stuff app uk,5,46,249,65,0.62
voyage-itineraires,PackPoint,free local items,5,98,250,149,0.53
voyage-itineraires,PackPoint,freestufftimes,5,20,231,43,0.68
voyage-itineraires,PackPoint,listia buy. sell. free stuff,5,89,242,78,0.59
voyage-itineraires,PackPoint,ipsy glam bag app for android,5,91,240,67,0.61
voyage-itineraires,PackPoint,item keep,5,83,250,32,0.73
voyage-itineraires,PackPoint,lange reizen,5,53,250,141,0.53
voyage-itineraires,PackPoint,travel plannẻ,5,84,246,53,0.64
voyage-itineraires,PackPoint,lista free stuff,5,100,249,56,0.64
voyage-itineraires,PackPoint,free stuffapp,5,28,232,104,0.56
voyage-itineraires,PackPoint,freebie stuff,5,74,246,200,0.50
voyage-itineraires,PackPoint,go hawaii,5,45,247,142,0.53
voyage-itineraires,PackPoint,to do list f,5,51,247,194,0.50
voyage-itineraires,PackPoint,item organizer,5,60,248,79,0.59
voyage-itineraires,PackPoint,urlaube,5,69,250,103,0.56
voyage-itineraires,PackPoint,indkøbslister,5,89,250,119,0.55
voyage-itineraires,PackPoint,things organizer,5,74,249,126,0.54
voyage-itineraires,PackPoint,stuff organizer,5,77,250,125,0.54
voyage-itineraires,PackPoint,prenotazione,5,93,426,83,0.59
voyage-itineraires,PackPoint,swipe list,5,70,250,23,0.79
voyage-itineraires,PackPoint,planlama,5,59,249,150,0.52
voyage-itineraires,PackPoint,tatil,5,89,248,146,0.53
voyage-itineraires,PackPoint,alltrails hike,5,57,249,69,0.61
voyage-itineraires,PackPoint,travel hacks,5,93,250,134,0.54
voyage-itineraires,PackPoint,travel hacking,5,69,250,115,0.55
voyage-itineraires,PackPoint,award travel,5,70,248,188,0.50
voyage-itineraires,PackPoint,verjaardag vakantie,5,52,248,15,0.89
voyage-itineraires,PackPoint,poin,5,91,244,78,0.59
voyage-itineraires,PackPoint,event urlaub,5,53,250,97,0.57
voyage-itineraires,PackPoint,urlaub weihnachten,5,52,250,47,0.66
voyage-itineraires,PackPoint,getwardrobe,5,77,250,50,0.65
voyage-itineraires,PackPoint,organize collection,5,89,248,74,0.60
voyage-itineraires,PackPoint,couple list,5,82,249,153,0.52
voyage-itineraires,PackPoint,預訂,5,44,249,18,0.84
voyage-itineraires,PackPoint,tageszähler urlaubs,5,53,248,73,0.60
voyage-itineraires,PackPoint,travel for kids,5,20,232,85,0.58
voyage-itineraires,PackPoint,free list app,5,76,250,98,0.57
voyage-itineraires,PackPoint,散步 记录,5,61,250,39,0.69
voyage-itineraires,PackPoint,cruise packing list,5,46,248,1,5.00
voyage-itineraires,PackPoint,expenses travel,5,92,250,86,0.58
voyage-itineraires,PackPoint,smart lists,5,74,250,213,0.49
voyage-itineraires,PackPoint,Track your book,5,10,250,122,0.55
voyage-itineraires,PackPoint,checklist free,5,76,250,153,0.52
voyage-itineraires,PackPoint,shared list grocery shopping,5,78,250,132,0.54
voyage-itineraires,PackPoint,widgetpal,5,80,228,105,0.56
voyage-itineraires,PackPoint,travel trip,5,96,250,55,0.64
voyage-itineraires,PackPoint,organizer organize,5,93,250,94,0.57
voyage-itineraires,PackPoint,postinfo,5,94,248,36,0.70
voyage-itineraires,PackPoint,liste de vérification,5,33,224,202,0.50
voyage-itineraires,PackPoint,urlaubsgruß,5,24,203,7,1.16
voyage-itineraires,PackPoint,hotel checklists,5,52,250,105,0.56
voyage-itineraires,PackPoint,listas de control,5,74,250,30,0.74
voyage-itineraires,PackPoint,hacer,5,80,245,152,0.52
voyage-itineraires,PackPoint,vacation widget,5,53,249,71,0.61
voyage-itineraires,PackPoint,my digital planner,5,84,249,164,0.52
voyage-itineraires,PackPoint,buy me a pie!,5,77,226,19,0.83
voyage-itineraires,PackPoint,cruise ticker,5,53,249,89,0.58
voyage-itineraires,PackPoint,viden,5,93,247,70,0.61
voyage-itineraires,PackPoint,travel dairy,5,70,250,77,0.60
voyage-itineraires,PackPoint,travel route,5,88,250,134,0.54
voyage-itineraires,PackPoint,travel photo book,5,50,250,41,0.68
voyage-itineraires,PackPoint,travel mapping,5,88,250,89,0.58
voyage-itineraires,PackPoint,날씨 옷,5,59,239,105,0.56
voyage-itineraires,PackPoint,routineflow,5,91,249,176,0.51
voyage-itineraires,PackPoint,activity widget,5,92,250,135,0.54
voyage-itineraires,PackPoint,جلسة بلوت,5,70,248,98,0.57
voyage-itineraires,PackPoint,wardrobe organizer,5,58,247,120,0.55
voyage-itineraires,PackPoint,to buy list,5,76,250,84,0.59
voyage-itineraires,PackPoint,idea rating,5,95,249,203,0.50
voyage-itineraires,PackPoint,heavy bag pro,5,64,235,169,0.51
voyage-itineraires,PackPoint,listas de verificación,5,72,250,246,0.48
voyage-itineraires,PackPoint,lista de control,5,65,248,210,0.50
voyage-itineraires,PackPoint,lista de verificação,5,78,250,118,0.55
voyage-itineraires,PackPoint,lista di controllo,5,74,250,141,0.53
voyage-itineraires,PackPoint,lijst,5,74,249,57,0.63
voyage-itineraires,PackPoint,wakacje,5,79,248,57,0.63
voyage-itineraires,PackPoint,planner digital,5,95,249,213,0.49
voyage-itineraires,PackPoint,旅行足迹,5,91,248,117,0.55
voyage-itineraires,PackPoint,旅行规划,5,93,248,65,0.62
voyage-itineraires,PackPoint,旅行轨迹,5,84,247,125,0.54
voyage-itineraires,PackPoint,徒步助手,5,91,250,75,0.60
voyage-itineraires,PackPoint,cambiar mi ubicacion,5,96,243,127,0.54
voyage-itineraires,PackPoint,repeatable lists,5,60,249,182,0.51
voyage-itineraires,PackPoint,home cleaning schedule,5,85,249,136,0.53
voyage-itineraires,PackPoint,checklist manager,5,61,250,97,0.57
voyage-itineraires,PackPoint,travel cover,5,93,248,12,0.96
voyage-itineraires,PackPoint,home list,5,81,250,101,0.56
voyage-itineraires,PackPoint,organize inventory,5,50,247,81,0.59
voyage-itineraires,PackPoint,produce list,5,79,250,122,0.55
voyage-itineraires,PackPoint,schrank,5,79,246,17,0.86
voyage-itineraires,PackPoint,festivo españa,5,46,250,168,0.51
voyage-itineraires,PackPoint,organization apps,5,85,250,114,0.55
voyage-itineraires,PackPoint,minitable,5,44,458,183,0.51
voyage-itineraires,PackPoint,gifts list,5,53,249,132,0.54
voyage-itineraires,PackPoint,list tasks,5,76,250,225,0.49
voyage-itineraires,PackPoint,roamy,5,86,249,33,0.72
voyage-itineraires,PackPoint,mazot,5,94,250,38,0.70
voyage-itineraires,PackPoint,список для подорожей,5,93,250,22,0.80
voyage-itineraires,PackPoint,ぽいんと,5,86,241,170,0.51
voyage-itineraires,PackPoint,home tasker,5,94,250,121,0.55
voyage-itineraires,PackPoint,cheap trip,5,94,249,114,0.55
voyage-itineraires,PackPoint,чекліст,5,56,250,147,0.53
voyage-itineraires,PackPoint,to-do ліст,5,50,250,173,0.51
voyage-itineraires,PackPoint,my wishlist,5,45,248,98,0.57
voyage-itineraires,PackPoint,to do list maker,5,,247,168,0.51
voyage-itineraires,PackPoint,choose or die,5,100,250,63,0.62
voyage-itineraires,PackPoint,apps for couples to share lists,5,64,250,198,0.50
voyage-itineraires,PackPoint,at home date ideas,5,70,248,119,0.55
voyage-itineraires,PackPoint,at home dates ideas,5,53,248,113,0.55
voyage-itineraires,PackPoint,beach picnic ideas for couples,5,54,247,85,0.58
voyage-itineraires,PackPoint,best dare ideas,5,86,250,212,0.49
voyage-itineraires,PackPoint,bucket list app for couples,5,70,248,113,0.55
voyage-itineraires,PackPoint,bucket list date ideas,5,47,245,175,0.51
voyage-itineraires,PackPoint,bucket list ideas for couples,5,53,248,103,0.56
voyage-itineraires,PackPoint,bucket list ideas for couples travel,5,47,248,27,0.76
voyage-itineraires,PackPoint,cheap date ideas at home,5,90,249,156,0.52
voyage-itineraires,PackPoint,cheap fall date ideas,5,73,250,127,0.54
voyage-itineraires,PackPoint,cheap picnic ideas for couples,5,58,250,66,0.62
voyage-itineraires,PackPoint,cool dare ideas,5,70,249,206,0.50
voyage-itineraires,PackPoint,couples coupon book ideas,5,68,249,162,0.52
voyage-itineraires,PackPoint,date ideas to do at home,5,52,249,136,0.53
voyage-itineraires,PackPoint,date night at home ideas,5,52,249,137,0.53
voyage-itineraires,PackPoint,date night gift ideas,5,47,248,120,0.55
voyage-itineraires,PackPoint,date night in the house ideas,5,70,249,138,0.53
voyage-itineraires,PackPoint,date night planner app,5,54,250,213,0.49
voyage-itineraires,PackPoint,digital date ideas,5,83,240,185,0.51
voyage-itineraires,PackPoint,diy date night box,5,76,250,69,0.61
voyage-itineraires,PackPoint,fall date ideas near me,5,82,249,138,0.53
voyage-itineraires,PackPoint,beach picnic,5,18,232,69,0.61
voyage-itineraires,PackPoint,國內旅遊,5,35,241,107,0.56
voyage-itineraires,PackPoint,good at home date ideas,5,47,250,136,0.53
voyage-itineraires,PackPoint,home gift ideas for couples,5,72,250,127,0.54
voyage-itineraires,PackPoint,hotel date ideas,5,90,250,111,0.55
voyage-itineraires,PackPoint,hotel date night ideas,5,45,248,114,0.55
voyage-itineraires,PackPoint,in home date ideas,5,36,249,130,0.54
voyage-itineraires,PackPoint,in house date night ideas,5,85,250,169,0.51
voyage-itineraires,PackPoint,in house date ideas,5,87,248,188,0.50
voyage-itineraires,PackPoint,family check list,5,50,242,19,0.83
voyage-itineraires,PackPoint,通,5,92,228,136,0.53
voyage-itineraires,PackPoint,smart check list,5,76,250,71,0.61
voyage-itineraires,PackPoint,sidekick quit,5,71,248,33,0.72
voyage-itineraires,PackPoint,pricelist maker,5,70,250,109,0.56
voyage-itineraires,PackPoint,organize party,5,53,248,147,0.53
voyage-itineraires,PackPoint,party checklist,5,32,250,45,0.67
voyage-itineraires,PackPoint,simplified package,5,73,247,72,0.60
voyage-itineraires,PackPoint,urbane plannig,5,19,250,7,1.16
voyage-itineraires,PackPoint,bag storage,5,72,250,15,0.89
voyage-itineraires,PackPoint,zajęcia,5,45,248,153,0.52
voyage-itineraires,PackPoint,free travel planner,5,88,249,21,0.81
voyage-itineraires,PackPoint,Organize pro,5,94,250,182,0.51
voyage-itineraires,PackPoint,visitors guide,5,35,249,99,0.57
voyage-itineraires,PackPoint,compteur vacances,5,70,250,85,0.58
voyage-itineraires,PackPoint,bányák,5,70,250,31,0.73
voyage-itineraires,PackPoint,Yoodoo: To-do list & Planner,5,80,250,157,0.52
voyage-itineraires,PackPoint,vacation home,5,69,242,187,0.51
voyage-itineraires,PackPoint,desencombrer,5,62,247,117,0.55
voyage-itineraires,PackPoint,ai trip,5,91,247,140,0.53
voyage-itineraires,PackPoint,photo list,5,78,229,163,0.52
voyage-itineraires,PackPoint,easy todo list,5,76,250,151,0.52
voyage-itineraires,PackPoint,waktu liburan,5,67,249,84,0.59
voyage-itineraires,PackPoint,free point,5,98,231,77,0.60
voyage-itineraires,PackPoint,tmb app barcelona,5,77,247,30,0.74
voyage-itineraires,PackPoint,digital wishlist,5,62,249,76,0.60
voyage-itineraires,PackPoint,pack find,5,44,20,5,1.34
voyage-itineraires,PackPoint,travel photos,5,100,249,96,0.57
voyage-itineraires,PackPoint,ai travel planner,5,92,247,92,0.58
voyage-itineraires,PackPoint,travel ai,5,87,250,134,0.54
voyage-itineraires,PackPoint,travel traacker,5,86,247,133,0.54
voyage-itineraires,PackPoint,easy to use checklist,5,55,248,148,0.53
voyage-itineraires,PackPoint,check and repeat tasks,5,76,250,115,0.55
voyage-itineraires,PackPoint,to do agenda,5,76,250,166,0.52
voyage-itineraires,PackPoint,TIPS Travel,5,95,249,108,0.56
voyage-itineraires,PackPoint,world trip,5,85,242,104,0.56
voyage-itineraires,PackPoint,- planner organizer,5,59,248,216,0.49
voyage-itineraires,PackPoint,- things to do list,5,53,250,217,0.49
voyage-itineraires,PackPoint,getaways,5,70,249,62,0.62
voyage-itineraires,PackPoint,good for traveling,5,94,250,27,0.76
voyage-itineraires,PackPoint,Houshold: Chores,5,92,250,134,0.54
voyage-itineraires,PackPoint,tourist help,5,63,250,96,0.57
voyage-itineraires,PackPoint,tour gude,5,26,240,141,0.53
voyage-itineraires,PackPoint,choose your way,5,98,235,89,0.58
voyage-itineraires,PackPoint,Fashion Closet Organizer,5,48,248,135,0.54
voyage-itineraires,PackPoint,to do list wodget,5,76,250,125,0.54
voyage-itineraires,PackPoint,trip ai,5,83,246,116,0.55
voyage-itineraires,PackPoint,wishlist create,5,47,248,179,0.51
voyage-itineraires,PackPoint,bucket listers,5,50,250,109,0.56
voyage-itineraires,PackPoint,outlet coach,5,1,248,131,0.54
voyage-itineraires,PackPoint,city trip,5,77,250,113,0.55
voyage-itineraires,PackPoint,order organizer,5,27,234,29,0.74
voyage-itineraires,PackPoint,family travel planner,5,96,249,54,0.64
voyage-itineraires,PackPoint,diario de buceo,5,45,247,139,0.53
voyage-itineraires,PackPoint,shopping organizer,5,96,247,109,0.56
voyage-itineraires,PackPoint,shopping list organizer,5,78,250,109,0.56
voyage-itineraires,PackPoint,calendar shopping organizer,5,61,249,135,0.54
voyage-itineraires,PackPoint,vacasiones,5,21,215,24,0.78
voyage-itineraires,PackPoint,todoit to do list tasks,5,76,250,224,0.49
voyage-itineraires,PackPoint,ai travel,5,98,250,136,0.53
voyage-itineraires,PackPoint,toilet journal,5,25,249,133,0.54
voyage-itineraires,PackPoint,trips planner,5,88,249,66,0.62
voyage-itineraires,PackPoint,rv checklist,5,44,245,29,0.74
voyage-itineraires,PackPoint,allstays camp rv,5,49,249,91,0.58
voyage-itineraires,PackPoint,organiser des photos,5,91,250,95,0.57
voyage-itineraires,PackPoint,london tube journey,5,80,250,120,0.55
voyage-itineraires,PackPoint,to list checklist,5,55,248,107,0.56
voyage-itineraires,PackPoint,bucket lsit,5,11,239,189,0.50
voyage-itineraires,PackPoint,記錄旅行,5,93,248,78,0.59
voyage-itineraires,PackPoint,dc metro planner,5,54,248,51,0.65
voyage-itineraires,PackPoint,easy paking,5,95,249,110,0.56
voyage-itineraires,PackPoint,旅游软件,5,90,249,118,0.55
voyage-itineraires,PackPoint,行程,5,84,248,37,0.70
voyage-itineraires,PackPoint,足迹地图,5,71,248,122,0.55
voyage-itineraires,PackPoint,旅游app,5,57,248,108,0.56
voyage-itineraires,PackPoint,旅行记录,5,84,250,28,0.75
voyage-itineraires,PackPoint,旅游记录,5,84,250,84,0.59
voyage-itineraires,PackPoint,行程规划,5,63,250,55,0.64
voyage-itineraires,PackPoint,旅游规划,5,81,250,93,0.57
voyage-itineraires,PackPoint,记录行程,5,74,247,137,0.53
voyage-itineraires,PackPoint,出行规划,5,82,247,90,0.58
voyage-itineraires,PackPoint,打卡点,5,45,247,68,0.61
voyage-itineraires,PackPoint,行前规划,5,94,247,96,0.57
voyage-itineraires,PackPoint,登山历程,5,75,232,90,0.58
voyage-itineraires,PackPoint,Menu Builder,5,51,250,102,0.56
voyage-itineraires,PackPoint,déšť,5,92,248,80,0.59
voyage-itineraires,PackPoint,holiday layouts,5,98,250,99,0.57
voyage-itineraires,PackPoint,kitchen  labels,5,26,232,203,0.50
voyage-itineraires,PackPoint,Home chore planner,5,74,244,165,0.52
voyage-itineraires,PackPoint,trip logger,5,94,247,94,0.57
voyage-itineraires,PackPoint,Chores checklists,5,68,246,152,0.52
voyage-itineraires,PackPoint,Home chores chart,5,80,247,167,0.52
voyage-itineraires,PackPoint,House cleaning checklists,5,69,244,196,0.50
voyage-itineraires,PackPoint,gestion de pedidos,5,77,250,169,0.51
voyage-itineraires,PackPoint,gestión de pedidos,5,58,248,98,0.57
voyage-itineraires,PackPoint,customizable product catalog,5,53,249,68,0.61
voyage-itineraires,PackPoint,mts trip planner,5,83,246,162,0.52
voyage-itineraires,PackPoint,personalized itinerary,5,84,248,37,0.70
voyage-itineraires,PackPoint,basic shopping list,5,88,250,140,0.53
voyage-itineraires,PackPoint,budget shopping list,5,46,249,171,0.51
voyage-itineraires,PackPoint,Free Shopping List App,5,82,233,88,0.58
voyage-itineraires,PackPoint,prep labels,5,34,244,168,0.51
voyage-itineraires,PackPoint,urlaubsplanung,5,91,250,30,0.74
voyage-itineraires,PackPoint,organizaçao,5,92,250,117,0.55
voyage-itineraires,PackPoint,idea outfit,5,70,250,161,0.52
voyage-itineraires,PackPoint,manage your clothes,5,70,250,135,0.54
voyage-itineraires,PackPoint,organize clothes,5,62,249,92,0.58
voyage-itineraires,PackPoint,reservar una pista de pádel,5,53,245,83,0.59
voyage-itineraires,PackPoint,- reservas padel,5,70,244,128,0.54
voyage-itineraires,PackPoint,- reservas de padel,5,35,245,125,0.54
voyage-itineraires,PackPoint,reservas padel,5,70,244,128,0.54
voyage-itineraires,PackPoint,paidat,5,92,250,113,0.55
voyage-itineraires,PackPoint,criar cardapio digital,5,76,249,100,0.57
voyage-itineraires,PackPoint,Travel Planner AI,5,84,249,98,0.57
voyage-itineraires,PackPoint,camping pack list,5,56,244,1,5.00
voyage-itineraires,PackPoint,hike pack list,5,87,248,2,2.29
voyage-itineraires,PackPoint,ski packing,5,48,247,4,1.49
voyage-itineraires,PackPoint,flight pack list,5,52,249,1,5.00
voyage-itineraires,PackPoint,packlista,5,50,248,1,5.00
voyage-itineraires,PackPoint,paycheck planner,5,88,247,122,0.55
voyage-itineraires,PackPoint,family organiser calendar,5,62,248,207,0.50
voyage-itineraires,PackPoint,joint family planner,5,61,248,209,0.50
voyage-itineraires,PackPoint,大众点评-民宿酒店预订，景点美食推荐,5,64,250,113,0.55
voyage-itineraires,PackPoint,大众点评-民宿酒店预订，景点美食推荐 旅游出行查攻略买门票，看必吃榜赏当地美食,5,65,250,153,0.52
voyage-itineraires,PackPoint,llevar,5,81,212,88,0.58
voyage-itineraires,PackPoint,Event organisation,5,46,235,156,0.52
voyage-itineraires,PackPoint,paraglide,5,61,247,38,0.70
voyage-itineraires,PackPoint,group trip planner,5,95,249,46,0.67
voyage-itineraires,PackPoint,voyag,5,84,250,117,0.55
voyage-itineraires,PackPoint,backpacking checklist,5,43,247,2,2.29
voyage-itineraires,PackPoint,hiking checklist,5,90,250,71,0.61
voyage-itineraires,PackPoint,stamp tracker,5,20,249,133,0.54
voyage-itineraires,PackPoint,restaurant booking/waitlisting,5,,249,59,0.63
voyage-itineraires,PackPoint,travel share,5,89,248,91,0.58
voyage-itineraires,PackPoint,canoe route,5,74,248,79,0.59
voyage-itineraires,PackPoint,paddling tracker,5,69,247,115,0.55
voyage-itineraires,PackPoint,shopping cart list,5,85,249,137,0.53
voyage-itineraires,PackPoint,to-buy list,5,88,244,95,0.57
voyage-itineraires,PackPoint,needs list,5,74,248,206,0.50
voyage-itineraires,PackPoint,offline shopping list,5,80,249,119,0.55
voyage-itineraires,PackPoint,back-to-school shopping list,5,97,248,76,0.60
voyage-itineraires,PackPoint,holiday shopping list,5,53,248,2,2.29
voyage-itineraires,PackPoint,list shopping,5,88,240,76,0.60
voyage-itineraires,PackPoint,Swipe one,5,,250,222,0.49
voyage-itineraires,PackPoint,listful,5,90,250,54,0.64
voyage-itineraires,PackPoint,adventure planner,5,83,250,122,0.55
voyage-itineraires,PackPoint,#OOTD: Wardrobe Planer,5,56,250,142,0.53
voyage-itineraires,PackPoint,trip forecast,5,72,248,112,0.55
voyage-itineraires,PackPoint,outfit plannr,5,58,250,91,0.58
voyage-itineraires,PackPoint,travel friends,5,93,249,91,0.58
voyage-itineraires,PackPoint,ai travel plan,5,93,249,117,0.55
voyage-itineraires,PackPoint,gigu,5,98,249,34,0.71
voyage-itineraires,PackPoint,vacation rental clenaing,5,33,246,174,0.51
voyage-itineraires,PackPoint,pin travel,5,90,248,42,0.68
voyage-itineraires,PackPoint,Flat Back,5,78,250,168,0.51
voyage-itineraires,PackPoint,travel advice,5,88,249,178,0.51
voyage-itineraires,PackPoint,plan saving,5,36,250,32,0.73
voyage-itineraires,PackPoint,boating checklist,5,76,246,100,0.57
voyage-itineraires,PackPoint,Pet Care Planner,5,62,249,127,0.54
voyage-itineraires,PackPoint,despa tribù,5,21,214,81,0.59
voyage-itineraires,PackPoint,bookway app,5,47,250,108,0.56
voyage-itineraires,PackPoint,bookaway app,5,50,250,147,0.53
voyage-itineraires,PackPoint,earn travel,5,87,243,169,0.51
voyage-itineraires,PackPoint,luggage checklist,5,58,247,1,5.00
voyage-itineraires,PackPoint,Gezi planlayıcı,5,95,248,48,0.66
voyage-itineraires,PackPoint,car sickness,5,71,248,71,0.61
voyage-itineraires,PackPoint,Wedding Planning Checklist,5,16,247,105,0.56
voyage-itineraires,PackPoint,wish list maker,5,60,248,150,0.52
voyage-itineraires,PackPoint,move the seats,5,70,222,125,0.54
voyage-itineraires,PackPoint,travel feel,5,,250,106,0.56
voyage-itineraires,PackPoint,dinner hosting,5,88,250,116,0.55
voyage-itineraires,PackPoint,itinerary trip planner,5,93,250,82,0.59
voyage-itineraires,PackPoint,low cost travel,5,95,249,11,0.98
voyage-itineraires,PackPoint,trip checklist,5,61,248,3,1.74
voyage-itineraires,PackPoint,travel countdown app,5,13,249,101,0.56
voyage-itineraires,PackPoint,travel tip,5,94,248,66,0.62
voyage-itineraires,PackPoint,sprinky,5,94,250,169,0.51
voyage-itineraires,PackPoint,memorize item locations,5,30,249,164,0.52
voyage-itineraires,PackPoint,item locations,5,84,248,29,0.74
voyage-itineraires,PackPoint,vacation planner app,5,93,250,23,0.79
voyage-itineraires,PackPoint,bucketlisters things,5,44,229,49,0.66
voyage-itineraires,PackPoint,point collectibles,5,95,247,34,0.71
voyage-itineraires,PackPoint,last-min,5,,210,201,0.50
voyage-itineraires,PackPoint,diy planner,5,34,249,200,0.50
voyage-itineraires,PackPoint,baggage jam,5,50,250,82,0.59
voyage-itineraires,PackPoint,trip bucketlist,5,78,247,27,0.76
voyage-itineraires,PackPoint,organizer build,5,56,219,152,0.52
voyage-itineraires,PackPoint,tripnotes ai,5,36,247,74,0.60
voyage-itineraires,PackPoint,points tracking,5,,235,222,0.49
voyage-itineraires,PackPoint,trip expenses,5,82,248,96,0.57
voyage-itineraires,PackPoint,create itinerary,5,86,247,29,0.74
voyage-itineraires,PackPoint,oiyo,5,20,246,136,0.53
voyage-itineraires,PackPoint,choices list,5,,216,101,0.56
voyage-itineraires,PackPoint,chore chart app,5,75,245,135,0.54
voyage-itineraires,PackPoint,travel days,5,88,250,69,0.61
voyage-itineraires,PackPoint,vacation planne,5,84,249,22,0.80
voyage-itineraires,PackPoint,organize dots,5,,250,121,0.55
voyage-itineraires,PackPoint,tripnote ai,5,45,247,80,0.59
voyage-itineraires,PackPoint,ai travel itinerary,5,86,249,119,0.55
voyage-itineraires,PackPoint,placeguesser,5,31,235,89,0.58
voyage-itineraires,PackPoint,ai route planner,5,89,249,123,0.54
voyage-itineraires,PackPoint,flight sim checklist,5,36,250,209,0.50
voyage-itineraires,PackPoint,to buy list app,5,24,234,108,0.56
voyage-itineraires,PackPoint,vacation plan,5,95,250,23,0.79
voyage-itineraires,PackPoint,tripbff\,5,,249,62,0.62
voyage-itineraires,PackPoint,checklist voyage,5,47,247,2,2.29
voyage-itineraires,PackPoint,bobbin sort,5,,250,61,0.63
voyage-itineraires,PackPoint,list for shopping,5,87,250,107,0.56
voyage-itineraires,PackPoint,list of shopping,5,98,250,109,0.56
voyage-itineraires,PackPoint,item listings,5,96,250,62,0.62
voyage-itineraires,PackPoint,book hotels without fees,5,70,250,147,0.53
voyage-itineraires,PackPoint,last-minute travel,5,77,250,65,0.62
voyage-itineraires,PackPoint,last-minute booking,5,70,250,106,0.56
voyage-itineraires,PackPoint,last minute hotel discounts,5,53,249,213,0.49
voyage-itineraires,PackPoint,alternative to expedia,5,35,245,180,0.51
voyage-itineraires,PackPoint,street sweeping,5,,239,76,0.60
voyage-itineraires,PackPoint,eşya kiralama,5,77,250,119,0.55
voyage-itineraires,PackPoint,ideas log,5,3,234,135,0.54
voyage-itineraires,PackPoint,reiseplan erstellen,5,81,249,21,0.81
voyage-itineraires,PackPoint,bagga,5,90,248,15,0.89
voyage-itineraires,PackPoint,list organized,5,66,249,120,0.55
voyage-itineraires,PackPoint,remove element,5,,250,78,0.59
voyage-itineraires,PackPoint,trip holiday,5,,245,196,0.50
voyage-itineraires,PackPoint,bet trips,5,,243,151,0.52
voyage-itineraires,PackPoint,ai trips,5,86,248,187,0.51
voyage-itineraires,PackPoint,ai vacation planner,5,87,249,97,0.57
voyage-itineraires,PackPoint,weekend getaway planner,5,94,248,74,0.60
voyage-itineraires,PackPoint,seating chart maker,5,,246,63,0.62
voyage-itineraires,PackPoint,cost per wear,5,78,249,93,0.57
voyage-itineraires,PackPoint,viaggi solo,5,94,249,31,0.73
voyage-itineraires,PackPoint,free organise,5,,250,205,0.50
voyage-itineraires,PackPoint,organise free,5,,249,212,0.49
voyage-itineraires,PackPoint,itinerary planner travel,5,86,250,35,0.71
voyage-itineraires,PackPoint,share trips,5,,250,177,0.51
voyage-itineraires,PackPoint,share vacation,5,47,249,84,0.59
voyage-itineraires,PackPoint,vacation share,5,51,250,71,0.61
voyage-itineraires,PackPoint,job checklist,5,,250,131,0.54
voyage-itineraires,PackPoint,solo travel apps,5,86,249,76,0.60
voyage-itineraires,PackPoint,apps to meet people while traveling,5,92,250,169,0.51
voyage-itineraires,PackPoint,solo travel app,5,81,249,108,0.56
voyage-itineraires,PackPoint,cruise friend groups,5,,249,157,0.52
voyage-itineraires,PackPoint,cruise buddy finder,5,,250,202,0.50
voyage-itineraires,PackPoint,cruise companion finder,5,13,247,33,0.72
voyage-itineraires,PackPoint,solo travel find friends app,5,86,249,129,0.54
voyage-itineraires,PackPoint,solo travel companion app,5,82,249,101,0.56
voyage-itineraires,PackPoint,trip ai planner,5,82,248,131,0.54
voyage-itineraires,PackPoint,trip planner gpt,5,83,249,147,0.53
voyage-itineraires,PackPoint,travel  ai planner,5,83,248,83,0.59
voyage-itineraires,PackPoint,solo travelling apps,5,92,249,111,0.55
voyage-itineraires,PackPoint,travel apps for solo travelers,5,93,247,108,0.56
voyage-itineraires,PackPoint,cruise mate finder,5,,250,164,0.52
voyage-itineraires,PackPoint,find travel companion,5,87,250,114,0.55
voyage-itineraires,PackPoint,cruise friend finder,5,,250,193,0.50
voyage-itineraires,PackPoint,gift list maker,5,,249,94,0.57
voyage-itineraires,PackPoint,app for solo female travelers,5,91,250,124,0.54
voyage-itineraires,PackPoint,quit pouches,5,36,247,110,0.56
voyage-itineraires,PackPoint,grocery organizer,5,48,249,93,0.57
voyage-itineraires,PackPoint,travel history tracker,5,76,250,62,0.62
voyage-itineraires,PackPoint,여행 짐 체크리스트,5,53,249,2,2.29
voyage-itineraires,PackPoint,to do list editor,5,,250,200,0.50
voyage-itineraires,PackPoint,to do list pro,5,,237,202,0.50
voyage-itineraires,PackPoint,to do list generator,5,,243,219,0.49
voyage-itineraires,PackPoint,tools pack,5,,249,80,0.59
voyage-itineraires,PackPoint,hopsiko,5,94,250,30,0.74
voyage-itineraires,PackPoint,enjoy my trip,5,44,238,72,0.60
voyage-itineraires,PackPoint,plan your trips,5,94,250,42,0.68
voyage-itineraires,PackPoint,weekend trip planner,5,87,249,70,0.61
voyage-itineraires,PackPoint,things to do with friends,5,67,248,115,0.55
voyage-itineraires,PackPoint,groccery list,5,88,250,127,0.54
voyage-itineraires,PackPoint,shared grocery lists,5,80,249,139,0.53
voyage-itineraires,PackPoint,free travel app,5,97,250,61,0.63
voyage-itineraires,PackPoint,itinerary management,5,88,250,73,0.60
voyage-itineraires,PackPoint,trip route planner,5,92,250,86,0.58
voyage-itineraires,PackPoint,daily travel planner,5,86,250,40,0.69
voyage-itineraires,PackPoint,save for vacation,5,53,249,18,0.84
voyage-itineraires,PackPoint,group travel expenses,5,85,249,76,0.60
voyage-itineraires,PackPoint,best of google bundle,5,,226,60,0.63
voyage-itineraires,PackPoint,saving for vacation,5,92,250,28,0.75
voyage-itineraires,PackPoint,famnest,5,,238,114,0.55
voyage-itineraires,PackPoint,moving inventory list template,5,77,250,28,0.75
voyage-itineraires,PackPoint,moving inventory list,5,70,249,63,0.62
voyage-itineraires,PackPoint,downsizing checklist,5,82,247,37,0.70
voyage-itineraires,PackPoint,replacement cost list,5,86,248,53,0.64
voyage-itineraires,PackPoint,list stolen items,5,71,249,43,0.68
voyage-itineraires,PackPoint,travel friend app,5,86,246,135,0.54
voyage-itineraires,PackPoint,trouver une destination,5,87,249,85,0.58
voyage-itineraires,PackPoint,reise planen app,5,92,250,15,0.89
voyage-itineraires,PackPoint,ki reiseplaner,5,85,248,56,0.64
voyage-itineraires,PackPoint,reiseplanung app,5,93,250,15,0.89
voyage-itineraires,PackPoint,urlaubsplaner app,5,94,250,21,0.81
voyage-itineraires,PackPoint,städtetrip planen,5,86,248,24,0.78
voyage-itineraires,PackPoint,städtereise planen,5,83,245,38,0.70
voyage-itineraires,PackPoint,ki reiseplanung,5,55,244,115,0.55
voyage-itineraires,PackPoint,wochenendtrip planen,5,94,249,41,0.68
voyage-itineraires,PackPoint,trip planen,5,93,247,16,0.87
voyage-itineraires,PackPoint,wochenendreise planen,5,88,249,54,0.64
voyage-itineraires,PackPoint,ausflug planen,5,94,250,19,0.83
voyage-itineraires,PackPoint,vacation itinerary planner,5,93,250,26,0.76
voyage-itineraires,PackPoint,travel route planner,5,93,250,79,0.59
voyage-itineraires,PackPoint,map trip planner,5,91,250,100,0.57
voyage-itineraires,PackPoint,delete twitter posts,5,100,250,104,0.56
voyage-itineraires,PackPoint,delight leisure,5,,250,176,0.51
voyage-itineraires,PackPoint,first aid kit inventory,5,,250,74,0.60
voyage-itineraires,PackPoint,no points,5,61,242,131,0.54
voyage-itineraires,PackPoint,twitter post deleter,5,95,247,122,0.55
voyage-itineraires,PackPoint,تقييمات,5,49,223,170,0.51
voyage-itineraires,PackPoint,purchase planner,5,74,250,152,0.52
voyage-itineraires,PackPoint,thrift store finder,5,,246,163,0.52
voyage-itineraires,PackPoint,checklist template,5,48,239,38,0.70
voyage-itineraires,PackPoint,skipthedishes shopper,5,,249,184,0.51
voyage-itineraires,PackPoint,document checklist,5,74,250,178,0.51
voyage-itineraires,PackPoint,travel first aid kit,5,,247,103,0.56
voyage-itineraires,PackPoint,automatic mileage tracker for work,5,,249,135,0.54
voyage-itineraires,PackPoint,travel itinerary planner with map,5,63,248,61,0.63
voyage-itineraires,PackPoint,travel medication list,5,,250,31,0.73
voyage-itineraires,PackPoint,medicine packing list,5,,249,4,1.49
voyage-itineraires,PackPoint,medication packing list,5,,250,3,1.74
voyage-itineraires,PackPoint,green card trips tracker,5,,250,50,0.65
voyage-itineraires,PackPoint,patio planner,5,,247,78,0.59
voyage-itineraires,PackPoint,POD supplier directory,5,,250,19,0.83
voyage-itineraires,PackPoint,abonnements google play,,48,223,155,
voyage-itineraires,PackPoint,caravanstellplatz,,20,206,79,
voyage-itineraires,PackPoint,herren kleidung tipps,,70,250,214,
voyage-itineraires,PackPoint,herren kleider tipps,,70,250,206,
voyage-itineraires,PackPoint,unterwäsche günstig,,94,250,88,
voyage-itineraires,PackPoint,unterwäsche tipps,,92,244,121,
voyage-itineraires,PackPoint,билеты в турцию,,35,245,124,
voyage-itineraires,PackPoint,wirtualne wycieczki,,70,250,50,
voyage-itineraires,PackPoint,panta påse,,91,250,121,
voyage-itineraires,PackPoint,organize suas,,47,248,152,
voyage-itineraires,PackPoint,核对清单,,76,250,123,
voyage-itineraires,PackPoint,liste di controllo,,73,250,119,
voyage-itineraires,PackPoint,спискам для проверок,,95,249,114,
voyage-itineraires,PackPoint,programador de publicaciones,,31,249,193,
voyage-itineraires,PackPoint,荷物預かり,,23,221,4,
voyage-itineraires,PackPoint,짐 보관소,,45,247,39,
voyage-itineraires,PackPoint,przechowalnia bagażu,,20,197,20,
voyage-itineraires,PackPoint,organiser la pellicule,,86,250,69,
voyage-itineraires,PackPoint,rangement propre,,93,228,147,
voyage-itineraires,PackPoint,airport hotel theme,,68,249,145,
voyage-itineraires,PackPoint,solo travel friends app,,,249,102,
voyage-itineraires,PackPoint,checklist organizer,,,250,195,
voyage-itineraires,PackPoint,Trip stats tracker,,,250,48,
voyage-itineraires,PackPoint,checklist creator,,,250,137,
voyage-itineraires,PackPoint,onboarding checklist,,,246,126,
voyage-itineraires,PackPoint,tent camping checklist,,,246,11,
voyage-itineraires,PackPoint,backpacking gear list,,,249,5,
voyage-itineraires,PackPoint,skat zettel,,,245,79,
voyage-itineraires,PackPoint,national park itinerary planner,,69,249,23,
voyage-itineraires,PackPoint,i 130 tracker,,,250,115,
voyage-itineraires,PackPoint,travel document tracker,,,249,35,
voyage-itineraires,PackPoint,fashion organizer,,69,250,118,