cluster,app,keyword,popularity,competitiveness,num_apps,rank,importance
watch-faces,Facer,apple watch,67,75,246,4,19.95
watch-faces,Facer,watch,65,73,238,5,17.39
watch-faces,Facer,fallout shelter,56,72,245,192,5.63
watch-faces,Facer,apple watch faces free,53,55,248,1,53.00
watch-faces,Facer,iwatch,51,64,248,4,15.19
watch-faces,Facer,clockology,51,61,250,2,23.40
watch-faces,Facer,apple watch faces,46,56,248,1,46.00
watch-faces,Facer,watch app,44,89,248,11,8.66
watch-faces,Facer,apple watch apps,44,68,247,3,15.34
watch-faces,Facer,ultrahuman,44,87,37,36,6.20
watch-faces,Facer,wear os,43,90,81,24,6.71
watch-faces,Facer,zepp life,42,42,33,30,6.19
watch-faces,Facer,smart watch,40,59,244,12,7.65
watch-faces,Facer,quadranti apple watch gratis,40,34,250,13,7.46
watch-faces,Facer,applewatch,39,58,237,9,8.23
watch-faces,Facer,smart watch app,37,51,248,12,7.08
watch-faces,Facer,iwatch apps free,35,88,249,4,10.42
watch-faces,Facer,페이스,34,91,245,36,4.79
watch-faces,Facer,cadran apple watch gratuit,34,49,249,24,5.31
watch-faces,Facer,ジブリ,33,98,250,204,3.28
watch-faces,Facer,watch face,31,69,247,1,31.00
watch-faces,Facer,watch faces free,31,50,248,1,31.00
watch-faces,Facer,fallout watch face,31,56,249,1,31.00
watch-faces,Facer,free apple watch faces free,31,54,249,1,31.00
watch-faces,Facer,caratulas apple watch,29,53,247,1,29.00
watch-faces,Facer,smou,28,40,17,17,4.81
watch-faces,Facer,watch アプリ,28,85,249,135,3.00
watch-faces,Facer,free watch faces for apple watch,25,39,248,1,25.00
watch-faces,Facer,apple watch widgets,17,75,246,4,5.06
watch-faces,Facer,caratulas,11,48,93,2,5.05
watch-faces,Facer,sfondi animati,10,49,183,137,1.07
watch-faces,Facer,apple watch face,9,58,240,1,9.00
watch-faces,Facer,watch faces for apple watch,9,54,243,1,9.00
watch-faces,Facer,apple watch zifferblätter,9,51,249,11,1.77
watch-faces,Facer,clockology watch faces,9,,249,2,4.13
watch-faces,Facer,top watch,9,53,247,2,4.13
watch-faces,Facer,watch lab,9,58,249,2,4.13
watch-faces,Facer,app watch,8,86,246,34,1.14
watch-faces,Facer,apple watch apps free,8,87,247,23,1.26
watch-faces,Facer,facer,8,62,250,1,8.00
watch-faces,Facer,itouch wearables,8,58,246,11,1.57
watch-faces,Facer,free apple watch faces,8,54,244,1,8.00
watch-faces,Facer,itech,8,66,188,188,0.81
watch-faces,Facer,free watch faces,7,56,247,1,7.00
watch-faces,Facer,caratulas apple watch gratis,7,51,248,7,1.62
watch-faces,Facer,fall out,6,60,245,118,0.66
watch-faces,Facer,faceapo,6,,184,111,0.67
watch-faces,Facer,buddywatch,6,59,250,3,2.09
watch-faces,Facer,faves,6,88,183,158,0.62
watch-faces,Facer,pare,6,51,221,156,0.63
watch-faces,Facer,coolz,6,61,114,6,1.48
watch-faces,Facer,face kit 3d,6,,185,22,0.96
watch-faces,Facer,apple watch app,5,64,248,4,1.49
watch-faces,Facer,apple card,5,98,247,11,0.98
watch-faces,Facer,applewatch app,5,59,247,5,1.34
watch-faces,Facer,iwatch apps,5,66,249,17,0.86
watch-faces,Facer,i watch,5,68,237,11,0.98
watch-faces,Facer,faces,5,78,246,2,2.29
watch-faces,Facer,fase app,5,,228,98,0.57
watch-faces,Facer,best apple watch apps,5,77,247,31,0.73
watch-faces,Facer,apps for apple watch,5,69,245,5,1.34
watch-faces,Facer,faces for apple watch,5,56,241,1,5.00
watch-faces,Facer,apple iwatch,5,60,248,4,1.49
watch-faces,Facer,facey face editor makeup cam,5,,217,72,0.60
watch-faces,Facer,retale,5,76,227,129,0.54
watch-faces,Facer,apple watch wallpaper,5,55,246,1,5.00
watch-faces,Facer,watchmaker,5,66,250,3,1.74
watch-faces,Facer,itouch,5,65,247,10,1.02
watch-faces,Facer,alterungs,5,86,232,220,0.49
watch-faces,Facer,fitbit watch faces,5,,248,1,5.00
watch-faces,Facer,smart watch faces,5,60,242,1,5.00
watch-faces,Facer,rolex watch face,5,53,244,5,1.34
watch-faces,Facer,watch wallpaper,5,59,247,1,5.00
watch-faces,Facer,watch widget,5,78,244,11,0.98
watch-faces,Facer,nfl wallpaper,5,27,192,168,0.51
watch-faces,Facer,watch maker,5,94,218,3,1.74
watch-faces,Facer,face challenge,5,,223,94,0.57
watch-faces,Facer,yatch,5,60,249,13,0.93
watch-faces,Facer,watch face rolex,5,,219,8,1.10
watch-faces,Facer,2face,5,,219,50,0.65
watch-faces,Facer,one by one,5,65,238,69,0.61
watch-faces,Facer,watch theme,5,54,250,3,1.74
watch-faces,Facer,amazfit watch,5,53,250,68,0.61
watch-faces,Facer,watch face maker,5,60,247,6,1.24
watch-faces,Facer,face shape meter,5,68,221,80,0.59
watch-faces,Facer,face shape glasses,5,97,223,35,0.71
watch-faces,Facer,face x,5,,203,18,0.84
watch-faces,Facer,facet,5,79,102,10,1.02
watch-faces,Facer,face type,5,72,229,28,0.75
watch-faces,Facer,christmas watch face,5,54,221,4,1.49
watch-faces,Facer,faceup app,5,,238,59,0.63
watch-faces,Facer,smart gallery app,5,,227,107,0.56
watch-faces,Facer,first then,5,44,171,140,0.53
watch-faces,Facer,face gallery,5,54,221,1,5.00
watch-faces,Facer,crea sfondi,5,84,122,91,0.58
watch-faces,Facer,aplle watch,5,58,248,5,1.34
watch-faces,Facer,amazfaces,5,41,120,5,1.34
watch-faces,Facer,free apps for apple watch,5,63,246,4,1.49
watch-faces,Facer,old face filter,5,,216,19,0.83
watch-faces,Facer,whach,5,56,239,5,1.34
watch-faces,Facer,apple watch keyboard,5,45,246,13,0.93
watch-faces,Facer,audemars piguet,5,43,60,59,0.63
watch-faces,Facer,pile ou face,5,,92,20,0.82
watch-faces,Facer,facer app,5,,214,1,5.00
watch-faces,Facer,findface,5,,222,30,0.74
watch-faces,Facer,livefit,5,42,210,151,0.52
watch-faces,Facer,breitling,5,49,50,49,0.66
watch-faces,Facer,息屏时钟,5,,234,223,0.49
watch-faces,Facer,face watch,5,51,242,1,5.00
watch-faces,Facer,facets,5,71,213,1,5.00
watch-faces,Facer,apple watch app for ipad,5,27,243,151,0.52
watch-faces,Facer,pennywise face,5,24,94,4,1.49
watch-faces,Facer,haylou,5,54,22,9,1.06
watch-faces,Facer,apple watch rolex,5,29,247,12,0.96
watch-faces,Facer,watchfacely,5,53,214,2,2.29
watch-faces,Facer,saatleri,5,45,211,83,0.59
watch-faces,Facer,face live,5,70,206,55,0.64
watch-faces,Facer,apple watch cadran,5,52,247,7,1.16
watch-faces,Facer,watchsmith,5,59,248,4,1.49
watch-faces,Facer,watch keyboard free,5,40,246,105,0.56
watch-faces,Facer,Watch Facer,5,54,247,1,5.00
watch-faces,Facer,watch faces by facer,5,57,200,1,5.00
watch-faces,Facer,faces gallery,5,66,247,1,5.00
watch-faces,Facer,watch wallpapers,5,56,248,1,5.00
watch-faces,Facer,touch round,5,35,210,204,0.50
watch-faces,Facer,face predictor,5,66,229,8,1.10
watch-faces,Facer,carátulas,5,48,92,5,1.34
watch-faces,Facer,iwatch faces gallery apps,5,54,214,1,5.00
watch-faces,Facer,your face,5,,210,166,0.52
watch-faces,Facer,faceupp,5,74,198,80,0.59
watch-faces,Facer,apple watch widget,5,77,245,5,1.34
watch-faces,Facer,cadran watch,5,49,246,39,0.69
watch-faces,Facer,watch faces app,5,60,244,5,1.34
watch-faces,Facer,customize iphone free,5,,244,217,0.49
watch-faces,Facer,rolex apple watch face,5,53,245,9,1.06
watch-faces,Facer,animated watch faces,5,58,245,3,1.74
watch-faces,Facer,ziffernblätter,5,14,23,15,0.89
watch-faces,Facer,watch face albums,5,52,223,2,2.29
watch-faces,Facer,apple watch clock faces,5,56,248,4,1.49
watch-faces,Facer,apple watch faces rolex,5,53,249,6,1.24
watch-faces,Facer,apple watch background,5,52,245,1,5.00
watch-faces,Facer,apple watch complications,5,57,246,5,1.34
watch-faces,Facer,LiveFun,5,51,214,106,0.56
watch-faces,Facer,نتائج البث المباشر للدوري الاسباني,5,80,274,20,0.82
watch-faces,Facer,wych,5,62,242,4,1.49
watch-faces,Facer,free iphone watch faces,5,40,246,2,2.29
watch-faces,Facer,live watch faces,5,63,243,1,5.00
watch-faces,Facer,Watch 6 faces,5,40,235,131,0.54
watch-faces,Facer,Watch 7 faces,5,49,233,130,0.54
watch-faces,Facer,Watch 7 face,5,40,237,148,0.53
watch-faces,Facer,Apple Watch 7 face,5,52,234,2,2.29
watch-faces,Facer,Apple watch customize,5,49,235,75,0.60
watch-faces,Facer,face for apple watch,5,57,224,1,5.00
watch-faces,Facer,apple watch wallpapers,5,49,249,1,5.00
watch-faces,Facer,watch gallery,5,52,247,4,1.49
watch-faces,Facer,disney watch faces,5,49,244,1,5.00
watch-faces,Facer,watch clock face,5,46,226,3,1.74
watch-faces,Facer,Watch Faces for iWatch Gallery,5,51,241,11,0.98
watch-faces,Facer,watch faces gallery widgets,5,49,234,27,0.76
watch-faces,Facer,apple watch wallpaper app,5,51,250,1,5.00
watch-faces,Facer,watch wallpaper gallery,5,40,203,118,0.55
watch-faces,Facer,-face,5,43,231,19,0.83
watch-faces,Facer,watch widgets,5,,250,99,0.57
watch-faces,Facer,apple watch face gallery,5,51,244,1,5.00
watch-faces,Facer,iwatch faces gallery apps free,5,53,246,1,5.00
watch-faces,Facer,watch face creator,5,57,209,3,1.74
watch-faces,Facer,wallpapers for apple watch,5,57,245,1,5.00
watch-faces,Facer,watch faces facer,5,,219,1,5.00
watch-faces,Facer,watch background,5,55,248,5,1.34
watch-faces,Facer,apple watch theme,5,52,246,1,5.00
watch-faces,Facer,watch faces maker,5,55,226,8,1.10
watch-faces,Facer,watch faces creator,5,61,232,22,0.80
watch-faces,Facer,watch faces galelry,5,40,236,97,0.57
watch-faces,Facer,apple watch dial,5,46,250,2,2.29
watch-faces,Facer,watch face album,5,40,240,29,0.74
watch-faces,Facer,dial face,5,33,204,2,2.29
watch-faces,Facer,watch face editor,5,80,217,7,1.16
watch-faces,Facer,watch face design,5,52,227,126,0.54
watch-faces,Facer,watch faces for iwatch,5,54,241,4,1.49
watch-faces,Facer,iwatch faces gallery,5,52,248,3,1.74
watch-faces,Facer,手环表盘,5,34,23,12,0.96
watch-faces,Facer,fit-cloud,5,80,247,112,0.55
watch-faces,Facer,Watch Faces Album,5,32,233,108,0.56
watch-faces,Facer,face album,5,39,206,32,0.73
watch-faces,Facer,apple watchface album,5,40,239,57,0.63
watch-faces,Facer,apple watch face album,5,42,233,8,1.10
watch-faces,Facer,make watch face,5,49,230,63,0.62
watch-faces,Facer,apple watch face make,5,50,234,1,5.00
watch-faces,Facer,make apple watch face,5,52,222,2,2.29
watch-faces,Facer,iwatch gallery,5,59,248,3,1.74
watch-faces,Facer,watch faces gallery 1,5,51,234,7,1.16
watch-faces,Facer,apple watch image,5,49,242,193,0.50
watch-faces,Facer,custom watch faces,5,57,245,1,5.00
watch-faces,Facer,New Apple Watch App,5,70,241,10,1.02
watch-faces,Facer,face map,5,58,152,120,0.55
watch-faces,Facer,facess,5,40,215,215,0.49
watch-faces,Facer,better living,5,70,217,106,0.56
watch-faces,Facer,表盘商店,5,54,138,7,1.16
watch-faces,Facer,huawise,5,44,6,4,1.49
watch-faces,Facer,clokology,5,,111,2,2.29
watch-faces,Facer,watch face wallpaper,5,50,216,3,1.74
watch-faces,Facer,caratulas watch backgrounds,5,40,242,59,0.63
watch-faces,Facer,Watch Faces Gallery for iWatch,5,48,246,38,0.70
watch-faces,Facer,casio watch face,5,56,245,4,1.49
watch-faces,Facer,watch facely,5,53,249,4,1.49
watch-faces,Facer,combine faces,5,,188,13,0.93
watch-faces,Facer,revive face,5,62,197,42,0.68
watch-faces,Facer,Watch fqces,5,53,248,1,5.00
watch-faces,Facer,Apple wallpaper Watch,5,15,241,121,0.55
watch-faces,Facer,caratulas watch faces,5,54,206,11,0.98
watch-faces,Facer,mostradores,5,40,111,48,0.66
watch-faces,Facer,mostrador,5,39,105,26,0.76
watch-faces,Facer,Apple Watch faces wallpapers,5,59,235,35,0.71
watch-faces,Facer,worldcup,5,59,182,111,0.55
watch-faces,Facer,3d watch faces,5,51,248,4,1.49
watch-faces,Facer,watch smith,5,62,51,3,1.74
watch-faces,Facer,CLASSIFICHE,5,25,238,195,0.50
watch-faces,Facer,custom watch,5,54,238,96,0.57
watch-faces,Facer,ultra watch faces,5,54,248,4,1.49
watch-faces,Facer,amazfit watch faces,5,54,249,3,1.74
watch-faces,Facer,halloween watch faces,5,58,244,5,1.34
watch-faces,Facer,watch faces rolex,5,54,248,8,1.10
watch-faces,Facer,digital watch faces,5,49,249,5,1.34
watch-faces,Facer,luxury watch faces,5,57,247,17,0.86
watch-faces,Facer,watchapp for watch,5,55,240,84,0.59
watch-faces,Facer,apple watch ultra,5,,248,7,1.16
watch-faces,Facer,custom face,5,35,240,2,2.29
watch-faces,Facer,face watches free,5,43,219,1,5.00
watch-faces,Facer,apple watch faces 3d,5,50,246,4,1.49
watch-faces,Facer,clean face,5,75,221,51,0.65
watch-faces,Facer,watch backgrounds,5,77,213,1,5.00
watch-faces,Facer,live watch face,5,63,222,3,1.74
watch-faces,Facer,watch faces ai,5,45,234,108,0.56
watch-faces,Facer,apple watcyh themes,5,34,203,83,0.59
watch-faces,Facer,watch wallpape,5,45,221,4,1.49
watch-faces,Facer,watch faces ultra,5,56,249,3,1.74
watch-faces,Facer,casio watch faces,5,50,226,2,2.29
watch-faces,Facer,Carátulas Apple Watch,5,48,250,16,0.87
watch-faces,Facer,애플워치 페이스,5,47,77,10,1.02
watch-faces,Facer,i watch faces,5,52,244,2,2.29
watch-faces,Facer,better watch faces,5,55,245,1,5.00
watch-faces,Facer,smile face,5,,195,32,0.73
watch-faces,Facer,iwatch wallpaper,5,55,249,3,1.74
watch-faces,Facer,fallout 76 map,5,39,27,15,0.89
watch-faces,Facer,faces quadranti,5,44,23,2,2.29
watch-faces,Facer,watch urtavlor,5,28,222,2,2.29
watch-faces,Facer,mywatch luxury watch faces,5,,231,4,1.49
watch-faces,Facer,apple watch wallpaper & background,5,37,177,27,0.76
watch-faces,Facer,face widget,5,69,221,16,0.87
watch-faces,Facer,watch face wallpapers,5,40,236,83,0.59
watch-faces,Facer,watch faces wallpapers,5,60,210,12,0.96
watch-faces,Facer,i watch facer,5,54,207,1,5.00
watch-faces,Facer,iwatch facer,5,57,228,1,5.00
watch-faces,Facer,my watch faces,5,59,247,7,1.16
watch-faces,Facer,fecet,5,55,204,2,2.29
watch-faces,Facer,ifaces,5,64,235,2,2.29
watch-faces,Facer,facr,5,,216,125,0.54
watch-faces,Facer,timely watch faces,5,55,248,3,1.74
watch-faces,Facer,watch faces frede,5,21,231,6,1.24
watch-faces,Facer,watchlab,5,62,249,3,1.74
watch-faces,Facer,Watch Faces Gallery & Widgets,5,61,225,4,1.49
watch-faces,Facer,apple watch wallpaper gallery,5,40,198,35,0.71
watch-faces,Facer,watch face gallery background,5,54,219,4,1.49
watch-faces,Facer,Ninja 3 Smart Watch,5,,215,2,2.29
watch-faces,Facer,watch faces gallery & ultra,5,50,235,86,0.58
watch-faces,Facer,watch+,5,62,249,6,1.24
watch-faces,Facer,watch facers,5,52,247,1,5.00
watch-faces,Facer,Watch Facer Maker,5,57,220,1,5.00
watch-faces,Facer,watch facers maker,5,48,235,14,0.91
watch-faces,Facer,watcg faces,5,54,248,1,5.00
watch-faces,Facer,rolex watch faces,5,53,246,5,1.34
watch-faces,Facer,faceme,5,70,220,92,0.58
watch-faces,Facer,ultra watch face,5,54,248,4,1.49
watch-faces,Facer,anime watch faces,5,46,214,3,1.74
watch-faces,Facer,Mostradores do Watch,5,42,25,6,1.24
watch-faces,Facer,ai watch face,5,52,242,1,5.00
watch-faces,Facer,wall face,5,,104,7,1.16
watch-faces,Facer,watch faces gallery background,5,50,237,41,0.68
watch-faces,Facer,fotoshop faces,5,63,220,15,0.89
watch-faces,Facer,watchly,5,68,249,3,1.74
watch-faces,Facer,Faser,5,92,240,1,5.00
watch-faces,Facer,watch faces and widgets,5,59,247,5,1.34
watch-faces,Facer,watch facs,5,48,244,1,5.00
watch-faces,Facer,analog watch faces,5,42,247,20,0.82
watch-faces,Facer,snoopy watch face,5,,248,2,2.29
watch-faces,Facer,ultrahuman ring sizer,5,22,21,18,0.84
watch-faces,Facer,appke watch,5,68,248,4,1.49
watch-faces,Facer,watch walpaper,5,56,231,1,5.00
watch-faces,Facer,watch faces gallery free,5,56,244,9,1.06
watch-faces,Facer,christmas watch faces,5,52,247,11,0.98
watch-faces,Facer,free apple faces,5,,249,4,1.49
watch-faces,Facer,Watch Faces ®,5,57,231,4,1.49
watch-faces,Facer,luxury watch faces gallery pro,5,45,237,106,0.56
watch-faces,Facer,watchlab wallpapers,5,55,244,11,0.98
watch-faces,Facer,face effcts,5,77,215,111,0.55
watch-faces,Facer,similar faces,5,81,213,11,0.98
watch-faces,Facer,表盘专辑,5,24,82,15,0.89
watch-faces,Facer,elderscrolls,5,73,188,173,0.51
watch-faces,Facer,(watch),5,48,242,134,0.54
watch-faces,Facer,apple watch ultra 2,5,54,248,9,1.06
watch-faces,Facer,luxury watch face,5,67,247,7,1.16
watch-faces,Facer,caratulas de reloj,5,47,46,5,1.34
watch-faces,Facer,watch facee,5,54,247,1,5.00
watch-faces,Facer,iWatch Faces & Watch Wallpaper,5,55,234,3,1.74
watch-faces,Facer,premium watch faces,5,63,248,3,1.74
watch-faces,Facer,iWatch Faces : Luxury,5,49,220,21,0.81
watch-faces,Facer,iWatch Faces & betterwatch,5,48,239,24,0.78
watch-faces,Facer,Watch Faces - BetterWatch,5,53,232,4,1.49
watch-faces,Facer,ultra noise,5,,37,15,0.89
watch-faces,Facer,💫,5,,248,230,0.49
watch-faces,Facer,bodyface,5,61,233,89,0.58
watch-faces,Facer,apple watch ultra 2 faces,5,54,247,2,2.29
watch-faces,Facer,3D Face Maker,5,46,179,18,0.84
watch-faces,Facer,clockolog,5,57,198,25,0.77
watch-faces,Facer,Watchie,5,91,239,22,0.80
watch-faces,Facer,Watchy,5,63,247,8,1.10
watch-faces,Facer,apple watch-,5,66,232,5,1.34
watch-faces,Facer,watch faces classics,5,54,31,9,1.06
watch-faces,Facer,luxury. watch faces,5,40,235,30,0.74
watch-faces,Facer,how attractive,5,61,216,12,0.96
watch-faces,Facer,Facy,5,,217,25,0.77
watch-faces,Facer,watchface gallery,5,55,249,1,5.00
watch-faces,Facer,lose face fat,5,49,206,25,0.77
watch-faces,Facer,faced,5,57,202,1,5.00
watch-faces,Facer,cute face,5,,206,55,0.64
watch-faces,Facer,watch timely,5,53,212,154,0.52
watch-faces,Facer,esferas de apple watch,5,45,243,31,0.73
watch-faces,Facer,whatchsapp,5,82,231,12,0.96
watch-faces,Facer,compare faces,5,,193,17,0.86
watch-faces,Facer,cartier apple watch face,5,53,249,4,1.49
watch-faces,Facer,cartier watch face,5,54,248,4,1.49
watch-faces,Facer,luxury watch faces gallery,5,50,241,148,0.53
watch-faces,Facer,apple watch app for ipad free,5,51,248,152,0.52
watch-faces,Facer,apple watch錶面,5,53,250,10,1.02
watch-faces,Facer,表盘,5,53,212,3,1.74
watch-faces,Facer,watch faces studio,5,57,232,42,0.68
watch-faces,Facer,custom todo,5,55,200,18,0.84
watch-faces,Facer,Mostradores para Relógio Watch,5,13,18,12,0.96
watch-faces,Facer,iwatch widget,5,,250,64,0.62
watch-faces,Facer,watch faces widgets gallery,5,46,233,45,0.67
watch-faces,Facer,casio apple watch face,5,53,220,1,5.00
watch-faces,Facer,Watch Faces Wallpaper Gallery.,5,37,209,21,0.81
watch-faces,Facer,iWatch Faces Wallpaper Gallery,5,55,203,4,1.49
watch-faces,Facer,watch facces,5,59,248,1,5.00
watch-faces,Facer,premium apple watch faces,5,87,226,3,1.74
watch-faces,Facer,ساعة ابل,5,51,249,13,0.93
watch-faces,Facer,clock ology,5,53,101,2,2.29
watch-faces,Facer,ewatch faces,5,60,250,1,5.00
watch-faces,Facer,ewatch faces gallery,5,45,235,61,0.63
watch-faces,Facer,ewatch face gallery,5,37,215,9,1.06
watch-faces,Facer,custom iwatch,5,48,237,95,0.57
watch-faces,Facer,custom iwatch faces,5,47,109,26,0.76
watch-faces,Facer,design iwatch,5,49,245,113,0.55
watch-faces,Facer,cartier watch faces,5,30,249,3,1.74
watch-faces,Facer,watch faces animated,5,29,247,5,1.34
watch-faces,Facer,itime watch face,5,54,237,3,1.74
watch-faces,Facer,itime watch faces,5,54,237,4,1.49
watch-faces,Facer,itime faces,5,87,244,25,0.77
watch-faces,Facer,watch dials gallery,5,87,246,152,0.52
watch-faces,Facer,apple watch face design,5,50,232,29,0.74
watch-faces,Facer,watch faces studio gallery,5,54,219,8,1.10
watch-faces,Facer,watch faces widget gallery,5,50,231,45,0.67
watch-faces,Facer,custom watch widget,5,44,237,8,1.10
watch-faces,Facer,faceshop,5,79,214,31,0.73
watch-faces,Facer,Watcface,5,20,213,29,0.74
watch-faces,Facer,cool watch faces,5,54,248,1,5.00
watch-faces,Facer,coolz watch faces,5,96,214,6,1.24
watch-faces,Facer,watch faces 3d,5,54,247,3,1.74
watch-faces,Facer,#1 watch faces,5,54,234,3,1.74
watch-faces,Facer,clockface,5,51,247,21,0.81
watch-faces,Facer,Watch Faces - Coolz,5,19,233,138,0.53
watch-faces,Facer,track face care,5,76,228,20,0.82
watch-faces,Facer,watch face themes,5,34,227,18,0.84
watch-faces,Facer,watch faces theme,5,53,54,4,1.49
watch-faces,Facer,pixface,5,34,190,11,0.98
watch-faces,Facer,gameboy wallpapers,5,37,14,8,1.10
watch-faces,Facer,apple watch faces ai,5,40,244,196,0.50
watch-faces,Facer,watch faces coolz,5,52,248,2,2.29
watch-faces,Facer,halloween watch faces for free,5,42,237,155,0.52
watch-faces,Facer,watch faces for smart watches,5,58,246,3,1.74
watch-faces,Facer,fit 10,5,92,185,139,0.53
watch-faces,Facer,watchfaces gallery,5,52,223,3,1.74
watch-faces,Facer,watchfaces - gallery,5,,239,90,0.58
watch-faces,Facer,watch faces albums,5,48,61,2,2.29
watch-faces,Facer,watch faces gallery #1,5,53,216,4,1.49
watch-faces,Facer,fillout,5,75,247,179,0.51
watch-faces,Facer,watch face apps like clockology,5,55,247,2,2.29
watch-faces,Facer,watch faces apps released recently,5,63,4,1,5.00
watch-faces,Facer,watch face creator apps like watch faces,5,49,236,16,0.87
watch-faces,Facer,popular watch faces and wallpaper apps,5,27,234,7,1.16
watch-faces,Facer,1 faces,5,41,207,2,2.29
watch-faces,Facer,feces,5,65,238,2,2.29
watch-faces,Facer,luxury watch faces+,5,40,235,49,0.66
watch-faces,Facer,live iwatch face smart widgets,5,43,240,220,0.49
watch-faces,Facer,betterwatch faces,5,57,249,1,5.00
watch-faces,Facer,grinch watch face,5,53,225,3,1.74
watch-faces,Facer,faceless ia,5,42,242,237,0.49
watch-faces,Facer,facel,5,94,220,64,0.62
watch-faces,Facer,watch faces albums & widgets,5,50,232,133,0.54
watch-faces,Facer,temperie watch faces,5,54,248,5,1.34
watch-faces,Facer,boy face,5,48,243,142,0.53
watch-faces,Facer,apple wath,5,64,247,4,1.49
watch-faces,Facer,timely album,5,90,7,6,1.24
watch-faces,Facer,faces designer,5,33,218,19,0.83
watch-faces,Facer,face prim,5,76,217,14,0.91
watch-faces,Facer,face prism,5,40,207,31,0.73
watch-faces,Facer,luxury watch faces gallery+,5,44,236,99,0.57
watch-faces,Facer,whatchs app,5,91,248,8,1.10
watch-faces,Facer,watch aps,5,91,244,3,1.74
watch-faces,Facer,watch faces: gallery,5,47,231,74,0.60
watch-faces,Facer,watch face galerry,5,44,236,108,0.56
watch-faces,Facer,phone time out,5,37,212,159,0.52
watch-faces,Facer,watch faces hub,5,58,228,1,5.00
watch-faces,Facer,watch faces gallery and widgets,5,59,248,6,1.24
watch-faces,Facer,dall i,5,53,210,90,0.58
watch-faces,Facer,y2k wallpapers,5,,74,60,0.63
watch-faces,Facer,kid face,5,78,224,23,0.79
watch-faces,Facer,whatswa,5,89,217,163,0.52
watch-faces,Facer,watch face hub,5,54,240,95,0.57
watch-faces,Facer,watchfaceshub,5,55,219,1,5.00
watch-faces,Facer,watchface hub,5,52,224,7,1.16
watch-faces,Facer,apple watch faces hub,5,54,222,11,0.98
watch-faces,Facer,watchfaces hub,5,92,221,30,0.74
watch-faces,Facer,手錶表面,5,,31,13,0.93
watch-faces,Facer,ai face watch,5,40,236,160,0.52
watch-faces,Facer,face color,5,72,222,106,0.56
watch-faces,Facer,watch faces - gallery,5,42,210,55,0.64
watch-faces,Facer,faceshot,5,69,225,39,0.69
watch-faces,Facer,luxury watch faces: gallery,5,44,237,59,0.63
watch-faces,Facer,face look,5,74,218,175,0.51
watch-faces,Facer,iwatch faces hub,5,57,217,6,1.24
watch-faces,Facer,falling star,5,62,209,73,0.60
watch-faces,Facer,watch faces & widgets,5,51,223,3,1.74
watch-faces,Facer,face shape finder - facetype,5,,212,41,0.68
watch-faces,Facer,face shape finder - faceratio,5,,217,44,0.67
watch-faces,Facer,step counter widget watch,5,,224,52,0.65
watch-faces,Facer,welltory watch,5,70,248,162,0.52
watch-faces,Facer,apple watch companion,5,65,246,2,2.29
watch-faces,Facer,apple watch google calendar,5,,226,45,0.67
watch-faces,Facer,clock watchface,5,29,215,2,2.29
watch-faces,Facer,wall-clock,5,25,95,64,0.62
watch-faces,Facer,face shape finder - faceform,5,76,215,37,0.70
watch-faces,Facer,2fa for watch,5,,236,56,0.64
watch-faces,Facer,tuner for apple watch,5,,223,16,0.87
watch-faces,Facer,custom apple watch face,5,,92,1,5.00
watch-faces,Facer,share+: facetime watch party,5,87,237,185,0.51
watch-faces,Facer,watchly faces,5,,236,67,0.61
watch-faces,Facer,ai watch face generator,5,43,241,170,0.51
watch-faces,Facer,apple watchfaces,5,52,249,1,5.00
watch-faces,Facer,watch faces apple,5,,247,2,2.29
watch-faces,Facer,steps watch face,5,,229,3,1.74
watch-faces,Facer,face style,5,77,225,92,0.58
watch-faces,Facer,custom widgets kit,5,,227,218,0.49
watch-faces,Facer,apple watch faces cartier,5,54,247,3,1.74
watch-faces,Facer,app watcher,5,,246,6,1.24
watch-faces,Facer,watch faces luxury,5,56,249,8,1.10
watch-faces,Facer,deep facer,5,37,108,107,0.56
watch-faces,Facer,pple watch,5,,250,31,0.73
watch-faces,Facer,watch face gallery 1,5,,223,2,2.29
watch-faces,Facer,carátulas para reloj watch gratis,5,75,247,17,0.86
watch-faces,Facer,caratulas gratis,5,38,82,10,1.02
watch-faces,Facer,caratula rolex,5,34,77,66,0.62
watch-faces,Facer,watch%20faces,5,52,213,6,1.24
watch-faces,Facer,timely%20watch%20faces,5,87,240,223,0.49
watch-faces,Facer,watch%20faces%20free,5,53,245,58,0.63
watch-faces,Facer,face%20keyboard,5,81,212,20,0.82
watch-faces,Facer,watch%20faces%3A%20gallery,5,40,238,27,0.76
watch-faces,Facer,watch%20faces%20gallery%20and%20widgets,5,51,240,46,0.67
watch-faces,Facer,face%20emoji%20keyboard,5,74,188,56,0.64
watch-faces,Facer,fire%20watch,5,73,123,5,1.34
watch-faces,Facer,best%20apps,5,63,176,115,0.55
watch-faces,Facer,apple%20watch%20faces%20hub,5,46,225,6,1.24
watch-faces,Facer,face%20rater,5,63,223,112,0.55
watch-faces,Facer,watch%20game,5,48,179,27,0.76
watch-faces,Facer,face%20call,5,61,225,15,0.89
watch-faces,Facer,apps%20for%20apple%20watch,5,87,245,245,0.48
watch-faces,Facer,iphone%20watch%20app,5,87,243,164,0.52
watch-faces,Facer,face%20over,5,73,198,26,0.76
watch-faces,Facer,free%20apps%20for%20apple%20watch,5,87,249,163,0.52
watch-faces,Facer,3%20d,5,68,203,140,0.53
watch-faces,Facer,watch%20face%20gallery,5,47,238,59,0.63
watch-faces,Facer,luxury%20watch%20faces,5,44,241,100,0.57
watch-faces,Facer,apple%20watch%20ultra%202%20faces,5,54,237,1,5.00
watch-faces,Facer,face%20swap%20app,5,77,223,61,0.63
watch-faces,Facer,future%20face,5,55,238,21,0.81
watch-faces,Facer,face%20maker,5,,206,39,0.69
watch-faces,Facer,apple%20watch%20face%20gallery,5,57,239,8,1.10
watch-faces,Facer,watch%20face%20albums,5,42,238,104,0.56
watch-faces,Facer,face%20scan,5,70,213,34,0.71
watch-faces,Facer,apple%20watch%20faces%20free,5,53,241,8,1.10
watch-faces,Facer,watch%20faces%20for%20apple%20watch,5,53,242,7,1.16
watch-faces,Facer,apple%20watch%20apps%20free,5,87,248,91,0.58
watch-faces,Facer,Face%20check%20id,5,77,190,30,0.74
watch-faces,Facer,watch%20browser,5,41,224,8,1.10
watch-faces,Facer,watch%20face%20hub,5,34,223,8,1.10
watch-faces,Facer,premium%20watch%20faces,5,42,240,137,0.53
watch-faces,Facer,face%20%20swap,5,32,222,143,0.53
watch-faces,Facer,face%20swap%20video,5,58,219,127,0.54
watch-faces,Facer,face%20id,5,72,222,28,0.75
watch-faces,Facer,face%20tracking,5,40,203,26,0.76
watch-faces,Facer,dall%20e,5,82,8,4,1.49
watch-faces,Facer,a%20i,5,63,206,142,0.53
watch-faces,Facer,face%20game,5,35,183,36,0.70
watch-faces,Facer,para%20app,5,64,188,119,0.55
watch-faces,Facer,I%20a,5,60,206,140,0.53
watch-faces,Facer,face%20makeup,5,59,191,27,0.76
watch-faces,Facer,face%20up,5,51,202,29,0.74
watch-faces,Facer,apple%20watch%20app,5,87,240,130,0.54
watch-faces,Facer,apple%20watch%20app%20for%20ipad%20free,5,87,246,67,0.61
watch-faces,Facer,watch%20faces%20hub,5,36,239,99,0.57
watch-faces,Facer,best%20ipad%20apps,5,81,242,155,0.52
watch-faces,Facer,ultra%20one,5,53,14,5,1.34
watch-faces,Facer,face%20and%20body%20editor,5,61,223,69,0.61
watch-faces,Facer,face%20swap%20ai,5,41,230,26,0.76
watch-faces,Facer,free%20backgrounds,5,51,138,101,0.56
watch-faces,Facer,caratulas%20apple%20watch%20gratis,5,44,56,39,0.69
watch-faces,Facer,watch%20face,5,33,224,5,1.34
watch-faces,Facer,watch%20wallpaper,5,33,209,7,1.16
watch-faces,Facer,i%20an,5,66,213,127,0.54
watch-faces,Facer,temperie%20watch%20faces,5,44,240,178,0.51
watch-faces,Facer,face%20games,5,29,169,51,0.65
watch-faces,Facer,apple%20watch%20faces,5,37,239,10,1.02
watch-faces,Facer,watch%20face%20apps%20like%20clockology,5,54,245,45,0.67
watch-faces,Facer,disney%20watch%20faces,5,62,243,52,0.65
watch-faces,Facer,live%20watch%20faces,5,58,216,30,0.74
watch-faces,Facer,face%20emojis,5,56,209,18,0.84
watch-faces,Facer,uxury watch faces gallery,5,47,234,131,0.54
watch-faces,Facer,watch faces hubcarátulas para reloj watc,5,,243,33,0.72
watch-faces,Facer,watch faces 1,5,,238,11,0.98
watch-faces,Facer,càratulas,5,,72,1,5.00
watch-faces,Facer,watch  faces: gallery,5,48,216,25,0.77
watch-faces,Facer,prime watch faces,5,55,239,1,5.00
watch-faces,Facer,caratulas watch gratis,5,44,246,99,0.57
watch-faces,Facer,watch faces gallery hub,5,,238,128,0.54
watch-faces,Facer,apple%20watch%20wallpaper,5,,196,7,1.16
watch-faces,Facer,free%20apple%20watch%20faces,5,,244,26,0.76
watch-faces,Facer,t%20mobile,5,,175,162,0.52
watch-faces,Facer,best%20apple%20watch%20apps,5,87,250,182,0.51
watch-faces,Facer,watch%20faces%20widgets,5,51,239,58,0.63
watch-faces,Facer,facetime%20filters,5,,207,29,0.74
watch-faces,Facer,i%20pad,5,,95,32,0.73
watch-faces,Facer,apple%20watch%20app%20for%20ipad,5,87,243,85,0.58
watch-faces,Facer,apple%20watch%20apps,5,87,243,101,0.56
watch-faces,Facer,face%20ai,5,,220,32,0.73
watch-faces,Facer,face%20slimming%20app,5,,202,37,0.70
watch-faces,Facer,face%20mixer,5,,210,42,0.68
watch-faces,Facer,c%20a,5,,214,97,0.57
watch-faces,Facer,notes%20for%20apple%20watch,5,,209,17,0.86
watch-faces,Facer,face%20age,5,,201,23,0.79
watch-faces,Facer,a%20c%20pro,5,,218,88,0.58
watch-faces,Facer,watch%20faces%20gallery%201,5,54,237,8,1.10
watch-faces,Facer,iwatch%20faces,5,,226,8,1.10
watch-faces,Facer,fall%20out,5,,26,19,0.83
watch-faces,Facer,face%20app,5,,211,15,0.89
watch-faces,Facer,ten%20ten,5,,196,178,0.51
watch-faces,Facer,iwatch%20faces%20gallery%20apps%20free,5,36,243,34,0.71
watch-faces,Facer,watch%20faces%20gallery,5,40,237,30,0.74
watch-faces,Facer,apple%20watch%20wallpapers,5,36,234,149,0.53
watch-faces,Facer,apple%20watch%20face,5,55,239,7,1.16
watch-faces,Facer,apple%20watch%20ultra%202,5,87,249,26,0.76
watch-faces,Facer,apple%20clock,5,,194,64,0.62
watch-faces,Facer,prime watch faces gallery,5,58,223,7,1.16
watch-faces,Facer,browser for apple watch,5,,216,34,0.71
watch-faces,Facer,xlabs digital hizmetler,5,,233,4,1.49
watch-faces,Facer,face mapping,5,75,225,19,0.83
watch-faces,Facer,clokcology,5,,114,2,2.29
watch-faces,Facer,facet watch gallery,5,,229,1,5.00
watch-faces,Facer,face s wap,5,40,235,28,0.75
watch-faces,Facer,face enhancement,5,64,235,18,0.84
watch-faces,Facer,for handy man,5,,221,55,0.64
watch-faces,Facer,chronoly,5,51,248,12,0.96
watch-faces,Facer,watch face pro,5,,218,2,2.29
watch-faces,Facer,face shape finder faceshape,5,,214,74,0.60
watch-faces,Facer,watch faces hubcartulas para reloj watc,5,,244,31,0.73
watch-faces,Facer,ai watch faces generation,5,56,236,16,0.87
watch-faces,Facer,trendy watch faces,5,,235,145,0.53
watch-faces,Facer,watch faces wallpaper,5,61,216,8,1.10
watch-faces,Facer,clarity watch faces,5,56,248,2,2.29
watch-faces,Facer,watch facely - watch faces,5,37,209,6,1.24
watch-faces,Facer,spfuv,5,,221,151,0.52
watch-faces,Facer,prime watch facee,5,,242,104,0.56
watch-faces,Facer,prime watch face,5,55,242,1,5.00
watch-faces,Facer,face hider,5,50,183,29,0.74
watch-faces,Facer,asymmetric face,5,,182,28,0.75
watch-faces,Facer,app facet watch faces,5,57,248,1,5.00
watch-faces,Facer,watchio watch faces,5,51,247,1,5.00
watch-faces,Facer,watchly:,5,61,247,4,1.49
watch-faces,Facer,iwatch faces - top watch - #1,5,,239,6,1.24
watch-faces,Facer,high cortizol face,5,,216,64,0.62
watch-faces,Facer,symmetric face,5,,222,61,0.63
watch-faces,Facer,apple watch faces luxury,5,56,248,5,1.34
watch-faces,Facer,body and face,5,70,230,190,0.50
watch-faces,Facer,wtch,5,,244,9,1.06
watch-faces,Facer,fask,5,,233,82,0.59
watch-faces,Facer,apple watcg,5,,248,5,1.34
watch-faces,Facer,face vitality,5,,223,32,0.73
watch-faces,Facer,face fit,5,,228,30,0.74
watch-faces,Facer,puffy face,5,46,187,31,0.73
watch-faces,Facer,apple watch dials,5,51,249,2,2.29
watch-faces,Facer,watch faces spark pro,5,56,244,1,5.00
watch-faces,Facer,face sharp,5,,207,27,0.76
watch-faces,Facer,ultrahuan,5,81,50,44,0.67
watch-faces,Facer,iwatchapple watch faces,5,,222,4,1.49
watch-faces,Facer,future self face,5,,217,41,0.68
watch-faces,Facer,watch face app im var ui ux freelance tu,5,,243,154,0.52
watch-faces,Facer,face w,5,,223,3,1.74
watch-faces,Facer,thwatch,5,46,250,123,0.54
watch-faces,Facer,thwatch,5,85,247,38,0.70
watch-faces,Facer,themywatch,5,59,248,6,1.24
watch-faces,Facer,face features,5,,229,59,0.63
watch-faces,Facer,reading face,5,,203,28,0.75
watch-faces,Facer,clear face app,5,,225,42,0.68
watch-faces,Facer,call out,5,,197,44,0.67
watch-faces,Facer,faceal,5,66,210,109,0.56
watch-faces,Facer,fake teeth app,5,,216,174,0.51
watch-faces,Facer,reaplce,5,,228,154,0.52
watch-faces,Facer,thumb pull,5,,200,27,0.76
watch-faces,Facer,genetic face,5,53,205,20,0.82
watch-faces,Facer,face foundri,5,,200,21,0.81
watch-faces,Facer,white face,5,,201,20,0.82
watch-faces,Facer,face cosmetic,5,,199,38,0.70
watch-faces,Facer,faceswap poster,5,,216,22,0.80
watch-faces,Facer,face style switch,5,,207,36,0.70
watch-faces,Facer,swich face,5,,211,52,0.65
watch-faces,Facer,minimalist watch faces,5,39,233,121,0.55
watch-faces,Facer,face light,5,,221,25,0.77
watch-faces,Facer,my face nation,5,,195,28,0.75
watch-faces,Facer,roast face,5,30,220,29,0.74
watch-faces,Facer,best health living,5,,214,50,0.65
watch-faces,Facer,morphai,5,,234,58,0.63
watch-faces,Facer,face reverse,5,,220,49,0.66
watch-faces,Facer,face ate,5,,193,27,0.76
watch-faces,Facer,biometrictime best,5,,238,7,1.16
watch-faces,Facer,faces facer editor,5,,214,1,5.00
watch-faces,Facer,faceover photo faces,5,,203,4,1.49
watch-faces,Facer,faceover photo face,5,,200,20,0.82
watch-faces,Facer,facecopy face swaps,5,,228,20,0.82
watch-faces,Facer,swapto face swaps,5,,216,177,0.51
watch-faces,Facer,swapto face swap,5,,220,185,0.51
watch-faces,Facer,facey face editors,5,,194,34,0.71
watch-faces,Facer,face body photo,5,,220,41,0.68
watch-faces,Facer,tune face body,5,,232,23,0.79
watch-faces,Facer,body tune face photo,5,,224,52,0.65
watch-faces,Facer,tune face photos,5,,214,51,0.65
watch-faces,Facer,body tune faces,5,,232,5,1.34
watch-faces,Facer,faceai face swaps,5,,217,91,0.58
watch-faces,Facer,faceai face swap any,5,,196,61,0.63
watch-faces,Facer,faceai face swap anys,5,,214,70,0.61
watch-faces,Facer,swapify face swaps,5,,203,100,0.57
watch-faces,Facer,incredimoji celebrity faceswaps,5,,211,84,0.59
watch-faces,Facer,slim face body,5,,230,144,0.53
watch-faces,Facer,slim face bodys,5,,231,111,0.55
watch-faces,Facer,maker future face,5,,216,5,1.34
watch-faces,Facer,maker future faces,5,,223,12,0.96
watch-faces,Facer,fabe,5,,224,21,0.81
watch-faces,Facer,fac skin,5,,233,81,0.59
watch-faces,Facer,selfie face,5,66,163,70,0.61
watch-faces,Facer,ultra human,5,,37,36,0.70
watch-faces,Facer,app store for garmin watch users,5,,225,11,0.98
watch-faces,Facer,face face aging,5,,208,49,0.66
watch-faces,Facer,face picsart,5,,204,23,0.79
watch-faces,Facer,effects face,5,,192,20,0.82
watch-faces,Facer,filters face,5,,213,208,0.50
watch-faces,Facer,background face,5,,239,163,0.52
watch-faces,Facer,removal face,5,,211,34,0.71
watch-faces,Facer,pic face,5,,234,163,0.52
watch-faces,Facer,quick face,5,,203,34,0.71
watch-faces,Facer,pro face,5,,217,33,0.72
watch-faces,Facer,picsart face,5,,206,17,0.86
watch-faces,Facer,design face,5,,229,2,2.29
watch-faces,Facer,watch faces gallery - widgets.,5,,227,8,1.10
watch-faces,Facer,fix face asymmetry,5,,210,121,0.55
watch-faces,Facer,face timeline,5,,207,50,0.65
watch-faces,Facer,face frame calculator,5,,231,86,0.58
watch-faces,Facer,goface,5,,213,12,0.96
watch-faces,Facer,widget tweak,5,,205,11,0.98
watch-faces,Facer,apple watch ifit,5,,250,75,0.60
watch-faces,Facer,roelx watch faces,5,,237,124,0.54
watch-faces,Facer,top watch faces,5,,225,2,2.29
watch-faces,Facer,apple watch gallery,5,54,250,4,1.49
watch-faces,Facer,sports watch faces,5,,248,1,5.00
watch-faces,Facer,rolex apple watch faces,5,,247,17,0.86
watch-faces,Facer,rolex apple watch,5,,249,182,0.51
watch-faces,Facer,facet watch faces,5,,222,2,2.29
watch-faces,Facer,caratulas de apple watch,5,,228,1,5.00
watch-faces,Facer,watch facexs,5,,237,91,0.58
watch-faces,Facer,fibi,5,,201,123,0.54
watch-faces,Facer,face mask timer,5,,209,3,1.74
watch-faces,Facer,water eject apple watch,5,,234,5,1.34
watch-faces,Facer,face fortune,5,,184,26,0.76
watch-faces,Facer,communicate face,5,76,175,23,0.79
watch-faces,Facer,ai face diagnosis :facechecker,5,,232,43,0.68
watch-faces,Facer,apple watch body battery,5,,206,8,1.10
watch-faces,Facer,apple watch dials free,5,,250,8,1.10
watch-faces,Facer,apple watch nike,5,,248,6,1.24
watch-faces,Facer,apple watch ultra 3 faces,5,,250,1,5.00
watch-faces,Facer,customize background,5,,209,125,0.54
watch-faces,Facer,luxury apple watch faces free,5,,227,10,1.02
watch-faces,Facer,face miz,5,,170,71,0.61
watch-faces,Facer,world cupt,5,,196,124,0.54
watch-faces,Facer,new thing,5,,180,22,0.80
watch-faces,Facer,ben 9,5,,206,171,0.51
watch-faces,Facer,smart widget labs,5,,229,149,0.53
watch-faces,Facer,square face maker,5,,209,6,1.24
watch-faces,Facer,apple watch zifferblätter app,5,,236,10,1.02
watch-faces,Facer,free apple watch zifferblätter,5,,245,75,0.60
watch-faces,Facer,free apple watch faces app,5,,235,1,5.00
watch-faces,Facer,free apple watch faces game,5,,239,178,0.51
watch-faces,Facer,free apple watch faces best,5,,238,29,0.74
watch-faces,Facer,free apple watch faces online,5,,236,1,5.00
watch-faces,Facer,top smartwatch,5,,225,4,1.49
watch-faces,Facer,sidereus,5,,229,18,0.84
watch-faces,Facer,top itouch wearables,5,,230,13,0.93
watch-faces,Facer,casio best,5,,22,5,1.34
watch-faces,Facer,is it rolex,5,,232,34,0.71
watch-faces,Facer,zonex,5,,87,2,2.29
watch-faces,Facer,ai face searchü,5,,243,63,0.62
watch-faces,Facer,mask collection log,5,,201,41,0.68
watch-faces,Facer,health back,5,,230,104,0.56
watch-faces,Facer,my video strangers app game,5,,180,152,0.52
watch-faces,Facer,review touch face,5,,195,36,0.70
watch-faces,Facer,face story review,5,,201,35,0.71
watch-faces,Facer,review face story,5,,200,33,0.72
watch-faces,Facer,reviews face story,5,,195,36,0.70
watch-faces,Facer,wolrd cup,5,,193,122,0.55
watch-faces,Facer,face kit d,5,,222,11,0.98
watch-faces,Facer,wristwatch recognition,5,,225,7,1.16
watch-faces,Facer,watch model lookup,5,,230,4,1.49
watch-faces,Facer,atch,5,,239,7,1.16
watch-faces,Facer,face mem,5,,215,64,0.62
watch-faces,Facer,watch face widget,5,40,246,15,0.89
watch-faces,Facer,watch faces themes,5,32,234,139,0.53
watch-faces,Facer,forky,5,,211,134,0.54
watch-faces,Facer,disney first time,5,,109,92,0.58
watch-faces,Facer,facewap,5,,212,169,0.51
watch-faces,Facer,hot face,5,,221,62,0.62
watch-faces,Facer,lookface,5,,209,127,0.54
watch-faces,Facer,iphone 1,5,,222,113,0.55
watch-faces,Facer,秒钟,5,,240,204,0.50
watch-faces,Facer,apple watch clock,5,,245,7,1.16
watch-faces,Facer,custom clocks,5,,225,52,0.65
watch-faces,Facer,moji reloj,5,,248,110,0.56
watch-faces,Facer,reloj control,5,,248,198,0.50
watch-faces,Facer,reloj hablante,5,,250,106,0.56
watch-faces,Facer,oraya,5,,233,139,0.53
watch-faces,Facer,wallpaper designer for watch,5,,211,34,0.71
watch-faces,Facer,watch faces by watch facer,5,,218,1,5.00
watch-faces,Facer,face drawing,5,,218,67,0.61
watch-faces,Facer,apple waych,5,63,248,4,1.49
watch-faces,Facer,apple waytch,5,,247,5,1.34
watch-faces,Facer,esferas apple watch gratis,,33,250,13,
watch-faces,Facer,watch face make,,,219,3,
watch-faces,Facer,pantalla transmitir samsung transmitir,,34,72,62,
watch-faces,Facer,samsung transmitir pantalla,,34,72,56,
watch-faces,Facer,face a[[,,,223,20,
watch-faces,Facer,face%20analyzer,,,216,67,
watch-faces,Facer,face%20retouch,,,201,16,
watch-faces,Facer,face%20ai%20deep%20fake%20video%20swap,,,193,77,
watch-faces,Facer,free%20face%20swap%20app,,,232,53,
watch-faces,Facer,top%20top,,,161,48,
watch-faces,Facer,ultra%20mobile,,,38,25,
watch-faces,Facer,face%20book,,,215,23,
watch-faces,Facer,face%20watch,,,224,3,
watch-faces,Facer,watch%20faces%20by%20facer,,50,238,1,
watch-faces,Facer,로지아이,,,60,54,
watch-faces,Facer,faceapp perfect faces,,,211,4,
watch-faces,Facer,faceapp perfect face,,,208,22,
watch-faces,Facer,face body photos,,,224,42,
watch-faces,Facer,tune face body photo,,,224,42,
watch-faces,Facer,facelab face bodys,,,224,41,
watch-faces,Facer,facelab face body,,,226,39,
watch-faces,Facer,body tune face,,,229,28,
watch-faces,Facer,polish face,,,210,21,
watch-faces,Facer,facewatcher,,,196,3,
watch-faces,Facer,watch-faces-by-watchfacer,,,223,2,
watch-faces,Facer,punch w/ sound effect,,,203,48,
watch-faces,Facer,fcae app,,,230,95,
watch-faces,Facer,фасе ап,,,234,86,
watch-faces,Facer,фэйс ап,,,226,215,
watch-faces,Facer,calculator app for pixel watch,,,238,13,
watch-faces,Facer,face bk,,,211,114,
watch-faces,Facer,壁,,47,239,199,
watch-faces,Facer,壁面,,42,247,142,
watch-faces,Facer,face scan apple,,,242,170,
watch-faces,Facer,watch faces gallery ai face,,,236,15,
watch-faces,Facer,ai face watch faces gallery,,,235,20,
watch-faces,Clockology,apple watch,67,75,246,25,10.35
watch-faces,Clockology,watch,65,73,238,31,9.50
watch-faces,Clockology,face,61,100,245,192,6.13
watch-faces,Clockology,ch,58,100,248,231,5.65
watch-faces,Clockology,ت,54,,247,93,6.20
watch-faces,Clockology,fallout,53,80,245,112,5.87
watch-faces,Clockology,apple watch faces free,53,55,248,7,12.30
watch-faces,Clockology,clima,53,95,249,224,5.19
watch-faces,Clockology,iwatch,51,64,248,18,8.62
watch-faces,Clockology,clockology,51,61,250,1,51.00
watch-faces,Clockology,tempo,50,89,247,241,4.84
watch-faces,Clockology,first watch app,50,,248,198,5.00
watch-faces,Clockology,ウォッチ,50,28,244,39,6.91
watch-faces,Clockology,retake,49,85,249,139,5.22
watch-faces,Clockology,apple watch faces,46,56,248,2,21.11
watch-faces,Clockology,watch app,44,89,248,76,5.26
watch-faces,Clockology,apple watch apps,44,68,247,22,7.03
watch-faces,Clockology,تصاميم,41,95,249,151,4.30
watch-faces,Clockology,quadranti apple watch gratis,40,34,250,1,40.00
watch-faces,Clockology,表,37,54,236,169,3.80
watch-faces,Clockology,iwatch apps free,35,88,249,31,5.12
watch-faces,Clockology,페이스,34,91,245,19,5.66
watch-faces,Clockology,cadran apple watch gratuit,34,49,249,3,11.85
watch-faces,Clockology,watch face,31,69,247,2,14.23
watch-faces,Clockology,watch faces free,31,50,248,10,6.30
watch-faces,Clockology,fallout watch face,31,56,249,2,14.23
watch-faces,Clockology,free apple watch faces free,31,54,249,10,6.30
watch-faces,Clockology,caratulas apple watch,29,53,247,10,5.90
watch-faces,Clockology,watch アプリ,28,85,249,155,2.92
watch-faces,Clockology,desin,25,,248,232,2.44
watch-faces,Clockology,free watch faces for apple watch,25,39,248,7,5.80
watch-faces,Clockology,apple watch widgets,17,75,246,6,4.20
watch-faces,Clockology,приложение для часов,15,49,187,90,1.73
watch-faces,Clockology,caratulas,11,48,93,26,1.68
watch-faces,Clockology,sfondi animati,10,49,183,54,1.28
watch-faces,Clockology,apple watch face,9,58,240,2,4.13
watch-faces,Clockology,reveil matin,9,,241,235,0.87
watch-faces,Clockology,mat,9,96,242,46,1.20
watch-faces,Clockology,watch faces for apple watch,9,54,243,3,3.14
watch-faces,Clockology,apple watch zifferblätter,9,51,249,7,2.09
watch-faces,Clockology,clockology watch faces,9,,249,1,9.00
watch-faces,Clockology,top watch,9,53,247,3,3.14
watch-faces,Clockology,watch lab,9,58,249,13,1.68
watch-faces,Clockology,apple watch apps free,8,87,247,60,1.00
watch-faces,Clockology,facer,8,62,250,2,3.67
watch-faces,Clockology,free apple watch faces,8,54,244,7,1.86
watch-faces,Clockology,free watch faces,7,56,247,6,1.73
watch-faces,Clockology,caratulas apple watch gratis,7,51,248,20,1.15
watch-faces,Clockology,fall out,6,60,245,132,0.64
watch-faces,Clockology,tag heuer,6,51,61,53,0.77
watch-faces,Clockology,buddywatch,6,59,250,2,2.75
watch-faces,Clockology,andante,6,,44,14,1.09
watch-faces,Clockology,coolz,6,61,114,10,1.22
watch-faces,Clockology,face kit 3d,6,,185,144,0.63
watch-faces,Clockology,apple 5,5,72,244,135,0.54
watch-faces,Clockology,apple 7,5,56,238,171,0.51
watch-faces,Clockology,apple watch calendar,5,76,244,66,0.62
watch-faces,Clockology,apple watch app,5,64,248,19,0.83
watch-faces,Clockology,applewatch app,5,59,247,21,0.81
watch-faces,Clockology,faces,5,78,246,10,1.02
watch-faces,Clockology,fase app,5,,228,95,0.57
watch-faces,Clockology,best apple watch apps,5,77,247,28,0.75
watch-faces,Clockology,faces for apple watch,5,56,241,8,1.10
watch-faces,Clockology,apple iwatch,5,60,248,24,0.78
watch-faces,Clockology,apple watch activity,5,49,245,189,0.50
watch-faces,Clockology,apple watch wallpaper,5,55,246,7,1.16
watch-faces,Clockology,watchmaker,5,66,250,4,1.49
watch-faces,Clockology,ski apple watch,5,51,245,220,0.49
watch-faces,Clockology,desing,5,92,245,226,0.49
watch-faces,Clockology,watch history,5,79,246,105,0.56
watch-faces,Clockology,alterungs,5,86,232,106,0.56
watch-faces,Clockology,fact app,5,50,243,82,0.59
watch-faces,Clockology,fitbit watch faces,5,,248,27,0.76
watch-faces,Clockology,smart watch faces,5,60,242,10,1.02
watch-faces,Clockology,pace app,5,92,246,56,0.64
watch-faces,Clockology,rolex watch face,5,53,244,9,1.06
watch-faces,Clockology,time clock widget,5,79,238,127,0.54
watch-faces,Clockology,age challenge,5,58,234,157,0.52
watch-faces,Clockology,wget,5,74,236,198,0.50
watch-faces,Clockology,watch widget,5,78,244,5,1.34
watch-faces,Clockology,watch maker,5,94,218,4,1.49
watch-faces,Clockology,face challenge,5,,223,175,0.51
watch-faces,Clockology,watch face rolex,5,,219,7,1.16
watch-faces,Clockology,temperatura corporea,5,69,202,183,0.51
watch-faces,Clockology,2face,5,,219,112,0.55
watch-faces,Clockology,dự báo thời tiết,5,78,241,231,0.49
watch-faces,Clockology,watch theme,5,54,250,117,0.55
watch-faces,Clockology,watch face maker,5,60,247,3,1.74
watch-faces,Clockology,24h clock,5,12,23,10,1.02
watch-faces,Clockology,face shape glasses,5,97,223,150,0.52
watch-faces,Clockology,face x,5,,203,173,0.51
watch-faces,Clockology,bubblegum,5,53,73,39,0.69
watch-faces,Clockology,industrial design,5,74,225,116,0.55
watch-faces,Clockology,face type,5,72,229,66,0.62
watch-faces,Clockology,christmas watch face,5,54,221,14,0.91
watch-faces,Clockology,faceup app,5,,238,61,0.63
watch-faces,Clockology,calculadora apple watch,5,40,247,232,0.49
watch-faces,Clockology,face gallery,5,54,221,14,0.91
watch-faces,Clockology,crea sfondi,5,84,122,51,0.65
watch-faces,Clockology,apple watch whatsapp,5,86,239,10,1.02
watch-faces,Clockology,aplle watch,5,58,248,26,0.76
watch-faces,Clockology,customize apps,5,,220,209,0.50
watch-faces,Clockology,apple watch pairing,5,48,248,146,0.53
watch-faces,Clockology,whach,5,56,239,34,0.71
watch-faces,Clockology,facer app,5,,214,2,2.29
watch-faces,Clockology,solar alarm,5,49,248,49,0.66
watch-faces,Clockology,息屏时钟,5,,234,154,0.52
watch-faces,Clockology,history notification,5,,248,112,0.55
watch-faces,Clockology,face watch,5,51,242,7,1.16
watch-faces,Clockology,facets,5,71,213,84,0.59
watch-faces,Clockology,apple watch app for ipad,5,27,243,42,0.68
watch-faces,Clockology,esferas,5,45,249,32,0.73
watch-faces,Clockology,customize widgets,5,85,232,152,0.52
watch-faces,Clockology,watchfacely,5,53,214,3,1.74
watch-faces,Clockology,apple watch cadran,5,52,247,2,2.29
watch-faces,Clockology,watchsmith,5,59,248,2,2.29
watch-faces,Clockology,watch keyboard free,5,40,246,58,0.63
watch-faces,Clockology,Watch Facer,5,54,247,17,0.86
watch-faces,Clockology,watch faces by facer,5,57,200,4,1.49
watch-faces,Clockology,faces gallery,5,66,247,110,0.56
watch-faces,Clockology,whatsapp für apple watch,5,87,238,200,0.50
watch-faces,Clockology,face predictor,5,66,229,117,0.55
watch-faces,Clockology,carátulas,5,48,92,29,0.74
watch-faces,Clockology,iwatch faces gallery apps,5,54,214,13,0.93
watch-faces,Clockology,faceupp,5,74,198,179,0.51
watch-faces,Clockology,apple watch widget,5,77,245,6,1.24
watch-faces,Clockology,cadran watch,5,49,246,4,1.49
watch-faces,Clockology,watch faces app,5,60,244,7,1.16
watch-faces,Clockology,customize iphone free,5,,244,131,0.54
watch-faces,Clockology,واجهة,5,42,246,27,0.76
watch-faces,Clockology,rolex apple watch face,5,53,245,5,1.34
watch-faces,Clockology,animated watch faces,5,58,245,75,0.60
watch-faces,Clockology,facepalm,5,100,228,196,0.50
watch-faces,Clockology,fface,5,98,214,200,0.50
watch-faces,Clockology,morpher,5,81,236,189,0.50
watch-faces,Clockology,the watchapp 2,5,84,248,40,0.69
watch-faces,Clockology,watch face albums,5,52,223,74,0.60
watch-faces,Clockology,apple watch clock faces,5,56,248,3,1.74
watch-faces,Clockology,apple watch faces rolex,5,53,249,61,0.63
watch-faces,Clockology,apple watch background,5,52,245,148,0.53
watch-faces,Clockology,apple watch complications,5,57,246,4,1.49
watch-faces,Clockology,đông á,5,82,248,74,0.60
watch-faces,Clockology,wych,5,62,242,28,0.75
watch-faces,Clockology,watch design,5,49,245,1,5.00
watch-faces,Clockology,Watch interface,5,90,250,4,1.49
watch-faces,Clockology,free iphone watch faces,5,40,246,12,0.96
watch-faces,Clockology,live watch faces,5,63,243,16,0.87
watch-faces,Clockology,Watch 6 faces,5,40,235,76,0.60
watch-faces,Clockology,Watch 7 faces,5,49,233,2,2.29
watch-faces,Clockology,Watch 7 face,5,40,237,94,0.57
watch-faces,Clockology,Apple Watch 7 face,5,52,234,1,5.00
watch-faces,Clockology,Apple watch customize,5,49,235,3,1.74
watch-faces,Clockology,watch customize,5,42,243,49,0.66
watch-faces,Clockology,face for apple watch,5,57,224,14,0.91
watch-faces,Clockology,watch gallery,5,52,247,50,0.65
watch-faces,Clockology,disney watch faces,5,49,244,11,0.98
watch-faces,Clockology,watch clock face,5,46,226,1,5.00
watch-faces,Clockology,Watch Faces for iWatch Gallery,5,51,241,17,0.86
watch-faces,Clockology,watch faces gallery widgets,5,49,234,30,0.74
watch-faces,Clockology,-face,5,43,231,98,0.57
watch-faces,Clockology,locked widget,5,78,225,156,0.52
watch-faces,Clockology,watch widgets,5,,250,11,0.98
watch-faces,Clockology,apple watch face gallery,5,51,244,4,1.49
watch-faces,Clockology,iwatch faces gallery apps free,5,53,246,14,0.91
watch-faces,Clockology,watch face creator,5,57,209,5,1.34
watch-faces,Clockology,watch faces facer,5,,219,2,2.29
watch-faces,Clockology,apple watch theme,5,52,246,39,0.69
watch-faces,Clockology,watch faces maker,5,55,226,3,1.74
watch-faces,Clockology,watch faces creator,5,61,232,6,1.24
watch-faces,Clockology,watch faces galelry,5,40,236,43,0.68
watch-faces,Clockology,apple watch dial,5,46,250,70,0.61
watch-faces,Clockology,watch face album,5,40,240,21,0.81
watch-faces,Clockology,dial face,5,33,204,47,0.66
watch-faces,Clockology,watch face editor,5,80,217,1,5.00
watch-faces,Clockology,watch face design,5,52,227,1,5.00
watch-faces,Clockology,watch faces for iwatch,5,54,241,3,1.74
watch-faces,Clockology,iwatch faces gallery,5,52,248,10,1.02
watch-faces,Clockology,đồng hồ báo thức,5,81,248,181,0.51
watch-faces,Clockology,báo thức đồng hồ,5,49,231,37,0.70
watch-faces,Clockology,Watch Faces Album,5,32,233,16,0.87
watch-faces,Clockology,apple watchface album,5,40,239,48,0.66
watch-faces,Clockology,apple watch face album,5,42,233,4,1.49
watch-faces,Clockology,make watch favce,5,86,245,149,0.53
watch-faces,Clockology,make watch face,5,49,230,1,5.00
watch-faces,Clockology,apple watch face make,5,50,234,4,1.49
watch-faces,Clockology,make apple watch face,5,52,222,16,0.87
watch-faces,Clockology,iwatch gallery,5,59,248,22,0.80
watch-faces,Clockology,watch faces gallery 1,5,51,234,69,0.61
watch-faces,Clockology,apple watch image,5,49,242,9,1.06
watch-faces,Clockology,custom watch faces,5,57,245,2,2.29
watch-faces,Clockology,New Apple Watch App,5,70,241,48,0.66
watch-faces,Clockology,face map,5,58,152,22,0.80
watch-faces,Clockology,facess,5,40,215,194,0.50
watch-faces,Clockology,表盘商店,5,54,138,8,1.10
watch-faces,Clockology,Neue Watch App,5,44,249,167,0.52
watch-faces,Clockology,g fit,5,52,236,210,0.50
watch-faces,Clockology,clokology,5,,111,1,5.00
watch-faces,Clockology,custom fitness,5,66,226,56,0.64
watch-faces,Clockology,dong,5,93,222,125,0.54
watch-faces,Clockology,watch face wallpaper,5,50,216,22,0.80
watch-faces,Clockology,replace faces,5,54,245,222,0.49
watch-faces,Clockology,Watch Faces Gallery for iWatch,5,48,246,19,0.83
watch-faces,Clockology,casio watch face,5,56,245,2,2.29
watch-faces,Clockology,watch facely,5,53,249,3,1.74
watch-faces,Clockology,apple design,5,86,232,36,0.70
watch-faces,Clockology,Watch fqces,5,53,248,3,1.74
watch-faces,Clockology,bao thức,5,51,245,199,0.50
watch-faces,Clockology,Microsoft to do apple watch,5,98,249,224,0.49
watch-faces,Clockology,Apple wallpaper Watch,5,15,241,92,0.58
watch-faces,Clockology,caratulas watch faces,5,54,206,15,0.89
watch-faces,Clockology,động,5,55,227,22,0.80
watch-faces,Clockology,mostradores,5,40,111,24,0.78
watch-faces,Clockology,mostrador,5,39,105,25,0.77
watch-faces,Clockology,Apple Watch faces wallpapers,5,59,235,183,0.51
watch-faces,Clockology,3d watch faces,5,51,248,24,0.78
watch-faces,Clockology,watch complications,5,57,248,4,1.49
watch-faces,Clockology,watch smith,5,62,51,2,2.29
watch-faces,Clockology,face+app,5,40,235,77,0.60
watch-faces,Clockology,CLASSIFICHE,5,25,238,71,0.61
watch-faces,Clockology,custom watch,5,54,238,4,1.49
watch-faces,Clockology,ultra watch faces,5,54,248,3,1.74
watch-faces,Clockology,amazfit watch faces,5,54,249,106,0.56
watch-faces,Clockology,halloween watch faces,5,58,244,108,0.56
watch-faces,Clockology,watch faces rolex,5,54,248,12,0.96
watch-faces,Clockology,digital watch faces,5,49,249,2,2.29
watch-faces,Clockology,luxury watch faces,5,57,247,61,0.63
watch-faces,Clockology,watchapp for watch,5,55,240,52,0.65
watch-faces,Clockology,apple watch ultra,5,,248,6,1.24
watch-faces,Clockology,couple apps for apple watch,5,86,245,152,0.52
watch-faces,Clockology,custom face,5,35,240,104,0.56
watch-faces,Clockology,face watches free,5,43,219,16,0.87
watch-faces,Clockology,series one,5,98,250,188,0.50
watch-faces,Clockology,apple watch doctor,5,97,247,165,0.52
watch-faces,Clockology,watch face ai,5,40,237,193,0.50
watch-faces,Clockology,ai watch faces,5,51,243,159,0.52
watch-faces,Clockology,watch faces art,5,44,214,15,0.89
watch-faces,Clockology,apple watch insomnia,5,40,248,184,0.51
watch-faces,Clockology,ساعة ناطقة,5,57,249,40,0.69
watch-faces,Clockology,apple watch faces 3d,5,50,246,29,0.74
watch-faces,Clockology,clean face,5,75,221,196,0.50
watch-faces,Clockology,wrist watch,5,49,250,7,1.16
watch-faces,Clockology,watch backgrounds,5,77,213,9,1.06
watch-faces,Clockology,live watch face,5,63,222,22,0.80
watch-faces,Clockology,watch faces ai,5,45,234,57,0.63
watch-faces,Clockology,watch wallpape,5,45,221,131,0.54
watch-faces,Clockology,watch faces ultra,5,56,249,11,0.98
watch-faces,Clockology,casio watch faces,5,50,226,6,1.24
watch-faces,Clockology,apple watch designer,5,54,244,1,5.00
watch-faces,Clockology,قابل الناس عبر الإنترنت,5,84,272,82,0.59
watch-faces,Clockology,Carátulas Apple Watch,5,48,250,8,1.10
watch-faces,Clockology,Smart iWatch Gallery Widgets,5,43,244,183,0.51
watch-faces,Clockology,애플워치 페이스,5,47,77,1,5.00
watch-faces,Clockology,i watch faces,5,52,244,4,1.49
watch-faces,Clockology,better watch faces,5,55,245,37,0.70
watch-faces,Clockology,واجهات ساعة,5,25,20,3,1.74
watch-faces,Clockology,maker face,5,45,222,201,0.50
watch-faces,Clockology,for watch,5,,247,39,0.69
watch-faces,Clockology,faces quadranti,5,44,23,18,0.84
watch-faces,Clockology,mywatch luxury watch faces,5,,231,47,0.66
watch-faces,Clockology,free apple watch health app,5,58,248,105,0.56
watch-faces,Clockology,apple watch pots,5,87,246,173,0.51
watch-faces,Clockology,face widget,5,69,221,23,0.79
watch-faces,Clockology,gallery watch,5,40,236,75,0.60
watch-faces,Clockology,watch face wallpapers,5,40,236,212,0.49
watch-faces,Clockology,watch faces wallpapers,5,60,210,8,1.10
watch-faces,Clockology,i watch facer,5,54,207,42,0.68
watch-faces,Clockology,iwatch facer,5,57,228,11,0.98
watch-faces,Clockology,my watch faces,5,59,247,130,0.54
watch-faces,Clockology,fecet,5,55,204,20,0.82
watch-faces,Clockology,ifaces,5,64,235,9,1.06
watch-faces,Clockology,facr,5,,216,151,0.52
watch-faces,Clockology,timely watch faces,5,55,248,9,1.06
watch-faces,Clockology,المؤذن الجديد والاقامه بدون نت,5,69,273,151,0.52
watch-faces,Clockology,watch faces frede,5,21,231,8,1.10
watch-faces,Clockology,blue zones,5,63,107,86,0.58
watch-faces,Clockology,watchlab,5,62,249,82,0.59
watch-faces,Clockology,Watch Faces Gallery & Widgets,5,61,225,10,1.02
watch-faces,Clockology,watch face gallery background,5,54,219,12,0.96
watch-faces,Clockology,apple watch climb,5,40,250,204,0.50
watch-faces,Clockology,watch faces gallery & ultra,5,50,235,125,0.54
watch-faces,Clockology,watch+,5,62,249,70,0.61
watch-faces,Clockology,watch facers,5,52,247,3,1.74
watch-faces,Clockology,Watch Facer Maker,5,57,220,9,1.06
watch-faces,Clockology,watch facers maker,5,48,235,5,1.34
watch-faces,Clockology,watcg faces,5,54,248,3,1.74
watch-faces,Clockology,Match Faces,5,47,245,143,0.53
watch-faces,Clockology,rolex watch faces,5,53,246,8,1.10
watch-faces,Clockology,faceme,5,70,220,161,0.52
watch-faces,Clockology,ultra watch face,5,54,248,7,1.16
watch-faces,Clockology,anime watch faces,5,46,214,12,0.96
watch-faces,Clockology,Mostradores do Watch,5,42,25,7,1.16
watch-faces,Clockology,pots apple watch,5,98,249,187,0.51
watch-faces,Clockology,ai watch face,5,52,242,3,1.74
watch-faces,Clockology,ho ho,5,70,243,68,0.61
watch-faces,Clockology,watch faces gallery background,5,50,237,112,0.55
watch-faces,Clockology,watchly,5,68,249,8,1.10
watch-faces,Clockology,hó,5,69,241,103,0.56
watch-faces,Clockology,dông,5,55,232,30,0.74
watch-faces,Clockology,watch faces and widgets,5,59,247,3,1.74
watch-faces,Clockology,watch facs,5,48,244,2,2.29
watch-faces,Clockology,analog watch faces,5,42,247,41,0.68
watch-faces,Clockology,арр,5,97,250,110,0.56
watch-faces,Clockology,snoopy watch face,5,,248,136,0.53
watch-faces,Clockology,appke watch,5,68,248,25,0.77
watch-faces,Clockology,apple watch starter kit,5,59,249,57,0.63
watch-faces,Clockology,watch walpaper,5,56,231,12,0.96
watch-faces,Clockology,watch paper,5,54,246,5,1.34
watch-faces,Clockology,apple match,5,68,250,160,0.52
watch-faces,Clockology,watch faces gallery free,5,56,244,57,0.63
watch-faces,Clockology,christmas watch faces,5,52,247,81,0.59
watch-faces,Clockology,free apple faces,5,,249,12,0.96
watch-faces,Clockology,face fitnes,5,53,245,185,0.51
watch-faces,Clockology,Watch Faces ®,5,57,231,2,2.29
watch-faces,Clockology,watch catalog,5,43,245,11,0.98
watch-faces,Clockology,Photo Clock Widget,5,37,230,61,0.63
watch-faces,Clockology,luxury watch faces gallery pro,5,45,237,158,0.52
watch-faces,Clockology,activity widgets,5,42,243,172,0.51
watch-faces,Clockology,watchlab wallpapers,5,55,244,89,0.58
watch-faces,Clockology,rate watch,5,,230,50,0.65
watch-faces,Clockology,phaseapp,5,91,232,112,0.55
watch-faces,Clockology,表盘专辑,5,24,82,19,0.83
watch-faces,Clockology,(watch),5,48,242,25,0.77
watch-faces,Clockology,luxury watch face,5,67,247,136,0.53
watch-faces,Clockology,caratulas de reloj,5,47,46,13,0.93
watch-faces,Clockology,watch facee,5,54,247,3,1.74
watch-faces,Clockology,iWatch Faces & Watch Wallpaper,5,55,234,16,0.87
watch-faces,Clockology,premium watch faces,5,63,248,5,1.34
watch-faces,Clockology,iWatch Faces : Luxury,5,49,220,38,0.70
watch-faces,Clockology,iWatch Faces & betterwatch,5,48,239,9,1.06
watch-faces,Clockology,watchpat one app,5,,208,35,0.71
watch-faces,Clockology,Watch Faces - BetterWatch,5,53,232,62,0.62
watch-faces,Clockology,watchapp messenger,5,96,191,55,0.64
watch-faces,Clockology,deisgn,5,91,246,198,0.50
watch-faces,Clockology,apple watch ultra 2 faces,5,54,247,4,1.49
watch-faces,Clockology,3D Face Maker,5,46,179,87,0.58
watch-faces,Clockology,clockolog,5,57,198,1,5.00
watch-faces,Clockology,Watchie,5,91,239,58,0.63
watch-faces,Clockology,apple watch-,5,66,232,3,1.74
watch-faces,Clockology,watch faces classics,5,54,31,7,1.16
watch-faces,Clockology,watch-i,5,61,244,111,0.55
watch-faces,Clockology,Real Watch Faces,5,84,17,1,5.00
watch-faces,Clockology,luxury. watch faces,5,40,235,135,0.54
watch-faces,Clockology,dynamic watch faces,5,52,13,1,5.00
watch-faces,Clockology,how attractive,5,61,216,70,0.61
watch-faces,Clockology,Facy,5,,217,180,0.51
watch-faces,Clockology,faced,5,57,202,49,0.66
watch-faces,Clockology,Apple Watc,5,76,249,6,1.24
watch-faces,Clockology,watch timely,5,53,212,104,0.56
watch-faces,Clockology,esferas de apple watch,5,45,243,25,0.77
watch-faces,Clockology,tempo clima,5,92,244,213,0.49
watch-faces,Clockology,cartier apple watch face,5,53,249,6,1.24
watch-faces,Clockology,cartier watch face,5,54,248,13,0.93
watch-faces,Clockology,luxury watch faces gallery,5,50,241,166,0.52
watch-faces,Clockology,apple watch app for ipad free,5,51,248,43,0.68
watch-faces,Clockology,apple watch錶面,5,53,250,1,5.00
watch-faces,Clockology,表盘,5,53,212,1,5.00
watch-faces,Clockology,watch faces studio,5,57,232,23,0.79
watch-faces,Clockology,تطبيق الساعه,5,43,239,219,0.49
watch-faces,Clockology,custom todo,5,55,200,7,1.16
watch-faces,Clockology,iwatch widget,5,,250,9,1.06
watch-faces,Clockology,clocko,5,55,248,1,5.00
watch-faces,Clockology,watch faces widgets gallery,5,46,233,11,0.98
watch-faces,Clockology,casio apple watch face,5,53,220,8,1.10
watch-faces,Clockology,Watch Faces Wallpaper Gallery.,5,37,209,32,0.73
watch-faces,Clockology,iWatch Faces Wallpaper Gallery,5,55,203,12,0.96
watch-faces,Clockology,watch facces,5,59,248,3,1.74
watch-faces,Clockology,premium apple watch faces,5,87,226,9,1.06
watch-faces,Clockology,ساعة ابل,5,51,249,9,1.06
watch-faces,Clockology,clock ology,5,53,101,1,5.00
watch-faces,Clockology,ewatch faces,5,60,250,3,1.74
watch-faces,Clockology,ewatch faces gallery,5,45,235,72,0.60
watch-faces,Clockology,ewatch face gallery,5,37,215,42,0.68
watch-faces,Clockology,animated watch face,5,32,58,7,1.16
watch-faces,Clockology,custom iwatch,5,48,237,2,2.29
watch-faces,Clockology,custom iwatch faces,5,47,109,4,1.49
watch-faces,Clockology,watch face designer,5,52,101,3,1.74
watch-faces,Clockology,design watch,5,48,246,19,0.83
watch-faces,Clockology,design iwatch,5,49,245,22,0.80
watch-faces,Clockology,cartier watch faces,5,30,249,29,0.74
watch-faces,Clockology,watch faces animated,5,29,247,143,0.53
watch-faces,Clockology,itime watch face,5,54,237,24,0.78
watch-faces,Clockology,itime watch faces,5,54,237,50,0.65
watch-faces,Clockology,itime faces,5,87,244,177,0.51
watch-faces,Clockology,watch dials gallery,5,87,246,117,0.55
watch-faces,Clockology,apple watch face design,5,50,232,1,5.00
watch-faces,Clockology,watch faces design gallery,5,22,52,45,0.67
watch-faces,Clockology,watch faces studio gallery,5,54,219,15,0.89
watch-faces,Clockology,chrono watch face,5,73,4,2,2.29
watch-faces,Clockology,watch faces widget gallery,5,50,231,6,1.24
watch-faces,Clockology,custom watch widget,5,44,237,14,0.91
watch-faces,Clockology,watch face lux,5,52,239,100,0.57
watch-faces,Clockology,Watcface,5,20,213,60,0.63
watch-faces,Clockology,cool watch faces,5,54,248,6,1.24
watch-faces,Clockology,coolz watch faces,5,96,214,4,1.49
watch-faces,Clockology,watch faces 3d,5,54,247,10,1.02
watch-faces,Clockology,#1 watch faces,5,54,234,67,0.61
watch-faces,Clockology,Watch Faces - Coolz,5,19,233,8,1.10
watch-faces,Clockology,cube clock,5,14,18,12,0.96
watch-faces,Clockology,watch face themes,5,34,227,39,0.69
watch-faces,Clockology,pixface,5,34,190,65,0.62
watch-faces,Clockology,apple watch faces ai,5,40,244,122,0.55
watch-faces,Clockology,"locket widget",5,82,230,89,0.58
watch-faces,Clockology,watch apps widgets,5,86,245,76,0.60
watch-faces,Clockology,watch faces coolz,5,52,248,5,1.34
watch-faces,Clockology,halloween watch faces for free,5,42,237,86,0.58
watch-faces,Clockology,create watch,5,90,244,9,1.06
watch-faces,Clockology,watch faces for smart watches,5,58,246,101,0.56
watch-faces,Clockology,watchfaces gallery,5,52,223,10,1.02
watch-faces,Clockology,watchfaces - gallery,5,,239,93,0.57
watch-faces,Clockology,watch faces albums,5,48,61,46,0.67
watch-faces,Clockology,watch faces gallery #1,5,53,216,17,0.86
watch-faces,Clockology,widgets meteo,5,40,216,151,0.52
watch-faces,Clockology,fillout,5,75,247,92,0.58
watch-faces,Clockology,watch face apps like clockology,5,55,247,1,5.00
watch-faces,Clockology,watch face creator apps like watch faces,5,49,236,2,2.29
watch-faces,Clockology,popular watch faces and wallpaper apps,5,27,234,14,0.91
watch-faces,Clockology,2 faces,5,62,232,27,0.76
watch-faces,Clockology,1 faces,5,41,207,71,0.61
watch-faces,Clockology,feces,5,65,238,9,1.06
watch-faces,Clockology,luxury watch faces+,5,40,235,154,0.52
watch-faces,Clockology,smart type,5,51,222,22,0.80
watch-faces,Clockology,live iwatch face smart widgets,5,43,240,41,0.68
watch-faces,Clockology,betterwatch faces,5,57,249,56,0.64
watch-faces,Clockology,grinch watch face,5,53,225,12,0.96
watch-faces,Clockology,faceless ia,5,42,242,224,0.49
watch-faces,Clockology,facel,5,94,220,142,0.53
watch-faces,Clockology,watch faces albums & widgets,5,50,232,2,2.29
watch-faces,Clockology,temperie watch faces,5,54,248,9,1.06
watch-faces,Clockology,girlface,5,91,222,173,0.51
watch-faces,Clockology,apple wath,5,64,247,24,0.78
watch-faces,Clockology,designer watch,5,46,239,27,0.76
watch-faces,Clockology,faces designer,5,33,218,1,5.00
watch-faces,Clockology,personalized widgets,5,81,234,165,0.52
watch-faces,Clockology,luxury watch faces gallery+,5,44,236,167,0.52
watch-faces,Clockology,graphic creation,5,42,245,152,0.52
watch-faces,Clockology,whatchs app,5,91,248,40,0.69
watch-faces,Clockology,watch aps,5,91,244,220,0.49
watch-faces,Clockology,watch faces: gallery,5,47,231,63,0.62
watch-faces,Clockology,watch face galerry,5,44,236,62,0.62
watch-faces,Clockology,phone time out,5,37,212,169,0.51
watch-faces,Clockology,watch faces hub,5,58,228,37,0.70
watch-faces,Clockology,watch faces gallery and widgets,5,59,248,21,0.81
watch-faces,Clockology,kid face,5,78,224,194,0.50
watch-faces,Clockology,喝水时间，喝水提醒，自律，健康，喝水记录，习惯，喝水打卡，喝水闹钟、每日喝水，w,5,58,26,25,0.77
watch-faces,Clockology,earth clock,5,35,51,28,0.75
watch-faces,Clockology,stylegan,5,100,234,153,0.52
watch-faces,Clockology,watch face hub,5,54,240,49,0.66
watch-faces,Clockology,watchfaceshub,5,55,219,11,0.98
watch-faces,Clockology,watchface hub,5,52,224,49,0.66
watch-faces,Clockology,apple watch faces hub,5,54,222,35,0.71
watch-faces,Clockology,watchfaces hub,5,92,221,68,0.61
watch-faces,Clockology,caratulas apple watch rolex,5,46,248,143,0.53
watch-faces,Clockology,手錶表面,5,,31,16,0.87
watch-faces,Clockology,ai face watch,5,40,236,56,0.64
watch-faces,Clockology,watch faces - gallery,5,42,210,68,0.61
watch-faces,Clockology,faceshot,5,69,225,164,0.52
watch-faces,Clockology,luxury watch faces: gallery,5,44,237,174,0.51
watch-faces,Clockology,watch notifications,5,,220,12,0.96
watch-faces,Clockology,iwatch faces hub,5,57,217,18,0.84
watch-faces,Clockology,watch scan,5,61,250,13,0.93
watch-faces,Clockology,watch faces & widgets,5,51,223,11,0.98
watch-faces,Clockology,f45 watch app,5,87,250,124,0.54
watch-faces,Clockology,step counter widget watch,5,,224,61,0.63
watch-faces,Clockology,gentler apple watch,5,40,249,200,0.50
watch-faces,Clockology,athlytic apple watch,5,44,245,219,0.49
watch-faces,Clockology,ring watch,5,71,244,100,0.57
watch-faces,Clockology,tv clock,5,62,249,120,0.55
watch-faces,Clockology,widget clok,5,28,239,162,0.52
watch-faces,Clockology,brand watch faces,5,,10,4,1.49
watch-faces,Clockology,apple watch google calendar,5,,226,43,0.68
watch-faces,Clockology,clock watchface,5,29,215,15,0.89
watch-faces,Clockology,faceclock,5,53,245,91,0.58
watch-faces,Clockology,2fa for watch,5,,236,65,0.62
watch-faces,Clockology,tuner for apple watch,5,,223,97,0.57
watch-faces,Clockology,custom apple watch face,5,,92,4,1.49
watch-faces,Clockology,share+: facetime watch party,5,87,237,114,0.55
watch-faces,Clockology,watchly faces,5,,236,42,0.68
watch-faces,Clockology,ai watch face generator,5,43,241,49,0.66
watch-faces,Clockology,apple watchfaces,5,52,249,2,2.29
watch-faces,Clockology,watch faces apple,5,,247,8,1.10
watch-faces,Clockology,steps watch face,5,,229,6,1.24
watch-faces,Clockology,s4 faces,5,87,241,144,0.53
watch-faces,Clockology,custom widgets kit,5,,227,71,0.61
watch-faces,Clockology,apple watch faces cartier,5,54,247,76,0.60
watch-faces,Clockology,app watcher,5,,246,28,0.75
watch-faces,Clockology,watch faces luxury,5,56,249,110,0.56
watch-faces,Clockology,watch face gallery 1,5,,223,50,0.65
watch-faces,Clockology,caratulas gratis,5,38,82,17,0.86
watch-faces,Clockology,caratula rolex,5,34,77,71,0.61
watch-faces,Clockology,analog%20clock%20widget,5,74,219,80,0.59
watch-faces,Clockology,time%20widget,5,69,233,49,0.66
watch-faces,Clockology,timely%20watch%20faces,5,87,240,103,0.56
watch-faces,Clockology,watch%20faces%20free,5,53,245,62,0.62
watch-faces,Clockology,watch%20faces%3A%20gallery,5,40,238,58,0.63
watch-faces,Clockology,watch%20faces%20gallery%20and%20widgets,5,51,240,5,1.34
watch-faces,Clockology,rolex%20watch%20face,5,46,241,168,0.51
watch-faces,Clockology,eco%20atm,5,96,237,196,0.50
watch-faces,Clockology,apple%20watch%20faces%20hub,5,46,225,33,0.72
watch-faces,Clockology,apps%20for%20apple%20watch,5,87,245,119,0.55
watch-faces,Clockology,iphone%20watch%20app,5,87,243,35,0.71
watch-faces,Clockology,digital%20clock%20widget,5,71,232,83,0.59
watch-faces,Clockology,free%20apps%20for%20apple%20watch,5,87,249,117,0.55
watch-faces,Clockology,watch%20face%20gallery,5,47,238,34,0.71
watch-faces,Clockology,apple%20watch%20ultra%202%20faces,5,54,237,25,0.77
watch-faces,Clockology,apple%20watch%20face%20gallery,5,57,239,28,0.75
watch-faces,Clockology,watch%20face%20albums,5,42,238,78,0.59
watch-faces,Clockology,apple%20watch%20faces%20free,5,53,241,11,0.98
watch-faces,Clockology,watch%20faces%20for%20apple%20watch,5,53,242,16,0.87
watch-faces,Clockology,apple%20watch%20apps%20free,5,87,248,44,0.67
watch-faces,Clockology,apple%20watch%20youtube,5,87,239,172,0.51
watch-faces,Clockology,premium%20watch%20faces,5,42,240,117,0.55
watch-faces,Clockology,apple%20watch%20keyboard,5,40,244,173,0.51
watch-faces,Clockology,big%20clock,5,73,215,79,0.59
watch-faces,Clockology,clock%20widget%20digital,5,60,224,72,0.60
watch-faces,Clockology,ipad%20widgets%20free,5,68,248,123,0.54
watch-faces,Clockology,apple%20watch%20fitness,5,50,247,195,0.50
watch-faces,Clockology,apple%20watch%20keyboard%20free,5,87,245,177,0.51
watch-faces,Clockology,apple%20watch%20app,5,87,240,46,0.67
watch-faces,Clockology,apple%20watch%20app%20for%20ipad%20free,5,87,246,45,0.67
watch-faces,Clockology,watch%20faces%20hub,5,36,239,110,0.56
watch-faces,Clockology,apple%20watch%20browser,5,40,242,201,0.50
watch-faces,Clockology,caratulas%20apple%20watch%20gratis,5,44,56,31,0.73
watch-faces,Clockology,temperie%20watch%20faces,5,44,240,92,0.58
watch-faces,Clockology,apple%20watch%20faces,5,37,239,9,1.06
watch-faces,Clockology,watch%20face%20apps%20like%20clockology,5,54,245,1,5.00
watch-faces,Clockology,disney%20watch%20faces,5,62,243,137,0.53
watch-faces,Clockology,apple%20watch%20widgets,5,37,244,27,0.76
watch-faces,Clockology,casio%20watch%20face,5,49,245,61,0.63
watch-faces,Clockology,uxury watch faces gallery,5,47,234,89,0.58
watch-faces,Clockology,watch faces hubcarátulas para reloj watc,5,,243,35,0.71
watch-faces,Clockology,watch faces 1,5,,238,18,0.84
watch-faces,Clockology,càratulas,5,,72,49,0.66
watch-faces,Clockology,watch  faces: gallery,5,48,216,31,0.73
watch-faces,Clockology,prime watch faces,5,55,239,149,0.53
watch-faces,Clockology,caratulas watch gratis,5,44,246,44,0.67
watch-faces,Clockology,watch faces gallery hub,5,,238,106,0.56
watch-faces,Clockology,apple%20watch%20wallpaper,5,,196,11,0.98
watch-faces,Clockology,free%20apple%20watch%20faces,5,,244,31,0.73
watch-faces,Clockology,best%20apple%20watch%20apps,5,87,250,111,0.55
watch-faces,Clockology,watch%20faces%20widgets,5,51,239,7,1.16
watch-faces,Clockology,analog%20clock,5,,217,160,0.52
watch-faces,Clockology,apple%20watch%20blood%20pressure,5,46,248,245,0.48
watch-faces,Clockology,apple%20watch%20app%20for%20ipad,5,87,243,62,0.62
watch-faces,Clockology,apple%20watch%20apps,5,87,243,38,0.70
watch-faces,Clockology,i%20watch%20apps,5,87,250,53,0.64
watch-faces,Clockology,free%20apple%20watch%20app,5,87,248,99,0.57
watch-faces,Clockology,watch%20faces%20gallery%201,5,54,237,52,0.65
watch-faces,Clockology,iwatch%20faces,5,,226,5,1.34
watch-faces,Clockology,iwatch%20faces%20gallery%20apps%20free,5,36,243,31,0.73
watch-faces,Clockology,watch%20faces%20gallery,5,40,237,43,0.68
watch-faces,Clockology,apple%20watch%20face,5,55,239,10,1.02
watch-faces,Clockology,apple%20watch%20ultra%202,5,87,249,104,0.56
watch-faces,Clockology,prime watch faces gallery,5,58,223,26,0.76
watch-faces,Clockology,browser for apple watch,5,,216,130,0.54
watch-faces,Clockology,xlabs digital hizmetler,5,,233,10,1.02
watch-faces,Clockology,face mapping,5,75,225,142,0.53
watch-faces,Clockology,clokcology,5,,114,1,5.00
watch-faces,Clockology,facet watch gallery,5,,229,8,1.10
watch-faces,Clockology,face shape identifier,5,71,215,69,0.61
watch-faces,Clockology,chronoly,5,51,248,1,5.00
watch-faces,Clockology,watch face pro,5,,218,9,1.06
watch-faces,Clockology,watch faces hubcartulas para reloj watc,5,,244,53,0.64
watch-faces,Clockology,trendy watch faces,5,,235,117,0.55
watch-faces,Clockology,watch faces wallpaper,5,61,216,67,0.61
watch-faces,Clockology,clarity watch faces,5,56,248,4,1.49
watch-faces,Clockology,cadran montre connecte iwatch,5,,250,39,0.69
watch-faces,Clockology,watch facely - watch faces,5,37,209,16,0.87
watch-faces,Clockology,prime watch facee,5,,242,102,0.56
watch-faces,Clockology,prime watch face,5,55,242,141,0.53
watch-faces,Clockology,app facet watch faces,5,57,248,3,1.74
watch-faces,Clockology,watchio watch faces,5,51,247,43,0.68
watch-faces,Clockology,watchly:,5,61,247,8,1.10
watch-faces,Clockology,iwatch faces - top watch - #1,5,,239,13,0.93
watch-faces,Clockology,apple watch faces luxury,5,56,248,4,1.49
watch-faces,Clockology,hand watches,5,,214,45,0.67
watch-faces,Clockology,apple watcg,5,,248,33,0.72
watch-faces,Clockology,tag jar,5,39,177,168,0.51
watch-faces,Clockology,cash envelope home screen widget,5,,239,132,0.54
watch-faces,Clockology,apple watch dials,5,51,249,12,0.96
watch-faces,Clockology,watch faces spark pro,5,56,244,74,0.60
watch-faces,Clockology,iwatchapple watch faces,5,,222,17,0.86
watch-faces,Clockology,watch face app im var ui ux freelance tu,5,,243,12,0.96
watch-faces,Clockology,face w,5,,223,170,0.51
watch-faces,Clockology,watch service,5,,222,57,0.63
watch-faces,Clockology,face features,5,,229,51,0.65
watch-faces,Clockology,fake teeth app,5,,216,195,0.50
watch-faces,Clockology,fidget spinner watch,5,,191,68,0.61
watch-faces,Clockology,minimal watch faces,5,54,216,19,0.83
watch-faces,Clockology,minimalist watch faces,5,39,233,125,0.54
watch-faces,Clockology,ứng dụng thời tiết,5,97,237,167,0.52
watch-faces,Clockology,telling time app,5,,237,237,0.49
watch-faces,Clockology,biometrictime best,5,,238,63,0.62
watch-faces,Clockology,tune face body,5,,232,182,0.51
watch-faces,Clockology,body tune faces,5,,232,180,0.51
watch-faces,Clockology,maker future face,5,,216,107,0.56
watch-faces,Clockology,fabe,5,,224,109,0.56
watch-faces,Clockology,app store for garmin watch users,5,,225,43,0.68
watch-faces,Clockology,face and,5,,227,150,0.52
watch-faces,Clockology,face design,5,,244,32,0.73
watch-faces,Clockology,pro face,5,,217,124,0.54
watch-faces,Clockology,design face,5,,229,3,1.74
watch-faces,Clockology,watch faces gallery - widgets.,5,,227,26,0.76
watch-faces,Clockology,apple watch bluetooth,5,49,247,6,1.24
watch-faces,Clockology,watch try on,5,,89,20,0.82
watch-faces,Clockology,widget tweak,5,,205,2,2.29
watch-faces,Clockology,apple watch ift,5,40,248,151,0.52
watch-faces,Clockology,sole apple watch,5,,249,111,0.55
watch-faces,Clockology,water rower apple watch,5,,245,202,0.50
watch-faces,Clockology,watch size,5,55,250,84,0.59
watch-faces,Clockology,wrist size,5,25,196,67,0.61
watch-faces,Clockology,glassy widget,5,,240,102,0.56
watch-faces,Clockology,glassify - widgets & theme,5,,235,195,0.50
watch-faces,Clockology,apple watch sleep stage,5,,223,53,0.64
watch-faces,Clockology,roelx watch faces,5,,237,99,0.57
watch-faces,Clockology,top watch faces,5,,225,5,1.34
watch-faces,Clockology,apple watch gallery,5,54,250,13,0.93
watch-faces,Clockology,sports watch faces,5,,248,39,0.69
watch-faces,Clockology,rolex apple watch faces,5,,247,6,1.24
watch-faces,Clockology,rolex apple watch,5,,249,3,1.74
watch-faces,Clockology,facet watch faces,5,,222,4,1.49
watch-faces,Clockology,واجهات ساعة ابل,5,,13,2,2.29
watch-faces,Clockology,caratulas de apple watch,5,,228,11,0.98
watch-faces,Clockology,watch facexs,5,,237,20,0.82
watch-faces,Clockology,apple watch hr,5,,248,12,0.96
watch-faces,Clockology,simple zones,5,,69,12,0.96
watch-faces,Clockology,watch value identifier,5,,236,11,0.98
watch-faces,Clockology,watchdocs,5,85,203,46,0.67
watch-faces,Clockology,hd：watch,5,,247,176,0.51
watch-faces,Clockology,water eject apple watch,5,,234,29,0.74
watch-faces,Clockology,zwift apple watch,5,,248,178,0.51
watch-faces,Clockology,watche identifier,5,,244,118,0.55
watch-faces,Clockology,apple watch body battery,5,,206,14,0.91
watch-faces,Clockology,apple watch dials free,5,,250,11,0.98
watch-faces,Clockology,apple watch o2,5,,246,205,0.50
watch-faces,Clockology,apple watch ultra 3 faces,5,,250,2,2.29
watch-faces,Clockology,automatic watch,5,,215,8,1.10
watch-faces,Clockology,darkglass electronics oy,5,,202,74,0.60
watch-faces,Clockology,graphic kit,5,,236,125,0.54
watch-faces,Clockology,luxury apple watch faces free,5,,227,14,0.91
watch-faces,Clockology,complication maker,5,,19,5,1.34
watch-faces,Clockology,export apple watch data,5,,232,16,0.87
watch-faces,Clockology,apple designed,5,,243,60,0.63
watch-faces,Clockology,widgetsmith alternative,5,,230,80,0.59
watch-faces,Clockology,widget match tiles eliminate,5,,238,45,0.67
watch-faces,Clockology,facie app,5,,235,87,0.58
watch-faces,Clockology,moonrise widget,5,,223,31,0.73
watch-faces,Clockology,apple watch zifferblätter app,5,,236,4,1.49
watch-faces,Clockology,free apple watch zifferblätter,5,,245,73,0.60
watch-faces,Clockology,top apple watch zifferblätter,5,,246,216,0.49
watch-faces,Clockology,easy apple watch zifferblätter,5,,250,177,0.51
watch-faces,Clockology,free apple watch faces app,5,,235,2,2.29
watch-faces,Clockology,free apple watch faces game,5,,239,118,0.55
watch-faces,Clockology,free apple watch faces best,5,,238,54,0.64
watch-faces,Clockology,free apple watch faces online,5,,236,3,1.74
watch-faces,Clockology,top watchpat one,5,,232,60,0.63
watch-faces,Clockology,watchpat one free,5,,219,13,0.93
watch-faces,Clockology,smartwatch free,5,,249,95,0.57
watch-faces,Clockology,sidereus,5,,229,41,0.68
watch-faces,Clockology,top itouch wearables,5,,230,92,0.58
watch-faces,Clockology,daily check in review app best tutorial,5,,187,30,0.74
watch-faces,Clockology,tutorial daily check in review app best,5,,182,35,0.71
watch-faces,Clockology,clock calculadora imc,5,,217,133,0.54
watch-faces,Clockology,clock calculadora imc app,5,,219,48,0.66
watch-faces,Clockology,top clock calculadora imc,5,,217,135,0.54
watch-faces,Clockology,my clock calculadora imc,5,,215,129,0.54
watch-faces,Clockology,watch plates,5,,229,7,1.16
watch-faces,Clockology,widget top family albums tutorial app,5,,239,173,0.51
watch-faces,Clockology,individually widget good,5,,234,66,0.62
watch-faces,Clockology,homescreen questions individually,5,,215,94,0.57
watch-faces,Clockology,gallery design,5,50,246,213,0.49
watch-faces,Clockology,cusotm fitness,5,,230,125,0.54
watch-faces,Clockology,watch chronometer,5,,200,14,0.91
watch-faces,Clockology,watch reader,5,,235,29,0.74
watch-faces,Clockology,watch regulator,5,,216,10,1.02
watch-faces,Clockology,face kit d,5,,222,50,0.65
watch-faces,Clockology,wristwatch recognition,5,,225,11,0.98
watch-faces,Clockology,timepiece valuation,5,,224,26,0.76
watch-faces,Clockology,atch,5,,239,12,0.96
watch-faces,Clockology,widget where easily either,5,,242,93,0.57
watch-faces,Clockology,watch health widgets,5,,243,9,1.06
watch-faces,Clockology,10 band eq,5,,235,108,0.56
watch-faces,Clockology,face id time clock,5,46,249,204,0.50
watch-faces,Clockology,watch face widget,5,40,246,2,2.29
watch-faces,Clockology,watch faces themes,5,32,234,127,0.54
watch-faces,Clockology,facewap,5,,212,100,0.57
watch-faces,Clockology,face psl,5,87,233,211,0.49
watch-faces,Clockology,电子闹钟,5,,233,154,0.52
watch-faces,Clockology,alamy limited,5,35,85,3,1.74
watch-faces,Clockology,apple watch clock,5,,245,3,1.74
watch-faces,Clockology,custom clocks,5,,225,22,0.80
watch-faces,Clockology,المنبه منبه,5,42,247,140,0.53
watch-faces,Clockology,reloj control,5,,248,82,0.59
watch-faces,Clockology,widget nagging colorful wheel,5,,235,110,0.56
watch-faces,Clockology,kit designer,5,,229,78,0.59
watch-faces,Clockology,watch faces by watch facer,5,,218,7,1.16
watch-faces,Clockology,face drawing,5,,218,145,0.53
watch-faces,Clockology,apple waych,5,63,248,24,0.78
watch-faces,Clockology,apple waytch,5,,247,31,0.73
watch-faces,Clockology,temps appel,5,,248,194,0.50
watch-faces,Clockology,ats maker,5,75,242,218,0.49
watch-faces,Clockology,esferas apple watch gratis,,33,250,4,
watch-faces,Clockology,watch face make,,,219,13,
watch-faces,Clockology,apple%20watch%20health%20app,,55,245,203,
watch-faces,Clockology,face%20watch,,,224,29,
watch-faces,Clockology,watch%20faces%20by%20facer,,50,238,31,
watch-faces,Clockology,로지아이,,,60,50,
watch-faces,Clockology,watch night,,86,245,25,
watch-faces,Clockology,facewatcher,,,196,49,
watch-faces,Clockology,watch-faces-by-watchfacer,,,223,36,
watch-faces,Clockology,punch w/ sound effect,,,203,87,
watch-faces,Clockology,fcae app,,,230,159,
watch-faces,Clockology,фасе ап,,,234,194,
watch-faces,Clockology,calculator app for pixel watch,,,238,28,
watch-faces,Clockology,face designer,,,236,57,
watch-faces,Clockology,face scan apple,,,242,191,
watch-faces,Clockology,watchduty,,,250,206,
watch-faces,Clockology,hryfine watch,,,250,160,
watch-faces,Clockology,watch faces gallery ai face,,,236,14,
watch-faces,Clockology,ai face watch faces gallery,,,235,11,
watch-faces,WatchMaker,gmail,86,88,249,141,9.13
watch-faces,WatchMaker,watch duty,73,97,249,94,8.36
watch-faces,WatchMaker,nike,72,100,249,154,7.52
watch-faces,WatchMaker,watch,65,100,250,10,13.22
watch-faces,WatchMaker,face,61,100,249,78,7.25
watch-faces,WatchMaker,the fitbit versa 2 app,59,74,250,242,5.71
watch-faces,WatchMaker,goo,56,83,245,168,5.76
watch-faces,WatchMaker,mewe,54,98,250,148,5.68
watch-faces,WatchMaker,galaxy wearable,54,63,246,30,7.96
watch-faces,WatchMaker,top widgets,54,98,250,156,5.63
watch-faces,WatchMaker,apple watch faces free,53,76,235,5,14.18
watch-faces,WatchMaker,watch faces,53,98,250,220,5.21
watch-faces,WatchMaker,chrono24,51,91,250,89,5.91
watch-faces,WatchMaker,clockology,51,95,248,108,5.69
watch-faces,WatchMaker,michael kors,50,91,250,99,5.67
watch-faces,WatchMaker,gloryfit,50,92,250,113,5.53
watch-faces,WatchMaker,watch apps,47,89,249,11,9.25
watch-faces,WatchMaker,apple watch faces,46,52,247,65,5.68
watch-faces,WatchMaker,watchtube,45,63,234,94,5.15
watch-faces,WatchMaker,watch app,44,73,243,16,7.70
watch-faces,WatchMaker,huawei watch,44,54,238,109,4.90
watch-faces,WatchMaker,apple watch apps,44,34,249,44,5.92
watch-faces,WatchMaker,wear os,43,46,249,62,5.36
watch-faces,WatchMaker,watch it,42,93,224,100,4.75
watch-faces,WatchMaker,tools,41,79,247,196,4.11
watch-faces,WatchMaker,smart watch,40,53,249,49,5.25
watch-faces,WatchMaker,applewatch,39,33,246,94,4.47
watch-faces,WatchMaker,reloj inteligente,39,50,249,20,6.40
watch-faces,WatchMaker,smart watch app,37,34,236,50,4.83
watch-faces,WatchMaker,watch me grow,36,71,250,12,6.89
watch-faces,WatchMaker,watch games,34,7,222,185,3.44
watch-faces,WatchMaker,face id,33,65,250,106,3.69
watch-faces,WatchMaker,watch face,31,100,250,190,3.12
watch-faces,WatchMaker,watch faces free,31,95,250,85,3.62
watch-faces,WatchMaker,bitmoji app free,30,100,248,116,3.30
watch-faces,WatchMaker,rdfit,30,94,250,91,3.46
watch-faces,WatchMaker,watches,29,78,247,6,7.16
watch-faces,WatchMaker,caratulas apple watch,29,82,246,5,7.76
watch-faces,WatchMaker,ecg apple watch,28,58,246,69,3.41
watch-faces,WatchMaker,bitmoji free,25,96,250,100,2.83
watch-faces,WatchMaker,watchfinder,25,77,250,102,2.82
watch-faces,WatchMaker,watchchat,24,88,229,120,2.62
watch-faces,WatchMaker,wearinos,23,70,247,125,2.50
watch-faces,WatchMaker,wazzup,22,100,250,116,2.42
watch-faces,WatchMaker,find my watch,20,93,249,136,2.14
watch-faces,WatchMaker,s4,20,100,248,92,2.30
watch-faces,WatchMaker,wathchat,19,87,230,17,3.26
watch-faces,WatchMaker,apple watch widgets,17,45,247,17,2.92
watch-faces,WatchMaker,grafter,11,73,223,68,1.34
watch-faces,WatchMaker,watch gpt,11,96,249,10,2.24
watch-faces,WatchMaker,apple watch face,9,84,234,28,1.35
watch-faces,WatchMaker,watch party,9,70,250,73,1.08
watch-faces,WatchMaker,timegrapher,9,94,249,6,2.22
watch-faces,WatchMaker,watch faces for apple watch,9,73,214,86,1.05
watch-faces,WatchMaker,watch together,8,66,250,77,0.95
watch-faces,WatchMaker,smartwatch,8,36,249,35,1.13
watch-faces,WatchMaker,armani,8,65,248,154,0.84
watch-faces,WatchMaker,watch faces gallery,8,89,249,75,0.96
watch-faces,WatchMaker,watchsapp,8,89,240,88,0.93
watch-faces,WatchMaker,whatch,7,77,239,4,2.08
watch-faces,WatchMaker,workout apple watch,7,70,232,170,0.72
watch-faces,WatchMaker,printful,7,92,250,92,0.81
watch-faces,WatchMaker,maker,7,95,242,153,0.73
watch-faces,WatchMaker,heartwatch,7,70,249,113,0.77
watch-faces,WatchMaker,wearing,7,53,248,15,1.25
watch-faces,WatchMaker,garmin watch,6,76,250,121,0.66
watch-faces,WatchMaker,tag heuer,6,65,247,91,0.69
watch-faces,WatchMaker,watch scanner,6,93,249,7,1.39
watch-faces,WatchMaker,whatsapp for apple watch,6,98,249,154,0.63
watch-faces,WatchMaker,watchchat 2,6,91,250,47,0.79
watch-faces,WatchMaker,watchat,6,85,236,40,0.82
watch-faces,WatchMaker,imagemeter,6,71,248,20,0.98
watch-faces,WatchMaker,face rating,6,84,250,134,0.64
watch-faces,WatchMaker,rewatch,6,,248,16,1.05
watch-faces,WatchMaker,oraimo watch,6,,250,25,0.93
watch-faces,WatchMaker,iphone watch app,5,83,249,7,1.16
watch-faces,WatchMaker,apple watch app,5,55,246,61,0.63
watch-faces,WatchMaker,clock for ipad,5,80,219,216,0.49
watch-faces,WatchMaker,find my apple watch,5,47,248,187,0.51
watch-faces,WatchMaker,werble,5,86,247,85,0.58
watch-faces,WatchMaker,apple watch workout app,5,87,249,168,0.51
watch-faces,WatchMaker,iwatch apps,5,53,248,11,0.98
watch-faces,WatchMaker,sleep tracker watch,5,83,249,193,0.50
watch-faces,WatchMaker,face match,5,79,250,116,0.55
watch-faces,WatchMaker,3d maker,5,71,248,147,0.53
watch-faces,WatchMaker,vuitton,5,20,240,227,0.49
watch-faces,WatchMaker,faces,5,100,250,17,0.86
watch-faces,WatchMaker,airwatch,5,74,249,123,0.54
watch-faces,WatchMaker,pretty scale,5,93,246,158,0.52
watch-faces,WatchMaker,sky watch,5,64,238,159,0.52
watch-faces,WatchMaker,star watch,5,85,250,23,0.79
watch-faces,WatchMaker,for apple watch,5,64,249,39,0.69
watch-faces,WatchMaker,samsung smart view app,5,77,249,126,0.54
watch-faces,WatchMaker,samsung link,5,67,248,174,0.51
watch-faces,WatchMaker,smart samsung,5,75,249,116,0.55
watch-faces,WatchMaker,smart view samsung,5,46,238,80,0.59
watch-faces,WatchMaker,faces for apple watch,5,94,250,4,1.49
watch-faces,WatchMaker,iwatch app,5,96,243,46,0.67
watch-faces,WatchMaker,fitbit watch,5,90,248,92,0.58
watch-faces,WatchMaker,fossil,5,71,241,35,0.71
watch-faces,WatchMaker,concepto,5,100,250,72,0.60
watch-faces,WatchMaker,ski apple watch,5,74,250,98,0.57
watch-faces,WatchMaker,ocean watch,5,24,223,175,0.51
watch-faces,WatchMaker,free slideshow,5,85,248,168,0.51
watch-faces,WatchMaker,free bitmoji,5,95,250,97,0.57
watch-faces,WatchMaker,apple watch health app,5,70,250,200,0.50
watch-faces,WatchMaker,watch history,5,33,241,164,0.52
watch-faces,WatchMaker,watch quote,5,90,249,10,1.02
watch-faces,WatchMaker,watch date,5,45,250,22,0.80
watch-faces,WatchMaker,hashtag pro,5,47,248,95,0.57
watch-faces,WatchMaker,bitmoji deluxe,5,100,250,88,0.58
watch-faces,WatchMaker,face mixer,5,85,249,118,0.55
watch-faces,WatchMaker,bitmojis,5,100,249,88,0.58
watch-faces,WatchMaker,clock wallpaper,5,93,245,210,0.50
watch-faces,WatchMaker,face search,5,55,250,72,0.60
watch-faces,WatchMaker,watchbox,5,86,245,8,1.10
watch-faces,WatchMaker,smart bracelet app,5,74,250,93,0.57
watch-faces,WatchMaker,smart watch faces,5,95,250,3,1.74
watch-faces,WatchMaker,watch wallpaper,5,95,250,4,1.49
watch-faces,WatchMaker,golden ratio,5,87,250,60,0.63
watch-faces,WatchMaker,fossil smartwatches,5,24,248,63,0.62
watch-faces,WatchMaker,digital watch,5,100,250,16,0.87
watch-faces,WatchMaker,watch box,5,98,246,218,0.49
watch-faces,WatchMaker,notify & fitness for amazfit,5,67,243,137,0.53
watch-faces,WatchMaker,animoji apple,5,45,248,186,0.51
watch-faces,WatchMaker,solar watch,5,57,249,244,0.48
watch-faces,WatchMaker,бренд,5,81,250,195,0.50
watch-faces,WatchMaker,watchface,5,100,250,4,1.49
watch-faces,WatchMaker,onetouch diabetes,5,73,248,124,0.54
watch-faces,WatchMaker,watch accuracy,5,79,249,6,1.24
watch-faces,WatchMaker,apple watch metronome,5,36,249,85,0.58
watch-faces,WatchMaker,chronograph app,5,56,249,144,0.53
watch-faces,WatchMaker,vidanimate,5,72,249,141,0.53
watch-faces,WatchMaker,watch launcher,5,86,248,41,0.68
watch-faces,WatchMaker,wearos,5,94,249,12,0.96
watch-faces,WatchMaker,androidwear,5,76,235,10,1.02
watch-faces,WatchMaker,one touch diabetes,5,76,244,139,0.53
watch-faces,WatchMaker,whatch chat,5,91,205,146,0.53
watch-faces,WatchMaker,watchchat 2 for whatsapp,5,85,249,163,0.52
watch-faces,WatchMaker,whatsapp watch,5,98,245,25,0.77
watch-faces,WatchMaker,galaxy live,5,31,240,91,0.58
watch-faces,WatchMaker,cryptowatch,5,71,247,108,0.56
watch-faces,WatchMaker,apple watch run,5,95,250,30,0.74
watch-faces,WatchMaker,face maker,5,87,242,39,0.69
watch-faces,WatchMaker,watch face maker,5,78,234,1,5.00
watch-faces,WatchMaker,agregar,5,96,249,110,0.56
watch-faces,WatchMaker,best for samsung,5,47,249,130,0.54
watch-faces,WatchMaker,forex watch,5,20,248,65,0.62
watch-faces,WatchMaker,what to wear,5,46,234,75,0.60
watch-faces,WatchMaker,watchfaces,5,97,250,5,1.34
watch-faces,WatchMaker,connectée,5,78,250,97,0.57
watch-faces,WatchMaker,sony camera watch,5,70,250,135,0.54
watch-faces,WatchMaker,itech fusion,5,11,232,92,0.58
watch-faces,WatchMaker,ski watch,5,46,246,98,0.57
watch-faces,WatchMaker,whatsapp for watch,5,91,248,33,0.72
watch-faces,WatchMaker,aplle watch,5,88,249,10,1.02
watch-faces,WatchMaker,sports watch,5,62,250,23,0.79
watch-faces,WatchMaker,luxury watches,5,55,242,50,0.65
watch-faces,WatchMaker,apple watch heart,5,64,233,116,0.55
watch-faces,WatchMaker,informer,5,65,247,80,0.59
watch-faces,WatchMaker,apk maker,5,69,250,150,0.52
watch-faces,WatchMaker,face fitness,5,61,248,118,0.55
watch-faces,WatchMaker,smart things samsung,5,85,250,153,0.52
watch-faces,WatchMaker,sweet face,5,95,250,46,0.67
watch-faces,WatchMaker,talking clock,5,63,250,148,0.53
watch-faces,WatchMaker,face watch,5,94,246,2,2.29
watch-faces,WatchMaker,apple watch motivation,5,90,250,6,1.24
watch-faces,WatchMaker,apple watch keyboard free,5,34,244,113,0.55
watch-faces,WatchMaker,battery life watch,5,53,250,144,0.53
watch-faces,WatchMaker,apple watch ekg,5,76,246,146,0.53
watch-faces,WatchMaker,керамбит gold,5,60,247,83,0.59
watch-faces,WatchMaker,timex,5,24,236,106,0.56
watch-faces,WatchMaker,timex familyconnect,5,19,246,109,0.56
watch-faces,WatchMaker,r2d2 watch face,5,70,250,142,0.53
watch-faces,WatchMaker,face dance app,5,69,249,131,0.54
watch-faces,WatchMaker,zeiger,5,53,248,153,0.52
watch-faces,WatchMaker,Smart Tool Studio,5,26,249,90,0.58
watch-faces,WatchMaker,watch goals,5,81,246,28,0.75
watch-faces,WatchMaker,animated face masks,5,53,248,98,0.57
watch-faces,WatchMaker,neighborhood watch,5,,250,138,0.53
watch-faces,WatchMaker,animate face,5,75,249,79,0.59
watch-faces,WatchMaker,watch fitness,5,73,249,172,0.51
watch-faces,WatchMaker,bitemoji free,5,98,250,99,0.57
watch-faces,WatchMaker,bitmoji face,5,98,249,50,0.65
watch-faces,WatchMaker,watch keyboard,5,45,247,113,0.55
watch-faces,WatchMaker,apple watch rolex,5,74,230,4,1.49
watch-faces,WatchMaker,bubble and squeak,5,47,248,19,0.83
watch-faces,WatchMaker,keyboard for watch,5,47,250,13,0.93
watch-faces,WatchMaker,watch keyboard free,5,84,250,14,0.91
watch-faces,WatchMaker,keyboard for watch free,5,94,250,9,1.06
watch-faces,WatchMaker,pulse watch,5,60,244,206,0.50
watch-faces,WatchMaker,heart rate iwatch,5,72,249,226,0.49
watch-faces,WatchMaker,ekg iwatch,5,68,249,116,0.55
watch-faces,WatchMaker,watch wallpapers,5,93,250,4,1.49
watch-faces,WatchMaker,smartwatch bluetooth,5,75,250,142,0.53
watch-faces,WatchMaker,(watch plug-in),5,3,248,53,0.64
watch-faces,WatchMaker,time.mk,5,98,248,105,0.56
watch-faces,WatchMaker,whatsapp für apple watch,5,94,248,124,0.54
watch-faces,WatchMaker,kors access,5,60,249,28,0.75
watch-faces,WatchMaker,noxlucky,5,90,250,35,0.71
watch-faces,WatchMaker,watch full,5,49,240,74,0.60
watch-faces,WatchMaker,discord watch,5,100,250,171,0.51
watch-faces,WatchMaker,stress autism mate,5,46,235,159,0.52
watch-faces,WatchMaker,c25k apple watch,5,72,248,47,0.66
watch-faces,WatchMaker,c25k watch,5,77,248,112,0.55
watch-faces,WatchMaker,watch eth,5,92,249,4,1.49
watch-faces,WatchMaker,watch litecoin,5,44,247,28,0.75
watch-faces,WatchMaker,watch ltc,5,81,249,4,1.49
watch-faces,WatchMaker,watch doegcoin,5,44,249,66,0.62
watch-faces,WatchMaker,watch doge,5,95,249,141,0.53
watch-faces,WatchMaker,apple watch widget,5,70,250,175,0.51
watch-faces,WatchMaker,looker,5,65,250,111,0.55
watch-faces,WatchMaker,watch passwords,5,46,248,11,0.98
watch-faces,WatchMaker,messenger for watch,5,88,213,18,0.84
watch-faces,WatchMaker,warhammer objectives,5,50,237,61,0.63
watch-faces,WatchMaker,brushed metal hd watch face & clock widget,5,52,249,32,0.73
watch-faces,WatchMaker,告白，就现在 - next watch faces,5,78,249,2,2.29
watch-faces,WatchMaker,light watch face,5,95,250,15,0.89
watch-faces,WatchMaker,watch faces - watch wallpapers,5,94,250,6,1.24
watch-faces,WatchMaker,find your kid(wear),5,42,250,108,0.56
watch-faces,WatchMaker,racing watch face & clock widget,5,31,250,28,0.75
watch-faces,WatchMaker,apple ethnic wear,5,58,235,163,0.52
watch-faces,WatchMaker,clean & simple watch faces,5,54,250,10,1.02
watch-faces,WatchMaker,wear watchface g11,5,4,249,4,1.49
watch-faces,WatchMaker,wear watchface t3,5,81,249,8,1.10
watch-faces,WatchMaker,wear watchface q10,5,49,236,3,1.74
watch-faces,WatchMaker,analog clocks for smartwatch 2,5,51,249,42,0.68
watch-faces,WatchMaker,smartwatch phone battery level,5,48,249,181,0.51
watch-faces,WatchMaker,axial control paid,5,17,246,187,0.51
watch-faces,WatchMaker,cop watch,5,87,250,64,0.62
watch-faces,WatchMaker,workout watch,5,69,240,70,0.61
watch-faces,WatchMaker,samsung art,5,87,240,96,0.57
watch-faces,WatchMaker,tesla watch,5,95,250,56,0.64
watch-faces,WatchMaker,apple watch background,5,88,249,6,1.24
watch-faces,WatchMaker,watchchat 2 chat for whatsapp,5,97,249,55,0.64
watch-faces,WatchMaker,华为穿戴,5,43,247,73,0.60
watch-faces,WatchMaker,华为手表,5,47,248,66,0.62
watch-faces,WatchMaker,android wear 中国版,5,93,236,153,0.52
watch-faces,WatchMaker,amazfit手表,5,57,228,69,0.61
watch-faces,WatchMaker,手环,5,27,239,223,0.49
watch-faces,WatchMaker,佳明手表,5,61,212,129,0.54
watch-faces,WatchMaker,GUD,5,70,249,204,0.50
watch-faces,WatchMaker,пр��ложения для apple watch,5,60,241,20,0.82
watch-faces,WatchMaker,wow stuff app,5,97,250,74,0.60
watch-faces,WatchMaker,free stuf,5,96,250,130,0.54
watch-faces,WatchMaker,watch design,5,94,250,1,5.00
watch-faces,WatchMaker,Watch interface,5,94,217,2,2.29
watch-faces,WatchMaker,live watch faces,5,83,246,2,2.29
watch-faces,WatchMaker,Apple watch customize,5,72,221,10,1.02
watch-faces,WatchMaker,watch customize,5,97,250,2,2.29
watch-faces,WatchMaker,apple watch wallpapers,5,95,250,4,1.49
watch-faces,WatchMaker,watch gallery,5,77,250,26,0.76
watch-faces,WatchMaker,apple watch wallpaper appp,5,74,228,3,1.74
watch-faces,WatchMaker,watch face collection,5,70,250,47,0.66
watch-faces,WatchMaker,(wear,5,70,250,23,0.79
watch-faces,WatchMaker,samsung apple,5,91,249,35,0.71
watch-faces,WatchMaker,smart watch app for androids,5,51,235,23,0.79
watch-faces,WatchMaker,text watch,5,44,212,35,0.71
watch-faces,WatchMaker,quadranti watch,5,88,249,5,1.34
watch-faces,WatchMaker,active user,5,7,198,195,0.50
watch-faces,WatchMaker,notifier(wear,5,11,249,90,0.58
watch-faces,WatchMaker,wear -bluetooth,5,0,230,197,0.50
watch-faces,WatchMaker,wallpapers for apple watch,5,94,250,7,1.16
watch-faces,WatchMaker,watch background,5,94,250,4,1.49
watch-faces,WatchMaker,galaxy watch4,5,74,250,55,0.64
watch-faces,WatchMaker,watch4,5,76,250,40,0.69
watch-faces,WatchMaker,watch4 plugin,5,0,243,200,0.50
watch-faces,WatchMaker,apple watch theme,5,85,242,3,1.74
watch-faces,WatchMaker,watch faces maker,5,93,250,1,5.00
watch-faces,WatchMaker,watchout,5,10,247,131,0.54
watch-faces,WatchMaker,watch faces galelry,5,93,250,3,1.74
watch-faces,WatchMaker,watch face album,5,74,250,54,0.64
watch-faces,WatchMaker,watch face design,5,77,238,1,5.00
watch-faces,WatchMaker,watch faces for iwatch,5,93,250,4,1.49
watch-faces,WatchMaker,iwatch faces gallery,5,88,249,6,1.24
watch-faces,WatchMaker,小米手表,5,70,250,124,0.54
watch-faces,WatchMaker,手环app,5,51,231,195,0.50
watch-faces,WatchMaker,小米穿戴lite,5,92,250,84,0.59
watch-faces,WatchMaker,华为手环,5,27,234,64,0.62
watch-faces,WatchMaker,小米手环4,5,70,250,57,0.63
watch-faces,WatchMaker,whachchat,5,86,249,10,1.02
watch-faces,WatchMaker,maker-,5,55,244,147,0.53
watch-faces,WatchMaker,snappfood سفارش,5,20,250,132,0.54
watch-faces,WatchMaker,Alarm Clock for Me free,5,1,250,173,0.51
watch-faces,WatchMaker,红米手环,5,32,241,64,0.62
watch-faces,WatchMaker,华米手表,5,69,245,30,0.74
watch-faces,WatchMaker,运动手表,5,74,249,44,0.67
watch-faces,WatchMaker,小米手环6,5,34,244,79,0.59
watch-faces,WatchMaker,华为手表表盘,5,73,236,10,1.02
watch-faces,WatchMaker,watch7,5,76,249,31,0.73
watch-faces,WatchMaker,颂拓,5,80,249,83,0.59
watch-faces,WatchMaker,手环表盘,5,73,226,6,1.24
watch-faces,WatchMaker,小米表盘,5,26,232,24,0.78
watch-faces,WatchMaker,zulu complication,5,70,249,27,0.76
watch-faces,WatchMaker,utc complication,5,53,249,56,0.64
watch-faces,WatchMaker,apple watch themes,5,74,228,4,1.49
watch-faces,WatchMaker,make watch favce,5,94,240,1,5.00
watch-faces,WatchMaker,make watch face,5,88,249,2,2.29
watch-faces,WatchMaker,custom watch face,5,78,240,2,2.29
watch-faces,WatchMaker,apple watch backgrounds,5,73,225,6,1.24
watch-faces,WatchMaker,control mac with apple watch,5,98,250,112,0.55
watch-faces,WatchMaker,apple watch mac remote,5,86,240,196,0.50
watch-faces,WatchMaker,mac watch,5,100,248,13,0.93
watch-faces,WatchMaker,wallpaper for apple watch,5,81,247,3,1.74
watch-faces,WatchMaker,iwatch gallery,5,75,249,30,0.74
watch-faces,WatchMaker,vw id.3,5,63,247,105,0.56
watch-faces,WatchMaker,华为 运动,5,88,250,149,0.53
watch-faces,WatchMaker,(xiaomi wear),5,79,249,66,0.62
watch-faces,WatchMaker,watch image,5,70,250,16,0.87
watch-faces,WatchMaker,apple watch image,5,32,242,26,0.76
watch-faces,WatchMaker,maker),5,53,243,146,0.53
watch-faces,WatchMaker,New Apple Watch App,5,25,193,26,0.76
watch-faces,WatchMaker,apple watch temperature,5,81,245,73,0.60
watch-faces,WatchMaker,whatch chat 2,5,98,247,39,0.69
watch-faces,WatchMaker,watch app 2,5,21,215,14,0.91
watch-faces,WatchMaker,betterwatch,5,70,250,38,0.70
watch-faces,WatchMaker,go-watch,5,74,243,9,1.06
watch-faces,WatchMaker,oppo手表,5,91,226,79,0.59
watch-faces,WatchMaker,gym watch,5,89,250,168,0.51
watch-faces,WatchMaker,huawise,5,91,250,62,0.62
watch-faces,WatchMaker,Neue Watch App,5,80,226,5,1.34
watch-faces,WatchMaker,face meter,5,50,249,102,0.56
watch-faces,WatchMaker,pretty meter,5,53,250,102,0.56
watch-faces,WatchMaker,watch faces background,5,72,214,3,1.74
watch-faces,WatchMaker,watch face background,5,73,189,13,0.93
watch-faces,WatchMaker,watch face backgrounds,5,94,250,5,1.34
watch-faces,WatchMaker,watch faces backgrounds,5,96,250,4,1.49
watch-faces,WatchMaker,caratulas watch backgrounds,5,80,242,2,2.29
watch-faces,WatchMaker,Watch Faces Gallery for iWatch,5,94,250,4,1.49
watch-faces,WatchMaker,pixelate face,5,57,248,110,0.56
watch-faces,WatchMaker,watchchat 2 chat on watch,5,79,249,26,0.76
watch-faces,WatchMaker,Microsoft to do watch,5,97,249,199,0.50
watch-faces,WatchMaker,Microsoft to do list for watch,5,55,248,108,0.56
watch-faces,WatchMaker,Apple wallpaper Watch,5,79,241,5,1.34
watch-faces,WatchMaker,watch track,5,87,250,18,0.84
watch-faces,WatchMaker,watch organize,5,95,250,3,1.74
watch-faces,WatchMaker,watch organizer,5,80,250,9,1.06
watch-faces,WatchMaker,circuit watch,5,80,248,149,0.53
watch-faces,WatchMaker,custom watch,5,81,243,2,2.29
watch-faces,WatchMaker,ultra watch faces,5,84,249,51,0.65
watch-faces,WatchMaker,fitbit versa 4,5,,250,180,0.51
watch-faces,WatchMaker,timely watch,5,36,250,15,0.89
watch-faces,WatchMaker,Apple Watch running app,5,80,250,204,0.50
watch-faces,WatchMaker,faces complications,5,36,250,26,0.76
watch-faces,WatchMaker,get paid to watch,5,47,242,112,0.55
watch-faces,WatchMaker,luxury watch faces,5,14,237,29,0.74
watch-faces,WatchMaker,chrono enfants,5,70,250,48,0.66
watch-faces,WatchMaker,watch app to,5,75,249,24,0.78
watch-faces,WatchMaker,portions,5,58,247,113,0.55
watch-faces,WatchMaker,apple watch info,5,38,248,55,0.64
watch-faces,WatchMaker,smart Watch Wallpapers,5,5,249,4,1.49
watch-faces,WatchMaker,winter snow watch face,5,67,250,16,0.87
watch-faces,WatchMaker,ball swatch,5,77,248,3,1.74
watch-faces,WatchMaker,apple watch couple app,5,61,248,160,0.52
watch-faces,WatchMaker,apple watch for couples,5,61,248,106,0.56
watch-faces,WatchMaker,couples apple watch app,5,64,248,136,0.53
watch-faces,WatchMaker,watch REVIEWS,5,94,246,4,1.49
watch-faces,WatchMaker,series 6,5,100,250,149,0.53
watch-faces,WatchMaker,pro streaming,5,96,239,102,0.56
watch-faces,WatchMaker,watch face ai,5,94,250,2,2.29
watch-faces,WatchMaker,ai watch,5,88,250,23,0.79
watch-faces,WatchMaker,iwatch sleep app,5,61,249,242,0.48
watch-faces,WatchMaker,iwatch sleep monitor,5,47,249,211,0.49
watch-faces,WatchMaker,apple watch insomnia,5,87,249,38,0.70
watch-faces,WatchMaker,silly faces,5,33,249,124,0.54
watch-faces,WatchMaker,watch shop,5,94,248,52,0.65
watch-faces,WatchMaker,huge clock,5,72,250,151,0.52
watch-faces,WatchMaker,watch events,5,75,244,38,0.70
watch-faces,WatchMaker,Huawei honor band 5,5,23,248,93,0.57
watch-faces,WatchMaker,fitness tracker honor band 5,5,43,247,210,0.50
watch-faces,WatchMaker,T500 smart watch,5,59,248,49,0.66
watch-faces,WatchMaker,samsung compartir,5,59,249,34,0.71
watch-faces,WatchMaker,samsung compartir gratis,5,59,249,164,0.52
watch-faces,WatchMaker,samsung control free,5,63,249,189,0.50
watch-faces,WatchMaker,samsung control gratis,5,73,250,220,0.49
watch-faces,WatchMaker,wrist watch,5,95,250,16,0.87
watch-faces,WatchMaker,slideshow marker free,5,92,250,149,0.53
watch-faces,WatchMaker,المجرات,5,92,250,157,0.52
watch-faces,WatchMaker,face control,5,86,249,57,0.63
watch-faces,WatchMaker,apple watch designer,5,72,246,1,5.00
watch-faces,WatchMaker,samsung controll,5,87,250,168,0.51
watch-faces,WatchMaker,faces restoration,5,92,248,130,0.54
watch-faces,WatchMaker,studios watch,5,82,250,7,1.16
watch-faces,WatchMaker,faces quadranti,5,80,250,2,2.29
watch-faces,WatchMaker,quadranti iwatch,5,93,250,3,1.74
watch-faces,WatchMaker,face sfondi,5,91,250,171,0.51
watch-faces,WatchMaker,mywatch luxury,5,36,250,30,0.74
watch-faces,WatchMaker,luxury watch,5,57,250,37,0.70
watch-faces,WatchMaker,apple watch pots,5,32,241,56,0.64
watch-faces,WatchMaker,watch chat2,5,77,249,3,1.74
watch-faces,WatchMaker,snorkelling,5,51,249,147,0.53
watch-faces,WatchMaker,iwatches,5,69,249,34,0.71
watch-faces,WatchMaker,Huawei Band 8 Smartwatch,5,7,249,124,0.54
watch-faces,WatchMaker,golf watch range finder for apple watch,5,69,248,186,0.51
watch-faces,WatchMaker,watch read,5,52,250,13,0.93
watch-faces,WatchMaker,小米日历,5,51,244,124,0.54
watch-faces,WatchMaker,仪表盘,5,70,248,52,0.65
watch-faces,WatchMaker,apple watch track,5,70,250,60,0.63
watch-faces,WatchMaker,apple watch climb,5,94,250,27,0.76
watch-faces,WatchMaker,Ninja 3 Smart Watch,5,,250,36,0.70
watch-faces,WatchMaker,watch+,5,98,250,88,0.58
watch-faces,WatchMaker,watcg faces,5,91,174,2,2.29
watch-faces,WatchMaker,gipfel-identifizierung,5,87,248,108,0.56
watch-faces,WatchMaker,tarcze,5,77,250,101,0.56
watch-faces,WatchMaker,watchmessage,5,85,227,126,0.54
watch-faces,WatchMaker,become attractive,5,,250,126,0.54
watch-faces,WatchMaker,appke watch,5,84,250,10,1.02
watch-faces,WatchMaker,apple watch starter kit,5,85,246,2,2.29
watch-faces,WatchMaker,top sleep tracker watch,5,87,250,120,0.55
watch-faces,WatchMaker,collect watches,5,93,250,30,0.74
watch-faces,WatchMaker,watchtime,5,34,249,70,0.61
watch-faces,WatchMaker,horology,5,90,247,3,1.74
watch-faces,WatchMaker,wristwatch,5,82,229,4,1.49
watch-faces,WatchMaker,watch library,5,63,248,34,0.71
watch-faces,WatchMaker,wristwatch collection,5,95,250,4,1.49
watch-faces,WatchMaker,microbrand,5,62,232,17,0.86
watch-faces,WatchMaker,watch band,5,63,249,24,0.78
watch-faces,WatchMaker,wristwatch app,5,87,250,21,0.81
watch-faces,WatchMaker,watch catalog,5,20,199,32,0.73
watch-faces,WatchMaker,vintage watches,5,57,249,123,0.54
watch-faces,WatchMaker,watch tracking,5,82,250,36,0.70
watch-faces,WatchMaker,watch database,5,74,250,57,0.63
watch-faces,WatchMaker,watch inventory,5,77,250,201,0.50
watch-faces,WatchMaker,watch vault,5,58,247,78,0.59
watch-faces,WatchMaker,watch cataloging,5,70,250,48,0.66
watch-faces,WatchMaker,automatic watches,5,70,250,32,0.73
watch-faces,WatchMaker,watch community,5,97,250,195,0.50
watch-faces,WatchMaker,horological app,5,86,250,22,0.80
watch-faces,WatchMaker,watch curation,5,94,250,5,1.34
watch-faces,WatchMaker,watch connoisseur,5,47,248,60,0.63
watch-faces,WatchMaker,watch cord,5,85,250,17,0.86
watch-faces,WatchMaker,discord for apple watch,5,100,250,89,0.58
watch-faces,WatchMaker,discord on apple watch,5,94,246,144,0.53
watch-faces,WatchMaker,watchlab wallpapers,5,82,250,25,0.77
watch-faces,WatchMaker,wearables (beta),5,,249,168,0.51
watch-faces,WatchMaker,meter ultra,5,46,246,146,0.53
watch-faces,WatchMaker,watch identifier,5,94,250,138,0.53
watch-faces,WatchMaker,watch streamsgo,5,56,221,31,0.73
watch-faces,WatchMaker,Watch Face bible,5,95,250,18,0.84
watch-faces,WatchMaker,maker screenshot,5,87,249,181,0.51
watch-faces,WatchMaker,-dream face,5,100,249,170,0.51
watch-faces,WatchMaker,watchtower,5,70,249,127,0.54
watch-faces,WatchMaker,wallpapers faces,5,90,250,94,0.57
watch-faces,WatchMaker,maxxing face,5,100,250,64,0.62
watch-faces,WatchMaker,watch fitness tracker,5,93,247,124,0.54
watch-faces,WatchMaker,enjoy watchtime,5,,250,195,0.50
watch-faces,WatchMaker,watch original,5,96,250,9,1.06
watch-faces,WatchMaker,social watch,5,,198,166,0.52
watch-faces,WatchMaker,blur faces for social media,5,47,249,114,0.55
watch-faces,WatchMaker,watch faces & widgets,5,98,249,2,2.29
watch-faces,WatchMaker,tmnt watch,5,,227,162,0.52
watch-faces,WatchMaker,clock watchface,5,81,250,1,5.00
watch-faces,WatchMaker,classic-clock,5,,250,171,0.51
watch-faces,WatchMaker,1 hour,5,91,245,111,0.55
watch-faces,WatchMaker,my moving gear,5,,230,148,0.53
watch-faces,WatchMaker,watch passed,5,,249,51,0.65
watch-faces,WatchMaker,smart maker,5,,250,51,0.65
watch-faces,WatchMaker,genz write,5,,249,105,0.56
watch-faces,WatchMaker,- face censor app,5,51,249,132,0.54
watch-faces,WatchMaker,- face hide app,5,70,248,131,0.54
watch-faces,WatchMaker,- hide faces app,5,70,249,135,0.54
watch-faces,WatchMaker,face censor app,5,51,250,133,0.54
watch-faces,WatchMaker,face hide app,5,45,250,132,0.54
watch-faces,WatchMaker,hide faces app,5,70,250,130,0.54
watch-faces,WatchMaker,screenshot samsung j7 prime,5,78,248,62,0.62
watch-faces,WatchMaker,screenshot app for samsung free,5,69,250,190,0.50
watch-faces,WatchMaker,distorted face app,5,89,249,135,0.54
watch-faces,WatchMaker,face distortion app free,5,80,248,171,0.51
watch-faces,WatchMaker,face slider,5,52,246,87,0.58
watch-faces,WatchMaker,funny faces free,5,70,250,154,0.52
watch-faces,WatchMaker,funny faces app free,5,52,250,167,0.52
watch-faces,WatchMaker,watch analyzer,5,,241,53,0.64
watch-faces,WatchMaker,apple watch gallery,5,61,244,31,0.73
watch-faces,WatchMaker,watch identify,5,,201,13,0.93
watch-faces,WatchMaker,telegram wear,5,,242,118,0.55
watch-faces,WatchMaker,face bones,5,,250,206,0.50
watch-faces,WatchMaker,flip clock apple watch,5,,250,85,0.58
watch-faces,WatchMaker,slide creator,5,93,250,138,0.53
watch-faces,WatchMaker,watch brand finder,5,,249,59,0.63
watch-faces,WatchMaker,timepiece valuation,5,,249,76,0.60
watch-faces,WatchMaker,wallpaper designer for watch,5,,250,16,0.87
watch-faces,WatchMaker,ars humano,5,84,248,223,0.49
watch-faces,WatchMaker,what to wear with,5,21,196,44,0.67
watch-faces,WatchMaker,watch di attività,,44,239,31,
watch-faces,WatchMaker,clock for ios,,,250,230,
watch-faces,WatchMaker,samsung aplicacion,,59,249,184,
watch-faces,WatchMaker,samsung television aplicacion,,65,249,89,
watch-faces,WatchMaker,samsung smart view aplicacion,,30,239,85,
watch-faces,WatchMaker,lg chytré,,45,247,153,
watch-faces,WatchMaker,choses intelligentes samsung,,33,243,105,
watch-faces,WatchMaker,brandit,,44,240,134,
watch-faces,WatchMaker,bluetooth device widget maker,,,249,58,
watch-faces,WatchMaker,watch original series,,,243,27,