cluster,app,keyword,popularity,competitiveness,num_apps,rank,importance
workout-cible,PrenatalYoga,prénatal,40,,231,1,40.00
workout-cible,PrenatalYoga,спорт,39,58,249,161,4.04
workout-cible,PrenatalYoga,maman,26,79,214,58,3.29
workout-cible,PrenatalYoga,grossese,16,,249,116,1.76
workout-cible,PrenatalYoga,gravidanza,9,62,229,15,1.61
workout-cible,PrenatalYoga,kegel trainer,9,66,249,13,1.68
workout-cible,PrenatalYoga,kegel exercises,9,67,250,13,1.68
workout-cible,PrenatalYoga,yoga down dog,9,,223,5,2.41
workout-cible,PrenatalYoga,prehab,9,53,141,135,0.96
workout-cible,PrenatalYoga,yoga kostenlos,8,,247,216,0.79
workout-cible,PrenatalYoga,gentle birth,8,65,249,10,1.63
workout-cible,PrenatalYoga,down dog yoga,7,,230,5,1.87
workout-cible,PrenatalYoga,тренировки,6,58,248,181,0.61
workout-cible,PrenatalYoga,kic,6,,200,94,0.69
workout-cible,PrenatalYoga,健 身,5,25,241,200,0.50
workout-cible,PrenatalYoga,prenatal yoga,5,54,248,1,5.00
workout-cible,PrenatalYoga,baby2body,5,53,249,5,1.34
workout-cible,PrenatalYoga,tone it up,5,48,120,82,0.59
workout-cible,PrenatalYoga,natale,5,48,247,53,0.64
workout-cible,PrenatalYoga,expectful,5,77,246,9,1.06
workout-cible,PrenatalYoga,yoga für anfänger,5,,248,153,0.52
workout-cible,PrenatalYoga,pregnancy workouts,5,57,249,6,1.24
workout-cible,PrenatalYoga,pregnancy wellness,5,47,245,181,0.51
workout-cible,PrenatalYoga,gestational,5,57,248,71,0.61
workout-cible,PrenatalYoga,дыхание,5,76,156,34,0.71
workout-cible,PrenatalYoga,pregnancy meditation,5,57,246,6,1.24
workout-cible,PrenatalYoga,schwangerschaftskalender,5,,145,15,0.89
workout-cible,PrenatalYoga,pregnancy yoga,5,55,243,1,5.00
workout-cible,PrenatalYoga,gentlebirth,5,76,227,6,1.24
workout-cible,PrenatalYoga,hypnobirth,5,90,248,247,0.48
workout-cible,PrenatalYoga,daily kegel,5,33,241,219,0.49
workout-cible,PrenatalYoga,pregnancy exercise,5,46,250,5,1.34
workout-cible,PrenatalYoga,alimentation grossesse,5,,245,193,0.50
workout-cible,PrenatalYoga,baby yoga,5,66,250,1,5.00
workout-cible,PrenatalYoga,prenatal app,5,77,231,4,1.49
workout-cible,PrenatalYoga,pregnancy fitness,5,45,246,3,1.74
workout-cible,PrenatalYoga,pregnancy workout,5,45,245,4,1.49
workout-cible,PrenatalYoga,pregnancy exercise and yoga,5,,219,1,5.00
workout-cible,PrenatalYoga,prenatal workout,5,46,250,2,2.29
workout-cible,PrenatalYoga,sog,5,97,240,151,0.52
workout-cible,PrenatalYoga,prenatal fitness,5,46,246,1,5.00
workout-cible,PrenatalYoga,maternity,5,88,250,108,0.56
workout-cible,PrenatalYoga,pregnant workout,5,,224,3,1.74
workout-cible,PrenatalYoga,pregnancy workouts free,5,,249,209,0.50
workout-cible,PrenatalYoga,post pregnancy workout,5,44,236,72,0.60
workout-cible,PrenatalYoga,post partum workout,5,46,247,246,0.48
workout-cible,PrenatalYoga,mother workout,5,40,248,211,0.49
workout-cible,PrenatalYoga,yoga for pregnant,5,44,245,1,5.00
workout-cible,PrenatalYoga,dog yoga,5,,182,5,1.34
workout-cible,PrenatalYoga,yoga downdog,5,,248,7,1.16
workout-cible,PrenatalYoga,после,5,40,243,149,0.53
workout-cible,PrenatalYoga,nurturing,5,54,239,86,0.58
workout-cible,PrenatalYoga,gravid yoga,5,25,248,4,1.49
workout-cible,PrenatalYoga,мамы,5,42,221,102,0.56
workout-cible,PrenatalYoga,12 week,5,58,209,35,0.71
workout-cible,PrenatalYoga,pregnant meditation,5,45,242,88,0.58
workout-cible,PrenatalYoga,dog tale,5,53,237,15,0.89
workout-cible,PrenatalYoga,postpartum exercise,5,33,236,37,0.70
workout-cible,PrenatalYoga,postpartum training,5,40,248,177,0.51
workout-cible,PrenatalYoga,postnatal workout,5,50,243,45,0.67
workout-cible,PrenatalYoga,postnatal,5,56,245,16,0.87
workout-cible,PrenatalYoga,Prenatal Yoga Poses,5,43,243,3,1.74
workout-cible,PrenatalYoga,Prenatal Exercise,5,66,247,2,2.29
workout-cible,PrenatalYoga,Prenatal Yoga | Pregnancy Exercise,5,34,53,1,5.00
workout-cible,PrenatalYoga,online prenatal yoga,5,40,247,3,1.74
workout-cible,PrenatalYoga,Prenatal Yog,5,54,247,2,2.29
workout-cible,PrenatalYoga,postpartum core workout,5,40,247,115,0.55
workout-cible,PrenatalYoga,postpregnancy,5,40,248,66,0.62
workout-cible,PrenatalYoga,瑜伽教程,5,47,236,19,0.83
workout-cible,PrenatalYoga,kegel trainer PFM exercises,5,54,240,97,0.57
workout-cible,PrenatalYoga,健身 锻炼,5,73,237,217,0.49
workout-cible,PrenatalYoga,Pregnancy Exercise and Fitness,5,92,127,19,0.83
workout-cible,PrenatalYoga,Exercise During Pregnancy,5,49,241,88,0.58
workout-cible,PrenatalYoga,Prenatal Yoga \,5,40,243,3,1.74
workout-cible,PrenatalYoga,baby massage,5,71,157,13,0.93
workout-cible,PrenatalYoga,pregnancy affirmations,5,50,250,81,0.59
workout-cible,PrenatalYoga,iog,5,50,187,36,0.70
workout-cible,PrenatalYoga,toneitup,5,57,166,18,0.84
workout-cible,PrenatalYoga,pre natal,5,78,247,3,1.74
workout-cible,PrenatalYoga,postpartum workouts,5,61,223,70,0.61
workout-cible,PrenatalYoga,hamile,5,82,172,17,0.86
workout-cible,PrenatalYoga,find pregnant friends,5,19,217,62,0.62
workout-cible,PrenatalYoga,鬱,5,83,249,234,0.49
workout-cible,PrenatalYoga,gravida,5,,233,38,0.70
workout-cible,PrenatalYoga,workout for mothers,5,41,225,73,0.60
workout-cible,PrenatalYoga,kege,5,77,227,57,0.63
workout-cible,PrenatalYoga,pet pregnancy,5,34,209,133,0.54
workout-cible,PrenatalYoga,fitness pregnancy,5,46,237,168,0.51
workout-cible,PrenatalYoga,laughing yoga,5,76,246,109,0.56
workout-cible,PrenatalYoga,booty yoga,5,6,248,157,0.52
workout-cible,PrenatalYoga,ob wheel for pregnancy,5,43,201,55,0.64
workout-cible,PrenatalYoga,stretch and fit,5,40,243,178,0.51
workout-cible,PrenatalYoga,dog pregnancy calendar,5,53,242,97,0.57
workout-cible,PrenatalYoga,girth,5,57,246,237,0.49
workout-cible,PrenatalYoga,微信恢复,5,40,248,191,0.50
workout-cible,PrenatalYoga,恢复聊天,5,40,245,187,0.51
workout-cible,PrenatalYoga,pregancy pilates,5,,184,4,1.49
workout-cible,PrenatalYoga,Workout for mama,5,82,206,64,0.62
workout-cible,PrenatalYoga,연습,5,50,231,96,0.57
workout-cible,PrenatalYoga,Pregnancy Relaxation,5,,234,42,0.68
workout-cible,PrenatalYoga,Prenatal Breathwork,5,40,250,4,1.49
workout-cible,PrenatalYoga,Pregnancy Excercise,5,48,250,7,1.16
workout-cible,PrenatalYoga,puppy yoga,5,66,176,3,1.74
workout-cible,PrenatalYoga,kegel male,5,48,240,205,0.50
workout-cible,PrenatalYoga,Pregnancy nutrition+,5,43,211,13,0.93
workout-cible,PrenatalYoga,mindful mamas: support & calm 4+,5,40,248,34,0.71
workout-cible,PrenatalYoga,down the,5,76,217,99,0.57
workout-cible,PrenatalYoga,the prenatal nutrition library,5,75,250,22,0.80
workout-cible,PrenatalYoga,kegel pt,5,10,9,4,1.49
workout-cible,PrenatalYoga,pregnant clothes,5,46,202,59,0.63
workout-cible,PrenatalYoga,до после,5,34,74,51,0.65
workout-cible,PrenatalYoga,baby ist,5,73,62,15,0.89
workout-cible,PrenatalYoga,act one,5,87,238,81,0.59
workout-cible,PrenatalYoga,pregnant exercises,5,73,133,2,2.29
workout-cible,PrenatalYoga,kegel excercises,5,54,250,13,0.93
workout-cible,PrenatalYoga,kegel excercies,5,45,250,13,0.93
workout-cible,PrenatalYoga,pr workout,5,31,207,71,0.61
workout-cible,PrenatalYoga,pregnancy sharing memories journal secur,5,66,239,173,0.51
workout-cible,PrenatalYoga,postpartum\,5,46,235,72,0.60
workout-cible,PrenatalYoga,baby workout,5,84,217,14,0.91
workout-cible,PrenatalYoga,运气,5,58,230,160,0.52
workout-cible,PrenatalYoga,pregnant diet,5,91,234,39,0.69
workout-cible,PrenatalYoga,12 week yeawr,5,46,157,19,0.83
workout-cible,PrenatalYoga,pregnancy stretching,5,70,241,25,0.77
workout-cible,PrenatalYoga,pregnancy stretch,5,52,114,1,5.00
workout-cible,PrenatalYoga,yoga hormone,5,6,211,19,0.83
workout-cible,PrenatalYoga,pregnant exercise,5,74,212,2,2.29
workout-cible,PrenatalYoga,pregnant yoga,5,46,248,1,5.00
workout-cible,PrenatalYoga,pregnancy health,5,83,248,6,1.24
workout-cible,PrenatalYoga,post workout,5,91,246,140,0.53
workout-cible,PrenatalYoga,prenatal exercises,5,20,120,1,5.00
workout-cible,PrenatalYoga,pregnancy help,5,81,229,176,0.51
workout-cible,PrenatalYoga,pregnancy helper,5,75,229,176,0.51
workout-cible,PrenatalYoga,pregnancy nutrition guide,5,,206,52,0.65
workout-cible,PrenatalYoga,meditations pregnant,5,,212,6,1.24
workout-cible,PrenatalYoga,yoga for pregancy,5,40,246,1,5.00
workout-cible,PrenatalYoga,yoga for pregnancy,5,44,246,1,5.00
workout-cible,PrenatalYoga,workout for pregnant,5,70,248,10,1.02
workout-cible,PrenatalYoga,nutrition for pregnancy,5,38,210,38,0.70
workout-cible,PrenatalYoga,home birth prep,5,,248,248,0.48
workout-cible,PrenatalYoga,natural birth preparation,5,,250,46,0.67
workout-cible,PrenatalYoga,birth prep nutrition,5,,250,3,1.74
workout-cible,PrenatalYoga,prenatal health app,5,,248,19,0.83
workout-cible,PrenatalYoga,pregnancy fitness app,5,,247,5,1.34
workout-cible,PrenatalYoga,pregnancy fatigue help,5,,246,145,0.53
workout-cible,PrenatalYoga,low energy pregnancy,5,,246,142,0.53
workout-cible,PrenatalYoga,staying healthy pregnancy,5,,224,149,0.53
workout-cible,PrenatalYoga,yoga for moms,5,40,247,53,0.64
workout-cible,PrenatalYoga,mindset for labor,5,,250,140,0.53
workout-cible,PrenatalYoga,kegel exercies,5,49,250,13,0.93
workout-cible,PrenatalYoga,track%20pregnancy,5,70,222,152,0.52
workout-cible,PrenatalYoga,free%20yoga%20app,5,74,249,140,0.53
workout-cible,PrenatalYoga,pregnancy%20workouts,5,68,231,41,0.68
workout-cible,PrenatalYoga,pregnancy%20test,5,60,221,163,0.52
workout-cible,PrenatalYoga,pregnancy%20tracker,5,70,224,171,0.51
workout-cible,PrenatalYoga,beyond%20yoga,5,57,242,79,0.59
workout-cible,PrenatalYoga,baby%20bump,5,67,220,152,0.52
workout-cible,PrenatalYoga,Pregnancy%20announcement,5,53,217,170,0.51
workout-cible,PrenatalYoga,back%20stage,5,74,249,97,0.57
workout-cible,PrenatalYoga,couples%20yoga,5,42,249,15,0.89
workout-cible,PrenatalYoga,contraction%20counter,5,48,246,223,0.49
workout-cible,PrenatalYoga,scan%20hand,5,54,238,65,0.62
workout-cible,PrenatalYoga,my%20scans,5,53,228,21,0.81
workout-cible,PrenatalYoga,umbilical cord,5,,249,136,0.53
workout-cible,PrenatalYoga,nurture pregnancy,5,,246,31,0.73
workout-cible,PrenatalYoga,yingyang,5,,205,202,0.50
workout-cible,PrenatalYoga,prenatal%20workout,5,,228,1,5.00
workout-cible,PrenatalYoga,prenatal%20yoga,5,40,248,1,5.00
workout-cible,PrenatalYoga,pre workout,5,35,201,149,0.53
workout-cible,PrenatalYoga,parental yoga,5,49,248,1,5.00
workout-cible,PrenatalYoga,contraction labor coach,5,,244,215,0.49
workout-cible,PrenatalYoga,pregnant food,5,38,223,63,0.62
workout-cible,PrenatalYoga,pregnant camera,5,,208,119,0.55
workout-cible,PrenatalYoga,chari yoga,5,,246,214,0.49
workout-cible,PrenatalYoga,preemies,5,,211,26,0.76
workout-cible,PrenatalYoga,contraction tracker clyra,5,,229,195,0.50
workout-cible,PrenatalYoga,training for pregnant,5,,246,181,0.51
workout-cible,PrenatalYoga,pregnancy after los,5,,248,115,0.55
workout-cible,PrenatalYoga,yofa,5,,244,42,0.68
workout-cible,PrenatalYoga,baby exercises & activites,5,,207,28,0.75
workout-cible,PrenatalYoga,dogs health,5,54,245,121,0.55
workout-cible,PrenatalYoga,postnatal yoga,5,49,244,2,2.29
workout-cible,PrenatalYoga,mumsly,5,47,248,158,0.52
workout-cible,PrenatalYoga,pregnancy mediation,5,,248,2,2.29
workout-cible,PrenatalYoga,pilates & yoga,5,,187,29,0.74
workout-cible,PrenatalYoga,maternity photo,5,,197,28,0.75
workout-cible,PrenatalYoga,hypnobirthing techniques,5,,250,30,0.74
workout-cible,PrenatalYoga,birth preperation,5,,247,15,0.89
workout-cible,PrenatalYoga,surge breathing,5,,234,80,0.59
workout-cible,PrenatalYoga,birth preparation,5,,248,201,0.50
workout-cible,PrenatalYoga,hypno birth,5,,248,58,0.63
workout-cible,PrenatalYoga,birth made easy,5,,246,142,0.53
workout-cible,PrenatalYoga,posture fix for desk workers,5,,229,203,0.50
workout-cible,PrenatalYoga,pregnancy nose,5,,246,243,0.48
workout-cible,PrenatalYoga,pregnancy signs,5,49,207,42,0.68
workout-cible,PrenatalYoga,pregnancy birth,5,,232,111,0.55
workout-cible,PrenatalYoga,morning sickness,5,59,226,53,0.64
workout-cible,PrenatalYoga,pregnancy cluster,5,40,249,241,0.48
workout-cible,PrenatalYoga,back to back pregnancies,5,,249,160,0.52
workout-cible,PrenatalYoga,pregnancy detector,5,,229,90,0.58
workout-cible,PrenatalYoga,maternity shoot,5,42,219,16,0.87
workout-cible,PrenatalYoga,digital pregnancy,5,,219,210,0.50
workout-cible,PrenatalYoga,soy free pregnancy,5,61,246,128,0.54
workout-cible,PrenatalYoga,fish free pregnancy,5,48,246,56,0.64
workout-cible,PrenatalYoga,migraine in pregnancy,5,,208,92,0.58
workout-cible,PrenatalYoga,postpartum fat-loss,5,,236,117,0.55
workout-cible,PrenatalYoga,period yoga,5,30,248,62,0.62
workout-cible,PrenatalYoga,yoga for periods,5,,211,24,0.78
workout-cible,PrenatalYoga,period tracker with yoga,5,,230,39,0.69
workout-cible,PrenatalYoga,yoga for period,5,27,214,24,0.78
workout-cible,PrenatalYoga,yoga for cramps,5,,207,22,0.80
workout-cible,PrenatalYoga,yoga en español,5,,248,113,0.55
workout-cible,PrenatalYoga,subtle exercises,5,,230,96,0.57
workout-cible,PrenatalYoga,work yoga,5,,209,21,0.81
workout-cible,PrenatalYoga,scanbaby learn baby ultrasound,5,,213,47,0.66
workout-cible,PrenatalYoga,learn baby ultrasounds,5,,223,29,0.74
workout-cible,PrenatalYoga,nara baby pregnancys,5,,214,28,0.75
workout-cible,PrenatalYoga,the wonder weeks back you,5,,234,72,0.60
workout-cible,PrenatalYoga,wonder weeks back yous,5,,234,74,0.60
workout-cible,PrenatalYoga,wonder weeks back you,5,,246,40,0.69
workout-cible,PrenatalYoga,the wonder weeks back yous,5,,234,68,0.61
workout-cible,PrenatalYoga,baby story pregnancy pictures,5,,186,34,0.71
workout-cible,PrenatalYoga,pregnancy affirmation,5,,216,34,0.71
workout-cible,PrenatalYoga,uoga,5,,203,131,0.54
workout-cible,PrenatalYoga,mamanest,5,,242,57,0.63
workout-cible,PrenatalYoga,postpartum anxiety,5,30,222,16,0.87
workout-cible,PrenatalYoga,pregnancy mood,5,,206,35,0.71
workout-cible,PrenatalYoga,pregancy calender,5,,213,71,0.61
workout-cible,PrenatalYoga,doin,5,79,229,221,0.49
workout-cible,PrenatalYoga,new mom knowledge,5,,208,53,0.64
workout-cible,PrenatalYoga,antenatal,5,,248,3,1.74
workout-cible,PrenatalYoga,blessed: pregnancy meditation,5,,250,106,0.56
workout-cible,PrenatalYoga,bikram yoga zurich 20,5,,248,139,0.53
workout-cible,PrenatalYoga,downdog yoga india,5,48,224,4,1.49
workout-cible,PrenatalYoga,momitalk: pregnancy ultrasound,5,,190,48,0.66
workout-cible,PrenatalYoga,pregnancy yoga free,5,73,250,1,5.00
workout-cible,PrenatalYoga,postpartum recovery   sexual wellness,5,,246,71,0.61
workout-cible,PrenatalYoga,baby excercise,5,,210,6,1.24
workout-cible,PrenatalYoga,prenatal yoga home,5,40,247,1,5.00
workout-cible,PrenatalYoga,connects moment sprachmemos,5,,222,29,0.74
workout-cible,PrenatalYoga,stories gentle alternatives,5,,248,4,1.49
workout-cible,PrenatalYoga,postnatal log,5,,249,19,0.83
workout-cible,PrenatalYoga,grademat,5,,244,54,0.64
workout-cible,PrenatalYoga,spinal adjust,5,,218,22,0.80
workout-cible,PrenatalYoga,postnatal visit,5,,250,33,0.72
workout-cible,PrenatalYoga,home birth midwifery,5,,249,71,0.61
workout-cible,PrenatalYoga,postpartum healing,5,,249,66,0.62
workout-cible,PrenatalYoga,postpartum body,5,,228,18,0.84
workout-cible,PrenatalYoga,groundly,5,,232,75,0.60
workout-cible,PrenatalYoga,faith-filled childbirth,5,66,249,186,0.51
workout-cible,PrenatalYoga,dog pregancy app,5,,208,4,1.49
workout-cible,PrenatalYoga,nagging colorful wheel alternatives,5,,236,36,0.70
workout-cible,PrenatalYoga,postpartum nutrition,5,,230,44,0.67
workout-cible,PrenatalYoga,postpartum fitness,5,,232,36,0.70
workout-cible,PrenatalYoga,vbirth,5,,231,163,0.52
workout-cible,PrenatalYoga,mommy pouch,5,,250,16,0.87
workout-cible,PrenatalYoga,baby stretching,5,,206,36,0.70
workout-cible,PrenatalYoga,baby stretch,5,,248,19,0.83
workout-cible,PrenatalYoga,pregnancy & baby,5,,227,167,0.52
workout-cible,PrenatalYoga,after childbirth,5,,250,136,0.53
workout-cible,PrenatalYoga,foam rolling guide offline,5,,249,210,0.50
workout-cible,PrenatalYoga,exercise modification guide,5,,248,85,0.58
workout-cible,PrenatalYoga,pregnancy pilates,5,,250,2,2.29
workout-cible,PrenatalYoga,kegel counter,5,,246,232,0.49
workout-cible,PrenatalYoga,postpartum core recovery exercises,5,,247,103,0.56
workout-cible,PrenatalYoga,postpartum core recovery,5,,249,91,0.58
workout-cible,PrenatalYoga,每日瑜伽,,,245,211,
workout-cible,PrenatalYoga,feminine healing,,22,197,23,
workout-cible,PrenatalYoga,gentle brith,,43,46,7,
workout-cible,PrenatalYoga,pregnancy%20calculator,,,220,151,
workout-cible,PrenatalYoga,postp[artum,,40,248,70,
workout-cible,PrenatalYoga,pregnancy kicks,,,208,123,
workout-cible,PrenatalYoga,gut yoga poses,,40,248,90,
workout-cible,PrenatalYoga,jaydess,,,209,112,
workout-cible,PrenatalYoga,vegetarian pregnancy,,73,209,100,
workout-cible,PrenatalYoga,nara baby pregnancy,,,210,35,
workout-cible,PrenatalYoga,weeks back yous,,,250,154,
workout-cible,PrenatalYoga,wonder weeks back,,,247,39,
workout-cible,PrenatalYoga,calm pregnancy,,,211,72,
workout-cible,PrenatalYoga,pregenency,,,227,48,
workout-cible,PrenatalYoga,pre a template,,,232,18,
workout-cible,PrenatalYoga,pregnancy line,,,217,83,
workout-cible,PrenatalYoga,postnatal fitness routine,,40,246,56,
workout-cible,PrenatalYoga,staging checkup,,,207,52,
workout-cible,PrenatalYoga,posture history,,,225,60,
workout-cible,PrenatalYoga,dog pregnancy,,,201,7,
workout-cible,PrenatalYoga,posture reset coach,,,234,119,
workout-cible,PrenatalYoga,pregnancy stretches,,,250,1,
workout-cible,PrenatalYoga,pregnancy yoga app,,,250,2,
workout-cible,PrenatalYoga,sacred pregnancy hub,,,247,62,
workout-cible,PrenatalYoga,pregnancy yoga poses,,,241,3,
workout-cible,PrenatalYoga,post kit,,,207,47,
workout-cible,PrenatalYoga,baby kit,,,239,126,
workout-cible,PrenatalYoga,crybuddy,,,250,246,
workout-cible,ChairYogaSeniors,alo,70,72,249,191,7.05
workout-cible,ChairYogaSeniors,fabletics,61,66,154,56,7.77
workout-cible,ChairYogaSeniors,24 go,51,80,248,184,5.17
workout-cible,ChairYogaSeniors,free games for seniors,50,92,246,30,7.37
workout-cible,ChairYogaSeniors,lazy fit free,46,59,250,11,9.06
workout-cible,ChairYogaSeniors,tai chi walking for seniors free,39,70,250,18,6.59
workout-cible,ChairYogaSeniors,body alive,37,57,32,28,5.55
workout-cible,ChairYogaSeniors,tai chi for beginners free,37,63,249,37,5.18
workout-cible,ChairYogaSeniors,truecoach,34,43,26,26,5.20
workout-cible,ChairYogaSeniors,corepower,32,86,223,207,3.18
workout-cible,ChairYogaSeniors,chair yoga free seniors,30,59,248,1,30.00
workout-cible,ChairYogaSeniors,chairish,29,81,107,105,3.25
workout-cible,ChairYogaSeniors,body groove,29,43,47,7,6.73
workout-cible,ChairYogaSeniors,bodi by beachbody,27,59,196,190,2.72
workout-cible,ChairYogaSeniors,free chair yoga for seniors,24,67,248,5,6.42
workout-cible,ChairYogaSeniors,chair tai chi for seniors,24,72,249,4,7.15
workout-cible,ChairYogaSeniors,grandpad,22,59,45,3,7.67
workout-cible,ChairYogaSeniors,chair yoga for seniors,21,81,248,1,21.00
workout-cible,ChairYogaSeniors,fable5,11,60,239,59,1.39
workout-cible,ChairYogaSeniors,fit me,9,59,244,12,1.72
workout-cible,ChairYogaSeniors,just fit,9,73,197,183,0.91
workout-cible,ChairYogaSeniors,yoga down dog,9,,223,27,1.36
workout-cible,ChairYogaSeniors,free chair yoga,9,,249,1,9.00
workout-cible,ChairYogaSeniors,tai chi for beginners seniors,9,51,248,55,1.15
workout-cible,ChairYogaSeniors,8spine,9,,227,7,2.09
workout-cible,ChairYogaSeniors,dminder,8,51,56,48,1.05
workout-cible,ChairYogaSeniors,alo moves,7,46,71,57,0.89
workout-cible,ChairYogaSeniors,down dog yoga,7,,230,28,1.05
workout-cible,ChairYogaSeniors,fitme,7,72,248,14,1.28
workout-cible,ChairYogaSeniors,livo,7,53,106,46,0.93
workout-cible,ChairYogaSeniors,yoga go,6,50,248,5,1.61
workout-cible,ChairYogaSeniors,pliability,6,52,45,42,0.82
workout-cible,ChairYogaSeniors,stronger by the day,6,41,49,42,0.82
workout-cible,ChairYogaSeniors,better man,5,80,182,149,0.53
workout-cible,ChairYogaSeniors,chievo,5,70,221,93,0.57
workout-cible,ChairYogaSeniors,pilates for beginners,5,50,244,35,0.71
workout-cible,ChairYogaSeniors,chair,5,88,248,4,1.49
workout-cible,ChairYogaSeniors,twenty four hours a day,5,41,243,219,0.49
workout-cible,ChairYogaSeniors,launcher for seniors,5,,212,8,1.10
workout-cible,ChairYogaSeniors,weight loss for men,5,50,231,81,0.59
workout-cible,ChairYogaSeniors,stretch game,5,,219,100,0.57
workout-cible,ChairYogaSeniors,pilates for men,5,73,246,47,0.66
workout-cible,ChairYogaSeniors,balance games,5,64,179,168,0.51
workout-cible,ChairYogaSeniors,betterme yoga,5,60,248,6,1.24
workout-cible,ChairYogaSeniors,senioren,5,52,244,219,0.49
workout-cible,ChairYogaSeniors,elder launcher,5,,214,12,0.96
workout-cible,ChairYogaSeniors,senior citizen,5,67,224,14,0.91
workout-cible,ChairYogaSeniors,"ads free",5,46,242,158,0.52
workout-cible,ChairYogaSeniors,exercise games,5,65,226,172,0.51
workout-cible,ChairYogaSeniors,flexibilidad,5,,230,125,0.54
workout-cible,ChairYogaSeniors,make 24,5,,233,174,0.51
workout-cible,ChairYogaSeniors,up and down,5,,218,56,0.64
workout-cible,ChairYogaSeniors,pilates for weight loss,5,,244,40,0.69
workout-cible,ChairYogaSeniors,silvester,5,51,227,58,0.63
workout-cible,ChairYogaSeniors,men and women,5,56,237,124,0.54
workout-cible,ChairYogaSeniors,silversneakers go,5,,101,7,1.16
workout-cible,ChairYogaSeniors,indoor exercises,5,88,247,164,0.52
workout-cible,ChairYogaSeniors,exercise ad-free,5,46,248,4,1.49
workout-cible,ChairYogaSeniors,exercises for men,5,66,241,236,0.49
workout-cible,ChairYogaSeniors,over design,5,94,248,216,0.49
workout-cible,ChairYogaSeniors,walking for weight loss pro,5,40,231,147,0.53
workout-cible,ChairYogaSeniors,ad-free,5,93,244,213,0.49
workout-cible,ChairYogaSeniors,for woman,5,30,228,210,0.50
workout-cible,ChairYogaSeniors,days women,5,40,239,200,0.50
workout-cible,ChairYogaSeniors,yoga for flexibility,5,44,240,57,0.63
workout-cible,ChairYogaSeniors,silversneakers,5,58,153,143,0.53
workout-cible,ChairYogaSeniors,flexibility yoga,5,40,240,100,0.57
workout-cible,ChairYogaSeniors,firme,5,,245,8,1.10
workout-cible,ChairYogaSeniors,aces up,5,68,190,120,0.55
workout-cible,ChairYogaSeniors,overly,5,89,246,82,0.59
workout-cible,ChairYogaSeniors,7-day,5,52,216,193,0.50
workout-cible,ChairYogaSeniors,over free,5,81,250,105,0.56
workout-cible,ChairYogaSeniors,corepower yoga on demand,5,,223,104,0.56
workout-cible,ChairYogaSeniors,senior exercise,5,73,247,7,1.16
workout-cible,ChairYogaSeniors,Workout for weightloss - Men,5,40,240,99,0.57
workout-cible,ChairYogaSeniors,جو فور كورة,5,95,217,12,0.96
workout-cible,ChairYogaSeniors,power exercise,5,40,243,64,0.62
workout-cible,ChairYogaSeniors,fabletics fit,5,44,27,26,0.76
workout-cible,ChairYogaSeniors,Chair yoga,5,71,246,1,5.00
workout-cible,ChairYogaSeniors,beginners weight,5,40,249,173,0.51
workout-cible,ChairYogaSeniors,loss-yoga,5,40,240,107,0.56
workout-cible,ChairYogaSeniors,women loss,5,57,243,214,0.49
workout-cible,ChairYogaSeniors,low impact,5,49,207,56,0.64
workout-cible,ChairYogaSeniors,yogago,5,53,250,208,0.50
workout-cible,ChairYogaSeniors,evolveyou,5,70,191,12,0.96
workout-cible,ChairYogaSeniors,justfit lazy,5,93,249,201,0.50
workout-cible,ChairYogaSeniors,lazy fit,5,68,198,52,0.65
workout-cible,ChairYogaSeniors,stay active,5,51,224,211,0.49
workout-cible,ChairYogaSeniors,dog fot,5,55,232,151,0.52
workout-cible,ChairYogaSeniors,workouts on demand,5,76,177,69,0.61
workout-cible,ChairYogaSeniors,asen,5,58,223,50,0.65
workout-cible,ChairYogaSeniors,office exercise,5,47,240,196,0.50
workout-cible,ChairYogaSeniors,desk yoga,5,49,247,176,0.51
workout-cible,ChairYogaSeniors,desk fitness,5,54,246,239,0.48
workout-cible,ChairYogaSeniors,sitting exercises,5,69,250,9,1.06
workout-cible,ChairYogaSeniors,chair exercises,5,79,250,31,0.73
workout-cible,ChairYogaSeniors,desk stretches,5,53,249,97,0.57
workout-cible,ChairYogaSeniors,yoga women,5,51,248,79,0.59
workout-cible,ChairYogaSeniors,38,5,52,134,109,0.56
workout-cible,ChairYogaSeniors,calm exercise,5,95,248,150,0.52
workout-cible,ChairYogaSeniors,calming exercises,5,40,249,161,0.52
workout-cible,ChairYogaSeniors,calm exercises,5,94,249,124,0.54
workout-cible,ChairYogaSeniors,workout for seniors,5,75,246,4,1.49
workout-cible,ChairYogaSeniors,pilates for seniors,5,44,247,24,0.78
workout-cible,ChairYogaSeniors,yoga for beginner,5,56,236,110,0.56
workout-cible,ChairYogaSeniors,yoga chair,5,50,248,5,1.34
workout-cible,ChairYogaSeniors,yoga for seniors,5,54,247,1,5.00
workout-cible,ChairYogaSeniors,[flexibility workouts],5,40,243,211,0.49
workout-cible,ChairYogaSeniors,Balanced weight,5,40,219,190,0.50
workout-cible,ChairYogaSeniors,senior fitness,5,70,248,11,0.98
workout-cible,ChairYogaSeniors,chair workouts,5,75,247,43,0.68
workout-cible,ChairYogaSeniors,chair workout,5,76,250,133,0.54
workout-cible,ChairYogaSeniors,senior workouts,5,44,249,125,0.54
workout-cible,ChairYogaSeniors,senior workout,5,54,248,13,0.93
workout-cible,ChairYogaSeniors,50+ workout,5,40,248,216,0.49
workout-cible,ChairYogaSeniors,elderly exercise,5,40,224,7,1.16
workout-cible,ChairYogaSeniors,fitness for Elderly,5,44,244,80,0.59
workout-cible,ChairYogaSeniors,beyond body,5,43,103,13,0.93
workout-cible,ChairYogaSeniors,laughing yoga,5,76,246,178,0.51
workout-cible,ChairYogaSeniors,balancing exercise,5,47,247,100,0.57
workout-cible,ChairYogaSeniors,get over,5,66,222,25,0.77
workout-cible,ChairYogaSeniors,stretch better,5,44,243,121,0.55
workout-cible,ChairYogaSeniors,plibility,5,49,45,43,0.68
workout-cible,ChairYogaSeniors,stretch n fit,5,40,244,231,0.49
workout-cible,ChairYogaSeniors,lazyfit lazy,5,68,24,19,0.83
workout-cible,ChairYogaSeniors,better way,5,70,210,198,0.50
workout-cible,ChairYogaSeniors,ace up,5,42,178,99,0.57
workout-cible,ChairYogaSeniors,free beginner workout,5,,241,179,0.51
workout-cible,ChairYogaSeniors,posture manual,5,17,235,33,0.72
workout-cible,ChairYogaSeniors,chair yoga for men,5,40,247,9,1.06
workout-cible,ChairYogaSeniors,justfit!,5,56,241,161,0.52
workout-cible,ChairYogaSeniors,chair yoga free,5,57,247,1,5.00
workout-cible,ChairYogaSeniors,lazy life,5,,23,8,1.10
workout-cible,ChairYogaSeniors,senior yoga,5,43,249,3,1.74
workout-cible,ChairYogaSeniors,home workout for man,5,54,239,229,0.49
workout-cible,ChairYogaSeniors,fitnes me,5,55,234,224,0.49
workout-cible,ChairYogaSeniors,weight loss yoga exercise,5,48,242,242,0.48
workout-cible,ChairYogaSeniors,daily yoga-weight loss,5,42,236,169,0.51
workout-cible,ChairYogaSeniors,yoga-go wall pilates,5,52,219,45,0.67
workout-cible,ChairYogaSeniors,chairyoga,5,43,244,1,5.00
workout-cible,ChairYogaSeniors,yogafree,5,44,248,221,0.49
workout-cible,ChairYogaSeniors,stretch for beginners,5,40,241,107,0.56
workout-cible,ChairYogaSeniors,gentle stretch,5,43,244,97,0.57
workout-cible,ChairYogaSeniors,bend app,5,80,202,145,0.53
workout-cible,ChairYogaSeniors,for seniors,5,63,248,39,0.69
workout-cible,ChairYogaSeniors,somantic workout,5,41,248,174,0.51
workout-cible,ChairYogaSeniors,somantic workouts,5,40,247,119,0.55
workout-cible,ChairYogaSeniors,chair exercises for seniors,5,45,248,1,5.00
workout-cible,ChairYogaSeniors,somatic exercises free,5,58,250,29,0.74
workout-cible,ChairYogaSeniors,loss walking,5,52,234,186,0.51
workout-cible,ChairYogaSeniors,Aar,5,71,169,166,0.52
workout-cible,ChairYogaSeniors,chair yoga for senior,5,58,245,1,5.00
workout-cible,ChairYogaSeniors,senior chair yoga,5,48,248,4,1.49
workout-cible,ChairYogaSeniors,better me chair yoga,5,59,250,3,1.74
workout-cible,ChairYogaSeniors,daily dog,5,54,220,111,0.55
workout-cible,ChairYogaSeniors,chair yoga seniors,5,68,248,1,5.00
workout-cible,ChairYogaSeniors,Chair Yoga Exercise for Women,5,47,245,1,5.00
workout-cible,ChairYogaSeniors,daybetter daybetter,5,60,189,127,0.54
workout-cible,ChairYogaSeniors,chair pilates,5,59,249,6,1.24
workout-cible,ChairYogaSeniors,better up,5,37,220,132,0.54
workout-cible,ChairYogaSeniors,walk for a cause,5,87,244,160,0.52
workout-cible,ChairYogaSeniors,chair workout for men,5,68,249,1,5.00
workout-cible,ChairYogaSeniors,beginner stretching,5,40,240,181,0.51
workout-cible,ChairYogaSeniors,somatic exercise,5,55,247,37,0.70
workout-cible,ChairYogaSeniors,yoga weight,5,44,239,107,0.56
workout-cible,ChairYogaSeniors,weight-loss for women,5,40,236,181,0.51
workout-cible,ChairYogaSeniors,weight-loss for wome,5,78,240,212,0.49
workout-cible,ChairYogaSeniors,fit & strong,5,83,244,178,0.51
workout-cible,ChairYogaSeniors,chair yoga for senoirs,5,68,248,1,5.00
workout-cible,ChairYogaSeniors,aitlife,5,87,239,169,0.51
workout-cible,ChairYogaSeniors,bending,5,92,211,200,0.50
workout-cible,ChairYogaSeniors,chair yoga for seniors app,5,47,247,2,2.29
workout-cible,ChairYogaSeniors,strextching,5,40,246,196,0.50
workout-cible,ChairYogaSeniors,life stretching,5,40,247,141,0.53
workout-cible,ChairYogaSeniors,On demand yoga,5,35,101,10,1.02
workout-cible,ChairYogaSeniors,Chair excersise,5,70,250,27,0.76
workout-cible,ChairYogaSeniors,Chair exercise,5,71,250,9,1.06
workout-cible,ChairYogaSeniors,stetrching,5,40,248,240,0.48
workout-cible,ChairYogaSeniors,28 day chair yoga free,5,57,250,1,5.00
workout-cible,ChairYogaSeniors,free chair workout for men,5,59,249,6,1.24
workout-cible,ChairYogaSeniors,Chair stretching,5,43,247,17,0.86
workout-cible,ChairYogaSeniors,office excersise,5,90,240,193,0.50
workout-cible,ChairYogaSeniors,chair workout for seniors,5,44,250,18,0.84
workout-cible,ChairYogaSeniors,woll：adult,5,84,55,10,1.02
workout-cible,ChairYogaSeniors,workouts for seniors,5,74,246,4,1.49
workout-cible,ChairYogaSeniors,yoga go wall pilates free,5,70,203,35,0.71
workout-cible,ChairYogaSeniors,28 day chair yoga,5,,65,1,5.00
workout-cible,ChairYogaSeniors,light lazy yoga,5,68,229,5,1.34
workout-cible,ChairYogaSeniors,senior health,5,,250,10,1.02
workout-cible,ChairYogaSeniors,better fit,5,62,232,194,0.50
workout-cible,ChairYogaSeniors,light lazy yoga free,5,59,249,3,1.74
workout-cible,ChairYogaSeniors,better men app,5,59,247,137,0.53
workout-cible,ChairYogaSeniors,alive by whitney simmon,5,33,29,2,2.29
workout-cible,ChairYogaSeniors,Routine balance,5,40,247,124,0.54
workout-cible,ChairYogaSeniors,chair excercise,5,63,250,8,1.10
workout-cible,ChairYogaSeniors,go strong,5,51,56,36,0.70
workout-cible,ChairYogaSeniors,days chair,5,43,210,15,0.89
workout-cible,ChairYogaSeniors,core power,5,9,122,41,0.68
workout-cible,ChairYogaSeniors,stretching life,5,40,246,71,0.61
workout-cible,ChairYogaSeniors,better me chair yoga for seniors,5,40,249,2,2.29
workout-cible,ChairYogaSeniors,mind balance,5,,216,60,0.63
workout-cible,ChairYogaSeniors,silver sneaker,5,84,17,3,1.74
workout-cible,ChairYogaSeniors,over 50,5,73,247,219,0.49
workout-cible,ChairYogaSeniors,aces high,5,42,168,16,0.87
workout-cible,ChairYogaSeniors,28 day chair yoga challenge,5,72,250,1,5.00
workout-cible,ChairYogaSeniors,weak me,5,18,59,17,0.86
workout-cible,ChairYogaSeniors,silversneaker,5,62,7,3,1.74
workout-cible,ChairYogaSeniors,musclefit chair,5,,225,6,1.24
workout-cible,ChairYogaSeniors,seniors workout,5,44,249,57,0.63
workout-cible,ChairYogaSeniors,exercise for older adults,5,68,229,3,1.74
workout-cible,ChairYogaSeniors,30 day yoga challenge,5,43,244,165,0.52
workout-cible,ChairYogaSeniors,desk workouts,5,87,248,73,0.60
workout-cible,ChairYogaSeniors,core i5,5,,227,101,0.56
workout-cible,ChairYogaSeniors,asrp,5,,75,28,0.75
workout-cible,ChairYogaSeniors,ahrp,5,,75,28,0.75
workout-cible,ChairYogaSeniors,aaro,5,66,106,67,0.61
workout-cible,ChairYogaSeniors,men's exercise,5,59,242,233,0.49
workout-cible,ChairYogaSeniors,men's exercises,5,58,243,227,0.49
workout-cible,ChairYogaSeniors,calm days,5,,248,92,0.58
workout-cible,ChairYogaSeniors,𝐰𝐨𝐫𝐤𝐨𝐮𝐭,5,70,249,144,0.53
workout-cible,ChairYogaSeniors,exercise insights,5,32,235,34,0.71
workout-cible,ChairYogaSeniors,daily somatic,5,43,248,20,0.82
workout-cible,ChairYogaSeniors,exercise relief,5,40,249,143,0.53
workout-cible,ChairYogaSeniors,daily somatic exercise,5,45,244,45,0.67
workout-cible,ChairYogaSeniors,relief exercise,5,50,247,113,0.55
workout-cible,ChairYogaSeniors,waking health,5,70,249,230,0.49
workout-cible,ChairYogaSeniors,better yoga,5,47,247,201,0.50
workout-cible,ChairYogaSeniors,free yoga chair,5,69,250,5,1.34
workout-cible,ChairYogaSeniors,free pilates chair,5,40,249,169,0.51
workout-cible,ChairYogaSeniors,chair pilates free,5,40,250,204,0.50
workout-cible,ChairYogaSeniors,better yoga chair,5,42,249,26,0.76
workout-cible,ChairYogaSeniors,better chair yoga,5,44,247,10,1.02
workout-cible,ChairYogaSeniors,yoga chair calisthenics,5,40,249,63,0.62
workout-cible,ChairYogaSeniors,chair yoga calisthenics,5,40,248,13,0.93
workout-cible,ChairYogaSeniors,betterme yoga chair,5,42,249,26,0.76
workout-cible,ChairYogaSeniors,betterme chair yoga,5,60,249,2,2.29
workout-cible,ChairYogaSeniors,hot sneakers,5,87,213,143,0.53
workout-cible,ChairYogaSeniors,moving days,5,,244,66,0.62
workout-cible,ChairYogaSeniors,walk to wake up,5,,8,2,2.29
workout-cible,ChairYogaSeniors,gamer stretches,5,,248,58,0.63
workout-cible,ChairYogaSeniors,28 day chair workout program,5,,248,2,2.29
workout-cible,ChairYogaSeniors,insight tmer,5,92,245,137,0.53
workout-cible,ChairYogaSeniors,seniors game: easy & relaxing,5,52,248,139,0.53
workout-cible,ChairYogaSeniors,yoga-go app free,5,48,249,225,0.49
workout-cible,ChairYogaSeniors,yoga go: wall pilates,5,46,249,153,0.52
workout-cible,ChairYogaSeniors,yogago_app,5,49,250,8,1.10
workout-cible,ChairYogaSeniors,24-hour,5,,231,191,0.50
workout-cible,ChairYogaSeniors,free workout for beginners,5,68,248,202,0.50
workout-cible,ChairYogaSeniors,juust,5,,234,233,0.49
workout-cible,ChairYogaSeniors,weight loss yogayoga apps for weight los,5,,220,15,0.89
workout-cible,ChairYogaSeniors,nature lab,5,,247,177,0.51
workout-cible,ChairYogaSeniors,apple store chair yoga,5,44,247,19,0.83
workout-cible,ChairYogaSeniors,28 day exercise,5,40,244,114,0.55
workout-cible,ChairYogaSeniors,somatic health,5,79,227,29,0.74
workout-cible,ChairYogaSeniors,better workouts,5,,238,192,0.50
workout-cible,ChairYogaSeniors,stretchingpliability,5,,46,21,0.81
workout-cible,ChairYogaSeniors,yoga seniors,5,43,248,1,5.00
workout-cible,ChairYogaSeniors,free%20yoga%20app,5,74,249,246,0.48
workout-cible,ChairYogaSeniors,yoga%20free,5,53,188,10,1.02
workout-cible,ChairYogaSeniors,beachbody%20on%20demand,5,40,250,53,0.64
workout-cible,ChairYogaSeniors,28%20day%20chair%20yoga%20free,5,73,63,10,1.02
workout-cible,ChairYogaSeniors,chair%20yoga%20free,5,43,248,7,1.16
workout-cible,ChairYogaSeniors,chair%20workout,5,40,248,47,0.66
workout-cible,ChairYogaSeniors,insight%20timer%20meditation%20app,5,50,218,48,0.66
workout-cible,ChairYogaSeniors,chair%20yoga%20free%20seniors,5,43,234,3,1.74
workout-cible,ChairYogaSeniors,free%20weight%20loss%20apps%20for%20women,5,44,247,153,0.52
workout-cible,ChairYogaSeniors,walking%20for%20weight%20loss,5,56,217,27,0.76
workout-cible,ChairYogaSeniors,mind%20and%20body,5,62,211,126,0.54
workout-cible,ChairYogaSeniors,walking%20for%20weight%20loss%20free,5,50,243,190,0.50
workout-cible,ChairYogaSeniors,chair%20pilates,5,62,238,5,1.34
workout-cible,ChairYogaSeniors,chair%20exercises,5,64,249,8,1.10
workout-cible,ChairYogaSeniors,yoga%20go%20wall%20pilates%20free,5,35,181,10,1.02
workout-cible,ChairYogaSeniors,free%20chair%20yoga%20for%20seniors,5,41,181,2,2.29
workout-cible,ChairYogaSeniors,free%20chair%20workout%20for%20men,5,47,248,10,1.02
workout-cible,ChairYogaSeniors,alo%20yoga,5,27,54,16,0.87
workout-cible,ChairYogaSeniors,better%20me%20wall%20pilates%20free,5,44,48,26,0.76
workout-cible,ChairYogaSeniors,betterme%20chair%20yoga,5,48,50,13,0.93
workout-cible,ChairYogaSeniors,dog%20walking%20app,5,49,226,209,0.50
workout-cible,ChairYogaSeniors,weight%20loss%20for%20women,5,50,245,209,0.50
workout-cible,ChairYogaSeniors,flexibility exercise,5,43,244,115,0.55
workout-cible,ChairYogaSeniors,chair yoga for seniors beginner,5,43,246,1,5.00
workout-cible,ChairYogaSeniors,chair yoga for seniors and beginners,5,72,250,1,5.00
workout-cible,ChairYogaSeniors,chair workout for beginner,5,42,242,12,0.96
workout-cible,ChairYogaSeniors,chair%20workout%20for%20men,5,,248,6,1.24
workout-cible,ChairYogaSeniors,corepower%20yoga%20app,5,,93,15,0.89
workout-cible,ChairYogaSeniors,lazy%20fit%20free,5,87,248,152,0.52
workout-cible,ChairYogaSeniors,free%20exercise%20app%20for%20women,5,48,244,242,0.48
workout-cible,ChairYogaSeniors,better%20men%20workout,5,61,247,107,0.56
workout-cible,ChairYogaSeniors,upright%20go,5,,236,57,0.63
workout-cible,ChairYogaSeniors,walking day,5,,211,7,1.16
workout-cible,ChairYogaSeniors,seiors,5,48,245,227,0.49
workout-cible,ChairYogaSeniors,chair yoga app,5,59,247,1,5.00
workout-cible,ChairYogaSeniors,chair yoga for seniors at home,5,75,246,2,2.29
workout-cible,ChairYogaSeniors,chair yoga app for seniors,5,43,246,1,5.00
workout-cible,ChairYogaSeniors,chair yoga exercises,5,53,247,1,5.00
workout-cible,ChairYogaSeniors,chair yoga for seniors: home,5,44,246,2,2.29
workout-cible,ChairYogaSeniors,chair yoga for seniors :,5,42,245,1,5.00
workout-cible,ChairYogaSeniors,7 min chair yoga for seniors,5,43,245,1,5.00
workout-cible,ChairYogaSeniors,weight loss for me,5,,231,121,0.55
workout-cible,ChairYogaSeniors,7 min chair yoga,5,40,246,11,0.98
workout-cible,ChairYogaSeniors,chari yoga,5,,246,2,2.29
workout-cible,ChairYogaSeniors,yoga for senior,5,59,245,2,2.29
workout-cible,ChairYogaSeniors,reminders for seniors,5,,250,121,0.55
workout-cible,ChairYogaSeniors,posture health,5,,217,203,0.50
workout-cible,ChairYogaSeniors,exercises for womens,5,44,244,129,0.54
workout-cible,ChairYogaSeniors,pilates workouts for beginners,5,,214,143,0.53
workout-cible,ChairYogaSeniors,senior pilates,5,,246,142,0.53
workout-cible,ChairYogaSeniors,posture reminder widget,5,,223,51,0.65
workout-cible,ChairYogaSeniors,stretch routine no ads,5,,248,55,0.64
workout-cible,ChairYogaSeniors,easy chair workout for men,5,40,246,14,0.91
workout-cible,ChairYogaSeniors,yoga for seniors at home,5,,226,5,1.34
workout-cible,ChairYogaSeniors,chair workouts for men,5,,221,3,1.74
workout-cible,ChairYogaSeniors,whitney simons,5,,47,47,0.66
workout-cible,ChairYogaSeniors,young me,5,,240,21,0.81
workout-cible,ChairYogaSeniors,better men wotkout,5,82,85,34,0.71
workout-cible,ChairYogaSeniors,yofa,5,,244,29,0.74
workout-cible,ChairYogaSeniors,tai chi for beignners,5,45,242,98,0.57
workout-cible,ChairYogaSeniors,smart balanced,5,,226,103,0.56
workout-cible,ChairYogaSeniors,chair exesicse,5,,247,5,1.34
workout-cible,ChairYogaSeniors,plan better,5,,217,168,0.51
workout-cible,ChairYogaSeniors,yoga for home,5,47,245,112,0.55
workout-cible,ChairYogaSeniors,chair exesize,5,,232,12,0.96
workout-cible,ChairYogaSeniors,chair exesize for adults,5,,216,3,1.74
workout-cible,ChairYogaSeniors,7 minute chair yoga for seniors,5,44,245,1,5.00
workout-cible,ChairYogaSeniors,stretching for seniors,5,67,246,3,1.74
workout-cible,ChairYogaSeniors,dbalance,5,,235,201,0.50
workout-cible,ChairYogaSeniors,tai chi for seniors,5,56,247,53,0.64
workout-cible,ChairYogaSeniors,wotrkou,5,87,249,236,0.49
workout-cible,ChairYogaSeniors,pilates & yoga,5,,187,48,0.66
workout-cible,ChairYogaSeniors,fitness for old people,5,,226,1,5.00
workout-cible,ChairYogaSeniors,fitness for seniors,5,43,247,6,1.24
workout-cible,ChairYogaSeniors,posture fix for desk workers,5,,229,2,2.29
workout-cible,ChairYogaSeniors,daily healthy desk habits,5,,230,19,0.83
workout-cible,ChairYogaSeniors,paw club,5,,221,26,0.76
workout-cible,ChairYogaSeniors,man exercise,5,40,242,179,0.51
workout-cible,ChairYogaSeniors,core powerful,5,,118,56,0.64
workout-cible,ChairYogaSeniors,tai chi for beginners free app,5,63,250,41,0.68
workout-cible,ChairYogaSeniors,tai chi for beginner,5,57,239,91,0.58
workout-cible,ChairYogaSeniors,chair tai chi,5,75,250,7,1.16
workout-cible,ChairYogaSeniors,fitness routines for seniors,5,,229,1,5.00
workout-cible,ChairYogaSeniors,senior tools,5,,204,10,1.02
workout-cible,ChairYogaSeniors,senior dog,5,74,219,9,1.06
workout-cible,ChairYogaSeniors,mind relielf,5,,221,121,0.55
workout-cible,ChairYogaSeniors,50 days challenge,5,39,156,30,0.74
workout-cible,ChairYogaSeniors,work yoga,5,,209,23,0.79
workout-cible,ChairYogaSeniors,senior isolation,5,,230,5,1.34
workout-cible,ChairYogaSeniors,insight timer meditates,5,,211,82,0.59
workout-cible,ChairYogaSeniors,chakra chi balance,5,,243,98,0.57
workout-cible,ChairYogaSeniors,get over ex,5,42,225,34,0.71
workout-cible,ChairYogaSeniors,seniorsheild,5,,220,1,5.00
workout-cible,ChairYogaSeniors,fall prevent,5,48,142,32,0.73
workout-cible,ChairYogaSeniors,senior chair exercises,5,69,248,4,1.49
workout-cible,ChairYogaSeniors,chair exercises for women,5,,242,1,5.00
workout-cible,ChairYogaSeniors,uoga,5,,203,168,0.51
workout-cible,ChairYogaSeniors,photo: posture and ideas,5,,222,79,0.59
workout-cible,ChairYogaSeniors,tai chi walking for seniors,5,68,250,8,1.10
workout-cible,ChairYogaSeniors,exercise on demand,5,54,218,20,0.82
workout-cible,ChairYogaSeniors,tai chi workouts,5,54,244,178,0.51
workout-cible,ChairYogaSeniors,tai chi:,5,49,232,145,0.53
workout-cible,ChairYogaSeniors,move out,5,,212,83,0.59
workout-cible,ChairYogaSeniors,go game timer,5,,208,118,0.55
workout-cible,ChairYogaSeniors,gentle exercise,5,47,248,46,0.67
workout-cible,ChairYogaSeniors,exercise for autoimmune disease,5,46,247,74,0.60
workout-cible,ChairYogaSeniors,free chair exercise for seniors,5,70,247,4,1.49
workout-cible,ChairYogaSeniors,fit lazy,5,,157,90,0.58
workout-cible,ChairYogaSeniors,mindful walk,5,52,247,219,0.49
workout-cible,ChairYogaSeniors,tai chi for seniors &beginners,5,46,249,8,1.10
workout-cible,ChairYogaSeniors,lazy excersize,5,64,246,182,0.51
workout-cible,ChairYogaSeniors,lazy day,5,,103,60,0.63
workout-cible,ChairYogaSeniors,woman yoga,5,,248,28,0.75
workout-cible,ChairYogaSeniors,tai chi walking : gentlefit,5,53,247,22,0.80
workout-cible,ChairYogaSeniors,chair yoga for seniors: sitfit,5,73,250,7,1.16
workout-cible,ChairYogaSeniors,easy yoga for beginners,5,,222,6,1.24
workout-cible,ChairYogaSeniors,yoga at home for beginners free,5,40,245,67,0.61
workout-cible,ChairYogaSeniors,chair yoga for,5,61,245,5,1.34
workout-cible,ChairYogaSeniors,tai chi waling,5,44,242,72,0.60
workout-cible,ChairYogaSeniors,gentle stretching,5,43,245,148,0.53
workout-cible,ChairYogaSeniors,elderly workouts,5,,226,14,0.91
workout-cible,ChairYogaSeniors,days alive,5,51,72,62,0.62
workout-cible,ChairYogaSeniors,tai chi for women,5,54,248,19,0.83
workout-cible,ChairYogaSeniors,low-impact,5,49,208,54,0.64
workout-cible,ChairYogaSeniors,tai chi walki,5,74,244,15,0.89
workout-cible,ChairYogaSeniors,tai chi workout for seniors,5,47,248,12,0.96
workout-cible,ChairYogaSeniors,women exericse,5,,244,192,0.50
workout-cible,ChairYogaSeniors,fitness over 40,5,,231,31,0.73
workout-cible,ChairYogaSeniors,chair yota,5,,243,9,1.06
workout-cible,ChairYogaSeniors,beginner you,5,,250,203,0.50
workout-cible,ChairYogaSeniors,free senior exercise,5,,249,5,1.34
workout-cible,ChairYogaSeniors,free senior tai chi,5,,248,7,1.16
workout-cible,ChairYogaSeniors,lifestyle evolved app,5,,223,81,0.59
workout-cible,ChairYogaSeniors,mindful workouts and exercises,5,,231,194,0.50
workout-cible,ChairYogaSeniors,powerful forms,5,,239,61,0.63
workout-cible,ChairYogaSeniors,senior insight,5,,183,2,2.29
workout-cible,ChairYogaSeniors,senior lifestyle,5,,229,5,1.34
workout-cible,ChairYogaSeniors,senior resources and benefits,5,,228,92,0.58
workout-cible,ChairYogaSeniors,senior tai chi,5,,249,16,0.87
workout-cible,ChairYogaSeniors,balance for,5,,201,8,1.10
workout-cible,ChairYogaSeniors,ace your,5,,246,154,0.52
workout-cible,ChairYogaSeniors,beginner pro,5,,238,17,0.86
workout-cible,ChairYogaSeniors,exercise your,5,,222,29,0.74
workout-cible,ChairYogaSeniors,simple recepie seniors,5,,211,6,1.24
workout-cible,ChairYogaSeniors,chair exercises senrios,5,,250,13,0.93
workout-cible,ChairYogaSeniors,chair exercises seniors,5,,248,7,1.16
workout-cible,ChairYogaSeniors,postural disorder,5,,224,12,0.96
workout-cible,ChairYogaSeniors,seniors app,5,59,227,8,1.10
workout-cible,ChairYogaSeniors,seniors friendly,5,61,225,4,1.49
workout-cible,ChairYogaSeniors,easy for seniors,5,40,247,52,0.65
workout-cible,ChairYogaSeniors,easies for seniors,5,42,248,43,0.68
workout-cible,ChairYogaSeniors,easy fors seniors,5,64,248,46,0.67
workout-cible,ChairYogaSeniors,easy for senior,5,50,247,60,0.63
workout-cible,ChairYogaSeniors,is there an app for what gentle iphone,5,,175,10,1.02
workout-cible,ChairYogaSeniors,apk iphone older adults,5,76,225,26,0.76
workout-cible,ChairYogaSeniors,iphone older adults subscription,5,84,230,28,0.75
workout-cible,ChairYogaSeniors,iphone older adults shortcut,5,42,213,5,1.34
workout-cible,ChairYogaSeniors,iphone older adults for anxiety,5,71,231,6,1.24
workout-cible,ChairYogaSeniors,iphone older adults free trial,5,62,214,3,1.74
workout-cible,ChairYogaSeniors,free trial iphone older adults,5,58,208,3,1.74
workout-cible,ChairYogaSeniors,iphone older adults alternatives,5,66,228,9,1.06
workout-cible,ChairYogaSeniors,cheap iphone older adults app,5,85,226,28,0.75
workout-cible,ChairYogaSeniors,adults share daily notification,5,44,236,11,0.98
workout-cible,ChairYogaSeniors,easy fors seniors free app,5,,249,50,0.65
workout-cible,ChairYogaSeniors,easy fors seniors free game,5,45,247,37,0.70
workout-cible,ChairYogaSeniors,free easy fors seniors free,5,,248,30,0.74
workout-cible,ChairYogaSeniors,top easy fors seniors free,5,86,250,23,0.79
workout-cible,ChairYogaSeniors,easy fors seniors free best,5,86,250,28,0.75
workout-cible,ChairYogaSeniors,top shortcut iphone older adults app,5,,223,12,0.96
workout-cible,ChairYogaSeniors,easy top shortcut iphone older adults,5,,219,4,1.49
workout-cible,ChairYogaSeniors,top shortcut iphone older adults free,5,,221,1,5.00
workout-cible,ChairYogaSeniors,walks timer,5,,242,236,0.49
workout-cible,ChairYogaSeniors,lazy fit free app,5,,248,145,0.53
workout-cible,ChairYogaSeniors,lazy fit free game,5,,239,169,0.51
workout-cible,ChairYogaSeniors,free lazy fit free,5,,250,97,0.57
workout-cible,ChairYogaSeniors,top lazy fit free,5,,242,78,0.59
workout-cible,ChairYogaSeniors,cheap iphone older adults guide,5,,205,13,0.93
workout-cible,ChairYogaSeniors,cheap iphone older adults apk,5,,224,19,0.83
workout-cible,ChairYogaSeniors,apk cheap iphone older adults,5,,224,15,0.89
workout-cible,ChairYogaSeniors,good iphone older adults app apk,5,,223,29,0.74
workout-cible,ChairYogaSeniors,review cheap iphone older adults free,5,,183,9,1.06
workout-cible,ChairYogaSeniors,review cheap iphone older adults coach,5,,230,6,1.24
workout-cible,ChairYogaSeniors,easy elders,5,49,247,244,0.48
workout-cible,ChairYogaSeniors,posture assistant,5,,217,18,0.84
workout-cible,ChairYogaSeniors,daily remind stay for beginners,5,44,250,52,0.65
workout-cible,ChairYogaSeniors,senior cheap stay,5,,234,13,0.93
workout-cible,ChairYogaSeniors,stay senior checkins,5,,225,2,2.29
workout-cible,ChairYogaSeniors,free stay senior,5,,224,1,5.00
workout-cible,ChairYogaSeniors,top stay senior,5,,233,34,0.71
workout-cible,ChairYogaSeniors,workout for over 50s,5,,219,6,1.24
workout-cible,ChairYogaSeniors,elder moments,5,,209,3,1.74
workout-cible,ChairYogaSeniors,check in for seniors,5,,219,1,5.00
workout-cible,ChairYogaSeniors,quick heard seniors,5,,233,3,1.74
workout-cible,ChairYogaSeniors,senior check in,5,44,226,16,0.87
workout-cible,ChairYogaSeniors,spinal adjustment,5,,220,12,0.96
workout-cible,ChairYogaSeniors,grandpad families tai,5,,229,2,2.29
workout-cible,ChairYogaSeniors,grademat,5,,244,12,0.96
workout-cible,ChairYogaSeniors,spinal adjust,5,,218,10,1.02
workout-cible,ChairYogaSeniors,seniors sharing stories,5,,200,4,1.49
workout-cible,ChairYogaSeniors,balance calm,5,,248,115,0.55
workout-cible,ChairYogaSeniors,seniors keeper,5,,223,1,5.00
workout-cible,ChairYogaSeniors,chair yoga for women,5,,228,7,1.16
workout-cible,ChairYogaSeniors,yoga go pilates tai chi,5,,238,49,0.66
workout-cible,ChairYogaSeniors,chair yoga foe sceniors,5,,247,2,2.29
workout-cible,ChairYogaSeniors,yoga for lazy,5,,248,86,0.58
workout-cible,ChairYogaSeniors,men yoga,5,,247,224,0.49
workout-cible,ChairYogaSeniors,simple smartphone seniors,5,,222,2,2.29
workout-cible,ChairYogaSeniors,chair yoda,5,,245,2,2.29
workout-cible,ChairYogaSeniors,chair yoga offline,5,,248,1,5.00
workout-cible,ChairYogaSeniors,desk health,5,,245,129,0.54
workout-cible,ChairYogaSeniors,lasta chair yoga,5,,247,1,5.00
workout-cible,ChairYogaSeniors,somatic meditation,5,,235,181,0.51
workout-cible,ChairYogaSeniors,neck pain from smartphone,5,,218,61,0.63
workout-cible,ChairYogaSeniors,walk for weightloss,5,,221,96,0.57
workout-cible,ChairYogaSeniors,senior scam,5,,228,16,0.87
workout-cible,ChairYogaSeniors,fableon,5,,98,37,0.70
workout-cible,ChairYogaSeniors,women workouit,5,,243,214,0.49
workout-cible,ChairYogaSeniors,yogio chair,5,,248,6,1.24
workout-cible,ChairYogaSeniors,nagging colorful wheel alternatives,5,,236,12,0.96
workout-cible,ChairYogaSeniors,mens beauty,5,,223,200,0.50
workout-cible,ChairYogaSeniors,tai chi exercise,5,,245,198,0.50
workout-cible,ChairYogaSeniors,tai chi walking for senior,5,,243,34,0.71
workout-cible,ChairYogaSeniors,senior help,5,,227,20,0.82
workout-cible,ChairYogaSeniors,posture corrector app free,5,,221,19,0.83
workout-cible,ChairYogaSeniors,posture corrector online,5,,229,29,0.74
workout-cible,ChairYogaSeniors,core workout exercises,5,,225,92,0.58
workout-cible,ChairYogaSeniors,balance workout,5,,226,31,0.73
workout-cible,ChairYogaSeniors,balance workout exercises,5,,228,24,0.78
workout-cible,ChairYogaSeniors,fall prevention exercises,5,,250,27,0.76
workout-cible,ChairYogaSeniors,day n the lofe,5,,243,7,1.16
workout-cible,ChairYogaSeniors,tai chi guide offline,5,,242,132,0.54
workout-cible,ChairYogaSeniors,flexibility woman,5,,246,17,0.86
workout-cible,ChairYogaSeniors,senior strength,5,,249,40,0.69
workout-cible,ChairYogaSeniors,tai chi beginners,5,,243,74,0.60
workout-cible,ChairYogaSeniors,tai chi beginner,5,,241,100,0.57
workout-cible,ChairYogaSeniors,light: chair yoga plan,5,,250,12,0.96
workout-cible,ChairYogaSeniors,chait workout for men,,35,28,6,
workout-cible,ChairYogaSeniors,bodi fitness,,,207,122,
workout-cible,ChairYogaSeniors,chair%20yoga%20for%20seniors,,,244,9,
workout-cible,ChairYogaSeniors,better%20me%20chair%20yoga,,37,44,8,
workout-cible,ChairYogaSeniors,free%20games%20for%20women,,,202,11,
workout-cible,ChairYogaSeniors,yoga for stretching,,,248,214,
workout-cible,ChairYogaSeniors,insight timer meditate,,,211,89,
workout-cible,ChairYogaSeniors,neckfit,,,232,17,
workout-cible,ChairYogaSeniors,gentle stretching exercises,,,247,193,
workout-cible,ChairYogaSeniors,routine impact,,,248,14,
workout-cible,ChairYogaSeniors,senior workoit,,42,248,16,
workout-cible,ChairYogaSeniors,tai chi fit over 50,,,249,90,
workout-cible,ChairYogaSeniors,walk the dog,,,228,64,
workout-cible,ChairYogaSeniors,posture history,,,225,25,
workout-cible,ChairYogaSeniors,posture binder,,,227,24,
workout-cible,ChairYogaSeniors,elder shortcut gentle app,,,230,20,
workout-cible,ChairYogaSeniors,stay senior,,,222,5,
workout-cible,ChairYogaSeniors,homescreen have elder,,,235,7,
workout-cible,ChairYogaSeniors,dog walking map,,,214,117,
workout-cible,ChairYogaSeniors,posture reset coach,,,234,25,
workout-cible,ChairYogaSeniors,posture corrector free,,,223,18,
workout-cible,PhysicalTherapyACL,medbridge go,51,58,249,158,5.31
workout-cible,PhysicalTherapyACL,medbridge,32,51,249,152,3.35
workout-cible,PhysicalTherapyACL,acl,14,55,178,12,2.68
workout-cible,PhysicalTherapyACL,physical therapy journal,11,39,248,121,1.20
workout-cible,PhysicalTherapyACL,acls,9,74,216,190,0.91
workout-cible,PhysicalTherapyACL,prehab,9,53,141,45,1.20
workout-cible,PhysicalTherapyACL,8spine,9,,227,131,0.97
workout-cible,PhysicalTherapyACL,sworkit,7,45,112,59,0.88
workout-cible,PhysicalTherapyACL,pliability,6,52,45,33,0.86
workout-cible,PhysicalTherapyACL,cur,5,,200,134,0.54
workout-cible,PhysicalTherapyACL,warm up exercises,5,,244,178,0.51
workout-cible,PhysicalTherapyACL,physical,5,72,246,199,0.50
workout-cible,PhysicalTherapyACL,curar,5,48,243,140,0.53
workout-cible,PhysicalTherapyACL,physical therapy app,5,58,250,160,0.52
workout-cible,PhysicalTherapyACL,physical therapy,5,62,250,29,0.74
workout-cible,PhysicalTherapyACL,physical therapy assessment,5,50,245,196,0.50
workout-cible,PhysicalTherapyACL,acl rehab,5,49,250,2,2.29
workout-cible,PhysicalTherapyACL,recovery record for clinicians,5,,233,58,0.63
workout-cible,PhysicalTherapyACL,statics,5,,246,123,0.54
workout-cible,PhysicalTherapyACL,exercise therapy,5,48,249,165,0.52
workout-cible,PhysicalTherapyACL,physical therapy exercises,5,55,250,146,0.53
workout-cible,PhysicalTherapyACL,trauma recovery,5,,229,47,0.66
workout-cible,PhysicalTherapyACL,physical therapy tracker,5,51,248,172,0.51
workout-cible,PhysicalTherapyACL,physiotherapy,5,64,249,110,0.56
workout-cible,PhysicalTherapyACL,knee pain exercises,5,,243,9,1.06
workout-cible,PhysicalTherapyACL,video guide,5,53,233,192,0.50
workout-cible,PhysicalTherapyACL,therapy therapy,5,50,250,74,0.60
workout-cible,PhysicalTherapyACL,aha acls,5,45,105,103,0.56
workout-cible,PhysicalTherapyACL,physiotherapist,5,51,249,11,0.98
workout-cible,PhysicalTherapyACL,strengthen,5,54,206,23,0.79
workout-cible,PhysicalTherapyACL,movement therapy,5,54,249,205,0.50
workout-cible,PhysicalTherapyACL,knee pain,5,66,244,16,0.87
workout-cible,PhysicalTherapyACL,osteoarthritis,5,58,247,12,0.96
workout-cible,PhysicalTherapyACL,curare,5,44,239,50,0.65
workout-cible,PhysicalTherapyACL,thérapie,5,51,250,207,0.50
workout-cible,PhysicalTherapyACL,weasyo,5,36,32,30,0.74
workout-cible,PhysicalTherapyACL,happy therapy,5,50,249,88,0.58
workout-cible,PhysicalTherapyACL,TheraPiu,5,40,247,203,0.50
workout-cible,PhysicalTherapyACL,health therapy,5,46,247,167,0.52
workout-cible,PhysicalTherapyACL,journey starts,5,49,145,130,0.54
workout-cible,PhysicalTherapyACL,kneesovertoes,5,15,80,33,0.72
workout-cible,PhysicalTherapyACL,plibility,5,49,45,41,0.68
workout-cible,PhysicalTherapyACL,injury exercises,5,40,246,131,0.54
workout-cible,PhysicalTherapyACL,posture manual,5,17,235,210,0.50
workout-cible,PhysicalTherapyACL,medbridgego,5,40,250,130,0.54
workout-cible,PhysicalTherapyACL,Athletic therapy,5,31,240,39,0.69
workout-cible,PhysicalTherapyACL,guided exercises,5,69,211,47,0.66
workout-cible,PhysicalTherapyACL,stretching guide,5,43,240,209,0.50
workout-cible,PhysicalTherapyACL,replaces,5,40,220,107,0.56
workout-cible,PhysicalTherapyACL,fitness expert,5,92,249,175,0.51
workout-cible,PhysicalTherapyACL,knee recovery,5,59,21,3,1.74
workout-cible,PhysicalTherapyACL,motion medic,5,45,104,20,0.82
workout-cible,PhysicalTherapyACL,sport injury,5,57,202,68,0.61
workout-cible,PhysicalTherapyACL,injury recovery,5,50,249,70,0.61
workout-cible,PhysicalTherapyACL,injurt,5,37,162,103,0.56
workout-cible,PhysicalTherapyACL,hips exercises,5,53,246,98,0.57
workout-cible,PhysicalTherapyACL,ptx,5,27,22,15,0.89
workout-cible,PhysicalTherapyACL,stretching exercises for pain,5,40,241,235,0.49
workout-cible,PhysicalTherapyACL,strextching,5,40,246,97,0.57
workout-cible,PhysicalTherapyACL,stetrching,5,40,248,93,0.57
workout-cible,PhysicalTherapyACL,acl  injuries,5,40,244,11,0.98
workout-cible,PhysicalTherapyACL,knee exercises,5,48,249,4,1.49
workout-cible,PhysicalTherapyACL,tendonitis pain tracker,5,52,245,117,0.55
workout-cible,PhysicalTherapyACL,surgery recovery pain journal,5,40,243,215,0.49
workout-cible,PhysicalTherapyACL,physical therapy pain tracker,5,52,246,201,0.50
workout-cible,PhysicalTherapyACL,surgery recovery symptom tracker,5,40,246,237,0.49
workout-cible,PhysicalTherapyACL,shamles,5,72,220,92,0.58
workout-cible,PhysicalTherapyACL,phyiscal therapy,5,53,249,22,0.80
workout-cible,PhysicalTherapyACL,strengthening,5,49,211,20,0.82
workout-cible,PhysicalTherapyACL,physical therapy coach,5,37,236,64,0.62
workout-cible,PhysicalTherapyACL,therapy sessions,5,56,248,146,0.53
workout-cible,PhysicalTherapyACL,recovery exercises,5,40,248,20,0.82
workout-cible,PhysicalTherapyACL,acl exercises,5,40,248,2,2.29
workout-cible,PhysicalTherapyACL,acl rehab exercises,5,40,248,5,1.34
workout-cible,PhysicalTherapyACL,acl training,5,88,249,10,1.02
workout-cible,PhysicalTherapyACL,knees,5,54,238,1,5.00
workout-cible,PhysicalTherapyACL,strong knees,5,34,79,26,0.76
workout-cible,PhysicalTherapyACL,acl strength,5,36,124,9,1.06
workout-cible,PhysicalTherapyACL,acl recovery,5,28,199,4,1.49
workout-cible,PhysicalTherapyACL,daily therapy,5,49,249,203,0.50
workout-cible,PhysicalTherapyACL,plyometrics exercises,5,,224,24,0.78
workout-cible,PhysicalTherapyACL,guided stretching,5,46,242,173,0.51
workout-cible,PhysicalTherapyACL,recovery exercises app,5,50,248,161,0.52
workout-cible,PhysicalTherapyACL,medical videos,5,52,223,149,0.53
workout-cible,PhysicalTherapyACL,hip mobility exercises,5,52,248,173,0.51
workout-cible,PhysicalTherapyACL,knee mobility exercises,5,40,244,4,1.49
workout-cible,PhysicalTherapyACL,active recovery workout,5,40,247,112,0.55
workout-cible,PhysicalTherapyACL,threapy,5,77,248,236,0.49
workout-cible,PhysicalTherapyACL,physicsc,5,40,226,36,0.70
workout-cible,PhysicalTherapyACL,teraphy,5,77,248,232,0.49
workout-cible,PhysicalTherapyACL,therapy exercise,5,40,249,92,0.58
workout-cible,PhysicalTherapyACL,surgery recovery,5,43,177,70,0.61
workout-cible,PhysicalTherapyACL,guided exercise,5,,239,118,0.55
workout-cible,PhysicalTherapyACL,online doctors,5,,216,111,0.55
workout-cible,PhysicalTherapyACL,fitness motion best app,5,,234,137,0.53
workout-cible,PhysicalTherapyACL,knee exercise,5,49,240,6,1.24
workout-cible,PhysicalTherapyACL,health expert,5,59,247,147,0.53
workout-cible,PhysicalTherapyACL,acl rebuild,5,58,250,3,1.74
workout-cible,PhysicalTherapyACL,daily somatic program,5,46,250,132,0.54
workout-cible,PhysicalTherapyACL,eamless,5,,227,74,0.60
workout-cible,PhysicalTherapyACL,knee stretch,5,,245,11,0.98
workout-cible,PhysicalTherapyACL,physical%20therapy,5,54,249,184,0.51
workout-cible,PhysicalTherapyACL,comp%20portal,5,79,250,172,0.51
workout-cible,PhysicalTherapyACL,pt%20distinction,5,40,250,115,0.55
workout-cible,PhysicalTherapyACL,motion%20and%20fitness,5,43,227,214,0.49
workout-cible,PhysicalTherapyACL,constant%20therapy,5,40,250,152,0.52
workout-cible,PhysicalTherapyACL,broken%20bones,5,34,212,58,0.63
workout-cible,PhysicalTherapyACL,stretching%20exercises,5,28,249,186,0.51
workout-cible,PhysicalTherapyACL,cartilage,5,29,112,4,1.49
workout-cible,PhysicalTherapyACL,my%20doctor%20online,5,,247,163,0.52
workout-cible,PhysicalTherapyACL,exercise & stretch,5,59,239,225,0.49
workout-cible,PhysicalTherapyACL,old videos recovery,5,40,245,187,0.51
workout-cible,PhysicalTherapyACL,runner knee,5,72,248,6,1.24
workout-cible,PhysicalTherapyACL,joint chiropractic,5,,167,110,0.56
workout-cible,PhysicalTherapyACL,therapy supervisor,5,57,250,203,0.50
workout-cible,PhysicalTherapyACL,muscle recovery calculator,5,,239,174,0.51
workout-cible,PhysicalTherapyACL,knees app,5,,204,15,0.89
workout-cible,PhysicalTherapyACL,stretch guide,5,66,242,161,0.52
workout-cible,PhysicalTherapyACL,stretch recovery,5,,248,42,0.68
workout-cible,PhysicalTherapyACL,curr,5,,207,25,0.77
workout-cible,PhysicalTherapyACL,replace person,5,,204,104,0.56
workout-cible,PhysicalTherapyACL,foot recover,5,87,248,200,0.50
workout-cible,PhysicalTherapyACL,foot recovery,5,87,248,93,0.57
workout-cible,PhysicalTherapyACL,exercise replacement,5,,233,208,0.50
workout-cible,PhysicalTherapyACL,hip mobility routine,5,,214,63,0.62
workout-cible,PhysicalTherapyACL,office worker stretching,5,,225,67,0.61
workout-cible,PhysicalTherapyACL,ankle mobility exercises,5,,205,41,0.68
workout-cible,PhysicalTherapyACL,calcaneal spur,5,,218,80,0.59
workout-cible,PhysicalTherapyACL,tmj exercises,5,38,225,54,0.64
workout-cible,PhysicalTherapyACL,post surgery recovery,5,40,241,87,0.58
workout-cible,PhysicalTherapyACL,physical therapy at home,5,70,249,235,0.49
workout-cible,PhysicalTherapyACL,myomectomy recovery,5,,250,54,0.64
workout-cible,PhysicalTherapyACL,laparoscopy recovery,5,,215,10,1.02
workout-cible,PhysicalTherapyACL,trauma release exerecises,5,,227,110,0.56
workout-cible,PhysicalTherapyACL,physi,5,,139,27,0.76
workout-cible,PhysicalTherapyACL,orthocenter,5,,206,42,0.68
workout-cible,PhysicalTherapyACL,rehab exercises,5,,228,145,0.53
workout-cible,PhysicalTherapyACL,act exercises,5,,211,80,0.59
workout-cible,PhysicalTherapyACL,physical therpay,5,,244,17,0.86
workout-cible,PhysicalTherapyACL,physical therapay,5,,244,17,0.86
workout-cible,PhysicalTherapyACL,the rap,5,,226,87,0.58
workout-cible,PhysicalTherapyACL,therapuy,5,,248,197,0.50
workout-cible,PhysicalTherapyACL,unclench,5,,247,151,0.52
workout-cible,PhysicalTherapyACL,terapizy,5,,242,169,0.51
workout-cible,PhysicalTherapyACL,psychotheraphy,5,,248,243,0.48
workout-cible,PhysicalTherapyACL,workout pain,5,,245,173,0.51
workout-cible,PhysicalTherapyACL,post workout recovery,5,,247,67,0.61
workout-cible,PhysicalTherapyACL,recovery workouts,5,50,249,232,0.49
workout-cible,PhysicalTherapyACL,therapy inspired routine app,5,57,250,67,0.61
workout-cible,PhysicalTherapyACL,maple labs,5,,207,195,0.50
workout-cible,PhysicalTherapyACL,advanced physical therapy,5,,231,48,0.66
workout-cible,PhysicalTherapyACL,eye workout: recovery exercise,5,44,249,105,0.56
workout-cible,PhysicalTherapyACL,physical therapy of boulder,5,,250,148,0.53
workout-cible,PhysicalTherapyACL,px therapy group,5,,234,37,0.70
workout-cible,PhysicalTherapyACL,recovery guide,5,,236,16,0.87
workout-cible,PhysicalTherapyACL,recovery one pt with me,5,,234,12,0.96
workout-cible,PhysicalTherapyACL,recovery trek,5,,240,118,0.55
workout-cible,PhysicalTherapyACL,top braintap game,5,,248,193,0.50
workout-cible,PhysicalTherapyACL,sleeve shows load,5,58,214,5,1.34
workout-cible,PhysicalTherapyACL,sleeve loading game app,5,,224,113,0.55
workout-cible,PhysicalTherapyACL,left right sleeves best free,5,53,250,54,0.64
workout-cible,PhysicalTherapyACL,sleeve loading game online app,5,,209,135,0.54
workout-cible,PhysicalTherapyACL,left right sleeves game free game,5,,206,123,0.54
workout-cible,PhysicalTherapyACL,physics guide,5,,239,9,1.06
workout-cible,PhysicalTherapyACL,review plate loading tool reviews free,5,,227,148,0.53
workout-cible,PhysicalTherapyACL,easy wall check,5,,220,50,0.65
workout-cible,PhysicalTherapyACL,arthritis calendar,5,,201,134,0.54
workout-cible,PhysicalTherapyACL,arthritis notes,5,,153,29,0.74
workout-cible,PhysicalTherapyACL,arthritis reminders,5,,173,43,0.68
workout-cible,PhysicalTherapyACL,arthritis dashboard,5,,201,71,0.61
workout-cible,PhysicalTherapyACL,arthritis history,5,,249,192,0.50
workout-cible,PhysicalTherapyACL,arthritis insights,5,40,248,118,0.55
workout-cible,PhysicalTherapyACL,arthritis logbook,5,,209,77,0.60
workout-cible,PhysicalTherapyACL,arthritis binder,5,48,250,127,0.54
workout-cible,PhysicalTherapyACL,therapy checkup,5,,250,33,0.72
workout-cible,PhysicalTherapyACL,rehab records,5,,224,64,0.62
workout-cible,PhysicalTherapyACL,rehab checkup,5,,225,134,0.54
workout-cible,PhysicalTherapyACL,rehab notes,5,,221,58,0.63
workout-cible,PhysicalTherapyACL,rehab reminders,5,,211,61,0.63
workout-cible,PhysicalTherapyACL,rehab assistant,5,,223,48,0.66
workout-cible,PhysicalTherapyACL,rehab logbook,5,56,250,80,0.59
workout-cible,PhysicalTherapyACL,rehab binder,5,,248,141,0.53
workout-cible,PhysicalTherapyACL,equine physio,5,,228,115,0.55
workout-cible,PhysicalTherapyACL,equine physical therapy,5,,236,13,0.93
workout-cible,PhysicalTherapyACL,debit powerlifting,5,49,250,236,0.49
workout-cible,PhysicalTherapyACL,debit powerlifting caras,5,,250,209,0.50
workout-cible,PhysicalTherapyACL,hormone replacement therapy,5,44,250,122,0.55
workout-cible,PhysicalTherapyACL,physical therapist notes,5,25,235,10,1.02
workout-cible,PhysicalTherapyACL,stretching therapy,5,,218,40,0.69
workout-cible,PhysicalTherapyACL,rehab mobility,5,,222,104,0.56
workout-cible,PhysicalTherapyACL,physical therapy exercise log,5,,243,26,0.76
workout-cible,PhysicalTherapyACL,help after surgery,5,49,191,125,0.54
workout-cible,PhysicalTherapyACL,musculoskeletal reference,5,,250,223,0.49
workout-cible,PhysicalTherapyACL,surgery recovery tracker,5,43,247,66,0.62
workout-cible,PhysicalTherapyACL,nagging colorful wheel alternatives,5,,236,142,0.53
workout-cible,PhysicalTherapyACL,physical therapy log,5,,239,14,0.91
workout-cible,PhysicalTherapyACL,acl rehab tracker,5,,228,4,1.49
workout-cible,PhysicalTherapyACL,fisioteraphy,5,,223,13,0.93
workout-cible,PhysicalTherapyACL,nds roms,5,57,227,199,0.50
workout-cible,PhysicalTherapyACL,contraction template,5,,211,107,0.56
workout-cible,PhysicalTherapyACL,knee workout,5,,247,9,1.06
workout-cible,PhysicalTherapyACL,recovery training,5,,236,89,0.58
workout-cible,PhysicalTherapyACL,post-injury rehab,5,,215,49,0.66
workout-cible,PhysicalTherapyACL,foam rolling guide offline,5,,249,80,0.59
workout-cible,PhysicalTherapyACL,injury tracker offline,5,,249,50,0.65
workout-cible,PhysicalTherapyACL,pt exercises offline,5,,249,193,0.50
workout-cible,PhysicalTherapyACL,injury recovery app,5,,247,180,0.51
workout-cible,PhysicalTherapyACL,repetitive strain guide,5,,250,160,0.52
workout-cible,PhysicalTherapyACL,exercise progression guide,5,,250,120,0.55
workout-cible,PhysicalTherapyACL,knee rehab,5,57,248,3,1.74
workout-cible,PhysicalTherapyACL,knee rehab exercises,5,,242,4,1.49
workout-cible,PhysicalTherapyACL,plyometric flexibility,5,,250,246,0.48
workout-cible,PhysicalTherapyACL,knee excerise,5,,244,4,1.49
workout-cible,PhysicalTherapyACL,stump pain,,,212,96,
workout-cible,PhysicalTherapyACL,hysterectomy recovery,,,228,14,
workout-cible,PhysicalTherapyACL,quadriceps,,,230,36,
workout-cible,PhysicalTherapyACL,physical therap,,,229,105,
workout-cible,PhysicalTherapyACL,physical therapy workout,,,243,43,
workout-cible,PhysicalTherapyACL,فسكو,,,231,82,
workout-cible,PhysicalTherapyACL,physical therapy exercises log,,51,250,154,
workout-cible,PhysicalTherapyACL,arthritis assistant,,,194,36,
workout-cible,PhysicalTherapyACL,therapy binder,,49,250,145,
workout-cible,PhysicalTherapyACL,physio mobility,,,249,121,
workout-cible,PhysicalTherapyACL,stroke recovery tracker,,,221,42,
workout-cible,PhysicalTherapyACL,exercise variation guide,,,249,50,
workout-cible,PhysicalTherapyACL,movement correction guide,,,250,112,
workout-cible,PhysicalTherapyACL,seamless post,,,247,146,
workout-cible,WorkoutWomenLazyFit,planet fitness,74,97,249,65,9.13
workout-cible,WorkoutWomenLazyFit,my fitness pal,70,73,247,11,13.78
workout-cible,WorkoutWomenLazyFit,fitness,64,91,248,7,14.85
workout-cible,WorkoutWomenLazyFit,myfitnesspal,64,78,248,13,11.93
workout-cible,WorkoutWomenLazyFit,la fitness,62,87,248,120,6.78
workout-cible,WorkoutWomenLazyFit,ladder fitness,62,79,247,2,28.45
workout-cible,WorkoutWomenLazyFit,workout,60,86,246,2,27.53
workout-cible,WorkoutWomenLazyFit,w,60,97,249,192,6.03
workout-cible,WorkoutWomenLazyFit,better me,59,66,249,4,17.57
workout-cible,WorkoutWomenLazyFit,ladder,58,87,248,6,14.33
workout-cible,WorkoutWomenLazyFit,fitbod,56,74,248,3,19.52
workout-cible,WorkoutWomenLazyFit,tea app for women,56,95,242,11,11.02
workout-cible,WorkoutWomenLazyFit,gym,55,90,248,9,11.61
workout-cible,WorkoutWomenLazyFit,inbody,55,54,249,140,5.85
workout-cible,WorkoutWomenLazyFit,nike training club,54,69,248,3,18.82
workout-cible,WorkoutWomenLazyFit,workout planner:,54,66,248,2,24.78
workout-cible,WorkoutWomenLazyFit,sweatmates,53,68,250,5,14.18
workout-cible,WorkoutWomenLazyFit,workout  planner,53,69,248,2,24.32
workout-cible,WorkoutWomenLazyFit,fitness app,52,80,247,8,11.46
workout-cible,WorkoutWomenLazyFit,workout planner,52,79,248,2,23.86
workout-cible,WorkoutWomenLazyFit,lyfta,51,94,248,3,17.78
workout-cible,WorkoutWomenLazyFit,calisthenics,50,74,250,14,9.11
workout-cible,WorkoutWomenLazyFit,caliber,50,70,250,5,13.38
workout-cible,WorkoutWomenLazyFit,da fit,50,58,249,39,6.91
workout-cible,WorkoutWomenLazyFit,work out,49,74,248,2,22.48
workout-cible,WorkoutWomenLazyFit,weight loss,48,80,249,59,6.05
workout-cible,WorkoutWomenLazyFit,weight  loss,48,68,249,51,6.24
workout-cible,WorkoutWomenLazyFit,gym workout,47,73,248,6,11.61
workout-cible,WorkoutWomenLazyFit,sweat,47,72,248,5,12.57
workout-cible,WorkoutWomenLazyFit,ejercicios en casa,47,39,248,8,10.36
workout-cible,WorkoutWomenLazyFit,jefit,46,65,120,114,5.08
workout-cible,WorkoutWomenLazyFit,betterme,46,76,249,4,13.70
workout-cible,WorkoutWomenLazyFit,allenamento a casa,46,56,236,39,6.36
workout-cible,WorkoutWomenLazyFit,lazy fit free,46,59,250,16,8.05
workout-cible,WorkoutWomenLazyFit,my fitness,44,86,248,185,4.45
workout-cible,WorkoutWomenLazyFit,ejercicio,44,57,249,9,9.29
workout-cible,WorkoutWomenLazyFit,myfitcoach,42,77,249,5,11.24
workout-cible,WorkoutWomenLazyFit,exercise apps,41,65,250,4,12.21
workout-cible,WorkoutWomenLazyFit,フィットビット,41,,236,208,4.07
workout-cible,WorkoutWomenLazyFit,pure barre,40,,250,248,3.85
workout-cible,WorkoutWomenLazyFit,military calisthenics,40,68,249,10,8.13
workout-cible,WorkoutWomenLazyFit,free workout apps,38,61,248,2,17.44
workout-cible,WorkoutWomenLazyFit,abnehm app,38,46,246,57,4.82
workout-cible,WorkoutWomenLazyFit,pilate,37,68,250,8,8.15
workout-cible,WorkoutWomenLazyFit,trufit,37,49,65,63,4.60
workout-cible,WorkoutWomenLazyFit,calisthenics workout free,37,61,247,6,9.14
workout-cible,WorkoutWomenLazyFit,calisthenics workout,36,70,248,6,8.89
workout-cible,WorkoutWomenLazyFit,health and fitness,35,95,247,18,5.91
workout-cible,WorkoutWomenLazyFit,weight loss app free,35,66,247,22,5.59
workout-cible,WorkoutWomenLazyFit,work out routine free,35,62,248,3,12.20
workout-cible,WorkoutWomenLazyFit,free workout apps for women,34,53,248,1,34.00
workout-cible,WorkoutWomenLazyFit,my fitness pal app free,32,64,248,9,6.75
workout-cible,WorkoutWomenLazyFit,my fit coach,30,67,248,5,8.03
workout-cible,WorkoutWomenLazyFit,women workout,29,68,247,1,29.00
workout-cible,WorkoutWomenLazyFit,strength training,29,79,248,10,5.90
workout-cible,WorkoutWomenLazyFit,exercise apps for women free,29,59,247,1,29.00
workout-cible,WorkoutWomenLazyFit,just fit lazy workout free,28,59,247,13,5.22
workout-cible,WorkoutWomenLazyFit,fitness app free,27,59,248,2,12.39
workout-cible,WorkoutWomenLazyFit,bodi by beachbody,27,59,196,195,2.71
workout-cible,WorkoutWomenLazyFit,free exercise app for women,27,55,247,1,27.00
workout-cible,WorkoutWomenLazyFit,treadmill workout free,26,88,248,24,4.06
workout-cible,WorkoutWomenLazyFit,slt,26,,140,17,4.47
workout-cible,WorkoutWomenLazyFit,workout planner free,24,67,248,4,7.15
workout-cible,WorkoutWomenLazyFit,weight loss app,23,71,245,34,3.29
workout-cible,WorkoutWomenLazyFit,weight loss for women,23,72,246,7,5.34
workout-cible,WorkoutWomenLazyFit,wall pilates apps free,22,72,250,106,2.46
workout-cible,WorkoutWomenLazyFit,workout apps for women,21,76,248,1,21.00
workout-cible,WorkoutWomenLazyFit,weight training women,21,,248,7,4.87
workout-cible,WorkoutWomenLazyFit,excercise app,21,63,248,4,6.25
workout-cible,WorkoutWomenLazyFit,work out at home,20,58,245,3,6.97
workout-cible,WorkoutWomenLazyFit,workout at home,20,61,248,3,6.97
workout-cible,WorkoutWomenLazyFit,butt workout,19,62,244,11,3.74
workout-cible,WorkoutWomenLazyFit,ab workout,18,60,248,11,3.54
workout-cible,WorkoutWomenLazyFit,zumba fitness,18,67,246,8,3.97
workout-cible,WorkoutWomenLazyFit,esercizi,17,64,250,4,5.06
workout-cible,WorkoutWomenLazyFit,walk out songs,16,,66,60,2.01
workout-cible,WorkoutWomenLazyFit,free gym app,15,,248,5,4.01
workout-cible,WorkoutWomenLazyFit,minute,14,72,246,10,2.85
workout-cible,WorkoutWomenLazyFit,virtuagym,13,53,211,206,1.29
workout-cible,WorkoutWomenLazyFit,home workout free,12,55,248,5,3.21
workout-cible,WorkoutWomenLazyFit,workout apps,12,76,248,2,5.51
workout-cible,WorkoutWomenLazyFit,free calisthenics,11,61,250,2,5.05
workout-cible,WorkoutWomenLazyFit,fitness plan,10,91,247,1,10.00
workout-cible,WorkoutWomenLazyFit,abnehmen app,10,44,189,14,1.82
workout-cible,WorkoutWomenLazyFit,free fitness app,9,69,248,5,2.41
workout-cible,WorkoutWomenLazyFit,nike training,9,51,246,6,2.22
workout-cible,WorkoutWomenLazyFit,loose weight,9,69,249,6,2.22
workout-cible,WorkoutWomenLazyFit,just fit,9,73,197,3,3.14
workout-cible,WorkoutWomenLazyFit,sport zuhause,9,,250,21,1.46
workout-cible,WorkoutWomenLazyFit,asana rebel,9,48,113,112,1.00
workout-cible,WorkoutWomenLazyFit,fitbod workout fitness plans,9,74,244,22,1.44
workout-cible,WorkoutWomenLazyFit,dancebit,9,76,250,14,1.64
workout-cible,WorkoutWomenLazyFit,quick bend,9,61,51,39,1.24
workout-cible,WorkoutWomenLazyFit,harna,9,40,57,42,1.22
workout-cible,WorkoutWomenLazyFit,pilates workout at home,9,51,250,5,2.41
workout-cible,WorkoutWomenLazyFit,military calisthenics women,9,65,249,3,3.14
workout-cible,WorkoutWomenLazyFit,hom,8,,237,174,0.82
workout-cible,WorkoutWomenLazyFit,workout for women,8,67,248,1,8.00
workout-cible,WorkoutWomenLazyFit,workout plan,8,82,248,4,2.38
workout-cible,WorkoutWomenLazyFit,at home workouts,8,63,247,2,3.67
workout-cible,WorkoutWomenLazyFit,madout,8,77,174,167,0.82
workout-cible,WorkoutWomenLazyFit,female fitness,8,61,245,3,2.79
workout-cible,WorkoutWomenLazyFit,fit bod,8,72,248,3,2.79
workout-cible,WorkoutWomenLazyFit,plan my walk,8,,209,59,1.01
workout-cible,WorkoutWomenLazyFit,lose weight app for women,8,71,247,6,1.98
workout-cible,WorkoutWomenLazyFit,pilates gratis,8,,248,15,1.43
workout-cible,WorkoutWomenLazyFit,abnehmen kostenlos,8,47,249,27,1.21
workout-cible,WorkoutWomenLazyFit,fito,8,52,98,35,1.13
workout-cible,WorkoutWomenLazyFit,calistenics,8,63,250,16,1.40
workout-cible,WorkoutWomenLazyFit,ladder strength training plans,8,74,248,5,2.14
workout-cible,WorkoutWomenLazyFit,sworkit,7,45,112,31,1.02
workout-cible,WorkoutWomenLazyFit,workout app,7,73,247,2,3.21
workout-cible,WorkoutWomenLazyFit,koder,7,65,232,179,0.71
workout-cible,WorkoutWomenLazyFit,7 minute workout,7,67,242,5,1.87
workout-cible,WorkoutWomenLazyFit,fitonomy,7,56,136,4,2.08
workout-cible,WorkoutWomenLazyFit,workout free,7,66,248,1,7.00
workout-cible,WorkoutWomenLazyFit,mad out,7,67,186,178,0.71
workout-cible,WorkoutWomenLazyFit,womens workout,7,,248,1,7.00
workout-cible,WorkoutWomenLazyFit,fitness online,7,64,248,2,3.21
workout-cible,WorkoutWomenLazyFit,madfit,7,65,250,5,1.87
workout-cible,WorkoutWomenLazyFit,lose weight,6,73,250,9,1.27
workout-cible,WorkoutWomenLazyFit,excercise app free,6,69,248,1,6.00
workout-cible,WorkoutWomenLazyFit,gym app,6,81,248,11,1.18
workout-cible,WorkoutWomenLazyFit,home training,6,52,245,5,1.61
workout-cible,WorkoutWomenLazyFit,free fitness apps,6,61,248,11,1.18
workout-cible,WorkoutWomenLazyFit,home workout for women,6,64,245,1,6.00
workout-cible,WorkoutWomenLazyFit,7 minute workout free,6,50,246,5,1.61
workout-cible,WorkoutWomenLazyFit,workit,6,69,250,4,1.79
workout-cible,WorkoutWomenLazyFit,suivi poids,6,46,246,217,0.59
workout-cible,WorkoutWomenLazyFit,sweat app,6,,247,102,0.68
workout-cible,WorkoutWomenLazyFit,fore,6,,237,132,0.64
workout-cible,WorkoutWomenLazyFit,fitness femenino,6,,248,2,2.75
workout-cible,WorkoutWomenLazyFit,entrenamiento en casa,6,53,246,6,1.48
workout-cible,WorkoutWomenLazyFit,kout,6,,147,131,0.65
workout-cible,WorkoutWomenLazyFit,burnout buddy,6,51,103,100,0.68
workout-cible,WorkoutWomenLazyFit,workout routine,5,73,248,2,2.29
workout-cible,WorkoutWomenLazyFit,free fitness,5,68,248,5,1.34
workout-cible,WorkoutWomenLazyFit,fitness free,5,59,248,2,2.29
workout-cible,WorkoutWomenLazyFit,workout diet,5,,241,7,1.16
workout-cible,WorkoutWomenLazyFit,free exercise apps,5,56,250,4,1.49
workout-cible,WorkoutWomenLazyFit,exercise free,5,,247,1,5.00
workout-cible,WorkoutWomenLazyFit,gym workout app,5,63,248,6,1.24
workout-cible,WorkoutWomenLazyFit,home workout no equipment,5,50,246,6,1.24
workout-cible,WorkoutWomenLazyFit,body workout,5,63,246,62,0.62
workout-cible,WorkoutWomenLazyFit,workout home,5,56,247,3,1.74
workout-cible,WorkoutWomenLazyFit,free home workout,5,56,248,4,1.49
workout-cible,WorkoutWomenLazyFit,weight loss workout,5,58,238,3,1.74
workout-cible,WorkoutWomenLazyFit,gym workouts for men,5,44,244,119,0.55
workout-cible,WorkoutWomenLazyFit,personal workout,5,78,246,2,2.29
workout-cible,WorkoutWomenLazyFit,walking to lose weight,5,36,208,91,0.58
workout-cible,WorkoutWomenLazyFit,workout apps for free,5,78,248,3,1.74
workout-cible,WorkoutWomenLazyFit,personalized workout,5,68,246,2,2.29
workout-cible,WorkoutWomenLazyFit,free workout,5,72,247,3,1.74
workout-cible,WorkoutWomenLazyFit,ntc,5,44,186,181,0.51
workout-cible,WorkoutWomenLazyFit,skinny edit,5,63,209,100,0.57
workout-cible,WorkoutWomenLazyFit,gym workouts for women,5,70,247,1,5.00
workout-cible,WorkoutWomenLazyFit,fitness apps,5,70,247,8,1.10
workout-cible,WorkoutWomenLazyFit,freeletics,5,88,138,136,0.53
workout-cible,WorkoutWomenLazyFit,inshape,5,30,231,150,0.52
workout-cible,WorkoutWomenLazyFit,woman,5,92,232,2,2.29
workout-cible,WorkoutWomenLazyFit,workout motivation,5,69,246,11,0.98
workout-cible,WorkoutWomenLazyFit,daily workout,5,66,248,3,1.74
workout-cible,WorkoutWomenLazyFit,exercise apps for women,5,55,248,2,2.29
workout-cible,WorkoutWomenLazyFit,work out app,5,70,247,2,2.29
workout-cible,WorkoutWomenLazyFit,work out at home free,5,58,248,2,2.29
workout-cible,WorkoutWomenLazyFit,work out apps,5,72,250,3,1.74
workout-cible,WorkoutWomenLazyFit,beginner workout,5,68,246,1,5.00
workout-cible,WorkoutWomenLazyFit,7 min workout,5,48,243,20,0.82
workout-cible,WorkoutWomenLazyFit,10 minute workout,5,48,247,5,1.34
workout-cible,WorkoutWomenLazyFit,7 minute work out,5,48,244,5,1.34
workout-cible,WorkoutWomenLazyFit,quick workout,5,54,246,8,1.10
workout-cible,WorkoutWomenLazyFit,morning workout,5,63,248,5,1.34
workout-cible,WorkoutWomenLazyFit,home exercise,5,65,248,29,0.74
workout-cible,WorkoutWomenLazyFit,workout challenge,5,66,248,4,1.49
workout-cible,WorkoutWomenLazyFit,women's health,5,81,244,9,1.06
workout-cible,WorkoutWomenLazyFit,womens fitness,5,64,248,1,5.00
workout-cible,WorkoutWomenLazyFit,fat burning workout,5,57,246,122,0.55
workout-cible,WorkoutWomenLazyFit,bettermen app,5,73,241,116,0.55
workout-cible,WorkoutWomenLazyFit,working out,5,70,246,3,1.74
workout-cible,WorkoutWomenLazyFit,my homework,5,,229,34,0.71
workout-cible,WorkoutWomenLazyFit,fitness home,5,54,248,9,1.06
workout-cible,WorkoutWomenLazyFit,fitness workout,5,74,247,7,1.16
workout-cible,WorkoutWomenLazyFit,female workout,5,57,246,4,1.49
workout-cible,WorkoutWomenLazyFit,free exercises,5,60,249,4,1.49
workout-cible,WorkoutWomenLazyFit,waist workout,5,50,248,8,1.10
workout-cible,WorkoutWomenLazyFit,home workout no equipments,5,63,243,100,0.57
workout-cible,WorkoutWomenLazyFit,home exercises,5,58,247,34,0.71
workout-cible,WorkoutWomenLazyFit,free exercise,5,61,247,9,1.06
workout-cible,WorkoutWomenLazyFit,exercise app free,5,55,248,1,5.00
workout-cible,WorkoutWomenLazyFit,mens weight loss,5,74,232,104,0.56
workout-cible,WorkoutWomenLazyFit,loose weight in 30 days,5,,233,14,0.91
workout-cible,WorkoutWomenLazyFit,daily ab workout,5,,210,13,0.93
workout-cible,WorkoutWomenLazyFit,easy workout,5,67,245,5,1.34
workout-cible,WorkoutWomenLazyFit,perte poids,5,70,239,27,0.76
workout-cible,WorkoutWomenLazyFit,fitness app for women,5,60,248,1,5.00
workout-cible,WorkoutWomenLazyFit,home workouts,5,62,247,4,1.49
workout-cible,WorkoutWomenLazyFit,women fitness,5,62,245,3,1.74
workout-cible,WorkoutWomenLazyFit,gym women,5,57,248,2,2.29
workout-cible,WorkoutWomenLazyFit,abnehm,5,49,221,44,0.67
workout-cible,WorkoutWomenLazyFit,workout for teens,5,58,246,2,2.29
workout-cible,WorkoutWomenLazyFit,free plane tracker,5,,223,218,0.49
workout-cible,WorkoutWomenLazyFit,daily exercise,5,64,247,2,2.29
workout-cible,WorkoutWomenLazyFit,womens health,5,82,250,6,1.24
workout-cible,WorkoutWomenLazyFit,female fitness women workout,5,57,246,3,1.74
workout-cible,WorkoutWomenLazyFit,best workout app,5,72,247,4,1.49
workout-cible,WorkoutWomenLazyFit,free workout plan,5,64,247,5,1.34
workout-cible,WorkoutWomenLazyFit,weburn,5,54,41,41,0.68
workout-cible,WorkoutWomenLazyFit,workout frauen,5,49,248,7,1.16
workout-cible,WorkoutWomenLazyFit,7m,5,72,245,4,1.49
workout-cible,WorkoutWomenLazyFit,weight lifting for women,5,82,248,3,1.74
workout-cible,WorkoutWomenLazyFit,strength training women,5,72,247,2,2.29
workout-cible,WorkoutWomenLazyFit,je fit,5,62,163,152,0.52
workout-cible,WorkoutWomenLazyFit,weight lifting women,5,81,248,2,2.29
workout-cible,WorkoutWomenLazyFit,workout fitness,5,70,248,13,0.93
workout-cible,WorkoutWomenLazyFit,fitness at home,5,61,247,8,1.10
workout-cible,WorkoutWomenLazyFit,at home fitness,5,54,246,6,1.24
workout-cible,WorkoutWomenLazyFit,pilates for beginners,5,50,244,69,0.61
workout-cible,WorkoutWomenLazyFit,pilates free,5,57,249,223,0.49
workout-cible,WorkoutWomenLazyFit,litely,5,62,24,24,0.78
workout-cible,WorkoutWomenLazyFit,lost weight,5,,249,10,1.02
workout-cible,WorkoutWomenLazyFit,fit coach,5,89,246,97,0.57
workout-cible,WorkoutWomenLazyFit,lose wait,5,,202,9,1.06
workout-cible,WorkoutWomenLazyFit,pilates gratuit,5,45,217,136,0.53
workout-cible,WorkoutWomenLazyFit,poids suivi,5,43,246,232,0.49
workout-cible,WorkoutWomenLazyFit,home workout women,5,,247,1,5.00
workout-cible,WorkoutWomenLazyFit,7m workout,5,59,243,2,2.29
workout-cible,WorkoutWomenLazyFit,firness,5,,248,7,1.16
workout-cible,WorkoutWomenLazyFit,work out for women,5,,247,2,2.29
workout-cible,WorkoutWomenLazyFit,workout woman,5,47,245,1,5.00
workout-cible,WorkoutWomenLazyFit,fitbod app,5,66,248,5,1.34
workout-cible,WorkoutWomenLazyFit,teen workout,5,81,247,39,0.69
workout-cible,WorkoutWomenLazyFit,womens,5,80,241,1,5.00
workout-cible,WorkoutWomenLazyFit,fitness women,5,59,247,2,2.29
workout-cible,WorkoutWomenLazyFit,women exercise,5,49,247,1,5.00
workout-cible,WorkoutWomenLazyFit,workout and fitness,5,80,247,3,1.74
workout-cible,WorkoutWomenLazyFit,fitness workouts,5,69,246,8,1.10
workout-cible,WorkoutWomenLazyFit,strongher,5,50,39,37,0.70
workout-cible,WorkoutWomenLazyFit,gym virtual,5,,249,1,5.00
workout-cible,WorkoutWomenLazyFit,women health,5,79,246,6,1.24
workout-cible,WorkoutWomenLazyFit,en forma 30 dias,5,86,243,229,0.49
workout-cible,WorkoutWomenLazyFit,daily fitness,5,56,248,6,1.24
workout-cible,WorkoutWomenLazyFit,weight loss at home,5,31,233,45,0.67
workout-cible,WorkoutWomenLazyFit,workout female,5,51,246,4,1.49
workout-cible,WorkoutWomenLazyFit,fta kit,5,98,244,50,0.65
workout-cible,WorkoutWomenLazyFit,butt workout free,5,49,247,34,0.71
workout-cible,WorkoutWomenLazyFit,abs workout for women,5,52,242,4,1.49
workout-cible,WorkoutWomenLazyFit,strength training app,5,75,248,38,0.70
workout-cible,WorkoutWomenLazyFit,resistance band,5,51,95,94,0.57
workout-cible,WorkoutWomenLazyFit,gym workout home,5,80,245,4,1.49
workout-cible,WorkoutWomenLazyFit,strength training at home,5,70,248,4,1.49
workout-cible,WorkoutWomenLazyFit,gym workout for women,5,70,248,1,5.00
workout-cible,WorkoutWomenLazyFit,weight loss for men,5,50,231,71,0.61
workout-cible,WorkoutWomenLazyFit,weight training for women,5,,249,4,1.49
workout-cible,WorkoutWomenLazyFit,arm workout for women,5,56,245,6,1.24
workout-cible,WorkoutWomenLazyFit,pilates for men,5,73,246,33,0.72
workout-cible,WorkoutWomenLazyFit,7 minutos de ejercicios,5,,232,201,0.50
workout-cible,WorkoutWomenLazyFit,perte de poids gratuit,5,31,248,50,0.65
workout-cible,WorkoutWomenLazyFit,strength training for women,5,71,248,1,5.00
workout-cible,WorkoutWomenLazyFit,butt workout for women,5,40,229,224,0.49
workout-cible,WorkoutWomenLazyFit,gym girl,5,,248,2,2.29
workout-cible,WorkoutWomenLazyFit,gym for girls,5,,248,2,2.29
workout-cible,WorkoutWomenLazyFit,beginners workout,5,87,248,1,5.00
workout-cible,WorkoutWomenLazyFit,weight loss diet plan for women,5,44,226,56,0.64
workout-cible,WorkoutWomenLazyFit,home project planner,5,,230,171,0.51
workout-cible,WorkoutWomenLazyFit,zumba dance for weight loss,5,,15,8,1.10
workout-cible,WorkoutWomenLazyFit,workout planner for women,5,66,248,2,2.29
workout-cible,WorkoutWomenLazyFit,lose weight without diet,5,39,218,95,0.57
workout-cible,WorkoutWomenLazyFit,better me app,5,63,244,4,1.49
workout-cible,WorkoutWomenLazyFit,home workout planner,5,68,248,15,0.89
workout-cible,WorkoutWomenLazyFit,women's fitness,5,58,245,2,2.29
workout-cible,WorkoutWomenLazyFit,tone it up,5,48,120,107,0.56
workout-cible,WorkoutWomenLazyFit,frauen fitness,5,54,223,8,1.10
workout-cible,WorkoutWomenLazyFit,trainsweateat,5,74,18,17,0.86
workout-cible,WorkoutWomenLazyFit,women fitness app,5,57,247,3,1.74
workout-cible,WorkoutWomenLazyFit,fitness and workout,5,49,242,61,0.63
workout-cible,WorkoutWomenLazyFit,woman fitness,5,53,246,2,2.29
workout-cible,WorkoutWomenLazyFit,dance now,5,,225,192,0.50
workout-cible,WorkoutWomenLazyFit,get in shape,5,68,248,4,1.49
workout-cible,WorkoutWomenLazyFit,dance lessons,5,70,250,13,0.93
workout-cible,WorkoutWomenLazyFit,exercise for women,5,54,248,2,2.29
workout-cible,WorkoutWomenLazyFit,personal trainer online,5,74,199,29,0.74
workout-cible,WorkoutWomenLazyFit,glutes,5,64,250,5,1.34
workout-cible,WorkoutWomenLazyFit,phone light,5,46,217,150,0.52
workout-cible,WorkoutWomenLazyFit,workout planner at home,5,63,248,2,2.29
workout-cible,WorkoutWomenLazyFit,apps for girls,5,46,241,79,0.59
workout-cible,WorkoutWomenLazyFit,free weight loss apps for women,5,61,248,4,1.49
workout-cible,WorkoutWomenLazyFit,mobile facilities,5,,246,206,0.50
workout-cible,WorkoutWomenLazyFit,home workouts for women,5,61,246,1,5.00
workout-cible,WorkoutWomenLazyFit,weight gain app for women,5,62,225,5,1.34
workout-cible,WorkoutWomenLazyFit,self help for women,5,53,248,2,2.29
workout-cible,WorkoutWomenLazyFit,gymworkout,5,,248,7,1.16
workout-cible,WorkoutWomenLazyFit,booty workout,5,55,247,3,1.74
workout-cible,WorkoutWomenLazyFit,trainingsplan app,5,,231,61,0.63
workout-cible,WorkoutWomenLazyFit,gym home,5,54,247,10,1.02
workout-cible,WorkoutWomenLazyFit,femenino,5,49,243,2,2.29
workout-cible,WorkoutWomenLazyFit,my e training,5,,233,44,0.67
workout-cible,WorkoutWomenLazyFit,popularity,5,75,232,35,0.71
workout-cible,WorkoutWomenLazyFit,pilotez,5,57,249,11,0.98
workout-cible,WorkoutWomenLazyFit,training routine,5,,226,73,0.60
workout-cible,WorkoutWomenLazyFit,home workout tracker,5,78,248,8,1.10
workout-cible,WorkoutWomenLazyFit,for women,5,69,242,2,2.29
workout-cible,WorkoutWomenLazyFit,gym exercises for women,5,50,246,2,2.29
workout-cible,WorkoutWomenLazyFit,home workout apps,5,57,243,7,1.16
workout-cible,WorkoutWomenLazyFit,best me,5,78,231,132,0.54
workout-cible,WorkoutWomenLazyFit,myfitnesspal free,5,,232,17,0.86
workout-cible,WorkoutWomenLazyFit,trening app,5,89,250,138,0.53
workout-cible,WorkoutWomenLazyFit,no phone challenge,5,42,247,219,0.49
workout-cible,WorkoutWomenLazyFit,myfitnesspal app,5,,235,46,0.67
workout-cible,WorkoutWomenLazyFit,women fit,5,59,247,2,2.29
workout-cible,WorkoutWomenLazyFit,betterman app,5,,248,4,1.49
workout-cible,WorkoutWomenLazyFit,home work out,5,51,247,5,1.34
workout-cible,WorkoutWomenLazyFit,workout from home,5,58,246,2,2.29
workout-cible,WorkoutWomenLazyFit,sworkit fitness workout app,5,43,244,40,0.69
workout-cible,WorkoutWomenLazyFit,activity original,5,,236,115,0.55
workout-cible,WorkoutWomenLazyFit,workout app for women,5,59,248,1,5.00
workout-cible,WorkoutWomenLazyFit,workout butt,5,44,242,54,0.64
workout-cible,WorkoutWomenLazyFit,fitbid,5,,223,119,0.55
workout-cible,WorkoutWomenLazyFit,plant fitness,5,77,249,239,0.48
workout-cible,WorkoutWomenLazyFit,30 day butt,5,50,188,184,0.51
workout-cible,WorkoutWomenLazyFit,flexibilidad,5,,230,109,0.56
workout-cible,WorkoutWomenLazyFit,workout for weight loss,5,59,240,85,0.58
workout-cible,WorkoutWomenLazyFit,track my meals,5,57,235,90,0.58
workout-cible,WorkoutWomenLazyFit,women workouts,5,55,242,13,0.93
workout-cible,WorkoutWomenLazyFit,zova,5,54,147,145,0.53
workout-cible,WorkoutWomenLazyFit,pilates for weight loss,5,,244,26,0.76
workout-cible,WorkoutWomenLazyFit,lader,5,78,248,6,1.24
workout-cible,WorkoutWomenLazyFit,glute workouts for women,5,47,247,3,1.74
workout-cible,WorkoutWomenLazyFit,better woman,5,25,144,1,5.00
workout-cible,WorkoutWomenLazyFit,weight loss app for women,5,64,248,5,1.34
workout-cible,WorkoutWomenLazyFit,gym at home,5,55,248,3,1.74
workout-cible,WorkoutWomenLazyFit,women workout at home,5,54,246,1,5.00
workout-cible,WorkoutWomenLazyFit,my girl,5,57,221,119,0.55
workout-cible,WorkoutWomenLazyFit,workout pal,5,66,247,5,1.34
workout-cible,WorkoutWomenLazyFit,workout videos,5,54,246,2,2.29
workout-cible,WorkoutWomenLazyFit,ness,5,,228,154,0.52
workout-cible,WorkoutWomenLazyFit,30 day workout free,5,56,247,2,2.29
workout-cible,WorkoutWomenLazyFit,women workout app,5,55,247,1,5.00
workout-cible,WorkoutWomenLazyFit,fit on,5,57,248,4,1.49
workout-cible,WorkoutWomenLazyFit,my post app,5,,205,63,0.62
workout-cible,WorkoutWomenLazyFit,"ab workout",5,42,224,82,0.59
workout-cible,WorkoutWomenLazyFit,hear me out,5,,242,41,0.68
workout-cible,WorkoutWomenLazyFit,Workout Offline,5,57,249,9,1.06
workout-cible,WorkoutWomenLazyFit,workout no weight,5,40,246,212,0.49
workout-cible,WorkoutWomenLazyFit,exercises for woman,5,56,249,2,2.29
workout-cible,WorkoutWomenLazyFit,line風,5,64,200,142,0.53
workout-cible,WorkoutWomenLazyFit,pilates challenge,5,68,250,20,0.82
workout-cible,WorkoutWomenLazyFit,superhero workout,5,52,246,9,1.06
workout-cible,WorkoutWomenLazyFit,entrenamiento diario,5,42,246,163,0.52
workout-cible,WorkoutWomenLazyFit,flattummy,5,40,134,78,0.59
workout-cible,WorkoutWomenLazyFit,esconder,5,74,227,201,0.50
workout-cible,WorkoutWomenLazyFit,everyday workout,5,64,245,1,5.00
workout-cible,WorkoutWomenLazyFit,work out women,5,,244,1,5.00
workout-cible,WorkoutWomenLazyFit,calesthenics,5,63,250,16,0.87
workout-cible,WorkoutWomenLazyFit,chalistenics,5,,250,14,0.91
workout-cible,WorkoutWomenLazyFit,pregnant workout,5,,224,30,0.74
workout-cible,WorkoutWomenLazyFit,pregnancy workouts free,5,,249,138,0.53
workout-cible,WorkoutWomenLazyFit,post partum workout,5,46,247,2,2.29
workout-cible,WorkoutWomenLazyFit,mom workout,5,54,247,5,1.34
workout-cible,WorkoutWomenLazyFit,postpartum workout,5,57,249,1,5.00
workout-cible,WorkoutWomenLazyFit,fintess,5,89,248,7,1.16
workout-cible,WorkoutWomenLazyFit,yoga for woman,5,49,247,2,2.29
workout-cible,WorkoutWomenLazyFit,yoga for women,5,52,247,2,2.29
workout-cible,WorkoutWomenLazyFit,fitness woman,5,68,245,1,5.00
workout-cible,WorkoutWomenLazyFit,bilder und,5,56,243,93,0.57
workout-cible,WorkoutWomenLazyFit,workout for girls,5,33,247,3,1.74
workout-cible,WorkoutWomenLazyFit,women training,5,40,242,76,0.60
workout-cible,WorkoutWomenLazyFit,for woman,5,30,228,138,0.53
workout-cible,WorkoutWomenLazyFit,sculpt and tone,5,,140,136,0.53
workout-cible,WorkoutWomenLazyFit,female fit,5,56,242,192,0.50
workout-cible,WorkoutWomenLazyFit,girl workout,5,57,245,1,5.00
workout-cible,WorkoutWomenLazyFit,best workout,5,88,244,2,2.29
workout-cible,WorkoutWomenLazyFit,workout beginner,5,83,249,1,5.00
workout-cible,WorkoutWomenLazyFit,beginner workouts,5,66,246,1,5.00
workout-cible,WorkoutWomenLazyFit,summer body,5,48,167,159,0.52
workout-cible,WorkoutWomenLazyFit,home fitness for weight loss,5,59,244,220,0.49
workout-cible,WorkoutWomenLazyFit,runiac,5,78,13,8,1.10
workout-cible,WorkoutWomenLazyFit,at home workouts free,5,59,247,2,2.29
workout-cible,WorkoutWomenLazyFit,fiton workouts fitness plans,5,60,246,72,0.60
workout-cible,WorkoutWomenLazyFit,lose wight,5,,249,11,0.98
workout-cible,WorkoutWomenLazyFit,workout fitness app,5,62,247,15,0.89
workout-cible,WorkoutWomenLazyFit,in home workout,5,54,248,1,5.00
workout-cible,WorkoutWomenLazyFit,workout (gym,5,40,246,216,0.49
workout-cible,WorkoutWomenLazyFit,(gym workouts,5,40,244,204,0.50
workout-cible,WorkoutWomenLazyFit,best butt,5,43,81,71,0.61
workout-cible,WorkoutWomenLazyFit,workouts best,5,86,235,138,0.53
workout-cible,WorkoutWomenLazyFit,butt workouts,5,47,237,48,0.66
workout-cible,WorkoutWomenLazyFit,walkfit walking,5,84,57,37,0.70
workout-cible,WorkoutWomenLazyFit,buttocks,5,54,154,152,0.52
workout-cible,WorkoutWomenLazyFit,fitbod workout,5,75,249,19,0.83
workout-cible,WorkoutWomenLazyFit,better lose,5,65,83,61,0.63
workout-cible,WorkoutWomenLazyFit,sit-up,5,53,211,107,0.56
workout-cible,WorkoutWomenLazyFit,home gym workout,5,72,248,8,1.10
workout-cible,WorkoutWomenLazyFit,yoga hjemme,5,43,10,7,1.16
workout-cible,WorkoutWomenLazyFit,stretch club,5,,230,52,0.65
workout-cible,WorkoutWomenLazyFit,workput,5,73,247,2,2.29
workout-cible,WorkoutWomenLazyFit,womens health coach,5,40,246,130,0.54
workout-cible,WorkoutWomenLazyFit,workout planer,5,73,248,2,2.29
workout-cible,WorkoutWomenLazyFit,gesund abnehmen,5,63,247,118,0.55
workout-cible,WorkoutWomenLazyFit,30 minute workout,5,,248,15,0.89
workout-cible,WorkoutWomenLazyFit,pilates class,5,77,240,59,0.63
workout-cible,WorkoutWomenLazyFit,dance fit,5,,229,13,0.93
workout-cible,WorkoutWomenLazyFit,at-home workouts,5,60,247,2,2.29
workout-cible,WorkoutWomenLazyFit,fitcoach app,5,54,247,17,0.86
workout-cible,WorkoutWomenLazyFit,thuis,5,86,205,66,0.62
workout-cible,WorkoutWomenLazyFit,afvallen,5,40,241,16,0.87
workout-cible,WorkoutWomenLazyFit,dieet,5,81,248,219,0.49
workout-cible,WorkoutWomenLazyFit,شمارش گر ذکر,5,87,275,57,0.63
workout-cible,WorkoutWomenLazyFit,home workout app no equipment,5,55,246,4,1.49
workout-cible,WorkoutWomenLazyFit,excersice,5,64,248,8,1.10
workout-cible,WorkoutWomenLazyFit,excersise,5,67,250,4,1.49
workout-cible,WorkoutWomenLazyFit,exersize,5,61,248,14,0.91
workout-cible,WorkoutWomenLazyFit,exersice,5,58,250,6,1.24
workout-cible,WorkoutWomenLazyFit,Women’s Fitness,5,66,247,1,5.00
workout-cible,WorkoutWomenLazyFit,wokrout,5,,221,3,1.74
workout-cible,WorkoutWomenLazyFit,homegym,5,53,249,9,1.06
workout-cible,WorkoutWomenLazyFit,sport at home,5,54,249,32,0.73
workout-cible,WorkoutWomenLazyFit,by daylight,5,74,225,51,0.65
workout-cible,WorkoutWomenLazyFit,online motivation app,5,62,221,18,0.84
workout-cible,WorkoutWomenLazyFit,lose wieght,5,64,250,9,1.06
workout-cible,WorkoutWomenLazyFit,home workout - no equipment,5,59,246,3,1.74
workout-cible,WorkoutWomenLazyFit,gym workout planen,5,42,243,151,0.52
workout-cible,WorkoutWomenLazyFit,ออกกำลังกาย,5,74,44,23,0.79
workout-cible,WorkoutWomenLazyFit,رياضة,5,63,239,23,0.79
workout-cible,WorkoutWomenLazyFit,lite fast,5,,243,208,0.50
workout-cible,WorkoutWomenLazyFit,kettlebel,5,53,176,62,0.62
workout-cible,WorkoutWomenLazyFit,loss health,5,72,237,202,0.50
workout-cible,WorkoutWomenLazyFit,justfit,5,76,249,3,1.74
workout-cible,WorkoutWomenLazyFit,fittess,5,84,246,7,1.16
workout-cible,WorkoutWomenLazyFit,20 minute boxing workout,5,36,13,9,1.06
workout-cible,WorkoutWomenLazyFit,post made,5,72,98,80,0.59
workout-cible,WorkoutWomenLazyFit,8bit by number,5,46,69,37,0.70
workout-cible,WorkoutWomenLazyFit,abnehmprogramm,5,43,250,72,0.60
workout-cible,WorkoutWomenLazyFit,plan de perte de poids,5,64,209,3,1.74
workout-cible,WorkoutWomenLazyFit,ifit proform,5,59,109,96,0.57
workout-cible,WorkoutWomenLazyFit,træningsprogram,5,37,154,15,0.89
workout-cible,WorkoutWomenLazyFit,asana for beginners,5,40,243,226,0.49
workout-cible,WorkoutWomenLazyFit,trænings app,5,53,244,102,0.56
workout-cible,WorkoutWomenLazyFit,trænings apps,5,40,234,131,0.54
workout-cible,WorkoutWomenLazyFit,exercicio,5,53,248,8,1.10
workout-cible,WorkoutWomenLazyFit,Ron's Gone Wrong,5,38,207,4,1.49
workout-cible,WorkoutWomenLazyFit,træning app,5,54,239,14,0.91
workout-cible,WorkoutWomenLazyFit,ćwiczenia,5,47,83,25,0.77
workout-cible,WorkoutWomenLazyFit,gymatic,5,47,226,21,0.81
workout-cible,WorkoutWomenLazyFit,attrezzi palestra,5,62,215,82,0.59
workout-cible,WorkoutWomenLazyFit,פילאטיס,5,25,250,220,0.49
workout-cible,WorkoutWomenLazyFit,enhance fitness,5,,238,7,1.16
workout-cible,WorkoutWomenLazyFit,workout for,5,80,245,3,1.74
workout-cible,WorkoutWomenLazyFit,fit woman,5,48,241,221,0.49
workout-cible,WorkoutWomenLazyFit,strenght training,5,68,248,10,1.02
workout-cible,WorkoutWomenLazyFit,glute workout,5,51,247,56,0.64
workout-cible,WorkoutWomenLazyFit,weight loss women,5,74,245,2,2.29
workout-cible,WorkoutWomenLazyFit,flat stomach exercise,5,35,50,29,0.74
workout-cible,WorkoutWomenLazyFit,BEGINNER exercise,5,59,245,2,2.29
workout-cible,WorkoutWomenLazyFit,workout ap,5,72,248,229,0.49
workout-cible,WorkoutWomenLazyFit,female workouts,5,50,247,2,2.29
workout-cible,WorkoutWomenLazyFit,postpartum exercise,5,33,236,66,0.62
workout-cible,WorkoutWomenLazyFit,wheight loss,5,,248,51,0.65
workout-cible,WorkoutWomenLazyFit,pilates workout for women,5,40,249,152,0.52
workout-cible,WorkoutWomenLazyFit,exercise women,5,51,247,2,2.29
workout-cible,WorkoutWomenLazyFit,diastasis recti,5,51,35,7,1.16
workout-cible,WorkoutWomenLazyFit,beginner_workout_at_home,5,40,246,100,0.57
workout-cible,WorkoutWomenLazyFit,women trainig,5,45,240,45,0.67
workout-cible,WorkoutWomenLazyFit,annehmen,5,49,240,34,0.71
workout-cible,WorkoutWomenLazyFit,rebel girls,5,57,175,165,0.52
workout-cible,WorkoutWomenLazyFit,workouts for mothers,5,31,226,6,1.24
workout-cible,WorkoutWomenLazyFit,aday,5,,239,216,0.49
workout-cible,WorkoutWomenLazyFit,personalized workouts,5,61,244,3,1.74
workout-cible,WorkoutWomenLazyFit,dancebit weight,5,40,230,14,0.91
workout-cible,WorkoutWomenLazyFit,Track Daily Fast,5,55,79,38,0.70
workout-cible,WorkoutWomenLazyFit,trening apps,5,54,249,176,0.51
workout-cible,WorkoutWomenLazyFit,zingai,5,53,126,13,0.93
workout-cible,WorkoutWomenLazyFit,excersize,5,62,249,6,1.24
workout-cible,WorkoutWomenLazyFit,woman coach,5,59,245,224,0.49
workout-cible,WorkoutWomenLazyFit,#woman,5,82,243,2,2.29
workout-cible,WorkoutWomenLazyFit,woman stress,5,68,202,12,0.96
workout-cible,WorkoutWomenLazyFit,walk-ons,5,72,165,147,0.53
workout-cible,WorkoutWomenLazyFit,tone body,5,56,247,5,1.34
workout-cible,WorkoutWomenLazyFit,strong leg,5,,23,19,0.83
workout-cible,WorkoutWomenLazyFit,træning apps,5,40,235,147,0.53
workout-cible,WorkoutWomenLazyFit,unimeal,5,49,118,71,0.61
workout-cible,WorkoutWomenLazyFit,work better,5,,204,56,0.64
workout-cible,WorkoutWomenLazyFit,growwithjo,5,67,250,8,1.10
workout-cible,WorkoutWomenLazyFit,28 day workout,5,53,248,6,1.24
workout-cible,WorkoutWomenLazyFit,wanita,5,45,27,17,0.86
workout-cible,WorkoutWomenLazyFit,me°-,5,95,244,106,0.56
workout-cible,WorkoutWomenLazyFit,female exercises,5,,215,18,0.84
workout-cible,WorkoutWomenLazyFit,training programs,5,74,227,67,0.61
workout-cible,WorkoutWomenLazyFit,loss plan,5,78,213,158,0.52
workout-cible,WorkoutWomenLazyFit,madmuscles,5,64,88,88,0.58
workout-cible,WorkoutWomenLazyFit,wight loss,5,82,248,38,0.70
workout-cible,WorkoutWomenLazyFit,grow with jo,5,53,74,6,1.24
workout-cible,WorkoutWomenLazyFit,hourglass workout,5,49,247,5,1.34
workout-cible,WorkoutWomenLazyFit,women loss,5,57,243,75,0.60
workout-cible,WorkoutWomenLazyFit,female fitness-shape,5,5,212,15,0.89
workout-cible,WorkoutWomenLazyFit,bodyfat,5,44,244,13,0.93
workout-cible,WorkoutWomenLazyFit,cultfit,5,,237,5,1.34
workout-cible,WorkoutWomenLazyFit,gym weight calculator,5,61,223,40,0.69
workout-cible,WorkoutWomenLazyFit,gym routine for woman,5,48,245,3,1.74
workout-cible,WorkoutWomenLazyFit,strength trainig,5,68,247,10,1.02
workout-cible,WorkoutWomenLazyFit,free strength training,5,75,248,5,1.34
workout-cible,WorkoutWomenLazyFit,weight lifting woman,5,83,244,13,0.93
workout-cible,WorkoutWomenLazyFit,at home exercise,5,60,248,159,0.52
workout-cible,WorkoutWomenLazyFit,home workout for,5,62,244,79,0.59
workout-cible,WorkoutWomenLazyFit,home workout fitness planner,5,42,245,170,0.51
workout-cible,WorkoutWomenLazyFit,fitness spor,5,43,211,36,0.70
workout-cible,WorkoutWomenLazyFit,post partum core,5,30,218,200,0.50
workout-cible,WorkoutWomenLazyFit,workout best,5,40,236,148,0.53
workout-cible,WorkoutWomenLazyFit,zuhause trainingsplan,5,55,10,8,1.10
workout-cible,WorkoutWomenLazyFit,girl fitness,5,60,247,3,1.74
workout-cible,WorkoutWomenLazyFit,workout app fitness online,5,73,241,74,0.60
workout-cible,WorkoutWomenLazyFit,g fit,5,52,236,233,0.49
workout-cible,WorkoutWomenLazyFit,fitness for womn,5,69,245,35,0.71
workout-cible,WorkoutWomenLazyFit,at home workouts for women,5,74,247,1,5.00
workout-cible,WorkoutWomenLazyFit,toneitup,5,57,166,44,0.67
workout-cible,WorkoutWomenLazyFit,workout  women,5,53,243,1,5.00
workout-cible,WorkoutWomenLazyFit,easy workouts,5,62,247,5,1.34
workout-cible,WorkoutWomenLazyFit,quick workouts,5,56,246,3,1.74
workout-cible,WorkoutWomenLazyFit,workout zu hause trainingsplan,5,47,247,146,0.53
workout-cible,WorkoutWomenLazyFit,postpartum workouts,5,61,223,1,5.00
workout-cible,WorkoutWomenLazyFit,postpartum workout at home,5,24,20,3,1.74
workout-cible,WorkoutWomenLazyFit,workout at home free,5,55,248,2,2.29
workout-cible,WorkoutWomenLazyFit,7 minute workouts,5,52,206,175,0.51
workout-cible,WorkoutWomenLazyFit,calishtenics,5,64,250,15,0.89
workout-cible,WorkoutWomenLazyFit,weight-los,5,27,241,51,0.65
workout-cible,WorkoutWomenLazyFit,plan a walk,5,,206,102,0.56
workout-cible,WorkoutWomenLazyFit,strength tracking,5,68,248,10,1.02
workout-cible,WorkoutWomenLazyFit,lazy fit,5,68,198,15,0.89
workout-cible,WorkoutWomenLazyFit,ladder strength,5,69,82,73,0.60
workout-cible,WorkoutWomenLazyFit,fitness team,5,,207,12,0.96
workout-cible,WorkoutWomenLazyFit,แพลนเนอร์,5,59,249,248,0.48
workout-cible,WorkoutWomenLazyFit,Just For A Minute,5,83,89,57,0.63
workout-cible,WorkoutWomenLazyFit,work stretch,5,39,250,238,0.48
workout-cible,WorkoutWomenLazyFit,wall pilates,5,85,250,12,0.96
workout-cible,WorkoutWomenLazyFit,woan,5,53,228,2,2.29
workout-cible,WorkoutWomenLazyFit,strengths training,5,68,248,9,1.06
workout-cible,WorkoutWomenLazyFit,women only app,5,85,246,159,0.52
workout-cible,WorkoutWomenLazyFit,join form,5,,167,32,0.73
workout-cible,WorkoutWomenLazyFit,برامج تمارين رياضية,5,48,244,124,0.54
workout-cible,WorkoutWomenLazyFit,رياضة منزلية,5,55,249,2,2.29
workout-cible,WorkoutWomenLazyFit,track my bet,5,88,25,4,1.49
workout-cible,WorkoutWomenLazyFit,secret in-n-out,5,85,241,200,0.50
workout-cible,WorkoutWomenLazyFit,at home workouts  fitness workouts,5,53,243,82,0.59
workout-cible,WorkoutWomenLazyFit,workouts at home,5,54,247,3,1.74
workout-cible,WorkoutWomenLazyFit,workouts for home,5,53,248,3,1.74
workout-cible,WorkoutWomenLazyFit,entrenamientos planes,5,52,241,158,0.52
workout-cible,WorkoutWomenLazyFit,asen,5,58,223,140,0.53
workout-cible,WorkoutWomenLazyFit,runn calculator,5,38,216,119,0.55
workout-cible,WorkoutWomenLazyFit,Low impact exercises,5,56,249,11,0.98
workout-cible,WorkoutWomenLazyFit,move more,5,51,208,135,0.54
workout-cible,WorkoutWomenLazyFit,women weight loss,5,68,246,3,1.74
workout-cible,WorkoutWomenLazyFit,pilates house,5,,247,72,0.60
workout-cible,WorkoutWomenLazyFit,yoga women,5,51,248,2,2.29
workout-cible,WorkoutWomenLazyFit,28 day,5,58,245,4,1.49
workout-cible,WorkoutWomenLazyFit,gym apps,5,83,248,12,0.96
workout-cible,WorkoutWomenLazyFit,loss dance,5,41,120,61,0.63
workout-cible,WorkoutWomenLazyFit,womens body,5,55,222,11,0.98
workout-cible,WorkoutWomenLazyFit,caliber strength training,5,68,248,8,1.10
workout-cible,WorkoutWomenLazyFit,dance workouts for weight loss,5,52,56,9,1.06
workout-cible,WorkoutWomenLazyFit,dexa,5,47,61,59,0.63
workout-cible,WorkoutWomenLazyFit,la fitness gym,5,50,226,6,1.24
workout-cible,WorkoutWomenLazyFit,muscle booster plan,5,48,45,39,0.69
workout-cible,WorkoutWomenLazyFit,lazy workouts for women,5,,243,55,0.64
workout-cible,WorkoutWomenLazyFit,workout for mothers,5,41,225,40,0.69
workout-cible,WorkoutWomenLazyFit,post partum training,5,51,34,2,2.29
workout-cible,WorkoutWomenLazyFit,et de,5,81,247,180,0.51
workout-cible,WorkoutWomenLazyFit,رياضه,5,63,245,18,0.84
workout-cible,WorkoutWomenLazyFit,فقدان الوزن,5,38,245,7,1.16
workout-cible,WorkoutWomenLazyFit,luvly app,5,19,207,9,1.06
workout-cible,WorkoutWomenLazyFit,work out routines,5,65,248,2,2.29
workout-cible,WorkoutWomenLazyFit,gym workou tapp,5,48,248,23,0.79
workout-cible,WorkoutWomenLazyFit,routines for women,5,44,245,26,0.76
workout-cible,WorkoutWomenLazyFit,routine for women,5,45,245,56,0.64
workout-cible,WorkoutWomenLazyFit,beginner gym workout,5,43,246,96,0.57
workout-cible,WorkoutWomenLazyFit,beginner fitness,5,59,246,2,2.29
workout-cible,WorkoutWomenLazyFit,glute workouts,5,49,247,29,0.74
workout-cible,WorkoutWomenLazyFit,ass workout,5,40,237,202,0.50
workout-cible,WorkoutWomenLazyFit,better me wall pilates,5,74,219,17,0.86
workout-cible,WorkoutWomenLazyFit,tummy time,5,,208,116,0.55
workout-cible,WorkoutWomenLazyFit,gym for women,5,51,248,2,2.29
workout-cible,WorkoutWomenLazyFit,hyperbolic stretching,5,46,243,6,1.24
workout-cible,WorkoutWomenLazyFit,the fasting app for women,5,40,248,231,0.49
workout-cible,WorkoutWomenLazyFit,28 days excercise challenge,5,54,249,13,0.93
workout-cible,WorkoutWomenLazyFit,body recomp,5,74,167,141,0.53
workout-cible,WorkoutWomenLazyFit,gym manager,5,64,233,77,0.60
workout-cible,WorkoutWomenLazyFit,gym a[[,5,47,245,214,0.49
workout-cible,WorkoutWomenLazyFit,gy workout for men,5,56,243,16,0.87
workout-cible,WorkoutWomenLazyFit,daily workout plan,5,60,248,5,1.34
workout-cible,WorkoutWomenLazyFit,workouta,5,54,241,1,5.00
workout-cible,WorkoutWomenLazyFit,nike t,5,79,219,121,0.55
workout-cible,WorkoutWomenLazyFit,Desired weight,5,30,232,70,0.61
workout-cible,WorkoutWomenLazyFit,line voom,5,,239,235,0.49
workout-cible,WorkoutWomenLazyFit,caoch,5,89,249,183,0.51
workout-cible,WorkoutWomenLazyFit,wall workouts,5,55,250,8,1.10
workout-cible,WorkoutWomenLazyFit,daily pilates workout,5,30,195,41,0.68
workout-cible,WorkoutWomenLazyFit,home pilates,5,49,248,13,0.93
workout-cible,WorkoutWomenLazyFit,teens workout,5,76,244,24,0.78
workout-cible,WorkoutWomenLazyFit,female exercise,5,42,215,23,0.79
workout-cible,WorkoutWomenLazyFit,pilates pared gratis,5,41,217,10,1.02
workout-cible,WorkoutWomenLazyFit,Functional Fitness,5,55,248,11,0.98
workout-cible,WorkoutWomenLazyFit,dancefitme:fun workouts,5,57,248,188,0.50
workout-cible,WorkoutWomenLazyFit,Focus Fit,5,54,64,51,0.65
workout-cible,WorkoutWomenLazyFit,lazy health,5,87,246,24,0.78
workout-cible,WorkoutWomenLazyFit,laziness,5,65,229,176,0.51
workout-cible,WorkoutWomenLazyFit,فستان,5,,234,171,0.51
workout-cible,WorkoutWomenLazyFit,belly girl,5,37,66,51,0.65
workout-cible,WorkoutWomenLazyFit,glutes workout,5,52,247,4,1.49
workout-cible,WorkoutWomenLazyFit,girls fitness,5,52,248,4,1.49
workout-cible,WorkoutWomenLazyFit,calisthanics,5,65,249,15,0.89
workout-cible,WorkoutWomenLazyFit,home zumba,5,16,245,50,0.65
workout-cible,WorkoutWomenLazyFit,women home workout,5,59,245,1,5.00
workout-cible,WorkoutWomenLazyFit,wall workout,5,49,250,9,1.06
workout-cible,WorkoutWomenLazyFit,stretch training,5,74,248,9,1.06
workout-cible,WorkoutWomenLazyFit,gloyoga,5,45,116,108,0.56
workout-cible,WorkoutWomenLazyFit,stretch better,5,44,243,210,0.50
workout-cible,WorkoutWomenLazyFit,zing ai home gym workouts,5,42,247,163,0.52
workout-cible,WorkoutWomenLazyFit,thinning,5,49,179,131,0.54
workout-cible,WorkoutWomenLazyFit,free wall pilates,5,50,249,12,0.96
workout-cible,WorkoutWomenLazyFit,fotbet,5,63,248,217,0.49
workout-cible,WorkoutWomenLazyFit,dancefitme fun workouts,5,,222,9,1.06
workout-cible,WorkoutWomenLazyFit,lazyfit lazy,5,68,24,5,1.34
workout-cible,WorkoutWomenLazyFit,fasting lose,5,40,244,123,0.54
workout-cible,WorkoutWomenLazyFit,home & gym workout,5,50,242,4,1.49
workout-cible,WorkoutWomenLazyFit,Home & Gym Training,5,48,245,144,0.53
workout-cible,WorkoutWomenLazyFit,ejercisios en casa,5,,248,9,1.06
workout-cible,WorkoutWomenLazyFit,skiny,5,,171,120,0.55
workout-cible,WorkoutWomenLazyFit,متابعه الحمل يوم بيوم,5,75,270,57,0.63
workout-cible,WorkoutWomenLazyFit,برنامج متابعه الحمل يوم بيو��,5,77,270,73,0.60
workout-cible,WorkoutWomenLazyFit,madfits,5,56,250,6,1.24
workout-cible,WorkoutWomenLazyFit,fitness routines,5,90,244,1,5.00
workout-cible,WorkoutWomenLazyFit,workout plan\,5,40,233,174,0.51
workout-cible,WorkoutWomenLazyFit,muscle stretch,5,55,81,35,0.71
workout-cible,WorkoutWomenLazyFit,fitnesa,5,83,236,8,1.10
workout-cible,WorkoutWomenLazyFit,daisy keech,5,91,245,1,5.00
workout-cible,WorkoutWomenLazyFit,* 		glutes,5,40,237,83,0.59
workout-cible,WorkoutWomenLazyFit,fitbod for sexy behind,5,41,232,11,0.98
workout-cible,WorkoutWomenLazyFit,daily workout free,5,55,247,3,1.74
workout-cible,WorkoutWomenLazyFit,free beginner workout,5,,241,1,5.00
workout-cible,WorkoutWomenLazyFit,women weight loss diet,5,44,225,30,0.74
workout-cible,WorkoutWomenLazyFit,calisthetics,5,65,250,15,0.89
workout-cible,WorkoutWomenLazyFit,program builder,5,37,206,15,0.89
workout-cible,WorkoutWomenLazyFit,First for Women,5,56,213,9,1.06
workout-cible,WorkoutWomenLazyFit,Womans Day,5,67,116,61,0.63
workout-cible,WorkoutWomenLazyFit,Woman & Home,5,76,246,14,0.91
workout-cible,WorkoutWomenLazyFit,Working Woman,5,44,234,153,0.52
workout-cible,WorkoutWomenLazyFit,online diet tracker,5,64,25,10,1.02
workout-cible,WorkoutWomenLazyFit,my workout,5,73,247,9,1.06
workout-cible,WorkoutWomenLazyFit,EasyFit: Workout for Women,5,48,241,7,1.16
workout-cible,WorkoutWomenLazyFit,facilities,5,,227,224,0.49
workout-cible,WorkoutWomenLazyFit,coach fitcoach,5,35,30,27,0.76
workout-cible,WorkoutWomenLazyFit,sixpackin30days,5,53,198,195,0.50
workout-cible,WorkoutWomenLazyFit,justfit!,5,56,241,30,0.74
workout-cible,WorkoutWomenLazyFit,Lazy Master,5,62,240,166,0.52
workout-cible,WorkoutWomenLazyFit,tomboy,5,93,246,35,0.71
workout-cible,WorkoutWomenLazyFit,mindboadey,5,42,128,64,0.62
workout-cible,WorkoutWomenLazyFit,mindebodey,5,42,125,63,0.62
workout-cible,WorkoutWomenLazyFit,mondbody,5,49,248,129,0.54
workout-cible,WorkoutWomenLazyFit,wall pillates,5,72,250,84,0.59
workout-cible,WorkoutWomenLazyFit,pilates at home for beginners,5,70,217,6,1.24
workout-cible,WorkoutWomenLazyFit,weight loos,5,96,249,26,0.76
workout-cible,WorkoutWomenLazyFit,Beginner Workouts For Women,5,46,243,2,2.29
workout-cible,WorkoutWomenLazyFit,Gym workout planner for women,5,72,248,2,2.29
workout-cible,WorkoutWomenLazyFit,womens workouts,5,55,246,1,5.00
workout-cible,WorkoutWomenLazyFit,wall pilate,5,82,169,36,0.70
workout-cible,WorkoutWomenLazyFit,wall pillate,5,59,249,9,1.06
workout-cible,WorkoutWomenLazyFit,home wokrout,5,55,247,5,1.34
workout-cible,WorkoutWomenLazyFit,No-gym workout,5,40,246,64,0.62
workout-cible,WorkoutWomenLazyFit,home workout no equiment,5,55,245,6,1.24
workout-cible,WorkoutWomenLazyFit,10min workout,5,53,247,4,1.49
workout-cible,WorkoutWomenLazyFit,fitnes me,5,55,234,33,0.72
workout-cible,WorkoutWomenLazyFit,freeworkout,5,62,247,2,2.29
workout-cible,WorkoutWomenLazyFit,bootyworkout,5,49,246,3,1.74
workout-cible,WorkoutWomenLazyFit,buttworkout,5,49,235,62,0.62
workout-cible,WorkoutWomenLazyFit,30 day butt & leg challenge,5,40,236,88,0.58
workout-cible,WorkoutWomenLazyFit,yoga-go wall pilates,5,52,219,56,0.64
workout-cible,WorkoutWomenLazyFit,28 day challenge free,5,48,250,6,1.24
workout-cible,WorkoutWomenLazyFit,yoga woman,5,53,248,2,2.29
workout-cible,WorkoutWomenLazyFit,gyms workout,5,70,247,6,1.24
workout-cible,WorkoutWomenLazyFit,wall pilates workout,5,67,243,9,1.06
workout-cible,WorkoutWomenLazyFit,28 Days Wall Pilates Challenge,5,65,237,61,0.63
workout-cible,WorkoutWomenLazyFit,Home & Gym Training Programs,5,47,246,232,0.49
workout-cible,WorkoutWomenLazyFit,7-minute workout,5,53,211,193,0.50
workout-cible,WorkoutWomenLazyFit,workout++,5,66,243,2,2.29
workout-cible,WorkoutWomenLazyFit,seven min,5,48,220,154,0.52
workout-cible,WorkoutWomenLazyFit,7 m,5,95,244,5,1.34
workout-cible,WorkoutWomenLazyFit,workout video,5,79,248,2,2.29
workout-cible,WorkoutWomenLazyFit,Workout plannner,5,70,248,2,2.29
workout-cible,WorkoutWomenLazyFit,home workouy,5,54,247,5,1.34
workout-cible,WorkoutWomenLazyFit,mayfitnesspal,5,79,248,14,0.91
workout-cible,WorkoutWomenLazyFit,womens weight loss,5,75,246,9,1.06
workout-cible,WorkoutWomenLazyFit,gym lala exercise,5,50,247,162,0.52
workout-cible,WorkoutWomenLazyFit,lazy girl,5,46,50,4,1.49
workout-cible,WorkoutWomenLazyFit,fitness pal,5,70,243,208,0.50
workout-cible,WorkoutWomenLazyFit,glute exercise,5,42,250,14,0.91
workout-cible,WorkoutWomenLazyFit,face lifting,5,49,70,52,0.65
workout-cible,WorkoutWomenLazyFit,workout for every day,5,72,247,2,2.29
workout-cible,WorkoutWomenLazyFit,control  weight,5,56,216,209,0.50
workout-cible,WorkoutWomenLazyFit,at- home workouts,5,55,242,93,0.57
workout-cible,WorkoutWomenLazyFit,at - home workouts,5,55,242,93,0.57
workout-cible,WorkoutWomenLazyFit,at  home workouts,5,62,247,2,2.29
workout-cible,WorkoutWomenLazyFit,workout routine for women,5,,249,2,2.29
workout-cible,WorkoutWomenLazyFit,tea for women,5,88,200,8,1.10
workout-cible,WorkoutWomenLazyFit,Pilatess,5,56,250,11,0.98
workout-cible,WorkoutWomenLazyFit,app exercice,5,63,248,3,1.74
workout-cible,WorkoutWomenLazyFit,pilates exercices a la maison,5,44,210,81,0.59
workout-cible,WorkoutWomenLazyFit,planer workout,5,70,241,85,0.58
workout-cible,WorkoutWomenLazyFit,somashare,5,39,26,26,0.76
workout-cible,WorkoutWomenLazyFit,Gym & Home Workouts,5,51,245,31,0.73
workout-cible,WorkoutWomenLazyFit,30 day fitness at home,5,58,249,32,0.73
workout-cible,WorkoutWomenLazyFit,bulider,5,,225,102,0.56
workout-cible,WorkoutWomenLazyFit,embracing,5,79,183,165,0.52
workout-cible,WorkoutWomenLazyFit,clean girl,5,,240,138,0.53
workout-cible,WorkoutWomenLazyFit,smart girls,5,41,141,61,0.63
workout-cible,WorkoutWomenLazyFit,weight loss dance,5,51,71,39,0.69
workout-cible,WorkoutWomenLazyFit,home workout beginner,5,40,244,116,0.55
workout-cible,WorkoutWomenLazyFit,Harna app,5,27,7,2,2.29
workout-cible,WorkoutWomenLazyFit,Our Secrets,5,75,28,11,0.98
workout-cible,WorkoutWomenLazyFit,workout pkanner,5,71,247,2,2.29
workout-cible,WorkoutWomenLazyFit,weight loss workout at home,5,53,242,97,0.57
workout-cible,WorkoutWomenLazyFit,daybetter daybetter,5,60,189,100,0.57
workout-cible,WorkoutWomenLazyFit,no equipment exercise,5,72,230,230,0.49
workout-cible,WorkoutWomenLazyFit,full out,5,98,91,80,0.59
workout-cible,WorkoutWomenLazyFit,fitness video creator,5,93,214,34,0.71
workout-cible,WorkoutWomenLazyFit,WeightWatchers: Weight Health,5,74,215,47,0.66
workout-cible,WorkoutWomenLazyFit,barre workouts,5,37,184,6,1.24
workout-cible,WorkoutWomenLazyFit,grounds fitness app for women,5,42,244,196,0.50
workout-cible,WorkoutWomenLazyFit,5 minute pilates workout,5,,203,9,1.06
workout-cible,WorkoutWomenLazyFit,pillates,5,53,249,11,0.98
workout-cible,WorkoutWomenLazyFit,stretching easy,5,32,43,27,0.76
workout-cible,WorkoutWomenLazyFit,light lazy,5,52,25,4,1.49
workout-cible,WorkoutWomenLazyFit,glute exercises,5,40,250,54,0.64
workout-cible,WorkoutWomenLazyFit,somatic exercise,5,55,247,36,0.70
workout-cible,WorkoutWomenLazyFit,chloe ai,5,,7,7,1.16
workout-cible,WorkoutWomenLazyFit,fat loss extreme for her,5,51,47,4,1.49
workout-cible,WorkoutWomenLazyFit,activities at home,5,89,250,218,0.49
workout-cible,WorkoutWomenLazyFit,~,5,90,231,10,1.02
workout-cible,WorkoutWomenLazyFit,workout equipment,5,64,250,16,0.87
workout-cible,WorkoutWomenLazyFit,and fitness,5,62,233,233,0.49
workout-cible,WorkoutWomenLazyFit,and workout,5,51,236,100,0.57
workout-cible,WorkoutWomenLazyFit,fitness workout at home,5,44,242,241,0.48
workout-cible,WorkoutWomenLazyFit,fitness workout plans,5,70,247,8,1.10
workout-cible,WorkoutWomenLazyFit,fitness workouts at home,5,54,242,127,0.54
workout-cible,WorkoutWomenLazyFit,gym and home workouts,5,45,244,72,0.60
workout-cible,WorkoutWomenLazyFit,gym at home workout,5,59,248,9,1.06
workout-cible,WorkoutWomenLazyFit,home and,5,77,238,112,0.55
workout-cible,WorkoutWomenLazyFit,home and gym,5,49,241,41,0.68
workout-cible,WorkoutWomenLazyFit,home and gym training,5,46,244,110,0.56
workout-cible,WorkoutWomenLazyFit,plans weight,5,40,224,219,0.49
workout-cible,WorkoutWomenLazyFit,Workout and nutrition,5,87,246,168,0.51
workout-cible,WorkoutWomenLazyFit,weight-loss for women,5,40,236,53,0.64
workout-cible,WorkoutWomenLazyFit,weight-loss for wome,5,78,240,53,0.64
workout-cible,WorkoutWomenLazyFit,female strenght,5,49,246,86,0.58
workout-cible,WorkoutWomenLazyFit,my calendar planner,5,49,199,153,0.52
workout-cible,WorkoutWomenLazyFit,bending,5,92,211,172,0.51
workout-cible,WorkoutWomenLazyFit,light phon,5,44,221,175,0.51
workout-cible,WorkoutWomenLazyFit,workout home and,5,46,242,13,0.93
workout-cible,WorkoutWomenLazyFit,my strenghts,5,40,221,133,0.54
workout-cible,WorkoutWomenLazyFit,weigh loss,5,68,249,60,0.63
workout-cible,WorkoutWomenLazyFit,Gym & Home Workout,5,58,242,47,0.66
workout-cible,WorkoutWomenLazyFit,calistenics workout,5,62,248,6,1.24
workout-cible,WorkoutWomenLazyFit,daily vurn,5,40,199,198,0.50
workout-cible,WorkoutWomenLazyFit,loose weigh,5,64,250,9,1.06
workout-cible,WorkoutWomenLazyFit,calithenics,5,65,250,15,0.89
workout-cible,WorkoutWomenLazyFit,6$ pack,5,46,179,22,0.80
workout-cible,WorkoutWomenLazyFit,grow with  jo,5,52,75,5,1.34
workout-cible,WorkoutWomenLazyFit,growwithjoe,5,52,250,8,1.10
workout-cible,WorkoutWomenLazyFit,no equipment excersise,5,40,246,152,0.52
workout-cible,WorkoutWomenLazyFit,FitOn Workouts & Fitness Plans,5,63,248,3,1.74
workout-cible,WorkoutWomenLazyFit,Private fitness trainer,5,43,190,13,0.93
workout-cible,WorkoutWomenLazyFit,Workout AI: Gym & Home Planner,5,56,248,43,0.68
workout-cible,WorkoutWomenLazyFit,Men's Health Tracker,5,57,225,91,0.58
workout-cible,WorkoutWomenLazyFit,Lazy Focus,5,44,9,5,1.34
workout-cible,WorkoutWomenLazyFit,no subscriptions,5,64,238,65,0.62
workout-cible,WorkoutWomenLazyFit,woman fit,5,44,240,52,0.65
workout-cible,WorkoutWomenLazyFit,exercize,5,65,226,150,0.52
workout-cible,WorkoutWomenLazyFit,yoga go wall pilates free,5,70,203,43,0.68
workout-cible,WorkoutWomenLazyFit,Gym &,5,54,246,246,0.48
workout-cible,WorkoutWomenLazyFit,28 day chair yoga,5,,65,60,0.63
workout-cible,WorkoutWomenLazyFit,light lazy yoga,5,68,229,55,0.64
workout-cible,WorkoutWomenLazyFit,keto mojo gk,5,,231,219,0.49
workout-cible,WorkoutWomenLazyFit,lifetime free,5,,218,89,0.58
workout-cible,WorkoutWomenLazyFit,ibend,5,64,66,66,0.62
workout-cible,WorkoutWomenLazyFit,pilates at home free,5,45,250,7,1.16
workout-cible,WorkoutWomenLazyFit,fit & lean,5,69,222,19,0.83
workout-cible,WorkoutWomenLazyFit,better fit,5,62,232,222,0.49
workout-cible,WorkoutWomenLazyFit,FitFem,5,,230,27,0.76
workout-cible,WorkoutWomenLazyFit,just calories,5,72,23,12,0.96
workout-cible,WorkoutWomenLazyFit,wanita ai,5,57,2,1,5.00
workout-cible,WorkoutWomenLazyFit,betterspent,5,43,239,155,0.52
workout-cible,WorkoutWomenLazyFit,workouts & diet,5,57,229,20,0.82
workout-cible,WorkoutWomenLazyFit,beat laziness,5,31,2,2,2.29
workout-cible,WorkoutWomenLazyFit,JustFit: Lazy Workout & Fit,5,63,248,5,1.34
workout-cible,WorkoutWomenLazyFit,fitbods,5,67,248,3,1.74
workout-cible,WorkoutWomenLazyFit,30 day workout for women,5,55,246,2,2.29
workout-cible,WorkoutWomenLazyFit,7 mint workout,5,49,247,5,1.34
workout-cible,WorkoutWomenLazyFit,Calisthenics fat loss,5,25,10,4,1.49
workout-cible,WorkoutWomenLazyFit,keto training,5,38,41,16,0.87
workout-cible,WorkoutWomenLazyFit,Home fat loss,5,50,242,196,0.50
workout-cible,WorkoutWomenLazyFit,Fitness: Workout for Gym|Home,5,73,246,64,0.62
workout-cible,WorkoutWomenLazyFit,Workout for Women: Fit at Home,5,50,246,2,2.29
workout-cible,WorkoutWomenLazyFit,summerbody,5,20,238,70,0.61
workout-cible,WorkoutWomenLazyFit,workouts routine,5,65,247,2,2.29
workout-cible,WorkoutWomenLazyFit,pliates,5,56,250,10,1.02
workout-cible,WorkoutWomenLazyFit,run home,5,81,245,206,0.50
workout-cible,WorkoutWomenLazyFit,workouts exercises,5,,250,152,0.52
workout-cible,WorkoutWomenLazyFit,wall plates,5,72,250,12,0.96
workout-cible,WorkoutWomenLazyFit,wall pilates app free,5,50,236,35,0.71
workout-cible,WorkoutWomenLazyFit,better men app,5,59,247,166,0.52
workout-cible,WorkoutWomenLazyFit,wall pillates app free,5,52,246,210,0.50
workout-cible,WorkoutWomenLazyFit,dreambody,5,47,67,31,0.73
workout-cible,WorkoutWomenLazyFit,get toned,5,54,249,3,1.74
workout-cible,WorkoutWomenLazyFit,track just calories,5,61,8,6,1.24
workout-cible,WorkoutWomenLazyFit,No equipment Strength Training,5,65,23,10,1.02
workout-cible,WorkoutWomenLazyFit,women’s fitness app,5,73,244,10,1.02
workout-cible,WorkoutWomenLazyFit,women’s health app,5,94,248,11,0.98
workout-cible,WorkoutWomenLazyFit,female fitness coach,5,49,244,136,0.53
workout-cible,WorkoutWomenLazyFit,women’s workout routines,5,40,244,14,0.91
workout-cible,WorkoutWomenLazyFit,female fitness plan,5,44,241,128,0.54
workout-cible,WorkoutWomenLazyFit,women’s strength training,5,40,247,113,0.55
workout-cible,WorkoutWomenLazyFit,glutes workouts for women,5,45,241,30,0.74
workout-cible,WorkoutWomenLazyFit,easy workout women,5,53,244,61,0.63
workout-cible,WorkoutWomenLazyFit,weight loss\,5,,211,76,0.60
workout-cible,WorkoutWomenLazyFit,app builder for ios,5,25,234,61,0.63
workout-cible,WorkoutWomenLazyFit,betetr me,5,66,249,4,1.49
workout-cible,WorkoutWomenLazyFit,the women,5,60,245,3,1.74
workout-cible,WorkoutWomenLazyFit,quick fitness,5,45,245,51,0.65
workout-cible,WorkoutWomenLazyFit,stndrd bodybuilding,5,,215,32,0.73
workout-cible,WorkoutWomenLazyFit,fat fire,5,33,132,77,0.60
workout-cible,WorkoutWomenLazyFit,zuna,5,70,214,129,0.54
workout-cible,WorkoutWomenLazyFit,lose the very,5,71,238,164,0.52
workout-cible,WorkoutWomenLazyFit,workout & fitness,5,52,240,23,0.79
workout-cible,WorkoutWomenLazyFit,exericse,5,62,249,4,1.49
workout-cible,WorkoutWomenLazyFit,homework i̇,5,97,233,180,0.51
workout-cible,WorkoutWomenLazyFit,track 30 day,5,41,196,81,0.59
workout-cible,WorkoutWomenLazyFit,females,5,30,158,41,0.68
workout-cible,WorkoutWomenLazyFit,apps that help me work out,5,87,250,176,0.51
workout-cible,WorkoutWomenLazyFit,postpartum\,5,46,235,29,0.74
workout-cible,WorkoutWomenLazyFit,shefit,5,61,247,6,1.24
workout-cible,WorkoutWomenLazyFit,fintenss,5,82,248,7,1.16
workout-cible,WorkoutWomenLazyFit,fithness,5,82,246,7,1.16
workout-cible,WorkoutWomenLazyFit,strongrfastr,5,36,15,15,0.89
workout-cible,WorkoutWomenLazyFit,nocarbschallenge,5,40,16,4,1.49
workout-cible,WorkoutWomenLazyFit,luvly.app,5,47,206,5,1.34
workout-cible,WorkoutWomenLazyFit,home workout: no equipment,5,59,244,34,0.71
workout-cible,WorkoutWomenLazyFit,12 week plan,5,62,222,221,0.49
workout-cible,WorkoutWomenLazyFit,smart day,5,47,223,77,0.60
workout-cible,WorkoutWomenLazyFit,twelve week,5,76,39,24,0.78
workout-cible,WorkoutWomenLazyFit,weight liss,5,96,249,51,0.65
workout-cible,WorkoutWomenLazyFit,weight oiss,5,96,249,26,0.76
workout-cible,WorkoutWomenLazyFit,swyde,5,80,78,76,0.60
workout-cible,WorkoutWomenLazyFit,boty workout,5,41,246,8,1.10
workout-cible,WorkoutWomenLazyFit,home workout app for beginners,5,40,247,19,0.83
workout-cible,WorkoutWomenLazyFit,weight loss for woman,5,94,247,7,1.16
workout-cible,WorkoutWomenLazyFit,weightloss for woman,5,85,246,7,1.16
workout-cible,WorkoutWomenLazyFit,strenght flexibility workouts,5,73,18,12,0.96
workout-cible,WorkoutWomenLazyFit,workouts for,5,88,242,11,0.98
workout-cible,WorkoutWomenLazyFit,from builder,5,20,60,38,0.70
workout-cible,WorkoutWomenLazyFit,itfit,5,87,137,127,0.54
workout-cible,WorkoutWomenLazyFit,military fit,5,25,176,25,0.77
workout-cible,WorkoutWomenLazyFit,my wall,5,35,214,31,0.73
workout-cible,WorkoutWomenLazyFit,dietplan,5,52,227,166,0.52
workout-cible,WorkoutWomenLazyFit,women helath,5,88,243,10,1.02
workout-cible,WorkoutWomenLazyFit,wing girl,5,59,140,80,0.59
workout-cible,WorkoutWomenLazyFit,fition,5,43,106,102,0.56
workout-cible,WorkoutWomenLazyFit,diet and weight loss,5,73,225,135,0.54
workout-cible,WorkoutWomenLazyFit,period exercise,5,40,219,47,0.66
workout-cible,WorkoutWomenLazyFit,private ai tracker,5,57,194,147,0.53
workout-cible,WorkoutWomenLazyFit,weight diet,5,,224,139,0.53
workout-cible,WorkoutWomenLazyFit,activity at home,5,49,38,9,1.06
workout-cible,WorkoutWomenLazyFit,wome,5,84,248,1,5.00
workout-cible,WorkoutWomenLazyFit,calorie tracking for beginners,5,77,21,3,1.74
workout-cible,WorkoutWomenLazyFit,cvičení,5,17,57,14,0.91
workout-cible,WorkoutWomenLazyFit,bmi calculator women,5,,208,117,0.55
workout-cible,WorkoutWomenLazyFit,postpartum diet,5,47,229,68,0.61
workout-cible,WorkoutWomenLazyFit,boost helath,5,30,218,120,0.55
workout-cible,WorkoutWomenLazyFit,boost health,5,30,235,146,0.53
workout-cible,WorkoutWomenLazyFit,gym & fitness planner,5,81,248,15,0.89
workout-cible,WorkoutWomenLazyFit,home workout - no equipments,5,59,246,22,0.80
workout-cible,WorkoutWomenLazyFit,rosy - women’s health,5,,18,3,1.74
workout-cible,WorkoutWomenLazyFit,workoutx,5,63,248,3,1.74
workout-cible,WorkoutWomenLazyFit,exercises & meal plan,5,,211,20,0.82
workout-cible,WorkoutWomenLazyFit,ai for women,5,,225,3,1.74
workout-cible,WorkoutWomenLazyFit,me++,5,,247,63,0.62
workout-cible,WorkoutWomenLazyFit,me#,5,70,242,167,0.52
workout-cible,WorkoutWomenLazyFit,7 minut wrokout,5,40,200,147,0.53
workout-cible,WorkoutWomenLazyFit,fitness challenge app,5,56,248,13,0.93
workout-cible,WorkoutWomenLazyFit,exercice at home,5,56,248,6,1.24
workout-cible,WorkoutWomenLazyFit,run training plans,5,69,247,8,1.10
workout-cible,WorkoutWomenLazyFit,weight height,5,53,205,71,0.61
workout-cible,WorkoutWomenLazyFit,me+ lifestyle routine,5,79,227,100,0.57
workout-cible,WorkoutWomenLazyFit,post workout,5,91,246,94,0.57
workout-cible,WorkoutWomenLazyFit,nike fitness workout,5,91,240,119,0.55
workout-cible,WorkoutWomenLazyFit,my fitness pak,5,83,247,11,0.98
workout-cible,WorkoutWomenLazyFit,weightloss exercises,5,30,247,6,1.24
workout-cible,WorkoutWomenLazyFit,forfree,5,,246,206,0.50
workout-cible,WorkoutWomenLazyFit,fit routine,5,36,229,64,0.62
workout-cible,WorkoutWomenLazyFit,free exercises app,5,57,247,196,0.50
workout-cible,WorkoutWomenLazyFit,women exercises,5,51,244,1,5.00
workout-cible,WorkoutWomenLazyFit,sculpt workouts,5,,210,163,0.52
workout-cible,WorkoutWomenLazyFit,pilates at home apps,5,,242,14,0.91
workout-cible,WorkoutWomenLazyFit,chair workout for women,5,45,249,10,1.02
workout-cible,WorkoutWomenLazyFit,dancebi,5,,33,6,1.24
workout-cible,WorkoutWomenLazyFit,dancebiy,5,,33,6,1.24
workout-cible,WorkoutWomenLazyFit,it girl daily routine,5,,228,80,0.59
workout-cible,WorkoutWomenLazyFit,that girl routine planner,5,,16,7,1.16
workout-cible,WorkoutWomenLazyFit,lifetime calorie app,5,,10,7,1.16
workout-cible,WorkoutWomenLazyFit,lifetime calorie,5,,10,8,1.10
workout-cible,WorkoutWomenLazyFit,lifetime diet app,5,,13,4,1.49
workout-cible,WorkoutWomenLazyFit,lifetime calorie tracker,5,,9,7,1.16
workout-cible,WorkoutWomenLazyFit,calorie meal plans,5,,233,202,0.50
workout-cible,WorkoutWomenLazyFit,sunme,5,,243,87,0.58
workout-cible,WorkoutWomenLazyFit,workout motivator,5,62,247,12,0.96
workout-cible,WorkoutWomenLazyFit,workout tracker women,5,59,247,1,5.00
workout-cible,WorkoutWomenLazyFit,fasting app for women,5,43,241,11,0.98
workout-cible,WorkoutWomenLazyFit,pilates challenhe,5,,241,68,0.61
workout-cible,WorkoutWomenLazyFit,ai kids workout,5,,65,4,1.49
workout-cible,WorkoutWomenLazyFit,ai workout kids,5,,65,4,1.49
workout-cible,WorkoutWomenLazyFit,working out home,5,89,249,36,0.70
workout-cible,WorkoutWomenLazyFit,work out home,5,54,247,3,1.74
workout-cible,WorkoutWomenLazyFit,weight loss female,5,,201,66,0.62
workout-cible,WorkoutWomenLazyFit,weight loss woman,5,44,245,2,2.29
workout-cible,WorkoutWomenLazyFit,running app for women,5,54,243,152,0.52
workout-cible,WorkoutWomenLazyFit,running for women,5,40,238,30,0.74
workout-cible,WorkoutWomenLazyFit,𝐰𝐨𝐫𝐤𝐨𝐮𝐭,5,70,249,21,0.81
workout-cible,WorkoutWomenLazyFit,𝐟𝐢𝐭𝐧𝐞𝐬𝐬,5,61,245,24,0.78
workout-cible,WorkoutWomenLazyFit,somatic tracking,5,,13,11,0.98
workout-cible,WorkoutWomenLazyFit,zumba exercises,5,,216,195,0.50
workout-cible,WorkoutWomenLazyFit,fast calculation,5,57,228,80,0.59
workout-cible,WorkoutWomenLazyFit,no subscription app,5,,241,47,0.66
workout-cible,WorkoutWomenLazyFit,rebel health,5,47,247,183,0.51
workout-cible,WorkoutWomenLazyFit,your workout,5,76,193,13,0.93
workout-cible,WorkoutWomenLazyFit,calculation booster,5,,41,16,0.87
workout-cible,WorkoutWomenLazyFit,fast calculation booster,5,,4,2,2.29
workout-cible,WorkoutWomenLazyFit,pilaties,5,55,250,11,0.98
workout-cible,WorkoutWomenLazyFit,calisthenics tracker ai,5,,12,11,0.98
workout-cible,WorkoutWomenLazyFit,gymotivation,5,60,237,150,0.52
workout-cible,WorkoutWomenLazyFit,beginner strength plan,5,,39,14,0.91
workout-cible,WorkoutWomenLazyFit,woman fasting tracker,5,,240,49,0.66
workout-cible,WorkoutWomenLazyFit,tea identifier,5,60,229,214,0.49
workout-cible,WorkoutWomenLazyFit,diet builder,5,50,237,106,0.56
workout-cible,WorkoutWomenLazyFit,female fitness app,5,54,245,3,1.74
workout-cible,WorkoutWomenLazyFit,female fitness apps,5,47,247,5,1.34
workout-cible,WorkoutWomenLazyFit,lazy workout for women,5,,243,6,1.24
workout-cible,WorkoutWomenLazyFit,hwp: gym workout planner,5,48,247,96,0.57
workout-cible,WorkoutWomenLazyFit,hoework,5,64,243,225,0.49
workout-cible,WorkoutWomenLazyFit,worckout,5,71,247,2,2.29
workout-cible,WorkoutWomenLazyFit,workour planner,5,70,248,2,2.29
workout-cible,WorkoutWomenLazyFit,workout app free for women,5,57,248,1,5.00
workout-cible,WorkoutWomenLazyFit,yoga for dancer,5,,223,58,0.63
workout-cible,WorkoutWomenLazyFit,step counter women,5,,23,1,5.00
workout-cible,WorkoutWomenLazyFit,step counter for women,5,,183,1,5.00
workout-cible,WorkoutWomenLazyFit,free workout for beginners,5,68,248,21,0.81
workout-cible,WorkoutWomenLazyFit,weight loss & workout,5,,233,201,0.50
workout-cible,WorkoutWomenLazyFit,tone it,5,,217,47,0.66
workout-cible,WorkoutWomenLazyFit,smart day planner,5,,227,118,0.55
workout-cible,WorkoutWomenLazyFit,fitness and diet plan,5,,220,118,0.55
workout-cible,WorkoutWomenLazyFit,weight loss yogayoga apps for weight los,5,,220,33,0.72
workout-cible,WorkoutWomenLazyFit,home excercise,5,56,248,32,0.73
workout-cible,WorkoutWomenLazyFit,gym wokrout,5,,247,6,1.24
workout-cible,WorkoutWomenLazyFit,fitbod workout & fitness plans,5,79,248,2,2.29
workout-cible,WorkoutWomenLazyFit,pilates & workouts,5,,222,43,0.68
workout-cible,WorkoutWomenLazyFit,wall pilates workout at home,5,64,240,14,0.91
workout-cible,WorkoutWomenLazyFit,weight lost,5,82,249,61,0.63
workout-cible,WorkoutWomenLazyFit,women diet,5,50,223,18,0.84
workout-cible,WorkoutWomenLazyFit,lazy free,5,,250,99,0.57
workout-cible,WorkoutWomenLazyFit,intermediate fasting for women,5,,232,100,0.57
workout-cible,WorkoutWomenLazyFit,women fast,5,,181,2,2.29
workout-cible,WorkoutWomenLazyFit,daily health program,5,,210,206,0.50
workout-cible,WorkoutWomenLazyFit,weight tracker men,5,,224,73,0.60
workout-cible,WorkoutWomenLazyFit,girl routine,5,,191,69,0.61
workout-cible,WorkoutWomenLazyFit,home workout routines for beginners,5,,214,34,0.71
workout-cible,WorkoutWomenLazyFit,home workout routines,5,61,245,195,0.50
workout-cible,WorkoutWomenLazyFit,lose weight app for woman,5,,247,13,0.93
workout-cible,WorkoutWomenLazyFit,home workout coach,5,44,239,160,0.52
workout-cible,WorkoutWomenLazyFit,better workouts,5,,238,126,0.54
workout-cible,WorkoutWomenLazyFit,free%20workout%20apps,5,54,248,95,0.57
workout-cible,WorkoutWomenLazyFit,nike%20training%20club,5,76,202,123,0.54
workout-cible,WorkoutWomenLazyFit,strong%20lifts,5,43,225,19,0.83
workout-cible,WorkoutWomenLazyFit,workout%20planner%20free,5,75,250,208,0.50
workout-cible,WorkoutWomenLazyFit,free%20makeup%20app,5,82,226,162,0.52
workout-cible,WorkoutWomenLazyFit,pregnancy%20workouts,5,68,231,123,0.54
workout-cible,WorkoutWomenLazyFit,workout%20app%20free,5,51,249,45,0.67
workout-cible,WorkoutWomenLazyFit,planet%20fitness%20workouts,5,82,212,47,0.66
workout-cible,WorkoutWomenLazyFit,apnea%20trainer,5,80,236,31,0.73
workout-cible,WorkoutWomenLazyFit,chair%20yoga%20free,5,43,248,239,0.48
workout-cible,WorkoutWomenLazyFit,daily%20routine%20%20planner,5,84,244,131,0.54
workout-cible,WorkoutWomenLazyFit,just%20fit%20lazy%20workout%20free,5,74,248,39,0.69
workout-cible,WorkoutWomenLazyFit,myfitness%20pal,5,87,241,68,0.61
workout-cible,WorkoutWomenLazyFit,free%20workout%20apps%20for%20women,5,48,244,1,5.00
workout-cible,WorkoutWomenLazyFit,navy%20prt,5,60,223,18,0.84
workout-cible,WorkoutWomenLazyFit,caliber%20strength%20training,5,45,234,22,0.80
workout-cible,WorkoutWomenLazyFit,hybrid%20athlete,5,51,233,17,0.86
workout-cible,WorkoutWomenLazyFit,work%20out%20app,5,64,234,32,0.73
workout-cible,WorkoutWomenLazyFit,free%20workout,5,71,236,15,0.89
workout-cible,WorkoutWomenLazyFit,womens%20daily%20devotional,5,35,228,10,1.02
workout-cible,WorkoutWomenLazyFit,women%20workout,5,38,246,68,0.61
workout-cible,WorkoutWomenLazyFit,lose%20weight%20app%20for%20women,5,43,243,228,0.49
workout-cible,WorkoutWomenLazyFit,Walking%20App%20to%20Lose%20Weight,5,53,212,49,0.66
workout-cible,WorkoutWomenLazyFit,strong%20lifts%205x5,5,27,233,3,1.74
workout-cible,WorkoutWomenLazyFit,free%20weight%20loss%20apps%20for%20women,5,44,247,33,0.72
workout-cible,WorkoutWomenLazyFit,work%20out%20routine%20free,5,54,242,99,0.57
workout-cible,WorkoutWomenLazyFit,walking%20for%20weight%20loss,5,56,217,21,0.81
workout-cible,WorkoutWomenLazyFit,workout%20app%20for%20women,5,47,243,2,2.29
workout-cible,WorkoutWomenLazyFit,teen%20girl%20apps,5,58,199,119,0.55
workout-cible,WorkoutWomenLazyFit,meet%20older%20women,5,43,216,2,2.29
workout-cible,WorkoutWomenLazyFit,yoga%20go%20wall%20pilates%20free,5,35,181,92,0.58
workout-cible,WorkoutWomenLazyFit,%D8%AF%D9%83%D8%AA%D9%88%D8%B1,5,82,21,7,1.16
workout-cible,WorkoutWomenLazyFit,free%20wall%20pilates,5,44,184,123,0.54
workout-cible,WorkoutWomenLazyFit,my%20work%20day,5,57,216,56,0.64
workout-cible,WorkoutWomenLazyFit,my%20diet%20coach,5,42,103,41,0.68
workout-cible,WorkoutWomenLazyFit,better%20me%20wall%20pilates%20free,5,44,48,19,0.83
workout-cible,WorkoutWomenLazyFit,leg%20workouts,5,46,246,154,0.52
workout-cible,WorkoutWomenLazyFit,betterme%20chair%20yoga,5,48,50,38,0.70
workout-cible,WorkoutWomenLazyFit,free%20workout%20app,5,51,248,109,0.56
workout-cible,WorkoutWomenLazyFit,loose%20it%20app,5,70,53,12,0.96
workout-cible,WorkoutWomenLazyFit,weight%20loss%20tracker,5,64,234,227,0.49
workout-cible,WorkoutWomenLazyFit,wall%20pilates%20apps%20free,5,66,221,72,0.60
workout-cible,WorkoutWomenLazyFit,daily%20routine%20planner%20free,5,70,245,140,0.53
workout-cible,WorkoutWomenLazyFit,that%20girl%20daily%20planner,5,57,31,20,0.82
workout-cible,WorkoutWomenLazyFit,better%20me%20app,5,39,198,8,1.10
workout-cible,WorkoutWomenLazyFit,at%20home%20pilates,5,32,246,175,0.51
workout-cible,WorkoutWomenLazyFit,weight%20loss%20apps,5,60,234,199,0.50
workout-cible,WorkoutWomenLazyFit,lose%20weight%20app%20for%20men,5,54,203,33,0.72
workout-cible,WorkoutWomenLazyFit,weight%20loss%20for%20women,5,50,245,161,0.52
workout-cible,WorkoutWomenLazyFit,pilates%20at%20home,5,47,193,82,0.59
workout-cible,WorkoutWomenLazyFit,gym%20workout%20for%20women,5,57,247,10,1.02
workout-cible,WorkoutWomenLazyFit,walking%20weight%20loss%3A%20walkfit,5,56,211,57,0.63
workout-cible,WorkoutWomenLazyFit,home workout gym,5,47,243,43,0.68
workout-cible,WorkoutWomenLazyFit,home workout for beginners,5,40,245,89,0.58
workout-cible,WorkoutWomenLazyFit,home workout routine,5,50,243,186,0.51
workout-cible,WorkoutWomenLazyFit,home workout plan for women,5,47,242,1,5.00
workout-cible,WorkoutWomenLazyFit,home workout for full body,5,40,248,131,0.54
workout-cible,WorkoutWomenLazyFit,indoor  workout,5,57,248,84,0.59
workout-cible,WorkoutWomenLazyFit,home workout for beginner,5,40,245,41,0.68
workout-cible,WorkoutWomenLazyFit,quick workout at home,5,40,244,11,0.98
workout-cible,WorkoutWomenLazyFit,no equipments workout,5,40,240,163,0.52
workout-cible,WorkoutWomenLazyFit,home gym app,5,62,248,9,1.06
workout-cible,WorkoutWomenLazyFit,10 min workout,5,45,247,11,0.98
workout-cible,WorkoutWomenLazyFit,30 day workout women,5,55,245,8,1.10
workout-cible,WorkoutWomenLazyFit,strength & muscle,5,,240,26,0.76
workout-cible,WorkoutWomenLazyFit,fitcentive,5,34,218,15,0.89
workout-cible,WorkoutWomenLazyFit,tea app for woman,5,91,201,7,1.16
workout-cible,WorkoutWomenLazyFit,chair workout for beginner,5,42,242,239,0.48
workout-cible,WorkoutWomenLazyFit,workout for new moms,5,,222,15,0.89
workout-cible,WorkoutWomenLazyFit,7%20minute%20workout%20free,5,46,248,139,0.53
workout-cible,WorkoutWomenLazyFit,at%20home%20workouts%20for%20women,5,44,243,16,0.87
workout-cible,WorkoutWomenLazyFit,postpartum%20workout,5,,237,18,0.84
workout-cible,WorkoutWomenLazyFit,flat%20tummy%20app%20for%20women,5,,58,3,1.74
workout-cible,WorkoutWomenLazyFit,wall%20pilates,5,,242,24,0.78
workout-cible,WorkoutWomenLazyFit,at%20home%20workouts%20free,5,46,248,153,0.52
workout-cible,WorkoutWomenLazyFit,free%20exercise%20app%20for%20women,5,48,244,4,1.49
workout-cible,WorkoutWomenLazyFit,better%20me%20calisthenics,5,42,216,162,0.52
workout-cible,WorkoutWomenLazyFit,body%20weight%20workout,5,,227,35,0.71
workout-cible,WorkoutWomenLazyFit,workout%20apps%20for%20free,5,52,248,18,0.84
workout-cible,WorkoutWomenLazyFit,workout%20tracker%20free,5,,248,70,0.61
workout-cible,WorkoutWomenLazyFit,exercise%20apps%20for%20women%20free,5,48,244,5,1.34
workout-cible,WorkoutWomenLazyFit,workout%20for%20women,5,,243,6,1.24
workout-cible,WorkoutWomenLazyFit,fitness%20ai%20gym%20workout%20planner,5,,239,81,0.59
workout-cible,WorkoutWomenLazyFit,lose%20it,5,,230,24,0.78
workout-cible,WorkoutWomenLazyFit,workout%20women,5,40,244,69,0.61
workout-cible,WorkoutWomenLazyFit,light%20lazy%20yoga,5,,20,10,1.02
workout-cible,WorkoutWomenLazyFit,eating out,5,81,199,83,0.59
workout-cible,WorkoutWomenLazyFit,walking day,5,,211,107,0.56
workout-cible,WorkoutWomenLazyFit,women arm workout,5,40,234,207,0.50
workout-cible,WorkoutWomenLazyFit,takalogy,5,,233,29,0.74
workout-cible,WorkoutWomenLazyFit,fitness & trainer,5,50,238,165,0.52
workout-cible,WorkoutWomenLazyFit,no plans,5,,231,161,0.52
workout-cible,WorkoutWomenLazyFit,no plan,5,,227,184,0.51
workout-cible,WorkoutWomenLazyFit,running for beginner,5,,209,209,0.50
workout-cible,WorkoutWomenLazyFit,lose wright,5,,249,11,0.98
workout-cible,WorkoutWomenLazyFit,wightloss,5,,226,26,0.76
workout-cible,WorkoutWomenLazyFit,exposed for the girls,5,,198,55,0.64
workout-cible,WorkoutWomenLazyFit,running faste,5,,221,154,0.52
workout-cible,WorkoutWomenLazyFit,women self care,5,,222,10,1.02
workout-cible,WorkoutWomenLazyFit,calestanics,5,,250,17,0.86
workout-cible,WorkoutWomenLazyFit,pilates exercise,5,,204,158,0.52
workout-cible,WorkoutWomenLazyFit,pilates no equipment,5,25,244,62,0.62
workout-cible,WorkoutWomenLazyFit,personal gym routine,5,,213,52,0.65
workout-cible,WorkoutWomenLazyFit,female gym planner,5,,230,14,0.91
workout-cible,WorkoutWomenLazyFit,female gym,5,,250,5,1.34
workout-cible,WorkoutWomenLazyFit,pilates workouts at home,5,,250,6,1.24
workout-cible,WorkoutWomenLazyFit,weight gain for women,5,33,223,4,1.49
workout-cible,WorkoutWomenLazyFit,tea app for wo'men,5,80,203,3,1.74
workout-cible,WorkoutWomenLazyFit,tea for woman,5,71,195,7,1.16
workout-cible,WorkoutWomenLazyFit,offline workout,5,58,248,7,1.16
workout-cible,WorkoutWomenLazyFit,woman gym,5,,249,2,2.29
workout-cible,WorkoutWomenLazyFit,women fitness plan,5,47,241,33,0.72
workout-cible,WorkoutWomenLazyFit,calesenics,5,,250,17,0.86
workout-cible,WorkoutWomenLazyFit,macro tracker for women,5,79,249,95,0.57
workout-cible,WorkoutWomenLazyFit,weight loss for me,5,,231,9,1.06
workout-cible,WorkoutWomenLazyFit,a better me,5,62,239,4,1.49
workout-cible,WorkoutWomenLazyFit,pcos food,5,,226,184,0.51
workout-cible,WorkoutWomenLazyFit,bestworkout,5,75,247,2,2.29
workout-cible,WorkoutWomenLazyFit,justfits,5,,215,8,1.10
workout-cible,WorkoutWomenLazyFit,pilates  daily,5,,247,235,0.49
workout-cible,WorkoutWomenLazyFit,pilates daily,5,,247,234,0.49
workout-cible,WorkoutWomenLazyFit,pilates daily workouts,5,,197,39,0.69
workout-cible,WorkoutWomenLazyFit,daily pilates wokrout,5,,240,33,0.72
workout-cible,WorkoutWomenLazyFit,workout budy,5,57,247,13,0.93
workout-cible,WorkoutWomenLazyFit,loss wight,5,,249,11,0.98
workout-cible,WorkoutWomenLazyFit,stretch coch,5,,242,218,0.49
workout-cible,WorkoutWomenLazyFit,better me calisthenic,5,,249,192,0.50
workout-cible,WorkoutWomenLazyFit,quick boost,5,,210,70,0.61
workout-cible,WorkoutWomenLazyFit,quick fixes,5,,189,71,0.61
workout-cible,WorkoutWomenLazyFit,exercises for womens,5,44,244,33,0.72
workout-cible,WorkoutWomenLazyFit,7 day challenge,5,40,240,224,0.49
workout-cible,WorkoutWomenLazyFit,segen,5,,220,143,0.53
workout-cible,WorkoutWomenLazyFit,workout: for women,5,49,236,6,1.24
workout-cible,WorkoutWomenLazyFit,workout: health for women,5,44,244,27,0.76
workout-cible,WorkoutWomenLazyFit,tunny,5,,237,95,0.57
workout-cible,WorkoutWomenLazyFit,glowa,5,,236,23,0.79
workout-cible,WorkoutWomenLazyFit,lose weight women,5,69,247,5,1.34
workout-cible,WorkoutWomenLazyFit,female diet,5,,235,162,0.52
workout-cible,WorkoutWomenLazyFit,weight loss no diet,5,,221,143,0.53
workout-cible,WorkoutWomenLazyFit,smart weight,5,,211,84,0.59
workout-cible,WorkoutWomenLazyFit,fat loss plan,5,,216,118,0.55
workout-cible,WorkoutWomenLazyFit,bmi fitness,5,,216,117,0.55
workout-cible,WorkoutWomenLazyFit,work out plan,5,70,248,4,1.49
workout-cible,WorkoutWomenLazyFit,vitascale,5,,181,119,0.55
workout-cible,WorkoutWomenLazyFit,pilates for beginners women,5,,240,4,1.49
workout-cible,WorkoutWomenLazyFit,pilates workouts for beginners,5,,214,35,0.71
workout-cible,WorkoutWomenLazyFit,pilates app for women,5,,248,8,1.10
workout-cible,WorkoutWomenLazyFit,pilates for women,5,53,249,2,2.29
workout-cible,WorkoutWomenLazyFit,10 minute pilates workout,5,,240,3,1.74
workout-cible,WorkoutWomenLazyFit,dream bosy,5,,156,8,1.10
workout-cible,WorkoutWomenLazyFit,lazy booty workout,5,40,241,140,0.53
workout-cible,WorkoutWomenLazyFit,pilates for beginners no equipment free,5,,234,10,1.02
workout-cible,WorkoutWomenLazyFit,low impact workout app for women,5,,226,14,0.91
workout-cible,WorkoutWomenLazyFit,chair workouts for men,5,,221,44,0.67
workout-cible,WorkoutWomenLazyFit,walking exercise app,5,,227,31,0.73
workout-cible,WorkoutWomenLazyFit,myfitnesspal for workouts,5,,231,26,0.76
workout-cible,WorkoutWomenLazyFit,strong women  feminine coach  self defen,5,,223,5,1.34
workout-cible,WorkoutWomenLazyFit,5-min,5,89,245,221,0.49
workout-cible,WorkoutWomenLazyFit,subscription day,5,91,226,69,0.61
workout-cible,WorkoutWomenLazyFit,daily challenge,5,,230,225,0.49
workout-cible,WorkoutWomenLazyFit,tea app for women & men,5,,218,5,1.34
workout-cible,WorkoutWomenLazyFit,glute workouta,5,44,248,30,0.74
workout-cible,WorkoutWomenLazyFit,measure plu,5,,224,43,0.68
workout-cible,WorkoutWomenLazyFit,tea app for girls,5,,175,139,0.53
workout-cible,WorkoutWomenLazyFit,weight count,5,,238,173,0.51
workout-cible,WorkoutWomenLazyFit,bmi workout,5,,223,33,0.72
workout-cible,WorkoutWomenLazyFit,weightrecord,5,,237,204,0.50
workout-cible,WorkoutWomenLazyFit,free female fitness app,5,,246,7,1.16
workout-cible,WorkoutWomenLazyFit,free female fitness,5,43,247,28,0.75
workout-cible,WorkoutWomenLazyFit,chair exesicse,5,,247,177,0.51
workout-cible,WorkoutWomenLazyFit,women's strength training plan,5,40,245,156,0.52
workout-cible,WorkoutWomenLazyFit,woman calisthenics,5,,250,3,1.74
workout-cible,WorkoutWomenLazyFit,pospartum,5,43,225,27,0.76
workout-cible,WorkoutWomenLazyFit,plan better,5,,217,30,0.74
workout-cible,WorkoutWomenLazyFit,los weight,5,65,249,9,1.06
workout-cible,WorkoutWomenLazyFit,exercise app for women,5,52,248,1,5.00
workout-cible,WorkoutWomenLazyFit,weight predictor,5,,231,197,0.50
workout-cible,WorkoutWomenLazyFit,workout routine',5,40,248,48,0.66
workout-cible,WorkoutWomenLazyFit,glow plan,5,,174,133,0.54
workout-cible,WorkoutWomenLazyFit,glow match,5,,218,192,0.50
workout-cible,WorkoutWomenLazyFit,chair exesize,5,,232,178,0.51
workout-cible,WorkoutWomenLazyFit,butt workoit,5,47,237,11,0.98
workout-cible,WorkoutWomenLazyFit,butt workout women,5,40,226,142,0.53
workout-cible,WorkoutWomenLazyFit,girls wall,5,40,221,219,0.49
workout-cible,WorkoutWomenLazyFit,menopause workouts,5,52,248,2,2.29
workout-cible,WorkoutWomenLazyFit,female training,5,,226,4,1.49
workout-cible,WorkoutWomenLazyFit,calisthenics for women,5,60,250,2,2.29
workout-cible,WorkoutWomenLazyFit,home & gym wrokouts,5,46,246,192,0.50
workout-cible,WorkoutWomenLazyFit,fitbud,5,,217,7,1.16
workout-cible,WorkoutWomenLazyFit,beginner workout planner,5,40,247,199,0.50
workout-cible,WorkoutWomenLazyFit,workout for beginner,5,83,247,2,2.29
workout-cible,WorkoutWomenLazyFit,beginner workout app,5,62,248,1,5.00
workout-cible,WorkoutWomenLazyFit,kwd,5,,194,128,0.54
workout-cible,WorkoutWomenLazyFit,id1337083258,5,,250,230,0.49
workout-cible,WorkoutWomenLazyFit,workout app for beginner,5,61,248,1,5.00
workout-cible,WorkoutWomenLazyFit,lazy home workout,5,58,246,94,0.57
workout-cible,WorkoutWomenLazyFit,training plan builder,5,,224,204,0.50
workout-cible,WorkoutWomenLazyFit,freestyle workout,5,,234,54,0.64
workout-cible,WorkoutWomenLazyFit,fitness equipment,5,,211,25,0.77
workout-cible,WorkoutWomenLazyFit,workout\,5,64,247,4,1.49
workout-cible,WorkoutWomenLazyFit,home workout fitness app women,5,57,243,3,1.74
workout-cible,WorkoutWomenLazyFit,bodyweight training plans,5,,202,88,0.58
workout-cible,WorkoutWomenLazyFit,fitbod,5,,247,13,0.93
workout-cible,WorkoutWomenLazyFit,looksmaxxing for women,5,56,218,12,0.96
workout-cible,WorkoutWomenLazyFit,heart rate formula,5,,217,4,1.49
workout-cible,WorkoutWomenLazyFit,wanna know,5,,222,39,0.69
workout-cible,WorkoutWomenLazyFit,workout at work,5,54,245,146,0.53
workout-cible,WorkoutWomenLazyFit,stretch at work,5,,247,235,0.49
workout-cible,WorkoutWomenLazyFit,try fit,5,,81,9,1.06
workout-cible,WorkoutWomenLazyFit,pospartium,5,,214,23,0.79
workout-cible,WorkoutWomenLazyFit,workoutpl,5,70,248,4,1.49
workout-cible,WorkoutWomenLazyFit,strength taining,5,69,248,9,1.06
workout-cible,WorkoutWomenLazyFit,femyflow,5,,233,1,5.00
workout-cible,WorkoutWomenLazyFit,club dance,5,,211,180,0.51
workout-cible,WorkoutWomenLazyFit,slabit,5,15,30,9,1.06
workout-cible,WorkoutWomenLazyFit,diet and fitness tracker,5,,236,89,0.58
workout-cible,WorkoutWomenLazyFit,fast walk,5,77,210,95,0.57
workout-cible,WorkoutWomenLazyFit,ddiet challange,5,46,192,125,0.54
workout-cible,WorkoutWomenLazyFit,daily stretching routine for beginners,5,,208,95,0.57
workout-cible,WorkoutWomenLazyFit,beginner core workout,5,,223,31,0.73
workout-cible,WorkoutWomenLazyFit,te for women,5,,160,19,0.83
workout-cible,WorkoutWomenLazyFit,weight tracking for women,5,79,245,157,0.52
workout-cible,WorkoutWomenLazyFit,kettle bells,5,,179,62,0.62
workout-cible,WorkoutWomenLazyFit,fast planner,5,41,243,125,0.54
workout-cible,WorkoutWomenLazyFit,just dance weight loss,5,,226,36,0.70
workout-cible,WorkoutWomenLazyFit,no equipment workou,5,,245,200,0.50
workout-cible,WorkoutWomenLazyFit,workouts for girls,5,53,245,2,2.29
workout-cible,WorkoutWomenLazyFit,workout for weightloss,5,,238,138,0.53
workout-cible,WorkoutWomenLazyFit,lazy lightning,5,,59,15,0.89
workout-cible,WorkoutWomenLazyFit,calculate subscription,5,,240,76,0.60
workout-cible,WorkoutWomenLazyFit,free workout plans,5,59,248,6,1.24
workout-cible,WorkoutWomenLazyFit,best workout planning apps,5,79,248,7,1.16
workout-cible,WorkoutWomenLazyFit,routine builner,5,,216,206,0.50
workout-cible,WorkoutWomenLazyFit,calistenia  calisthenics  street workout,5,,248,187,0.51
workout-cible,WorkoutWomenLazyFit,womens day,5,40,235,216,0.49
workout-cible,WorkoutWomenLazyFit,women symtpom,5,,203,3,1.74
workout-cible,WorkoutWomenLazyFit,best health daily,5,,222,86,0.58
workout-cible,WorkoutWomenLazyFit,dexq,5,23,44,33,0.72
workout-cible,WorkoutWomenLazyFit,fitness app  for women,5,57,248,1,5.00
workout-cible,WorkoutWomenLazyFit,activity planning,5,71,218,41,0.68
workout-cible,WorkoutWomenLazyFit,my body tracker,5,82,230,94,0.57
workout-cible,WorkoutWomenLazyFit,weightlos,5,,249,58,0.63
workout-cible,WorkoutWomenLazyFit,quickworkouts,5,,250,2,2.29
workout-cible,WorkoutWomenLazyFit,dailyworkout,5,,221,67,0.61
workout-cible,WorkoutWomenLazyFit,gym rpg,5,,248,10,1.02
workout-cible,WorkoutWomenLazyFit,calisthenisc,5,,250,16,0.87
workout-cible,WorkoutWomenLazyFit,postpartum fat-loss,5,,236,209,0.50
workout-cible,WorkoutWomenLazyFit,home workout plann,5,,241,209,0.50
workout-cible,WorkoutWomenLazyFit,b-day,5,,220,97,0.57
workout-cible,WorkoutWomenLazyFit,home tracke,5,,241,151,0.52
workout-cible,WorkoutWomenLazyFit,weightgainapp,5,,203,131,0.54
workout-cible,WorkoutWomenLazyFit,grovetime,5,,31,27,0.76
workout-cible,WorkoutWomenLazyFit,gym maison,5,54,250,15,0.89
workout-cible,WorkoutWomenLazyFit,exercse,5,,250,4,1.49
workout-cible,WorkoutWomenLazyFit,my subscription,5,,217,117,0.55
workout-cible,WorkoutWomenLazyFit,gym workout builder,5,40,246,69,0.61
workout-cible,WorkoutWomenLazyFit,motivation for womens,5,,228,4,1.49
workout-cible,WorkoutWomenLazyFit,girl track,5,,223,142,0.53
workout-cible,WorkoutWomenLazyFit,workout for best,5,,247,55,0.64
workout-cible,WorkoutWomenLazyFit,women fit ios,5,,245,1,5.00
workout-cible,WorkoutWomenLazyFit,planet fitness best,5,,250,230,0.49
workout-cible,WorkoutWomenLazyFit,for women ios,5,,204,6,1.24
workout-cible,WorkoutWomenLazyFit,workout for app,5,,249,2,2.29
workout-cible,WorkoutWomenLazyFit,women fit best,5,,222,2,2.29
workout-cible,WorkoutWomenLazyFit,fitbodgym,5,,248,6,1.24
workout-cible,WorkoutWomenLazyFit,fitbod gyms,5,,233,5,1.34
workout-cible,WorkoutWomenLazyFit,daily light tracker,5,,234,83,0.59
workout-cible,WorkoutWomenLazyFit,subtle exercises,5,,230,25,0.77
workout-cible,WorkoutWomenLazyFit,4plan home tracker,5,,232,62,0.62
workout-cible,WorkoutWomenLazyFit,for women tracker,5,,231,4,1.49
workout-cible,WorkoutWomenLazyFit,lazy workout tracker,5,,240,5,1.34
workout-cible,WorkoutWomenLazyFit,fitness planner tracker,5,,245,72,0.60
workout-cible,WorkoutWomenLazyFit,planet fitness frees,5,,249,72,0.60
workout-cible,WorkoutWomenLazyFit,women fit bests,5,,225,2,2.29
workout-cible,WorkoutWomenLazyFit,gym workout frees,5,,250,86,0.58
workout-cible,WorkoutWomenLazyFit,women fitness editor,5,,211,12,0.96
workout-cible,WorkoutWomenLazyFit,workout exercices,5,,247,17,0.86
workout-cible,WorkoutWomenLazyFit,muscle calculator,5,,225,133,0.54
workout-cible,WorkoutWomenLazyFit,challenge buddy,5,40,242,210,0.50
workout-cible,WorkoutWomenLazyFit,fat burning app,5,,231,217,0.49
workout-cible,WorkoutWomenLazyFit,15min workout,5,,248,11,0.98
workout-cible,WorkoutWomenLazyFit,quick home workout,5,82,245,38,0.70
workout-cible,WorkoutWomenLazyFit,skinnier,5,,174,172,0.51
workout-cible,WorkoutWomenLazyFit,chair exercises for women,5,,242,37,0.70
workout-cible,WorkoutWomenLazyFit,workout quick,5,,245,23,0.79
workout-cible,WorkoutWomenLazyFit,bmi men,5,,216,187,0.51
workout-cible,WorkoutWomenLazyFit,saying no,5,,246,162,0.52
workout-cible,WorkoutWomenLazyFit,summer bod,5,,76,22,0.80
workout-cible,WorkoutWomenLazyFit,gomework,5,,242,233,0.49
workout-cible,WorkoutWomenLazyFit,for post,5,,229,57,0.63
workout-cible,WorkoutWomenLazyFit,advanced workout,5,,233,5,1.34
workout-cible,WorkoutWomenLazyFit,* bodyweight,5,,199,196,0.50
workout-cible,WorkoutWomenLazyFit,quick training,5,32,214,109,0.56
workout-cible,WorkoutWomenLazyFit,military calesthinics,5,,171,170,0.51
workout-cible,WorkoutWomenLazyFit,military calesthinic,5,,142,15,0.89
workout-cible,WorkoutWomenLazyFit,military calesthenic,5,,141,48,0.66
workout-cible,WorkoutWomenLazyFit,homeworkout for women: fitfem,5,,246,13,0.93
workout-cible,WorkoutWomenLazyFit,home workout for women: fitfem,5,,243,4,1.49
workout-cible,WorkoutWomenLazyFit,home workout programs,5,,245,149,0.53
workout-cible,WorkoutWomenLazyFit,lists home,5,,214,35,0.71
workout-cible,WorkoutWomenLazyFit,best plan,5,,211,125,0.54
workout-cible,WorkoutWomenLazyFit,calisthenics women,5,66,249,1,5.00
workout-cible,WorkoutWomenLazyFit,tea app foe men,5,,188,66,0.62
workout-cible,WorkoutWomenLazyFit,body with,5,66,215,67,0.61
workout-cible,WorkoutWomenLazyFit,body quick,5,,224,31,0.73
workout-cible,WorkoutWomenLazyFit,slim cam,5,,224,119,0.55
workout-cible,WorkoutWomenLazyFit,with quick,5,,226,86,0.58
workout-cible,WorkoutWomenLazyFit,and quick,5,,245,140,0.53
workout-cible,WorkoutWomenLazyFit,7 day diet plan for weight loss,5,,221,56,0.64
workout-cible,WorkoutWomenLazyFit,home workouts no equipment app,5,,229,23,0.79
workout-cible,WorkoutWomenLazyFit,weight racker,5,,240,199,0.50
workout-cible,WorkoutWomenLazyFit,bmi calculator for women,5,,207,93,0.57
workout-cible,WorkoutWomenLazyFit,military calisthenics for women,5,49,250,4,1.49
workout-cible,WorkoutWomenLazyFit,loss weight woman,5,,222,13,0.93
workout-cible,WorkoutWomenLazyFit,fit lazy,5,,157,131,0.54
workout-cible,WorkoutWomenLazyFit,zone workout,5,54,247,5,1.34
workout-cible,WorkoutWomenLazyFit,healthy eat out,5,,207,181,0.51
workout-cible,WorkoutWomenLazyFit,coax loss calculator,5,,230,92,0.58
workout-cible,WorkoutWomenLazyFit,military challenge,5,,245,238,0.48
workout-cible,WorkoutWomenLazyFit,fobit,5,,247,167,0.52
workout-cible,WorkoutWomenLazyFit,hobfit,5,,226,6,1.24
workout-cible,WorkoutWomenLazyFit,days before,5,,229,204,0.50
workout-cible,WorkoutWomenLazyFit,workouot,5,,248,2,2.29
workout-cible,WorkoutWomenLazyFit,myfitnesspa,5,,247,87,0.58
workout-cible,WorkoutWomenLazyFit,exercise intolerance,5,,231,35,0.71
workout-cible,WorkoutWomenLazyFit,fatigue friendly workout,5,,236,2,2.29
workout-cible,WorkoutWomenLazyFit,women daily workout,5,,243,5,1.34
workout-cible,WorkoutWomenLazyFit,yhole,5,,227,224,0.49
workout-cible,WorkoutWomenLazyFit,beginner gym plan app,5,,222,17,0.86
workout-cible,WorkoutWomenLazyFit,app fast fasting,5,,233,192,0.50
workout-cible,WorkoutWomenLazyFit,apps fast,5,,212,130,0.54
workout-cible,WorkoutWomenLazyFit,gym stat,5,,236,48,0.66
workout-cible,WorkoutWomenLazyFit,workout for girl,5,,244,4,1.49
workout-cible,WorkoutWomenLazyFit,home belly,5,,242,147,0.53
workout-cible,WorkoutWomenLazyFit,do my homework for me,5,82,125,66,0.62
workout-cible,WorkoutWomenLazyFit,help me do my homework,5,96,78,65,0.62
workout-cible,WorkoutWomenLazyFit,lazy day,5,,103,75,0.60
workout-cible,WorkoutWomenLazyFit,lazy work,5,,229,14,0.91
workout-cible,WorkoutWomenLazyFit,femal,5,,158,3,1.74
workout-cible,WorkoutWomenLazyFit,daily planets,5,,232,30,0.74
workout-cible,WorkoutWomenLazyFit,homewokr,5,,244,233,0.49
workout-cible,WorkoutWomenLazyFit,fat scam,5,,215,101,0.56
workout-cible,WorkoutWomenLazyFit,calesthenics workout,5,63,248,7,1.16
workout-cible,WorkoutWomenLazyFit,pilatos,5,,249,10,1.02
workout-cible,WorkoutWomenLazyFit,home wrokout,5,,247,5,1.34
workout-cible,WorkoutWomenLazyFit,female workout plan,5,,243,21,0.81
workout-cible,WorkoutWomenLazyFit,women workout plan,5,,243,13,0.93
workout-cible,WorkoutWomenLazyFit,app to track subscriptions,5,86,238,58,0.63
workout-cible,WorkoutWomenLazyFit,app de entrenamiento,5,62,247,4,1.49
workout-cible,WorkoutWomenLazyFit,no phon,5,,247,165,0.52
workout-cible,WorkoutWomenLazyFit,homeworkout for women,5,,250,6,1.24
workout-cible,WorkoutWomenLazyFit,phone training,5,,218,100,0.57
workout-cible,WorkoutWomenLazyFit,women sweat fitness app,5,,245,15,0.89
workout-cible,WorkoutWomenLazyFit,sweat fitness women,5,,246,30,0.74
workout-cible,WorkoutWomenLazyFit,beginner home workout no equipment,5,,225,1,5.00
workout-cible,WorkoutWomenLazyFit,home workout no equipment.,5,59,243,33,0.72
workout-cible,WorkoutWomenLazyFit,gloz,5,71,239,174,0.51
workout-cible,WorkoutWomenLazyFit,fibi,5,,201,138,0.53
workout-cible,WorkoutWomenLazyFit,fix your routine and life app women,5,42,245,17,0.86
workout-cible,WorkoutWomenLazyFit,discipline for women app,5,43,247,214,0.49
workout-cible,WorkoutWomenLazyFit,simple discipline system for women app,5,50,245,157,0.52
workout-cible,WorkoutWomenLazyFit,level up your routine for women app,5,46,245,17,0.86
workout-cible,WorkoutWomenLazyFit,daily routine app for women,5,42,248,98,0.57
workout-cible,WorkoutWomenLazyFit,healthylifestyle,5,,216,20,0.82
workout-cible,WorkoutWomenLazyFit,best workout planner,5,,249,102,0.56
workout-cible,WorkoutWomenLazyFit,best workout planner app,5,,248,5,1.34
workout-cible,WorkoutWomenLazyFit,workout routines app,5,,247,2,2.29
workout-cible,WorkoutWomenLazyFit,abs workout women,5,,243,11,0.98
workout-cible,WorkoutWomenLazyFit,herdiabetes,5,,208,13,0.93
workout-cible,WorkoutWomenLazyFit,heatlh app,5,,243,223,0.49
workout-cible,WorkoutWomenLazyFit,weight loss bodyweight,5,,223,105,0.56
workout-cible,WorkoutWomenLazyFit,better work,5,,230,151,0.52
workout-cible,WorkoutWomenLazyFit,calistheics,5,,250,17,0.86
workout-cible,WorkoutWomenLazyFit,women exericse,5,,244,235,0.49
workout-cible,WorkoutWomenLazyFit,art home,5,,236,105,0.56
workout-cible,WorkoutWomenLazyFit,phone free challenge,5,,219,128,0.54
workout-cible,WorkoutWomenLazyFit,pilates for menopause,5,,250,139,0.53
workout-cible,WorkoutWomenLazyFit,pilates at home beginner,5,,242,44,0.67
workout-cible,WorkoutWomenLazyFit,chair yota,5,,243,201,0.50
workout-cible,WorkoutWomenLazyFit,guym planner,5,,248,166,0.52
workout-cible,WorkoutWomenLazyFit,shred bod,5,,16,12,0.96
workout-cible,WorkoutWomenLazyFit,dance routines,5,,243,71,0.61
workout-cible,WorkoutWomenLazyFit,offline daily planner,5,39,241,136,0.53
workout-cible,WorkoutWomenLazyFit,womens health app,5,61,248,8,1.10
workout-cible,WorkoutWomenLazyFit,military history,5,,228,128,0.54
workout-cible,WorkoutWomenLazyFit,track lights,5,,237,118,0.55
workout-cible,WorkoutWomenLazyFit,awaken cardio kickboxing,5,,229,10,1.02
workout-cible,WorkoutWomenLazyFit,beautiful breast workout,5,,212,3,1.74
workout-cible,WorkoutWomenLazyFit,beginner ab,5,,166,33,0.72
workout-cible,WorkoutWomenLazyFit,beginner workout plans for gym,5,,231,2,2.29
workout-cible,WorkoutWomenLazyFit,cass o coaching,5,,239,7,1.16
workout-cible,WorkoutWomenLazyFit,daily stretch free,5,,231,53,0.64
workout-cible,WorkoutWomenLazyFit,diet n fit,5,,238,152,0.52
workout-cible,WorkoutWomenLazyFit,exclusive womens fitness,5,,225,19,0.83
workout-cible,WorkoutWomenLazyFit,exercise eval,5,,224,43,0.68
workout-cible,WorkoutWomenLazyFit,fast weigh,5,,226,82,0.59
workout-cible,WorkoutWomenLazyFit,fit vegan queens,5,,227,31,0.73
workout-cible,WorkoutWomenLazyFit,fitness momness,5,,224,38,0.70
workout-cible,WorkoutWomenLazyFit,fitness verv: daily exercise,5,,249,7,1.16
workout-cible,WorkoutWomenLazyFit,free subscription tracker,5,,246,235,0.49
workout-cible,WorkoutWomenLazyFit,gamified workouts: snapfit,5,,223,22,0.80
workout-cible,WorkoutWomenLazyFit,gyms n sports business,5,,232,21,0.81
workout-cible,WorkoutWomenLazyFit,horoscope venus for women 2019,5,,216,77,0.60
workout-cible,WorkoutWomenLazyFit,lifestyle of fitness,5,,221,6,1.24
workout-cible,WorkoutWomenLazyFit,my bmi calc,5,,193,145,0.53
workout-cible,WorkoutWomenLazyFit,my organic app,5,,224,3,1.74
workout-cible,WorkoutWomenLazyFit,no subscription workout apps,5,,249,7,1.16
workout-cible,WorkoutWomenLazyFit,organic dance: weight loss app,5,,217,22,0.80
workout-cible,WorkoutWomenLazyFit,organic fit: workout for women,5,,248,9,1.06
workout-cible,WorkoutWomenLazyFit,organic pilates,5,,246,202,0.50
workout-cible,WorkoutWomenLazyFit,pilates joy,5,,239,5,1.34
workout-cible,WorkoutWomenLazyFit,15 minute workout,5,46,247,5,1.34
workout-cible,WorkoutWomenLazyFit,strength online,5,,207,49,0.66
workout-cible,WorkoutWomenLazyFit,strength pals,5,,234,71,0.61
workout-cible,WorkoutWomenLazyFit,strong women quotes offline,5,,210,6,1.24
workout-cible,WorkoutWomenLazyFit,outline line,5,,240,64,0.62
workout-cible,WorkoutWomenLazyFit,my aesthetic,5,,238,103,0.56
workout-cible,WorkoutWomenLazyFit,challenges with,5,,216,83,0.59
workout-cible,WorkoutWomenLazyFit,app strong,5,,236,174,0.51
workout-cible,WorkoutWomenLazyFit,fiteness,5,,248,7,1.16
workout-cible,WorkoutWomenLazyFit,stronk,5,,239,228,0.49
workout-cible,WorkoutWomenLazyFit,beginner pro,5,,238,178,0.51
workout-cible,WorkoutWomenLazyFit,homework fast,5,,246,135,0.54
workout-cible,WorkoutWomenLazyFit,tips powerlifting,5,,228,15,0.89
workout-cible,WorkoutWomenLazyFit,workout with,5,,244,99,0.57
workout-cible,WorkoutWomenLazyFit,fat planner,5,,229,46,0.67
workout-cible,WorkoutWomenLazyFit,3d floor planner,5,,226,132,0.54
workout-cible,WorkoutWomenLazyFit,women fitnes,5,,246,2,2.29
workout-cible,WorkoutWomenLazyFit,10 minutes workout,5,,247,4,1.49
workout-cible,WorkoutWomenLazyFit,workout womens,5,,245,1,5.00
workout-cible,WorkoutWomenLazyFit,strengths builder,5,,229,5,1.34
workout-cible,WorkoutWomenLazyFit,lytely,5,,33,20,0.82
workout-cible,WorkoutWomenLazyFit,daily workouts   womens health,5,,245,7,1.16
workout-cible,WorkoutWomenLazyFit,intimate fitness   sensation   hormone,5,,237,26,0.76
workout-cible,WorkoutWomenLazyFit,woman training,5,40,240,97,0.57
workout-cible,WorkoutWomenLazyFit,girls workout,5,,247,1,5.00
workout-cible,WorkoutWomenLazyFit,glute workout women,5,,241,10,1.02
workout-cible,WorkoutWomenLazyFit,women strength training,5,,249,2,2.29
workout-cible,WorkoutWomenLazyFit,iphone older adults apk,5,76,225,10,1.02
workout-cible,WorkoutWomenLazyFit,apk iphone older adults,5,76,225,9,1.06
workout-cible,WorkoutWomenLazyFit,iphone older adults subscription,5,84,230,7,1.16
workout-cible,WorkoutWomenLazyFit,iphone older adults for anxiety,5,71,231,28,0.75
workout-cible,WorkoutWomenLazyFit,cheap iphone older adults app,5,85,226,13,0.93
workout-cible,WorkoutWomenLazyFit,gyms calculator,5,40,220,37,0.70
workout-cible,WorkoutWomenLazyFit,home gyms,5,62,248,8,1.10
workout-cible,WorkoutWomenLazyFit,homes gym,5,62,248,18,0.84
workout-cible,WorkoutWomenLazyFit,plate loadings,5,54,218,18,0.84
workout-cible,WorkoutWomenLazyFit,strength trainings,5,71,248,14,0.91
workout-cible,WorkoutWomenLazyFit,working weight,5,62,248,118,0.55
workout-cible,WorkoutWomenLazyFit,workings weight,5,45,197,12,0.96
workout-cible,WorkoutWomenLazyFit,strength calculators,5,71,227,117,0.55
workout-cible,WorkoutWomenLazyFit,free trial description barbell calculato,5,52,218,24,0.78
workout-cible,WorkoutWomenLazyFit,alternatives description barbell calcula,5,72,228,24,0.78
workout-cible,WorkoutWomenLazyFit,ejercicios best app,5,,189,12,0.96
workout-cible,WorkoutWomenLazyFit,my ejercicios best,5,,9,1,5.00
workout-cible,WorkoutWomenLazyFit,ejercicios best free,5,,177,10,1.02
workout-cible,WorkoutWomenLazyFit,ejercicios best online,5,,230,18,0.84
workout-cible,WorkoutWomenLazyFit,top gym calculators app,5,,226,146,0.53
workout-cible,WorkoutWomenLazyFit,free top gym calculators,5,,222,56,0.64
workout-cible,WorkoutWomenLazyFit,my top gym calculators,5,,226,40,0.69
workout-cible,WorkoutWomenLazyFit,top gym calculators free,5,,221,79,0.59
workout-cible,WorkoutWomenLazyFit,gym calculators tracker app,5,,233,210,0.50
workout-cible,WorkoutWomenLazyFit,gym calculators tracker game,5,,235,204,0.50
workout-cible,WorkoutWomenLazyFit,free gym calculators tracker,5,,235,182,0.51
workout-cible,WorkoutWomenLazyFit,my gym calculators tracker,5,,237,184,0.51
workout-cible,WorkoutWomenLazyFit,gym calculators tracker free,5,,239,188,0.50
workout-cible,WorkoutWomenLazyFit,gym calculators tracker best,5,,237,185,0.51
workout-cible,WorkoutWomenLazyFit,free my home gym,5,,243,3,1.74
workout-cible,WorkoutWomenLazyFit,my home gym free,5,,242,4,1.49
workout-cible,WorkoutWomenLazyFit,my home gym online,5,,222,2,2.29
workout-cible,WorkoutWomenLazyFit,free top weight calculator,5,,245,97,0.57
workout-cible,WorkoutWomenLazyFit,my top weight calculator,5,,227,100,0.57
workout-cible,WorkoutWomenLazyFit,top weight calculator free,5,,245,130,0.54
workout-cible,WorkoutWomenLazyFit,free weight calculator tracker,5,,239,239,0.48
workout-cible,WorkoutWomenLazyFit,my weight calculator tracker,5,,235,220,0.49
workout-cible,WorkoutWomenLazyFit,weight calculator tracker best,5,,233,210,0.50
workout-cible,WorkoutWomenLazyFit,free my entrenamiento gym,5,,249,80,0.59
workout-cible,WorkoutWomenLazyFit,top my entrenamiento gym,5,,227,2,2.29
workout-cible,WorkoutWomenLazyFit,my entrenamiento gym free,5,,249,91,0.58
workout-cible,WorkoutWomenLazyFit,my entrenamiento gym best,5,,228,1,5.00
workout-cible,WorkoutWomenLazyFit,my entrenamiento gym online,5,,250,204,0.50
workout-cible,WorkoutWomenLazyFit,strengths calculator best app,5,,233,81,0.59
workout-cible,WorkoutWomenLazyFit,my strengths calculator best,5,,215,64,0.62
workout-cible,WorkoutWomenLazyFit,strengths calculator best free,5,,206,52,0.65
workout-cible,WorkoutWomenLazyFit,my top gym apps,5,,236,9,1.06
workout-cible,WorkoutWomenLazyFit,my description barbell calculator reddit,5,,218,17,0.86
workout-cible,WorkoutWomenLazyFit,free my notification description barbell,5,,230,9,1.06
workout-cible,WorkoutWomenLazyFit,free apk calculator barbell calculator t,5,,239,61,0.63
workout-cible,WorkoutWomenLazyFit,free homescreen calculator barbell calcu,5,,241,52,0.65
workout-cible,WorkoutWomenLazyFit,ejercicios game free app,5,,198,82,0.59
workout-cible,WorkoutWomenLazyFit,ejercicios game free game,5,,202,102,0.56
workout-cible,WorkoutWomenLazyFit,top ejercicios game free,5,,179,104,0.56
workout-cible,WorkoutWomenLazyFit,my ejercicios game free,5,,189,29,0.74
workout-cible,WorkoutWomenLazyFit,ejercicios game free best,5,,142,47,0.66
workout-cible,WorkoutWomenLazyFit,ejercicios best game app,5,,182,83,0.59
workout-cible,WorkoutWomenLazyFit,free ejercicios best game,5,,138,46,0.67
workout-cible,WorkoutWomenLazyFit,ejercicios best game free,5,,142,47,0.66
workout-cible,WorkoutWomenLazyFit,ejercicios best online game,5,,197,162,0.52
workout-cible,WorkoutWomenLazyFit,my ejercicios best online,5,,248,105,0.56
workout-cible,WorkoutWomenLazyFit,ejercicios best online free,5,,204,10,1.02
workout-cible,WorkoutWomenLazyFit,ejercicios best online best,5,,199,15,0.89
workout-cible,WorkoutWomenLazyFit,free top gym calculators app,5,,227,107,0.56
workout-cible,WorkoutWomenLazyFit,top free top gym calculators,5,,212,68,0.61
workout-cible,WorkoutWomenLazyFit,my free top gym calculators,5,,212,55,0.64
workout-cible,WorkoutWomenLazyFit,top gym calculators tracker free,5,,235,208,0.50
workout-cible,WorkoutWomenLazyFit,top gym calculators tracker best,5,,237,228,0.49
workout-cible,WorkoutWomenLazyFit,my gym calculators tracker game,5,,234,217,0.49
workout-cible,WorkoutWomenLazyFit,free my gym calculators tracker,5,,235,178,0.51
workout-cible,WorkoutWomenLazyFit,easy my gym calculators tracker,5,,235,219,0.49
workout-cible,WorkoutWomenLazyFit,my barbell training game app,5,,235,33,0.72
workout-cible,WorkoutWomenLazyFit,top my home gym app,5,,232,8,1.10
workout-cible,WorkoutWomenLazyFit,top my home gym best,5,,228,4,1.49
workout-cible,WorkoutWomenLazyFit,my home gym best free,5,,249,69,0.61
workout-cible,WorkoutWomenLazyFit,free top weight calculator app,5,,237,120,0.55
workout-cible,WorkoutWomenLazyFit,my top weight calculator app,5,,233,180,0.51
workout-cible,WorkoutWomenLazyFit,top weight calculator app free,5,,237,136,0.53
workout-cible,WorkoutWomenLazyFit,top weight calculator app best,5,,230,179,0.51
workout-cible,WorkoutWomenLazyFit,top weight calculator best app,5,,228,184,0.51
workout-cible,WorkoutWomenLazyFit,my top weight calculator best,5,,218,34,0.71
workout-cible,WorkoutWomenLazyFit,top weight calculator best free,5,,211,26,0.76
workout-cible,WorkoutWomenLazyFit,free weight calculator tracker app,5,,242,225,0.49
workout-cible,WorkoutWomenLazyFit,free weight calculator tracker game,5,,236,180,0.51
workout-cible,WorkoutWomenLazyFit,top free weight calculator tracker,5,,238,187,0.51
workout-cible,WorkoutWomenLazyFit,easy free weight calculator tracker,5,,236,182,0.51
workout-cible,WorkoutWomenLazyFit,my free weight calculator tracker,5,,237,192,0.50
workout-cible,WorkoutWomenLazyFit,free weight calculator tracker free,5,,241,203,0.50
workout-cible,WorkoutWomenLazyFit,weight calculator tracker planner game,5,,229,215,0.49
workout-cible,WorkoutWomenLazyFit,my weight calculator tracker planner,5,,224,141,0.53
workout-cible,WorkoutWomenLazyFit,weight calculator tracker planner best,5,,226,136,0.53
workout-cible,WorkoutWomenLazyFit,my entrenamiento gym free app,5,,246,226,0.49
workout-cible,WorkoutWomenLazyFit,free my entrenamiento gym free,5,,249,98,0.57
workout-cible,WorkoutWomenLazyFit,top my entrenamiento gym free,5,,248,93,0.57
workout-cible,WorkoutWomenLazyFit,my entrenamiento gym free best,5,,219,1,5.00
workout-cible,WorkoutWomenLazyFit,free strengths calculator best app,5,,225,49,0.66
workout-cible,WorkoutWomenLazyFit,top free strengths calculator best,5,,208,108,0.56
workout-cible,WorkoutWomenLazyFit,my free strengths calculator best,5,,209,49,0.66
workout-cible,WorkoutWomenLazyFit,free strengths calculator best free,5,,207,56,0.64
workout-cible,WorkoutWomenLazyFit,strengths calculator best tracker game,5,,236,182,0.51
workout-cible,WorkoutWomenLazyFit,my strengths calculator best tracker,5,,242,169,0.51
workout-cible,WorkoutWomenLazyFit,strengths calculator best tracker free,5,,237,88,0.58
workout-cible,WorkoutWomenLazyFit,strengths calculator best tracker best,5,,239,92,0.58
workout-cible,WorkoutWomenLazyFit,strengths calculator best tracker online,5,,240,96,0.57
workout-cible,WorkoutWomenLazyFit,top my top gym apps,5,,235,10,1.02
workout-cible,WorkoutWomenLazyFit,gym apps tracker app game,5,,228,9,1.06
workout-cible,WorkoutWomenLazyFit,free gym apps tracker app,5,,248,49,0.66
workout-cible,WorkoutWomenLazyFit,top my training enter target app,5,,230,10,1.02
workout-cible,WorkoutWomenLazyFit,my training enter target planner free,5,,232,3,1.74
workout-cible,WorkoutWomenLazyFit,home workout for women app,5,,250,1,5.00
workout-cible,WorkoutWomenLazyFit,home workout for women game,5,,242,16,0.87
workout-cible,WorkoutWomenLazyFit,home workout for women app game,5,,245,6,1.24
workout-cible,WorkoutWomenLazyFit,home workout for women app free,5,,247,1,5.00
workout-cible,WorkoutWomenLazyFit,home workout for women app best,5,,244,1,5.00
workout-cible,WorkoutWomenLazyFit,sharing my fitness approach (as requeste,5,61,214,16,0.87
workout-cible,WorkoutWomenLazyFit,entrenamiento en casa game,5,,216,124,0.54
workout-cible,WorkoutWomenLazyFit,30 day workout app,5,,242,16,0.87
workout-cible,WorkoutWomenLazyFit,weight loss workouts app game,5,,229,7,1.16
workout-cible,WorkoutWomenLazyFit,plates app,5,53,239,11,0.98
workout-cible,WorkoutWomenLazyFit,reddit working weights,5,,224,11,0.98
workout-cible,WorkoutWomenLazyFit,free workout apps app,5,,249,49,0.66
workout-cible,WorkoutWomenLazyFit,reddit description barbell calculator gu,5,43,217,28,0.75
workout-cible,WorkoutWomenLazyFit,free 30 day workout app,5,,245,213,0.49
workout-cible,WorkoutWomenLazyFit,weight loss workouts app game app,5,,228,7,1.16
workout-cible,WorkoutWomenLazyFit,working weights reddit app,5,,218,8,1.10
workout-cible,WorkoutWomenLazyFit,top working weights review,5,,229,17,0.86
workout-cible,WorkoutWomenLazyFit,top calculator barbell calculator reddit,5,40,221,31,0.73
workout-cible,WorkoutWomenLazyFit,top gym app free,5,,248,41,0.68
workout-cible,WorkoutWomenLazyFit,top gym app online,5,,232,11,0.98
workout-cible,WorkoutWomenLazyFit,gyms app reddit game,5,,250,38,0.70
workout-cible,WorkoutWomenLazyFit,free workout apps app free,5,,247,25,0.77
workout-cible,WorkoutWomenLazyFit,free workout apps app best,5,,247,69,0.61
workout-cible,WorkoutWomenLazyFit,free workout apps app online,5,,249,35,0.71
workout-cible,WorkoutWomenLazyFit,free workout apps app tracker,5,,247,58,0.63
workout-cible,WorkoutWomenLazyFit,free workout apps app planner,5,,247,73,0.60
workout-cible,WorkoutWomenLazyFit,lyra health app game free,5,,230,57,0.63
workout-cible,WorkoutWomenLazyFit,yoga box app game app tracker,5,,208,65,0.62
workout-cible,WorkoutWomenLazyFit,ejercicios en casa game app game,5,,204,119,0.55
workout-cible,WorkoutWomenLazyFit,ejercicios en casa game app free,5,,197,37,0.70
workout-cible,WorkoutWomenLazyFit,ejercicios en casa game app best,5,,195,61,0.63
workout-cible,WorkoutWomenLazyFit,ejercicios en casa game app online,5,,208,58,0.63
workout-cible,WorkoutWomenLazyFit,ejercicios en casa game app tracker,5,,221,41,0.68
workout-cible,WorkoutWomenLazyFit,ejercicios en casa game app planner,5,,217,20,0.82
workout-cible,WorkoutWomenLazyFit,entrenamiento en casa app game free,5,,179,64,0.62
workout-cible,WorkoutWomenLazyFit,entrenamiento en casa app game online,5,,201,73,0.60
workout-cible,WorkoutWomenLazyFit,entrenamiento en casa app game tracker,5,,218,31,0.73
workout-cible,WorkoutWomenLazyFit,entrenamiento en casa app game planner,5,,214,26,0.76
workout-cible,WorkoutWomenLazyFit,30 day workout app game planner,5,,234,4,1.49
workout-cible,WorkoutWomenLazyFit,review barbell calculator,5,55,233,47,0.66
workout-cible,WorkoutWomenLazyFit,barbell calculator reddit game,5,,222,26,0.76
workout-cible,WorkoutWomenLazyFit,barbell calculator reddit online,5,,218,23,0.79
workout-cible,WorkoutWomenLazyFit,workout tracker: app,5,,246,56,0.64
workout-cible,WorkoutWomenLazyFit,homework coach,5,,231,68,0.61
workout-cible,WorkoutWomenLazyFit,calendar coach,5,,222,172,0.51
workout-cible,WorkoutWomenLazyFit,dance guide,5,,231,116,0.55
workout-cible,WorkoutWomenLazyFit,free workout apps free,5,,248,23,0.79
workout-cible,WorkoutWomenLazyFit,free workout apps best,5,,247,12,0.96
workout-cible,WorkoutWomenLazyFit,free workout apps online,5,,246,7,1.16
workout-cible,WorkoutWomenLazyFit,my home gym,5,,234,1,5.00
workout-cible,WorkoutWomenLazyFit,forms builder,5,,221,66,0.62
workout-cible,WorkoutWomenLazyFit,flexibility coach,5,,223,34,0.71
workout-cible,WorkoutWomenLazyFit,daily workout free app,5,,247,3,1.74
workout-cible,WorkoutWomenLazyFit,free daily workout free,5,,247,122,0.55
workout-cible,WorkoutWomenLazyFit,top daily workout free,5,,244,16,0.87
workout-cible,WorkoutWomenLazyFit,kettle bell workout app,5,,247,2,2.29
workout-cible,WorkoutWomenLazyFit,top lazy fit free,5,,242,167,0.52
workout-cible,WorkoutWomenLazyFit,flexibility planner,5,,223,73,0.60
workout-cible,WorkoutWomenLazyFit,bmı app,5,,221,34,0.71
workout-cible,WorkoutWomenLazyFit,free bmı,5,,247,26,0.76
workout-cible,WorkoutWomenLazyFit,my bmı,5,,189,114,0.55
workout-cible,WorkoutWomenLazyFit,my trane home,5,,196,5,1.34
workout-cible,WorkoutWomenLazyFit,free at home workouts free,5,,249,16,0.87
workout-cible,WorkoutWomenLazyFit,easy at home workouts free,5,,250,233,0.49
workout-cible,WorkoutWomenLazyFit,my at home workouts free,5,,250,7,1.16
workout-cible,WorkoutWomenLazyFit,at home workouts free best,5,,250,8,1.10
workout-cible,WorkoutWomenLazyFit,outline builder,5,,192,14,0.91
workout-cible,WorkoutWomenLazyFit,song trainer,5,,215,187,0.51
workout-cible,WorkoutWomenLazyFit,daily check in guide tracker,5,,233,148,0.53
workout-cible,WorkoutWomenLazyFit,daily check in guide planner,5,,239,77,0.60
workout-cible,WorkoutWomenLazyFit,review barbell calculator app free app,5,,234,46,0.67
workout-cible,WorkoutWomenLazyFit,strength calculators reddit,5,,238,40,0.69
workout-cible,WorkoutWomenLazyFit,free daily pay tracker planner,5,,243,227,0.49
workout-cible,WorkoutWomenLazyFit,reddit description barbell calculator pr,5,,214,33,0.72
workout-cible,WorkoutWomenLazyFit,tutorial reddit calculator barbell calcu,5,,219,27,0.76
workout-cible,WorkoutWomenLazyFit,daily check in guide free tracker,5,,230,91,0.58
workout-cible,WorkoutWomenLazyFit,daily check in guide online tracker,5,,227,99,0.57
workout-cible,WorkoutWomenLazyFit,daily check in guide online planner,5,,237,80,0.59
workout-cible,WorkoutWomenLazyFit,cheap iphone older adults apk,5,,224,10,1.02
workout-cible,WorkoutWomenLazyFit,apk cheap iphone older adults,5,,224,10,1.02
workout-cible,WorkoutWomenLazyFit,good iphone older adults app apk,5,,223,14,0.91
workout-cible,WorkoutWomenLazyFit,daily pay free coach game tracker,5,,234,87,0.58
workout-cible,WorkoutWomenLazyFit,daily pay free coach online tracker,5,,234,56,0.64
workout-cible,WorkoutWomenLazyFit,daily pay tracker free app planner,5,,244,153,0.52
workout-cible,WorkoutWomenLazyFit,daily pay tracker free app coach,5,,231,74,0.60
workout-cible,WorkoutWomenLazyFit,daily pay tracker free game planner,5,,246,128,0.54
workout-cible,WorkoutWomenLazyFit,daily pay tracker free game coach,5,,230,122,0.55
workout-cible,WorkoutWomenLazyFit,strength calculators reddit planner,5,,229,86,0.58
workout-cible,WorkoutWomenLazyFit,review strength calculators best,5,,225,23,0.79
workout-cible,WorkoutWomenLazyFit,review strength calculators planner,5,,218,37,0.70
workout-cible,WorkoutWomenLazyFit,gym app reddit game,5,,250,14,0.91
workout-cible,WorkoutWomenLazyFit,target weight works reddit app,5,,212,23,0.79
workout-cible,WorkoutWomenLazyFit,top target weight works reddit,5,,209,9,1.06
workout-cible,WorkoutWomenLazyFit,top reddit target weight works,5,,217,6,1.24
workout-cible,WorkoutWomenLazyFit,tutorial target weight works best,5,,220,14,0.91
workout-cible,WorkoutWomenLazyFit,apk barbell calculator tutorial best app,5,,218,20,0.82
workout-cible,WorkoutWomenLazyFit,apk review barbell calculator guide best,5,,211,16,0.87
workout-cible,WorkoutWomenLazyFit,easy apk gyms plates best,5,,216,8,1.10
workout-cible,WorkoutWomenLazyFit,easy tutorial bumpers plates journal,5,,201,19,0.83
workout-cible,WorkoutWomenLazyFit,easy review strength calculators coach,5,,232,139,0.53
workout-cible,WorkoutWomenLazyFit,my gym app reddit game,5,,250,10,1.02
workout-cible,WorkoutWomenLazyFit,my review gym app daily,5,,230,7,1.16
workout-cible,WorkoutWomenLazyFit,reddit target weight works free app,5,,226,5,1.34
workout-cible,WorkoutWomenLazyFit,reddit target weight works free best,5,,220,11,0.98
workout-cible,WorkoutWomenLazyFit,reddit target weight works free online,5,,217,11,0.98
workout-cible,WorkoutWomenLazyFit,subscription easy review strength calcul,5,,1,1,5.00
workout-cible,WorkoutWomenLazyFit,shortcut my review gym app online,5,,223,13,0.93
workout-cible,WorkoutWomenLazyFit,review tracker calculator planner,5,,242,232,0.49
workout-cible,WorkoutWomenLazyFit,review my gyms plates reddit best guide,5,,223,5,1.34
workout-cible,WorkoutWomenLazyFit,bumpers plates reddit app free best tuto,5,,212,21,0.81
workout-cible,WorkoutWomenLazyFit,tutorial my gym app reddit online review,5,,237,13,0.93
workout-cible,WorkoutWomenLazyFit,reviews tutorial my gym app reddit onlin,5,,235,6,1.24
workout-cible,WorkoutWomenLazyFit,reviews my review gym app online tutoria,5,,228,10,1.02
workout-cible,WorkoutWomenLazyFit,reviews my review gym app online guide,5,,232,16,0.87
workout-cible,WorkoutWomenLazyFit,apk reviews my review gym app online,5,,224,8,1.10
workout-cible,WorkoutWomenLazyFit,reddit target workout clothes,5,,234,6,1.24
workout-cible,WorkoutWomenLazyFit,reddit free weight program,5,,227,2,2.29
workout-cible,WorkoutWomenLazyFit,weighting game download,5,,220,16,0.87
workout-cible,WorkoutWomenLazyFit,free review tracker calculator coach,5,,231,171,0.51
workout-cible,WorkoutWomenLazyFit,easy barbell calculator app free,5,,228,39,0.69
workout-cible,WorkoutWomenLazyFit,easy barbell calculator app best,5,,222,39,0.69
workout-cible,WorkoutWomenLazyFit,top barbell math app daily,5,,217,23,0.79
workout-cible,WorkoutWomenLazyFit,free reddit barbell medicine bodybuildin,5,,206,30,0.74
workout-cible,WorkoutWomenLazyFit,free hide apps free coach,5,,221,24,0.78
workout-cible,WorkoutWomenLazyFit,wall quick,5,,151,2,2.29
workout-cible,WorkoutWomenLazyFit,home workout no weights,5,40,244,198,0.50
workout-cible,WorkoutWomenLazyFit,light weight,5,,206,15,0.89
workout-cible,WorkoutWomenLazyFit,run trakcer,5,,221,187,0.51
workout-cible,WorkoutWomenLazyFit,aft bmi caculator,5,,211,30,0.74
workout-cible,WorkoutWomenLazyFit,free calculator free best,5,,238,135,0.54
workout-cible,WorkoutWomenLazyFit,free calculator free planner,5,,239,212,0.49
workout-cible,WorkoutWomenLazyFit,free calculator free coach,5,,232,138,0.53
workout-cible,WorkoutWomenLazyFit,free calculator free app best,5,,225,216,0.49
workout-cible,WorkoutWomenLazyFit,free calculator free app coach,5,,222,189,0.50
workout-cible,WorkoutWomenLazyFit,free calculator free app daily,5,,225,221,0.49
workout-cible,WorkoutWomenLazyFit,top pfa calculator free game,5,,222,41,0.68
workout-cible,WorkoutWomenLazyFit,top pfa calculator free online,5,,225,29,0.74
workout-cible,WorkoutWomenLazyFit,top pfa calculator free coach,5,,226,38,0.70
workout-cible,WorkoutWomenLazyFit,top pfa calculator free tips,5,,226,55,0.64
workout-cible,WorkoutWomenLazyFit,top pfa calculator free daily,5,,223,32,0.73
workout-cible,WorkoutWomenLazyFit,reddit top pfa calculator reminder app,5,,224,21,0.81
workout-cible,WorkoutWomenLazyFit,notification top pfa calculator reminder,5,,234,39,0.69
workout-cible,WorkoutWomenLazyFit,reddit top pfa calculator reminder app r,5,,228,11,0.98
workout-cible,WorkoutWomenLazyFit,reddit top pfa calculator reminder app g,5,,227,10,1.02
workout-cible,WorkoutWomenLazyFit,mod reddit top pfa calculator reminder a,5,,227,17,0.86
workout-cible,WorkoutWomenLazyFit,calculator app for games,5,,220,156,0.52
workout-cible,WorkoutWomenLazyFit,gold weight calculator app iphone game,5,,231,94,0.57
workout-cible,WorkoutWomenLazyFit,gold weight calculator app iphone best,5,,237,72,0.60
workout-cible,WorkoutWomenLazyFit,gold weight calculator app iphone online,5,,239,98,0.57
workout-cible,WorkoutWomenLazyFit,gold weight calculator app iphone tracke,5,,237,118,0.55
workout-cible,WorkoutWomenLazyFit,gold weight calculator app iphone ideas,5,,238,91,0.58
workout-cible,WorkoutWomenLazyFit,gold weight calculator app iphone app re,5,,238,120,0.55
workout-cible,WorkoutWomenLazyFit,focus gym,5,,232,90,0.58
workout-cible,WorkoutWomenLazyFit,subscription day. calendar,5,,209,92,0.58
workout-cible,WorkoutWomenLazyFit,bmi fits,5,,202,13,0.93
workout-cible,WorkoutWomenLazyFit,pfa calculator app best coach,5,,232,33,0.72
workout-cible,WorkoutWomenLazyFit,pfa calculator free game,5,,220,27,0.76
workout-cible,WorkoutWomenLazyFit,pfa calculator free best,5,,224,38,0.70
workout-cible,WorkoutWomenLazyFit,pfa calculator free online,5,,223,24,0.78
workout-cible,WorkoutWomenLazyFit,pfa calculator free journal,5,,219,32,0.73
workout-cible,WorkoutWomenLazyFit,pfa calculator free reminder,5,,215,21,0.81
workout-cible,WorkoutWomenLazyFit,pfa calculator best planner,5,,236,10,1.02
workout-cible,WorkoutWomenLazyFit,my pfa calculator free game,5,,226,12,0.96
workout-cible,WorkoutWomenLazyFit,pfa calculator free game free,5,,217,21,0.81
workout-cible,WorkoutWomenLazyFit,pfa calculator free game best,5,,222,31,0.73
workout-cible,WorkoutWomenLazyFit,pfa calculator free game online,5,,225,28,0.75
workout-cible,WorkoutWomenLazyFit,my pfa calculator free planner,5,,229,2,2.29
workout-cible,WorkoutWomenLazyFit,pfa calculator free planner app best,5,,235,7,1.16
workout-cible,WorkoutWomenLazyFit,pfa calculator free planner app coach,5,,239,9,1.06
workout-cible,WorkoutWomenLazyFit,free pfa calculator afrotc app,5,,218,46,0.67
workout-cible,WorkoutWomenLazyFit,pfa calculator afrotc app free,5,,221,31,0.73
workout-cible,WorkoutWomenLazyFit,pfa calculator afrotc app game free,5,,217,32,0.73
workout-cible,WorkoutWomenLazyFit,nudge have gentle,5,,230,2,2.29
workout-cible,WorkoutWomenLazyFit,Women’s strength training app,5,,239,6,1.24
workout-cible,WorkoutWomenLazyFit,calendar for seniors,5,,207,49,0.66
workout-cible,WorkoutWomenLazyFit,routine exercise planner,5,,240,40,0.69
workout-cible,WorkoutWomenLazyFit,gym coach track,5,,231,35,0.71
workout-cible,WorkoutWomenLazyFit,military offline,5,,232,216,0.49
workout-cible,WorkoutWomenLazyFit,checker workouts review,5,,225,17,0.86
workout-cible,WorkoutWomenLazyFit,checker workouts reviews,5,,226,15,0.89
workout-cible,WorkoutWomenLazyFit,reviews checker workouts,5,,226,17,0.86
workout-cible,WorkoutWomenLazyFit,barbell alliance,5,,228,22,0.80
workout-cible,WorkoutWomenLazyFit,line calculator,5,,223,85,0.58
workout-cible,WorkoutWomenLazyFit,fasting for acycle fastingwomen,5,,233,45,0.67
workout-cible,WorkoutWomenLazyFit,perimenopause fasting,5,,237,61,0.63
workout-cible,WorkoutWomenLazyFit,calculator fit,5,,229,2,2.29
workout-cible,WorkoutWomenLazyFit,calculator muscle,5,,231,105,0.56
workout-cible,WorkoutWomenLazyFit,calculator trainingsapp,5,,225,152,0.52
workout-cible,WorkoutWomenLazyFit,videos calculator,5,,207,165,0.52
workout-cible,WorkoutWomenLazyFit,barbell dames,5,,224,15,0.89
workout-cible,WorkoutWomenLazyFit,weightliftings workout desmos,5,,236,7,1.16
workout-cible,WorkoutWomenLazyFit,tinder für rezepte,5,,207,19,0.83
workout-cible,WorkoutWomenLazyFit,identifier deadlifts jeux,5,,214,1,5.00
workout-cible,WorkoutWomenLazyFit,chair yoga for women,5,,228,28,0.75
workout-cible,WorkoutWomenLazyFit,no coaches,5,,230,45,0.67
workout-cible,WorkoutWomenLazyFit,one minute never skip,5,42,207,10,1.02
workout-cible,WorkoutWomenLazyFit,barbell photos,5,,225,25,0.77
workout-cible,WorkoutWomenLazyFit,game calculator online planner coach,5,,223,185,0.51
workout-cible,WorkoutWomenLazyFit,abnehm trainings,5,,204,8,1.10
workout-cible,WorkoutWomenLazyFit,supp trainingsplan workout,5,,227,7,1.16
workout-cible,WorkoutWomenLazyFit,nexus period cycle tracker,5,,230,208,0.50
workout-cible,WorkoutWomenLazyFit,sonidos deadlift,5,,229,15,0.89
workout-cible,WorkoutWomenLazyFit,subscriptions tracking app,5,,237,142,0.53
workout-cible,WorkoutWomenLazyFit,strength training calculator,5,,240,211,0.49
workout-cible,WorkoutWomenLazyFit,free weight calculator,5,,247,152,0.52
workout-cible,WorkoutWomenLazyFit,heath planner,5,,236,88,0.58
workout-cible,WorkoutWomenLazyFit,fitmaxx,5,,216,5,1.34
workout-cible,WorkoutWomenLazyFit,closing line,5,,244,80,0.59
workout-cible,WorkoutWomenLazyFit,gym weights calculator,5,,223,55,0.64
workout-cible,WorkoutWomenLazyFit,home gym calculator,5,38,231,16,0.87
workout-cible,WorkoutWomenLazyFit,gym calculator weights,5,,222,39,0.69
workout-cible,WorkoutWomenLazyFit,gym weight trackers,5,,247,11,0.98
workout-cible,WorkoutWomenLazyFit,gyms weight tracker,5,,240,53,0.64
workout-cible,WorkoutWomenLazyFit,neck excersises,5,,216,24,0.78
workout-cible,WorkoutWomenLazyFit,fitness app bodyweight,5,,234,39,0.69
workout-cible,WorkoutWomenLazyFit,runningwith friends,5,,182,40,0.69
workout-cible,WorkoutWomenLazyFit,postpartum body,5,,228,64,0.62
workout-cible,WorkoutWomenLazyFit,oach running,5,,204,26,0.76
workout-cible,WorkoutWomenLazyFit,planey plane,5,,230,91,0.58
workout-cible,WorkoutWomenLazyFit,military fitness calculator,5,,214,93,0.57
workout-cible,WorkoutWomenLazyFit,daily loss limit,5,42,143,8,1.10
workout-cible,WorkoutWomenLazyFit,military calesthanics,5,,196,21,0.81
workout-cible,WorkoutWomenLazyFit,exercising at home,5,,248,3,1.74
workout-cible,WorkoutWomenLazyFit,calendar for women,5,,224,33,0.72
workout-cible,WorkoutWomenLazyFit,fitnesschallenge,5,,248,67,0.61
workout-cible,WorkoutWomenLazyFit,female workout planner,5,,246,35,0.71
workout-cible,WorkoutWomenLazyFit,it buddy,5,,195,115,0.55
workout-cible,WorkoutWomenLazyFit,light mete,5,,243,32,0.73
workout-cible,WorkoutWomenLazyFit,strength training for women over 40,5,,238,10,1.02
workout-cible,WorkoutWomenLazyFit,loss limit,5,,225,13,0.93
workout-cible,WorkoutWomenLazyFit,gym focus,5,58,219,182,0.51
workout-cible,WorkoutWomenLazyFit,plano dieta,5,,235,196,0.50
workout-cible,WorkoutWomenLazyFit,programming buddy,5,,203,28,0.75
workout-cible,WorkoutWomenLazyFit,lazy weight loss,5,,244,207,0.50
workout-cible,WorkoutWomenLazyFit,workout challange,5,,248,3,1.74
workout-cible,WorkoutWomenLazyFit,calithenie,5,,250,15,0.89
workout-cible,WorkoutWomenLazyFit,body fat loss,5,,213,103,0.56
workout-cible,WorkoutWomenLazyFit,calculate weight,5,,219,165,0.52
workout-cible,WorkoutWomenLazyFit,ab coach,5,,218,37,0.70
workout-cible,WorkoutWomenLazyFit,ab tracker,5,,232,103,0.56
workout-cible,WorkoutWomenLazyFit,ai beauty coach & glow routine,5,,243,130,0.54
workout-cible,WorkoutWomenLazyFit,abnehmcoach,5,69,236,48,0.66
workout-cible,WorkoutWomenLazyFit,lifetime fitness vision,5,,241,126,0.54
workout-cible,WorkoutWomenLazyFit,lifetime fitness tracker,5,,222,18,0.84
workout-cible,WorkoutWomenLazyFit,lifetime fitness health,5,,215,10,1.02
workout-cible,WorkoutWomenLazyFit,lifetime fitness fast,5,,247,112,0.55
workout-cible,WorkoutWomenLazyFit,line number,5,,235,152,0.52
workout-cible,WorkoutWomenLazyFit,smart workout planner,5,,243,13,0.93
workout-cible,WorkoutWomenLazyFit,buddy home,5,89,239,43,0.68
workout-cible,WorkoutWomenLazyFit,builder workout,5,,247,30,0.74
workout-cible,WorkoutWomenLazyFit,postpartum fitness,5,,232,16,0.87
workout-cible,WorkoutWomenLazyFit,fitnell,5,,247,6,1.24
workout-cible,WorkoutWomenLazyFit,home workout builder,5,,248,21,0.81
workout-cible,WorkoutWomenLazyFit,home gym planner,5,,249,103,0.56
workout-cible,WorkoutWomenLazyFit,inbody h30,5,,114,7,1.16
workout-cible,WorkoutWomenLazyFit,a healthy me,5,,199,57,0.63
workout-cible,WorkoutWomenLazyFit,form google forms &,5,,238,109,0.56
workout-cible,WorkoutWomenLazyFit,strength women,5,,242,18,0.84
workout-cible,WorkoutWomenLazyFit,workout beginners,5,,248,2,2.29
workout-cible,WorkoutWomenLazyFit,strength training program for women,5,,240,5,1.34
workout-cible,WorkoutWomenLazyFit,strength workout routine,5,,240,32,0.73
workout-cible,WorkoutWomenLazyFit,military calisthenics women・hq,5,,250,9,1.06
workout-cible,WorkoutWomenLazyFit,glow weight,5,,192,7,1.16
workout-cible,WorkoutWomenLazyFit,home workout free app,5,,248,3,1.74
workout-cible,WorkoutWomenLazyFit,workout routines free,5,,248,3,1.74
workout-cible,WorkoutWomenLazyFit,women health app,5,,247,2,2.29
workout-cible,WorkoutWomenLazyFit,women calisthenic,5,,248,68,0.61
workout-cible,WorkoutWomenLazyFit,fitnnes,5,,247,8,1.10
workout-cible,WorkoutWomenLazyFit,military calesthenics,5,48,193,183,0.51
workout-cible,WorkoutWomenLazyFit,flexibility woman,5,,246,53,0.64
workout-cible,WorkoutWomenLazyFit,xercise,5,,219,139,0.53
workout-cible,WorkoutWomenLazyFit,woman home sport,5,,247,29,0.74
workout-cible,WorkoutWomenLazyFit,7za,5,,145,120,0.55
workout-cible,WorkoutWomenLazyFit,fitenss,5,,247,7,1.16
workout-cible,WorkoutWomenLazyFit,lose  weight,5,,250,9,1.06
workout-cible,WorkoutWomenLazyFit,workout at home: no equipment,5,,247,3,1.74
workout-cible,WorkoutWomenLazyFit,sport for women,5,,247,2,2.29
workout-cible,WorkoutWomenLazyFit,マイフィットネスパル,,62,244,206,
workout-cible,WorkoutWomenLazyFit,myfitnesspal app free,,,238,8,
workout-cible,WorkoutWomenLazyFit,quick check app,,,205,137,
workout-cible,WorkoutWomenLazyFit,women's health tracker,,,234,61,
workout-cible,WorkoutWomenLazyFit,afvallen gratis,,,129,15,
workout-cible,WorkoutWomenLazyFit,ออกกำลังกายฟรี,,72,15,6,
workout-cible,WorkoutWomenLazyFit,madmuscles workouts,,,26,25,
workout-cible,WorkoutWomenLazyFit,women shefit,,,6,3,
workout-cible,WorkoutWomenLazyFit,workout postpartum,,47,250,4,
workout-cible,WorkoutWomenLazyFit,bodi fitness,,,207,118,
workout-cible,WorkoutWomenLazyFit,fitness meme,,,244,55,
workout-cible,WorkoutWomenLazyFit,workout meme,,,242,125,
workout-cible,WorkoutWomenLazyFit,walk%20at%20home,,,205,129,
workout-cible,WorkoutWomenLazyFit,30%20day%20ab%20challenge,,,118,45,
workout-cible,WorkoutWomenLazyFit,light%20lazy%20yoga%20free,,,27,4,
workout-cible,WorkoutWomenLazyFit,glute%20workouts%20for%20women,,71,245,147,
workout-cible,WorkoutWomenLazyFit,pilates%20at%20home%20free,,,196,33,
workout-cible,WorkoutWomenLazyFit,better%20me%20chair%20yoga,,37,44,32,
workout-cible,WorkoutWomenLazyFit,home%20workout%20no%20equipment,,40,249,231,
workout-cible,WorkoutWomenLazyFit,28%20day%20wall%20pilates%20free,,36,114,57,
workout-cible,WorkoutWomenLazyFit,postp[artum,,40,248,33,
workout-cible,WorkoutWomenLazyFit,training for women,,,244,6,
workout-cible,WorkoutWomenLazyFit,women's workout hub,,,247,109,
workout-cible,WorkoutWomenLazyFit,skinny],,,176,65,
workout-cible,WorkoutWomenLazyFit,quickworkout,,,238,39,
workout-cible,WorkoutWomenLazyFit,quick planner,,,245,42,
workout-cible,WorkoutWomenLazyFit,days elapsed,,,227,194,
workout-cible,WorkoutWomenLazyFit,lifetime purchase,,,162,102,
workout-cible,WorkoutWomenLazyFit,fitness],,75,242,92,
workout-cible,WorkoutWomenLazyFit,workout noequipment,,,248,225,
workout-cible,WorkoutWomenLazyFit,women's home workout,,,240,6,
workout-cible,WorkoutWomenLazyFit,workout at home for women,,,248,1,
workout-cible,WorkoutWomenLazyFit,planet fitness bests,,,250,244,
workout-cible,WorkoutWomenLazyFit,home work outs,,,246,9,
workout-cible,WorkoutWomenLazyFit,[home workouts],,,238,188,
workout-cible,WorkoutWomenLazyFit,with body,,,192,163,
workout-cible,WorkoutWomenLazyFit,strengthtraining,,,248,14,
workout-cible,WorkoutWomenLazyFit,women's sports,,78,241,232,
workout-cible,WorkoutWomenLazyFit,day planner  daily planner,,,239,184,
workout-cible,WorkoutWomenLazyFit,work with me,,,133,7,
workout-cible,WorkoutWomenLazyFit,post game,,,217,155,
workout-cible,WorkoutWomenLazyFit,read lines with me,,,156,35,
workout-cible,WorkoutWomenLazyFit,simple: weight loss coach,,,215,125,
workout-cible,WorkoutWomenLazyFit,strength-calculator,,,230,107,
workout-cible,WorkoutWomenLazyFit,30 minute meals,,,218,79,
workout-cible,WorkoutWomenLazyFit,my top gym calculators tracker,,,237,203,
workout-cible,WorkoutWomenLazyFit,my home gym best online,,,216,2,
workout-cible,WorkoutWomenLazyFit,beginner's guide to working out,,68,196,4,
workout-cible,WorkoutWomenLazyFit,beginner's guide to working out free,,,196,18,
workout-cible,WorkoutWomenLazyFit,reddit beginner's guide to working out f,,,220,37,
workout-cible,WorkoutWomenLazyFit,reviews beginner's guide to working out,,,247,160,
workout-cible,WorkoutWomenLazyFit,top hyrox app game,,,214,35,
workout-cible,WorkoutWomenLazyFit,keto journal,,,225,210,
workout-cible,WorkoutWomenLazyFit,top barbell calculator reddit,,,217,23,
workout-cible,WorkoutWomenLazyFit,at home workouts free app,,,250,2,
workout-cible,WorkoutWomenLazyFit,at home workouts free online,,,250,11,
workout-cible,WorkoutWomenLazyFit,daily pay free coach tracker,,,235,88,
workout-cible,WorkoutWomenLazyFit,gym app guide,,,231,30,
workout-cible,WorkoutWomenLazyFit,free watch calculator planner coach,,,229,191,
workout-cible,WorkoutWomenLazyFit,handle her,,,181,6,
workout-cible,WorkoutWomenLazyFit,gold weight calculator app iphone,,,238,120,
workout-cible,WorkoutWomenLazyFit,gold weight calculator app iphone app,,,240,114,
workout-cible,WorkoutWomenLazyFit,gold weight calculator app iphone free,,,241,122,
workout-cible,WorkoutWomenLazyFit,gold weight calculator app iphone tips,,,235,96,
workout-cible,WorkoutWomenLazyFit,pfa calculator free tracker,,,224,43,
workout-cible,WorkoutWomenLazyFit,pfa calculator free planner,,,225,6,
workout-cible,WorkoutWomenLazyFit,pfa calculator free coach,,,218,25,
workout-cible,WorkoutWomenLazyFit,free pfa calculator free game,,,219,61,
workout-cible,WorkoutWomenLazyFit,easy pfa calculator free game,,,224,41,
workout-cible,WorkoutWomenLazyFit,pfa calculator free planner online,,,228,7,
workout-cible,WorkoutWomenLazyFit,pfa calculator free planner app online,,,238,5,
workout-cible,WorkoutWomenLazyFit,pfa calculator free planner app game apk,,,234,8,
workout-cible,WorkoutWomenLazyFit,nudge mod gentle,,,229,1,
workout-cible,WorkoutWomenLazyFit,review checker workouts,,,228,14,
workout-cible,WorkoutWomenLazyFit,"gym tracker",,,246,94,
workout-cible,WorkoutWomenLazyFit,"gym plan",,42,241,41,
workout-cible,WorkoutWomenLazyFit,[bosy,,,243,205,
workout-cible,WorkoutWomenLazyFit,the tea app for women,,,207,12,
workout-cible,WorkoutWomenLazyFit,itpro,,,228,186,
workout-cible,WorkoutWomenLazyFit,fiton workouts & fitness,,,245,67,
workout-cible,WorkoutWomenLazyFit,workout plan for gym beginners,,,235,1,
workout-cible,WorkoutWomenLazyFit,stretching online,,,201,96,
workout-cible,WorkoutWomenLazyFit,bmi calculator gratis,,,206,173,
workout-cible,WorkoutWomenLazyFit,'workout,,,245,5,
workout-cible,WorkoutWomenLazyFit,miltry calesthanics,,,92,12,
workout-cible,WorkoutWomenLazyFit,post kit,,,207,129,
workout-cible,WorkoutWomenLazyFit,women's,,,234,1,
workout-cible,WorkoutWomenLazyFit,women’s,,,224,1,
workout-cible,WorkoutWomenLazyFit,workouts for men: gym & home,,,245,29,
workout-cible,WorkoutWomenLazyFit,lazyfi,,,51,30,
workout-cible,OrganicFit,planet fitness,74,97,249,248,7.13
workout-cible,OrganicFit,la fitness,62,87,248,224,6.07
workout-cible,OrganicFit,fabletics,61,66,154,38,8.49
workout-cible,OrganicFit,فري فاير,60,96,250,187,6.06
workout-cible,OrganicFit,nova,58,76,248,247,5.59
workout-cible,OrganicFit,anytime fitness,58,81,248,74,6.97
workout-cible,OrganicFit,lose it,56,80,248,186,5.66
workout-cible,OrganicFit,ifit,52,100,250,214,5.13
workout-cible,OrganicFit,exercise apps,41,65,250,242,3.97
workout-cible,OrganicFit,weight loss app free,35,66,247,49,4.59
workout-cible,OrganicFit,free workout apps for women,34,53,248,27,5.15
workout-cible,OrganicFit,workout anytime,34,83,248,26,5.20
workout-cible,OrganicFit,24 7 workout anytime,31,42,246,196,3.11
workout-cible,OrganicFit,women workout,29,68,247,53,3.74
workout-cible,OrganicFit,exercise apps for women free,29,59,247,18,4.90
workout-cible,OrganicFit,just fit lazy workout free,28,59,247,197,2.80
workout-cible,OrganicFit,free exercise app for women,27,55,247,29,4.01
workout-cible,OrganicFit,silbe by silvy,26,30,5,4,7.74
workout-cible,OrganicFit,weight loss for women,23,72,246,14,4.19
workout-cible,OrganicFit,workout apps for women,21,76,248,6,5.19
workout-cible,OrganicFit,excercise app,21,63,248,87,2.44
workout-cible,OrganicFit,organisateur,19,70,234,130,2.05
workout-cible,OrganicFit,free weight loss apps,15,70,248,213,1.48
workout-cible,OrganicFit,ensi,14,82,248,233,1.36
workout-cible,OrganicFit,for health,13,68,248,210,1.29
workout-cible,OrganicFit,fable5,11,60,239,31,1.61
workout-cible,OrganicFit,loose it,10,59,248,127,1.08
workout-cible,OrganicFit,free fitness app,9,69,248,183,0.91
workout-cible,OrganicFit,just fit,9,73,197,156,0.94
workout-cible,OrganicFit,activité,9,89,242,188,0.91
workout-cible,OrganicFit,the 21 days challenge,9,53,195,182,0.91
workout-cible,OrganicFit,workout for women,8,67,248,216,0.79
workout-cible,OrganicFit,lose weight app for women,8,71,247,25,1.24
workout-cible,OrganicFit,organic fit,8,57,250,1,8.00
workout-cible,OrganicFit,attivita,8,86,243,131,0.86
workout-cible,OrganicFit,womens workout,7,,248,32,1.02
workout-cible,OrganicFit,home workout for women,6,64,245,27,0.91
workout-cible,OrganicFit,suivi poids,6,46,246,136,0.64
workout-cible,OrganicFit,тренировки,6,58,248,165,0.62
workout-cible,OrganicFit,silbe,6,,104,61,0.75
workout-cible,OrganicFit,ejercicios en casa app,6,,248,10,1.22
workout-cible,OrganicFit,justfit lazy workout,6,63,245,109,0.67
workout-cible,OrganicFit,asian pilates free,6,44,250,6,1.48
workout-cible,OrganicFit,nordletics,6,,209,102,0.68
workout-cible,OrganicFit,lose weight fast,5,49,248,40,0.69
workout-cible,OrganicFit,weight loss workout,5,58,238,37,0.70
workout-cible,OrganicFit,caminar para bajar de peso,5,69,244,130,0.54
workout-cible,OrganicFit,gym workouts for women,5,70,247,52,0.65
workout-cible,OrganicFit,dede,5,,231,222,0.49
workout-cible,OrganicFit,exercise apps for women,5,55,248,5,1.34
workout-cible,OrganicFit,losing weight app,5,75,249,136,0.53
workout-cible,OrganicFit,rutina de ejercicios,5,58,250,149,0.53
workout-cible,OrganicFit,7 minute workout app,5,51,240,150,0.52
workout-cible,OrganicFit,womens fitness,5,64,248,153,0.52
workout-cible,OrganicFit,bettermen app,5,73,241,24,0.78
workout-cible,OrganicFit,my homework,5,,229,133,0.54
workout-cible,OrganicFit,free weight loss,5,69,248,46,0.67
workout-cible,OrganicFit,mens weight loss,5,74,232,131,0.54
workout-cible,OrganicFit,loose weight in 30 days,5,,233,35,0.71
workout-cible,OrganicFit,daily ab workout,5,,210,189,0.50
workout-cible,OrganicFit,poids,5,50,239,222,0.49
workout-cible,OrganicFit,perte poids,5,70,239,22,0.80
workout-cible,OrganicFit,women fitness,5,62,245,235,0.49
workout-cible,OrganicFit,gym women,5,57,248,242,0.48
workout-cible,OrganicFit,exercices musculation,5,55,249,81,0.59
workout-cible,OrganicFit,female fitness women workout,5,57,246,177,0.51
workout-cible,OrganicFit,organiseur,5,82,244,80,0.59
workout-cible,OrganicFit,perdre poids,5,70,244,45,0.67
workout-cible,OrganicFit,tagesplaner,5,89,244,99,0.57
workout-cible,OrganicFit,workout frauen,5,49,248,87,0.58
workout-cible,OrganicFit,fast weight loss,5,43,249,9,1.06
workout-cible,OrganicFit,lose wait,5,,202,186,0.51
workout-cible,OrganicFit,lose weight app for men,5,72,249,192,0.50
workout-cible,OrganicFit,fasting app free,5,,249,83,0.59
workout-cible,OrganicFit,poids suivi,5,43,246,118,0.55
workout-cible,OrganicFit,fat boy,5,50,192,161,0.52
workout-cible,OrganicFit,home workout women,5,,247,94,0.57
workout-cible,OrganicFit,weight loss challenge,5,49,242,209,0.50
workout-cible,OrganicFit,7m workout,5,59,243,56,0.64
workout-cible,OrganicFit,7 min,5,57,245,42,0.68
workout-cible,OrganicFit,work out for women,5,,247,43,0.68
workout-cible,OrganicFit,workout woman,5,47,245,3,1.74
workout-cible,OrganicFit,gasbuddy organization inc,5,82,249,159,0.52
workout-cible,OrganicFit,fitness women,5,59,247,67,0.61
workout-cible,OrganicFit,women exercise,5,49,247,116,0.55
workout-cible,OrganicFit,workout and fitness,5,80,247,227,0.49
workout-cible,OrganicFit,planning scolaire,5,66,244,119,0.55
workout-cible,OrganicFit,weight loss at home,5,31,233,52,0.65
workout-cible,OrganicFit,workout female,5,51,246,237,0.49
workout-cible,OrganicFit,life planner app,5,,239,103,0.56
workout-cible,OrganicFit,weight loss for men,5,50,231,46,0.67
workout-cible,OrganicFit,weight training for women,5,,249,184,0.51
workout-cible,OrganicFit,pilates for men,5,73,246,104,0.56
workout-cible,OrganicFit,perte de poids gratuit,5,31,248,23,0.79
workout-cible,OrganicFit,butt workout for women,5,40,229,136,0.53
workout-cible,OrganicFit,personal wiki,5,69,177,75,0.60
workout-cible,OrganicFit,eat out,5,93,197,61,0.63
workout-cible,OrganicFit,gym for girls,5,,248,215,0.49
workout-cible,OrganicFit,weight loss diet plan for women,5,44,226,53,0.64
workout-cible,OrganicFit,home project planner,5,,230,146,0.53
workout-cible,OrganicFit,workout planner for women,5,66,248,8,1.10
workout-cible,OrganicFit,women's fitness,5,58,245,110,0.56
workout-cible,OrganicFit,women's health app,5,46,244,28,0.75
workout-cible,OrganicFit,frauen fitness,5,54,223,22,0.80
workout-cible,OrganicFit,women fitness app,5,57,247,9,1.06
workout-cible,OrganicFit,pert,5,42,249,146,0.53
workout-cible,OrganicFit,exercise for women,5,54,248,5,1.34
workout-cible,OrganicFit,belly dance,5,,246,11,0.98
workout-cible,OrganicFit,bodybuilding women,5,61,242,201,0.50
workout-cible,OrganicFit,free weight loss apps for women,5,61,248,215,0.49
workout-cible,OrganicFit,dance workout for weight loss,5,46,250,28,0.75
workout-cible,OrganicFit,home workouts for women,5,61,246,49,0.66
workout-cible,OrganicFit,body fitness app,5,60,248,52,0.65
workout-cible,OrganicFit,21 day challenge,5,59,220,190,0.50
workout-cible,OrganicFit,femenino,5,49,243,58,0.63
workout-cible,OrganicFit,one touch diabetes,5,51,229,217,0.49
workout-cible,OrganicFit,похищение,5,42,236,174,0.51
workout-cible,OrganicFit,21 days challenge,5,62,237,217,0.49
workout-cible,OrganicFit,weight goal tracker,5,,237,150,0.52
workout-cible,OrganicFit,training routine,5,,226,32,0.73
workout-cible,OrganicFit,apps organizer,5,,230,69,0.61
workout-cible,OrganicFit,loss workout,5,55,226,62,0.62
workout-cible,OrganicFit,gym exercises for women,5,50,246,70,0.61
workout-cible,OrganicFit,myfitnesspal free,5,,232,133,0.54
workout-cible,OrganicFit,peso forma,5,,248,134,0.54
workout-cible,OrganicFit,myfitnesspal app,5,,235,119,0.55
workout-cible,OrganicFit,women fit,5,59,247,32,0.73
workout-cible,OrganicFit,pilates exercises,5,42,250,12,0.96
workout-cible,OrganicFit,21 day,5,65,224,199,0.50
workout-cible,OrganicFit,21 days,5,62,226,205,0.50
workout-cible,OrganicFit,suivi poid,5,42,245,138,0.53
workout-cible,OrganicFit,workout app for women,5,59,248,9,1.06
workout-cible,OrganicFit,how to get skinny,5,40,246,5,1.34
workout-cible,OrganicFit,workout for weight loss,5,59,240,21,0.81
workout-cible,OrganicFit,workout meal,5,82,244,121,0.55
workout-cible,OrganicFit,women workouts,5,55,242,59,0.63
workout-cible,OrganicFit,anytime workouts,5,57,246,28,0.75
workout-cible,OrganicFit,pilates for weight loss,5,,244,1,5.00
workout-cible,OrganicFit,glute workouts for women,5,47,247,26,0.76
workout-cible,OrganicFit,body care for women,5,98,248,27,0.76
workout-cible,OrganicFit,better woman,5,25,144,39,0.69
workout-cible,OrganicFit,asian health,5,40,247,64,0.62
workout-cible,OrganicFit,weight loss app for women,5,64,248,9,1.06
workout-cible,OrganicFit,lift log,5,82,249,12,0.96
workout-cible,OrganicFit,women workout app,5,55,247,81,0.59
workout-cible,OrganicFit,goal weight,5,53,233,159,0.52
workout-cible,OrganicFit,30 day fit,5,54,248,147,0.53
workout-cible,OrganicFit,"ab workout",5,42,224,179,0.51
workout-cible,OrganicFit,work out anytime,5,80,247,43,0.68
workout-cible,OrganicFit,exercises for woman,5,56,249,7,1.16
workout-cible,OrganicFit,workout 30 min,5,40,245,220,0.49
workout-cible,OrganicFit,pilates challenge,5,68,250,36,0.70
workout-cible,OrganicFit,bajar,5,100,247,111,0.55
workout-cible,OrganicFit,work out women,5,,244,27,0.76
workout-cible,OrganicFit,muskelworkout,5,40,248,227,0.49
workout-cible,OrganicFit,yoga for woman,5,49,247,104,0.56
workout-cible,OrganicFit,yoga for women,5,52,247,89,0.58
workout-cible,OrganicFit,fitness woman,5,68,245,8,1.10
workout-cible,OrganicFit,butt challenge,5,55,248,246,0.48
workout-cible,OrganicFit,women training,5,40,242,22,0.80
workout-cible,OrganicFit,hralth workout,5,74,241,236,0.49
workout-cible,OrganicFit,health workout,5,83,244,233,0.49
workout-cible,OrganicFit,running app for weight loss,5,57,226,11,0.98
workout-cible,OrganicFit,fat los,5,53,244,189,0.50
workout-cible,OrganicFit,for woman,5,30,228,126,0.54
workout-cible,OrganicFit,femine health,5,51,249,168,0.51
workout-cible,OrganicFit,female fit,5,56,242,190,0.50
workout-cible,OrganicFit,beginner's workout,5,40,244,68,0.61
workout-cible,OrganicFit,applications pour,5,30,244,228,0.49
workout-cible,OrganicFit,just eat driver,5,,239,227,0.49
workout-cible,OrganicFit,home fitness for weight loss,5,59,244,26,0.76
workout-cible,OrganicFit,diario de peso,5,53,232,73,0.60
workout-cible,OrganicFit,fitness-app,5,50,238,51,0.65
workout-cible,OrganicFit,workout fitness app,5,62,247,34,0.71
workout-cible,OrganicFit,days women,5,40,239,40,0.69
workout-cible,OrganicFit,nidra,5,53,153,132,0.54
workout-cible,OrganicFit,weight fitness,5,40,228,69,0.61
workout-cible,OrganicFit,fit bleiben,5,52,246,138,0.53
workout-cible,OrganicFit,apple cider vinegar for weight loss,5,40,241,170,0.51
workout-cible,OrganicFit,workput,5,73,247,186,0.51
workout-cible,OrganicFit,womens health coach,5,40,246,70,0.61
workout-cible,OrganicFit,women's health coach,5,48,245,86,0.58
workout-cible,OrganicFit,تمارين حرق الدهون,5,57,249,16,0.87
workout-cible,OrganicFit,pilates class,5,77,240,92,0.58
workout-cible,OrganicFit,get skinny,5,45,249,11,0.98
workout-cible,OrganicFit,extreme sports,5,94,228,184,0.51
workout-cible,OrganicFit,dance fit,5,,229,8,1.10
workout-cible,OrganicFit,fitcoach app,5,54,247,8,1.10
workout-cible,OrganicFit,wight tracker,5,94,236,176,0.51
workout-cible,OrganicFit,plan organize,5,,246,4,1.49
workout-cible,OrganicFit,plan plan,5,79,245,153,0.52
workout-cible,OrganicFit,ejercico,5,59,248,33,0.72
workout-cible,OrganicFit,Women’s Fitness,5,66,247,189,0.50
workout-cible,OrganicFit,toning workout,5,50,244,208,0.50
workout-cible,OrganicFit,women result,5,45,245,206,0.50
workout-cible,OrganicFit,ฟิตเนส,5,81,247,128,0.54
workout-cible,OrganicFit,hoạt động,5,75,245,89,0.58
workout-cible,OrganicFit,organize routine,5,40,248,49,0.66
workout-cible,OrganicFit,feminine voice,5,40,217,34,0.71
workout-cible,OrganicFit,home workout fit,5,40,245,166,0.52
workout-cible,OrganicFit,fitness weight,5,74,247,162,0.52
workout-cible,OrganicFit,loss health,5,72,237,95,0.57
workout-cible,OrganicFit,justfit,5,76,249,156,0.52
workout-cible,OrganicFit,free weight tracking weight loss app,5,57,246,123,0.54
workout-cible,OrganicFit,exercise tips,5,52,202,6,1.24
workout-cible,OrganicFit,Workout for weightloss - Men,5,40,240,165,0.52
workout-cible,OrganicFit,zumba trainer,5,44,244,110,0.56
workout-cible,OrganicFit,feminiini,5,46,245,2,2.29
workout-cible,OrganicFit,ifit proform,5,59,109,84,0.59
workout-cible,OrganicFit,dieta y salud perder peso,5,46,247,138,0.53
workout-cible,OrganicFit,Ron's Gone Wrong,5,38,207,20,0.82
workout-cible,OrganicFit,fitapo,5,55,250,188,0.50
workout-cible,OrganicFit,نتيجة الليغا,5,89,270,173,0.51
workout-cible,OrganicFit,app fit,5,51,245,146,0.53
workout-cible,OrganicFit,day plans,5,45,243,110,0.56
workout-cible,OrganicFit,bikini workout,5,66,240,143,0.53
workout-cible,OrganicFit,פילאטיס,5,25,250,79,0.59
workout-cible,OrganicFit,muscle plan,5,30,246,167,0.52
workout-cible,OrganicFit,fit woman,5,48,241,15,0.89
workout-cible,OrganicFit,weight loss women,5,74,245,41,0.68
workout-cible,OrganicFit,workout ap,5,72,248,170,0.51
workout-cible,OrganicFit,féminine,5,77,248,224,0.49
workout-cible,OrganicFit,female workouts,5,50,247,158,0.52
workout-cible,OrganicFit,pilates workout for women,5,40,249,6,1.24
workout-cible,OrganicFit,exercise women,5,51,247,8,1.10
workout-cible,OrganicFit,fabletics fit,5,44,27,19,0.83
workout-cible,OrganicFit,women trainig,5,45,240,19,0.83
workout-cible,OrganicFit,weight planner,5,,238,24,0.78
workout-cible,OrganicFit,woman coach,5,59,245,77,0.60
workout-cible,OrganicFit,women coach,5,40,245,65,0.62
workout-cible,OrganicFit,dance workouts,5,77,248,11,0.98
workout-cible,OrganicFit,féminin,5,47,232,11,0.98
workout-cible,OrganicFit,female exercises,5,,215,47,0.66
workout-cible,OrganicFit,workouts workout,5,74,246,12,0.96
workout-cible,OrganicFit,loss plan,5,78,213,2,2.29
workout-cible,OrganicFit,madmuscles,5,64,88,79,0.59
workout-cible,OrganicFit,workout lose,5,40,243,192,0.50
workout-cible,OrganicFit,women loss,5,57,243,23,0.79
workout-cible,OrganicFit,walking lose weight,5,,222,30,0.74
workout-cible,OrganicFit,personal weight,5,48,244,67,0.61
workout-cible,OrganicFit,gym routine for woman,5,48,245,171,0.51
workout-cible,OrganicFit,at home exercise,5,60,248,233,0.49
workout-cible,OrganicFit,home workout for,5,62,244,167,0.52
workout-cible,OrganicFit,home workout fitness planner,5,42,245,216,0.49
workout-cible,OrganicFit,floor exercises,5,55,246,177,0.51
workout-cible,OrganicFit,app weight loss,5,76,234,24,0.78
workout-cible,OrganicFit,workout weight,5,59,237,126,0.54
workout-cible,OrganicFit,workout app fitness online,5,73,241,34,0.71
workout-cible,OrganicFit,workouts fitness,5,46,246,170,0.51
workout-cible,OrganicFit,peso fitness,5,,245,24,0.78
workout-cible,OrganicFit,fitness for womn,5,69,245,51,0.65
workout-cible,OrganicFit,workout  women,5,53,243,16,0.87
workout-cible,OrganicFit,workoutapp,5,66,249,38,0.70
workout-cible,OrganicFit,Weight Loss & Fitness in 5 min,5,59,233,67,0.61
workout-cible,OrganicFit,اللياقة -fitness,5,45,244,38,0.70
workout-cible,OrganicFit,justfit lazy,5,93,249,29,0.74
workout-cible,OrganicFit,lazy fit,5,68,198,68,0.61
workout-cible,OrganicFit,planet viewer,5,,242,183,0.51
workout-cible,OrganicFit,work health,5,60,237,117,0.55
workout-cible,OrganicFit,body fat app,5,,229,129,0.54
workout-cible,OrganicFit,fitness & weight loss,5,75,231,93,0.57
workout-cible,OrganicFit,women only app,5,85,246,44,0.67
workout-cible,OrganicFit,تمارين رياضيات,5,38,245,37,0.70
workout-cible,OrganicFit,تطبيق الاذان,5,58,249,145,0.53
workout-cible,OrganicFit,برنامج رياضه,5,54,249,10,1.02
workout-cible,OrganicFit,برامج تمارين رياضية,5,48,244,8,1.10
workout-cible,OrganicFit,برنامج تمارين,5,55,249,165,0.52
workout-cible,OrganicFit,رياضة منزلية,5,55,249,5,1.34
workout-cible,OrganicFit,تمارين البطن,5,54,245,116,0.55
workout-cible,OrganicFit,ежедневные тренировки,5,,245,119,0.55
workout-cible,OrganicFit,body works,5,76,200,192,0.50
workout-cible,OrganicFit,workout lazy,5,61,247,214,0.49
workout-cible,OrganicFit,at home workouts  fitness workouts,5,53,243,156,0.52
workout-cible,OrganicFit,تمارين رياضية,5,69,246,12,0.96
workout-cible,OrganicFit,الرياضة في المنزل,5,40,53,9,1.06
workout-cible,OrganicFit,women weight loss,5,68,246,1,5.00
workout-cible,OrganicFit,pilates house,5,,247,43,0.68
workout-cible,OrganicFit,planning days,5,40,238,150,0.52
workout-cible,OrganicFit,quick exercises,5,44,247,160,0.52
workout-cible,OrganicFit,yoga women,5,51,248,15,0.89
workout-cible,OrganicFit,self workout,5,52,244,225,0.49
workout-cible,OrganicFit,app weight loss smar­t,5,75,244,64,0.62
workout-cible,OrganicFit,myfitnesspal  inc,5,98,250,59,0.63
workout-cible,OrganicFit,lazy girl workout,5,62,247,28,0.75
workout-cible,OrganicFit,loss dance,5,41,120,26,0.76
workout-cible,OrganicFit,womens body,5,55,222,8,1.10
workout-cible,OrganicFit,dance workouts for weight loss,5,52,56,11,0.98
workout-cible,OrganicFit,best fitness apps for couples,5,42,245,44,0.67
workout-cible,OrganicFit,fitness app for couples,5,61,247,51,0.65
workout-cible,OrganicFit,fitness apps for couples,5,60,247,56,0.64
workout-cible,OrganicFit,weightlifting calendar,5,44,249,199,0.50
workout-cible,OrganicFit,5 minute pilates,5,41,227,23,0.79
workout-cible,OrganicFit,omo fitness weight loss,5,40,232,116,0.55
workout-cible,OrganicFit,lazy workouts for women,5,,243,4,1.49
workout-cible,OrganicFit,pelvic floor workout,5,48,244,200,0.50
workout-cible,OrganicFit,app app for free,5,93,233,231,0.49
workout-cible,OrganicFit,fitness for mothers,5,44,244,136,0.53
workout-cible,OrganicFit,fit mom,5,43,210,23,0.79
workout-cible,OrganicFit,اللياقه البدنيه,5,54,250,126,0.54
workout-cible,OrganicFit,routines for women,5,44,245,8,1.10
workout-cible,OrganicFit,routine for women,5,45,245,6,1.24
workout-cible,OrganicFit,lose weight workout,5,58,246,156,0.52
workout-cible,OrganicFit,loose weight workout,5,55,246,169,0.51
workout-cible,OrganicFit,weight loss gym plan,5,65,238,198,0.50
workout-cible,OrganicFit,visual workout,5,52,247,213,0.49
workout-cible,OrganicFit,kegel exercises apps for women,5,32,245,131,0.54
workout-cible,OrganicFit,hyperbolic stretching,5,46,243,159,0.52
workout-cible,OrganicFit,kege,5,77,227,116,0.55
workout-cible,OrganicFit,the fasting app for women,5,40,248,62,0.62
workout-cible,OrganicFit,Organize pro,5,40,242,166,0.52
workout-cible,OrganicFit,weight loss run,5,45,225,182,0.51
workout-cible,OrganicFit,تمارين في المنزل,5,,247,35,0.71
workout-cible,OrganicFit,daily pilates workout,5,30,195,19,0.83
workout-cible,OrganicFit,workout for weight losss,5,32,239,10,1.02
workout-cible,OrganicFit,senior workout,5,54,248,157,0.52
workout-cible,OrganicFit,female exercise,5,42,215,26,0.76
workout-cible,OrganicFit,workokut,5,87,248,209,0.50
workout-cible,OrganicFit,workout kit,5,52,247,130,0.54
workout-cible,OrganicFit,body measurements women,5,50,244,235,0.49
workout-cible,OrganicFit,lazy health,5,87,246,73,0.60
workout-cible,OrganicFit,pal training,5,46,245,195,0.50
workout-cible,OrganicFit,women home workout,5,59,245,193,0.50
workout-cible,OrganicFit,stretch better,5,44,243,117,0.55
workout-cible,OrganicFit,stretch and fit,5,40,243,158,0.52
workout-cible,OrganicFit,stretch n fit,5,40,244,118,0.55
workout-cible,OrganicFit,Workout Train,5,48,243,177,0.51
workout-cible,OrganicFit,21 day challange,5,44,95,63,0.62
workout-cible,OrganicFit,21 days challange,5,45,97,71,0.61
workout-cible,OrganicFit,life organizer app,5,40,243,209,0.50
workout-cible,OrganicFit,fitness organizer app,5,40,248,4,1.49
workout-cible,OrganicFit,fitness organizer,5,40,244,9,1.06
workout-cible,OrganicFit,workout plan\,5,40,233,201,0.50
workout-cible,OrganicFit,* 		glutes,5,40,237,194,0.50
workout-cible,OrganicFit,fitbod for sexy behind,5,41,232,36,0.70
workout-cible,OrganicFit,fit workout routine,5,51,245,45,0.67
workout-cible,OrganicFit,free beginner workout,5,,241,67,0.61
workout-cible,OrganicFit,women weight loss diet,5,44,225,54,0.64
workout-cible,OrganicFit,irfan sener,5,96,244,53,0.64
workout-cible,OrganicFit,Woman & Home,5,76,246,187,0.51
workout-cible,OrganicFit,Working Woman,5,44,234,37,0.70
workout-cible,OrganicFit,fintess planner,5,40,247,92,0.58
workout-cible,OrganicFit,EasyFit: Workout for Women,5,48,241,71,0.61
workout-cible,OrganicFit,gentle weight loss,5,73,214,27,0.76
workout-cible,OrganicFit,justfit!,5,56,241,28,0.75
workout-cible,OrganicFit,tomboy,5,93,246,51,0.65
workout-cible,OrganicFit,Life Organizer and Planner,5,43,249,239,0.48
workout-cible,OrganicFit,gpilate,5,55,250,101,0.56
workout-cible,OrganicFit,lazy workouts at home,5,58,248,131,0.54
workout-cible,OrganicFit,pilates at home for beginners,5,70,217,28,0.75
workout-cible,OrganicFit,Beginner Workouts For Women,5,46,243,122,0.55
workout-cible,OrganicFit,Gym workout planner for women,5,72,248,164,0.52
workout-cible,OrganicFit,womens workouts,5,55,246,82,0.59
workout-cible,OrganicFit,weight loss challenge with friends,5,40,232,192,0.50
workout-cible,OrganicFit,family weight loss challenge,5,60,203,163,0.52
workout-cible,OrganicFit,weight loss challenge app,5,40,236,87,0.58
workout-cible,OrganicFit,weight loss challenge apps free,5,76,235,125,0.54
workout-cible,OrganicFit,group weight loss challenge app,5,77,237,121,0.55
workout-cible,OrganicFit,weight loss group challenge,5,40,232,95,0.57
workout-cible,OrganicFit,10min workout,5,53,247,42,0.68
workout-cible,OrganicFit,weight loss yoga exercise,5,48,242,186,0.51
workout-cible,OrganicFit,daily yoga-weight loss,5,42,236,185,0.51
workout-cible,OrganicFit,yoga-go wall pilates,5,52,219,39,0.69
workout-cible,OrganicFit,yoga woman,5,53,248,18,0.84
workout-cible,OrganicFit,seven min,5,48,220,53,0.64
workout-cible,OrganicFit,womens weight loss,5,75,246,17,0.86
workout-cible,OrganicFit,lo0se weight,5,25,243,219,0.49
workout-cible,OrganicFit,group weightloss challenge app,5,40,243,207,0.50
workout-cible,OrganicFit,weight loss together,5,69,222,159,0.52
workout-cible,OrganicFit,my daily organizer,5,40,245,111,0.55
workout-cible,OrganicFit,weight controll,5,82,238,138,0.53
workout-cible,OrganicFit,somantic workout,5,41,248,12,0.96
workout-cible,OrganicFit,somantic workouts,5,40,247,15,0.89
workout-cible,OrganicFit,control  weight,5,56,216,208,0.50
workout-cible,OrganicFit,my life plannner,5,45,246,70,0.61
workout-cible,OrganicFit,workout routine for women,5,,249,99,0.57
workout-cible,OrganicFit,daily home workout,5,58,244,202,0.50
workout-cible,OrganicFit,planer workout,5,70,241,71,0.61
workout-cible,OrganicFit,somatic exercises free,5,58,250,176,0.51
workout-cible,OrganicFit,weight loss dance,5,51,71,32,0.73
workout-cible,OrganicFit,home workout daily,5,40,244,225,0.49
workout-cible,OrganicFit,weight loss workout at home,5,53,242,71,0.61
workout-cible,OrganicFit,Chair Yoga Exercise for Women,5,47,245,86,0.58
workout-cible,OrganicFit,sport routine,5,57,250,237,0.49
workout-cible,OrganicFit,be fat,5,50,216,179,0.51
workout-cible,OrganicFit,grounds fitness app for women,5,42,244,5,1.34
workout-cible,OrganicFit,navo,5,,215,166,0.52
workout-cible,OrganicFit,somatic exercise,5,55,247,46,0.67
workout-cible,OrganicFit,holistic weight loss,5,69,228,157,0.52
workout-cible,OrganicFit,daily fitness workout,5,49,238,178,0.51
workout-cible,OrganicFit,daily workouts fitness,5,40,238,172,0.51
workout-cible,OrganicFit,fitness workout at home,5,44,242,181,0.51
workout-cible,OrganicFit,fitness workouts at home,5,54,242,145,0.53
workout-cible,OrganicFit,home workout fitness trainer,5,50,243,226,0.49
workout-cible,OrganicFit,plans weight,5,40,224,33,0.72
workout-cible,OrganicFit,workouts daily,5,45,230,160,0.52
workout-cible,OrganicFit,weight-loss for women,5,40,236,13,0.93
workout-cible,OrganicFit,weight-loss for wome,5,78,240,21,0.81
workout-cible,OrganicFit,kegel male,5,48,240,231,0.49
workout-cible,OrganicFit,my calendar planner,5,49,199,91,0.58
workout-cible,OrganicFit,planner & organizer,5,54,241,219,0.49
workout-cible,OrganicFit,home traning,5,50,240,215,0.49
workout-cible,OrganicFit,pilates exerises,5,59,227,59,0.63
workout-cible,OrganicFit,strextching,5,40,246,195,0.50
workout-cible,OrganicFit,my strenghts,5,40,221,111,0.55
workout-cible,OrganicFit,Casq,5,87,248,66,0.62
workout-cible,OrganicFit,health photo,5,72,247,97,0.57
workout-cible,OrganicFit,weight goals,5,64,225,59,0.63
workout-cible,OrganicFit,my workout group,5,55,226,22,0.80
workout-cible,OrganicFit,stetrching,5,40,248,192,0.50
workout-cible,OrganicFit,weightloss widget,5,85,221,95,0.57
workout-cible,OrganicFit,health & workout,5,54,244,233,0.49
workout-cible,OrganicFit,Health & Fitness App,5,91,246,52,0.65
workout-cible,OrganicFit,feminin,5,60,228,9,1.06
workout-cible,OrganicFit,woman waist,5,32,211,8,1.10
workout-cible,OrganicFit,woman fit,5,44,240,6,1.24
workout-cible,OrganicFit,daily routine organizer,5,42,245,140,0.53
workout-cible,OrganicFit,my catch,5,,179,50,0.65
workout-cible,OrganicFit,fit & lean,5,69,222,10,1.02
workout-cible,OrganicFit,better fit,5,62,232,145,0.53
workout-cible,OrganicFit,weigh loss tracker,5,94,237,99,0.57
workout-cible,OrganicFit,Year plan,5,69,243,127,0.54
workout-cible,OrganicFit,Routine exercise,5,40,246,173,0.51
workout-cible,OrganicFit,JustFit: Lazy Workout & Fit,5,63,248,144,0.53
workout-cible,OrganicFit,30 day workout for women,5,55,246,220,0.49
workout-cible,OrganicFit,30 day workout by fit,5,42,237,159,0.52
workout-cible,OrganicFit,daily fitness home workout,5,59,248,231,0.49
workout-cible,OrganicFit,beginner lifting,5,41,249,81,0.59
workout-cible,OrganicFit,Workout for Women: Fit at Home,5,50,246,71,0.61
workout-cible,OrganicFit,better men app,5,59,247,59,0.63
workout-cible,OrganicFit,dreambody,5,47,67,9,1.06
workout-cible,OrganicFit,get toned,5,54,249,147,0.53
workout-cible,OrganicFit,women’s fitness app,5,73,244,1,5.00
workout-cible,OrganicFit,women’s health app,5,94,248,153,0.52
workout-cible,OrganicFit,women’s weight loss app,5,42,240,1,5.00
workout-cible,OrganicFit,women’s workout routines,5,40,244,117,0.55
workout-cible,OrganicFit,female fitness plan,5,44,241,186,0.51
workout-cible,OrganicFit,women's yoga app,5,44,247,79,0.59
workout-cible,OrganicFit,vision plans,5,57,241,114,0.55
workout-cible,OrganicFit,fo loose,5,95,218,53,0.64
workout-cible,OrganicFit,glutes workouts for women,5,45,241,118,0.55
workout-cible,OrganicFit,glute plan,5,40,248,35,0.71
workout-cible,OrganicFit,day calorie,5,76,244,156,0.52
workout-cible,OrganicFit,easy workout women,5,53,244,101,0.56
workout-cible,OrganicFit,laying,5,47,216,180,0.51
workout-cible,OrganicFit,quick fitness,5,45,245,144,0.53
workout-cible,OrganicFit,تمارين المنزل,5,59,247,66,0.62
workout-cible,OrganicFit,workout & fitness,5,52,240,231,0.49
workout-cible,OrganicFit,30-30,5,46,244,230,0.49
workout-cible,OrganicFit,grounds: fitness app for women,5,65,248,34,0.71
workout-cible,OrganicFit,planning and organization,5,59,242,75,0.60
workout-cible,OrganicFit,group workout,5,70,213,32,0.73
workout-cible,OrganicFit,work coach,5,51,248,222,0.49
workout-cible,OrganicFit,weight loss for woman,5,94,247,13,0.93
workout-cible,OrganicFit,weightloss for woman,5,85,246,14,0.91
workout-cible,OrganicFit,floor muscles,5,,226,14,0.91
workout-cible,OrganicFit,floor workout,5,,247,6,1.24
workout-cible,OrganicFit,itfit,5,87,137,97,0.57
workout-cible,OrganicFit,daily stretch routine,5,43,248,202,0.50
workout-cible,OrganicFit,my calendar timer,5,36,217,124,0.54
workout-cible,OrganicFit,wing girl,5,59,140,76,0.60
workout-cible,OrganicFit,weight traker,5,67,236,166,0.52
workout-cible,OrganicFit,fition,5,43,106,65,0.62
workout-cible,OrganicFit,weightlosses,5,34,207,18,0.84
workout-cible,OrganicFit,period exercise,5,40,219,38,0.70
workout-cible,OrganicFit,work from home fitness,5,54,248,179,0.51
workout-cible,OrganicFit,wome,5,84,248,178,0.51
workout-cible,OrganicFit,how to lost weight,5,40,248,232,0.49
workout-cible,OrganicFit,simple day,5,93,240,174,0.51
workout-cible,OrganicFit,exercice at home,5,56,248,235,0.49
workout-cible,OrganicFit,manage your weight,5,,229,148,0.53
workout-cible,OrganicFit,mommy organizer,5,73,242,184,0.51
workout-cible,OrganicFit,weight tracler,5,94,236,167,0.52
workout-cible,OrganicFit,weightloss exercises,5,30,247,29,0.74
workout-cible,OrganicFit,fit routine,5,36,229,4,1.49
workout-cible,OrganicFit,weight loss gain,5,76,228,156,0.52
workout-cible,OrganicFit,free exercises app,5,57,247,67,0.61
workout-cible,OrganicFit,women exercises,5,51,244,40,0.69
workout-cible,OrganicFit,pilates at home apps,5,,242,11,0.98
workout-cible,OrganicFit,chair workout for women,5,45,249,247,0.48
workout-cible,OrganicFit,weight loss tracker for women,5,76,247,9,1.06
workout-cible,OrganicFit,app：home,5,81,246,192,0.50
workout-cible,OrganicFit,السلم والحية,5,,229,132,0.54
workout-cible,OrganicFit,workout tracker women,5,59,247,5,1.34
workout-cible,OrganicFit,workout gamefy,5,,250,177,0.51
workout-cible,OrganicFit,fasting app for women,5,43,241,7,1.16
workout-cible,OrganicFit,simple weight loss app,5,78,231,71,0.61
workout-cible,OrganicFit,personal plan,5,47,246,85,0.58
workout-cible,OrganicFit,working out home,5,89,249,109,0.56
workout-cible,OrganicFit,female weight loss,5,28,229,34,0.71
workout-cible,OrganicFit,weight loss female,5,,201,5,1.34
workout-cible,OrganicFit,weight loss woman,5,44,245,42,0.68
workout-cible,OrganicFit,better cardio,5,43,245,50,0.65
workout-cible,OrganicFit,cardio women,5,44,246,85,0.58
workout-cible,OrganicFit,running app for women,5,54,243,21,0.81
workout-cible,OrganicFit,running for women,5,40,238,182,0.51
workout-cible,OrganicFit,cardio for women,5,69,244,87,0.58
workout-cible,OrganicFit,lose weightgoals fitness,5,,207,5,1.34
workout-cible,OrganicFit,𝐰𝐨𝐫𝐤𝐨𝐮𝐭,5,70,249,83,0.59
workout-cible,OrganicFit,𝐟𝐢𝐭𝐧𝐞𝐬𝐬,5,61,245,79,0.59
workout-cible,OrganicFit,sportigo,5,,7,2,2.29
workout-cible,OrganicFit,somatic tracking,5,,13,4,1.49
workout-cible,OrganicFit,everyday training,5,40,248,200,0.50
workout-cible,OrganicFit,perdre le poids,5,,245,14,0.91
workout-cible,OrganicFit,somatic ai coach,5,,4,4,1.49
workout-cible,OrganicFit,sports challange,5,,227,140,0.53
workout-cible,OrganicFit,create plan,5,40,238,182,0.51
workout-cible,OrganicFit,woman fasting tracker,5,,240,18,0.84
workout-cible,OrganicFit,female fitness app,5,54,245,29,0.74
workout-cible,OrganicFit,female fitness apps,5,47,247,78,0.59
workout-cible,OrganicFit,lazy workout for women,5,,243,2,2.29
workout-cible,OrganicFit,worckout,5,71,247,120,0.55
workout-cible,OrganicFit,weight loss friend,5,51,225,220,0.49
workout-cible,OrganicFit,custom weight loss,5,27,222,195,0.50
workout-cible,OrganicFit,pelvic floor women,5,40,244,239,0.48
workout-cible,OrganicFit,workout app free for women,5,57,248,6,1.24
workout-cible,OrganicFit,weight planning,5,,218,109,0.56
workout-cible,OrganicFit,yoga for dancer,5,,223,38,0.70
workout-cible,OrganicFit,dietworkout app free,5,78,248,104,0.56
workout-cible,OrganicFit,fitness app for moms at home,5,40,241,13,0.93
workout-cible,OrganicFit,lifting technique,5,,238,124,0.54
workout-cible,OrganicFit,free workout for beginners,5,68,248,198,0.50
workout-cible,OrganicFit,pelvic pilates,5,48,250,1,5.00
workout-cible,OrganicFit,weight loss & workout,5,,233,89,0.58
workout-cible,OrganicFit,fitness and diet plan,5,,220,8,1.10
workout-cible,OrganicFit,juust,5,,234,218,0.49
workout-cible,OrganicFit,weight loss yogayoga apps for weight los,5,,220,6,1.24
workout-cible,OrganicFit,yoga apps for weight loss,5,59,245,215,0.49
workout-cible,OrganicFit,pilates & workouts,5,,222,23,0.79
workout-cible,OrganicFit,women diet,5,50,223,47,0.66
workout-cible,OrganicFit,intermediate fasting for women,5,,232,196,0.50
workout-cible,OrganicFit,women fasting,5,,250,239,0.48
workout-cible,OrganicFit,women fast,5,,181,29,0.74
workout-cible,OrganicFit,somatic health,5,79,227,17,0.86
workout-cible,OrganicFit,work from home health,5,87,248,186,0.51
workout-cible,OrganicFit,staying healthy pregnancy,5,,224,63,0.62
workout-cible,OrganicFit,bodi fitness & workout app,5,,248,166,0.52
workout-cible,OrganicFit,dailyfit workout,5,47,245,55,0.64
workout-cible,OrganicFit,better workouts,5,,238,97,0.57
workout-cible,OrganicFit,workout anytmie,5,46,244,45,0.67
workout-cible,OrganicFit,sprintset,5,,226,7,1.16
workout-cible,OrganicFit,butt training,5,40,222,201,0.50
workout-cible,OrganicFit,weight loss  runner,5,60,234,203,0.50
workout-cible,OrganicFit,free%20workout%20apps,5,54,248,63,0.62
workout-cible,OrganicFit,bulking%20app,5,63,250,114,0.55
workout-cible,OrganicFit,ejercicios%20en%20casa%20gratis,5,44,248,17,0.86
workout-cible,OrganicFit,ivim%20health,5,76,237,88,0.58
workout-cible,OrganicFit,workout%20planner%20free,5,75,250,157,0.52
workout-cible,OrganicFit,workout%20app%20free,5,51,249,171,0.51
workout-cible,OrganicFit,inbody%20scanner,5,49,227,6,1.24
workout-cible,OrganicFit,calander%20app%20iphone,5,70,245,190,0.50
workout-cible,OrganicFit,beach%20body,5,70,219,71,0.61
workout-cible,OrganicFit,chair%20yoga%20free,5,43,248,137,0.53
workout-cible,OrganicFit,just%20fit%20lazy%20workout%20free,5,74,248,27,0.76
workout-cible,OrganicFit,pilates%20anytime,5,63,247,47,0.66
workout-cible,OrganicFit,free%20workout%20apps%20for%20women,5,48,244,21,0.81
workout-cible,OrganicFit,ejercicios%20para%20abdomen,5,40,149,6,1.24
workout-cible,OrganicFit,women%20workout,5,38,246,141,0.53
workout-cible,OrganicFit,lose%20weight%20app%20for%20women,5,43,243,20,0.82
workout-cible,OrganicFit,free%20weight%20loss%20apps%20for%20women,5,44,247,5,1.34
workout-cible,OrganicFit,weight%20loss%20workouts,5,58,239,70,0.61
workout-cible,OrganicFit,justfit%20lazy%20workout,5,60,249,12,0.96
workout-cible,OrganicFit,workout%20app%20for%20women,5,47,243,26,0.76
workout-cible,OrganicFit,free%20fitness%20app,5,52,248,123,0.54
workout-cible,OrganicFit,weight%20loss%20app,5,51,242,207,0.50
workout-cible,OrganicFit,my%20fit%20coach,5,48,249,22,0.80
workout-cible,OrganicFit,free%20weight%20loss%20apps,5,78,245,145,0.53
workout-cible,OrganicFit,weight%20tracking%20app,5,58,235,85,0.58
workout-cible,OrganicFit,free%20workout%20app,5,51,248,84,0.59
workout-cible,OrganicFit,weight%20loss%20tracker,5,64,234,84,0.59
workout-cible,OrganicFit,calander%20app%20free,5,51,248,201,0.50
workout-cible,OrganicFit,free%20fitness%20apps,5,52,247,88,0.58
workout-cible,OrganicFit,simple%20weight%20loss,5,67,244,30,0.74
workout-cible,OrganicFit,free%20exercise%20app,5,52,248,162,0.52
workout-cible,OrganicFit,at%20home%20pilates,5,32,246,75,0.60
workout-cible,OrganicFit,weight%20loss%20apps,5,60,234,58,0.63
workout-cible,OrganicFit,weight%20loss%20for%20women,5,50,245,8,1.10
workout-cible,OrganicFit,fat%20to%20fit,5,27,226,180,0.51
workout-cible,OrganicFit,pilates%20at%20home,5,47,193,47,0.66
workout-cible,OrganicFit,gym%20workout%20for%20women,5,57,247,110,0.56
workout-cible,OrganicFit,home workout plan for women,5,47,242,61,0.63
workout-cible,OrganicFit,quick workout at home,5,40,244,77,0.60
workout-cible,OrganicFit,10 min workout,5,45,247,36,0.70
workout-cible,OrganicFit,14 day workout,5,49,246,227,0.49
workout-cible,OrganicFit,30 day workout women,5,55,245,93,0.57
workout-cible,OrganicFit,tea app for woman,5,91,201,8,1.10
workout-cible,OrganicFit,workout for new moms,5,,222,18,0.84
workout-cible,OrganicFit,indoor%20walking,5,40,248,225,0.49
workout-cible,OrganicFit,at%20home%20workouts%20for%20women,5,44,243,58,0.63
workout-cible,OrganicFit,loss%20weight%20workout,5,,238,56,0.64
workout-cible,OrganicFit,postpartum%20workout,5,,237,13,0.93
workout-cible,OrganicFit,ejercicios%20en%20casa,5,40,247,10,1.02
workout-cible,OrganicFit,plant%20fitness,5,,233,9,1.06
workout-cible,OrganicFit,weight%20loss%20app%20free,5,79,244,128,0.54
workout-cible,OrganicFit,lazy%20fit%20free,5,87,248,36,0.70
workout-cible,OrganicFit,organization%20apps%20free,5,56,250,127,0.54
workout-cible,OrganicFit,at%20home%20workouts%20free,5,46,248,200,0.50
workout-cible,OrganicFit,free%20exercise%20app%20for%20women,5,48,244,10,1.02
workout-cible,OrganicFit,work%20out%20at%20home,5,98,247,106,0.56
workout-cible,OrganicFit,body%20weight%20workout,5,,227,56,0.64
workout-cible,OrganicFit,workout%20apps%20for%20free,5,52,248,130,0.54
workout-cible,OrganicFit,exercise%20apps%20for%20women%20free,5,48,244,12,0.96
workout-cible,OrganicFit,workout%20for%20women,5,,243,154,0.52
workout-cible,OrganicFit,lose%20it,5,,230,19,0.83
workout-cible,OrganicFit,workout%20women,5,40,244,138,0.53
workout-cible,OrganicFit,walking for weight loss beginner app,5,46,237,18,0.84
workout-cible,OrganicFit,walking weight loss | walkfit,5,,207,27,0.76
workout-cible,OrganicFit,woman health diary,5,50,245,112,0.55
workout-cible,OrganicFit,personalized nutrition for women,5,,236,6,1.24
workout-cible,OrganicFit,women arm workout,5,40,234,156,0.52
workout-cible,OrganicFit,organ systems,5,,204,113,0.55
workout-cible,OrganicFit,wiki offline,5,,188,76,0.60
workout-cible,OrganicFit,wightloss,5,,226,145,0.53
workout-cible,OrganicFit,nutrition guide for women's health,5,50,244,129,0.54
workout-cible,OrganicFit,health anytime,5,44,228,6,1.24
workout-cible,OrganicFit,planner chair,5,,250,160,0.52
workout-cible,OrganicFit,workouts weight,5,41,240,115,0.55
workout-cible,OrganicFit,mylife health,5,,230,224,0.49
workout-cible,OrganicFit,lazy pilates,5,,250,178,0.51
workout-cible,OrganicFit,pilates exercise,5,,204,27,0.76
workout-cible,OrganicFit,pilates women,5,44,250,56,0.64
workout-cible,OrganicFit,fitness workout health train track heart,5,46,246,159,0.52
workout-cible,OrganicFit,weight gain for women,5,33,223,12,0.96
workout-cible,OrganicFit,women fitness plan,5,47,241,30,0.74
workout-cible,OrganicFit,pelvic pilates free,5,42,250,4,1.49
workout-cible,OrganicFit,quick exercise,5,57,246,89,0.58
workout-cible,OrganicFit,pedometer couple,5,,197,72,0.60
workout-cible,OrganicFit,cut weight,5,,215,104,0.56
workout-cible,OrganicFit,simple diet method,5,,231,26,0.76
workout-cible,OrganicFit,free simple weight loss,5,59,239,141,0.53
workout-cible,OrganicFit,weight loss for me,5,,231,115,0.55
workout-cible,OrganicFit,personal challenge,5,52,247,133,0.54
workout-cible,OrganicFit,intermittent fasting women,5,,235,49,0.66
workout-cible,OrganicFit,home trining,5,40,240,218,0.49
workout-cible,OrganicFit,21 challenge,5,47,244,218,0.49
workout-cible,OrganicFit,justfits,5,,215,33,0.72
workout-cible,OrganicFit,pilates  daily,5,,247,17,0.86
workout-cible,OrganicFit,pilates daily,5,,247,17,0.86
workout-cible,OrganicFit,pilates daily workouts,5,,197,9,1.06
workout-cible,OrganicFit,daily pilates wokrout,5,,240,2,2.29
workout-cible,OrganicFit,plan your day app,5,,237,182,0.51
workout-cible,OrganicFit,running slimkit - lose weight,5,,211,26,0.76
workout-cible,OrganicFit,weight loss trakcer,5,,237,82,0.59
workout-cible,OrganicFit,exercises for womens,5,44,244,19,0.83
workout-cible,OrganicFit,segen,5,,220,211,0.49
workout-cible,OrganicFit,workout: health,5,54,246,127,0.54
workout-cible,OrganicFit,workout: for women,5,49,236,46,0.67
workout-cible,OrganicFit,workout: health for women,5,44,244,3,1.74
workout-cible,OrganicFit,weight tracket,5,,236,174,0.51
workout-cible,OrganicFit,yzyfit,5,42,247,131,0.54
workout-cible,OrganicFit,lose weight women,5,69,247,175,0.51
workout-cible,OrganicFit,reduce weight,5,,224,111,0.55
workout-cible,OrganicFit,female diet,5,,235,214,0.49
workout-cible,OrganicFit,hormonal weight loss,5,,227,105,0.56
workout-cible,OrganicFit,long term fat,5,,221,21,0.81
workout-cible,OrganicFit,fat loss plan,5,,216,20,0.82
workout-cible,OrganicFit,melt fat,5,,220,53,0.64
workout-cible,OrganicFit,5 min pilates,5,,226,23,0.79
workout-cible,OrganicFit,home workout weight loss,5,,235,45,0.67
workout-cible,OrganicFit,pilates for beginners women,5,,240,15,0.89
workout-cible,OrganicFit,pilates app for women,5,,248,2,2.29
workout-cible,OrganicFit,10 minute pilates,5,,248,218,0.49
workout-cible,OrganicFit,dream bosy,5,,156,30,0.74
workout-cible,OrganicFit,calorie transformator,5,,235,9,1.06
workout-cible,OrganicFit,daily stretch and tone app free,5,,221,47,0.66
workout-cible,OrganicFit,visualize weight loss,5,,222,206,0.50
workout-cible,OrganicFit,feminie,5,63,248,211,0.49
workout-cible,OrganicFit,body tıne,5,,210,170,0.51
workout-cible,OrganicFit,fat to muscle,5,,198,7,1.16
workout-cible,OrganicFit,fat-to-muscle,5,,215,135,0.54
workout-cible,OrganicFit,tea app for women & men,5,,218,30,0.74
workout-cible,OrganicFit,fix your metabolism,5,,233,66,0.62
workout-cible,OrganicFit,fix metabolism,5,,240,38,0.70
workout-cible,OrganicFit,plan the day,5,59,231,115,0.55
workout-cible,OrganicFit,pelvic workout,5,42,245,3,1.74
workout-cible,OrganicFit,weightrecord,5,,237,149,0.53
workout-cible,OrganicFit,free female fitness app,5,,246,10,1.02
workout-cible,OrganicFit,free female fitness,5,43,247,185,0.51
workout-cible,OrganicFit,chair exesicse,5,,247,63,0.62
workout-cible,OrganicFit,organize\,5,60,236,59,0.63
workout-cible,OrganicFit,slim workout,5,48,241,133,0.54
workout-cible,OrganicFit,anytime workout,5,42,247,215,0.49
workout-cible,OrganicFit,gut diet for women,5,40,246,172,0.51
workout-cible,OrganicFit,exercise app for women,5,52,248,4,1.49
workout-cible,OrganicFit,weight predictor,5,,231,227,0.49
workout-cible,OrganicFit,weight loss predictor,5,,221,187,0.51
workout-cible,OrganicFit,workout routine',5,40,248,216,0.49
workout-cible,OrganicFit,plan organizer,5,83,250,214,0.49
workout-cible,OrganicFit,butt workout women,5,40,226,218,0.49
workout-cible,OrganicFit,waist slim,5,,203,33,0.72
workout-cible,OrganicFit,fat loss app,5,72,249,73,0.60
workout-cible,OrganicFit,id1337083258,5,,250,41,0.68
workout-cible,OrganicFit,lazy home workout,5,58,246,149,0.53
workout-cible,OrganicFit,exercise finder,5,51,246,97,0.57
workout-cible,OrganicFit,diary workout,5,40,243,243,0.48
workout-cible,OrganicFit,home workout fitness app women,5,57,243,2,2.29
workout-cible,OrganicFit,wotrkou,5,87,249,194,0.50
workout-cible,OrganicFit,خروج,5,65,241,181,0.51
workout-cible,OrganicFit,better routine,5,40,247,54,0.64
workout-cible,OrganicFit,workout at work,5,54,245,67,0.61
workout-cible,OrganicFit,pilates & yoga,5,,187,78,0.59
workout-cible,OrganicFit,beginner core workout,5,,223,162,0.52
workout-cible,OrganicFit,simple workout plan,5,,214,166,0.52
workout-cible,OrganicFit,daily stretching routine,5,,249,172,0.51
workout-cible,OrganicFit,eat less,5,73,238,79,0.59
workout-cible,OrganicFit,free weightlifting,5,,249,182,0.51
workout-cible,OrganicFit,tea app for women- hones,5,82,247,225,0.49
workout-cible,OrganicFit,tea app for women- honest,5,,210,12,0.96
workout-cible,OrganicFit,weight tracking for women,5,79,245,3,1.74
workout-cible,OrganicFit,workouts for waist,5,43,207,19,0.83
workout-cible,OrganicFit,just dance weight loss,5,,226,5,1.34
workout-cible,OrganicFit,weight loss salad,5,65,210,33,0.72
workout-cible,OrganicFit,workouts for girls,5,53,245,110,0.56
workout-cible,OrganicFit,cardio weight loss,5,,196,15,0.89
workout-cible,OrganicFit,healthy eating for women,5,49,247,42,0.68
workout-cible,OrganicFit,workout for weightloss,5,,238,29,0.74
workout-cible,OrganicFit,tea app - tea for women advice,5,,239,216,0.49
workout-cible,OrganicFit,pelvis pilates,5,42,250,2,2.29
workout-cible,OrganicFit,simple organizer,5,59,246,207,0.50
workout-cible,OrganicFit,tea app for women: honest tea,5,,203,11,0.98
workout-cible,OrganicFit,fitness routines for seniors,5,,229,28,0.75
workout-cible,OrganicFit,womens day,5,40,235,80,0.59
workout-cible,OrganicFit,lose fat gain muscle,5,40,241,192,0.50
workout-cible,OrganicFit,wegithloss,5,,228,40,0.69
workout-cible,OrganicFit,quickworkouts,5,,250,143,0.53
workout-cible,OrganicFit,dailyworkout,5,,221,77,0.60
workout-cible,OrganicFit,fither: daily fitness workouts,5,,218,4,1.49
workout-cible,OrganicFit,anglecurves,5,,236,20,0.82
workout-cible,OrganicFit,postpartum fat-loss,5,,236,54,0.64
workout-cible,OrganicFit,42 day challenge,5,37,211,62,0.62
workout-cible,OrganicFit,loseit app,5,,229,90,0.58
workout-cible,OrganicFit,weight loss made easy,5,,226,162,0.52
workout-cible,OrganicFit,gamified weight loss,5,,224,156,0.52
workout-cible,OrganicFit,fun weight loss,5,64,226,39,0.69
workout-cible,OrganicFit,work workout,5,,250,242,0.48
workout-cible,OrganicFit,work exercise,5,,249,199,0.50
workout-cible,OrganicFit,pcos pla,5,79,231,61,0.63
workout-cible,OrganicFit,women fit ios,5,,245,8,1.10
workout-cible,OrganicFit,for women ios,5,,204,13,0.93
workout-cible,OrganicFit,workout for app,5,,249,240,0.48
workout-cible,OrganicFit,basic free,5,,237,144,0.53
workout-cible,OrganicFit,plans free,5,,249,124,0.54
workout-cible,OrganicFit,subtle exercises,5,,230,30,0.74
workout-cible,OrganicFit,for women tracker,5,,231,57,0.63
workout-cible,OrganicFit,lazy workout tracker,5,,240,14,0.91
workout-cible,OrganicFit,weglow home maker,5,,250,197,0.50
workout-cible,OrganicFit,evolveyou strength scanner,5,45,250,4,1.49
workout-cible,OrganicFit,women fit makers,5,,248,80,0.59
workout-cible,OrganicFit,women fit maker tracker,5,,248,33,0.72
workout-cible,OrganicFit,for women io,5,,248,132,0.54
workout-cible,OrganicFit,fitness planner tracker,5,,245,124,0.54
workout-cible,OrganicFit,planet fitness frees,5,,249,92,0.58
workout-cible,OrganicFit,women fit bests,5,,225,15,0.89
workout-cible,OrganicFit,ens for iphone,5,84,248,4,1.49
workout-cible,OrganicFit,fat burning app,5,,231,63,0.62
workout-cible,OrganicFit,20min workout,5,,246,193,0.50
workout-cible,OrganicFit,beach workout,5,,245,157,0.52
workout-cible,OrganicFit,quick home workout,5,82,245,176,0.51
workout-cible,OrganicFit,weights losses,5,,205,204,0.50
workout-cible,OrganicFit,chair exercises for women,5,,242,8,1.10
workout-cible,OrganicFit,workout quick,5,,245,88,0.58
workout-cible,OrganicFit,effective workouts,5,,249,221,0.49
workout-cible,OrganicFit,reelity: video templates,5,,249,187,0.51
workout-cible,OrganicFit,advanced workout,5,,233,48,0.66
workout-cible,OrganicFit,* bodyweight,5,,199,194,0.50
workout-cible,OrganicFit,apartment workout,5,40,246,226,0.49
workout-cible,OrganicFit,exercise for obesity at home,5,,245,3,1.74
workout-cible,OrganicFit,homeworkout for women: fitfem,5,,246,15,0.89
workout-cible,OrganicFit,home workout for women: fitfem,5,,243,84,0.59
workout-cible,OrganicFit,organizer plan,5,64,248,8,1.10
workout-cible,OrganicFit,organizer home,5,56,242,203,0.50
workout-cible,OrganicFit,organizer the,5,60,246,182,0.51
workout-cible,OrganicFit,organizer for,5,70,246,13,0.93
workout-cible,OrganicFit,organizer work,5,56,245,169,0.51
workout-cible,OrganicFit,plan for,5,,247,18,0.84
workout-cible,OrganicFit,slim and,5,,189,186,0.51
workout-cible,OrganicFit,app slim,5,,244,208,0.50
workout-cible,OrganicFit,auto slim,5,,229,69,0.61
workout-cible,OrganicFit,and slim,5,,204,108,0.56
workout-cible,OrganicFit,pro slim,5,,247,231,0.49
workout-cible,OrganicFit,timer for women,5,,248,26,0.76
workout-cible,OrganicFit,lazy planner,5,,250,246,0.48
workout-cible,OrganicFit,clean fit,5,97,247,56,0.64
workout-cible,OrganicFit,weight racker,5,,240,210,0.50
workout-cible,OrganicFit,bmi calculator for women,5,,207,119,0.55
workout-cible,OrganicFit,loss weight woman,5,,222,7,1.16
workout-cible,OrganicFit,pelvic muscle,5,56,247,177,0.51
workout-cible,OrganicFit,fit lazy,5,,157,37,0.70
workout-cible,OrganicFit,abdomin,5,,210,83,0.59
workout-cible,OrganicFit,fobit,5,,247,157,0.52
workout-cible,OrganicFit,fatigue friendly workout,5,,236,55,0.64
workout-cible,OrganicFit,women daily workout,5,,243,20,0.82
workout-cible,OrganicFit,app fast fasting,5,,233,92,0.58
workout-cible,OrganicFit,app fasting fast,5,,235,153,0.52
workout-cible,OrganicFit,app fasting weight loss,5,,247,158,0.52
workout-cible,OrganicFit,app weight loss fasting,5,,245,173,0.51
workout-cible,OrganicFit,7 minute workout: exercise app,5,51,245,236,0.49
workout-cible,OrganicFit,workout for girl,5,,244,8,1.10
workout-cible,OrganicFit,lazy excersize,5,64,246,55,0.64
workout-cible,OrganicFit,woman yoga,5,,248,69,0.61
workout-cible,OrganicFit,daily planets,5,,232,123,0.54
workout-cible,OrganicFit,youna calendário menstrual,5,,236,71,0.61
workout-cible,OrganicFit,lifefit.,5,40,238,214,0.49
workout-cible,OrganicFit,best weight loss apps,5,,242,99,0.57
workout-cible,OrganicFit,exercise apps for weight loss,5,,236,2,2.29
workout-cible,OrganicFit,exercise  weight loss,5,,241,3,1.74
workout-cible,OrganicFit,pilatos,5,,249,39,0.69
workout-cible,OrganicFit,wool short,5,,235,40,0.69
workout-cible,OrganicFit,female workout plan,5,,243,145,0.53
workout-cible,OrganicFit,women workout plan,5,,243,69,0.61
workout-cible,OrganicFit,waist hip ratio,5,,212,15,0.89
workout-cible,OrganicFit,workout rutina,5,48,247,127,0.54
workout-cible,OrganicFit,workou trainning,5,,242,132,0.54
workout-cible,OrganicFit,women sweat fitness app,5,,245,2,2.29
workout-cible,OrganicFit,sweat fitness women,5,,246,84,0.59
workout-cible,OrganicFit,fix your routine and life app women,5,42,245,8,1.10
workout-cible,OrganicFit,become consistent routine app women,5,44,250,124,0.54
workout-cible,OrganicFit,glow up challenge tracker for women,5,43,247,66,0.62
workout-cible,OrganicFit,next level woman app,5,40,249,69,0.61
workout-cible,OrganicFit,personal growth for women app,5,40,250,12,0.96
workout-cible,OrganicFit,women lifestyle upgrade app,5,40,248,14,0.91
workout-cible,OrganicFit,self worth app for women,5,40,249,110,0.56
workout-cible,OrganicFit,discipline for women app,5,43,247,29,0.74
workout-cible,OrganicFit,simple discipline system for women app,5,50,245,30,0.74
workout-cible,OrganicFit,productive morning routine for women app,5,42,248,57,0.63
workout-cible,OrganicFit,life transformation planner for women,5,54,248,223,0.49
workout-cible,OrganicFit,build better habits for women app,5,42,249,10,1.02
workout-cible,OrganicFit,build confidence routine app for women,5,48,249,82,0.59
workout-cible,OrganicFit,level up your routine for women app,5,46,245,49,0.66
workout-cible,OrganicFit,glow up routine tracker for women,5,40,250,211,0.49
workout-cible,OrganicFit,daily reset routine for women app,5,40,248,31,0.73
workout-cible,OrganicFit,become disciplined woman routine app,5,44,250,115,0.55
workout-cible,OrganicFit,premium self improvement app women,5,49,249,31,0.73
workout-cible,OrganicFit,high performance woman app,5,46,249,101,0.56
workout-cible,OrganicFit,life planner for beginners app,5,40,247,199,0.50
workout-cible,OrganicFit,daily routine app for women,5,42,248,53,0.64
workout-cible,OrganicFit,become my best self app for women,5,43,247,35,0.71
workout-cible,OrganicFit,reset my life app for women,5,40,247,145,0.53
workout-cible,OrganicFit,self improvement app for women,5,40,249,90,0.58
workout-cible,OrganicFit,healthy routine for women app,5,44,249,1,5.00
workout-cible,OrganicFit,inner work app women,5,40,248,46,0.67
workout-cible,OrganicFit,tecnonutri: encontre sua dieta,5,,216,75,0.60
workout-cible,OrganicFit,weight loss before after,5,,191,63,0.62
workout-cible,OrganicFit,women calorie tracker for women,5,,230,18,0.84
workout-cible,OrganicFit,macros for women,5,,245,186,0.51
workout-cible,OrganicFit,lose weight with pcos,5,,213,38,0.70
workout-cible,OrganicFit,calorie track for women,5,,249,31,0.73
workout-cible,OrganicFit,calorie ai for women,5,,242,64,0.62
workout-cible,OrganicFit,weight loss bodyweight,5,,223,216,0.49
workout-cible,OrganicFit,30 fit,5,,249,195,0.50
workout-cible,OrganicFit,women exericse,5,,244,25,0.77
workout-cible,OrganicFit,nutri-metabolic sync,5,,230,54,0.64
workout-cible,OrganicFit,mom weight loss,5,40,239,210,0.50
workout-cible,OrganicFit,dance floot,5,,221,154,0.52
workout-cible,OrganicFit,dancefloor,5,,214,60,0.63
workout-cible,OrganicFit,jean harlow summer diet secrets,5,,186,47,0.66
workout-cible,OrganicFit,pilates for menopause,5,,250,59,0.63
workout-cible,OrganicFit,chair yota,5,,243,96,0.57
workout-cible,OrganicFit,myroutinue,5,,249,208,0.50
workout-cible,OrganicFit,awaken cardio kickboxing,5,,229,50,0.65
workout-cible,OrganicFit,brigitte fitness h.i.t.workout,5,,249,95,0.57
workout-cible,OrganicFit,cornerstone pilates jc,5,,242,20,0.82
workout-cible,OrganicFit,daily stretch free,5,,231,45,0.67
workout-cible,OrganicFit,define pilates az,5,,247,27,0.76
workout-cible,OrganicFit,exclusive womens fitness,5,,225,25,0.77
workout-cible,OrganicFit,fast weigh,5,,226,138,0.53
workout-cible,OrganicFit,fit vegan queens,5,,227,12,0.96
workout-cible,OrganicFit,fusion wellness x femina pt,5,,241,22,0.80
workout-cible,OrganicFit,group weight loss,5,72,180,41,0.68
workout-cible,OrganicFit,healthy texas women,5,,201,23,0.79
workout-cible,OrganicFit,intermittent fasting: purefast,5,52,247,231,0.49
workout-cible,OrganicFit,lose your mummy tummy,5,,197,30,0.74
workout-cible,OrganicFit,my organic app,5,,224,1,5.00
workout-cible,OrganicFit,organic dance: weight loss app,5,,217,2,2.29
workout-cible,OrganicFit,organic fit: workout for women,5,,248,1,5.00
workout-cible,OrganicFit,organic pilates,5,,246,2,2.29
workout-cible,OrganicFit,organic walk: indoor walking,5,,248,62,0.62
workout-cible,OrganicFit,personal hour pilates,5,,244,12,0.96
workout-cible,OrganicFit,personalhour pilates us,5,,247,17,0.86
workout-cible,OrganicFit,pilates body by raven,5,,240,206,0.50
workout-cible,OrganicFit,pilates joy,5,,239,23,0.79
workout-cible,OrganicFit,pilates social clemson,5,,241,29,0.74
workout-cible,OrganicFit,platinum pilates germany,5,,247,15,0.89
workout-cible,OrganicFit,shape america 2026,5,,197,23,0.79
workout-cible,OrganicFit,shape with shelley,5,,229,29,0.74
workout-cible,OrganicFit,to coaching,5,,223,94,0.57
workout-cible,OrganicFit,lifto,5,,227,93,0.57
workout-cible,OrganicFit,homework fast,5,,246,222,0.49
workout-cible,OrganicFit,tips powerlifting,5,,228,42,0.68
workout-cible,OrganicFit,workout with,5,,244,203,0.50
workout-cible,OrganicFit,extremely,5,,202,192,0.50
workout-cible,OrganicFit,fitness training app,5,75,247,203,0.50
workout-cible,OrganicFit,3d floor planner,5,,226,198,0.50
workout-cible,OrganicFit,personal workout plan,5,,229,84,0.59
workout-cible,OrganicFit,women pilates,5,35,249,203,0.50
workout-cible,OrganicFit,pelvic pt,5,,239,72,0.60
workout-cible,OrganicFit,workout womens,5,,245,25,0.77
workout-cible,OrganicFit,simple・ai weight,5,,228,22,0.80
workout-cible,OrganicFit,easy weight tracker,5,,237,148,0.53
workout-cible,OrganicFit,daily workouts   womens health,5,,245,5,1.34
workout-cible,OrganicFit,intimate fitness   sensation   hormone,5,,237,28,0.75
workout-cible,OrganicFit,glute training,5,,236,168,0.51
workout-cible,OrganicFit,woman training,5,40,240,18,0.84
workout-cible,OrganicFit,glute workout women,5,,241,133,0.54
workout-cible,OrganicFit,women lifting,5,,226,11,0.98
workout-cible,OrganicFit,seniors app,5,59,227,134,0.54
workout-cible,OrganicFit,apk iphone older adults,5,76,225,17,0.86
workout-cible,OrganicFit,iphone older adults subscription,5,84,230,18,0.84
workout-cible,OrganicFit,iphone older adults for anxiety,5,71,231,40,0.69
workout-cible,OrganicFit,cheap iphone older adults app,5,85,226,31,0.73
workout-cible,OrganicFit,working weight,5,62,248,24,0.78
workout-cible,OrganicFit,workings weight,5,45,197,59,0.63
workout-cible,OrganicFit,working weights,5,72,248,98,0.57
workout-cible,OrganicFit,shortcut description barbell calculator,5,63,225,39,0.69
workout-cible,OrganicFit,easy description barbell calculator app,5,47,222,76,0.60
workout-cible,OrganicFit,free my home gym,5,,243,22,0.80
workout-cible,OrganicFit,my home gym free,5,,242,22,0.80
workout-cible,OrganicFit,my top gym apps,5,,236,37,0.70
workout-cible,OrganicFit,free description barbell calculator ios,5,,224,54,0.64
workout-cible,OrganicFit,floor plan iphone,5,,238,204,0.50
workout-cible,OrganicFit,my vs calculator focused plate best,5,,214,58,0.63
workout-cible,OrganicFit,top my home gym app,5,,232,16,0.87
workout-cible,OrganicFit,top my top gym apps,5,,235,52,0.65
workout-cible,OrganicFit,top my training enter target app,5,,230,70,0.61
workout-cible,OrganicFit,home workout for women app,5,,250,60,0.63
workout-cible,OrganicFit,home workout for women game,5,,242,96,0.57
workout-cible,OrganicFit,weight loss workouts app,5,,236,1,5.00
workout-cible,OrganicFit,weight loss workouts game,5,,236,84,0.59
workout-cible,OrganicFit,home workout for women app game,5,,245,5,1.34
workout-cible,OrganicFit,home workout for women app free,5,,247,9,1.06
workout-cible,OrganicFit,home workout for women app best,5,,244,2,2.29
workout-cible,OrganicFit,free weight loss workouts app,5,,248,1,5.00
workout-cible,OrganicFit,plates app,5,53,239,21,0.81
workout-cible,OrganicFit,free workout apps app,5,,249,12,0.96
workout-cible,OrganicFit,weight loss workouts app game best,5,,237,8,1.10
workout-cible,OrganicFit,top gym app free,5,,248,211,0.49
workout-cible,OrganicFit,gyms app reddit game,5,,250,22,0.80
workout-cible,OrganicFit,free workout apps app free,5,,247,14,0.91
workout-cible,OrganicFit,free workout apps app best,5,,247,15,0.89
workout-cible,OrganicFit,free workout apps app online,5,,249,11,0.98
workout-cible,OrganicFit,free workout apps app tracker,5,,247,40,0.69
workout-cible,OrganicFit,free workout apps app planner,5,,247,18,0.84
workout-cible,OrganicFit,good calculator focused plate app review,5,,225,114,0.55
workout-cible,OrganicFit,24 7 workout anytime app,5,,246,106,0.56
workout-cible,OrganicFit,free 24 7 workout anytime,5,,246,20,0.82
workout-cible,OrganicFit,my 24 7 workout anytime,5,,249,18,0.84
workout-cible,OrganicFit,workout tracker: app,5,,246,91,0.58
workout-cible,OrganicFit,homework coach,5,,231,79,0.59
workout-cible,OrganicFit,free workout apps planner,5,,248,52,0.65
workout-cible,OrganicFit,my home gym,5,,234,23,0.79
workout-cible,OrganicFit,rutinas de gym gratis app,5,,239,19,0.83
workout-cible,OrganicFit,free rutinas de gym gratis,5,,249,70,0.61
workout-cible,OrganicFit,top rutinas de gym gratis,5,,250,108,0.56
workout-cible,OrganicFit,easy rutinas de gym gratis,5,,250,110,0.56
workout-cible,OrganicFit,my rutinas de gym gratis,5,,250,76,0.60
workout-cible,OrganicFit,rutinas de gym gratis free,5,,239,17,0.86
workout-cible,OrganicFit,daily workout free app,5,,247,120,0.55
workout-cible,OrganicFit,free daily workout free,5,,247,146,0.53
workout-cible,OrganicFit,top daily workout free,5,,244,31,0.73
workout-cible,OrganicFit,lazy fit free app,5,,248,53,0.64
workout-cible,OrganicFit,free lazy fit free,5,,250,29,0.74
workout-cible,OrganicFit,top lazy fit free,5,,242,30,0.74
workout-cible,OrganicFit,hiit diary,5,,249,194,0.50
workout-cible,OrganicFit,free trane home,5,,249,171,0.51
workout-cible,OrganicFit,my trane home,5,,196,16,0.87
workout-cible,OrganicFit,trane home free,5,,249,219,0.49
workout-cible,OrganicFit,my at home workouts free,5,,250,72,0.60
workout-cible,OrganicFit,target weight works reddit,5,,217,70,0.61
workout-cible,OrganicFit,reddit target weight works,5,,222,76,0.60
workout-cible,OrganicFit,target weight works review,5,,224,67,0.61
workout-cible,OrganicFit,review target weight works,5,,229,78,0.59
workout-cible,OrganicFit,reviews target weight works,5,,227,77,0.60
workout-cible,OrganicFit,apk target weight works,5,,220,15,0.89
workout-cible,OrganicFit,review clinically obese to shredded tran,5,,217,52,0.65
workout-cible,OrganicFit,reviews clinically obese to shredded tra,5,,214,49,0.66
workout-cible,OrganicFit,cheap iphone older adults apk,5,,224,13,0.93
workout-cible,OrganicFit,apk cheap iphone older adults,5,,224,14,0.91
workout-cible,OrganicFit,good iphone older adults app apk,5,,223,21,0.81
workout-cible,OrganicFit,gym app reddit game,5,,250,39,0.69
workout-cible,OrganicFit,target weight works reddit app,5,,212,24,0.78
workout-cible,OrganicFit,free target weight works reddit,5,,239,118,0.55
workout-cible,OrganicFit,top target weight works reddit,5,,209,4,1.49
workout-cible,OrganicFit,easy target weight works reddit,5,,209,17,0.86
workout-cible,OrganicFit,my target weight works reddit,5,,213,16,0.87
workout-cible,OrganicFit,target weight works reddit free,5,,211,2,2.29
workout-cible,OrganicFit,target weight works reddit online,5,,208,17,0.86
workout-cible,OrganicFit,target weight works reddit tracker,5,,223,6,1.24
workout-cible,OrganicFit,target weight works reddit planner,5,74,244,145,0.53
workout-cible,OrganicFit,top reddit target weight works,5,,217,5,1.34
workout-cible,OrganicFit,my reddit target weight works,5,,213,15,0.89
workout-cible,OrganicFit,reddit target weight works free,5,,242,137,0.53
workout-cible,OrganicFit,reddit target weight works online,5,,209,16,0.87
workout-cible,OrganicFit,tutorial target weight works best,5,,220,21,0.81
workout-cible,OrganicFit,apk target weight works planner,5,,222,7,1.16
workout-cible,OrganicFit,obese to shredded transformation,5,,212,32,0.73
workout-cible,OrganicFit,transform weight loss reviews complaints,5,,210,26,0.76
workout-cible,OrganicFit,apk review good iphone older adults app,5,,223,20,0.82
workout-cible,OrganicFit,my gyms plates reddit coach,5,,210,18,0.84
workout-cible,OrganicFit,my gym app reddit game,5,,250,114,0.55
workout-cible,OrganicFit,my review gym app daily,5,,230,72,0.60
workout-cible,OrganicFit,target weight works reddit free coach,5,,238,198,0.50
workout-cible,OrganicFit,reddit target weight works free app,5,,226,3,1.74
workout-cible,OrganicFit,reddit target weight works free tracker,5,,222,8,1.10
workout-cible,OrganicFit,review reddit plate loading tool coach,5,,212,45,0.67
workout-cible,OrganicFit,transform weight loss reviews negative a,5,,206,17,0.86
workout-cible,OrganicFit,transform weight loss reviews negative f,5,,214,14,0.91
workout-cible,OrganicFit,transform weight loss reviews negative b,5,,217,13,0.93
workout-cible,OrganicFit,transform weight loss reviews negative o,5,,211,17,0.86
workout-cible,OrganicFit,transform weight loss reviews negative t,5,,208,29,0.74
workout-cible,OrganicFit,transform weight loss reviews negative p,5,,216,26,0.76
workout-cible,OrganicFit,transform weight loss reviews negative j,5,,222,20,0.82
workout-cible,OrganicFit,transform weight loss reviews negative c,5,,213,15,0.89
workout-cible,OrganicFit,transform weight loss reviews negative i,5,,206,24,0.78
workout-cible,OrganicFit,review obesity app,5,,223,32,0.73
workout-cible,OrganicFit,apk reviews reddit calculator barbell ca,5,,218,36,0.70
workout-cible,OrganicFit,target weight works reddit free best gui,5,,224,10,1.02
workout-cible,OrganicFit,target weight works reddit free best apk,5,,206,6,1.24
workout-cible,OrganicFit,reddit target weight works free best gui,5,,225,10,1.02
workout-cible,OrganicFit,apk target weight works game best mod,5,,216,10,1.02
workout-cible,OrganicFit,mod apk target weight works game best,5,,216,9,1.06
workout-cible,OrganicFit,easy barbell calculator app,5,,229,67,0.61
workout-cible,OrganicFit,barbell calculator app reminder,5,,228,48,0.66
workout-cible,OrganicFit,easy barbell math app,5,,220,33,0.72
workout-cible,OrganicFit,barbell math app tracker,5,,228,21,0.81
workout-cible,OrganicFit,barbell math app planner,5,,223,17,0.86
workout-cible,OrganicFit,barbell math app reminder,5,,217,26,0.76
workout-cible,OrganicFit,reddit transform weight loss reviews neg,5,,220,30,0.74
workout-cible,OrganicFit,review transform weight loss reviews neg,5,,215,39,0.69
workout-cible,OrganicFit,reviews transform weight loss reviews ne,5,,190,25,0.77
workout-cible,OrganicFit,tutorial transform weight loss reviews n,5,,202,21,0.81
workout-cible,OrganicFit,apk transform weight loss reviews negati,5,,219,24,0.78
workout-cible,OrganicFit,my review obesity app,5,,212,31,0.73
workout-cible,OrganicFit,review obesity app planner,5,,218,17,0.86
workout-cible,OrganicFit,barbell weight app free,5,,221,7,1.16
workout-cible,OrganicFit,workout calculator reddit,5,,243,224,0.49
workout-cible,OrganicFit,weighting game download,5,,220,38,0.70
workout-cible,OrganicFit,cheap features free weight app,5,,219,112,0.55
workout-cible,OrganicFit,Lazy home fitness app,5,,246,44,0.67
workout-cible,OrganicFit,workout fit,5,59,249,106,0.56
workout-cible,OrganicFit,fasting for acycle fastingwomen,5,,233,19,0.83
workout-cible,OrganicFit,fit weight,5,,242,44,0.67
workout-cible,OrganicFit,chair yoga for women,5,,228,31,0.73
workout-cible,OrganicFit,iphone basics,5,,214,177,0.51
workout-cible,OrganicFit,training arms,5,,241,117,0.55
workout-cible,OrganicFit,weight casas,5,,246,89,0.58
workout-cible,OrganicFit,weight maxim reviews,5,,200,16,0.87
workout-cible,OrganicFit,pilates weight loss workouts,5,43,249,141,0.53
workout-cible,OrganicFit,herflow cycle & period tracker,5,,231,113,0.55
workout-cible,OrganicFit,target weight great,5,,208,10,1.02
workout-cible,OrganicFit,fitmaxx,5,,216,27,0.76
workout-cible,OrganicFit,notification weights visually many,5,,235,28,0.75
workout-cible,OrganicFit,quickly stack weights premium,5,,207,41,0.68
workout-cible,OrganicFit,quickly stack weights reviews,5,,209,39,0.69
workout-cible,OrganicFit,review quickly stack weights,5,,209,41,0.68
workout-cible,OrganicFit,reviews quickly stack weights,5,,209,42,0.68
workout-cible,OrganicFit,گفتگو,5,,242,131,0.54
workout-cible,OrganicFit,fitness app bodyweight,5,,234,11,0.98
workout-cible,OrganicFit,Weight loss tool,5,,219,199,0.50
workout-cible,OrganicFit,calendar for women,5,,224,40,0.69
workout-cible,OrganicFit,female workout planner,5,,246,78,0.59
workout-cible,OrganicFit,appd,5,,234,54,0.64
workout-cible,OrganicFit,perdida peso,5,,244,71,0.61
workout-cible,OrganicFit,plan de dieta,5,,236,184,0.51
workout-cible,OrganicFit,saude app,5,,245,232,0.49
workout-cible,OrganicFit,saude fitness,5,,248,155,0.52
workout-cible,OrganicFit,lazy weight loss,5,,244,80,0.59
workout-cible,OrganicFit,weight lose calculator,5,,226,205,0.50
workout-cible,OrganicFit,walk for weightloss,5,,221,178,0.51
workout-cible,OrganicFit,abmaxx: become shredded,5,,203,38,0.70
workout-cible,OrganicFit,ab coach,5,,218,56,0.64
workout-cible,OrganicFit,fableon,5,,98,35,0.71
workout-cible,OrganicFit,habits app for women,5,40,249,30,0.74
workout-cible,OrganicFit,creatine for women 40+,5,,247,243,0.48
workout-cible,OrganicFit,plan women,5,40,246,6,1.24
workout-cible,OrganicFit,pelvic floor exercises for women,5,42,249,106,0.56
workout-cible,OrganicFit,kmw fitness llc,5,,214,17,0.86
workout-cible,OrganicFit,lazy workout & fit,5,70,246,111,0.55
workout-cible,OrganicFit,strength women,5,,242,73,0.60
workout-cible,OrganicFit,weight loss ai women,5,,235,26,0.76
workout-cible,OrganicFit,body fat app free,5,,241,71,0.61
workout-cible,OrganicFit,routine notification,5,,244,187,0.51
workout-cible,OrganicFit,core workout exercises,5,,225,118,0.55
workout-cible,OrganicFit,arm workout exercises,5,,207,172,0.51
workout-cible,OrganicFit,home workout free app,5,,248,46,0.67
workout-cible,OrganicFit,cardio routine,5,,245,49,0.66
workout-cible,OrganicFit,women health app,5,,247,8,1.10
workout-cible,OrganicFit,lose fat keep muscle,5,40,243,167,0.52
workout-cible,OrganicFit,workout challeng,5,,229,190,0.50
workout-cible,OrganicFit,xercise,5,,219,96,0.57
workout-cible,OrganicFit,woman home sport,5,,247,48,0.66
workout-cible,OrganicFit,burn belly fat & get fit fast,5,,237,175,0.51
workout-cible,OrganicFit,sport for women,5,,247,40,0.69
workout-cible,OrganicFit,マイフィットネスパル,,62,244,104,
workout-cible,OrganicFit,myfitnesspal app free,,,238,75,
workout-cible,OrganicFit,women's health tracker,,,234,41,
workout-cible,OrganicFit,домашние,,28,212,66,
workout-cible,OrganicFit,худеть,,,249,142,
workout-cible,OrganicFit,데일리,,69,234,138,
workout-cible,OrganicFit,bodi fitness,,,207,41,
workout-cible,OrganicFit,"women health tracker",,50,248,192,
workout-cible,OrganicFit,loose%20it,,,201,42,
workout-cible,OrganicFit,glute%20workouts%20for%20women,,71,245,196,
workout-cible,OrganicFit,daily%20burn,,,221,20,
workout-cible,OrganicFit,pilates%20at%20home%20free,,,196,40,
workout-cible,OrganicFit,crunch%20fitness,,,239,13,
workout-cible,OrganicFit,kayla%20itsines,,46,250,64,
workout-cible,OrganicFit,training for women,,,244,11,
workout-cible,OrganicFit,women's workout hub,,,247,154,
workout-cible,OrganicFit,quickworkout,,,238,29,
workout-cible,OrganicFit,weight loss walk,,,218,36,
workout-cible,OrganicFit,women's home workout,,,240,84,
workout-cible,OrganicFit,workout at home for women,,,248,119,
workout-cible,OrganicFit,health loss,,,239,213,
workout-cible,OrganicFit,simple plan,,,222,69,
workout-cible,OrganicFit,confidence building app for women,,52,250,136,
workout-cible,OrganicFit,main character routine app,,55,247,210,
workout-cible,OrganicFit,women's life reset app,,42,249,200,
workout-cible,OrganicFit,women's sports,,78,241,84,
workout-cible,OrganicFit,pilates abs,,,245,211,
workout-cible,OrganicFit,organic apps,,,248,1,
workout-cible,OrganicFit,organic basics,,,197,60,
workout-cible,OrganicFit,pelican hopper lbts,,,226,9,
workout-cible,OrganicFit,perfect u: weightloss fitness,,,204,15,
workout-cible,OrganicFit,pilates evolution southglenn,,,246,39,
workout-cible,OrganicFit,pilates zone universe,,,247,12,
workout-cible,OrganicFit,simple app free,,,238,136,
workout-cible,OrganicFit,simple: weight loss coach,,,215,53,
workout-cible,OrganicFit,somos pilates nashville,,,247,30,
workout-cible,OrganicFit,weight loss workouts app game free,,,236,3,
workout-cible,OrganicFit,the tea app for women,,,207,20,
workout-cible,OrganicFit,snatched waist,,,21,3,
workout-cible,OrganicFit,stretching pro,,,248,191,
workout-cible,OrganicFit,+28,,,240,176,
workout-cible,OrganicFit,body organizer,,,244,27,
workout-cible,OrganicFit,organize homework,,40,248,77,
workout-cible,OrganicFit,muscle loss,,,246,35,
workout-cible,WorkoutWomenFitAtHome,planet fitness,74,97,249,201,7.38
workout-cible,WorkoutWomenFitAtHome,fitness:,65,53,236,48,8.57
workout-cible,WorkoutWomenFitAtHome,fitness,64,91,248,5,17.12
workout-cible,WorkoutWomenFitAtHome,筋トレ,63,63,250,165,6.50
workout-cible,WorkoutWomenFitAtHome,jump jump,63,75,249,171,6.46
workout-cible,WorkoutWomenFitAtHome,kahoot,62,82,248,56,7.90
workout-cible,WorkoutWomenFitAtHome,la fitness,62,87,248,55,7.93
workout-cible,WorkoutWomenFitAtHome,Home:,62,73,246,107,6.93
workout-cible,WorkoutWomenFitAtHome,workout:,62,71,245,56,7.90
workout-cible,WorkoutWomenFitAtHome,workout,60,86,246,5,16.05
workout-cible,WorkoutWomenFitAtHome,فري فاير,60,96,250,67,7.36
workout-cible,WorkoutWomenFitAtHome,건강,60,98,245,159,6.23
workout-cible,WorkoutWomenFitAtHome,تیک تاک,59,,245,33,8.49
workout-cible,WorkoutWomenFitAtHome,jim,58,93,247,94,6.64
workout-cible,WorkoutWomenFitAtHome,alle,58,100,246,200,5.79
workout-cible,WorkoutWomenFitAtHome,운동,58,57,247,6,14.33
workout-cible,WorkoutWomenFitAtHome,lose it,56,80,248,126,6.07
workout-cible,WorkoutWomenFitAtHome,gym,55,90,248,15,9.81
workout-cible,WorkoutWomenFitAtHome,nike training club,54,69,248,104,6.07
workout-cible,WorkoutWomenFitAtHome,belly,53,64,248,164,5.48
workout-cible,WorkoutWomenFitAtHome,workout  planner,53,69,248,25,8.18
workout-cible,WorkoutWomenFitAtHome,fitness app,52,80,247,13,9.69
workout-cible,WorkoutWomenFitAtHome,ifit,52,100,250,236,5.05
workout-cible,WorkoutWomenFitAtHome,workout planner,52,79,248,26,7.95
workout-cible,WorkoutWomenFitAtHome,онлайн,52,100,248,76,6.21
workout-cible,WorkoutWomenFitAtHome,筋トレメモ,52,46,250,139,5.53
workout-cible,WorkoutWomenFitAtHome,no limit 2,52,58,248,230,5.07
workout-cible,WorkoutWomenFitAtHome,كي كارد,52,85,250,100,5.89
workout-cible,WorkoutWomenFitAtHome,sport,51,98,249,2,23.40
workout-cible,WorkoutWomenFitAtHome,bend,51,97,247,202,5.08
workout-cible,WorkoutWomenFitAtHome,yoga,50,68,248,18,8.45
workout-cible,WorkoutWomenFitAtHome,at home,50,79,248,61,6.25
workout-cible,WorkoutWomenFitAtHome,da fit,50,58,249,83,5.87
workout-cible,WorkoutWomenFitAtHome,work out,49,74,248,5,13.11
workout-cible,WorkoutWomenFitAtHome,forma,49,65,250,192,4.93
workout-cible,WorkoutWomenFitAtHome,regle femme,49,70,243,208,4.86
workout-cible,WorkoutWomenFitAtHome,weight loss,48,80,249,16,8.40
workout-cible,WorkoutWomenFitAtHome,technogym,48,53,248,152,5.03
workout-cible,WorkoutWomenFitAtHome,weight  loss,48,68,249,16,8.40
workout-cible,WorkoutWomenFitAtHome,gym workout,47,73,248,25,7.26
workout-cible,WorkoutWomenFitAtHome,ejercicios en casa,47,39,248,2,21.57
workout-cible,WorkoutWomenFitAtHome,برنامج,46,96,249,237,4.46
workout-cible,WorkoutWomenFitAtHome,здоровье,46,71,248,167,4.74
workout-cible,WorkoutWomenFitAtHome,allenamento a casa,46,56,236,1,46.00
workout-cible,WorkoutWomenFitAtHome,seven,44,77,246,91,5.07
workout-cible,WorkoutWomenFitAtHome,ejercicio,44,57,249,1,44.00
workout-cible,WorkoutWomenFitAtHome,фитнес,43,57,239,3,14.99
workout-cible,WorkoutWomenFitAtHome,exercise apps,41,65,250,3,14.29
workout-cible,WorkoutWomenFitAtHome,abnehmen,41,62,250,210,4.06
workout-cible,WorkoutWomenFitAtHome,trustpilot,40,98,250,13,7.46
workout-cible,WorkoutWomenFitAtHome,wo,39,98,245,180,3.97
workout-cible,WorkoutWomenFitAtHome,спорт,39,58,249,4,11.61
workout-cible,WorkoutWomenFitAtHome,홈,39,58,247,111,4.33
workout-cible,WorkoutWomenFitAtHome,free workout apps,38,61,248,10,7.73
workout-cible,WorkoutWomenFitAtHome,abnehm app,38,46,246,17,6.53
workout-cible,WorkoutWomenFitAtHome,entraînement à la maison,38,39,250,4,11.31
workout-cible,WorkoutWomenFitAtHome,ストレッチ,37,50,183,16,6.47
workout-cible,WorkoutWomenFitAtHome,for,36,100,248,200,3.59
workout-cible,WorkoutWomenFitAtHome,entrenamiento,36,63,245,3,12.55
workout-cible,WorkoutWomenFitAtHome,healthy buddy,36,,241,3,12.55
workout-cible,WorkoutWomenFitAtHome,em,35,97,247,222,3.43
workout-cible,WorkoutWomenFitAtHome,gimnasio,35,76,247,7,8.12
workout-cible,WorkoutWomenFitAtHome,dimagrire,35,42,74,7,8.12
workout-cible,WorkoutWomenFitAtHome,work out routine free,35,62,248,5,9.36
workout-cible,WorkoutWomenFitAtHome,運動記録,35,88,243,107,3.91
workout-cible,WorkoutWomenFitAtHome,free workout apps for women,34,53,248,3,11.85
workout-cible,WorkoutWomenFitAtHome,rutinas de gym gratis,34,71,247,2,15.60
workout-cible,WorkoutWomenFitAtHome,easyfitness,32,55,247,3,11.15
workout-cible,WorkoutWomenFitAtHome,断食,30,50,249,205,2.98
workout-cible,WorkoutWomenFitAtHome,women workout,29,68,247,2,13.31
workout-cible,WorkoutWomenFitAtHome,exercise apps for women free,29,59,247,3,10.11
workout-cible,WorkoutWomenFitAtHome,easy fitness,29,90,248,4,8.63
workout-cible,WorkoutWomenFitAtHome,stretching flexibility free,28,69,247,124,3.04
workout-cible,WorkoutWomenFitAtHome,rutina gym,28,63,248,7,6.50
workout-cible,WorkoutWomenFitAtHome,kostenlos,28,90,250,246,2.70
workout-cible,WorkoutWomenFitAtHome,programme musculation,28,45,249,65,3.46
workout-cible,WorkoutWomenFitAtHome,just fit lazy workout free,28,59,247,20,4.59
workout-cible,WorkoutWomenFitAtHome,fitness app free,27,59,248,54,3.47
workout-cible,WorkoutWomenFitAtHome,free exercise app for women,27,55,247,4,8.04
workout-cible,WorkoutWomenFitAtHome,perdere peso,26,46,243,6,6.42
workout-cible,WorkoutWomenFitAtHome,[clx],25,33,21,6,6.18
workout-cible,WorkoutWomenFitAtHome,femm,24,66,247,143,2.54
workout-cible,WorkoutWomenFitAtHome,weight loss app,23,71,245,22,3.67
workout-cible,WorkoutWomenFitAtHome,entrainement,23,54,248,9,4.85
workout-cible,WorkoutWomenFitAtHome,weight loss for women,23,72,246,3,8.02
workout-cible,WorkoutWomenFitAtHome,ejercicios,22,56,249,1,22.00
workout-cible,WorkoutWomenFitAtHome,doma,22,59,157,113,2.43
workout-cible,WorkoutWomenFitAtHome,workout apps for women,21,76,248,2,9.64
workout-cible,WorkoutWomenFitAtHome,weight training women,21,,248,45,2.81
workout-cible,WorkoutWomenFitAtHome,excercise app,21,63,248,3,7.32
workout-cible,WorkoutWomenFitAtHome,work out at home,20,58,245,2,9.18
workout-cible,WorkoutWomenFitAtHome,workout at home,20,61,248,2,9.18
workout-cible,WorkoutWomenFitAtHome,full body workout,19,65,249,2,8.72
workout-cible,WorkoutWomenFitAtHome,butt workout,19,62,244,4,5.66
workout-cible,WorkoutWomenFitAtHome,ab workout,18,60,248,10,3.66
workout-cible,WorkoutWomenFitAtHome,zumba fitness,18,67,246,11,3.54
workout-cible,WorkoutWomenFitAtHome,sport a la maison,18,54,249,4,5.36
workout-cible,WorkoutWomenFitAtHome,app para hacer ejercicio gratis,18,52,250,1,18.00
workout-cible,WorkoutWomenFitAtHome,couch,17,88,247,10,3.46
workout-cible,WorkoutWomenFitAtHome,esercizi,17,64,250,3,5.93
workout-cible,WorkoutWomenFitAtHome,trainingsplan kostenlos,16,92,250,22,2.56
workout-cible,WorkoutWomenFitAtHome,plank challenge,16,54,247,13,2.98
workout-cible,WorkoutWomenFitAtHome,street workout,16,56,246,106,1.79
workout-cible,WorkoutWomenFitAtHome,lean body,16,57,244,10,3.25
workout-cible,WorkoutWomenFitAtHome,의료,16,77,249,202,1.60
workout-cible,WorkoutWomenFitAtHome,ventre plat,15,37,147,6,3.71
workout-cible,WorkoutWomenFitAtHome,webdiet,15,,143,126,1.63
workout-cible,WorkoutWomenFitAtHome,30 day squat challenge,14,53,244,13,2.61
workout-cible,WorkoutWomenFitAtHome,abs in 30 days,14,52,245,104,1.57
workout-cible,WorkoutWomenFitAtHome,paare,14,89,250,26,2.14
workout-cible,WorkoutWomenFitAtHome,bodycoach,14,39,249,194,1.41
workout-cible,WorkoutWomenFitAtHome,virtuagym,13,53,211,152,1.36
workout-cible,WorkoutWomenFitAtHome,30 days challenge,13,44,242,174,1.33
workout-cible,WorkoutWomenFitAtHome,for health,13,68,248,101,1.47
workout-cible,WorkoutWomenFitAtHome,مدیریت مالی,13,82,10,6,3.21
workout-cible,WorkoutWomenFitAtHome,home workout free,12,55,248,8,2.64
workout-cible,WorkoutWomenFitAtHome,workout apps,12,76,248,5,3.21
workout-cible,WorkoutWomenFitAtHome,app dimagrire,12,80,248,8,2.64
workout-cible,WorkoutWomenFitAtHome,home fitness,11,66,247,4,3.28
workout-cible,WorkoutWomenFitAtHome,loose it,10,59,248,193,1.00
workout-cible,WorkoutWomenFitAtHome,abnehmen app,10,44,189,35,1.42
workout-cible,WorkoutWomenFitAtHome,app sport,10,93,248,2,4.59
workout-cible,WorkoutWomenFitAtHome,gluteos,10,40,249,2,4.59
workout-cible,WorkoutWomenFitAtHome,30 day fitness,9,67,245,79,1.07
workout-cible,WorkoutWomenFitAtHome,loose weight,9,69,249,95,1.03
workout-cible,WorkoutWomenFitAtHome,just fit,9,73,197,6,2.22
workout-cible,WorkoutWomenFitAtHome,sport zuhause,9,,250,1,9.00
workout-cible,WorkoutWomenFitAtHome,adelgazar,9,59,241,5,2.41
workout-cible,WorkoutWomenFitAtHome,activité,9,89,242,41,1.23
workout-cible,WorkoutWomenFitAtHome,easy fit,9,66,240,34,1.29
workout-cible,WorkoutWomenFitAtHome,весы,9,41,218,183,0.91
workout-cible,WorkoutWomenFitAtHome,boot camp,9,58,238,12,1.72
workout-cible,WorkoutWomenFitAtHome,the 21 days challenge,9,53,195,167,0.93
workout-cible,WorkoutWomenFitAtHome,бери заряд,9,,37,34,1.29
workout-cible,WorkoutWomenFitAtHome,perder peso para mujeres,9,85,249,3,3.14
workout-cible,WorkoutWomenFitAtHome,pilates workout at home,9,51,250,12,1.72
workout-cible,WorkoutWomenFitAtHome,military calisthenics women,9,65,249,9,1.90
workout-cible,WorkoutWomenFitAtHome,thai chi walking,9,,250,166,0.93
workout-cible,WorkoutWomenFitAtHome,hom,8,,237,216,0.79
workout-cible,WorkoutWomenFitAtHome,nike fitness,8,54,248,199,0.80
workout-cible,WorkoutWomenFitAtHome,workout for women,8,67,248,2,3.67
workout-cible,WorkoutWomenFitAtHome,at home workouts,8,63,247,5,2.14
workout-cible,WorkoutWomenFitAtHome,arm workout,8,70,249,5,2.14
workout-cible,WorkoutWomenFitAtHome,yoga kostenlos,8,,247,143,0.85
workout-cible,WorkoutWomenFitAtHome,gim,8,90,246,3,2.79
workout-cible,WorkoutWomenFitAtHome,female fitness,8,61,245,1,8.00
workout-cible,WorkoutWomenFitAtHome,leap day,8,83,140,116,0.88
workout-cible,WorkoutWomenFitAtHome,lose weight app for women,8,71,247,9,1.69
workout-cible,WorkoutWomenFitAtHome,pilates gratis,8,,248,10,1.63
workout-cible,WorkoutWomenFitAtHome,abnehmen kostenlos,8,47,249,25,1.24
workout-cible,WorkoutWomenFitAtHome,fito,8,52,98,89,0.93
workout-cible,WorkoutWomenFitAtHome,attivita,8,86,243,8,1.76
workout-cible,WorkoutWomenFitAtHome,workout app,7,73,247,5,1.87
workout-cible,WorkoutWomenFitAtHome,koder,7,65,232,192,0.70
workout-cible,WorkoutWomenFitAtHome,fitonomy,7,56,136,7,1.62
workout-cible,WorkoutWomenFitAtHome,workout free,7,66,248,5,1.87
workout-cible,WorkoutWomenFitAtHome,stretch,7,82,248,11,1.38
workout-cible,WorkoutWomenFitAtHome,fittness,7,70,236,5,1.87
workout-cible,WorkoutWomenFitAtHome,womens workout,7,,248,2,3.21
workout-cible,WorkoutWomenFitAtHome,fitness online,7,64,248,18,1.18
workout-cible,WorkoutWomenFitAtHome,abs workout,6,64,245,8,1.32
workout-cible,WorkoutWomenFitAtHome,lose weight,6,73,250,14,1.09
workout-cible,WorkoutWomenFitAtHome,excercise app free,6,69,248,3,2.09
workout-cible,WorkoutWomenFitAtHome,gym app,6,81,248,18,1.01
workout-cible,WorkoutWomenFitAtHome,home training,6,52,245,148,0.63
workout-cible,WorkoutWomenFitAtHome,plank,6,58,246,12,1.15
workout-cible,WorkoutWomenFitAtHome,six pack in 30 days,6,64,246,102,0.68
workout-cible,WorkoutWomenFitAtHome,get fit,6,75,248,11,1.18
workout-cible,WorkoutWomenFitAtHome,home workout for women,6,64,245,2,2.75
workout-cible,WorkoutWomenFitAtHome,ejercicios para abdomen,6,44,247,4,1.79
workout-cible,WorkoutWomenFitAtHome,ايات,6,94,248,192,0.60
workout-cible,WorkoutWomenFitAtHome,fore,6,,237,95,0.69
workout-cible,WorkoutWomenFitAtHome,fitness gratis,6,55,247,2,2.75
workout-cible,WorkoutWomenFitAtHome,fitness femenino,6,,248,1,6.00
workout-cible,WorkoutWomenFitAtHome,entrenamiento en casa,6,53,246,2,2.75
workout-cible,WorkoutWomenFitAtHome,correr para adelgazar,6,48,243,14,1.09
workout-cible,WorkoutWomenFitAtHome,military workout,6,59,247,12,1.15
workout-cible,WorkoutWomenFitAtHome,perder peso,6,44,244,6,1.48
workout-cible,WorkoutWomenFitAtHome,тренировки,6,58,248,4,1.79
workout-cible,WorkoutWomenFitAtHome,attività,6,32,207,13,1.12
workout-cible,WorkoutWomenFitAtHome,correre per dimagrire,6,38,88,13,1.12
workout-cible,WorkoutWomenFitAtHome,estiramientos,6,71,248,155,0.63
workout-cible,WorkoutWomenFitAtHome,line works,6,94,236,220,0.59
workout-cible,WorkoutWomenFitAtHome,gluteo,6,40,250,1,6.00
workout-cible,WorkoutWomenFitAtHome,feel great,6,50,57,25,0.93
workout-cible,WorkoutWomenFitAtHome,kout,6,,147,61,0.75
workout-cible,WorkoutWomenFitAtHome,pare,6,51,221,136,0.64
workout-cible,WorkoutWomenFitAtHome,ejercicios en casa app,6,,248,2,2.75
workout-cible,WorkoutWomenFitAtHome,fitness egym,6,40,244,157,0.62
workout-cible,WorkoutWomenFitAtHome,belly fat,5,57,242,27,0.76
workout-cible,WorkoutWomenFitAtHome,best exercise to lose weight,5,40,234,48,0.66
workout-cible,WorkoutWomenFitAtHome,cardio exercises,5,44,246,48,0.66
workout-cible,WorkoutWomenFitAtHome,cardio workout,5,49,246,148,0.53
workout-cible,WorkoutWomenFitAtHome,fitness model,5,53,244,95,0.57
workout-cible,WorkoutWomenFitAtHome,workout routine,5,73,248,142,0.53
workout-cible,WorkoutWomenFitAtHome,how to lose belly fat,5,51,243,113,0.55
workout-cible,WorkoutWomenFitAtHome,belly fat workout,5,51,243,3,1.74
workout-cible,WorkoutWomenFitAtHome,flat belly,5,54,234,4,1.49
workout-cible,WorkoutWomenFitAtHome,burn belly fat,5,47,239,120,0.55
workout-cible,WorkoutWomenFitAtHome,daily cardio workout,5,65,247,5,1.34
workout-cible,WorkoutWomenFitAtHome,workout diet,5,,241,6,1.24
workout-cible,WorkoutWomenFitAtHome,free exercise apps,5,56,250,13,0.93
workout-cible,WorkoutWomenFitAtHome,workout exercises,5,72,244,13,0.93
workout-cible,WorkoutWomenFitAtHome,exercise free,5,,247,10,1.02
workout-cible,WorkoutWomenFitAtHome,home workout no equipment,5,50,246,3,1.74
workout-cible,WorkoutWomenFitAtHome,body workout,5,63,246,2,2.29
workout-cible,WorkoutWomenFitAtHome,workout home,5,56,247,4,1.49
workout-cible,WorkoutWomenFitAtHome,home workout app,5,65,247,3,1.74
workout-cible,WorkoutWomenFitAtHome,free home workout,5,56,248,10,1.02
workout-cible,WorkoutWomenFitAtHome,lose belly,5,56,244,175,0.51
workout-cible,WorkoutWomenFitAtHome,perder grasa abdominal,5,,131,7,1.16
workout-cible,WorkoutWomenFitAtHome,weight loss workout,5,58,238,7,1.16
workout-cible,WorkoutWomenFitAtHome,caminar para bajar de peso,5,69,244,79,0.59
workout-cible,WorkoutWomenFitAtHome,walking to lose weight,5,36,208,40,0.69
workout-cible,WorkoutWomenFitAtHome,weight loss apps,5,70,243,119,0.55
workout-cible,WorkoutWomenFitAtHome,workout apps for free,5,78,248,82,0.59
workout-cible,WorkoutWomenFitAtHome,free workout,5,72,247,9,1.06
workout-cible,WorkoutWomenFitAtHome,it girl,5,,212,186,0.51
workout-cible,WorkoutWomenFitAtHome,ntc,5,44,186,107,0.56
workout-cible,WorkoutWomenFitAtHome,健 身,5,25,241,15,0.89
workout-cible,WorkoutWomenFitAtHome,big booty,5,57,241,11,0.98
workout-cible,WorkoutWomenFitAtHome,gym workouts for women,5,70,247,60,0.63
workout-cible,WorkoutWomenFitAtHome,fitness apps,5,70,247,164,0.52
workout-cible,WorkoutWomenFitAtHome,freeletics,5,88,138,128,0.54
workout-cible,WorkoutWomenFitAtHome,fitness blender,5,67,247,9,1.06
workout-cible,WorkoutWomenFitAtHome,6 pack in 30 days,5,57,238,168,0.51
workout-cible,WorkoutWomenFitAtHome,ejercicios en casa gratis,5,56,250,3,1.74
workout-cible,WorkoutWomenFitAtHome,squat challenge,5,54,248,13,0.93
workout-cible,WorkoutWomenFitAtHome,woman,5,92,232,8,1.10
workout-cible,WorkoutWomenFitAtHome,daily workout,5,66,248,25,0.77
workout-cible,WorkoutWomenFitAtHome,exercise apps for women,5,55,248,1,5.00
workout-cible,WorkoutWomenFitAtHome,work out app,5,70,247,5,1.34
workout-cible,WorkoutWomenFitAtHome,work out at home free,5,58,248,3,1.74
workout-cible,WorkoutWomenFitAtHome,work out apps,5,72,250,5,1.34
workout-cible,WorkoutWomenFitAtHome,barre workout,5,51,244,123,0.54
workout-cible,WorkoutWomenFitAtHome,stomach workout,5,50,243,3,1.74
workout-cible,WorkoutWomenFitAtHome,workout men,5,55,247,11,0.98
workout-cible,WorkoutWomenFitAtHome,core workout,5,68,248,4,1.49
workout-cible,WorkoutWomenFitAtHome,leg workouts,5,68,248,12,0.96
workout-cible,WorkoutWomenFitAtHome,workout for men,5,76,246,11,0.98
workout-cible,WorkoutWomenFitAtHome,leg workout,5,70,247,14,0.91
workout-cible,WorkoutWomenFitAtHome,rutina de ejercicios,5,58,250,1,5.00
workout-cible,WorkoutWomenFitAtHome,7 minute workout app,5,51,240,77,0.60
workout-cible,WorkoutWomenFitAtHome,morning workout,5,63,248,10,1.02
workout-cible,WorkoutWomenFitAtHome,home exercise,5,65,248,2,2.29
workout-cible,WorkoutWomenFitAtHome,workout challenge,5,66,248,12,0.96
workout-cible,WorkoutWomenFitAtHome,streches,5,67,246,12,0.96
workout-cible,WorkoutWomenFitAtHome,buttocks workout,5,55,246,6,1.24
workout-cible,WorkoutWomenFitAtHome,womens fitness,5,64,248,2,2.29
workout-cible,WorkoutWomenFitAtHome,men workout,5,72,243,11,0.98
workout-cible,WorkoutWomenFitAtHome,better man,5,80,182,11,0.98
workout-cible,WorkoutWomenFitAtHome,fat burning workout,5,57,246,8,1.10
workout-cible,WorkoutWomenFitAtHome,bettermen app,5,73,241,16,0.87
workout-cible,WorkoutWomenFitAtHome,working out,5,70,246,2,2.29
workout-cible,WorkoutWomenFitAtHome,noom walk,5,46,247,132,0.54
workout-cible,WorkoutWomenFitAtHome,kahhot,5,92,248,43,0.68
workout-cible,WorkoutWomenFitAtHome,fitness home,5,54,248,5,1.34
workout-cible,WorkoutWomenFitAtHome,fitness workout,5,74,247,4,1.49
workout-cible,WorkoutWomenFitAtHome,female workout,5,57,246,1,5.00
workout-cible,WorkoutWomenFitAtHome,daily butt workout,5,,239,13,0.93
workout-cible,WorkoutWomenFitAtHome,fitnes,5,92,222,4,1.49
workout-cible,WorkoutWomenFitAtHome,fit app,5,60,248,5,1.34
workout-cible,WorkoutWomenFitAtHome,fitness zuhause,5,59,244,7,1.16
workout-cible,WorkoutWomenFitAtHome,free exercises,5,60,249,29,0.74
workout-cible,WorkoutWomenFitAtHome,flat abs,5,49,230,134,0.54
workout-cible,WorkoutWomenFitAtHome,flat tummy,5,55,247,9,1.06
workout-cible,WorkoutWomenFitAtHome,belly workout,5,50,245,10,1.02
workout-cible,WorkoutWomenFitAtHome,waist workout,5,50,248,3,1.74
workout-cible,WorkoutWomenFitAtHome,carnet musculation,5,60,249,197,0.50
workout-cible,WorkoutWomenFitAtHome,fitness bodybuilding,5,46,220,95,0.57
workout-cible,WorkoutWomenFitAtHome,bodyweight workouts,5,78,246,156,0.52
workout-cible,WorkoutWomenFitAtHome,home workout no equipments,5,63,243,9,1.06
workout-cible,WorkoutWomenFitAtHome,home exercises,5,58,247,2,2.29
workout-cible,WorkoutWomenFitAtHome,home fitness workout,5,49,242,6,1.24
workout-cible,WorkoutWomenFitAtHome,free exercise,5,61,247,7,1.16
workout-cible,WorkoutWomenFitAtHome,exercise app free,5,55,248,17,0.86
workout-cible,WorkoutWomenFitAtHome,daily workouts fitness trainer,5,70,244,115,0.55
workout-cible,WorkoutWomenFitAtHome,daily workouts,5,69,246,23,0.79
workout-cible,WorkoutWomenFitAtHome,keep trainer,5,47,247,11,0.98
workout-cible,WorkoutWomenFitAtHome,home cardio,5,58,248,135,0.54
workout-cible,WorkoutWomenFitAtHome,flat stomach,5,57,241,2,2.29
workout-cible,WorkoutWomenFitAtHome,flat stomach workout,5,,242,45,0.67
workout-cible,WorkoutWomenFitAtHome,loose weight in 30 days,5,,233,10,1.02
workout-cible,WorkoutWomenFitAtHome,30 days,5,59,246,135,0.54
workout-cible,WorkoutWomenFitAtHome,daily ab workout,5,,210,28,0.75
workout-cible,WorkoutWomenFitAtHome,easy workout,5,67,245,53,0.64
workout-cible,WorkoutWomenFitAtHome,arms workout,5,62,246,10,1.02
workout-cible,WorkoutWomenFitAtHome,gain weight workout,5,56,247,9,1.06
workout-cible,WorkoutWomenFitAtHome,perte poids,5,70,239,193,0.50
workout-cible,WorkoutWomenFitAtHome,work at home,5,69,247,16,0.87
workout-cible,WorkoutWomenFitAtHome,fitness app for women,5,60,248,3,1.74
workout-cible,WorkoutWomenFitAtHome,home workouts,5,62,247,3,1.74
workout-cible,WorkoutWomenFitAtHome,women fitness,5,62,245,1,5.00
workout-cible,WorkoutWomenFitAtHome,gym women,5,57,248,3,1.74
workout-cible,WorkoutWomenFitAtHome,abnehm,5,49,221,18,0.84
workout-cible,WorkoutWomenFitAtHome,workout for teens,5,58,246,8,1.10
workout-cible,WorkoutWomenFitAtHome,5 minute yoga,5,55,249,13,0.93
workout-cible,WorkoutWomenFitAtHome,daily exercise,5,64,247,5,1.34
workout-cible,WorkoutWomenFitAtHome,exercices musculation,5,55,249,14,0.91
workout-cible,WorkoutWomenFitAtHome,female fitness women workout,5,57,246,1,5.00
workout-cible,WorkoutWomenFitAtHome,trening,5,59,249,4,1.49
workout-cible,WorkoutWomenFitAtHome,fitness bodybuilding pro,5,,233,50,0.65
workout-cible,WorkoutWomenFitAtHome,free workout plan,5,64,247,12,0.96
workout-cible,WorkoutWomenFitAtHome,weburn,5,54,41,29,0.74
workout-cible,WorkoutWomenFitAtHome,30 day ab challenge,5,53,248,13,0.93
workout-cible,WorkoutWomenFitAtHome,workout frauen,5,49,248,1,5.00
workout-cible,WorkoutWomenFitAtHome,lifting app,5,84,248,11,0.98
workout-cible,WorkoutWomenFitAtHome,lose it free,5,85,247,233,0.49
workout-cible,WorkoutWomenFitAtHome,weightloss pics,5,44,238,11,0.98
workout-cible,WorkoutWomenFitAtHome,weight loss pics,5,40,237,57,0.63
workout-cible,WorkoutWomenFitAtHome,strength training women,5,72,247,26,0.76
workout-cible,WorkoutWomenFitAtHome,dumbell,5,66,248,237,0.49
workout-cible,WorkoutWomenFitAtHome,exercise challenge,5,64,248,12,0.96
workout-cible,WorkoutWomenFitAtHome,30 day plank challenge,5,51,248,14,0.91
workout-cible,WorkoutWomenFitAtHome,30 day,5,70,247,203,0.50
workout-cible,WorkoutWomenFitAtHome,fitnesse,5,,249,2,2.29
workout-cible,WorkoutWomenFitAtHome,workout fitness,5,70,248,2,2.29
workout-cible,WorkoutWomenFitAtHome,fitness at home,5,61,247,2,2.29
workout-cible,WorkoutWomenFitAtHome,at home fitness,5,54,246,2,2.29
workout-cible,WorkoutWomenFitAtHome,streching,5,54,248,12,0.96
workout-cible,WorkoutWomenFitAtHome,plank training,5,45,243,103,0.56
workout-cible,WorkoutWomenFitAtHome,strech,5,70,246,12,0.96
workout-cible,WorkoutWomenFitAtHome,stretches,5,78,245,12,0.96
workout-cible,WorkoutWomenFitAtHome,lose weight game,5,,217,19,0.83
workout-cible,WorkoutWomenFitAtHome,lost weight,5,,249,16,0.87
workout-cible,WorkoutWomenFitAtHome,lose wait,5,,202,15,0.89
workout-cible,WorkoutWomenFitAtHome,7 minutes,5,50,229,12,0.96
workout-cible,WorkoutWomenFitAtHome,16 8,5,49,249,135,0.54
workout-cible,WorkoutWomenFitAtHome,pilates gratuit,5,45,217,54,0.64
workout-cible,WorkoutWomenFitAtHome,training zuhause,5,54,248,2,2.29
workout-cible,WorkoutWomenFitAtHome,30 day butt challenge,5,51,249,14,0.91
workout-cible,WorkoutWomenFitAtHome,30 day fitness challenges,5,48,241,83,0.59
workout-cible,WorkoutWomenFitAtHome,fat boy,5,50,192,91,0.58
workout-cible,WorkoutWomenFitAtHome,daily burn,5,50,224,123,0.54
workout-cible,WorkoutWomenFitAtHome,home workout women,5,,247,2,2.29
workout-cible,WorkoutWomenFitAtHome,weight loss challenge,5,49,242,12,0.96
workout-cible,WorkoutWomenFitAtHome,30 days fitness,5,57,240,8,1.10
workout-cible,WorkoutWomenFitAtHome,daily fitness workouts,5,60,248,10,1.02
workout-cible,WorkoutWomenFitAtHome,7 min,5,57,245,50,0.65
workout-cible,WorkoutWomenFitAtHome,firness,5,,248,4,1.49
workout-cible,WorkoutWomenFitAtHome,work out for women,5,,247,1,5.00
workout-cible,WorkoutWomenFitAtHome,workout woman,5,47,245,2,2.29
workout-cible,WorkoutWomenFitAtHome,fizzup,5,56,223,175,0.51
workout-cible,WorkoutWomenFitAtHome,teen workout,5,81,247,4,1.49
workout-cible,WorkoutWomenFitAtHome,best cycling app,5,94,234,13,0.93
workout-cible,WorkoutWomenFitAtHome,butt trainer,5,40,230,171,0.51
workout-cible,WorkoutWomenFitAtHome,fitness women,5,59,247,1,5.00
workout-cible,WorkoutWomenFitAtHome,women exercise,5,49,247,2,2.29
workout-cible,WorkoutWomenFitAtHome,腹部,5,45,236,72,0.60
workout-cible,WorkoutWomenFitAtHome,workout and fitness,5,80,247,201,0.50
workout-cible,WorkoutWomenFitAtHome,30 day abs,5,48,245,12,0.96
workout-cible,WorkoutWomenFitAtHome,loss belly fat,5,,246,3,1.74
workout-cible,WorkoutWomenFitAtHome,entrenamientos,5,64,249,4,1.49
workout-cible,WorkoutWomenFitAtHome,rutinas gym,5,73,249,171,0.51
workout-cible,WorkoutWomenFitAtHome,rutina gimnasio,5,72,248,36,0.70
workout-cible,WorkoutWomenFitAtHome,home workout fitness,5,85,241,125,0.54
workout-cible,WorkoutWomenFitAtHome,entrainement a la maison,5,52,248,5,1.34
workout-cible,WorkoutWomenFitAtHome,bajar peso,5,51,249,5,1.34
workout-cible,WorkoutWomenFitAtHome,bajar de peso,5,53,249,6,1.24
workout-cible,WorkoutWomenFitAtHome,fitness workouts,5,69,246,3,1.74
workout-cible,WorkoutWomenFitAtHome,strongher,5,50,39,30,0.74
workout-cible,WorkoutWomenFitAtHome,six pack editor,5,46,226,88,0.58
workout-cible,WorkoutWomenFitAtHome,sport fitness,5,,248,1,5.00
workout-cible,WorkoutWomenFitAtHome,gym virtual,5,,249,2,2.29
workout-cible,WorkoutWomenFitAtHome,entrenador,5,64,236,2,2.29
workout-cible,WorkoutWomenFitAtHome,en forma 30 dias,5,86,243,80,0.59
workout-cible,WorkoutWomenFitAtHome,daily fitness,5,56,248,12,0.96
workout-cible,WorkoutWomenFitAtHome,weight loss at home,5,31,233,14,0.91
workout-cible,WorkoutWomenFitAtHome,fit macro,5,,246,34,0.71
workout-cible,WorkoutWomenFitAtHome,workout female,5,51,246,1,5.00
workout-cible,WorkoutWomenFitAtHome,army workout,5,62,249,15,0.89
workout-cible,WorkoutWomenFitAtHome,lose body fat,5,47,250,47,0.66
workout-cible,WorkoutWomenFitAtHome,butt workout free,5,49,247,38,0.70
workout-cible,WorkoutWomenFitAtHome,big butt workout,5,40,246,166,0.52
workout-cible,WorkoutWomenFitAtHome,abs workout for women,5,52,242,3,1.74
workout-cible,WorkoutWomenFitAtHome,30 day workout,5,53,248,6,1.24
workout-cible,WorkoutWomenFitAtHome,home workout with dumbbells,5,59,250,47,0.66
workout-cible,WorkoutWomenFitAtHome,resistance band,5,51,95,13,0.93
workout-cible,WorkoutWomenFitAtHome,strength training at home,5,70,248,24,0.78
workout-cible,WorkoutWomenFitAtHome,30 days workout,5,73,247,19,0.83
workout-cible,WorkoutWomenFitAtHome,gym workout for women,5,70,248,5,1.34
workout-cible,WorkoutWomenFitAtHome,six pack workout,5,53,236,139,0.53
workout-cible,WorkoutWomenFitAtHome,flexibility training,5,78,248,12,0.96
workout-cible,WorkoutWomenFitAtHome,weight training for women,5,,249,28,0.75
workout-cible,WorkoutWomenFitAtHome,arm workout for women,5,56,245,1,5.00
workout-cible,WorkoutWomenFitAtHome,pilates for men,5,73,246,232,0.49
workout-cible,WorkoutWomenFitAtHome,hourglass figure,5,31,8,4,1.49
workout-cible,WorkoutWomenFitAtHome,прыжки,5,53,183,111,0.55
workout-cible,WorkoutWomenFitAtHome,растяжка,5,75,247,17,0.86
workout-cible,WorkoutWomenFitAtHome,bodyweight workouts at home,5,68,250,4,1.49
workout-cible,WorkoutWomenFitAtHome,warm up exercises,5,,244,20,0.82
workout-cible,WorkoutWomenFitAtHome,perte de poids gratuit,5,31,248,150,0.52
workout-cible,WorkoutWomenFitAtHome,fat loss workout,5,61,248,231,0.49
workout-cible,WorkoutWomenFitAtHome,home workout for kids,5,55,250,11,0.98
workout-cible,WorkoutWomenFitAtHome,strength training for women,5,71,248,34,0.71
workout-cible,WorkoutWomenFitAtHome,abdomen,5,61,250,5,1.34
workout-cible,WorkoutWomenFitAtHome,back stretches,5,68,249,14,0.91
workout-cible,WorkoutWomenFitAtHome,butt workout for women,5,40,229,14,0.91
workout-cible,WorkoutWomenFitAtHome,lose belly fat at home,5,,248,3,1.74
workout-cible,WorkoutWomenFitAtHome,homeroutines,5,42,244,210,0.50
workout-cible,WorkoutWomenFitAtHome,limits,5,78,247,137,0.53
workout-cible,WorkoutWomenFitAtHome,gym girl,5,,248,1,5.00
workout-cible,WorkoutWomenFitAtHome,gym for girls,5,,248,1,5.00
workout-cible,WorkoutWomenFitAtHome,cycling training plan,5,53,241,76,0.60
workout-cible,WorkoutWomenFitAtHome,weight loss diet plan for women,5,44,226,84,0.59
workout-cible,WorkoutWomenFitAtHome,home project planner,5,,230,111,0.55
workout-cible,WorkoutWomenFitAtHome,female,5,98,245,2,2.29
workout-cible,WorkoutWomenFitAtHome,workout planner for women,5,66,248,6,1.24
workout-cible,WorkoutWomenFitAtHome,fitness on demand,5,,219,33,0.72
workout-cible,WorkoutWomenFitAtHome,home workout planner,5,68,248,12,0.96
workout-cible,WorkoutWomenFitAtHome,women's fitness,5,58,245,1,5.00
workout-cible,WorkoutWomenFitAtHome,zumba dance,5,68,248,10,1.02
workout-cible,WorkoutWomenFitAtHome,8 min abs workout,5,42,224,215,0.49
workout-cible,WorkoutWomenFitAtHome,piernas,5,,169,9,1.06
workout-cible,WorkoutWomenFitAtHome,beintraining,5,82,79,26,0.76
workout-cible,WorkoutWomenFitAtHome,belly fat exercises,5,45,235,136,0.53
workout-cible,WorkoutWomenFitAtHome,frauen fitness,5,54,223,1,5.00
workout-cible,WorkoutWomenFitAtHome,вулкан,5,51,125,84,0.59
workout-cible,WorkoutWomenFitAtHome,abs home workout,5,44,239,178,0.51
workout-cible,WorkoutWomenFitAtHome,cronograma,5,89,248,217,0.49
workout-cible,WorkoutWomenFitAtHome,6 weeks,5,72,95,47,0.66
workout-cible,WorkoutWomenFitAtHome,women fitness app,5,57,247,1,5.00
workout-cible,WorkoutWomenFitAtHome,body analysis,5,59,250,72,0.60
workout-cible,WorkoutWomenFitAtHome,fitness and workout,5,49,242,29,0.74
workout-cible,WorkoutWomenFitAtHome,тренировка,5,54,238,2,2.29
workout-cible,WorkoutWomenFitAtHome,домашние тренировки,5,57,248,2,2.29
workout-cible,WorkoutWomenFitAtHome,тренировка дома,5,55,247,4,1.49
workout-cible,WorkoutWomenFitAtHome,сброс веса,5,45,66,13,0.93
workout-cible,WorkoutWomenFitAtHome,сбросить вес,5,44,249,3,1.74
workout-cible,WorkoutWomenFitAtHome,дневник тренировок,5,66,245,171,0.51
workout-cible,WorkoutWomenFitAtHome,приседания,5,23,67,2,2.29
workout-cible,WorkoutWomenFitAtHome,scheda allenamento,5,,236,164,0.52
workout-cible,WorkoutWomenFitAtHome,allenamenti,5,40,227,30,0.74
workout-cible,WorkoutWomenFitAtHome,woman fitness,5,53,246,1,5.00
workout-cible,WorkoutWomenFitAtHome,streaching,5,53,244,12,0.96
workout-cible,WorkoutWomenFitAtHome,home fit,5,64,244,13,0.93
workout-cible,WorkoutWomenFitAtHome,get in shape,5,68,248,18,0.84
workout-cible,WorkoutWomenFitAtHome,exercise for women,5,54,248,1,5.00
workout-cible,WorkoutWomenFitAtHome,bodybuilding trainer,5,40,238,66,0.62
workout-cible,WorkoutWomenFitAtHome,bodyfit,5,82,250,17,0.86
workout-cible,WorkoutWomenFitAtHome,for the girls,5,54,248,72,0.60
workout-cible,WorkoutWomenFitAtHome,bodybuilding women,5,61,242,113,0.55
workout-cible,WorkoutWomenFitAtHome,vulkan,5,52,177,18,0.84
workout-cible,WorkoutWomenFitAtHome,glutes,5,64,250,4,1.49
workout-cible,WorkoutWomenFitAtHome,física,5,56,248,170,0.51
workout-cible,WorkoutWomenFitAtHome,body fit,5,86,247,6,1.24
workout-cible,WorkoutWomenFitAtHome,m-pesa,5,62,230,136,0.53
workout-cible,WorkoutWomenFitAtHome,guided workout,5,60,249,9,1.06
workout-cible,WorkoutWomenFitAtHome,healthy body,5,51,243,3,1.74
workout-cible,WorkoutWomenFitAtHome,360 online,5,100,195,129,0.54
workout-cible,WorkoutWomenFitAtHome,daily workout fitness trainer,5,72,244,172,0.51
workout-cible,WorkoutWomenFitAtHome,осанка,5,37,63,9,1.06
workout-cible,WorkoutWomenFitAtHome,free weight loss apps for women,5,61,248,12,0.96
workout-cible,WorkoutWomenFitAtHome,sixpack maker,5,45,160,21,0.81
workout-cible,WorkoutWomenFitAtHome,home workouts for women,5,61,246,2,2.29
workout-cible,WorkoutWomenFitAtHome,body fitness app,5,60,248,7,1.16
workout-cible,WorkoutWomenFitAtHome,squats challenge,5,46,223,153,0.52
workout-cible,WorkoutWomenFitAtHome,detox plan,5,45,235,51,0.65
workout-cible,WorkoutWomenFitAtHome,legs workout,5,67,245,13,0.93
workout-cible,WorkoutWomenFitAtHome,entrainment,5,72,248,67,0.61
workout-cible,WorkoutWomenFitAtHome,home workout trainer,5,47,245,101,0.56
workout-cible,WorkoutWomenFitAtHome,weight gain app for women,5,62,225,2,2.29
workout-cible,WorkoutWomenFitAtHome,fit as,5,82,108,102,0.56
workout-cible,WorkoutWomenFitAtHome,运动健康,5,46,245,167,0.52
workout-cible,WorkoutWomenFitAtHome,減肥,5,77,242,149,0.53
workout-cible,WorkoutWomenFitAtHome,mancuernas,5,40,207,30,0.74
workout-cible,WorkoutWomenFitAtHome,21 day challenge,5,59,220,182,0.51
workout-cible,WorkoutWomenFitAtHome,entrenamiento gimnasio,5,66,249,41,0.68
workout-cible,WorkoutWomenFitAtHome,group fitness,5,54,244,137,0.53
workout-cible,WorkoutWomenFitAtHome,be strong,5,46,72,37,0.70
workout-cible,WorkoutWomenFitAtHome,zenit,5,50,169,126,0.54
workout-cible,WorkoutWomenFitAtHome,booty workout,5,55,247,8,1.10
workout-cible,WorkoutWomenFitAtHome,trainingsplan app,5,,231,87,0.58
workout-cible,WorkoutWomenFitAtHome,home trainer,5,68,244,4,1.49
workout-cible,WorkoutWomenFitAtHome,bodyweight workout,5,79,248,12,0.96
workout-cible,WorkoutWomenFitAtHome,gym home,5,54,247,3,1.74
workout-cible,WorkoutWomenFitAtHome,healthy u,5,,213,201,0.50
workout-cible,WorkoutWomenFitAtHome,daily abs workout,5,,223,163,0.52
workout-cible,WorkoutWomenFitAtHome,femenino,5,49,243,8,1.10
workout-cible,WorkoutWomenFitAtHome,apple health challenge,5,44,246,201,0.50
workout-cible,WorkoutWomenFitAtHome,apple rings,5,61,249,231,0.49
workout-cible,WorkoutWomenFitAtHome,my e training,5,,233,94,0.57
workout-cible,WorkoutWomenFitAtHome,loose leaf,5,,21,7,1.16
workout-cible,WorkoutWomenFitAtHome,scoliosis,5,56,249,12,0.96
workout-cible,WorkoutWomenFitAtHome,похищение,5,42,236,50,0.65
workout-cible,WorkoutWomenFitAtHome,back workout,5,68,249,3,1.74
workout-cible,WorkoutWomenFitAtHome,беговой трекер,5,,219,32,0.73
workout-cible,WorkoutWomenFitAtHome,mincir,5,47,246,25,0.77
workout-cible,WorkoutWomenFitAtHome,آيات,5,89,230,123,0.54
workout-cible,WorkoutWomenFitAtHome,21 days challenge,5,62,237,170,0.51
workout-cible,WorkoutWomenFitAtHome,weight goal tracker,5,,237,102,0.56
workout-cible,WorkoutWomenFitAtHome,pilotez,5,57,249,165,0.52
workout-cible,WorkoutWomenFitAtHome,perfect posture,5,59,249,8,1.10
workout-cible,WorkoutWomenFitAtHome,training routine,5,,226,72,0.60
workout-cible,WorkoutWomenFitAtHome,for women,5,69,242,53,0.64
workout-cible,WorkoutWomenFitAtHome,daily kegel,5,33,241,177,0.51
workout-cible,WorkoutWomenFitAtHome,easy kegel,5,43,153,139,0.53
workout-cible,WorkoutWomenFitAtHome,loss workout,5,55,226,75,0.60
workout-cible,WorkoutWomenFitAtHome,treadmill hiit,5,40,242,159,0.52
workout-cible,WorkoutWomenFitAtHome,gym exercises for women,5,50,246,5,1.34
workout-cible,WorkoutWomenFitAtHome,life in weeks,5,85,62,54,0.64
workout-cible,WorkoutWomenFitAtHome,home workout apps,5,57,243,3,1.74
workout-cible,WorkoutWomenFitAtHome,16 8 fasting,5,44,249,159,0.52
workout-cible,WorkoutWomenFitAtHome,squads,5,59,240,10,1.02
workout-cible,WorkoutWomenFitAtHome,myfitnesspal free,5,,232,45,0.67
workout-cible,WorkoutWomenFitAtHome,azur lane,5,47,250,173,0.51
workout-cible,WorkoutWomenFitAtHome,trening app,5,89,250,16,0.87
workout-cible,WorkoutWomenFitAtHome,no phone challenge,5,42,247,38,0.70
workout-cible,WorkoutWomenFitAtHome,peso forma,5,,248,131,0.54
workout-cible,WorkoutWomenFitAtHome,sporten,5,58,234,5,1.34
workout-cible,WorkoutWomenFitAtHome,women fit,5,59,247,3,1.74
workout-cible,WorkoutWomenFitAtHome,斷食,5,45,248,145,0.53
workout-cible,WorkoutWomenFitAtHome,shortcut to size,5,,196,15,0.89
workout-cible,WorkoutWomenFitAtHome,home work out,5,51,247,2,2.29
workout-cible,WorkoutWomenFitAtHome,workout from home,5,58,246,6,1.24
workout-cible,WorkoutWomenFitAtHome,fitnessapp,5,57,243,10,1.02
workout-cible,WorkoutWomenFitAtHome,booty builder,5,61,249,12,0.96
workout-cible,WorkoutWomenFitAtHome,workout app for women,5,59,248,2,2.29
workout-cible,WorkoutWomenFitAtHome,workout butt,5,44,242,8,1.10
workout-cible,WorkoutWomenFitAtHome,free stretching app,5,71,248,12,0.96
workout-cible,WorkoutWomenFitAtHome,30 day butt,5,50,188,18,0.84
workout-cible,WorkoutWomenFitAtHome,30 day workout challenge,5,53,247,11,0.98
workout-cible,WorkoutWomenFitAtHome,acasa,5,71,140,85,0.58
workout-cible,WorkoutWomenFitAtHome,ejercicios de kegel,5,54,249,249,0.48
workout-cible,WorkoutWomenFitAtHome,mela rossa,5,74,23,5,1.34
workout-cible,WorkoutWomenFitAtHome,dance fitness,5,79,247,12,0.96
workout-cible,WorkoutWomenFitAtHome,workout for weight loss,5,59,240,18,0.84
workout-cible,WorkoutWomenFitAtHome,track my meals,5,57,235,169,0.51
workout-cible,WorkoutWomenFitAtHome,workout meal,5,82,244,193,0.50
workout-cible,WorkoutWomenFitAtHome,how to dance,5,90,249,11,0.98
workout-cible,WorkoutWomenFitAtHome,flattummyapp,5,46,250,9,1.06
workout-cible,WorkoutWomenFitAtHome,women workouts,5,55,242,2,2.29
workout-cible,WorkoutWomenFitAtHome,pilates for weight loss,5,,244,32,0.73
workout-cible,WorkoutWomenFitAtHome,glute workouts for women,5,47,247,6,1.24
workout-cible,WorkoutWomenFitAtHome,body care for women,5,98,248,20,0.82
workout-cible,WorkoutWomenFitAtHome,weight loss app for women,5,64,248,2,2.29
workout-cible,WorkoutWomenFitAtHome,kilos,5,50,221,64,0.62
workout-cible,WorkoutWomenFitAtHome,swimming workout,5,47,247,12,0.96
workout-cible,WorkoutWomenFitAtHome,workouts for men,5,96,244,11,0.98
workout-cible,WorkoutWomenFitAtHome,gym at home,5,55,248,2,2.29
workout-cible,WorkoutWomenFitAtHome,women workout at home,5,54,246,2,2.29
workout-cible,WorkoutWomenFitAtHome,free 30 day fitness challenge,5,,242,218,0.49
workout-cible,WorkoutWomenFitAtHome,put in,5,54,195,92,0.58
workout-cible,WorkoutWomenFitAtHome,workout 30 day,5,43,241,225,0.49
workout-cible,WorkoutWomenFitAtHome,kajoot,5,90,248,42,0.68
workout-cible,WorkoutWomenFitAtHome,30 day fitness workout at home,5,56,246,220,0.49
workout-cible,WorkoutWomenFitAtHome,soor,5,87,201,8,1.10
workout-cible,WorkoutWomenFitAtHome,fit video,5,44,208,39,0.69
workout-cible,WorkoutWomenFitAtHome,ness,5,,228,140,0.53
workout-cible,WorkoutWomenFitAtHome,30 day workout free,5,56,247,13,0.93
workout-cible,WorkoutWomenFitAtHome,bigger butt workout,5,40,235,133,0.54
workout-cible,WorkoutWomenFitAtHome,women workout app,5,55,247,2,2.29
workout-cible,WorkoutWomenFitAtHome,natacha oceane,5,87,247,165,0.52
workout-cible,WorkoutWomenFitAtHome,weight lose,5,68,248,12,0.96
workout-cible,WorkoutWomenFitAtHome,fit on,5,57,248,133,0.54
workout-cible,WorkoutWomenFitAtHome,weight and balance,5,58,247,13,0.93
workout-cible,WorkoutWomenFitAtHome,7 minute butt workout,5,40,222,104,0.56
workout-cible,WorkoutWomenFitAtHome,full body,5,,246,162,0.52
workout-cible,WorkoutWomenFitAtHome,entraînement pompes,5,44,247,178,0.51
workout-cible,WorkoutWomenFitAtHome,kids weight loss,5,47,230,13,0.93
workout-cible,WorkoutWomenFitAtHome,lose weight at home,5,65,247,36,0.70
workout-cible,WorkoutWomenFitAtHome,30 day fit,5,54,248,12,0.96
workout-cible,WorkoutWomenFitAtHome,"ab workout",5,42,224,71,0.61
workout-cible,WorkoutWomenFitAtHome,健身计划,5,74,240,49,0.66
workout-cible,WorkoutWomenFitAtHome,outdoor workout,5,95,246,245,0.48
workout-cible,WorkoutWomenFitAtHome,workout cutting,5,68,61,2,2.29
workout-cible,WorkoutWomenFitAtHome,muscular body,5,54,247,5,1.34
workout-cible,WorkoutWomenFitAtHome,hear me out,5,,242,238,0.48
workout-cible,WorkoutWomenFitAtHome,fitstars,5,,71,4,1.49
workout-cible,WorkoutWomenFitAtHome,workout no weights,5,58,245,15,0.89
workout-cible,WorkoutWomenFitAtHome,Exercise Ideas,5,45,242,194,0.50
workout-cible,WorkoutWomenFitAtHome,Workout Offline,5,57,249,3,1.74
workout-cible,WorkoutWomenFitAtHome,workout no equipment,5,74,246,64,0.62
workout-cible,WorkoutWomenFitAtHome,workout no weight,5,40,246,20,0.82
workout-cible,WorkoutWomenFitAtHome,exercises for woman,5,56,249,1,5.00
workout-cible,WorkoutWomenFitAtHome,workout 30 days,5,54,242,169,0.51
workout-cible,WorkoutWomenFitAtHome,workout 30 min,5,40,245,40,0.69
workout-cible,WorkoutWomenFitAtHome,pilates challenge,5,68,250,40,0.69
workout-cible,WorkoutWomenFitAtHome,stairs workout,5,30,29,4,1.49
workout-cible,WorkoutWomenFitAtHome,walk out,5,50,247,211,0.49
workout-cible,WorkoutWomenFitAtHome,entrenamiento diario,5,42,246,205,0.50
workout-cible,WorkoutWomenFitAtHome,fitnesss,5,87,248,209,0.50
workout-cible,WorkoutWomenFitAtHome,flattummy,5,40,134,6,1.24
workout-cible,WorkoutWomenFitAtHome,stratching,5,52,245,12,0.96
workout-cible,WorkoutWomenFitAtHome,grow butt,5,38,249,234,0.49
workout-cible,WorkoutWomenFitAtHome,entranar,5,66,248,3,1.74
workout-cible,WorkoutWomenFitAtHome,bajar,5,100,247,119,0.55
workout-cible,WorkoutWomenFitAtHome,work out women,5,,244,2,2.29
workout-cible,WorkoutWomenFitAtHome,Gain Strength,5,40,246,110,0.56
workout-cible,WorkoutWomenFitAtHome,muskelworkout,5,40,248,102,0.56
workout-cible,WorkoutWomenFitAtHome,arm training,5,43,244,81,0.59
workout-cible,WorkoutWomenFitAtHome,Fitnesstraining,5,49,248,206,0.50
workout-cible,WorkoutWomenFitAtHome,lazy workout,5,74,246,12,0.96
workout-cible,WorkoutWomenFitAtHome,kurzhantel übungen,5,46,249,235,0.49
workout-cible,WorkoutWomenFitAtHome,workout ohne geräte,5,53,245,8,1.10
workout-cible,WorkoutWomenFitAtHome,fitnesstrainer,5,78,243,62,0.62
workout-cible,WorkoutWomenFitAtHome,weights home workout,5,40,241,165,0.52
workout-cible,WorkoutWomenFitAtHome,arm exercises,5,46,248,9,1.06
workout-cible,WorkoutWomenFitAtHome,pregnant workout,5,,224,25,0.77
workout-cible,WorkoutWomenFitAtHome,streatching,5,,248,12,0.96
workout-cible,WorkoutWomenFitAtHome,mummy tummy,5,38,248,98,0.57
workout-cible,WorkoutWomenFitAtHome,post partum workout,5,46,247,16,0.87
workout-cible,WorkoutWomenFitAtHome,mom workout,5,54,247,2,2.29
workout-cible,WorkoutWomenFitAtHome,postpartum workout,5,57,249,8,1.10
workout-cible,WorkoutWomenFitAtHome,fintess,5,89,248,5,1.34
workout-cible,WorkoutWomenFitAtHome,cellulite,5,50,72,5,1.34
workout-cible,WorkoutWomenFitAtHome,yoga for woman,5,49,247,4,1.49
workout-cible,WorkoutWomenFitAtHome,yoga for women,5,52,247,4,1.49
workout-cible,WorkoutWomenFitAtHome,fitness woman,5,68,245,2,2.29
workout-cible,WorkoutWomenFitAtHome,butt challenge,5,55,248,158,0.52
workout-cible,WorkoutWomenFitAtHome,form von,5,98,248,105,0.56
workout-cible,WorkoutWomenFitAtHome,workout for girls,5,33,247,1,5.00
workout-cible,WorkoutWomenFitAtHome,women training,5,40,242,32,0.73
workout-cible,WorkoutWomenFitAtHome,hralth workout,5,74,241,85,0.58
workout-cible,WorkoutWomenFitAtHome,fat los,5,53,244,89,0.58
workout-cible,WorkoutWomenFitAtHome,fatloss,5,71,245,33,0.72
workout-cible,WorkoutWomenFitAtHome,fat-loss,5,79,246,52,0.65
workout-cible,WorkoutWomenFitAtHome,for woman,5,30,228,4,1.49
workout-cible,WorkoutWomenFitAtHome,femine health,5,51,249,143,0.53
workout-cible,WorkoutWomenFitAtHome,fitness in 30 days,5,42,242,28,0.75
workout-cible,WorkoutWomenFitAtHome,female fit,5,56,242,2,2.29
workout-cible,WorkoutWomenFitAtHome,girl workout,5,57,245,2,2.29
workout-cible,WorkoutWomenFitAtHome,low impact workout,5,44,249,13,0.93
workout-cible,WorkoutWomenFitAtHome,lose weight at home in 30 days,5,58,250,10,1.02
workout-cible,WorkoutWomenFitAtHome,home coach,5,51,245,129,0.54
workout-cible,WorkoutWomenFitAtHome,summer body,5,48,167,105,0.56
workout-cible,WorkoutWomenFitAtHome,applications pour,5,30,244,71,0.61
workout-cible,WorkoutWomenFitAtHome,home fitness for weight loss,5,59,244,4,1.49
workout-cible,WorkoutWomenFitAtHome,предложения,5,87,249,194,0.50
workout-cible,WorkoutWomenFitAtHome,месте,5,42,236,178,0.51
workout-cible,WorkoutWomenFitAtHome,dumbbell workout at home,5,,249,12,0.96
workout-cible,WorkoutWomenFitAtHome,at home workouts free,5,59,247,6,1.24
workout-cible,WorkoutWomenFitAtHome,fiton workouts fitness plans,5,60,246,47,0.66
workout-cible,WorkoutWomenFitAtHome,coach fitness,5,76,249,8,1.10
workout-cible,WorkoutWomenFitAtHome,fitness video,5,58,241,222,0.49
workout-cible,WorkoutWomenFitAtHome,pour un,5,81,248,69,0.61
workout-cible,WorkoutWomenFitAtHome,pour la,5,89,249,25,0.77
workout-cible,WorkoutWomenFitAtHome,pour une,5,77,249,3,1.74
workout-cible,WorkoutWomenFitAtHome,fitness-,5,51,242,52,0.65
workout-cible,WorkoutWomenFitAtHome,fitness-app,5,50,238,87,0.58
workout-cible,WorkoutWomenFitAtHome,lose wight,5,,249,12,0.96
workout-cible,WorkoutWomenFitAtHome,hips,5,52,228,8,1.10
workout-cible,WorkoutWomenFitAtHome,workout fitness app,5,62,247,5,1.34
workout-cible,WorkoutWomenFitAtHome,days women,5,40,239,52,0.65
workout-cible,WorkoutWomenFitAtHome,in home workout,5,54,248,7,1.16
workout-cible,WorkoutWomenFitAtHome,workout (gym,5,40,246,28,0.75
workout-cible,WorkoutWomenFitAtHome,fitness),5,83,239,4,1.49
workout-cible,WorkoutWomenFitAtHome,- lose weight,5,40,210,126,0.54
workout-cible,WorkoutWomenFitAtHome,fitnesstep,5,44,250,162,0.52
workout-cible,WorkoutWomenFitAtHome,shred diet,5,45,241,186,0.51
workout-cible,WorkoutWomenFitAtHome,burn belly,5,48,198,50,0.65
workout-cible,WorkoutWomenFitAtHome,butt workouts,5,47,237,4,1.49
workout-cible,WorkoutWomenFitAtHome,buttocks,5,54,154,9,1.06
workout-cible,WorkoutWomenFitAtHome,easy weight,5,72,242,143,0.53
workout-cible,WorkoutWomenFitAtHome,fitbod workout,5,75,249,20,0.82
workout-cible,WorkoutWomenFitAtHome,weight fitness,5,40,228,215,0.49
workout-cible,WorkoutWomenFitAtHome,убрать,5,,250,182,0.51
workout-cible,WorkoutWomenFitAtHome,упражнение,5,55,245,2,2.29
workout-cible,WorkoutWomenFitAtHome,программа похудения,5,42,243,159,0.52
workout-cible,WorkoutWomenFitAtHome,workout tips,5,57,247,3,1.74
workout-cible,WorkoutWomenFitAtHome,вместе,5,84,247,228,0.49
workout-cible,WorkoutWomenFitAtHome,full body fitness,5,,223,4,1.49
workout-cible,WorkoutWomenFitAtHome,simple design,5,47,249,2,2.29
workout-cible,WorkoutWomenFitAtHome,fit bleiben,5,52,246,1,5.00
workout-cible,WorkoutWomenFitAtHome,工具,5,89,230,155,0.52
workout-cible,WorkoutWomenFitAtHome,sit-up,5,53,211,45,0.67
workout-cible,WorkoutWomenFitAtHome,situp,5,52,247,180,0.51
workout-cible,WorkoutWomenFitAtHome,dream body,5,66,249,3,1.74
workout-cible,WorkoutWomenFitAtHome,química,5,47,249,177,0.51
workout-cible,WorkoutWomenFitAtHome,préparation,5,42,194,193,0.50
workout-cible,WorkoutWomenFitAtHome,female coach,5,47,244,3,1.74
workout-cible,WorkoutWomenFitAtHome,kadın,5,51,244,5,1.34
workout-cible,WorkoutWomenFitAtHome,home gym workout,5,72,248,14,0.91
workout-cible,WorkoutWomenFitAtHome,paar spiele,5,72,248,33,0.72
workout-cible,WorkoutWomenFitAtHome,workput,5,73,247,4,1.49
workout-cible,WorkoutWomenFitAtHome,firme,5,,245,47,0.66
workout-cible,WorkoutWomenFitAtHome,womens health coach,5,40,246,13,0.93
workout-cible,WorkoutWomenFitAtHome,women's health coach,5,48,245,24,0.78
workout-cible,WorkoutWomenFitAtHome,workout planer,5,73,248,24,0.78
workout-cible,WorkoutWomenFitAtHome,القبله والاتجاه في الصلاة,5,87,269,158,0.52
workout-cible,WorkoutWomenFitAtHome,gesund abnehmen,5,63,247,28,0.75
workout-cible,WorkoutWomenFitAtHome,30 minute workout,5,,248,45,0.67
workout-cible,WorkoutWomenFitAtHome,تمارين حرق الدهون,5,57,249,4,1.49
workout-cible,WorkoutWomenFitAtHome,cycling challenge,5,97,241,17,0.86
workout-cible,WorkoutWomenFitAtHome,bacak,5,40,250,151,0.52
workout-cible,WorkoutWomenFitAtHome,kalça,5,44,232,2,2.29
workout-cible,WorkoutWomenFitAtHome,egzersiz,5,56,249,1,5.00
workout-cible,WorkoutWomenFitAtHome,упражнения в зале,5,54,250,63,0.62
workout-cible,WorkoutWomenFitAtHome,kardiyo,5,40,239,228,0.49
workout-cible,WorkoutWomenFitAtHome,dance fit,5,,229,147,0.53
workout-cible,WorkoutWomenFitAtHome,at-home,5,40,242,218,0.49
workout-cible,WorkoutWomenFitAtHome,at-home workouts,5,60,247,5,1.34
workout-cible,WorkoutWomenFitAtHome,thuis,5,86,205,61,0.63
workout-cible,WorkoutWomenFitAtHome,dieet,5,81,248,163,0.52
workout-cible,WorkoutWomenFitAtHome,(at),5,67,212,72,0.60
workout-cible,WorkoutWomenFitAtHome,home workout app no equipment,5,55,246,3,1.74
workout-cible,WorkoutWomenFitAtHome,gain app,5,,231,194,0.50
workout-cible,WorkoutWomenFitAtHome,watch full,5,96,231,86,0.58
workout-cible,WorkoutWomenFitAtHome,deporte online,5,39,168,104,0.56
workout-cible,WorkoutWomenFitAtHome,excersice,5,64,248,1,5.00
workout-cible,WorkoutWomenFitAtHome,excersise,5,67,250,3,1.74
workout-cible,WorkoutWomenFitAtHome,exersize,5,61,248,3,1.74
workout-cible,WorkoutWomenFitAtHome,exersice,5,58,250,1,5.00
workout-cible,WorkoutWomenFitAtHome,ejercico,5,59,248,4,1.49
workout-cible,WorkoutWomenFitAtHome,Women’s Fitness,5,66,247,2,2.29
workout-cible,WorkoutWomenFitAtHome,wokrout,5,,221,4,1.49
workout-cible,WorkoutWomenFitAtHome,homegym,5,53,249,2,2.29
workout-cible,WorkoutWomenFitAtHome,split training,5,,250,213,0.49
workout-cible,WorkoutWomenFitAtHome,arme training,5,32,244,35,0.71
workout-cible,WorkoutWomenFitAtHome,arme workout,5,29,239,11,0.98
workout-cible,WorkoutWomenFitAtHome,sport at home,5,54,249,1,5.00
workout-cible,WorkoutWomenFitAtHome,研究,5,72,244,123,0.54
workout-cible,WorkoutWomenFitAtHome,apple fitness for ipad,5,54,246,69,0.61
workout-cible,WorkoutWomenFitAtHome,女性,5,56,246,8,1.10
workout-cible,WorkoutWomenFitAtHome,get rid of double chin,5,55,249,193,0.50
workout-cible,WorkoutWomenFitAtHome,toning workout,5,50,244,64,0.62
workout-cible,WorkoutWomenFitAtHome,lose wieght,5,64,250,15,0.89
workout-cible,WorkoutWomenFitAtHome,home workout - no equipment,5,59,246,4,1.49
workout-cible,WorkoutWomenFitAtHome,gym workout planen,5,42,243,159,0.52
workout-cible,WorkoutWomenFitAtHome,women result,5,45,245,51,0.65
workout-cible,WorkoutWomenFitAtHome,athletics women,5,65,199,10,1.02
workout-cible,WorkoutWomenFitAtHome,flat tummy app for women,5,47,248,3,1.74
workout-cible,WorkoutWomenFitAtHome,ออกกำลังกาย,5,74,44,17,0.86
workout-cible,WorkoutWomenFitAtHome,ฟิตเนส,5,81,247,33,0.72
workout-cible,WorkoutWomenFitAtHome,hoạt động,5,75,245,18,0.84
workout-cible,WorkoutWomenFitAtHome,tập thể dục,5,39,245,16,0.87
workout-cible,WorkoutWomenFitAtHome,رياضة,5,63,239,1,5.00
workout-cible,WorkoutWomenFitAtHome,pour maigrir,5,43,239,11,0.98
workout-cible,WorkoutWomenFitAtHome,ספורט,5,94,248,154,0.52
workout-cible,WorkoutWomenFitAtHome,emagrecer,5,66,249,160,0.52
workout-cible,WorkoutWomenFitAtHome,锻炼,5,62,248,25,0.77
workout-cible,WorkoutWomenFitAtHome,减少,5,40,244,159,0.52
workout-cible,WorkoutWomenFitAtHome,strength oach,5,76,249,171,0.51
workout-cible,WorkoutWomenFitAtHome,feminine voice,5,40,217,160,0.52
workout-cible,WorkoutWomenFitAtHome,home workout fit,5,40,245,27,0.76
workout-cible,WorkoutWomenFitAtHome,justfit,5,76,249,6,1.24
workout-cible,WorkoutWomenFitAtHome,fittess,5,84,246,5,1.34
workout-cible,WorkoutWomenFitAtHome,减重,5,44,247,99,0.57
workout-cible,WorkoutWomenFitAtHome,get a flat stomach,5,45,241,47,0.66
workout-cible,WorkoutWomenFitAtHome,office workout,5,50,248,13,0.93
workout-cible,WorkoutWomenFitAtHome,giảm cân,5,53,250,175,0.51
workout-cible,WorkoutWomenFitAtHome,body fat %,5,45,232,74,0.60
workout-cible,WorkoutWomenFitAtHome,exercise tips,5,52,202,29,0.74
workout-cible,WorkoutWomenFitAtHome,diet for women,5,69,245,207,0.50
workout-cible,WorkoutWomenFitAtHome,abnehmprogramm,5,43,250,9,1.06
workout-cible,WorkoutWomenFitAtHome,plan de perte de poids,5,64,209,40,0.69
workout-cible,WorkoutWomenFitAtHome,vidéos de fitness,5,87,246,9,1.06
workout-cible,WorkoutWomenFitAtHome,feminiini,5,46,245,87,0.58
workout-cible,WorkoutWomenFitAtHome,gør,5,78,247,210,0.50
workout-cible,WorkoutWomenFitAtHome,acadamia,5,40,250,170,0.51
workout-cible,WorkoutWomenFitAtHome,sức khoẻ,5,42,249,242,0.48
workout-cible,WorkoutWomenFitAtHome,בריאות,5,95,250,118,0.55
workout-cible,WorkoutWomenFitAtHome,dieta y salud perder peso,5,46,247,61,0.63
workout-cible,WorkoutWomenFitAtHome,运动与健身,5,46,246,73,0.60
workout-cible,WorkoutWomenFitAtHome,运动app,5,87,245,130,0.54
workout-cible,WorkoutWomenFitAtHome,懒人运动,5,42,247,203,0.50
workout-cible,WorkoutWomenFitAtHome,运动与健康,5,47,247,216,0.49
workout-cible,WorkoutWomenFitAtHome,thể dục,5,62,245,41,0.68
workout-cible,WorkoutWomenFitAtHome,run calories,5,47,236,25,0.77
workout-cible,WorkoutWomenFitAtHome,activité sportive,5,97,250,4,1.49
workout-cible,WorkoutWomenFitAtHome,运动 健康,5,54,243,168,0.51
workout-cible,WorkoutWomenFitAtHome,运动打卡,5,55,246,169,0.51
workout-cible,WorkoutWomenFitAtHome,运动软件,5,54,245,179,0.51
workout-cible,WorkoutWomenFitAtHome,exercicio,5,53,248,1,5.00
workout-cible,WorkoutWomenFitAtHome,treino,5,70,248,4,1.49
workout-cible,WorkoutWomenFitAtHome,Ron's Gone Wrong,5,38,207,19,0.83
workout-cible,WorkoutWomenFitAtHome,plano perda,5,46,242,28,0.75
workout-cible,WorkoutWomenFitAtHome,emagrecer dieta,5,46,247,53,0.64
workout-cible,WorkoutWomenFitAtHome,sportening,5,31,248,26,0.76
workout-cible,WorkoutWomenFitAtHome,bike workouts,5,95,246,81,0.59
workout-cible,WorkoutWomenFitAtHome,ćwiczenia,5,47,83,14,0.91
workout-cible,WorkoutWomenFitAtHome,trening cardio,5,40,239,100,0.57
workout-cible,WorkoutWomenFitAtHome,attrezzi palestra,5,62,215,79,0.59
workout-cible,WorkoutWomenFitAtHome,app fit,5,51,245,3,1.74
workout-cible,WorkoutWomenFitAtHome,workout heart rate,5,40,236,210,0.50
workout-cible,WorkoutWomenFitAtHome,buff body,5,64,245,3,1.74
workout-cible,WorkoutWomenFitAtHome,leg health,5,40,240,63,0.62
workout-cible,WorkoutWomenFitAtHome,bikini workout,5,66,240,17,0.86
workout-cible,WorkoutWomenFitAtHome,reduce belly,5,45,223,83,0.59
workout-cible,WorkoutWomenFitAtHome,easy training plans,5,17,203,27,0.76
workout-cible,WorkoutWomenFitAtHome,20 min workout,5,40,245,103,0.56
workout-cible,WorkoutWomenFitAtHome,приложения для apple watch,5,93,248,90,0.58
workout-cible,WorkoutWomenFitAtHome,muscular,5,68,248,12,0.96
workout-cible,WorkoutWomenFitAtHome,W challenge,5,52,234,228,0.49
workout-cible,WorkoutWomenFitAtHome,lösen spiele,5,93,249,232,0.49
workout-cible,WorkoutWomenFitAtHome,coach groups,5,71,248,202,0.50
workout-cible,WorkoutWomenFitAtHome,Sức khỏe,5,86,249,129,0.54
workout-cible,WorkoutWomenFitAtHome,workout for,5,80,245,5,1.34
workout-cible,WorkoutWomenFitAtHome,fitness for,5,63,247,8,1.10
workout-cible,WorkoutWomenFitAtHome,fit woman,5,48,241,3,1.74
workout-cible,WorkoutWomenFitAtHome,arm exercise,5,47,240,27,0.76
workout-cible,WorkoutWomenFitAtHome,fit workout,5,75,248,62,0.62
workout-cible,WorkoutWomenFitAtHome,glute workout,5,51,247,5,1.34
workout-cible,WorkoutWomenFitAtHome,weight loss women,5,74,245,1,5.00
workout-cible,WorkoutWomenFitAtHome,flat stomach exercise,5,35,50,24,0.78
workout-cible,WorkoutWomenFitAtHome,bodyweight home workout,5,40,245,157,0.52
workout-cible,WorkoutWomenFitAtHome,Bodyweight Workout at Home,5,40,247,69,0.61
workout-cible,WorkoutWomenFitAtHome,workout ap,5,72,248,2,2.29
workout-cible,WorkoutWomenFitAtHome,female workouts,5,50,247,1,5.00
workout-cible,WorkoutWomenFitAtHome,postpartum exercise,5,33,236,158,0.52
workout-cible,WorkoutWomenFitAtHome,fit home,5,45,245,2,2.29
workout-cible,WorkoutWomenFitAtHome,quice,5,54,249,2,2.29
workout-cible,WorkoutWomenFitAtHome,Gimnasio Rutina,5,65,249,58,0.63
workout-cible,WorkoutWomenFitAtHome,wheight loss,5,,248,16,0.87
workout-cible,WorkoutWomenFitAtHome,crossfit women,5,49,246,54,0.64
workout-cible,WorkoutWomenFitAtHome,home arm workout,5,40,236,54,0.64
workout-cible,WorkoutWomenFitAtHome,arm workout no equipment,5,40,237,30,0.74
workout-cible,WorkoutWomenFitAtHome,pilates workout for women,5,40,249,15,0.89
workout-cible,WorkoutWomenFitAtHome,exercise women,5,51,247,1,5.00
workout-cible,WorkoutWomenFitAtHome,work out for men,5,69,247,11,0.98
workout-cible,WorkoutWomenFitAtHome,diastasis recti,5,51,35,9,1.06
workout-cible,WorkoutWomenFitAtHome,build muscle at home,5,48,248,7,1.16
workout-cible,WorkoutWomenFitAtHome,par par,5,86,244,37,0.70
workout-cible,WorkoutWomenFitAtHome,women trainig,5,45,240,8,1.10
workout-cible,WorkoutWomenFitAtHome,twerk race,5,77,237,166,0.52
workout-cible,WorkoutWomenFitAtHome,annehmen,5,49,240,14,0.91
workout-cible,WorkoutWomenFitAtHome,kegel for women,5,40,249,226,0.49
workout-cible,WorkoutWomenFitAtHome,الجائع,5,40,248,38,0.70
workout-cible,WorkoutWomenFitAtHome,الجياع,5,40,248,25,0.77
workout-cible,WorkoutWomenFitAtHome,fasteasy,5,46,71,42,0.68
workout-cible,WorkoutWomenFitAtHome,Teens Yoga,5,92,23,12,0.96
workout-cible,WorkoutWomenFitAtHome,weight gain for men,5,40,241,109,0.56
workout-cible,WorkoutWomenFitAtHome,kadınlar,5,44,239,13,0.93
workout-cible,WorkoutWomenFitAtHome,fiton workouts,5,52,246,108,0.56
workout-cible,WorkoutWomenFitAtHome,outdoor fitness,5,,244,78,0.59
workout-cible,WorkoutWomenFitAtHome,домашний,5,43,241,5,1.34
workout-cible,WorkoutWomenFitAtHome,منبه المياه,5,46,218,21,0.81
workout-cible,WorkoutWomenFitAtHome,رجيم,5,46,250,71,0.61
workout-cible,WorkoutWomenFitAtHome,workout challenges,5,58,243,184,0.51
workout-cible,WorkoutWomenFitAtHome,trening apps,5,54,249,8,1.10
workout-cible,WorkoutWomenFitAtHome,heme,5,76,244,165,0.52
workout-cible,WorkoutWomenFitAtHome,excersize,5,62,249,3,1.74
workout-cible,WorkoutWomenFitAtHome,woman coach,5,59,245,27,0.76
workout-cible,WorkoutWomenFitAtHome,#woman,5,82,243,9,1.06
workout-cible,WorkoutWomenFitAtHome,women coach,5,40,245,25,0.77
workout-cible,WorkoutWomenFitAtHome,body fat tracking,5,43,245,153,0.52
workout-cible,WorkoutWomenFitAtHome,چت,5,95,240,73,0.60
workout-cible,WorkoutWomenFitAtHome,tone body,5,56,247,4,1.49
workout-cible,WorkoutWomenFitAtHome,kilo verme,5,42,249,13,0.93
workout-cible,WorkoutWomenFitAtHome,daily leg workout,5,,246,188,0.50
workout-cible,WorkoutWomenFitAtHome,16/8,5,61,250,64,0.62
workout-cible,WorkoutWomenFitAtHome,Breast exercise,5,40,243,117,0.55
workout-cible,WorkoutWomenFitAtHome,hips butt,5,36,138,45,0.67
workout-cible,WorkoutWomenFitAtHome,stretch exercise,5,66,248,12,0.96
workout-cible,WorkoutWomenFitAtHome,همزادچت،دوستی،گپ،هم,5,88,274,121,0.55
workout-cible,WorkoutWomenFitAtHome,همزادچت،دوستی،گپ،هم صحبت,5,88,274,121,0.55
workout-cible,WorkoutWomenFitAtHome,Leg Exercises,5,49,249,12,0.96
workout-cible,WorkoutWomenFitAtHome,运动 健康 app,5,46,249,86,0.58
workout-cible,WorkoutWomenFitAtHome,咕咚 运动,5,54,246,184,0.51
workout-cible,WorkoutWomenFitAtHome,运动 计划,5,47,240,209,0.50
workout-cible,WorkoutWomenFitAtHome,運動 健康,5,46,248,111,0.55
workout-cible,WorkoutWomenFitAtHome,运动 健身,5,44,241,71,0.61
workout-cible,WorkoutWomenFitAtHome,健身 锻炼,5,73,237,4,1.49
workout-cible,WorkoutWomenFitAtHome,锻炼 记录,5,73,240,5,1.34
workout-cible,WorkoutWomenFitAtHome,apoet,5,92,250,2,2.29
workout-cible,WorkoutWomenFitAtHome,stretch free,5,,248,12,0.96
workout-cible,WorkoutWomenFitAtHome,free stretch app,5,,248,11,0.98
workout-cible,WorkoutWomenFitAtHome,daily workout at home,5,40,243,76,0.60
workout-cible,WorkoutWomenFitAtHome,home workout challenge,5,40,244,105,0.56
workout-cible,WorkoutWomenFitAtHome,ورزش,5,40,37,2,2.29
workout-cible,WorkoutWomenFitAtHome,kadınlar kulübü,5,40,195,32,0.73
workout-cible,WorkoutWomenFitAtHome,28 day workout,5,53,248,7,1.16
workout-cible,WorkoutWomenFitAtHome,emagrecimento,5,48,246,154,0.52
workout-cible,WorkoutWomenFitAtHome,latihan,5,48,50,7,1.16
workout-cible,WorkoutWomenFitAtHome,wanita,5,45,27,2,2.29
workout-cible,WorkoutWomenFitAtHome,menurunkan,5,13,4,4,1.49
workout-cible,WorkoutWomenFitAtHome,body exercises,5,61,249,1,5.00
workout-cible,WorkoutWomenFitAtHome,courir maigrir,5,40,243,65,0.62
workout-cible,WorkoutWomenFitAtHome,plan entrainement,5,58,213,20,0.82
workout-cible,WorkoutWomenFitAtHome,plans entraînement,5,49,246,40,0.69
workout-cible,WorkoutWomenFitAtHome,burning workout,5,55,238,52,0.65
workout-cible,WorkoutWomenFitAtHome,féminin,5,47,232,36,0.70
workout-cible,WorkoutWomenFitAtHome,female exercises,5,,215,1,5.00
workout-cible,WorkoutWomenFitAtHome,training programs,5,74,227,141,0.53
workout-cible,WorkoutWomenFitAtHome,workouts workout,5,74,246,9,1.06
workout-cible,WorkoutWomenFitAtHome,my strength book inc,5,,234,25,0.77
workout-cible,WorkoutWomenFitAtHome,wight loss,5,82,248,17,0.86
workout-cible,WorkoutWomenFitAtHome,استمثر في الأسهم,5,88,269,140,0.53
workout-cible,WorkoutWomenFitAtHome,استمثر في صناديق الاستثمار المتداولة,5,89,269,152,0.52
workout-cible,WorkoutWomenFitAtHome,hourglass body,5,58,47,3,1.74
workout-cible,WorkoutWomenFitAtHome,workout lose,5,40,243,82,0.59
workout-cible,WorkoutWomenFitAtHome,30-day,5,47,232,121,0.55
workout-cible,WorkoutWomenFitAtHome,hourglass workout,5,49,247,2,2.29
workout-cible,WorkoutWomenFitAtHome,women loss,5,57,243,47,0.66
workout-cible,WorkoutWomenFitAtHome,female fitness-shape,5,5,212,2,2.29
workout-cible,WorkoutWomenFitAtHome,yoga weight loss,5,32,243,14,0.91
workout-cible,WorkoutWomenFitAtHome,personal weight,5,48,244,6,1.24
workout-cible,WorkoutWomenFitAtHome,casais,5,75,246,73,0.60
workout-cible,WorkoutWomenFitAtHome,how to work out,5,89,248,174,0.51
workout-cible,WorkoutWomenFitAtHome,how to workout,5,55,249,172,0.51
workout-cible,WorkoutWomenFitAtHome,gym routine for woman,5,48,245,4,1.49
workout-cible,WorkoutWomenFitAtHome,weight lifting woman,5,83,244,179,0.51
workout-cible,WorkoutWomenFitAtHome,home workout to lose weight,5,,250,16,0.87
workout-cible,WorkoutWomenFitAtHome,at home exercise,5,60,248,3,1.74
workout-cible,WorkoutWomenFitAtHome,home workout for,5,62,244,12,0.96
workout-cible,WorkoutWomenFitAtHome,home workout fitness planner,5,42,245,78,0.59
workout-cible,WorkoutWomenFitAtHome,kegel exercises for women,5,44,248,176,0.51
workout-cible,WorkoutWomenFitAtHome,twerk 3d,5,48,237,191,0.50
workout-cible,WorkoutWomenFitAtHome,dieetplanner,5,42,242,146,0.53
workout-cible,WorkoutWomenFitAtHome,burning workouts,5,49,241,74,0.60
workout-cible,WorkoutWomenFitAtHome,vücut,5,55,134,32,0.73
workout-cible,WorkoutWomenFitAtHome,fitness kadın,5,36,49,1,5.00
workout-cible,WorkoutWomenFitAtHome,kilo takibi,5,44,248,30,0.74
workout-cible,WorkoutWomenFitAtHome,fitness spor,5,43,211,8,1.10
workout-cible,WorkoutWomenFitAtHome,workout planner gym tracker,5,73,249,100,0.57
workout-cible,WorkoutWomenFitAtHome,salf,5,81,247,172,0.51
workout-cible,WorkoutWomenFitAtHome,zuhause trainingsplan,5,55,10,7,1.16
workout-cible,WorkoutWomenFitAtHome,app weight loss,5,76,234,59,0.63
workout-cible,WorkoutWomenFitAtHome,girl fitness,5,60,247,1,5.00
workout-cible,WorkoutWomenFitAtHome,workout app fitness online,5,73,241,108,0.56
workout-cible,WorkoutWomenFitAtHome,g fit,5,52,236,12,0.96
workout-cible,WorkoutWomenFitAtHome,workouts fitness,5,46,246,89,0.58
workout-cible,WorkoutWomenFitAtHome,físico,5,53,249,19,0.83
workout-cible,WorkoutWomenFitAtHome,peso fitness,5,,245,3,1.74
workout-cible,WorkoutWomenFitAtHome,treino academia,5,76,246,30,0.74
workout-cible,WorkoutWomenFitAtHome,apps para perder peso gratis,5,88,250,91,0.58
workout-cible,WorkoutWomenFitAtHome,lifebuddy,5,45,30,13,0.93
workout-cible,WorkoutWomenFitAtHome,fitness for womn,5,69,245,4,1.49
workout-cible,WorkoutWomenFitAtHome,at home workouts for women,5,74,247,2,2.29
workout-cible,WorkoutWomenFitAtHome,workout  women,5,53,243,8,1.10
workout-cible,WorkoutWomenFitAtHome,easy workouts,5,62,247,17,0.86
workout-cible,WorkoutWomenFitAtHome,academia exercícios,5,46,249,24,0.78
workout-cible,WorkoutWomenFitAtHome,musculacao,5,64,250,232,0.49
workout-cible,WorkoutWomenFitAtHome,workoutapp,5,66,249,2,2.29
workout-cible,WorkoutWomenFitAtHome,workout zu hause trainingsplan,5,47,247,4,1.49
workout-cible,WorkoutWomenFitAtHome,postpartum workouts,5,61,223,9,1.06
workout-cible,WorkoutWomenFitAtHome,postpartum workout at home,5,24,20,7,1.16
workout-cible,WorkoutWomenFitAtHome,workout at home free,5,55,248,3,1.74
workout-cible,WorkoutWomenFitAtHome,calishtenics,5,64,250,200,0.50
workout-cible,WorkoutWomenFitAtHome,flexibility app,5,69,244,152,0.52
workout-cible,WorkoutWomenFitAtHome,7 minute workout & challenges,5,44,241,173,0.51
workout-cible,WorkoutWomenFitAtHome,weight-los,5,27,241,7,1.16
workout-cible,WorkoutWomenFitAtHome,workout sharen,5,40,241,95,0.57
workout-cible,WorkoutWomenFitAtHome,langhantel routine,5,31,250,166,0.52
workout-cible,WorkoutWomenFitAtHome,fitness programm,5,54,242,21,0.81
workout-cible,WorkoutWomenFitAtHome,fitnessprogramm,5,72,247,100,0.57
workout-cible,WorkoutWomenFitAtHome,Weight Loss & Fitness in 5 min,5,59,233,53,0.64
workout-cible,WorkoutWomenFitAtHome,اللياقة -fitness,5,45,244,28,0.75
workout-cible,WorkoutWomenFitAtHome,bed workout,5,59,248,236,0.49
workout-cible,WorkoutWomenFitAtHome,fitness exercise,5,66,249,3,1.74
workout-cible,WorkoutWomenFitAtHome,workout planner  gym tracker,5,64,249,85,0.58
workout-cible,WorkoutWomenFitAtHome,Fit at Home,5,69,250,1,5.00
workout-cible,WorkoutWomenFitAtHome,arm workouts,5,,236,28,0.75
workout-cible,WorkoutWomenFitAtHome,param,5,77,249,198,0.50
workout-cible,WorkoutWomenFitAtHome,diet care,5,,231,64,0.62
workout-cible,WorkoutWomenFitAtHome,flexibillity,5,69,245,12,0.96
workout-cible,WorkoutWomenFitAtHome,easy to do,5,48,229,227,0.49
workout-cible,WorkoutWomenFitAtHome,daily homwork,5,40,249,43,0.68
workout-cible,WorkoutWomenFitAtHome,daily homework,5,40,247,103,0.56
workout-cible,WorkoutWomenFitAtHome,loss coach,5,67,241,235,0.49
workout-cible,WorkoutWomenFitAtHome,fitness weight loss,5,77,232,58,0.63
workout-cible,WorkoutWomenFitAtHome,woan,5,53,228,8,1.10
workout-cible,WorkoutWomenFitAtHome,body fat app,5,,229,9,1.06
workout-cible,WorkoutWomenFitAtHome,fitness & weight loss,5,75,231,182,0.51
workout-cible,WorkoutWomenFitAtHome,ideal kilo,5,44,241,106,0.56
workout-cible,WorkoutWomenFitAtHome,rastreador de actividad física,5,46,249,192,0.50
workout-cible,WorkoutWomenFitAtHome,butt workout at home,5,47,249,24,0.78
workout-cible,WorkoutWomenFitAtHome,تطبيق الاذان,5,58,249,190,0.50
workout-cible,WorkoutWomenFitAtHome,ourhouse,5,50,248,228,0.49
workout-cible,WorkoutWomenFitAtHome,برنامج رياضه,5,54,249,1,5.00
workout-cible,WorkoutWomenFitAtHome,برنامج خطواتي,5,69,250,149,0.53
workout-cible,WorkoutWomenFitAtHome,كوتش,5,47,249,71,0.61
workout-cible,WorkoutWomenFitAtHome,جدول السعرات الحرارية,5,53,197,33,0.72
workout-cible,WorkoutWomenFitAtHome,برامج تمارين رياضية,5,48,244,6,1.24
workout-cible,WorkoutWomenFitAtHome,برنامج تمارين,5,55,249,1,5.00
workout-cible,WorkoutWomenFitAtHome,رياضة منزلية,5,55,249,1,5.00
workout-cible,WorkoutWomenFitAtHome,تمارين منزلية,5,54,249,2,2.29
workout-cible,WorkoutWomenFitAtHome,ايت,5,75,247,240,0.48
workout-cible,WorkoutWomenFitAtHome,تمارين البطن,5,54,245,2,2.29
workout-cible,WorkoutWomenFitAtHome,ежедневные тренировки,5,,245,5,1.34
workout-cible,WorkoutWomenFitAtHome,at home workouts  fitness workouts,5,53,243,13,0.93
workout-cible,WorkoutWomenFitAtHome,workouts at home,5,54,247,2,2.29
workout-cible,WorkoutWomenFitAtHome,workouts for home,5,53,248,4,1.49
workout-cible,WorkoutWomenFitAtHome,morningroutine,5,43,246,164,0.52
workout-cible,WorkoutWomenFitAtHome,تمارين رياضية,5,69,246,1,5.00
workout-cible,WorkoutWomenFitAtHome,الرياضة في المنزل,5,40,53,2,2.29
workout-cible,WorkoutWomenFitAtHome,women weight loss,5,68,246,2,2.29
workout-cible,WorkoutWomenFitAtHome,easy exercises,5,70,250,6,1.24
workout-cible,WorkoutWomenFitAtHome,quick exercises,5,44,247,10,1.02
workout-cible,WorkoutWomenFitAtHome,yoga women,5,51,248,7,1.16
workout-cible,WorkoutWomenFitAtHome,ypga,5,53,248,18,0.84
workout-cible,WorkoutWomenFitAtHome,paren,5,90,246,132,0.54
workout-cible,WorkoutWomenFitAtHome,big group,5,50,183,156,0.52
workout-cible,WorkoutWomenFitAtHome,28 day,5,58,245,180,0.51
workout-cible,WorkoutWomenFitAtHome,self workout,5,52,244,2,2.29
workout-cible,WorkoutWomenFitAtHome,lazy girl workout,5,62,247,13,0.93
workout-cible,WorkoutWomenFitAtHome,gym apps,5,83,248,17,0.86
workout-cible,WorkoutWomenFitAtHome,fitne,5,86,246,35,0.71
workout-cible,WorkoutWomenFitAtHome,womens body,5,55,222,3,1.74
workout-cible,WorkoutWomenFitAtHome,glute,5,55,250,22,0.80
workout-cible,WorkoutWomenFitAtHome,workout+,5,74,245,48,0.66
workout-cible,WorkoutWomenFitAtHome,workout!,5,62,242,33,0.72
workout-cible,WorkoutWomenFitAtHome,free entrainment,5,43,249,57,0.63
workout-cible,WorkoutWomenFitAtHome,bellyfat,5,42,244,33,0.72
workout-cible,WorkoutWomenFitAtHome,-abs workout,5,47,206,148,0.53
workout-cible,WorkoutWomenFitAtHome,hosue,5,80,247,98,0.57
workout-cible,WorkoutWomenFitAtHome,body count,5,51,160,122,0.55
workout-cible,WorkoutWomenFitAtHome,Belly fat workout - no equipment,5,40,235,59,0.63
workout-cible,WorkoutWomenFitAtHome,Bally fat,5,51,238,23,0.79
workout-cible,WorkoutWomenFitAtHome,No Equipment Abs workout,5,42,231,147,0.53
workout-cible,WorkoutWomenFitAtHome,Abs workout no equipment,5,42,231,136,0.53
workout-cible,WorkoutWomenFitAtHome,Belly fat 6 pack abs,5,42,225,210,0.50
workout-cible,WorkoutWomenFitAtHome,la fitness gym,5,50,226,13,0.93
workout-cible,WorkoutWomenFitAtHome,No equipments,5,47,242,90,0.58
workout-cible,WorkoutWomenFitAtHome,Lose bally fat workout,5,40,245,63,0.62
workout-cible,WorkoutWomenFitAtHome,lazy workouts for women,5,,243,35,0.71
workout-cible,WorkoutWomenFitAtHome,total workout,5,47,244,63,0.62
workout-cible,WorkoutWomenFitAtHome,رياضه,5,63,245,1,5.00
workout-cible,WorkoutWomenFitAtHome,اللياقه البدنيه,5,54,250,1,5.00
workout-cible,WorkoutWomenFitAtHome,فقدان الوزن,5,38,245,2,2.29
workout-cible,WorkoutWomenFitAtHome,luvly app,5,19,207,31,0.73
workout-cible,WorkoutWomenFitAtHome,routines for women,5,44,245,4,1.49
workout-cible,WorkoutWomenFitAtHome,routine for women,5,45,245,8,1.10
workout-cible,WorkoutWomenFitAtHome,lose weight workout,5,58,246,112,0.55
workout-cible,WorkoutWomenFitAtHome,loose weight workout,5,55,246,119,0.55
workout-cible,WorkoutWomenFitAtHome,visual workout,5,52,247,29,0.74
workout-cible,WorkoutWomenFitAtHome,glute workouts,5,49,247,7,1.16
workout-cible,WorkoutWomenFitAtHome,ass workout,5,40,237,3,1.74
workout-cible,WorkoutWomenFitAtHome,kegel exercises apps for women,5,32,245,102,0.56
workout-cible,WorkoutWomenFitAtHome,tummy time,5,,208,85,0.58
workout-cible,WorkoutWomenFitAtHome,gym for women,5,51,248,1,5.00
workout-cible,WorkoutWomenFitAtHome,hyperbolic stretching,5,46,243,119,0.55
workout-cible,WorkoutWomenFitAtHome,筋トレ記録,5,49,227,113,0.55
workout-cible,WorkoutWomenFitAtHome,28 days excercise challenge,5,54,249,6,1.24
workout-cible,WorkoutWomenFitAtHome,adam frater,5,85,250,136,0.53
workout-cible,WorkoutWomenFitAtHome,اوات,5,83,250,162,0.52
workout-cible,WorkoutWomenFitAtHome,auto upload,5,93,250,185,0.51
workout-cible,WorkoutWomenFitAtHome,watch workout],5,51,245,54,0.64
workout-cible,WorkoutWomenFitAtHome,boss workout,5,41,90,3,1.74
workout-cible,WorkoutWomenFitAtHome,nike t,5,79,219,127,0.54
workout-cible,WorkoutWomenFitAtHome,sport santé,5,53,249,166,0.52
workout-cible,WorkoutWomenFitAtHome,pamela workout,5,64,250,55,0.64
workout-cible,WorkoutWomenFitAtHome,weight loss run,5,45,225,18,0.84
workout-cible,WorkoutWomenFitAtHome,حاسبة السعرات,5,58,248,228,0.49
workout-cible,WorkoutWomenFitAtHome,تمارين في المنزل,5,,247,3,1.74
workout-cible,WorkoutWomenFitAtHome,Maternity workouts,5,59,15,11,0.98
workout-cible,WorkoutWomenFitAtHome,وزن,5,60,249,65,0.62
workout-cible,WorkoutWomenFitAtHome,fitness entrenamiento,5,40,246,6,1.24
workout-cible,WorkoutWomenFitAtHome,senior fitness,5,70,248,13,0.93
workout-cible,WorkoutWomenFitAtHome,daily pilates workout,5,30,195,40,0.69
workout-cible,WorkoutWomenFitAtHome,bed workouts,5,59,248,12,0.96
workout-cible,WorkoutWomenFitAtHome,fat loss workouts,5,57,247,194,0.50
workout-cible,WorkoutWomenFitAtHome,home weight loss,5,77,247,168,0.51
workout-cible,WorkoutWomenFitAtHome,workout for weight losss,5,32,239,40,0.69
workout-cible,WorkoutWomenFitAtHome,weight loss plans,5,79,218,14,0.91
workout-cible,WorkoutWomenFitAtHome,teens workout,5,76,244,5,1.34
workout-cible,WorkoutWomenFitAtHome,senior workout,5,54,248,12,0.96
workout-cible,WorkoutWomenFitAtHome,female exercise,5,42,215,1,5.00
workout-cible,WorkoutWomenFitAtHome,daily hiit,5,40,236,180,0.51
workout-cible,WorkoutWomenFitAtHome,pilates pared gratis,5,41,217,50,0.65
workout-cible,WorkoutWomenFitAtHome,academia musculação,5,40,250,15,0.89
workout-cible,WorkoutWomenFitAtHome,workokut,5,87,248,95,0.57
workout-cible,WorkoutWomenFitAtHome,workout kit,5,52,247,41,0.68
workout-cible,WorkoutWomenFitAtHome,bulking routine,5,26,3,3,1.74
workout-cible,WorkoutWomenFitAtHome,pal training,5,46,245,158,0.52
workout-cible,WorkoutWomenFitAtHome,belly girl,5,37,66,11,0.98
workout-cible,WorkoutWomenFitAtHome,bellyworkout,5,42,243,15,0.89
workout-cible,WorkoutWomenFitAtHome,glutes workout,5,52,247,5,1.34
workout-cible,WorkoutWomenFitAtHome,training session,5,50,247,13,0.93
workout-cible,WorkoutWomenFitAtHome,girls fitness,5,52,248,1,5.00
workout-cible,WorkoutWomenFitAtHome,plan day  morning routine,5,42,249,187,0.51
workout-cible,WorkoutWomenFitAtHome,women home workout,5,59,245,2,2.29
workout-cible,WorkoutWomenFitAtHome,Buttocks Workou,5,45,127,40,0.69
workout-cible,WorkoutWomenFitAtHome,smaller waist,5,66,249,198,0.50
workout-cible,WorkoutWomenFitAtHome,gome,5,96,246,72,0.60
workout-cible,WorkoutWomenFitAtHome,chovatel,5,40,212,136,0.53
workout-cible,WorkoutWomenFitAtHome,gym gains,5,49,232,82,0.59
workout-cible,WorkoutWomenFitAtHome,stretchin,5,79,248,12,0.96
workout-cible,WorkoutWomenFitAtHome,health program,5,82,245,214,0.49
workout-cible,WorkoutWomenFitAtHome,أمان,5,,247,186,0.51
workout-cible,WorkoutWomenFitAtHome,weight loss monitor,5,78,243,175,0.51
workout-cible,WorkoutWomenFitAtHome,burning fat,5,43,236,110,0.56
workout-cible,WorkoutWomenFitAtHome,burned calories,5,40,237,24,0.78
workout-cible,WorkoutWomenFitAtHome,бк марафон,5,47,75,23,0.79
workout-cible,WorkoutWomenFitAtHome,workoutsexercise,5,44,247,20,0.82
workout-cible,WorkoutWomenFitAtHome,out of body,5,79,61,51,0.65
workout-cible,WorkoutWomenFitAtHome,home & gym workout,5,50,242,29,0.74
workout-cible,WorkoutWomenFitAtHome,Home & Gym Training,5,48,245,154,0.52
workout-cible,WorkoutWomenFitAtHome,Yoga  Cardio & Gym Training,5,78,188,66,0.62
workout-cible,WorkoutWomenFitAtHome,planning d'entrainement,5,45,240,31,0.73
workout-cible,WorkoutWomenFitAtHome,ejercisios en casa,5,,248,2,2.29
workout-cible,WorkoutWomenFitAtHome,برنامج الاذان بدون نت,5,31,17,12,0.96
workout-cible,WorkoutWomenFitAtHome,21 day challange,5,44,95,50,0.65
workout-cible,WorkoutWomenFitAtHome,21 days challange,5,45,97,53,0.64
workout-cible,WorkoutWomenFitAtHome,Butt shake,5,14,136,97,0.57
workout-cible,WorkoutWomenFitAtHome,Shake ass,5,26,178,131,0.54
workout-cible,WorkoutWomenFitAtHome,gym body routine,5,40,249,221,0.49
workout-cible,WorkoutWomenFitAtHome,fitness routines,5,90,244,56,0.64
workout-cible,WorkoutWomenFitAtHome,strength plan,5,87,247,216,0.49
workout-cible,WorkoutWomenFitAtHome,workout plan\,5,40,233,186,0.51
workout-cible,WorkoutWomenFitAtHome,muscle pain,5,49,245,38,0.70
workout-cible,WorkoutWomenFitAtHome,muscle stretch,5,55,81,32,0.73
workout-cible,WorkoutWomenFitAtHome,Weller,5,42,33,30,0.74
workout-cible,WorkoutWomenFitAtHome,Weller: Gain Muscle with Bands,5,64,48,43,0.68
workout-cible,WorkoutWomenFitAtHome,fitnesa,5,83,236,5,1.34
workout-cible,WorkoutWomenFitAtHome,build abs,5,77,188,73,0.60
workout-cible,WorkoutWomenFitAtHome,daisy keech,5,91,245,124,0.54
workout-cible,WorkoutWomenFitAtHome,weekly fitness planner,5,48,248,226,0.49
workout-cible,WorkoutWomenFitAtHome,Full-Body Workout,5,43,240,39,0.69
workout-cible,WorkoutWomenFitAtHome,* 		glutes,5,40,237,45,0.67
workout-cible,WorkoutWomenFitAtHome,fit tummy,5,44,248,5,1.34
workout-cible,WorkoutWomenFitAtHome,fitbod perky booty,5,46,248,171,0.51
workout-cible,WorkoutWomenFitAtHome,bikini body fitbod,5,40,247,110,0.56
workout-cible,WorkoutWomenFitAtHome,28 fitness flat tummy,5,40,243,19,0.83
workout-cible,WorkoutWomenFitAtHome,fitbod bikini body,5,40,247,130,0.54
workout-cible,WorkoutWomenFitAtHome,gut and thigh workout,5,40,246,165,0.52
workout-cible,WorkoutWomenFitAtHome,flat stomach routine,5,40,242,19,0.83
workout-cible,WorkoutWomenFitAtHome,squat for perky booty,5,40,247,195,0.50
workout-cible,WorkoutWomenFitAtHome,bikini midriff workout,5,40,247,97,0.57
workout-cible,WorkoutWomenFitAtHome,perky booty 28 fitness,5,40,244,42,0.68
workout-cible,WorkoutWomenFitAtHome,fitbod for sexy behind,5,41,232,1,5.00
workout-cible,WorkoutWomenFitAtHome,28 fitness bikini ready,5,44,250,8,1.10
workout-cible,WorkoutWomenFitAtHome,life buddy,5,44,246,122,0.55
workout-cible,WorkoutWomenFitAtHome,daily workout free,5,55,247,12,0.96
workout-cible,WorkoutWomenFitAtHome,workout camera,5,44,246,36,0.70
workout-cible,WorkoutWomenFitAtHome,culo,5,73,129,3,1.74
workout-cible,WorkoutWomenFitAtHome,flexibilty,5,67,247,12,0.96
workout-cible,WorkoutWomenFitAtHome,fit workout routine,5,51,245,43,0.68
workout-cible,WorkoutWomenFitAtHome,تمارين الجيم,5,48,247,8,1.10
workout-cible,WorkoutWomenFitAtHome,حمية,5,92,248,182,0.51
workout-cible,WorkoutWomenFitAtHome,kegel women,5,48,249,218,0.49
workout-cible,WorkoutWomenFitAtHome,free beginner workout,5,,241,19,0.83
workout-cible,WorkoutWomenFitAtHome,women weight loss diet,5,44,225,5,1.34
workout-cible,WorkoutWomenFitAtHome,calisthetics,5,65,250,234,0.49
workout-cible,WorkoutWomenFitAtHome,irfan sener,5,96,244,34,0.71
workout-cible,WorkoutWomenFitAtHome,program tracker,5,44,249,230,0.49
workout-cible,WorkoutWomenFitAtHome,Kilo G,5,38,129,15,0.89
workout-cible,WorkoutWomenFitAtHome,Womans Day,5,67,116,68,0.61
workout-cible,WorkoutWomenFitAtHome,Woman & Home,5,76,246,10,1.02
workout-cible,WorkoutWomenFitAtHome,Working Woman,5,44,234,1,5.00
workout-cible,WorkoutWomenFitAtHome,fintess planner,5,40,247,220,0.49
workout-cible,WorkoutWomenFitAtHome,online exercise planner,5,,247,219,0.49
workout-cible,WorkoutWomenFitAtHome,Hit Cardio,5,40,246,201,0.50
workout-cible,WorkoutWomenFitAtHome,手机健康,5,46,248,138,0.53
workout-cible,WorkoutWomenFitAtHome,EasyFit: Workout for Women,5,48,241,2,2.29
workout-cible,WorkoutWomenFitAtHome,work planenr,5,44,250,238,0.48
workout-cible,WorkoutWomenFitAtHome,treino em casa,5,59,248,2,2.29
workout-cible,WorkoutWomenFitAtHome,weightloss diet,5,91,219,46,0.67
workout-cible,WorkoutWomenFitAtHome,workout routinedaily,5,50,248,126,0.54
workout-cible,WorkoutWomenFitAtHome,routinedaily fitness,5,46,248,113,0.55
workout-cible,WorkoutWomenFitAtHome,sixpackin30days,5,53,198,159,0.52
workout-cible,WorkoutWomenFitAtHome,justfit!,5,56,241,19,0.83
workout-cible,WorkoutWomenFitAtHome,womans champions,5,,198,3,1.74
workout-cible,WorkoutWomenFitAtHome,bum exercise,5,43,249,22,0.80
workout-cible,WorkoutWomenFitAtHome,girl training,5,44,239,16,0.87
workout-cible,WorkoutWomenFitAtHome,tomboy,5,93,246,26,0.76
workout-cible,WorkoutWomenFitAtHome,MuscleGain,5,69,249,13,0.93
workout-cible,WorkoutWomenFitAtHome,极限运动,5,46,238,176,0.51
workout-cible,WorkoutWomenFitAtHome,户外运动,5,57,247,221,0.49
workout-cible,WorkoutWomenFitAtHome,运动地图,5,87,247,242,0.48
workout-cible,WorkoutWomenFitAtHome,记录运动,5,44,244,123,0.54
workout-cible,WorkoutWomenFitAtHome,运动达人,5,44,245,140,0.53
workout-cible,WorkoutWomenFitAtHome,运动路线,5,44,244,225,0.49
workout-cible,WorkoutWomenFitAtHome,运动轨迹记录,5,48,247,111,0.55
workout-cible,WorkoutWomenFitAtHome,运动公里,5,46,244,166,0.52
workout-cible,WorkoutWomenFitAtHome,female yoga,5,45,248,2,2.29
workout-cible,WorkoutWomenFitAtHome,lose fat fast,5,44,241,16,0.87
workout-cible,WorkoutWomenFitAtHome,butt exercises,5,40,241,26,0.76
workout-cible,WorkoutWomenFitAtHome,lazy workouts at home,5,58,248,29,0.74
workout-cible,WorkoutWomenFitAtHome,pilates at home for beginners,5,70,217,34,0.71
workout-cible,WorkoutWomenFitAtHome,weight loos,5,96,249,19,0.83
workout-cible,WorkoutWomenFitAtHome,Beginner Workouts For Women,5,46,243,48,0.66
workout-cible,WorkoutWomenFitAtHome,womens workouts,5,55,246,2,2.29
workout-cible,WorkoutWomenFitAtHome,wallfit,5,72,250,46,0.67
workout-cible,WorkoutWomenFitAtHome,weight loss challenge app,5,40,236,171,0.51
workout-cible,WorkoutWomenFitAtHome,weight loss group challenge,5,40,232,199,0.50
workout-cible,WorkoutWomenFitAtHome,cardio home,5,40,242,43,0.68
workout-cible,WorkoutWomenFitAtHome,morning fitness,5,59,246,113,0.55
workout-cible,WorkoutWomenFitAtHome,morning sport,5,69,247,61,0.63
workout-cible,WorkoutWomenFitAtHome,fitness morning routine,5,40,249,63,0.62
workout-cible,WorkoutWomenFitAtHome,facemassage,5,48,57,17,0.86
workout-cible,WorkoutWomenFitAtHome,lose weight plan,5,81,203,46,0.67
workout-cible,WorkoutWomenFitAtHome,home wokrout,5,55,247,2,2.29
workout-cible,WorkoutWomenFitAtHome,No-gym workout,5,40,246,40,0.69
workout-cible,WorkoutWomenFitAtHome,Home fitness training,5,46,245,139,0.53
workout-cible,WorkoutWomenFitAtHome,Workou For Men,5,69,247,11,0.98
workout-cible,WorkoutWomenFitAtHome,home workout no equiment,5,55,245,3,1.74
workout-cible,WorkoutWomenFitAtHome,cardio at home,5,59,248,1,5.00
workout-cible,WorkoutWomenFitAtHome,loose weight in,5,72,235,23,0.79
workout-cible,WorkoutWomenFitAtHome,10min workout,5,53,247,26,0.76
workout-cible,WorkoutWomenFitAtHome,home todo,5,98,241,31,0.73
workout-cible,WorkoutWomenFitAtHome,treinar,5,69,247,2,2.29
workout-cible,WorkoutWomenFitAtHome,paras,5,87,246,34,0.71
workout-cible,WorkoutWomenFitAtHome,för,5,54,248,141,0.53
workout-cible,WorkoutWomenFitAtHome,plank!,5,40,217,157,0.52
workout-cible,WorkoutWomenFitAtHome,suspension workout,5,51,248,10,1.02
workout-cible,WorkoutWomenFitAtHome,Stretching & Flexibility: Bend,5,67,247,33,0.72
workout-cible,WorkoutWomenFitAtHome,freeworkout,5,62,247,9,1.06
workout-cible,WorkoutWomenFitAtHome,bootyworkout,5,49,246,9,1.06
workout-cible,WorkoutWomenFitAtHome,buttworkout,5,49,235,5,1.34
workout-cible,WorkoutWomenFitAtHome,big butt& legs workout,5,40,227,99,0.57
workout-cible,WorkoutWomenFitAtHome,30 day butt & leg challenge,5,40,236,21,0.81
workout-cible,WorkoutWomenFitAtHome,yoga-go wall pilates,5,52,219,36,0.70
workout-cible,WorkoutWomenFitAtHome,chairyoga,5,43,244,160,0.52
workout-cible,WorkoutWomenFitAtHome,yoga woman,5,53,248,4,1.49
workout-cible,WorkoutWomenFitAtHome,trainier,5,76,237,65,0.62
workout-cible,WorkoutWomenFitAtHome,gyms workout,5,70,247,40,0.69
workout-cible,WorkoutWomenFitAtHome,easy stretch,5,47,243,15,0.89
workout-cible,WorkoutWomenFitAtHome,entrainement pompe,5,54,245,193,0.50
workout-cible,WorkoutWomenFitAtHome,Home & Gym Training Programs,5,47,246,125,0.54
workout-cible,WorkoutWomenFitAtHome,workout++,5,66,243,29,0.74
workout-cible,WorkoutWomenFitAtHome,seven min,5,48,220,50,0.65
workout-cible,WorkoutWomenFitAtHome,fitness & healt coach,5,43,247,231,0.49
workout-cible,WorkoutWomenFitAtHome,تمارين جيم منزلية,5,30,29,1,5.00
workout-cible,WorkoutWomenFitAtHome,workout video,5,79,248,37,0.70
workout-cible,WorkoutWomenFitAtHome,Workout plannner,5,70,248,26,0.76
workout-cible,WorkoutWomenFitAtHome,home to do,5,98,243,105,0.56
workout-cible,WorkoutWomenFitAtHome,home workouy,5,54,247,2,2.29
workout-cible,WorkoutWomenFitAtHome,30 day home workout,5,56,245,52,0.65
workout-cible,WorkoutWomenFitAtHome,House routines,5,42,246,184,0.51
workout-cible,WorkoutWomenFitAtHome,womens weight loss,5,75,246,5,1.34
workout-cible,WorkoutWomenFitAtHome,body routine,5,43,244,222,0.49
workout-cible,WorkoutWomenFitAtHome,lose weight easy,5,44,232,5,1.34
workout-cible,WorkoutWomenFitAtHome,group weightloss challenge app,5,40,243,225,0.49
workout-cible,WorkoutWomenFitAtHome,lung exercises,5,45,250,7,1.16
workout-cible,WorkoutWomenFitAtHome,gym lala exercise,5,50,247,21,0.81
workout-cible,WorkoutWomenFitAtHome,fitness pal,5,70,243,5,1.34
workout-cible,WorkoutWomenFitAtHome,jawline app,5,,216,44,0.67
workout-cible,WorkoutWomenFitAtHome,Stretching & Flexibility,5,72,246,12,0.96
workout-cible,WorkoutWomenFitAtHome,workout for every day,5,72,247,5,1.34
workout-cible,WorkoutWomenFitAtHome,perdidos,5,90,231,200,0.50
workout-cible,WorkoutWomenFitAtHome,at- home workouts,5,55,242,7,1.16
workout-cible,WorkoutWomenFitAtHome,at - home workouts,5,55,242,7,1.16
workout-cible,WorkoutWomenFitAtHome,at  home workouts,5,62,247,5,1.34
workout-cible,WorkoutWomenFitAtHome,workout routine for women,5,,249,3,1.74
workout-cible,WorkoutWomenFitAtHome,fitness workout home,5,54,243,98,0.57
workout-cible,WorkoutWomenFitAtHome,Pilatess,5,56,250,247,0.48
workout-cible,WorkoutWomenFitAtHome,programmer entrainement,5,40,250,49,0.66
workout-cible,WorkoutWomenFitAtHome,app exercice,5,63,248,2,2.29
workout-cible,WorkoutWomenFitAtHome,pilates exercices a la maison,5,44,210,13,0.93
workout-cible,WorkoutWomenFitAtHome,daily home workout,5,58,244,41,0.68
workout-cible,WorkoutWomenFitAtHome,Gym & Home Workouts,5,51,245,108,0.56
workout-cible,WorkoutWomenFitAtHome,30 day fitness at home,5,58,249,9,1.06
workout-cible,WorkoutWomenFitAtHome,running out,5,68,61,33,0.72
workout-cible,WorkoutWomenFitAtHome,weight loss dance,5,51,71,41,0.68
workout-cible,WorkoutWomenFitAtHome,workout story,5,44,247,10,1.02
workout-cible,WorkoutWomenFitAtHome,and lose it app,5,76,244,65,0.62
workout-cible,WorkoutWomenFitAtHome,کت,5,81,249,207,0.50
workout-cible,WorkoutWomenFitAtHome,that girl morning routine,5,44,247,91,0.58
workout-cible,WorkoutWomenFitAtHome,home workout daily,5,40,244,68,0.61
workout-cible,WorkoutWomenFitAtHome,program workouts,5,57,241,124,0.54
workout-cible,WorkoutWomenFitAtHome,Harna app,5,27,7,4,1.49
workout-cible,WorkoutWomenFitAtHome,fofr,5,31,248,195,0.50
workout-cible,WorkoutWomenFitAtHome,kick boxing workout,5,40,244,159,0.52
workout-cible,WorkoutWomenFitAtHome,challenge group,5,45,247,177,0.51
workout-cible,WorkoutWomenFitAtHome,group challenges,5,50,246,124,0.54
workout-cible,WorkoutWomenFitAtHome,يوغا,5,46,248,6,1.24
workout-cible,WorkoutWomenFitAtHome,daily strength workout,5,40,248,107,0.56
workout-cible,WorkoutWomenFitAtHome,app de gym,5,66,248,6,1.24
workout-cible,WorkoutWomenFitAtHome,宅トレ,5,64,249,21,0.81
workout-cible,WorkoutWomenFitAtHome,workout pkanner,5,71,247,25,0.77
workout-cible,WorkoutWomenFitAtHome,weight loss workout at home,5,53,242,13,0.93
workout-cible,WorkoutWomenFitAtHome,home plate,5,80,47,8,1.10
workout-cible,WorkoutWomenFitAtHome,Chair Yoga Exercise for Women,5,47,245,35,0.71
workout-cible,WorkoutWomenFitAtHome,cardio em casa,5,42,247,12,0.96
workout-cible,WorkoutWomenFitAtHome,no equipment exercise,5,72,230,107,0.56
workout-cible,WorkoutWomenFitAtHome,full out,5,98,91,64,0.62
workout-cible,WorkoutWomenFitAtHome,lose stomach fat,5,,248,3,1.74
workout-cible,WorkoutWomenFitAtHome,sport routine,5,57,250,76,0.60
workout-cible,WorkoutWomenFitAtHome,dumbell exercise,5,43,237,233,0.49
workout-cible,WorkoutWomenFitAtHome,afwrmation for women,5,46,248,58,0.63
workout-cible,WorkoutWomenFitAtHome,afwrmations for women,5,44,249,53,0.64
workout-cible,WorkoutWomenFitAtHome,afwrmations for woman,5,40,245,25,0.77
workout-cible,WorkoutWomenFitAtHome,barre workouts,5,37,184,69,0.61
workout-cible,WorkoutWomenFitAtHome,lose 10 lbs,5,,3,1,5.00
workout-cible,WorkoutWomenFitAtHome,be fat,5,50,216,6,1.24
workout-cible,WorkoutWomenFitAtHome,grounds fitness app for women,5,42,244,94,0.57
workout-cible,WorkoutWomenFitAtHome,5 minute pilates workout,5,,203,50,0.65
workout-cible,WorkoutWomenFitAtHome,core workouts,5,60,243,5,1.34
workout-cible,WorkoutWomenFitAtHome,hips exercises,5,53,246,42,0.68
workout-cible,WorkoutWomenFitAtHome,belly fat burner,5,50,239,117,0.55
workout-cible,WorkoutWomenFitAtHome,and fitness,5,62,233,205,0.50
workout-cible,WorkoutWomenFitAtHome,and workout,5,51,236,85,0.58
workout-cible,WorkoutWomenFitAtHome,at home fitness coach,5,40,243,46,0.67
workout-cible,WorkoutWomenFitAtHome,daily fitness plans,5,48,245,98,0.57
workout-cible,WorkoutWomenFitAtHome,daily fitness workout,5,49,238,188,0.50
workout-cible,WorkoutWomenFitAtHome,daily home,5,50,247,83,0.59
workout-cible,WorkoutWomenFitAtHome,daily workouts fitness,5,40,238,84,0.59
workout-cible,WorkoutWomenFitAtHome,fitness and workouts,5,48,243,91,0.58
workout-cible,WorkoutWomenFitAtHome,fitness workout at home,5,44,242,22,0.80
workout-cible,WorkoutWomenFitAtHome,fitness workout plans,5,70,247,11,0.98
workout-cible,WorkoutWomenFitAtHome,fitness workouts at home,5,54,242,32,0.73
workout-cible,WorkoutWomenFitAtHome,gym and home workouts,5,45,244,86,0.58
workout-cible,WorkoutWomenFitAtHome,gym at home workout,5,59,248,3,1.74
workout-cible,WorkoutWomenFitAtHome,home and,5,77,238,138,0.53
workout-cible,WorkoutWomenFitAtHome,home and gym,5,49,241,109,0.56
workout-cible,WorkoutWomenFitAtHome,home and gym training,5,46,244,94,0.57
workout-cible,WorkoutWomenFitAtHome,home at home,5,40,245,21,0.81
workout-cible,WorkoutWomenFitAtHome,home daily,5,40,244,71,0.61
workout-cible,WorkoutWomenFitAtHome,home weight,5,43,240,183,0.51
workout-cible,WorkoutWomenFitAtHome,home workout fitness trainer,5,50,243,82,0.59
workout-cible,WorkoutWomenFitAtHome,plans home,5,49,240,206,0.50
workout-cible,WorkoutWomenFitAtHome,weight home,5,40,239,106,0.56
workout-cible,WorkoutWomenFitAtHome,weight training at home,5,80,249,56,0.64
workout-cible,WorkoutWomenFitAtHome,workouts daily,5,45,230,144,0.53
workout-cible,WorkoutWomenFitAtHome,weight-loss for women,5,40,236,18,0.84
workout-cible,WorkoutWomenFitAtHome,weight-loss for wome,5,78,240,24,0.78
workout-cible,WorkoutWomenFitAtHome,female strenght,5,49,246,1,5.00
workout-cible,WorkoutWomenFitAtHome,kegel male,5,48,240,197,0.50
workout-cible,WorkoutWomenFitAtHome,kegel female,5,33,214,16,0.87
workout-cible,WorkoutWomenFitAtHome,фітнес,5,55,248,3,1.74
workout-cible,WorkoutWomenFitAtHome,bodyface,5,61,233,166,0.52
workout-cible,WorkoutWomenFitAtHome,fit & strong,5,83,244,7,1.16
workout-cible,WorkoutWomenFitAtHome,schudnij,5,33,27,18,0.84
workout-cible,WorkoutWomenFitAtHome,home traning,5,50,240,71,0.61
workout-cible,WorkoutWomenFitAtHome,case simulation,5,42,238,173,0.51
workout-cible,WorkoutWomenFitAtHome,workout home and,5,46,242,51,0.65
workout-cible,WorkoutWomenFitAtHome,weigh loss,5,68,249,16,0.87
workout-cible,WorkoutWomenFitAtHome,Casq,5,87,248,21,0.81
workout-cible,WorkoutWomenFitAtHome,Gym & Home Workout,5,58,242,149,0.53
workout-cible,WorkoutWomenFitAtHome,buttocks exercise,5,45,242,75,0.60
workout-cible,WorkoutWomenFitAtHome,daily vurn,5,40,199,72,0.60
workout-cible,WorkoutWomenFitAtHome,summer abs,5,40,226,20,0.82
workout-cible,WorkoutWomenFitAtHome,منو,5,62,247,119,0.55
workout-cible,WorkoutWomenFitAtHome,loose weigh,5,64,250,12,0.96
workout-cible,WorkoutWomenFitAtHome,calithenics,5,65,250,201,0.50
workout-cible,WorkoutWomenFitAtHome,6 pack workout,5,53,229,109,0.56
workout-cible,WorkoutWomenFitAtHome,de exercicio fisico,5,44,248,40,0.69
workout-cible,WorkoutWomenFitAtHome,no equipment excersise,5,40,246,44,0.67
workout-cible,WorkoutWomenFitAtHome,FitOn Workouts & Fitness Plans,5,63,248,131,0.54
workout-cible,WorkoutWomenFitAtHome,ورزش در خانه,5,,42,1,5.00
workout-cible,WorkoutWomenFitAtHome,'em,5,97,242,18,0.84
workout-cible,WorkoutWomenFitAtHome,таблиця калорійності,5,57,37,22,0.80
workout-cible,WorkoutWomenFitAtHome,health & workout,5,54,244,178,0.51
workout-cible,WorkoutWomenFitAtHome,leap health,5,,227,13,0.93
workout-cible,WorkoutWomenFitAtHome,keto diet training,5,49,24,16,0.87
workout-cible,WorkoutWomenFitAtHome,nutrition and workout,5,56,238,16,0.87
workout-cible,WorkoutWomenFitAtHome,group exercise,5,55,246,61,0.63
workout-cible,WorkoutWomenFitAtHome,feminin,5,60,228,48,0.66
workout-cible,WorkoutWomenFitAtHome,lose weight diet,5,61,221,120,0.55
workout-cible,WorkoutWomenFitAtHome,easy home workouts,5,60,244,17,0.86
workout-cible,WorkoutWomenFitAtHome,easy home workout,5,49,245,51,0.65
workout-cible,WorkoutWomenFitAtHome,motivate fitness,5,40,241,30,0.74
workout-cible,WorkoutWomenFitAtHome,woman fit,5,44,240,2,2.29
workout-cible,WorkoutWomenFitAtHome,kilo verme programı,5,38,80,15,0.89
workout-cible,WorkoutWomenFitAtHome,exercize,5,65,226,2,2.29
workout-cible,WorkoutWomenFitAtHome,Lung Exercise,5,45,217,12,0.96
workout-cible,WorkoutWomenFitAtHome,habits for women,5,40,245,168,0.51
workout-cible,WorkoutWomenFitAtHome,ectomorph,5,15,2,2,2.29
workout-cible,WorkoutWomenFitAtHome,fitnessprogram,5,80,245,12,0.96
workout-cible,WorkoutWomenFitAtHome,fitness group,5,60,248,3,1.74
workout-cible,WorkoutWomenFitAtHome,good workouts,5,40,245,165,0.52
workout-cible,WorkoutWomenFitAtHome,fitness guru,5,60,249,197,0.50
workout-cible,WorkoutWomenFitAtHome,challenge diet,5,48,241,52,0.65
workout-cible,WorkoutWomenFitAtHome,traimer,5,78,242,22,0.80
workout-cible,WorkoutWomenFitAtHome,workout and fit,5,49,238,101,0.56
workout-cible,WorkoutWomenFitAtHome,fit & lean,5,69,222,7,1.16
workout-cible,WorkoutWomenFitAtHome,90 day workout,5,59,246,187,0.51
workout-cible,WorkoutWomenFitAtHome,FitFem,5,,230,9,1.06
workout-cible,WorkoutWomenFitAtHome,muscle gains,5,84,249,13,0.93
workout-cible,WorkoutWomenFitAtHome,workout home - bodyfit planner,5,40,247,70,0.61
workout-cible,WorkoutWomenFitAtHome,Tabata exercise,5,45,238,156,0.52
workout-cible,WorkoutWomenFitAtHome,برنامه الاذان,5,42,7,1,5.00
workout-cible,WorkoutWomenFitAtHome,Routine exercise,5,40,246,116,0.55
workout-cible,WorkoutWomenFitAtHome,30 day workout for women,5,55,246,1,5.00
workout-cible,WorkoutWomenFitAtHome,30 day workout by fit,5,42,237,18,0.84
workout-cible,WorkoutWomenFitAtHome,daily fitness home workout,5,59,248,118,0.55
workout-cible,WorkoutWomenFitAtHome,FullFit,5,89,245,56,0.64
workout-cible,WorkoutWomenFitAtHome,para hacer ejercicio gratis,5,44,173,3,1.74
workout-cible,WorkoutWomenFitAtHome,facce exercise,5,62,248,30,0.74
workout-cible,WorkoutWomenFitAtHome,keto training,5,38,41,25,0.77
workout-cible,WorkoutWomenFitAtHome,Home fat loss,5,50,242,23,0.79
workout-cible,WorkoutWomenFitAtHome,Fitness: Workout for Gym|Home,5,73,246,79,0.59
workout-cible,WorkoutWomenFitAtHome,Workout for Women: Fit at Home,5,50,246,1,5.00
workout-cible,WorkoutWomenFitAtHome,weightlifting calorie,5,28,22,13,0.93
workout-cible,WorkoutWomenFitAtHome,summerbody,5,20,238,13,0.93
workout-cible,WorkoutWomenFitAtHome,pliates,5,56,250,204,0.50
workout-cible,WorkoutWomenFitAtHome,run home,5,81,245,79,0.59
workout-cible,WorkoutWomenFitAtHome,morning workout app,5,61,249,13,0.93
workout-cible,WorkoutWomenFitAtHome,morning workou,5,47,245,14,0.91
workout-cible,WorkoutWomenFitAtHome,morning workourt,5,44,245,7,1.16
workout-cible,WorkoutWomenFitAtHome,good morning workout routine,5,40,246,49,0.66
workout-cible,WorkoutWomenFitAtHome,6-pack in 30 days,5,50,116,90,0.58
workout-cible,WorkoutWomenFitAtHome,abdominal pain,5,57,248,3,1.74
workout-cible,WorkoutWomenFitAtHome,better men app,5,59,247,57,0.63
workout-cible,WorkoutWomenFitAtHome,workout plan in 30 days,5,42,247,35,0.71
workout-cible,WorkoutWomenFitAtHome,i=fit,5,97,228,55,0.64
workout-cible,WorkoutWomenFitAtHome,dreambody,5,47,67,8,1.10
workout-cible,WorkoutWomenFitAtHome,get toned,5,54,249,48,0.66
workout-cible,WorkoutWomenFitAtHome,home exercise programs,5,49,245,20,0.82
workout-cible,WorkoutWomenFitAtHome,women’s fitness app,5,73,244,17,0.86
workout-cible,WorkoutWomenFitAtHome,female fitness coach,5,49,244,3,1.74
workout-cible,WorkoutWomenFitAtHome,women’s weight loss app,5,42,240,100,0.57
workout-cible,WorkoutWomenFitAtHome,women’s workout routines,5,40,244,12,0.96
workout-cible,WorkoutWomenFitAtHome,female fitness plan,5,44,241,4,1.49
workout-cible,WorkoutWomenFitAtHome,women’s strength training,5,40,247,31,0.73
workout-cible,WorkoutWomenFitAtHome,fo loose,5,95,218,45,0.67
workout-cible,WorkoutWomenFitAtHome,glutes workouts for women,5,45,241,7,1.16
workout-cible,WorkoutWomenFitAtHome,glute plan,5,40,248,55,0.64
workout-cible,WorkoutWomenFitAtHome,easy workout women,5,53,244,6,1.24
workout-cible,WorkoutWomenFitAtHome,fitness challenger,5,47,240,174,0.51
workout-cible,WorkoutWomenFitAtHome,loss cardio,5,62,241,53,0.64
workout-cible,WorkoutWomenFitAtHome,days chair,5,43,210,25,0.77
workout-cible,WorkoutWomenFitAtHome,weight loss\,5,,211,79,0.59
workout-cible,WorkoutWomenFitAtHome,weight walking,5,48,229,36,0.70
workout-cible,WorkoutWomenFitAtHome,fat to fit diet,5,40,240,121,0.55
workout-cible,WorkoutWomenFitAtHome,30. day workout,5,40,249,244,0.48
workout-cible,WorkoutWomenFitAtHome,the women,5,60,245,15,0.89
workout-cible,WorkoutWomenFitAtHome,dunk low,5,89,231,201,0.50
workout-cible,WorkoutWomenFitAtHome,تمارين المنزل,5,59,247,9,1.06
workout-cible,WorkoutWomenFitAtHome,exercise programs for health,5,74,246,15,0.89
workout-cible,WorkoutWomenFitAtHome,15 day,5,60,152,136,0.53
workout-cible,WorkoutWomenFitAtHome,lose the very,5,71,238,29,0.74
workout-cible,WorkoutWomenFitAtHome,exericse,5,62,249,3,1.74
workout-cible,WorkoutWomenFitAtHome,homework i̇,5,97,233,40,0.69
workout-cible,WorkoutWomenFitAtHome,jawli ne,5,54,228,7,1.16
workout-cible,WorkoutWomenFitAtHome,females,5,30,158,6,1.24
workout-cible,WorkoutWomenFitAtHome,abs workout plans,5,66,230,171,0.51
workout-cible,WorkoutWomenFitAtHome,loose face fat,5,53,22,11,0.98
workout-cible,WorkoutWomenFitAtHome,desafio 30 dias,5,40,110,23,0.79
workout-cible,WorkoutWomenFitAtHome,homework i,5,89,236,57,0.63
workout-cible,WorkoutWomenFitAtHome,anabolic,5,54,181,13,0.93
workout-cible,WorkoutWomenFitAtHome,fat-burning,5,45,235,136,0.53
workout-cible,WorkoutWomenFitAtHome,30 day fitnes,5,64,245,83,0.59
workout-cible,WorkoutWomenFitAtHome,postpartum\,5,46,235,56,0.64
workout-cible,WorkoutWomenFitAtHome,shefit,5,61,247,9,1.06
workout-cible,WorkoutWomenFitAtHome,group workout,5,70,213,25,0.77
workout-cible,WorkoutWomenFitAtHome,ecercicio,5,72,250,1,5.00
workout-cible,WorkoutWomenFitAtHome,fintenss,5,82,248,5,1.34
workout-cible,WorkoutWomenFitAtHome,fithness,5,82,246,5,1.34
workout-cible,WorkoutWomenFitAtHome,luvly.app,5,47,206,8,1.10
workout-cible,WorkoutWomenFitAtHome,home workout: no equipment,5,59,244,15,0.89
workout-cible,WorkoutWomenFitAtHome,homeworkout for men,5,70,241,11,0.98
workout-cible,WorkoutWomenFitAtHome,work coach,5,51,248,123,0.54
workout-cible,WorkoutWomenFitAtHome,weight liss,5,96,249,16,0.87
workout-cible,WorkoutWomenFitAtHome,weight oiss,5,96,249,18,0.84
workout-cible,WorkoutWomenFitAtHome,168 fasting,5,,248,58,0.63
workout-cible,WorkoutWomenFitAtHome,16/8 fasting,5,45,250,53,0.64
workout-cible,WorkoutWomenFitAtHome,workout from women,5,56,13,1,5.00
workout-cible,WorkoutWomenFitAtHome,butt fitness,5,50,226,122,0.55
workout-cible,WorkoutWomenFitAtHome,boty workout,5,41,246,2,2.29
workout-cible,WorkoutWomenFitAtHome,butt fitness workout,5,40,219,113,0.55
workout-cible,WorkoutWomenFitAtHome,weight loss for woman,5,94,247,2,2.29
workout-cible,WorkoutWomenFitAtHome,weightloss for woman,5,85,246,1,5.00
workout-cible,WorkoutWomenFitAtHome,fat tap,5,51,146,37,0.70
workout-cible,WorkoutWomenFitAtHome,floor workout,5,,247,10,1.02
workout-cible,WorkoutWomenFitAtHome,full body training,5,40,246,95,0.57
workout-cible,WorkoutWomenFitAtHome,workouts for,5,88,242,6,1.24
workout-cible,WorkoutWomenFitAtHome,easy form,5,40,241,155,0.52
workout-cible,WorkoutWomenFitAtHome,flexability,5,63,246,12,0.96
workout-cible,WorkoutWomenFitAtHome,men coach,5,49,248,21,0.81
workout-cible,WorkoutWomenFitAtHome,dietplan,5,52,227,201,0.50
workout-cible,WorkoutWomenFitAtHome,workout song,5,71,244,52,0.65
workout-cible,WorkoutWomenFitAtHome,cardio log,5,50,250,134,0.54
workout-cible,WorkoutWomenFitAtHome,emma chamberlan,5,89,248,29,0.74
workout-cible,WorkoutWomenFitAtHome,emma chamberlain,5,89,249,26,0.76
workout-cible,WorkoutWomenFitAtHome,fition,5,43,106,28,0.75
workout-cible,WorkoutWomenFitAtHome,weightlosses,5,34,207,127,0.54
workout-cible,WorkoutWomenFitAtHome,diet and weight loss,5,73,225,220,0.49
workout-cible,WorkoutWomenFitAtHome,health form,5,44,250,125,0.54
workout-cible,WorkoutWomenFitAtHome,period exercise,5,40,219,53,0.64
workout-cible,WorkoutWomenFitAtHome,daily fitness coach,5,40,244,143,0.53
workout-cible,WorkoutWomenFitAtHome,work from home fitness,5,54,248,39,0.69
workout-cible,WorkoutWomenFitAtHome,exercicios academia,5,33,246,10,1.02
workout-cible,WorkoutWomenFitAtHome,wome,5,84,248,80,0.59
workout-cible,WorkoutWomenFitAtHome,cvičení,5,17,57,15,0.89
workout-cible,WorkoutWomenFitAtHome,aplikasi latihan,5,,249,2,2.29
workout-cible,WorkoutWomenFitAtHome,30 a week,5,89,244,18,0.84
workout-cible,WorkoutWomenFitAtHome,jump exercise,5,48,248,70,0.61
workout-cible,WorkoutWomenFitAtHome,postpartum diet,5,47,229,60,0.63
workout-cible,WorkoutWomenFitAtHome,rrainer,5,78,246,28,0.75
workout-cible,WorkoutWomenFitAtHome,foodavisor,5,87,229,34,0.71
workout-cible,WorkoutWomenFitAtHome,30 day yoga challenge,5,43,244,100,0.57
workout-cible,WorkoutWomenFitAtHome,home workout - no equipments,5,59,246,2,2.29
workout-cible,WorkoutWomenFitAtHome,workoutx,5,63,248,5,1.34
workout-cible,WorkoutWomenFitAtHome,exercice at home,5,56,248,2,2.29
workout-cible,WorkoutWomenFitAtHome,interval training run,5,40,241,128,0.54
workout-cible,WorkoutWomenFitAtHome,run training plans,5,69,247,10,1.02
workout-cible,WorkoutWomenFitAtHome,treadmill workouts free,5,46,243,50,0.65
workout-cible,WorkoutWomenFitAtHome,rowing pace calculator,5,,5,4,1.49
workout-cible,WorkoutWomenFitAtHome,nike training club: wellness,5,61,29,26,0.76
workout-cible,WorkoutWomenFitAtHome,nike fitness workout,5,91,240,15,0.89
workout-cible,WorkoutWomenFitAtHome,weightloss exercises,5,30,247,7,1.16
workout-cible,WorkoutWomenFitAtHome,full body tracker,5,40,249,125,0.54
workout-cible,WorkoutWomenFitAtHome,fit routine,5,36,229,10,1.02
workout-cible,WorkoutWomenFitAtHome,lose weight gain,5,40,246,85,0.58
workout-cible,WorkoutWomenFitAtHome,weight loss gain,5,76,228,110,0.56
workout-cible,WorkoutWomenFitAtHome,free exercises app,5,57,247,29,0.74
workout-cible,WorkoutWomenFitAtHome,women exercises,5,51,244,2,2.29
workout-cible,WorkoutWomenFitAtHome,out challenge,5,55,246,155,0.52
workout-cible,WorkoutWomenFitAtHome,home clean tracker,5,88,246,122,0.55
workout-cible,WorkoutWomenFitAtHome,pilates at home apps,5,,242,22,0.80
workout-cible,WorkoutWomenFitAtHome,chair workout for women,5,45,249,2,2.29
workout-cible,WorkoutWomenFitAtHome,it girl daily routine,5,,228,78,0.59
workout-cible,WorkoutWomenFitAtHome,that girl routine planner,5,,16,16,0.87
workout-cible,WorkoutWomenFitAtHome,streack,5,63,247,12,0.96
workout-cible,WorkoutWomenFitAtHome,mac,5,,241,12,0.96
workout-cible,WorkoutWomenFitAtHome,sunme,5,,243,141,0.53
workout-cible,WorkoutWomenFitAtHome,exercise home,5,66,249,9,1.06
workout-cible,WorkoutWomenFitAtHome,strecthing,5,53,248,12,0.96
workout-cible,WorkoutWomenFitAtHome,workout tracker women,5,59,247,3,1.74
workout-cible,WorkoutWomenFitAtHome,workout gamefy,5,,250,37,0.70
workout-cible,WorkoutWomenFitAtHome,rapid weight loss,5,66,248,10,1.02
workout-cible,WorkoutWomenFitAtHome,quick abs,5,43,221,60,0.63
workout-cible,WorkoutWomenFitAtHome,pilates challenhe,5,,241,51,0.65
workout-cible,WorkoutWomenFitAtHome,streght plan,5,84,249,159,0.52
workout-cible,WorkoutWomenFitAtHome,body form,5,68,250,202,0.50
workout-cible,WorkoutWomenFitAtHome,home a,5,93,244,131,0.54
workout-cible,WorkoutWomenFitAtHome,plates4,5,,23,11,0.98
workout-cible,WorkoutWomenFitAtHome,plates7,5,,11,6,1.24
workout-cible,WorkoutWomenFitAtHome,working out home,5,89,249,4,1.49
workout-cible,WorkoutWomenFitAtHome,work out home,5,54,247,4,1.49
workout-cible,WorkoutWomenFitAtHome,female weight loss,5,28,229,7,1.16
workout-cible,WorkoutWomenFitAtHome,weight loss female,5,,201,2,2.29
workout-cible,WorkoutWomenFitAtHome,weight loss woman,5,44,245,1,5.00
workout-cible,WorkoutWomenFitAtHome,cardio women,5,44,246,1,5.00
workout-cible,WorkoutWomenFitAtHome,running for women,5,40,238,85,0.58
workout-cible,WorkoutWomenFitAtHome,cardio for women,5,69,244,1,5.00
workout-cible,WorkoutWomenFitAtHome,𝐰𝐨𝐫𝐤𝐨𝐮𝐭,5,70,249,2,2.29
workout-cible,WorkoutWomenFitAtHome,𝐟𝐢𝐭𝐧𝐞𝐬𝐬,5,61,245,5,1.34
workout-cible,WorkoutWomenFitAtHome,daily planb,5,31,244,218,0.49
workout-cible,WorkoutWomenFitAtHome,walkout,5,71,121,57,0.63
workout-cible,WorkoutWomenFitAtHome,daily burnout,5,40,248,34,0.71
workout-cible,WorkoutWomenFitAtHome,burnout exercise,5,40,248,26,0.76
workout-cible,WorkoutWomenFitAtHome,everyday training,5,40,248,73,0.60
workout-cible,WorkoutWomenFitAtHome,perdre le poids,5,,245,37,0.70
workout-cible,WorkoutWomenFitAtHome,loseityoga,5,,14,12,0.96
workout-cible,WorkoutWomenFitAtHome,w out,5,98,247,117,0.55
workout-cible,WorkoutWomenFitAtHome,workout for runners,5,47,234,37,0.70
workout-cible,WorkoutWomenFitAtHome,neck execises,5,,85,14,0.91
workout-cible,WorkoutWomenFitAtHome,no fat,5,,220,193,0.50
workout-cible,WorkoutWomenFitAtHome,female fitness app,5,54,245,1,5.00
workout-cible,WorkoutWomenFitAtHome,hands workout,5,44,246,6,1.24
workout-cible,WorkoutWomenFitAtHome,femail fitness apps,5,43,247,17,0.86
workout-cible,WorkoutWomenFitAtHome,female fitness apps,5,47,247,1,5.00
workout-cible,WorkoutWomenFitAtHome,lazy workout for women,5,,243,20,0.82
workout-cible,WorkoutWomenFitAtHome,6- pack in 30 days,5,50,115,93,0.57
workout-cible,WorkoutWomenFitAtHome,foxxy fitness,5,68,244,85,0.58
workout-cible,WorkoutWomenFitAtHome,yoga go: wall pilates,5,46,249,133,0.54
workout-cible,WorkoutWomenFitAtHome,trainner,5,77,247,122,0.55
workout-cible,WorkoutWomenFitAtHome,hoework,5,64,243,89,0.58
workout-cible,WorkoutWomenFitAtHome,worckout,5,71,247,5,1.34
workout-cible,WorkoutWomenFitAtHome,workour planner,5,70,248,23,0.79
workout-cible,WorkoutWomenFitAtHome,workout monitor,5,48,247,223,0.49
workout-cible,WorkoutWomenFitAtHome,workout gains tracker,5,,241,5,1.34
workout-cible,WorkoutWomenFitAtHome,body fitness planner,5,,249,136,0.53
workout-cible,WorkoutWomenFitAtHome,fitness coach workout plan free usa,5,50,248,129,0.54
workout-cible,WorkoutWomenFitAtHome,custom weight loss,5,27,222,25,0.77
workout-cible,WorkoutWomenFitAtHome,leg exercise,5,59,244,12,0.96
workout-cible,WorkoutWomenFitAtHome,workout app free for women,5,57,248,5,1.34
workout-cible,WorkoutWomenFitAtHome,lose weight calculator,5,44,242,238,0.48
workout-cible,WorkoutWomenFitAtHome,step counter for women,5,,183,14,0.91
workout-cible,WorkoutWomenFitAtHome,calisthenics workout fitness,5,42,248,166,0.52
workout-cible,WorkoutWomenFitAtHome,weight loss & workout,5,,233,9,1.06
workout-cible,WorkoutWomenFitAtHome,pedometer calories,5,,226,211,0.49
workout-cible,WorkoutWomenFitAtHome,loose change,5,,8,5,1.34
workout-cible,WorkoutWomenFitAtHome,as gym,5,,235,29,0.74
workout-cible,WorkoutWomenFitAtHome,chore workout,5,55,248,4,1.49
workout-cible,WorkoutWomenFitAtHome,fitness and diet plan,5,,220,74,0.60
workout-cible,WorkoutWomenFitAtHome,weight loss yogayoga apps for weight los,5,,220,46,0.67
workout-cible,WorkoutWomenFitAtHome,home excercise,5,56,248,2,2.29
workout-cible,WorkoutWomenFitAtHome,kegal exercise,5,,226,31,0.73
workout-cible,WorkoutWomenFitAtHome,train abs,5,,237,35,0.71
workout-cible,WorkoutWomenFitAtHome,gym wokrout,5,,247,30,0.74
workout-cible,WorkoutWomenFitAtHome,pilates & workouts,5,,222,108,0.56
workout-cible,WorkoutWomenFitAtHome,weight lost,5,82,249,16,0.87
workout-cible,WorkoutWomenFitAtHome,women diet,5,50,223,4,1.49
workout-cible,WorkoutWomenFitAtHome,intermediate fasting for women,5,,232,78,0.59
workout-cible,WorkoutWomenFitAtHome,daily program,5,43,248,90,0.58
workout-cible,WorkoutWomenFitAtHome,work from home health,5,87,248,46,0.67
workout-cible,WorkoutWomenFitAtHome,homekit health,5,78,246,101,0.56
workout-cible,WorkoutWomenFitAtHome,home workout routines,5,61,245,54,0.64
workout-cible,WorkoutWomenFitAtHome,dailyfit workout,5,47,245,48,0.66
workout-cible,WorkoutWomenFitAtHome,16:8 fasting,5,53,249,56,0.64
workout-cible,WorkoutWomenFitAtHome,lose weight app for woman,5,,247,11,0.98
workout-cible,WorkoutWomenFitAtHome,sweat: fitness para mulheres,5,70,248,3,1.74
workout-cible,WorkoutWomenFitAtHome,home workout coach,5,44,239,72,0.60
workout-cible,WorkoutWomenFitAtHome,how to squat right,5,,246,223,0.49
workout-cible,WorkoutWomenFitAtHome,how to squat,5,,246,186,0.51
workout-cible,WorkoutWomenFitAtHome,running training log,5,49,247,70,0.61
workout-cible,WorkoutWomenFitAtHome,home fitness trainer,5,44,246,64,0.62
workout-cible,WorkoutWomenFitAtHome,at home trainer,5,48,243,1,5.00
workout-cible,WorkoutWomenFitAtHome,butt training,5,40,222,166,0.52
workout-cible,WorkoutWomenFitAtHome,free%20workout%20apps,5,54,248,176,0.51
workout-cible,WorkoutWomenFitAtHome,daily%20devotional%20for%20women,5,56,210,11,0.98
workout-cible,WorkoutWomenFitAtHome,ejercicios%20en%20casa%20gratis,5,44,248,15,0.89
workout-cible,WorkoutWomenFitAtHome,free%20yoga%20app,5,74,249,207,0.50
workout-cible,WorkoutWomenFitAtHome,24%207%20workout%20anytime,5,42,249,12,0.96
workout-cible,WorkoutWomenFitAtHome,app%20para%20hacer%20ejercicio%20gratis,5,94,229,6,1.24
workout-cible,WorkoutWomenFitAtHome,%E4%BD%93%E8%82%B2,5,40,247,150,0.52
workout-cible,WorkoutWomenFitAtHome,workout%20planner%20free,5,75,250,73,0.60
workout-cible,WorkoutWomenFitAtHome,pregnancy%20workouts,5,68,231,162,0.52
workout-cible,WorkoutWomenFitAtHome,easy%20at%20home,5,70,212,133,0.54
workout-cible,WorkoutWomenFitAtHome,workout%20app%20free,5,51,249,65,0.62
workout-cible,WorkoutWomenFitAtHome,28%20day%20chair%20yoga%20free,5,73,63,5,1.34
workout-cible,WorkoutWomenFitAtHome,beach%20body,5,70,219,66,0.62
workout-cible,WorkoutWomenFitAtHome,female%20fitness,5,54,247,77,0.60
workout-cible,WorkoutWomenFitAtHome,chair%20yoga%20free,5,43,248,52,0.65
workout-cible,WorkoutWomenFitAtHome,daily%20routine%20%20planner,5,84,244,186,0.51
workout-cible,WorkoutWomenFitAtHome,free%20workout%20apps%20for%20women,5,48,244,6,1.24
workout-cible,WorkoutWomenFitAtHome,workout%20apple%20watch,5,81,248,33,0.72
workout-cible,WorkoutWomenFitAtHome,navy%20prt,5,60,223,26,0.76
workout-cible,WorkoutWomenFitAtHome,ejercicios%20para%20abdomen,5,40,149,2,2.29
workout-cible,WorkoutWomenFitAtHome,nike%20fitness,5,68,248,150,0.52
workout-cible,WorkoutWomenFitAtHome,apple%20fitness%20for%20ipad,5,88,245,49,0.66
workout-cible,WorkoutWomenFitAtHome,body%20builder,5,70,220,79,0.59
workout-cible,WorkoutWomenFitAtHome,health%20and%20fitness,5,54,246,95,0.57
workout-cible,WorkoutWomenFitAtHome,workout%20at%20home,5,48,246,9,1.06
workout-cible,WorkoutWomenFitAtHome,full%20body%20workout,5,50,249,28,0.75
workout-cible,WorkoutWomenFitAtHome,dumbbell%20workout,5,63,242,109,0.56
workout-cible,WorkoutWomenFitAtHome,at%20home%20workout,5,46,244,8,1.10
workout-cible,WorkoutWomenFitAtHome,bose%20earbuds,5,76,241,192,0.50
workout-cible,WorkoutWomenFitAtHome,womens%20daily%20devotional,5,35,228,4,1.49
workout-cible,WorkoutWomenFitAtHome,women%20workout,5,38,246,23,0.79
workout-cible,WorkoutWomenFitAtHome,lose%20weight%20app%20for%20women,5,43,243,4,1.49
workout-cible,WorkoutWomenFitAtHome,lazy%20fit,5,66,223,13,0.93
workout-cible,WorkoutWomenFitAtHome,strong%20lifts%205x5,5,27,233,16,0.87
workout-cible,WorkoutWomenFitAtHome,free%20weight%20loss%20apps%20for%20women,5,44,247,7,1.16
workout-cible,WorkoutWomenFitAtHome,lose%20weight%20in%2030%20days,5,79,243,86,0.58
workout-cible,WorkoutWomenFitAtHome,weight%20loss%20workouts,5,58,239,143,0.53
workout-cible,WorkoutWomenFitAtHome,lose%20belly%20fat,5,65,243,80,0.59
workout-cible,WorkoutWomenFitAtHome,workout%20app%20for%20women,5,47,243,1,5.00
workout-cible,WorkoutWomenFitAtHome,meet%20older%20women,5,43,216,5,1.34
workout-cible,WorkoutWomenFitAtHome,apple%20watch%20fitness,5,50,247,184,0.51
workout-cible,WorkoutWomenFitAtHome,free%20fitness%20app,5,52,248,129,0.54
workout-cible,WorkoutWomenFitAtHome,gym%20workout%20planner,5,54,249,166,0.52
workout-cible,WorkoutWomenFitAtHome,at%20home%20workouts,5,87,245,7,1.16
workout-cible,WorkoutWomenFitAtHome,leg%20workouts,5,46,246,45,0.67
workout-cible,WorkoutWomenFitAtHome,weight%20training%20workouts,5,46,246,196,0.50
workout-cible,WorkoutWomenFitAtHome,body%20measurements,5,30,222,48,0.66
workout-cible,WorkoutWomenFitAtHome,free%20workout%20plan,5,49,249,54,0.64
workout-cible,WorkoutWomenFitAtHome,free%20workout%20app,5,51,248,107,0.56
workout-cible,WorkoutWomenFitAtHome,loose%20it%20app,5,70,53,28,0.75
workout-cible,WorkoutWomenFitAtHome,how%20to%20lose%20belly%20fat,5,62,213,31,0.73
workout-cible,WorkoutWomenFitAtHome,body%20swap,5,53,218,58,0.63
workout-cible,WorkoutWomenFitAtHome,free%20fitness%20apps,5,52,247,147,0.53
workout-cible,WorkoutWomenFitAtHome,xeela%20fitness,5,49,250,190,0.50
workout-cible,WorkoutWomenFitAtHome,30%20day%20workout%20challenge,5,44,246,14,0.91
workout-cible,WorkoutWomenFitAtHome,free%20exercise%20app,5,52,248,85,0.58
workout-cible,WorkoutWomenFitAtHome,workout%20witch,5,80,216,1,5.00
workout-cible,WorkoutWomenFitAtHome,at%20home%20pilates,5,32,246,23,0.79
workout-cible,WorkoutWomenFitAtHome,bubble%20butt,5,25,211,137,0.53
workout-cible,WorkoutWomenFitAtHome,weight%20loss%20apps,5,60,234,222,0.49
workout-cible,WorkoutWomenFitAtHome,weight%20loss%20for%20women,5,50,245,7,1.16
workout-cible,WorkoutWomenFitAtHome,fat%20to%20fit,5,27,226,19,0.83
workout-cible,WorkoutWomenFitAtHome,pilates%20at%20home,5,47,193,107,0.56
workout-cible,WorkoutWomenFitAtHome,lazy%20workout,5,52,249,10,1.02
workout-cible,WorkoutWomenFitAtHome,health%20app%20for%20apple%20watch,5,98,246,157,0.52
workout-cible,WorkoutWomenFitAtHome,gym%20workout%20for%20women,5,57,247,6,1.24
workout-cible,WorkoutWomenFitAtHome,home workout gym,5,47,243,145,0.53
workout-cible,WorkoutWomenFitAtHome,home workout routine,5,50,243,42,0.68
workout-cible,WorkoutWomenFitAtHome,home workout plan for women,5,47,242,2,2.29
workout-cible,WorkoutWomenFitAtHome,home workout for full body,5,40,248,44,0.67
workout-cible,WorkoutWomenFitAtHome,home workout challenge 30 days,5,43,240,127,0.54
workout-cible,WorkoutWomenFitAtHome,full body home training,5,60,248,24,0.78
workout-cible,WorkoutWomenFitAtHome,indoor fitness,5,82,248,117,0.55
workout-cible,WorkoutWomenFitAtHome,indoor  workout,5,57,248,12,0.96
workout-cible,WorkoutWomenFitAtHome,easy exercise at home,5,40,247,22,0.80
workout-cible,WorkoutWomenFitAtHome,no equipments workout,5,40,240,56,0.64
workout-cible,WorkoutWomenFitAtHome,arm home workout,5,40,234,59,0.63
workout-cible,WorkoutWomenFitAtHome,home gym app,5,62,248,2,2.29
workout-cible,WorkoutWomenFitAtHome,basic workout,5,58,248,140,0.53
workout-cible,WorkoutWomenFitAtHome,full home workout,5,40,241,30,0.74
workout-cible,WorkoutWomenFitAtHome,abs arns workout,5,66,228,53,0.64
workout-cible,WorkoutWomenFitAtHome,abs arm workout,5,63,228,164,0.52
workout-cible,WorkoutWomenFitAtHome,10 min workout,5,45,247,19,0.83
workout-cible,WorkoutWomenFitAtHome,14 day workout,5,49,246,36,0.70
workout-cible,WorkoutWomenFitAtHome,30 day workout women,5,55,245,5,1.34
workout-cible,WorkoutWomenFitAtHome,easystar,5,,222,71,0.61
workout-cible,WorkoutWomenFitAtHome,leg and hip,5,,103,16,0.87
workout-cible,WorkoutWomenFitAtHome,strength & muscle,5,,240,51,0.65
workout-cible,WorkoutWomenFitAtHome,weighin,5,,201,170,0.51
workout-cible,WorkoutWomenFitAtHome,30-day workout,5,47,236,145,0.53
workout-cible,WorkoutWomenFitAtHome,diet%20plan%20weight%20loss,5,69,233,206,0.50
workout-cible,WorkoutWomenFitAtHome,indoor%20walking,5,40,248,169,0.51
workout-cible,WorkoutWomenFitAtHome,at%20home%20workouts%20for%20women,5,44,243,1,5.00
workout-cible,WorkoutWomenFitAtHome,buttocks%20workout,5,,241,64,0.62
workout-cible,WorkoutWomenFitAtHome,weight%20gain%20app,5,,220,34,0.71
workout-cible,WorkoutWomenFitAtHome,loss%20weight%20workout,5,,238,61,0.63
workout-cible,WorkoutWomenFitAtHome,postpartum%20workout,5,,237,40,0.69
workout-cible,WorkoutWomenFitAtHome,flat%20tummy%20app%20for%20women,5,,58,2,2.29
workout-cible,WorkoutWomenFitAtHome,free%20games%20for%20girls,5,69,244,213,0.49
workout-cible,WorkoutWomenFitAtHome,lose%20it%20app%20free,5,78,248,65,0.62
workout-cible,WorkoutWomenFitAtHome,wall%20pilates,5,,242,94,0.57
workout-cible,WorkoutWomenFitAtHome,ejercicios%20en%20casa,5,40,247,22,0.80
workout-cible,WorkoutWomenFitAtHome,body%20groove,5,,248,6,1.24
workout-cible,WorkoutWomenFitAtHome,at%20home%20workouts%20free,5,46,248,12,0.96
workout-cible,WorkoutWomenFitAtHome,free%20exercise%20app%20for%20women,5,48,244,1,5.00
workout-cible,WorkoutWomenFitAtHome,work%20out%20at%20home,5,98,247,16,0.87
workout-cible,WorkoutWomenFitAtHome,body%20weight%20workout,5,,227,5,1.34
workout-cible,WorkoutWomenFitAtHome,home%20workout%20no%20equipments,5,,249,24,0.78
workout-cible,WorkoutWomenFitAtHome,workout%20apps%20for%20free,5,52,248,37,0.70
workout-cible,WorkoutWomenFitAtHome,workout%20tracker%20free,5,,248,153,0.52
workout-cible,WorkoutWomenFitAtHome,me%20plus%20daily%20routine%20planner,5,42,249,179,0.51
workout-cible,WorkoutWomenFitAtHome,exercise%20apps%20for%20women%20free,5,48,244,1,5.00
workout-cible,WorkoutWomenFitAtHome,upright%20go,5,,236,68,0.61
workout-cible,WorkoutWomenFitAtHome,workout%20for%20women,5,,243,34,0.71
workout-cible,WorkoutWomenFitAtHome,home%20workout%3A%20no%20equipment,5,67,249,22,0.80
workout-cible,WorkoutWomenFitAtHome,excercise%20app%20free,5,52,248,24,0.78
workout-cible,WorkoutWomenFitAtHome,lose%20it,5,,230,1,5.00
workout-cible,WorkoutWomenFitAtHome,hotworx%20burn%20off,5,,250,18,0.84
workout-cible,WorkoutWomenFitAtHome,workout%20women,5,40,244,23,0.79
workout-cible,WorkoutWomenFitAtHome,at%20%20home%20workouts,5,87,247,12,0.96
workout-cible,WorkoutWomenFitAtHome,belly%20fat%20workout,5,40,234,56,0.64
workout-cible,WorkoutWomenFitAtHome,30%20day%20fitness%20challenges,5,42,245,10,1.02
workout-cible,WorkoutWomenFitAtHome,yogq,5,,247,20,0.82
workout-cible,WorkoutWomenFitAtHome,bootyq,5,,249,183,0.51
workout-cible,WorkoutWomenFitAtHome,women arm workout,5,40,234,16,0.87
workout-cible,WorkoutWomenFitAtHome,takalogy,5,,233,7,1.16
workout-cible,WorkoutWomenFitAtHome,boxing routine,5,40,246,169,0.51
workout-cible,WorkoutWomenFitAtHome,hip workouts,5,40,238,46,0.67
workout-cible,WorkoutWomenFitAtHome,leg workouts at home,5,44,243,25,0.77
workout-cible,WorkoutWomenFitAtHome,lose wright,5,,249,12,0.96
workout-cible,WorkoutWomenFitAtHome,wightloss,5,,226,19,0.83
workout-cible,WorkoutWomenFitAtHome,nodiet,5,74,249,61,0.63
workout-cible,WorkoutWomenFitAtHome,nodiet weight,5,44,250,209,0.50
workout-cible,WorkoutWomenFitAtHome,planner chair,5,,250,78,0.59
workout-cible,WorkoutWomenFitAtHome,harna workout,5,40,249,16,0.87
workout-cible,WorkoutWomenFitAtHome,exposed for the girls,5,,198,100,0.57
workout-cible,WorkoutWomenFitAtHome,women self care,5,,222,21,0.81
workout-cible,WorkoutWomenFitAtHome,pilates no equipment,5,25,244,34,0.71
workout-cible,WorkoutWomenFitAtHome,full body workouts,5,57,247,2,2.29
workout-cible,WorkoutWomenFitAtHome,home to-do,5,,196,81,0.59
workout-cible,WorkoutWomenFitAtHome,female gym,5,,250,2,2.29
workout-cible,WorkoutWomenFitAtHome,exercisee,5,56,249,1,5.00
workout-cible,WorkoutWomenFitAtHome,pilates workouts at home,5,,250,9,1.06
workout-cible,WorkoutWomenFitAtHome,weight gain for women,5,33,223,2,2.29
workout-cible,WorkoutWomenFitAtHome,kegel tracker,5,53,249,90,0.58
workout-cible,WorkoutWomenFitAtHome,offline workout,5,58,248,4,1.49
workout-cible,WorkoutWomenFitAtHome,woman gym,5,,249,3,1.74
workout-cible,WorkoutWomenFitAtHome,women fitness plan,5,47,241,5,1.34
workout-cible,WorkoutWomenFitAtHome,svorio metimas,5,39,250,249,0.48
workout-cible,WorkoutWomenFitAtHome,lose belly fat fast,5,,232,121,0.55
workout-cible,WorkoutWomenFitAtHome,weight loss for me,5,,231,159,0.52
workout-cible,WorkoutWomenFitAtHome,home trining,5,40,240,64,0.62
workout-cible,WorkoutWomenFitAtHome,cardio zones,5,44,248,44,0.67
workout-cible,WorkoutWomenFitAtHome,justfits,5,,215,15,0.89
workout-cible,WorkoutWomenFitAtHome,gym bro,5,,234,13,0.93
workout-cible,WorkoutWomenFitAtHome,stratch,5,69,248,12,0.96
workout-cible,WorkoutWomenFitAtHome,pilates daily workouts,5,,197,51,0.65
workout-cible,WorkoutWomenFitAtHome,daily pilates wokrout,5,,240,28,0.75
workout-cible,WorkoutWomenFitAtHome,indoor cycling cadence,5,74,244,39,0.69
workout-cible,WorkoutWomenFitAtHome,running slimkit - lose weight,5,,211,71,0.61
workout-cible,WorkoutWomenFitAtHome,loss wight,5,,249,13,0.93
workout-cible,WorkoutWomenFitAtHome,6739737162,5,,222,11,0.98
workout-cible,WorkoutWomenFitAtHome,ôn tập,5,47,239,236,0.49
workout-cible,WorkoutWomenFitAtHome,exercises for womens,5,44,244,1,5.00
workout-cible,WorkoutWomenFitAtHome,workout: health,5,54,246,77,0.60
workout-cible,WorkoutWomenFitAtHome,workout: for women,5,49,236,4,1.49
workout-cible,WorkoutWomenFitAtHome,workout: health for women,5,44,244,7,1.16
workout-cible,WorkoutWomenFitAtHome,tunny,5,,237,15,0.89
workout-cible,WorkoutWomenFitAtHome,yzyfit,5,42,247,134,0.54
workout-cible,WorkoutWomenFitAtHome,glowa,5,,236,10,1.02
workout-cible,WorkoutWomenFitAtHome,lose weight women,5,69,247,11,0.98
workout-cible,WorkoutWomenFitAtHome,reduce weight,5,,224,9,1.06
workout-cible,WorkoutWomenFitAtHome,female diet,5,,235,38,0.70
workout-cible,WorkoutWomenFitAtHome,weight loss no diet,5,,221,72,0.60
workout-cible,WorkoutWomenFitAtHome,hormonal weight loss,5,,227,204,0.50
workout-cible,WorkoutWomenFitAtHome,burn fat fast,5,44,242,10,1.02
workout-cible,WorkoutWomenFitAtHome,fat loss plan,5,,216,63,0.62
workout-cible,WorkoutWomenFitAtHome,fitness after menopause,5,40,243,160,0.52
workout-cible,WorkoutWomenFitAtHome,30day workout,5,54,248,6,1.24
workout-cible,WorkoutWomenFitAtHome,melt fat,5,,220,20,0.82
workout-cible,WorkoutWomenFitAtHome,fitnesse challange,5,40,243,48,0.66
workout-cible,WorkoutWomenFitAtHome,fitnesse challenge,5,40,242,210,0.50
workout-cible,WorkoutWomenFitAtHome,fitnesspal',5,82,247,42,0.68
workout-cible,WorkoutWomenFitAtHome,start workout,5,58,248,232,0.49
workout-cible,WorkoutWomenFitAtHome,stresh,5,,248,12,0.96
workout-cible,WorkoutWomenFitAtHome,home workout weight loss,5,,235,23,0.79
workout-cible,WorkoutWomenFitAtHome,pilates app for women,5,,248,9,1.06
workout-cible,WorkoutWomenFitAtHome,dream bosy,5,,156,3,1.74
workout-cible,WorkoutWomenFitAtHome,activity ring,5,82,245,6,1.24
workout-cible,WorkoutWomenFitAtHome,calorie transformator,5,,235,58,0.63
workout-cible,WorkoutWomenFitAtHome,low impact workout app for women,5,,226,15,0.89
workout-cible,WorkoutWomenFitAtHome,strong women  feminine coach  self defen,5,,223,14,0.91
workout-cible,WorkoutWomenFitAtHome,coach women,5,,249,62,0.62
workout-cible,WorkoutWomenFitAtHome,yoga challenges,5,45,248,19,0.83
workout-cible,WorkoutWomenFitAtHome,fitness offline,5,73,247,213,0.49
workout-cible,WorkoutWomenFitAtHome,shready,5,,33,24,0.78
workout-cible,WorkoutWomenFitAtHome,fat to muscle,5,,198,39,0.69
workout-cible,WorkoutWomenFitAtHome,flexilbilty,5,66,247,12,0.96
workout-cible,WorkoutWomenFitAtHome,glute workouta,5,44,248,5,1.34
workout-cible,WorkoutWomenFitAtHome,measure plu,5,,224,133,0.54
workout-cible,WorkoutWomenFitAtHome,kegel health coach,5,,244,181,0.51
workout-cible,WorkoutWomenFitAtHome,armworkout,5,49,242,5,1.34
workout-cible,WorkoutWomenFitAtHome,free female fitness app,5,,246,1,5.00
workout-cible,WorkoutWomenFitAtHome,free female fitness,5,43,247,2,2.29
workout-cible,WorkoutWomenFitAtHome,chair exesicse,5,,247,32,0.73
workout-cible,WorkoutWomenFitAtHome,fitness hareketleri,5,67,246,6,1.24
workout-cible,WorkoutWomenFitAtHome,fitness together,5,46,246,26,0.76
workout-cible,WorkoutWomenFitAtHome,women's strength training plan,5,40,245,42,0.68
workout-cible,WorkoutWomenFitAtHome,clubfit,5,,213,206,0.50
workout-cible,WorkoutWomenFitAtHome,woman calisthenics,5,,250,43,0.68
workout-cible,WorkoutWomenFitAtHome,pospartum,5,43,225,129,0.54
workout-cible,WorkoutWomenFitAtHome,fitness help,5,64,248,241,0.48
workout-cible,WorkoutWomenFitAtHome,yoga for home,5,47,245,61,0.63
workout-cible,WorkoutWomenFitAtHome,gym camera,5,54,244,114,0.55
workout-cible,WorkoutWomenFitAtHome,fat lose,5,62,243,28,0.75
workout-cible,WorkoutWomenFitAtHome,checkyourself,5,83,144,132,0.54
workout-cible,WorkoutWomenFitAtHome,los weight,5,65,249,15,0.89
workout-cible,WorkoutWomenFitAtHome,30 day gain,5,,39,21,0.81
workout-cible,WorkoutWomenFitAtHome,30 day workout routine,5,44,243,24,0.78
workout-cible,WorkoutWomenFitAtHome,30 day exercise,5,46,244,120,0.55
workout-cible,WorkoutWomenFitAtHome,bloch shorts,5,,245,38,0.70
workout-cible,WorkoutWomenFitAtHome,work burnout,5,40,246,65,0.62
workout-cible,WorkoutWomenFitAtHome,photo weight loss,5,51,234,92,0.58
workout-cible,WorkoutWomenFitAtHome,body fatter,5,,213,178,0.51
workout-cible,WorkoutWomenFitAtHome,30 day fitness: gym workout,5,,249,136,0.53
workout-cible,WorkoutWomenFitAtHome,exercise app for women,5,52,248,2,2.29
workout-cible,WorkoutWomenFitAtHome,weight loss predictor,5,,221,47,0.66
workout-cible,WorkoutWomenFitAtHome,workout routine',5,40,248,10,1.02
workout-cible,WorkoutWomenFitAtHome,fit walk,5,83,246,13,0.93
workout-cible,WorkoutWomenFitAtHome,chair exesize,5,,232,54,0.64
workout-cible,WorkoutWomenFitAtHome,leap line,5,,55,39,0.69
workout-cible,WorkoutWomenFitAtHome,butt workoit,5,47,237,4,1.49
workout-cible,WorkoutWomenFitAtHome,butt workout women,5,40,226,27,0.76
workout-cible,WorkoutWomenFitAtHome,yeah the gals,5,,250,250,0.48
workout-cible,WorkoutWomenFitAtHome,menopause workouts,5,52,248,8,1.10
workout-cible,WorkoutWomenFitAtHome,female training,5,,226,1,5.00
workout-cible,WorkoutWomenFitAtHome,menstrual exercise,5,,233,11,0.98
workout-cible,WorkoutWomenFitAtHome,workout for period,5,43,248,194,0.50
workout-cible,WorkoutWomenFitAtHome,居家锻炼,5,42,248,26,0.76
workout-cible,WorkoutWomenFitAtHome,treino de 30 dias,5,,246,29,0.74
workout-cible,WorkoutWomenFitAtHome,calisthenics for women,5,60,250,9,1.06
workout-cible,WorkoutWomenFitAtHome,home & gym wrokouts,5,46,246,51,0.65
workout-cible,WorkoutWomenFitAtHome,fat loss app,5,72,249,163,0.52
workout-cible,WorkoutWomenFitAtHome,id1337083258,5,,250,113,0.55
workout-cible,WorkoutWomenFitAtHome,exercise workout,5,66,246,2,2.29
workout-cible,WorkoutWomenFitAtHome,cardio health app,5,67,244,126,0.54
workout-cible,WorkoutWomenFitAtHome,exercise finder,5,51,246,68,0.61
workout-cible,WorkoutWomenFitAtHome,exercise equipment,5,,230,67,0.61
workout-cible,WorkoutWomenFitAtHome,fitness equipment,5,,211,16,0.87
workout-cible,WorkoutWomenFitAtHome,diary workout,5,40,243,57,0.63
workout-cible,WorkoutWomenFitAtHome,ai workout coach at home no equipment,5,42,245,217,0.49
workout-cible,WorkoutWomenFitAtHome,workout\,5,64,247,5,1.34
workout-cible,WorkoutWomenFitAtHome,home workout fitness app women,5,57,243,6,1.24
workout-cible,WorkoutWomenFitAtHome,gain weight  weight gain,5,,222,101,0.56
workout-cible,WorkoutWomenFitAtHome,bodyweight training plans,5,,202,58,0.63
workout-cible,WorkoutWomenFitAtHome,activit,5,95,246,130,0.54
workout-cible,WorkoutWomenFitAtHome,wotrkou,5,87,249,87,0.58
workout-cible,WorkoutWomenFitAtHome,buttock workout,5,43,232,21,0.81
workout-cible,WorkoutWomenFitAtHome,biceps workout,5,48,229,129,0.54
workout-cible,WorkoutWomenFitAtHome,looksmaxxing for women,5,56,218,6,1.24
workout-cible,WorkoutWomenFitAtHome,heart rate formula,5,,217,90,0.58
workout-cible,WorkoutWomenFitAtHome,workout at work,5,54,245,7,1.16
workout-cible,WorkoutWomenFitAtHome,strectch,5,,248,12,0.96
workout-cible,WorkoutWomenFitAtHome,pospartium,5,,214,37,0.70
workout-cible,WorkoutWomenFitAtHome,pilates & yoga,5,,187,77,0.60
workout-cible,WorkoutWomenFitAtHome,strangth taining,5,42,245,217,0.49
workout-cible,WorkoutWomenFitAtHome,femyflow,5,,233,5,1.34
workout-cible,WorkoutWomenFitAtHome,diet and fitness tracker,5,,236,74,0.60
workout-cible,WorkoutWomenFitAtHome,find fit,5,,242,19,0.83
workout-cible,WorkoutWomenFitAtHome,full body stretching,5,,241,109,0.56
workout-cible,WorkoutWomenFitAtHome,daily fitness routine,5,40,246,111,0.55
workout-cible,WorkoutWomenFitAtHome,te for women,5,,160,56,0.64
workout-cible,WorkoutWomenFitAtHome,weight tracking for women,5,79,245,38,0.70
workout-cible,WorkoutWomenFitAtHome,jawl ine,5,54,248,14,0.91
workout-cible,WorkoutWomenFitAtHome,waist trainer,5,69,250,4,1.49
workout-cible,WorkoutWomenFitAtHome,workouts for waist,5,43,207,2,2.29
workout-cible,WorkoutWomenFitAtHome,no equipment workou,5,,245,74,0.60
workout-cible,WorkoutWomenFitAtHome,workouts for girls,5,53,245,1,5.00
workout-cible,WorkoutWomenFitAtHome,cardio weight loss,5,,196,29,0.74
workout-cible,WorkoutWomenFitAtHome,workout for weightloss,5,,238,37,0.70
workout-cible,WorkoutWomenFitAtHome,trakcer stomach,5,,201,155,0.52
workout-cible,WorkoutWomenFitAtHome,cardiovascular health,5,50,247,10,1.02
workout-cible,WorkoutWomenFitAtHome,womens day,5,40,235,59,0.63
workout-cible,WorkoutWomenFitAtHome,food tracker for kids,5,59,248,7,1.16
workout-cible,WorkoutWomenFitAtHome,stomach ache,5,51,239,2,2.29
workout-cible,WorkoutWomenFitAtHome,women symtpom,5,,203,5,1.34
workout-cible,WorkoutWomenFitAtHome,ladieta,5,,100,11,0.98
workout-cible,WorkoutWomenFitAtHome,fitness app  for women,5,57,248,3,1.74
workout-cible,WorkoutWomenFitAtHome,my body tracker,5,82,230,138,0.53
workout-cible,WorkoutWomenFitAtHome,weightlos,5,,249,16,0.87
workout-cible,WorkoutWomenFitAtHome,quickworkouts,5,,250,174,0.51
workout-cible,WorkoutWomenFitAtHome,dailyworkout,5,,221,74,0.60
workout-cible,WorkoutWomenFitAtHome,gym rpg,5,,248,14,0.91
workout-cible,WorkoutWomenFitAtHome,work home,5,,248,23,0.79
workout-cible,WorkoutWomenFitAtHome,anglecurves,5,,236,27,0.76
workout-cible,WorkoutWomenFitAtHome,start exercising at home,5,,216,16,0.87
workout-cible,WorkoutWomenFitAtHome,home workout plann,5,,241,44,0.67
workout-cible,WorkoutWomenFitAtHome,home workouts for men,5,,245,211,0.49
workout-cible,WorkoutWomenFitAtHome,work plan body weight dumbbell homeworko,5,,248,175,0.51
workout-cible,WorkoutWomenFitAtHome,gym workout planner for men,5,,246,234,0.49
workout-cible,WorkoutWomenFitAtHome,tricep workout,5,43,237,132,0.54
workout-cible,WorkoutWomenFitAtHome,home tracke,5,,241,59,0.63
workout-cible,WorkoutWomenFitAtHome,weightgainapp,5,,203,15,0.89
workout-cible,WorkoutWomenFitAtHome,loseit app,5,,229,55,0.64
workout-cible,WorkoutWomenFitAtHome,weight loss made easy,5,,226,74,0.60
workout-cible,WorkoutWomenFitAtHome,home d,5,,240,125,0.54
workout-cible,WorkoutWomenFitAtHome,gym maison,5,54,250,4,1.49
workout-cible,WorkoutWomenFitAtHome,fun weight loss,5,64,226,45,0.67
workout-cible,WorkoutWomenFitAtHome,exercse,5,,250,3,1.74
workout-cible,WorkoutWomenFitAtHome,motivation for womens,5,,228,7,1.16
workout-cible,WorkoutWomenFitAtHome,work workout,5,,250,3,1.74
workout-cible,WorkoutWomenFitAtHome,work exercise,5,,249,86,0.58
workout-cible,WorkoutWomenFitAtHome,women fit ios,5,,245,26,0.76
workout-cible,WorkoutWomenFitAtHome,for women ios,5,,204,10,1.02
workout-cible,WorkoutWomenFitAtHome,workout for app,5,,249,4,1.49
workout-cible,WorkoutWomenFitAtHome,women fit best,5,,222,1,5.00
workout-cible,WorkoutWomenFitAtHome,fitbodgym,5,,248,15,0.89
workout-cible,WorkoutWomenFitAtHome,fitness best,5,,242,86,0.58
workout-cible,WorkoutWomenFitAtHome,subtle exercises,5,,230,20,0.82
workout-cible,WorkoutWomenFitAtHome,star pro tracker,5,,243,212,0.49
workout-cible,WorkoutWomenFitAtHome,4plan home tracker,5,,232,12,0.96
workout-cible,WorkoutWomenFitAtHome,for women tracker,5,,231,21,0.81
workout-cible,WorkoutWomenFitAtHome,slimkit lose scanner,5,,228,25,0.77
workout-cible,WorkoutWomenFitAtHome,weglow home maker,5,,250,86,0.58
workout-cible,WorkoutWomenFitAtHome,evolveyou strength scanner,5,45,250,14,0.91
workout-cible,WorkoutWomenFitAtHome,women fit makers,5,,248,44,0.67
workout-cible,WorkoutWomenFitAtHome,for women io,5,,248,44,0.67
workout-cible,WorkoutWomenFitAtHome,fitness planner tracker,5,,245,185,0.51
workout-cible,WorkoutWomenFitAtHome,women fit bests,5,,225,1,5.00
workout-cible,WorkoutWomenFitAtHome,women fitness editor,5,,211,11,0.98
workout-cible,WorkoutWomenFitAtHome,workout exercices,5,,247,13,0.93
workout-cible,WorkoutWomenFitAtHome,fit full sizes,5,,71,25,0.77
workout-cible,WorkoutWomenFitAtHome,face yoga men,5,40,224,215,0.49
workout-cible,WorkoutWomenFitAtHome,14 day challenge,5,40,239,222,0.49
workout-cible,WorkoutWomenFitAtHome,fat burning app,5,,231,51,0.65
workout-cible,WorkoutWomenFitAtHome,5min workout,5,40,247,190,0.50
workout-cible,WorkoutWomenFitAtHome,20min workout,5,,246,41,0.68
workout-cible,WorkoutWomenFitAtHome,30min workout,5,,249,41,0.68
workout-cible,WorkoutWomenFitAtHome,fullbody workout,5,67,250,2,2.29
workout-cible,WorkoutWomenFitAtHome,beach workout,5,,245,59,0.63
workout-cible,WorkoutWomenFitAtHome,easy abs workout,5,,223,171,0.51
workout-cible,WorkoutWomenFitAtHome,newbie exercise apps,5,43,218,14,0.91
workout-cible,WorkoutWomenFitAtHome,burnout coach,5,,246,217,0.49
workout-cible,WorkoutWomenFitAtHome,chair exercises for women,5,,242,9,1.06
workout-cible,WorkoutWomenFitAtHome,booty program,5,,250,126,0.54
workout-cible,WorkoutWomenFitAtHome,workout manager,5,,248,190,0.50
workout-cible,WorkoutWomenFitAtHome,effective workouts,5,,249,198,0.50
workout-cible,WorkoutWomenFitAtHome,summer bod,5,,76,8,1.10
workout-cible,WorkoutWomenFitAtHome,360 trakcer,5,,235,133,0.54
workout-cible,WorkoutWomenFitAtHome,uoga,5,,203,11,0.98
workout-cible,WorkoutWomenFitAtHome,grouplanner,5,98,245,122,0.55
workout-cible,WorkoutWomenFitAtHome,gomework,5,,242,86,0.58
workout-cible,WorkoutWomenFitAtHome,* workout,5,,246,53,0.64
workout-cible,WorkoutWomenFitAtHome,* home workout,5,50,233,70,0.61
workout-cible,WorkoutWomenFitAtHome,booty band,5,,65,61,0.63
workout-cible,WorkoutWomenFitAtHome,advanced workout,5,,233,3,1.74
workout-cible,WorkoutWomenFitAtHome,apartment workout,5,40,246,26,0.76
workout-cible,WorkoutWomenFitAtHome,full-body,5,,234,22,0.80
workout-cible,WorkoutWomenFitAtHome,fullbody,5,,249,131,0.54
workout-cible,WorkoutWomenFitAtHome,hotel workout,5,,246,60,0.63
workout-cible,WorkoutWomenFitAtHome,home workout exercise,5,,249,65,0.62
workout-cible,WorkoutWomenFitAtHome,30 days abs workout exercises,5,,241,37,0.70
workout-cible,WorkoutWomenFitAtHome,home workout routines exercise,5,,247,48,0.66
workout-cible,WorkoutWomenFitAtHome,no equipment exercise - home workouts,5,,245,81,0.59
workout-cible,WorkoutWomenFitAtHome,fimale,5,,246,1,5.00
workout-cible,WorkoutWomenFitAtHome,strecch,5,,248,12,0.96
workout-cible,WorkoutWomenFitAtHome,homeworkout for women: fitfem,5,,246,10,1.02
workout-cible,WorkoutWomenFitAtHome,home workout for women: fitfem,5,,243,15,0.89
workout-cible,WorkoutWomenFitAtHome,home workout programs,5,,245,24,0.78
workout-cible,WorkoutWomenFitAtHome,plan for,5,,247,135,0.54
workout-cible,WorkoutWomenFitAtHome,plan work,5,,249,230,0.49
workout-cible,WorkoutWomenFitAtHome,vacuum abs,5,,213,47,0.66
workout-cible,WorkoutWomenFitAtHome,daily weigh in,5,,249,89,0.58
workout-cible,WorkoutWomenFitAtHome,calisthenics women,5,66,249,7,1.16
workout-cible,WorkoutWomenFitAtHome,mobile prepare,5,,218,98,0.57
workout-cible,WorkoutWomenFitAtHome,body with,5,66,215,78,0.59
workout-cible,WorkoutWomenFitAtHome,perder peso mujeres,5,,202,35,0.71
workout-cible,WorkoutWomenFitAtHome,7 day diet plan for weight loss,5,,221,51,0.65
workout-cible,WorkoutWomenFitAtHome,home workouts no equipment app,5,,229,16,0.87
workout-cible,WorkoutWomenFitAtHome,belly tracker,5,45,250,195,0.50
workout-cible,WorkoutWomenFitAtHome,clean fit,5,97,247,136,0.53
workout-cible,WorkoutWomenFitAtHome,yoga exercises at home,5,,249,6,1.24
workout-cible,WorkoutWomenFitAtHome,muscle test,5,,248,5,1.34
workout-cible,WorkoutWomenFitAtHome,diet trainer,5,,235,8,1.10
workout-cible,WorkoutWomenFitAtHome,loss weight woman,5,,222,12,0.96
workout-cible,WorkoutWomenFitAtHome,dody weight,5,,235,25,0.77
workout-cible,WorkoutWomenFitAtHome,fit together,5,45,71,55,0.64
workout-cible,WorkoutWomenFitAtHome,zone workout,5,54,247,2,2.29
workout-cible,WorkoutWomenFitAtHome,abdomin,5,,210,5,1.34
workout-cible,WorkoutWomenFitAtHome,jym,5,,160,3,1.74
workout-cible,WorkoutWomenFitAtHome,projectass,5,,223,24,0.78
workout-cible,WorkoutWomenFitAtHome,fobit,5,,247,220,0.49
workout-cible,WorkoutWomenFitAtHome,hobfit,5,,226,15,0.89
workout-cible,WorkoutWomenFitAtHome,workouot,5,,248,3,1.74
workout-cible,WorkoutWomenFitAtHome,fatigue friendly workout,5,,236,4,1.49
workout-cible,WorkoutWomenFitAtHome,women daily workout,5,,243,2,2.29
workout-cible,WorkoutWomenFitAtHome,glow up for woman,5,,216,21,0.81
workout-cible,WorkoutWomenFitAtHome,apple watch ifit,5,,250,74,0.60
workout-cible,WorkoutWomenFitAtHome,lose stomach,5,,245,25,0.77
workout-cible,WorkoutWomenFitAtHome,workout for girl,5,,244,1,5.00
workout-cible,WorkoutWomenFitAtHome,home belly,5,,242,29,0.74
workout-cible,WorkoutWomenFitAtHome,lose-weight,5,,211,120,0.55
workout-cible,WorkoutWomenFitAtHome,jawlineexercise,5,,250,182,0.51
workout-cible,WorkoutWomenFitAtHome,sit down,5,,41,31,0.73
workout-cible,WorkoutWomenFitAtHome,femal,5,,158,1,5.00
workout-cible,WorkoutWomenFitAtHome,woman yoga,5,,248,2,2.29
workout-cible,WorkoutWomenFitAtHome,bad posture,5,43,241,123,0.54
workout-cible,WorkoutWomenFitAtHome,seed cycling,5,,104,29,0.74
workout-cible,WorkoutWomenFitAtHome,homewokr,5,,244,88,0.58
workout-cible,WorkoutWomenFitAtHome,treino academie,5,,247,92,0.58
workout-cible,WorkoutWomenFitAtHome,exercise apps for weight loss,5,,236,151,0.52
workout-cible,WorkoutWomenFitAtHome,pilatos,5,,249,31,0.73
workout-cible,WorkoutWomenFitAtHome,home wrokout,5,,247,2,2.29
workout-cible,WorkoutWomenFitAtHome,flexibity,5,67,246,12,0.96
workout-cible,WorkoutWomenFitAtHome,wool short,5,,235,33,0.72
workout-cible,WorkoutWomenFitAtHome,female workout plan,5,,243,3,1.74
workout-cible,WorkoutWomenFitAtHome,women workout plan,5,,243,9,1.06
workout-cible,WorkoutWomenFitAtHome,fi̇tness ai,5,45,245,53,0.64
workout-cible,WorkoutWomenFitAtHome,postpaddy,5,,239,5,1.34
workout-cible,WorkoutWomenFitAtHome,our dream,5,,214,37,0.70
workout-cible,WorkoutWomenFitAtHome,gain weight in 30 days,5,,214,14,0.91
workout-cible,WorkoutWomenFitAtHome,seguimento de ejercisios,5,44,250,8,1.10
workout-cible,WorkoutWomenFitAtHome,app de gimnasio,5,78,246,45,0.67
workout-cible,WorkoutWomenFitAtHome,app de entrenamiento,5,62,247,2,2.29
workout-cible,WorkoutWomenFitAtHome,workout rutina,5,48,247,18,0.84
workout-cible,WorkoutWomenFitAtHome,rutina de ejercisios,5,60,247,1,5.00
workout-cible,WorkoutWomenFitAtHome,homeworkout for women,5,,250,2,2.29
workout-cible,WorkoutWomenFitAtHome,it-girl,5,,219,189,0.50
workout-cible,WorkoutWomenFitAtHome,academia app,5,51,222,220,0.49
workout-cible,WorkoutWomenFitAtHome,manola ai,5,,219,4,1.49
workout-cible,WorkoutWomenFitAtHome,workout trainning,5,,241,237,0.49
workout-cible,WorkoutWomenFitAtHome,phone training,5,,218,207,0.50
workout-cible,WorkoutWomenFitAtHome,women sweat fitness app,5,,245,13,0.93
workout-cible,WorkoutWomenFitAtHome,sweat fitness women,5,,246,39,0.69
workout-cible,WorkoutWomenFitAtHome,home workout no equipment.,5,59,243,19,0.83
workout-cible,WorkoutWomenFitAtHome,fix your routine and life app women,5,42,245,35,0.71
workout-cible,WorkoutWomenFitAtHome,level up your routine for women app,5,46,245,48,0.66
workout-cible,WorkoutWomenFitAtHome,high value woman routine planner,5,46,248,118,0.55
workout-cible,WorkoutWomenFitAtHome,daily routine app for women,5,42,248,32,0.73
workout-cible,WorkoutWomenFitAtHome,that girl routine app,5,48,247,154,0.52
workout-cible,WorkoutWomenFitAtHome,workout program app,5,,248,188,0.50
workout-cible,WorkoutWomenFitAtHome,abs workout women,5,,243,2,2.29
workout-cible,WorkoutWomenFitAtHome,macros for women,5,,245,128,0.54
workout-cible,WorkoutWomenFitAtHome,calorie ai for women,5,,242,24,0.78
workout-cible,WorkoutWomenFitAtHome,weight loss bodyweight,5,,223,43,0.68
workout-cible,WorkoutWomenFitAtHome,30 fit,5,,249,40,0.69
workout-cible,WorkoutWomenFitAtHome,plan todo,5,,232,174,0.51
workout-cible,WorkoutWomenFitAtHome,women exericse,5,,244,5,1.34
workout-cible,WorkoutWomenFitAtHome,art home,5,,236,32,0.73
workout-cible,WorkoutWomenFitAtHome,phone free challenge,5,,219,176,0.51
workout-cible,WorkoutWomenFitAtHome,mom weight loss,5,40,239,13,0.93
workout-cible,WorkoutWomenFitAtHome,deeptash\,5,,221,11,0.98
workout-cible,WorkoutWomenFitAtHome,pilates for menopause,5,,250,160,0.52
workout-cible,WorkoutWomenFitAtHome,fitness over 40,5,,231,5,1.34
workout-cible,WorkoutWomenFitAtHome,chair yota,5,,243,62,0.62
workout-cible,WorkoutWomenFitAtHome,easy fitness tracker,5,,232,10,1.02
workout-cible,WorkoutWomenFitAtHome,beginner you,5,,250,125,0.54
workout-cible,WorkoutWomenFitAtHome,day watching,5,,243,189,0.50
workout-cible,WorkoutWomenFitAtHome,offline daily planner,5,39,241,215,0.49
workout-cible,WorkoutWomenFitAtHome,30s training,5,41,248,135,0.54
workout-cible,WorkoutWomenFitAtHome,easy gym routine,5,,250,93,0.57
workout-cible,WorkoutWomenFitAtHome,awaken cardio kickboxing,5,,229,7,1.16
workout-cible,WorkoutWomenFitAtHome,beautiful breast workout,5,,212,2,2.29
workout-cible,WorkoutWomenFitAtHome,breathe ladies and fitness,5,,250,58,0.63
workout-cible,WorkoutWomenFitAtHome,brigitte fitness h.i.t.workout,5,,249,12,0.96
workout-cible,WorkoutWomenFitAtHome,cardio zones.,5,45,247,16,0.87
workout-cible,WorkoutWomenFitAtHome,brigitte fitness hitworkout,5,,247,6,1.24
workout-cible,WorkoutWomenFitAtHome,daily i do,5,82,243,191,0.50
workout-cible,WorkoutWomenFitAtHome,diet n fit,5,,238,76,0.60
workout-cible,WorkoutWomenFitAtHome,drop fitness,5,,249,12,0.96
workout-cible,WorkoutWomenFitAtHome,exclusive womens fitness,5,,225,3,1.74
workout-cible,WorkoutWomenFitAtHome,exercise sport,5,55,250,10,1.02
workout-cible,WorkoutWomenFitAtHome,fit vegan queens,5,,227,27,0.76
workout-cible,WorkoutWomenFitAtHome,fitness momness,5,,224,15,0.89
workout-cible,WorkoutWomenFitAtHome,fusion wellness x femina pt,5,,241,33,0.72
workout-cible,WorkoutWomenFitAtHome,group weight loss,5,72,180,39,0.69
workout-cible,WorkoutWomenFitAtHome,gyms n sports business,5,,232,147,0.53
workout-cible,WorkoutWomenFitAtHome,healthy texas women,5,,201,4,1.49
workout-cible,WorkoutWomenFitAtHome,pilates joy,5,,239,22,0.80
workout-cible,WorkoutWomenFitAtHome,strength online,5,,207,65,0.62
workout-cible,WorkoutWomenFitAtHome,strength pals,5,,234,104,0.56
workout-cible,WorkoutWomenFitAtHome,stretch out,5,,250,11,0.98
workout-cible,WorkoutWomenFitAtHome,strong women quotes offline,5,,210,11,0.98
workout-cible,WorkoutWomenFitAtHome,outline line,5,,240,80,0.59
workout-cible,WorkoutWomenFitAtHome,fiteness,5,,248,4,1.49
workout-cible,WorkoutWomenFitAtHome,annual membership,5,,205,2,2.29
workout-cible,WorkoutWomenFitAtHome,prepared exercise,5,,208,15,0.89
workout-cible,WorkoutWomenFitAtHome,gym calc,5,,246,170,0.51
workout-cible,WorkoutWomenFitAtHome,tips powerlifting,5,,228,9,1.06
workout-cible,WorkoutWomenFitAtHome,workout with,5,,244,88,0.58
workout-cible,WorkoutWomenFitAtHome,fat planner,5,,229,171,0.51
workout-cible,WorkoutWomenFitAtHome,cutting workout,5,42,249,2,2.29
workout-cible,WorkoutWomenFitAtHome,punch workout,5,31,241,23,0.79
workout-cible,WorkoutWomenFitAtHome,appel groupe,5,,238,226,0.49
workout-cible,WorkoutWomenFitAtHome,women fitnes,5,,246,1,5.00
workout-cible,WorkoutWomenFitAtHome,new workout,5,,246,79,0.59
workout-cible,WorkoutWomenFitAtHome,traienr,5,,238,11,0.98
workout-cible,WorkoutWomenFitAtHome,legs & glutes boxing,5,,207,28,0.75
workout-cible,WorkoutWomenFitAtHome,legs & glutes,5,,235,77,0.60
workout-cible,WorkoutWomenFitAtHome,legs glutes,5,,229,74,0.60
workout-cible,WorkoutWomenFitAtHome,legs and glutes,5,,230,86,0.58
workout-cible,WorkoutWomenFitAtHome,leg training,5,,199,86,0.58
workout-cible,WorkoutWomenFitAtHome,group form,5,,176,57,0.63
workout-cible,WorkoutWomenFitAtHome,workout womens,5,,245,3,1.74
workout-cible,WorkoutWomenFitAtHome,womens edition,5,,189,10,1.02
workout-cible,WorkoutWomenFitAtHome,boxing workout for women,5,,247,53,0.64
workout-cible,WorkoutWomenFitAtHome,ung exercise,5,,213,4,1.49
workout-cible,WorkoutWomenFitAtHome,for fitness,5,,247,2,2.29
workout-cible,WorkoutWomenFitAtHome,daily workouts   womens health,5,,245,3,1.74
workout-cible,WorkoutWomenFitAtHome,intimate fitness   sensation   hormone,5,,237,3,1.74
workout-cible,WorkoutWomenFitAtHome,glute training,5,,236,102,0.56
workout-cible,WorkoutWomenFitAtHome,woman training,5,40,240,27,0.76
workout-cible,WorkoutWomenFitAtHome,girls workout,5,,247,2,2.29
workout-cible,WorkoutWomenFitAtHome,glute workout women,5,,241,8,1.10
workout-cible,WorkoutWomenFitAtHome,muscle building women,5,,244,150,0.52
workout-cible,WorkoutWomenFitAtHome,women lifting,5,,226,30,0.74
workout-cible,WorkoutWomenFitAtHome,home gyms,5,62,248,3,1.74
workout-cible,WorkoutWomenFitAtHome,homes gym,5,62,248,2,2.29
workout-cible,WorkoutWomenFitAtHome,working weight,5,62,248,4,1.49
workout-cible,WorkoutWomenFitAtHome,workings weight,5,45,197,23,0.79
workout-cible,WorkoutWomenFitAtHome,working weights,5,72,248,74,0.60
workout-cible,WorkoutWomenFitAtHome,target weight works,5,64,222,18,0.84
workout-cible,WorkoutWomenFitAtHome,turnongreen,5,27,9,7,1.16
workout-cible,WorkoutWomenFitAtHome,alternatives description barbell calcula,5,72,228,20,0.82
workout-cible,WorkoutWomenFitAtHome,ejercicios best app,5,,189,2,2.29
workout-cible,WorkoutWomenFitAtHome,ejercicios best online,5,,230,1,5.00
workout-cible,WorkoutWomenFitAtHome,my barbell training best,5,,226,59,0.63
workout-cible,WorkoutWomenFitAtHome,free my home gym,5,,243,26,0.76
workout-cible,WorkoutWomenFitAtHome,easy my home gym,5,,232,4,1.49
workout-cible,WorkoutWomenFitAtHome,my home gym free,5,,242,23,0.79
workout-cible,WorkoutWomenFitAtHome,my home gym online,5,,222,7,1.16
workout-cible,WorkoutWomenFitAtHome,free my entrenamiento gym,5,,249,27,0.76
workout-cible,WorkoutWomenFitAtHome,top my entrenamiento gym,5,,227,22,0.80
workout-cible,WorkoutWomenFitAtHome,easy my entrenamiento gym,5,,222,14,0.91
workout-cible,WorkoutWomenFitAtHome,my entrenamiento gym free,5,,249,10,1.02
workout-cible,WorkoutWomenFitAtHome,my entrenamiento gym online,5,,250,14,0.91
workout-cible,WorkoutWomenFitAtHome,easy top gym apps,5,,237,82,0.59
workout-cible,WorkoutWomenFitAtHome,my top gym apps,5,,236,135,0.54
workout-cible,WorkoutWomenFitAtHome,ejercicios best online app,5,,247,10,1.02
workout-cible,WorkoutWomenFitAtHome,easy ejercicios best online,5,,249,3,1.74
workout-cible,WorkoutWomenFitAtHome,my ejercicios best online,5,,248,4,1.49
workout-cible,WorkoutWomenFitAtHome,easy weight plate best free,5,,94,9,1.06
workout-cible,WorkoutWomenFitAtHome,top my home gym app,5,,232,31,0.73
workout-cible,WorkoutWomenFitAtHome,easy my home gym app,5,,233,12,0.96
workout-cible,WorkoutWomenFitAtHome,easy kg plates best online,5,,216,19,0.83
workout-cible,WorkoutWomenFitAtHome,my entrenamiento gym free app,5,,246,50,0.65
workout-cible,WorkoutWomenFitAtHome,free my entrenamiento gym free,5,,249,14,0.91
workout-cible,WorkoutWomenFitAtHome,top my entrenamiento gym free,5,,248,29,0.74
workout-cible,WorkoutWomenFitAtHome,easy my entrenamiento gym free,5,,220,11,0.98
workout-cible,WorkoutWomenFitAtHome,top my top gym apps,5,,235,88,0.58
workout-cible,WorkoutWomenFitAtHome,easy my top gym apps,5,,237,72,0.60
workout-cible,WorkoutWomenFitAtHome,free gym apps tracker app,5,,248,201,0.50
workout-cible,WorkoutWomenFitAtHome,top my training enter target app,5,,230,45,0.67
workout-cible,WorkoutWomenFitAtHome,home workout for women app,5,,250,2,2.29
workout-cible,WorkoutWomenFitAtHome,home workout for women game,5,,242,7,1.16
workout-cible,WorkoutWomenFitAtHome,weight loss workouts app,5,,236,36,0.70
workout-cible,WorkoutWomenFitAtHome,weight loss workouts game,5,,236,133,0.54
workout-cible,WorkoutWomenFitAtHome,home workout for women app game,5,,245,1,5.00
workout-cible,WorkoutWomenFitAtHome,home workout for women app free,5,,247,2,2.29
workout-cible,WorkoutWomenFitAtHome,home workout for women app best,5,,244,3,1.74
workout-cible,WorkoutWomenFitAtHome,sharing my fitness approach (as requeste,5,61,214,1,5.00
workout-cible,WorkoutWomenFitAtHome,clinically obese to shredded transformat,5,68,217,34,0.71
workout-cible,WorkoutWomenFitAtHome,entrenamiento en casa app,5,,248,67,0.61
workout-cible,WorkoutWomenFitAtHome,entrainement app,5,,250,8,1.10
workout-cible,WorkoutWomenFitAtHome,30 day workout app,5,,242,66,0.62
workout-cible,WorkoutWomenFitAtHome,weight loss workouts app game,5,,229,24,0.78
workout-cible,WorkoutWomenFitAtHome,free weight loss workouts app,5,,248,139,0.53
workout-cible,WorkoutWomenFitAtHome,plates app,5,53,239,40,0.69
workout-cible,WorkoutWomenFitAtHome,reddit working weights,5,,224,16,0.87
workout-cible,WorkoutWomenFitAtHome,free entrenamiento en casa app,5,,249,54,0.64
workout-cible,WorkoutWomenFitAtHome,top entrenamiento en casa app,5,,249,71,0.61
workout-cible,WorkoutWomenFitAtHome,free entrainement app,5,,250,98,0.57
workout-cible,WorkoutWomenFitAtHome,free 30 day workout app,5,,245,114,0.55
workout-cible,WorkoutWomenFitAtHome,top 30 day workout app,5,,243,201,0.50
workout-cible,WorkoutWomenFitAtHome,abs coach,5,,230,160,0.52
workout-cible,WorkoutWomenFitAtHome,weight loss workouts app game app,5,,228,32,0.73
workout-cible,WorkoutWomenFitAtHome,weight loss workouts app game best,5,,237,89,0.58
workout-cible,WorkoutWomenFitAtHome,abs guide,5,,234,130,0.54
workout-cible,WorkoutWomenFitAtHome,abs planner,5,,232,58,0.63
workout-cible,WorkoutWomenFitAtHome,working weights reddit app,5,,218,20,0.82
workout-cible,WorkoutWomenFitAtHome,free working weights reddit,5,,230,16,0.87
workout-cible,WorkoutWomenFitAtHome,top working weights review,5,,229,25,0.77
workout-cible,WorkoutWomenFitAtHome,easy working weights review,5,,226,12,0.96
workout-cible,WorkoutWomenFitAtHome,top gym app online,5,,232,60,0.63
workout-cible,WorkoutWomenFitAtHome,gyms app reddit game,5,,250,31,0.73
workout-cible,WorkoutWomenFitAtHome,free workout apps app free,5,,247,233,0.49
workout-cible,WorkoutWomenFitAtHome,free workout apps app best,5,,247,199,0.50
workout-cible,WorkoutWomenFitAtHome,free workout apps app online,5,,249,174,0.51
workout-cible,WorkoutWomenFitAtHome,cardio counter,5,,214,18,0.84
workout-cible,WorkoutWomenFitAtHome,ejercicios en casa game app tracker,5,,221,25,0.77
workout-cible,WorkoutWomenFitAtHome,ejercicios en casa game app planner,5,,217,12,0.96
workout-cible,WorkoutWomenFitAtHome,entrenamiento en casa app game tracker,5,,218,26,0.76
workout-cible,WorkoutWomenFitAtHome,entrenamiento en casa app game planner,5,,214,20,0.82
workout-cible,WorkoutWomenFitAtHome,top entrainement app free,5,,249,117,0.55
workout-cible,WorkoutWomenFitAtHome,top entrainement app online,5,,212,36,0.70
workout-cible,WorkoutWomenFitAtHome,top entrainement app tracker,5,,243,35,0.71
workout-cible,WorkoutWomenFitAtHome,top entrainement app planner,5,,236,129,0.54
workout-cible,WorkoutWomenFitAtHome,cardio planner,5,,242,2,2.29
workout-cible,WorkoutWomenFitAtHome,apk top 30 day workout app,5,,249,71,0.61
workout-cible,WorkoutWomenFitAtHome,easy workout tracker:,5,,237,6,1.24
workout-cible,WorkoutWomenFitAtHome,homework coach,5,,231,23,0.79
workout-cible,WorkoutWomenFitAtHome,free workout apps online,5,,246,107,0.56
workout-cible,WorkoutWomenFitAtHome,easy home gym,5,,249,17,0.86
workout-cible,WorkoutWomenFitAtHome,my home gym,5,,234,10,1.02
workout-cible,WorkoutWomenFitAtHome,home guide,5,,216,34,0.71
workout-cible,WorkoutWomenFitAtHome,easy smartwatch,5,,239,225,0.49
workout-cible,WorkoutWomenFitAtHome,rutinas de gym gratis app,5,,239,31,0.73
workout-cible,WorkoutWomenFitAtHome,rutinas de gym gratis game,5,,245,40,0.69
workout-cible,WorkoutWomenFitAtHome,free rutinas de gym gratis,5,,249,16,0.87
workout-cible,WorkoutWomenFitAtHome,top rutinas de gym gratis,5,,250,7,1.16
workout-cible,WorkoutWomenFitAtHome,easy rutinas de gym gratis,5,,250,6,1.24
workout-cible,WorkoutWomenFitAtHome,my rutinas de gym gratis,5,,250,5,1.34
workout-cible,WorkoutWomenFitAtHome,rutinas de gym gratis free,5,,239,28,0.75
workout-cible,WorkoutWomenFitAtHome,daily workout free app,5,,247,45,0.67
workout-cible,WorkoutWomenFitAtHome,free daily workout free,5,,247,78,0.59
workout-cible,WorkoutWomenFitAtHome,top daily workout free,5,,244,11,0.98
workout-cible,WorkoutWomenFitAtHome,easy daily workout free,5,,247,35,0.71
workout-cible,WorkoutWomenFitAtHome,kettle bell workout app,5,,247,5,1.34
workout-cible,WorkoutWomenFitAtHome,top 30 day fitness challenge,5,,243,159,0.52
workout-cible,WorkoutWomenFitAtHome,easy 30 day fitness challenge,5,,245,68,0.61
workout-cible,WorkoutWomenFitAtHome,my 30 day fitness challenge,5,,244,120,0.55
workout-cible,WorkoutWomenFitAtHome,free at home workouts free,5,,249,21,0.81
workout-cible,WorkoutWomenFitAtHome,top at home workouts free,5,,248,68,0.61
workout-cible,WorkoutWomenFitAtHome,easy at home workouts free,5,,250,11,0.98
workout-cible,WorkoutWomenFitAtHome,my at home workouts free,5,,250,91,0.58
workout-cible,WorkoutWomenFitAtHome,at home workouts free best,5,,250,74,0.60
workout-cible,WorkoutWomenFitAtHome,outline coach,5,,249,61,0.63
workout-cible,WorkoutWomenFitAtHome,easy daily check in guide,5,,217,27,0.76
workout-cible,WorkoutWomenFitAtHome,daily check in guide tracker,5,,233,126,0.54
workout-cible,WorkoutWomenFitAtHome,apk gym app,5,,234,41,0.68
workout-cible,WorkoutWomenFitAtHome,daily pay tracker free coach,5,,247,228,0.49
workout-cible,WorkoutWomenFitAtHome,reddit target weight works,5,,222,37,0.70
workout-cible,WorkoutWomenFitAtHome,reddit clinically obese to shredded tran,5,,223,33,0.72
workout-cible,WorkoutWomenFitAtHome,daily check in guide free coach,5,,245,86,0.58
workout-cible,WorkoutWomenFitAtHome,daily check in guide online coach,5,,246,88,0.58
workout-cible,WorkoutWomenFitAtHome,free gyms plates reddit,5,,215,17,0.86
workout-cible,WorkoutWomenFitAtHome,tutorial gyms plates best,5,,216,20,0.82
workout-cible,WorkoutWomenFitAtHome,my apk gyms plates,5,,250,172,0.51
workout-cible,WorkoutWomenFitAtHome,daily pay free coach game tracker,5,,234,105,0.56
workout-cible,WorkoutWomenFitAtHome,daily pay free coach online tracker,5,,234,105,0.56
workout-cible,WorkoutWomenFitAtHome,apk free daily pay tracker best,5,52,250,205,0.50
workout-cible,WorkoutWomenFitAtHome,daily pay tracker free app coach,5,,231,159,0.52
workout-cible,WorkoutWomenFitAtHome,daily pay tracker free game coach,5,,230,139,0.53
workout-cible,WorkoutWomenFitAtHome,gym app reddit game,5,,250,81,0.59
workout-cible,WorkoutWomenFitAtHome,target weight works reddit app,5,,212,28,0.75
workout-cible,WorkoutWomenFitAtHome,daily check in guide free online apk,5,,247,12,0.96
workout-cible,WorkoutWomenFitAtHome,apk daily check in guide free online,5,,196,18,0.84
workout-cible,WorkoutWomenFitAtHome,my gyms plates reddit coach,5,,210,28,0.75
workout-cible,WorkoutWomenFitAtHome,easy review gyms plates planner,5,,249,47,0.66
workout-cible,WorkoutWomenFitAtHome,easy reddit bumpers plates free,5,,211,30,0.74
workout-cible,WorkoutWomenFitAtHome,daily pay free online best game apk,5,,159,120,0.55
workout-cible,WorkoutWomenFitAtHome,apk daily pay free online best game,5,,155,119,0.55
workout-cible,WorkoutWomenFitAtHome,daily pay free coach game free apk,5,,224,56,0.64
workout-cible,WorkoutWomenFitAtHome,apk daily pay free coach game free,5,,203,82,0.59
workout-cible,WorkoutWomenFitAtHome,daily pay free coach online game apk,5,,194,24,0.78
workout-cible,WorkoutWomenFitAtHome,apk daily pay free coach online game,5,,184,34,0.71
workout-cible,WorkoutWomenFitAtHome,review free daily pay tracker best apk,5,86,249,193,0.50
workout-cible,WorkoutWomenFitAtHome,apk review free daily pay tracker best,5,58,250,229,0.49
workout-cible,WorkoutWomenFitAtHome,my gym app reddit game,5,,250,128,0.54
workout-cible,WorkoutWomenFitAtHome,barbell mate reddit,5,,222,37,0.70
workout-cible,WorkoutWomenFitAtHome,transform weight loss reviews negative f,5,,214,12,0.96
workout-cible,WorkoutWomenFitAtHome,mod easy apk gyms plates online,5,,202,15,0.89
workout-cible,WorkoutWomenFitAtHome,reddit my review gym app online,5,,250,216,0.49
workout-cible,WorkoutWomenFitAtHome,shortcut my review gym app online,5,,223,55,0.64
workout-cible,WorkoutWomenFitAtHome,target weight works reddit free best gui,5,,224,46,0.67
workout-cible,WorkoutWomenFitAtHome,reddit target weight works free best gui,5,,225,45,0.67
workout-cible,WorkoutWomenFitAtHome,apk target weight works game best mod,5,,216,27,0.76
workout-cible,WorkoutWomenFitAtHome,mod apk target weight works game best,5,,216,21,0.81
workout-cible,WorkoutWomenFitAtHome,reddit transform weight loss reviews neg,5,,220,45,0.67
workout-cible,WorkoutWomenFitAtHome,tutorial transform weight loss reviews n,5,,202,43,0.68
workout-cible,WorkoutWomenFitAtHome,apk transform weight loss reviews negati,5,,219,25,0.77
workout-cible,WorkoutWomenFitAtHome,reddit good barbell,5,,220,16,0.87
workout-cible,WorkoutWomenFitAtHome,reddit barbell prescription,5,,214,22,0.80
workout-cible,WorkoutWomenFitAtHome,reddit calculate ideal weight,5,,214,24,0.78
workout-cible,WorkoutWomenFitAtHome,reviews my review gym app online tutoria,5,,228,47,0.66
workout-cible,WorkoutWomenFitAtHome,reddit target workout clothes,5,,234,3,1.74
workout-cible,WorkoutWomenFitAtHome,reddit free weight program,5,,227,17,0.86
workout-cible,WorkoutWomenFitAtHome,weighting game download,5,,220,14,0.91
workout-cible,WorkoutWomenFitAtHome,free reddit barbell medicine bodybuildin,5,,206,43,0.68
workout-cible,WorkoutWomenFitAtHome,peso fitness photomath,5,,209,1,5.00
workout-cible,WorkoutWomenFitAtHome,home workout no weights,5,40,244,57,0.63
workout-cible,WorkoutWomenFitAtHome,abnehmen perdere,5,,73,6,1.24
workout-cible,WorkoutWomenFitAtHome,nudge have gentle,5,,230,13,0.93
workout-cible,WorkoutWomenFitAtHome,apk review voice recording tracker app g,5,,223,211,0.49
workout-cible,WorkoutWomenFitAtHome,Duolingo for Weight Loss,5,,228,13,0.93
workout-cible,WorkoutWomenFitAtHome,Women’s strength training app,5,,239,8,1.10
workout-cible,WorkoutWomenFitAtHome,at fizyoterapi,5,,230,8,1.10
workout-cible,WorkoutWomenFitAtHome,routine exercise planner,5,,240,68,0.61
workout-cible,WorkoutWomenFitAtHome,online challenge,5,,243,215,0.49
workout-cible,WorkoutWomenFitAtHome,workout fit,5,59,249,120,0.55
workout-cible,WorkoutWomenFitAtHome,passi 3rd barbell,5,,229,17,0.86
workout-cible,WorkoutWomenFitAtHome,fasting for acycle fastingwomen,5,,233,25,0.77
workout-cible,WorkoutWomenFitAtHome,perimenopause fasting,5,,237,59,0.63
workout-cible,WorkoutWomenFitAtHome,aplicaciones workouts,5,,249,1,5.00
workout-cible,WorkoutWomenFitAtHome,coco squat calculator,5,,229,44,0.67
workout-cible,WorkoutWomenFitAtHome,casa challenge,5,47,249,19,0.83
workout-cible,WorkoutWomenFitAtHome,bodybuilding revision,5,,219,28,0.75
workout-cible,WorkoutWomenFitAtHome,barbell dames,5,,224,21,0.81
workout-cible,WorkoutWomenFitAtHome,fit weight,5,,242,157,0.52
workout-cible,WorkoutWomenFitAtHome,tinder für rezepte,5,,207,41,0.68
workout-cible,WorkoutWomenFitAtHome,identifier deadlifts jeux,5,,214,7,1.16
workout-cible,WorkoutWomenFitAtHome,chair yoga for women,5,,228,19,0.83
workout-cible,WorkoutWomenFitAtHome,plate workouts,5,,208,6,1.24
workout-cible,WorkoutWomenFitAtHome,plate workouts maison,5,,211,5,1.34
workout-cible,WorkoutWomenFitAtHome,calmer day,5,,164,144,0.53
workout-cible,WorkoutWomenFitAtHome,heal your own speed,5,,217,45,0.67
workout-cible,WorkoutWomenFitAtHome,no coaches,5,,230,59,0.63
workout-cible,WorkoutWomenFitAtHome,one minute never skip,5,42,207,19,0.83
workout-cible,WorkoutWomenFitAtHome,barbell photos,5,,225,45,0.67
workout-cible,WorkoutWomenFitAtHome,filter fasting training,5,,236,48,0.66
workout-cible,WorkoutWomenFitAtHome,training arms,5,,241,58,0.63
workout-cible,WorkoutWomenFitAtHome,training arms breed,5,,222,39,0.69
workout-cible,WorkoutWomenFitAtHome,abnehm trainings,5,,204,11,0.98
workout-cible,WorkoutWomenFitAtHome,supp trainingsplan workout,5,,227,1,5.00
workout-cible,WorkoutWomenFitAtHome,weight casas,5,,246,25,0.77
workout-cible,WorkoutWomenFitAtHome,reddit extra barbell,5,,223,36,0.70
workout-cible,WorkoutWomenFitAtHome,sonidos deadlift,5,,229,6,1.24
workout-cible,WorkoutWomenFitAtHome,sonidos deadlift zumba,5,,248,92,0.58
workout-cible,WorkoutWomenFitAtHome,weight maxim reviews,5,,200,25,0.77
workout-cible,WorkoutWomenFitAtHome,fitness trend,5,,249,117,0.55
workout-cible,WorkoutWomenFitAtHome,water workout,5,,227,8,1.10
workout-cible,WorkoutWomenFitAtHome,gym weight helper,5,,217,41,0.68
workout-cible,WorkoutWomenFitAtHome,body planner,5,55,249,180,0.51
workout-cible,WorkoutWomenFitAtHome,target weight great,5,,208,15,0.89
workout-cible,WorkoutWomenFitAtHome,fitmaxx,5,,216,6,1.24
workout-cible,WorkoutWomenFitAtHome,weights visually many alternatives,5,,213,27,0.76
workout-cible,WorkoutWomenFitAtHome,quickly stack weights premium,5,,207,13,0.93
workout-cible,WorkoutWomenFitAtHome,quickly stack weights reviews,5,,209,17,0.86
workout-cible,WorkoutWomenFitAtHome,review quickly stack weights,5,,209,17,0.86
workout-cible,WorkoutWomenFitAtHome,reviews quickly stack weights,5,,209,18,0.84
workout-cible,WorkoutWomenFitAtHome,no ads quickly stack weights,5,,226,14,0.91
workout-cible,WorkoutWomenFitAtHome,strecth,5,,248,12,0.96
workout-cible,WorkoutWomenFitAtHome,ez bar weight,5,,218,25,0.77
workout-cible,WorkoutWomenFitAtHome,home workouit,5,,246,21,0.81
workout-cible,WorkoutWomenFitAtHome,good help calculate barbell,5,,226,18,0.84
workout-cible,WorkoutWomenFitAtHome,gym weight trackers,5,,247,145,0.53
workout-cible,WorkoutWomenFitAtHome,gyms weight tracker,5,,240,155,0.52
workout-cible,WorkoutWomenFitAtHome,گفتگو,5,,242,88,0.58
workout-cible,WorkoutWomenFitAtHome,neck excersises,5,,216,11,0.98
workout-cible,WorkoutWomenFitAtHome,fitness measurement,5,,239,1,5.00
workout-cible,WorkoutWomenFitAtHome,fitness app bodyweight,5,,234,6,1.24
workout-cible,WorkoutWomenFitAtHome,buffro fitness,5,,250,7,1.16
workout-cible,WorkoutWomenFitAtHome,house star,5,,216,69,0.61
workout-cible,WorkoutWomenFitAtHome,daily loss limit,5,42,143,12,0.96
workout-cible,WorkoutWomenFitAtHome,exercising at home,5,,248,2,2.29
workout-cible,WorkoutWomenFitAtHome,fitnesschallenge,5,,248,12,0.96
workout-cible,WorkoutWomenFitAtHome,easy challenge,5,,202,85,0.58
workout-cible,WorkoutWomenFitAtHome,female workout planner,5,,246,2,2.29
workout-cible,WorkoutWomenFitAtHome,tai chi at home,5,52,246,66,0.62
workout-cible,WorkoutWomenFitAtHome,strength training for women over 40,5,,238,4,1.49
workout-cible,WorkoutWomenFitAtHome,leaps tracker,5,,223,25,0.77
workout-cible,WorkoutWomenFitAtHome,loss limit,5,,225,41,0.68
workout-cible,WorkoutWomenFitAtHome,perdida peso,5,,244,57,0.63
workout-cible,WorkoutWomenFitAtHome,deporte app,5,96,239,7,1.16
workout-cible,WorkoutWomenFitAtHome,treino app,5,,248,78,0.59
workout-cible,WorkoutWomenFitAtHome,plano dieta,5,,235,100,0.57
workout-cible,WorkoutWomenFitAtHome,saude fitness,5,,248,38,0.70
workout-cible,WorkoutWomenFitAtHome,workout challange,5,,248,12,0.96
workout-cible,WorkoutWomenFitAtHome,body fat loss,5,,213,80,0.59
workout-cible,WorkoutWomenFitAtHome,walk for weightloss,5,,221,52,0.65
workout-cible,WorkoutWomenFitAtHome,ab coach,5,,218,45,0.67
workout-cible,WorkoutWomenFitAtHome,ab tracker,5,,232,50,0.65
workout-cible,WorkoutWomenFitAtHome,parete,5,67,246,27,0.76
workout-cible,WorkoutWomenFitAtHome,abnehmcoach,5,69,236,18,0.84
workout-cible,WorkoutWomenFitAtHome,creatine for women 40+,5,,247,198,0.50
workout-cible,WorkoutWomenFitAtHome,women workouit,5,,243,46,0.67
workout-cible,WorkoutWomenFitAtHome,burn weight,5,40,244,93,0.57
workout-cible,WorkoutWomenFitAtHome,plan women,5,40,246,45,0.67
workout-cible,WorkoutWomenFitAtHome,fitnell,5,,247,5,1.34
workout-cible,WorkoutWomenFitAtHome,home gym planner,5,,249,113,0.55
workout-cible,WorkoutWomenFitAtHome,strength women,5,,242,22,0.80
workout-cible,WorkoutWomenFitAtHome,weight loss ai women,5,,235,43,0.68
workout-cible,WorkoutWomenFitAtHome,workout beginners,5,,248,17,0.86
workout-cible,WorkoutWomenFitAtHome,strength training program for women,5,,240,24,0.78
workout-cible,WorkoutWomenFitAtHome,t30,5,,116,59,0.63
workout-cible,WorkoutWomenFitAtHome,body fat app free,5,,241,121,0.55
workout-cible,WorkoutWomenFitAtHome,lower back exercises,5,,203,66,0.62
workout-cible,WorkoutWomenFitAtHome,arm workout exercises,5,,207,9,1.06
workout-cible,WorkoutWomenFitAtHome,leg workout exercises,5,,228,58,0.63
workout-cible,WorkoutWomenFitAtHome,bodyweight workout exercises,5,,244,206,0.50
workout-cible,WorkoutWomenFitAtHome,strength workout routine,5,,240,10,1.02
workout-cible,WorkoutWomenFitAtHome,tabata workout exercises,5,,236,132,0.54
workout-cible,WorkoutWomenFitAtHome,home workout free app,5,,248,23,0.79
workout-cible,WorkoutWomenFitAtHome,offline star map,5,,232,193,0.50
workout-cible,WorkoutWomenFitAtHome,fitness plan offline,5,,249,28,0.75
workout-cible,WorkoutWomenFitAtHome,cardio routine,5,,245,2,2.29
workout-cible,WorkoutWomenFitAtHome,abs workout planner,5,,242,147,0.53
workout-cible,WorkoutWomenFitAtHome,leg workout app,5,,245,63,0.62
workout-cible,WorkoutWomenFitAtHome,pro no equipment workout,5,,247,57,0.63
workout-cible,WorkoutWomenFitAtHome,easy morning routine,5,,247,127,0.54
workout-cible,WorkoutWomenFitAtHome,workout routines free,5,,248,6,1.24
workout-cible,WorkoutWomenFitAtHome,daily kegel exercises,5,45,243,182,0.51
workout-cible,WorkoutWomenFitAtHome,fitnnes,5,,247,4,1.49
workout-cible,WorkoutWomenFitAtHome,easy people with four app,5,,246,216,0.49
workout-cible,WorkoutWomenFitAtHome,موني لوب,5,42,247,105,0.56
workout-cible,WorkoutWomenFitAtHome,kegel counter,5,,246,235,0.49
workout-cible,WorkoutWomenFitAtHome,final weight loss-keep lose it,5,,237,182,0.51
workout-cible,WorkoutWomenFitAtHome,workout challeng,5,,229,152,0.52
workout-cible,WorkoutWomenFitAtHome,flexibility woman trainer,5,,249,99,0.57
workout-cible,WorkoutWomenFitAtHome,75 hard workout,5,,249,7,1.16
workout-cible,WorkoutWomenFitAtHome,belly burn,5,,213,78,0.59
workout-cible,WorkoutWomenFitAtHome,jawline exercises - mewing,5,,248,42,0.68
workout-cible,WorkoutWomenFitAtHome,low impact cardio,5,,241,5,1.34
workout-cible,WorkoutWomenFitAtHome,xercise,5,,219,83,0.59
workout-cible,WorkoutWomenFitAtHome,woman home sport,5,,247,1,5.00
workout-cible,WorkoutWomenFitAtHome,fitenss,5,,247,6,1.24
workout-cible,WorkoutWomenFitAtHome,lose  weight,5,,250,14,0.91
workout-cible,WorkoutWomenFitAtHome,workout at home: no equipment,5,,247,2,2.29
workout-cible,WorkoutWomenFitAtHome,perder peso jornada,5,,250,31,0.73
workout-cible,WorkoutWomenFitAtHome,burn belly fat & get fit fast,5,,237,93,0.57
workout-cible,WorkoutWomenFitAtHome,exercise for women over 60,5,,249,158,0.52
workout-cible,WorkoutWomenFitAtHome,sport for women,5,,247,1,5.00
workout-cible,WorkoutWomenFitAtHome,برنامه ورزشی,5,,31,4,1.49
workout-cible,WorkoutWomenFitAtHome,تمرین,5,,248,2,2.29
workout-cible,WorkoutWomenFitAtHome,fitness kostenlos,,48,247,1,
workout-cible,WorkoutWomenFitAtHome,ヘルスケア,,85,249,122,
workout-cible,WorkoutWomenFitAtHome,fessiers,,,93,18,
workout-cible,WorkoutWomenFitAtHome,упражнения для похудения,,,250,2,
workout-cible,WorkoutWomenFitAtHome,women's health tracker,,,234,43,
workout-cible,WorkoutWomenFitAtHome,домашние,,28,212,1,
workout-cible,WorkoutWomenFitAtHome,худеть,,,249,10,
workout-cible,WorkoutWomenFitAtHome,الكوتش,,40,84,21,
workout-cible,WorkoutWomenFitAtHome,sodiê,,37,34,20,
workout-cible,WorkoutWomenFitAtHome,spor egzersizleri,,54,248,3,
workout-cible,WorkoutWomenFitAtHome,perda de peso,,42,246,112,
workout-cible,WorkoutWomenFitAtHome,plan d'entraînement,,56,240,29,
workout-cible,WorkoutWomenFitAtHome,운동기록,,61,248,145,
workout-cible,WorkoutWomenFitAtHome,diet weight loss,,,221,203,
workout-cible,WorkoutWomenFitAtHome,"women's health tracker",,50,247,228,
workout-cible,WorkoutWomenFitAtHome,"women health tracker",,50,248,181,
workout-cible,WorkoutWomenFitAtHome,fiton%20workouts%20fitness%20plans,,41,242,36,
workout-cible,WorkoutWomenFitAtHome,30%20day%20ab%20challenge,,,118,53,
workout-cible,WorkoutWomenFitAtHome,loose%20it,,,201,12,
workout-cible,WorkoutWomenFitAtHome,glute%20workouts%20for%20women,,71,245,21,
workout-cible,WorkoutWomenFitAtHome,pilates%20at%20home%20free,,,196,58,
workout-cible,WorkoutWomenFitAtHome,work%20out%20apps,,,249,248,
workout-cible,WorkoutWomenFitAtHome,home%20workout%20no%20equipment,,40,249,17,
workout-cible,WorkoutWomenFitAtHome,crunch%20fitness,,,239,24,
workout-cible,WorkoutWomenFitAtHome,glutes%20workout,,,244,86,
workout-cible,WorkoutWomenFitAtHome,kayla%20itsines,,46,250,95,
workout-cible,WorkoutWomenFitAtHome,how%20to%20lose%20weight,,,60,17,
workout-cible,WorkoutWomenFitAtHome,postp[artum,,40,248,13,
workout-cible,WorkoutWomenFitAtHome,training for women,,,244,1,
workout-cible,WorkoutWomenFitAtHome,women's workout hub,,,247,67,
workout-cible,WorkoutWomenFitAtHome,leap tracker,,67,248,50,
workout-cible,WorkoutWomenFitAtHome,weight loss walk,,,218,213,
workout-cible,WorkoutWomenFitAtHome,fitness],,75,242,5,
workout-cible,WorkoutWomenFitAtHome,workout noequipment,,,248,20,
workout-cible,WorkoutWomenFitAtHome,women's home workout,,,240,4,
workout-cible,WorkoutWomenFitAtHome,workout at home for women,,,248,2,
workout-cible,WorkoutWomenFitAtHome,flexility,,,249,12,
workout-cible,WorkoutWomenFitAtHome,home work outs,,,246,2,
workout-cible,WorkoutWomenFitAtHome,[home workout],,29,233,113,
workout-cible,WorkoutWomenFitAtHome,[home workouts],,,238,9,
workout-cible,WorkoutWomenFitAtHome,kilograms,,56,248,86,
workout-cible,WorkoutWomenFitAtHome,"donna",,,165,151,
workout-cible,WorkoutWomenFitAtHome,yoga for face,,,238,67,
workout-cible,WorkoutWomenFitAtHome,women's sports,,78,241,40,
workout-cible,WorkoutWomenFitAtHome,[gym workout],,40,243,172,
workout-cible,WorkoutWomenFitAtHome,star guide',,,186,163,
workout-cible,WorkoutWomenFitAtHome,pilates abs,,,245,238,
workout-cible,WorkoutWomenFitAtHome,simple: weight loss coach,,,215,174,
workout-cible,WorkoutWomenFitAtHome,senior workoit,,42,248,12,
workout-cible,WorkoutWomenFitAtHome,فتو لب,,,238,34,
workout-cible,WorkoutWomenFitAtHome,فوتو لب,,,225,40,
workout-cible,WorkoutWomenFitAtHome,weight loss workouts app game free,,,236,119,
workout-cible,WorkoutWomenFitAtHome,free bumper plate review,,,211,27,
workout-cible,WorkoutWomenFitAtHome,reddit beginner's guide to working out f,,,220,34,
workout-cible,WorkoutWomenFitAtHome,beginner's guide to working out free rev,,,249,206,
workout-cible,WorkoutWomenFitAtHome,at home workouts free app,,,250,6,
workout-cible,WorkoutWomenFitAtHome,at home workouts free online,,,250,6,
workout-cible,WorkoutWomenFitAtHome,review mod calculator barbell calculator,,,224,68,
workout-cible,WorkoutWomenFitAtHome,daily pay free coach tracker,,,235,107,
workout-cible,WorkoutWomenFitAtHome,muscle measurement,,,221,32,
workout-cible,WorkoutWomenFitAtHome,rehab history,,,223,11,
workout-cible,WorkoutWomenFitAtHome,nudge mod gentle,,,229,14,
workout-cible,WorkoutWomenFitAtHome,aplicaciones workouts tag,,,250,2,
workout-cible,WorkoutWomenFitAtHome,"gym plan",,42,241,28,
workout-cible,WorkoutWomenFitAtHome,ro glp 1,,,236,62,
workout-cible,WorkoutWomenFitAtHome,track strength,,47,250,36,
workout-cible,WorkoutWomenFitAtHome,fiton workouts & fitness,,,245,21,
workout-cible,WorkoutWomenFitAtHome,body fat gratis,,,222,44,
workout-cible,WorkoutWomenFitAtHome,till kit,,,250,249,
workout-cible,WorkoutWomenFitAtHome,'workout,,,245,1,
workout-cible,WorkoutWomenFitAtHome,cardio workout exercises,,,244,98,
workout-cible,WorkoutWomenFitAtHome,workout designer,,,247,124,
workout-cible,WorkoutWomenFitAtHome,workout saver,,,249,130,
workout-cible,WorkoutWomenFitAtHome,star kit,,,240,144,
workout-cible,WorkoutWomenFitAtHome,star planner,,,247,195,
workout-cible,WorkoutWomenFitAtHome,entraînement  musculation  salle de spor,,,250,14,
workout-cible,WorkoutWomenFitAtHome,women's,,,234,139,
workout-cible,WorkoutWomenFitAtHome,workouts for men: gym & home,,,245,42,
workout-cible,WorkoutWomenFitAtHome,jawline exercises and mewing,,,247,45,
workout-cible,WorkoutWomenFitAtHome,ozempic workout,,,250,143,
workout-cible,WorkoutWomenFitAtHome,gain mass,,,247,97,
workout-cible,MoodLinks,myio,34,87,250,80,4.02
workout-cible,MoodLinks,anxiete,24,63,240,77,2.86
workout-cible,MoodLinks,kooth mental health,21,48,248,130,2.26
workout-cible,MoodLinks,depresion,8,65,244,185,0.81
workout-cible,MoodLinks,depression test,5,62,248,197,0.50
workout-cible,MoodLinks,anxiety and depression,5,59,248,82,0.59
workout-cible,MoodLinks,child anxiety,5,40,241,179,0.51
workout-cible,MoodLinks,anxiety at school,5,40,250,181,0.51
workout-cible,MoodLinks,anxiety test,5,54,245,195,0.50
workout-cible,MoodLinks,depression app,5,40,245,73,0.60
workout-cible,MoodLinks,anxiety reliever,5,40,239,67,0.61
workout-cible,MoodLinks,depression games,5,40,246,117,0.55
workout-cible,MoodLinks,depression chat,5,40,231,95,0.57
workout-cible,MoodLinks,mood coach,5,,219,181,0.51
workout-cible,MoodLinks,depression treatment,5,40,239,65,0.62
workout-cible,MoodLinks,depression check,5,43,230,32,0.73
workout-cible,MoodLinks,anti depression,5,49,247,143,0.53
workout-cible,MoodLinks,recovery record,5,67,249,12,0.96
workout-cible,MoodLinks,shine calm anxiety stress,5,25,248,216,0.49
workout-cible,MoodLinks,anxiousness,5,40,244,167,0.52
workout-cible,MoodLinks,mood kit,5,54,245,208,0.50
workout-cible,MoodLinks,dépression,5,40,220,26,0.76
workout-cible,MoodLinks,depression screening test,5,40,240,114,0.55
workout-cible,MoodLinks,retail therapy app,5,,221,215,0.49
workout-cible,MoodLinks,depression anxiety,5,43,242,1,5.00
workout-cible,MoodLinks,antidepression,5,47,234,15,0.89
workout-cible,MoodLinks,anxi,5,58,243,42,0.68
workout-cible,MoodLinks,depression relief,5,44,234,43,0.68
workout-cible,MoodLinks,record mood,5,87,245,2,2.29
workout-cible,MoodLinks,link management,5,57,247,91,0.58
workout-cible,MoodLinks,sanvello anxiety depression,5,53,245,35,0.71
workout-cible,MoodLinks,anxiété,5,62,241,48,0.66
workout-cible,MoodLinks,anxiety support,5,45,248,205,0.50
workout-cible,MoodLinks,manage anxiety,5,63,244,22,0.80
workout-cible,MoodLinks,track anxiety,5,28,249,201,0.50
workout-cible,MoodLinks,shine calm stress,5,42,249,123,0.54
workout-cible,MoodLinks,shine calm stress anxiety,5,43,248,116,0.55
workout-cible,MoodLinks,shine calm anxiety,5,42,248,133,0.54
workout-cible,MoodLinks,daily anxiety tracker,5,47,249,227,0.49
workout-cible,MoodLinks,anxiety notebook,5,40,248,86,0.58
workout-cible,MoodLinks,anxiety mood,5,54,244,13,0.93
workout-cible,MoodLinks,steps recoverybox,5,49,242,233,0.49
workout-cible,MoodLinks,approach session,5,57,250,132,0.54
workout-cible,MoodLinks,anxiety tool,5,48,247,158,0.52
workout-cible,MoodLinks,anxiety button,5,45,250,211,0.49
workout-cible,MoodLinks,anxiety disorder,5,49,240,72,0.60
workout-cible,MoodLinks,end anxiety,5,47,247,193,0.50
workout-cible,MoodLinks,manage cbt,5,40,245,197,0.50
workout-cible,MoodLinks,panic attacks guide,5,40,246,138,0.53
workout-cible,MoodLinks,daily mental health tracker,5,47,246,131,0.54
workout-cible,MoodLinks,depression disorder,5,40,240,50,0.65
workout-cible,MoodLinks,depression guide,5,40,247,35,0.71
workout-cible,MoodLinks,superate ig,5,43,250,193,0.50
workout-cible,MoodLinks,prozac,5,44,144,19,0.83
workout-cible,MoodLinks,go cbt,5,40,247,116,0.55
workout-cible,MoodLinks,"Anxiety",5,40,240,198,0.50
workout-cible,MoodLinks,mymood,5,64,244,90,0.58
workout-cible,MoodLinks,mood depression,5,40,239,4,1.49
workout-cible,MoodLinks,audible audio course,5,42,248,155,0.52
workout-cible,MoodLinks,anxiety self-care,5,40,245,199,0.50
workout-cible,MoodLinks,depression counseling,5,44,245,45,0.67
workout-cible,MoodLinks,dbt app,5,,248,192,0.50
workout-cible,MoodLinks,recovr,5,65,226,141,0.53
workout-cible,MoodLinks,mood links,5,,191,1,5.00
workout-cible,MoodLinks,clinical practice guideline database,5,44,249,127,0.54
workout-cible,MoodLinks,anti-anxiety,5,47,242,142,0.53
workout-cible,MoodLinks,i feel depressed,5,33,69,25,0.77
workout-cible,MoodLinks,top depression apps,5,40,244,4,1.49
workout-cible,MoodLinks,best depression apps,5,40,245,5,1.34
workout-cible,MoodLinks,great depression apps,5,40,245,6,1.24
workout-cible,MoodLinks,depression apps 2022,5,40,243,3,1.74
workout-cible,MoodLinks,popular mental health apps,5,49,245,99,0.57
workout-cible,MoodLinks,mental health apps 2022,5,48,246,68,0.61
workout-cible,MoodLinks,top mental health apps,5,50,246,53,0.64
workout-cible,MoodLinks,best mental health apps,5,46,246,54,0.64
workout-cible,MoodLinks,popular mental health apps 2022,5,46,245,40,0.69
workout-cible,MoodLinks,bipolar disorder tracker,5,40,242,160,0.52
workout-cible,MoodLinks,borderline depression,5,40,244,19,0.83
workout-cible,MoodLinks,borderline depression tracker,5,40,243,35,0.71
workout-cible,MoodLinks,borderline disorder depression,5,40,246,32,0.73
workout-cible,MoodLinks,borderline disorder tracker,5,40,250,120,0.55
workout-cible,MoodLinks,borderline personality depression,5,40,246,45,0.67
workout-cible,MoodLinks,borderline personality disorder tracker,5,40,248,190,0.50
workout-cible,MoodLinks,bpd depression tracker,5,40,243,56,0.64
workout-cible,MoodLinks,bpd depression,5,40,244,23,0.79
workout-cible,MoodLinks,bpd mood,5,40,245,165,0.52
workout-cible,MoodLinks,mental health first aid england cic,5,50,248,102,0.56
workout-cible,MoodLinks,anxiety anxiety,5,40,239,44,0.67
workout-cible,MoodLinks,depression level,5,40,243,19,0.83
workout-cible,MoodLinks,mood record,5,54,243,7,1.16
workout-cible,MoodLinks,binge eating montior,5,53,248,228,0.49
workout-cible,MoodLinks,links manager,5,53,248,201,0.50
workout-cible,MoodLinks,worts booster,5,46,250,110,0.56
workout-cible,MoodLinks,Mood relief,5,45,213,57,0.63
workout-cible,MoodLinks,depression tasks,5,45,247,29,0.74
workout-cible,MoodLinks,depression brain,5,40,245,32,0.73
workout-cible,MoodLinks,depression checklist,5,43,231,12,0.96
workout-cible,MoodLinks,mental health mood tracker,5,31,245,93,0.57
workout-cible,MoodLinks,reduce depression,5,50,247,25,0.77
workout-cible,MoodLinks,mental health track,5,58,246,55,0.64
workout-cible,MoodLinks,track mental health,5,50,248,101,0.56
workout-cible,MoodLinks,emotional mental health support,5,47,243,97,0.57
workout-cible,MoodLinks,depression partner,5,26,246,16,0.87
workout-cible,MoodLinks,partner depression,5,25,246,55,0.64
workout-cible,MoodLinks,Depression management,5,40,228,2,2.29
workout-cible,MoodLinks,depression tool,5,40,246,34,0.71
workout-cible,MoodLinks,Overcoming depression,5,43,229,26,0.76
workout-cible,MoodLinks,Depression Helper,5,43,249,13,0.93
workout-cible,MoodLinks,Depression Aid,5,44,231,21,0.81
workout-cible,MoodLinks,Depression Recovery,5,40,231,1,5.00
workout-cible,MoodLinks,Depression Coping,5,40,245,20,0.82
workout-cible,MoodLinks,Depression Improvement,5,91,218,18,0.84
workout-cible,MoodLinks,feeling depress,5,40,246,57,0.63
workout-cible,MoodLinks,managing stress,5,28,241,186,0.51
workout-cible,MoodLinks,calendar anxiety relief,5,40,247,161,0.52
workout-cible,MoodLinks,Distress,5,57,249,107,0.56
workout-cible,MoodLinks,anxiety therapist,5,46,244,187,0.51
workout-cible,MoodLinks,mental health guide,5,53,246,180,0.51
workout-cible,MoodLinks,mental health tool,5,59,249,113,0.55
workout-cible,MoodLinks,anxiety symptoms,5,43,247,136,0.53
workout-cible,MoodLinks,mental mood,5,40,244,42,0.68
workout-cible,MoodLinks,personalized anxiety,5,40,248,158,0.52
workout-cible,MoodLinks,custom anxiety,5,40,249,161,0.52
workout-cible,MoodLinks,manage anxiety stress,5,40,243,51,0.65
workout-cible,MoodLinks,recording health,5,53,245,104,0.56
workout-cible,MoodLinks,anxiety track,5,54,248,161,0.52
workout-cible,MoodLinks,scribble journey,5,47,249,75,0.60
workout-cible,MoodLinks,mental health Daily Planner,5,59,235,117,0.55
workout-cible,MoodLinks,mood health,5,48,245,244,0.48
workout-cible,MoodLinks,symptom & mood,5,53,249,123,0.54
workout-cible,MoodLinks,counseling clear,5,50,250,222,0.49
workout-cible,MoodLinks,overcome depression,5,43,231,15,0.89
workout-cible,MoodLinks,mindginie,5,40,250,128,0.54
workout-cible,MoodLinks,axiety,5,42,239,184,0.51
workout-cible,MoodLinks,Stress Manage,5,54,242,73,0.60
workout-cible,MoodLinks,anxiety attatcks,5,40,243,167,0.52
workout-cible,MoodLinks,mental health log,5,50,249,81,0.59
workout-cible,MoodLinks,physical/mental health,5,48,248,149,0.53
workout-cible,MoodLinks,betwixt–the mental,5,45,249,74,0.60
workout-cible,MoodLinks,mood management,5,44,247,10,1.02
workout-cible,MoodLinks,troubles anxieux,5,34,250,246,0.48
workout-cible,MoodLinks,gonna be ok mental health care,5,48,247,213,0.49
workout-cible,MoodLinks,fight your fears,5,57,250,86,0.58
workout-cible,MoodLinks,Anxiety Disorders,5,45,242,103,0.56
workout-cible,MoodLinks,fuel my mind,5,40,250,215,0.49
workout-cible,MoodLinks,bipolar for adults,5,40,248,118,0.55
workout-cible,MoodLinks,drawing for mental health,5,45,250,148,0.53
workout-cible,MoodLinks,Gender dysphoria,5,40,250,202,0.50
workout-cible,MoodLinks,counslr,5,62,249,248,0.48
workout-cible,MoodLinks,muslim moodfit,5,50,249,74,0.60
workout-cible,MoodLinks,mental fintess,5,40,247,247,0.48
workout-cible,MoodLinks,mood swings relief,5,40,246,177,0.51
workout-cible,MoodLinks,pms anxiety,5,40,249,48,0.66
workout-cible,MoodLinks,anxiety pms,5,40,250,29,0.74
workout-cible,MoodLinks,stress and anxiety app,5,40,243,66,0.62
workout-cible,MoodLinks,depression symptoms,5,45,243,35,0.71
workout-cible,MoodLinks,depression log,5,46,244,40,0.69
workout-cible,MoodLinks,depression monitoring,5,40,245,28,0.75
workout-cible,MoodLinks,depression self-help,5,50,240,25,0.77
workout-cible,MoodLinks,depression anxiety tracker,5,44,241,9,1.06
workout-cible,MoodLinks,depression wellness tracker,5,45,245,33,0.72
workout-cible,MoodLinks,depression therapy,5,46,239,48,0.66
workout-cible,MoodLinks,monitor depression,5,40,244,27,0.76
workout-cible,MoodLinks,depression mental health,5,48,236,7,1.16
workout-cible,MoodLinks,fight depression,5,40,233,11,0.98
workout-cible,MoodLinks,depression mental health journal,5,45,243,37,0.70
workout-cible,MoodLinks,depression anxiety journal,5,44,244,45,0.67
workout-cible,MoodLinks,depression thoughts tracker,5,45,243,86,0.58
workout-cible,MoodLinks,depression check-in,5,40,241,26,0.76
workout-cible,MoodLinks,depression mental health tracker,5,45,239,14,0.91
workout-cible,MoodLinks,daily depression log,5,40,247,55,0.64
workout-cible,MoodLinks,depression feeling log,5,40,245,33,0.72
workout-cible,MoodLinks,depression self-care,5,81,238,78,0.59
workout-cible,MoodLinks,depression wellness journal,5,57,243,186,0.51
workout-cible,MoodLinks,depression and anxiety relief,5,44,239,60,0.63
workout-cible,MoodLinks,depression symptom tracker,5,46,245,23,0.79
workout-cible,MoodLinks,track depression symptoms,5,40,246,31,0.73
workout-cible,MoodLinks,depression recovery journal,5,40,246,36,0.70
workout-cible,MoodLinks,anxiety and depression log,5,40,245,6,1.24
workout-cible,MoodLinks,depression self-tracker,5,46,244,77,0.60
workout-cible,MoodLinks,depression progress tracker,5,45,245,144,0.53
workout-cible,MoodLinks,depression cure,5,40,231,9,1.06
workout-cible,MoodLinks,depression scale,5,43,246,22,0.80
workout-cible,MoodLinks,depression scan,5,40,247,15,0.89
workout-cible,MoodLinks,depression status,5,44,248,27,0.76
workout-cible,MoodLinks,depression quiz,5,40,231,24,0.78
workout-cible,MoodLinks,depression score,5,40,247,24,0.78
workout-cible,MoodLinks,depression coach,5,40,241,15,0.89
workout-cible,MoodLinks,depression mood,5,40,235,3,1.74
workout-cible,MoodLinks,depression boost,5,40,245,20,0.82
workout-cible,MoodLinks,depression assistant,5,44,245,25,0.77
workout-cible,MoodLinks,depression plan,5,40,246,28,0.75
workout-cible,MoodLinks,depression watch,5,40,243,47,0.66
workout-cible,MoodLinks,depression path,5,40,245,18,0.84
workout-cible,MoodLinks,depression chart,5,40,243,29,0.74
workout-cible,MoodLinks,depression record,5,35,105,1,5.00
workout-cible,MoodLinks,mental health app for parents,5,44,245,35,0.71
workout-cible,MoodLinks,parent mental health tracker,5,40,246,122,0.55
workout-cible,MoodLinks,postpartum depression support,5,40,245,118,0.55
workout-cible,MoodLinks,anxiety management for moms,5,40,246,28,0.75
workout-cible,MoodLinks,depression support for new parents,5,40,245,54,0.64
workout-cible,MoodLinks,Seasonal Affective Disorder,5,45,246,25,0.77
workout-cible,MoodLinks,major depression,5,48,122,21,0.81
workout-cible,MoodLinks,persistent depressive disorder,5,40,250,96,0.57
workout-cible,MoodLinks,disruptive mood dysregulation disorder,5,40,249,65,0.62
workout-cible,MoodLinks,dmdd,5,40,250,47,0.66
workout-cible,MoodLinks,psychotic depression,5,40,247,42,0.68
workout-cible,MoodLinks,postpartum depression,5,54,241,114,0.55
workout-cible,MoodLinks,prenatal depression,5,40,247,50,0.65
workout-cible,MoodLinks,atypical depression,5,45,249,41,0.68
workout-cible,MoodLinks,ai therapist - mindfix,5,15,245,203,0.50
workout-cible,MoodLinks,anxiety routine,5,40,248,94,0.57
workout-cible,MoodLinks,mentalease,5,50,248,111,0.55
workout-cible,MoodLinks,mood pattern,5,,230,136,0.53
workout-cible,MoodLinks,stop depression,5,47,230,16,0.87
workout-cible,MoodLinks,compulsive buying disorder,5,46,249,208,0.50
workout-cible,MoodLinks,your mood,5,64,239,150,0.52
workout-cible,MoodLinks,psychological health,5,43,249,210,0.50
workout-cible,MoodLinks,anxiety attack tracker,5,40,250,140,0.53
workout-cible,MoodLinks,anxiety attack tracke,5,42,247,147,0.53
workout-cible,MoodLinks,anxiety bipolar,5,40,245,78,0.59
workout-cible,MoodLinks,colors: mental health tracker,5,46,246,46,0.67
workout-cible,MoodLinks,betwixt—the mental,5,50,250,157,0.52
workout-cible,MoodLinks,neuphoria,5,26,250,58,0.63
workout-cible,MoodLinks,mental health and mood tracker,5,52,244,157,0.52
workout-cible,MoodLinks,mental health and self care tracker,5,45,245,109,0.56
workout-cible,MoodLinks,stress and depression,5,44,234,61,0.63
workout-cible,MoodLinks,anxiety management app,5,40,250,73,0.60
workout-cible,MoodLinks,mindfit healthy mind,5,42,247,178,0.51
workout-cible,MoodLinks,anxiety tracker kids,5,40,248,149,0.53
workout-cible,MoodLinks,fix attention span,5,44,250,173,0.51
workout-cible,MoodLinks,record moods,5,37,208,10,1.02
workout-cible,MoodLinks,caffeine & mood tracke,5,,210,88,0.58
workout-cible,MoodLinks,mental health symptoms,5,50,247,98,0.57
workout-cible,MoodLinks,men mental health,5,,222,134,0.54
workout-cible,MoodLinks,men’s mental health,5,,212,160,0.52
workout-cible,MoodLinks,mood cards,5,40,195,189,0.50
workout-cible,MoodLinks,mood fluctuations,5,46,247,174,0.51
workout-cible,MoodLinks,anxiety therapy tracker,5,45,249,36,0.70
workout-cible,MoodLinks,anti anxiety tracker,5,40,247,224,0.49
workout-cible,MoodLinks,cbt mental health,5,51,243,103,0.56
workout-cible,MoodLinks,cbt moodfit,5,40,247,31,0.73
workout-cible,MoodLinks,cbt betterhelp,5,46,246,220,0.49
workout-cible,MoodLinks,cbti talkspace,5,47,250,98,0.57
workout-cible,MoodLinks,cbti betterhelp,5,50,250,200,0.50
workout-cible,MoodLinks,moodfit coach,5,48,248,134,0.54
workout-cible,MoodLinks,insomnia sanvello,5,44,249,232,0.49
workout-cible,MoodLinks,insomnia moodfit,5,45,248,14,0.91
workout-cible,MoodLinks,insomnia betterhelp,5,45,249,150,0.52
workout-cible,MoodLinks,mental moodfit,5,40,247,29,0.74
workout-cible,MoodLinks,health moodfit,5,60,247,111,0.55
workout-cible,MoodLinks,cbti mental health,5,51,247,137,0.53
workout-cible,MoodLinks,insomnia mental health,5,44,246,126,0.54
workout-cible,MoodLinks,cbt anxiety therapy,5,40,243,234,0.49
workout-cible,MoodLinks,depression relax,5,43,245,65,0.62
workout-cible,MoodLinks,relax depression,5,43,244,61,0.63
workout-cible,MoodLinks,depression balance,5,45,246,12,0.96
workout-cible,MoodLinks,balance depression,5,45,245,30,0.74
workout-cible,MoodLinks,digital depression,5,44,246,23,0.79
workout-cible,MoodLinks,depression digital,5,44,244,17,0.86
workout-cible,MoodLinks,depression private,5,49,247,34,0.71
workout-cible,MoodLinks,private depression,5,49,246,64,0.62
workout-cible,MoodLinks,depression gratitude,5,40,245,188,0.50
workout-cible,MoodLinks,help depression,5,54,244,62,0.62
workout-cible,MoodLinks,depression selfhelp,5,49,239,100,0.57
workout-cible,MoodLinks,mental health solutions uab,5,48,250,90,0.58
workout-cible,MoodLinks,shareon: teen mental health,5,49,248,52,0.65
workout-cible,MoodLinks,what's up? a mental health app,5,89,250,82,0.59
workout-cible,MoodLinks,mood changes,5,28,223,87,0.58
workout-cible,MoodLinks,moood,5,,236,91,0.58
workout-cible,MoodLinks,mood therapy,5,45,248,173,0.51
workout-cible,MoodLinks,climate anxiety,5,42,250,66,0.62
workout-cible,MoodLinks,re: stop overthinking,5,62,250,209,0.50
workout-cible,MoodLinks,soften negative thoughts,5,40,249,177,0.51
workout-cible,MoodLinks,ocd buddy,5,48,249,124,0.54
workout-cible,MoodLinks,empathetic therapy chatbot,5,63,247,173,0.51
workout-cible,MoodLinks,cbt helper,5,47,246,163,0.52
workout-cible,MoodLinks,recoverycoach,5,,247,232,0.49
workout-cible,MoodLinks,anhedonia,5,49,249,246,0.48
workout-cible,MoodLinks,ocd distract,5,46,247,128,0.54
workout-cible,MoodLinks,mood playlist,5,47,226,86,0.58
workout-cible,MoodLinks,von%20360,5,59,242,58,0.63
workout-cible,MoodLinks,emotional%20intelligence,5,44,249,131,0.54
workout-cible,MoodLinks,bipolar%20mood%20tracker,5,46,207,40,0.69
workout-cible,MoodLinks,ibs%20tracker,5,46,228,198,0.50
workout-cible,MoodLinks,anxiety%20test,5,40,248,115,0.55
workout-cible,MoodLinks,the%20tapping%20solution,5,41,213,176,0.51
workout-cible,MoodLinks,unwinding%20anxiety,5,40,250,69,0.61
workout-cible,MoodLinks,teen%20counseling,5,40,246,218,0.49
workout-cible,MoodLinks,adapt%20health,5,29,250,232,0.49
workout-cible,MoodLinks,mental%20health%20tracker,5,44,244,155,0.52
workout-cible,MoodLinks,lyra%20health,5,47,250,199,0.50
workout-cible,MoodLinks,anxiety%20games,5,48,214,78,0.59
workout-cible,MoodLinks,ocd%20app,5,48,246,203,0.50
workout-cible,MoodLinks,mindshift%20cbt,5,40,248,54,0.64
workout-cible,MoodLinks,mood identifier,5,,189,116,0.55
workout-cible,MoodLinks,ssris,5,43,248,35,0.71
workout-cible,MoodLinks,anxiety%20tracker,5,40,250,6,1.24
workout-cible,MoodLinks,digital%20closet,5,,249,97,0.57
workout-cible,MoodLinks,mental%20canvas,5,100,250,153,0.52
workout-cible,MoodLinks,treats emotional instability,5,46,247,190,0.50
workout-cible,MoodLinks,fix anxiety,5,40,248,154,0.52
workout-cible,MoodLinks,duolingo for mental health,5,87,249,185,0.51
workout-cible,MoodLinks,anxiety tes,5,55,248,157,0.52
workout-cible,MoodLinks,existential anxiety,5,40,248,98,0.57
workout-cible,MoodLinks,depressioan app,5,42,243,39,0.69
workout-cible,MoodLinks,depressian app,5,40,244,9,1.06
workout-cible,MoodLinks,spiraling thoughts,5,63,250,89,0.58
workout-cible,MoodLinks,anxious texter support,5,40,250,38,0.70
workout-cible,MoodLinks,panic attack log,5,44,249,111,0.55
workout-cible,MoodLinks,health apps agency in kent,5,51,249,182,0.51
workout-cible,MoodLinks,seasonal depression,5,62,233,31,0.73
workout-cible,MoodLinks,panic helper,5,40,247,129,0.54
workout-cible,MoodLinks,stresspal,5,,224,124,0.54
workout-cible,MoodLinks,teenage anger,5,40,249,143,0.53
workout-cible,MoodLinks,check my mood,5,53,241,99,0.57
workout-cible,MoodLinks,stress recovery,5,,250,30,0.74
workout-cible,MoodLinks,nlp-based word detection,5,49,250,144,0.53
workout-cible,MoodLinks,depressio,5,57,218,37,0.70
workout-cible,MoodLinks,anxiety relief tracker,5,40,246,136,0.53
workout-cible,MoodLinks,feeling down,5,97,244,51,0.65
workout-cible,MoodLinks,student mental health,5,52,250,169,0.51
workout-cible,MoodLinks,attachment issues,5,40,250,138,0.53
workout-cible,MoodLinks,queer mental health,5,43,247,150,0.52
workout-cible,MoodLinks,constant anxiety,5,40,249,142,0.53
workout-cible,MoodLinks,generalized anxiety,5,46,239,112,0.55
workout-cible,MoodLinks,pocket mental health,5,,249,111,0.55
workout-cible,MoodLinks,anxiety test app,5,47,248,65,0.62
workout-cible,MoodLinks,tracking for mental health,5,46,244,61,0.63
workout-cible,MoodLinks,eldery score,5,42,249,137,0.53
workout-cible,MoodLinks,mood based affirmations,5,42,247,198,0.50
workout-cible,MoodLinks,health & mood,5,44,245,203,0.50
workout-cible,MoodLinks,calm anxiety app,5,94,248,152,0.52
workout-cible,MoodLinks,panic attacks & anxiety,5,46,239,224,0.49
workout-cible,MoodLinks,difficulty starting,5,42,249,132,0.54
workout-cible,MoodLinks,no more panic,5,46,248,155,0.52
workout-cible,MoodLinks,mental health journal for anxiety,5,40,248,224,0.49
workout-cible,MoodLinks,6747919132,5,,232,121,0.55
workout-cible,MoodLinks,program for anxiety,5,40,243,228,0.49
workout-cible,MoodLinks,recov ery,5,,231,184,0.51
workout-cible,MoodLinks,panic attack helper,5,46,248,165,0.52
workout-cible,MoodLinks,self-astress,5,45,250,93,0.57
workout-cible,MoodLinks,anxiety feeling,5,42,248,180,0.51
workout-cible,MoodLinks,guardar enlaces,5,43,249,167,0.52
workout-cible,MoodLinks,record stress,5,50,247,11,0.98
workout-cible,MoodLinks,feeling anxiety,5,42,247,196,0.50
workout-cible,MoodLinks,alera stress,5,42,249,202,0.50
workout-cible,MoodLinks,anxiety companion,5,40,247,151,0.52
workout-cible,MoodLinks,mental health tips for creators,5,44,249,122,0.55
workout-cible,MoodLinks,bpd diagnosis,5,40,250,66,0.62
workout-cible,MoodLinks,effects of betrayal on mental health,5,48,250,134,0.54
workout-cible,MoodLinks,f60.3 diagnosis,5,49,250,100,0.57
workout-cible,MoodLinks,mood tracker adhd,5,,230,141,0.53
workout-cible,MoodLinks,anxiety checker,5,40,243,167,0.52
workout-cible,MoodLinks,flowy emotional companion,5,59,236,132,0.54
workout-cible,MoodLinks,flowy anxiety relief,5,40,246,232,0.49
workout-cible,MoodLinks,hangover anxiety,5,43,248,71,0.61
workout-cible,MoodLinks,hangxiety,5,47,250,212,0.49
workout-cible,MoodLinks,mental health gut,5,49,249,174,0.51
workout-cible,MoodLinks,depression gut link,5,40,249,2,2.29
workout-cible,MoodLinks,cbt anxiety tracker,5,40,245,90,0.58
workout-cible,MoodLinks,attention span tracker,5,60,246,151,0.52
workout-cible,MoodLinks,anxiety checklist,5,48,250,124,0.54
workout-cible,MoodLinks,anxiety app kids,5,40,249,226,0.49
workout-cible,MoodLinks,social anxiety breaker,5,40,248,205,0.50
workout-cible,MoodLinks,mental health gpt,5,47,247,151,0.52
workout-cible,MoodLinks,finasteride reminder,5,49,249,218,0.49
workout-cible,MoodLinks,anxious people,5,,248,45,0.67
workout-cible,MoodLinks,anxious symptoms,5,40,250,109,0.56
workout-cible,MoodLinks,anxiety removebale,5,40,246,53,0.64
workout-cible,MoodLinks,diagnosis grief,5,40,249,204,0.50
workout-cible,MoodLinks,ill counter professional,5,,249,122,0.55
workout-cible,MoodLinks,anxiety reducer,5,47,242,149,0.53
workout-cible,MoodLinks,anxiety relive,5,40,247,165,0.52
workout-cible,MoodLinks,added mood,5,40,248,122,0.55
workout-cible,MoodLinks,link managing,5,,246,179,0.51
workout-cible,MoodLinks,anxiety tracker for parents,5,40,249,89,0.58
workout-cible,MoodLinks,mom mental health,5,42,248,141,0.53
workout-cible,MoodLinks,ocd test app,5,,222,104,0.56
workout-cible,MoodLinks,mental piece ai,5,,239,230,0.49
workout-cible,MoodLinks,ai depression helper,5,54,245,155,0.52
workout-cible,MoodLinks,mood map,5,,228,75,0.60
workout-cible,MoodLinks,soical anxiety,5,,218,91,0.58
workout-cible,MoodLinks,anxiety note,5,40,249,198,0.50
workout-cible,MoodLinks,ocd recovery plan,5,,228,216,0.49
workout-cible,MoodLinks,reassurance seeking tracker,5,40,250,117,0.55
workout-cible,MoodLinks,ocd recovery system,5,44,248,245,0.48
workout-cible,MoodLinks,ptsd symptom log,5,40,248,241,0.48
workout-cible,MoodLinks,mood activation system,5,,226,104,0.56
workout-cible,MoodLinks,ai depression support,5,50,247,209,0.50
workout-cible,MoodLinks,clinical mental health tools,5,50,250,42,0.68
workout-cible,MoodLinks,digital cbt system,5,40,247,234,0.49
workout-cible,MoodLinks,sad life relief,5,,250,92,0.58
workout-cible,MoodLinks,depress relief,5,40,236,214,0.49
workout-cible,MoodLinks,moodcharting,5,50,249,48,0.66
workout-cible,MoodLinks,managehelp anxiety,5,40,249,138,0.53
workout-cible,MoodLinks,andy anxiety tracker,5,40,248,26,0.76
workout-cible,MoodLinks,sensory overload help,5,40,248,194,0.50
workout-cible,MoodLinks,cbt for hot flashes & anxiety,5,40,248,73,0.60
workout-cible,MoodLinks,anxiety & emotion tracker,5,44,247,128,0.54
workout-cible,MoodLinks,anxiety emotion tracker,5,43,248,196,0.50
workout-cible,MoodLinks,anxiety  emotion tracker,5,43,248,196,0.50
workout-cible,MoodLinks,anxiety puzzle,5,54,245,242,0.48
workout-cible,MoodLinks,قلق,5,51,250,149,0.53
workout-cible,MoodLinks,calmana,5,,250,195,0.50
workout-cible,MoodLinks,love anxiety,5,44,247,212,0.49
workout-cible,MoodLinks,anxiety thoughts app,5,40,249,69,0.61
workout-cible,MoodLinks,anxiety bible,5,40,249,136,0.53
workout-cible,MoodLinks,i can’t get out of bed,5,63,250,161,0.52
workout-cible,MoodLinks,rocd & anxiety,5,40,246,193,0.50
workout-cible,MoodLinks,vibetracker ai,5,,215,166,0.52
workout-cible,MoodLinks,moodwear,5,,204,89,0.58
workout-cible,MoodLinks,day enabling,5,,227,157,0.52
workout-cible,MoodLinks,anchor: anxiety navigator,5,70,249,87,0.58
workout-cible,MoodLinks,anxiety loop,5,47,249,166,0.52
workout-cible,MoodLinks,anxiety uk,5,40,249,105,0.56
workout-cible,MoodLinks,anxiety wave,5,47,250,127,0.54
workout-cible,MoodLinks,curate: for complete wellbeing,5,,226,182,0.51
workout-cible,MoodLinks,depression calculator,5,44,231,37,0.70
workout-cible,MoodLinks,depression cognitive research,5,,248,22,0.80
workout-cible,MoodLinks,depression evaluation,5,,189,23,0.79
workout-cible,MoodLinks,depression manager,5,67,248,2,2.29
workout-cible,MoodLinks,depression q,5,43,246,19,0.83
workout-cible,MoodLinks,foxtale: anxiety self care pet,5,,247,31,0.73
workout-cible,MoodLinks,framework ny,5,51,250,223,0.49
workout-cible,MoodLinks,goodbye depression: rise again,5,,244,12,0.96
workout-cible,MoodLinks,mental health bpd feeltracker,5,65,246,34,0.71
workout-cible,MoodLinks,mental health diary: nessy,5,54,247,161,0.52
workout-cible,MoodLinks,mood harmony,5,,214,140,0.53
workout-cible,MoodLinks,stop depression program,5,49,249,14,0.91
workout-cible,MoodLinks,anxiety and depression management,5,43,242,1,5.00
workout-cible,MoodLinks,anxiety advisor,5,40,249,88,0.58
workout-cible,MoodLinks,anxiety analyzer,5,40,250,90,0.58
workout-cible,MoodLinks,anxiety assistant,5,45,249,133,0.54
workout-cible,MoodLinks,anxiety builder,5,40,249,115,0.55
workout-cible,MoodLinks,anxiety calculator,5,42,248,100,0.57
workout-cible,MoodLinks,anxiety creator,5,40,247,79,0.59
workout-cible,MoodLinks,anxiety editor,5,40,250,80,0.59
workout-cible,MoodLinks,anxiety finder,5,40,250,110,0.56
workout-cible,MoodLinks,anxiety generator,5,40,250,74,0.60
workout-cible,MoodLinks,anxiety guide,5,,249,162,0.52
workout-cible,MoodLinks,anxiety identifier,5,40,250,56,0.64
workout-cible,MoodLinks,anxiety maker,5,40,250,104,0.56
workout-cible,MoodLinks,anxiety manager,5,40,245,5,1.34
workout-cible,MoodLinks,anxiety organizer,5,40,249,91,0.58
workout-cible,MoodLinks,anxiety reader,5,40,250,103,0.56
workout-cible,MoodLinks,anxiety recorder,5,40,250,1,5.00
workout-cible,MoodLinks,anxiety reminder,5,40,249,99,0.57
workout-cible,MoodLinks,anxiety scanner,5,40,248,59,0.63
workout-cible,MoodLinks,anxiety scheduler,5,40,245,91,0.58
workout-cible,MoodLinks,panic attack button,5,40,246,150,0.52
workout-cible,MoodLinks,iphone older adults for anxiety,5,71,231,80,0.59
workout-cible,MoodLinks,adults share daily review,5,70,236,138,0.53
workout-cible,MoodLinks,review adults share daily,5,66,235,135,0.54
workout-cible,MoodLinks,adults share daily reviews,5,66,236,144,0.53
workout-cible,MoodLinks,reviews adults share daily,5,66,235,146,0.53
workout-cible,MoodLinks,adults share daily for anxiety,5,47,216,32,0.73
workout-cible,MoodLinks,daily memories with for anxiety,5,51,224,46,0.67
workout-cible,MoodLinks,anxiety attack log,5,,226,33,0.72
workout-cible,MoodLinks,lyra health game,5,,229,98,0.57
workout-cible,MoodLinks,teen counseling app,5,,219,138,0.53
workout-cible,MoodLinks,free teen counseling app,5,,214,155,0.52
workout-cible,MoodLinks,top teen counseling app,5,,214,146,0.53
workout-cible,MoodLinks,my lyra health app game,5,47,250,80,0.59
workout-cible,MoodLinks,story voz nudge,5,,249,142,0.53
workout-cible,MoodLinks,recovery records,5,,229,18,0.84
workout-cible,MoodLinks,review apk emotional connection have,5,,247,217,0.49
workout-cible,MoodLinks,emotional connection have for anxiety,5,40,223,21,0.81
workout-cible,MoodLinks,awhile emotional,5,44,250,114,0.55
workout-cible,MoodLinks,awhile emotional app,5,,245,159,0.52
workout-cible,MoodLinks,occasion archive emotional,5,43,250,161,0.52
workout-cible,MoodLinks,emotional stay game,5,,248,97,0.57
workout-cible,MoodLinks,emotional stay planner,5,40,250,187,0.51
workout-cible,MoodLinks,checkins remind emotional,5,,233,183,0.51
workout-cible,MoodLinks,anxiety iphone,5,,239,33,0.72
workout-cible,MoodLinks,anxiety iphone have,5,,211,28,0.75
workout-cible,MoodLinks,anxiety iphone app,5,40,244,56,0.64
workout-cible,MoodLinks,free anxiety iphone,5,40,249,74,0.60
workout-cible,MoodLinks,top anxiety iphone,5,,213,27,0.76
workout-cible,MoodLinks,cheap remind anxiety,5,,238,57,0.63
workout-cible,MoodLinks,legacy emotional anxiety app,5,,248,25,0.77
workout-cible,MoodLinks,gentle emotional remind,5,,233,197,0.50
workout-cible,MoodLinks,emotional good stay,5,,225,188,0.50
workout-cible,MoodLinks,trial have emotional,5,,249,114,0.55
workout-cible,MoodLinks,moments emotional have,5,,243,139,0.53
workout-cible,MoodLinks,worries emotional alternatives,5,43,250,239,0.48
workout-cible,MoodLinks,individually answer questions for anxiet,5,44,249,214,0.49
workout-cible,MoodLinks,mental health triage,5,48,249,174,0.51
workout-cible,MoodLinks,behavioral health logs,5,,231,41,0.68
workout-cible,MoodLinks,share stories for anxiety,5,40,247,127,0.54
workout-cible,MoodLinks,share story for anxiety,5,42,249,161,0.52
workout-cible,MoodLinks,individually each anxiety,5,,249,51,0.65
workout-cible,MoodLinks,anxiety subscription taking,5,40,250,98,0.57
workout-cible,MoodLinks,lifes story for anxiety,5,40,249,93,0.57
workout-cible,MoodLinks,memoir for anxiety,5,,245,43,0.68
workout-cible,MoodLinks,reddit free lifeline app reminder best,5,44,248,176,0.51
workout-cible,MoodLinks,review free lifeline app reminder best,5,,233,226,0.49
workout-cible,MoodLinks,reviews free lifeline app reminder best,5,,232,222,0.49
workout-cible,MoodLinks,anxious mind app,5,67,231,110,0.56
workout-cible,MoodLinks,feel calmer daily,5,40,250,173,0.51
workout-cible,MoodLinks,anxiety memories,5,,220,39,0.69
workout-cible,MoodLinks,emotional connection anxiety,5,,248,47,0.66
workout-cible,MoodLinks,emotional connection download,5,,233,134,0.54
workout-cible,MoodLinks,homescreen emotional connection,5,,244,167,0.52
workout-cible,MoodLinks,ios emotional connection,5,,240,134,0.54
workout-cible,MoodLinks,pmdd luteal syncing hormonal anxiety sym,5,42,250,146,0.53
workout-cible,MoodLinks,fixxiety,5,,250,51,0.65
workout-cible,MoodLinks,derot:,5,,236,194,0.50
workout-cible,MoodLinks,mental health for moms,5,,219,70,0.61
workout-cible,MoodLinks,improve my mental health,5,,224,87,0.58
workout-cible,MoodLinks,affirmations for depression,5,,218,76,0.60
workout-cible,MoodLinks,anxiety fix,5,,212,38,0.70
workout-cible,MoodLinks,online psikolog: mood,5,,232,148,0.53
workout-cible,MoodLinks,anti oversleep,5,42,248,74,0.60
workout-cible,MoodLinks,clementine: sleep & confidence,5,,241,215,0.49
workout-cible,MoodLinks,parents chores anxiety,5,,229,42,0.68
workout-cible,MoodLinks,anxiety & panic attacks,5,,222,114,0.55
workout-cible,MoodLinks,bjarne toftegård,5,,223,189,0.50
workout-cible,MoodLinks,chrisitna mood tracker,5,,238,164,0.52
workout-cible,MoodLinks,anxiety trigger log,5,,248,68,0.61
workout-cible,MoodLinks,anxiety trigger,5,,247,77,0.60
workout-cible,MoodLinks,depression help app,5,,236,17,0.86
workout-cible,MoodLinks,worry support,5,,247,131,0.54
workout-cible,MoodLinks,relationship duration,5,,250,238,0.48
workout-cible,MoodLinks,glp-1 mental health tracker,5,,250,120,0.55
workout-cible,MoodLinks,cbt-based tools,5,,248,165,0.52
workout-cible,MoodLinks,bipolar companion,,44,245,68,
workout-cible,MoodLinks,panic attack help[,,42,242,188,
workout-cible,MoodLinks,inflow%20adhd,,,234,193,
workout-cible,MoodLinks,gut mood connection,,40,249,127,
workout-cible,MoodLinks,serotonin gut production,,40,247,151,
workout-cible,MoodLinks,betwixt�the mental,,42,249,66,
workout-cible,MoodLinks,bible for depression,,40,247,93,
workout-cible,MoodLinks,don't spiral: rocd & anxiety,,43,248,48,
workout-cible,MoodLinks,backup buddy [notts],,42,230,124,
workout-cible,MoodLinks,mental health coach: moodivate,,56,250,23,
workout-cible,MoodLinks,hsp highly sensitive person app,,40,248,220,
workout-cible,MoodLinks,grounding exercises tool,,45,250,222,
workout-cible,MoodLinks,stay have emotional game,,,247,149,
workout-cible,MoodLinks,nudge anxiety recordings,,,233,87,
workout-cible,MoodLinks,nudge remind anxiety,,,235,85,
workout-cible,MoodLinks,share anxiety voices,,40,249,240,
workout-cible,MoodLinks,top widget emotional,,,232,183,
workout-cible,MoodLinks,remind stay anxiety,,,214,32,
workout-cible,MoodLinks,moments have emotional,,,227,135,
workout-cible,MoodLinks,worry recording keeper,,40,249,115,
workout-cible,MoodLinks,anxiety subscription,,,217,27,
workout-cible,MoodLinks,share daylio,,,209,135,
workout-cible,MoodLinks,anxiety relief online,,,222,65,
workout-cible,MoodLinks,panic attack gratis,,,225,129,
workout-cible,MoodLinks,panic attack app free,,,224,223,
workout-cible,MoodLinks,griefity: grief support,,,244,242,
workout-cible,MoodLinks,mood cleaner,,,246,213,
workout-cible,MoodLinks,mood recorder,,,244,27,
workout-cible,MoodLinks,manager link,,46,245,168,
workout-cible,MoodLinks,manager links,,44,247,153,
workout-cible,UpLift,lyf,29,90,249,69,3.54
workout-cible,UpLift,anxiete,24,63,240,81,2.83
workout-cible,UpLift,depresion,8,65,244,45,1.07
workout-cible,UpLift,depression,6,73,247,24,0.94
workout-cible,UpLift,anxiety release,5,51,248,161,0.52
workout-cible,UpLift,anxiety free,5,80,247,242,0.48
workout-cible,UpLift,depression apps,5,71,245,21,0.81
workout-cible,UpLift,anxiety and depression,5,59,248,8,1.10
workout-cible,UpLift,child anxiety,5,40,241,166,0.52
workout-cible,UpLift,depression app,5,40,245,7,1.16
workout-cible,UpLift,anxiety reliever,5,40,239,182,0.51
workout-cible,UpLift,depression games,5,40,246,105,0.56
workout-cible,UpLift,mental up,5,83,250,174,0.51
workout-cible,UpLift,psyche,5,56,231,168,0.51
workout-cible,UpLift,depression treatment,5,40,239,49,0.66
workout-cible,UpLift,depression check,5,43,230,43,0.68
workout-cible,UpLift,womaze,5,75,248,168,0.51
workout-cible,UpLift,anti depression,5,49,247,141,0.53
workout-cible,UpLift,behavioral science,5,65,224,99,0.57
workout-cible,UpLift,uplifting,5,51,245,7,1.16
workout-cible,UpLift,dépression,5,40,220,11,0.98
workout-cible,UpLift,bipolar test,5,49,245,191,0.50
workout-cible,UpLift,retail therapy app,5,,221,59,0.63
workout-cible,UpLift,the truth comes out,5,45,247,204,0.50
workout-cible,UpLift,depression anxiety,5,43,242,10,1.02
workout-cible,UpLift,and the truth comes out,5,37,163,158,0.52
workout-cible,UpLift,antidepression,5,47,234,28,0.75
workout-cible,UpLift,anxi,5,58,243,85,0.58
workout-cible,UpLift,depression relief,5,44,234,29,0.74
workout-cible,UpLift,depresyon,5,64,248,24,0.78
workout-cible,UpLift,sanvello anxiety depression,5,53,245,75,0.60
workout-cible,UpLift,anxiété,5,62,241,102,0.56
workout-cible,UpLift,stop anxiety,5,51,247,216,0.49
workout-cible,UpLift,manage anxiety,5,63,244,153,0.52
workout-cible,UpLift,panic tracker,5,64,226,126,0.54
workout-cible,UpLift,shine calm anxiety,5,42,248,160,0.52
workout-cible,UpLift,anxiety tracking,5,44,247,114,0.55
workout-cible,UpLift,tracking anxiety,5,40,245,106,0.56
workout-cible,UpLift,psyc,5,76,228,70,0.61
workout-cible,UpLift,stress anxiety,5,95,248,140,0.53
workout-cible,UpLift,anxiety mood,5,54,244,50,0.65
workout-cible,UpLift,anxiety tool,5,48,247,183,0.51
workout-cible,UpLift,anxiety button,5,45,250,116,0.55
workout-cible,UpLift,anxiety disorder,5,49,240,112,0.55
workout-cible,UpLift,behavioral therapy,5,50,247,105,0.56
workout-cible,UpLift,ocd cbt,5,44,247,229,0.49
workout-cible,UpLift,depression disorder,5,40,240,53,0.64
workout-cible,UpLift,depression guide,5,40,247,42,0.68
workout-cible,UpLift,cbt log,5,64,250,157,0.52
workout-cible,UpLift,"Anxiety",5,40,240,27,0.76
workout-cible,UpLift,mood depression,5,40,239,42,0.68
workout-cible,UpLift,audible audio course,5,42,248,81,0.59
workout-cible,UpLift,(cognitive behavioral,5,40,246,115,0.55
workout-cible,UpLift,cbt exercises,5,45,246,200,0.50
workout-cible,UpLift,low mood,5,,204,10,1.02
workout-cible,UpLift,aboutme,5,,83,58,0.63
workout-cible,UpLift,anti-anxiety,5,47,242,184,0.51
workout-cible,UpLift,top depression apps,5,40,244,7,1.16
workout-cible,UpLift,best depression apps,5,40,245,7,1.16
workout-cible,UpLift,great depression apps,5,40,245,9,1.06
workout-cible,UpLift,depression apps 2022,5,40,243,29,0.74
workout-cible,UpLift,anxty,5,95,247,230,0.49
workout-cible,UpLift,borderline disorder depression,5,40,246,84,0.59
workout-cible,UpLift,borderline personality depression,5,40,246,86,0.58
workout-cible,UpLift,bpd depression,5,40,244,85,0.58
workout-cible,UpLift,hapier,5,47,222,152,0.52
workout-cible,UpLift,uplifting.,5,40,219,18,0.84
workout-cible,UpLift,anxiety traccker,5,40,243,72,0.60
workout-cible,UpLift,anxiety anxiety,5,40,239,93,0.57
workout-cible,UpLift,depression level,5,40,243,29,0.74
workout-cible,UpLift,I a,5,98,247,6,1.24
workout-cible,UpLift,upliftings,5,40,220,14,0.91
workout-cible,UpLift,learn psychology apps,5,40,235,207,0.50
workout-cible,UpLift,depression tasks,5,45,247,27,0.76
workout-cible,UpLift,depression brain,5,40,245,47,0.66
workout-cible,UpLift,depression checklist,5,43,231,25,0.77
workout-cible,UpLift,reduce depression,5,50,247,36,0.70
workout-cible,UpLift,depression partner,5,26,246,40,0.69
workout-cible,UpLift,Depression management,5,40,228,21,0.81
workout-cible,UpLift,depression tool,5,40,246,30,0.74
workout-cible,UpLift,Overcoming depression,5,43,229,24,0.78
workout-cible,UpLift,Depression Helper,5,43,249,16,0.87
workout-cible,UpLift,Depression Aid,5,44,231,28,0.75
workout-cible,UpLift,Depression Recovery,5,40,231,21,0.81
workout-cible,UpLift,Depression Improvement,5,91,218,80,0.59
workout-cible,UpLift,feeling depress,5,40,246,167,0.52
workout-cible,UpLift,therapy uplife,5,66,19,6,1.24
workout-cible,UpLift,cognition tracker,5,42,249,236,0.49
workout-cible,UpLift,anxiety symptoms,5,43,247,104,0.56
workout-cible,UpLift,anxety,5,93,247,236,0.49
workout-cible,UpLift,anxiety track,5,54,248,175,0.51
workout-cible,UpLift,feeling sad,5,65,239,137,0.53
workout-cible,UpLift,overcome depression,5,43,231,30,0.74
workout-cible,UpLift,axiety,5,42,239,187,0.51
workout-cible,UpLift,anxiety attatcks,5,40,243,185,0.51
workout-cible,UpLift,betwixt–the mental,5,45,249,239,0.48
workout-cible,UpLift,uplift mood,5,51,10,1,5.00
workout-cible,UpLift,Anxiety Disorders,5,45,242,96,0.57
workout-cible,UpLift,relationship mood tracker,5,52,231,91,0.58
workout-cible,UpLift,Uplifting\,5,42,228,6,1.24
workout-cible,UpLift,pms anxiety,5,40,249,165,0.52
workout-cible,UpLift,anxiety pms,5,40,250,114,0.55
workout-cible,UpLift,stress and anxiety app,5,40,243,54,0.64
workout-cible,UpLift,depression symptoms,5,45,243,55,0.64
workout-cible,UpLift,depression self-help,5,50,240,112,0.55
workout-cible,UpLift,depression anxiety tracker,5,44,241,16,0.87
workout-cible,UpLift,depression therapy,5,46,239,62,0.62
workout-cible,UpLift,depression mental health,5,48,236,103,0.56
workout-cible,UpLift,fight depression,5,40,233,24,0.78
workout-cible,UpLift,depression mental health tracker,5,45,239,64,0.62
workout-cible,UpLift,depression and anxiety relief,5,44,239,90,0.58
workout-cible,UpLift,depression symptom tracker,5,46,245,136,0.53
workout-cible,UpLift,anxiety and depression log,5,40,245,70,0.61
workout-cible,UpLift,depression cure,5,40,231,30,0.74
workout-cible,UpLift,depression scale,5,43,246,45,0.67
workout-cible,UpLift,depression scan,5,40,247,70,0.61
workout-cible,UpLift,depression quiz,5,40,231,44,0.67
workout-cible,UpLift,depression score,5,40,247,39,0.69
workout-cible,UpLift,depression coach,5,40,241,112,0.55
workout-cible,UpLift,depression mood,5,40,235,21,0.81
workout-cible,UpLift,depression boost,5,40,245,30,0.74
workout-cible,UpLift,depression assistant,5,44,245,42,0.68
workout-cible,UpLift,depression plan,5,40,246,26,0.76
workout-cible,UpLift,depression watch,5,40,243,101,0.56
workout-cible,UpLift,depression path,5,40,245,33,0.72
workout-cible,UpLift,depression chart,5,40,243,34,0.71
workout-cible,UpLift,anxiety management for moms,5,40,246,238,0.48
workout-cible,UpLift,postpartum depression,5,54,241,82,0.59
workout-cible,UpLift,atypical depression,5,45,249,43,0.68
workout-cible,UpLift,psych! outwit your friends,5,54,213,95,0.57
workout-cible,UpLift,anxiety routine,5,40,248,129,0.54
workout-cible,UpLift,cognitive behavioral therapsay,5,40,246,36,0.70
workout-cible,UpLift,cognitive behavioral therapsy,5,43,247,44,0.67
workout-cible,UpLift,stop depression,5,47,230,23,0.79
workout-cible,UpLift,anxiety attack tracker,5,40,250,108,0.56
workout-cible,UpLift,anxiety attack tracke,5,42,247,81,0.59
workout-cible,UpLift,anxiety bipolar,5,40,245,76,0.60
workout-cible,UpLift,psyho,5,74,227,74,0.60
workout-cible,UpLift,uolift,5,74,213,25,0.77
workout-cible,UpLift,anxiety therap,5,49,247,90,0.58
workout-cible,UpLift,stress and depression,5,44,234,2,2.29
workout-cible,UpLift,psych central,5,40,205,151,0.52
workout-cible,UpLift,deepreason,5,66,247,40,0.69
workout-cible,UpLift,cbt techniques,5,43,246,195,0.50
workout-cible,UpLift,cbt child,5,40,246,238,0.48
workout-cible,UpLift,depressioon,5,66,247,38,0.70
workout-cible,UpLift,deperession,5,66,250,45,0.67
workout-cible,UpLift,upliftment,5,,227,2,2.29
workout-cible,UpLift,cbt exercise,5,45,245,178,0.51
workout-cible,UpLift,anxiaity,5,93,248,225,0.49
workout-cible,UpLift,tracker anxiety,5,43,243,129,0.54
workout-cible,UpLift,anxiety therapy relief,5,32,246,196,0.50
workout-cible,UpLift,anxiety therapy tracker,5,45,249,94,0.57
workout-cible,UpLift,cbt therapy exercise,5,25,244,218,0.49
workout-cible,UpLift,anti anxiety tracker,5,40,247,191,0.50
workout-cible,UpLift,cbt relief exercise,5,25,246,140,0.53
workout-cible,UpLift,anxiety exercise therapy,5,40,248,190,0.50
workout-cible,UpLift,cbt moodfit,5,40,247,193,0.50
workout-cible,UpLift,cbti talkspace,5,47,250,132,0.54
workout-cible,UpLift,insomnia sanvello,5,44,249,67,0.61
workout-cible,UpLift,cbt anxiety therapy,5,40,243,116,0.55
workout-cible,UpLift,therapy relief anxiety,5,40,248,231,0.49
workout-cible,UpLift,worrydoll app,5,40,249,202,0.50
workout-cible,UpLift,depression relax,5,43,245,68,0.61
workout-cible,UpLift,relax depression,5,43,244,76,0.60
workout-cible,UpLift,depression balance,5,45,246,57,0.63
workout-cible,UpLift,depression digital,5,44,244,77,0.60
workout-cible,UpLift,help depression,5,54,244,77,0.60
workout-cible,UpLift,upkift,5,,212,25,0.77
workout-cible,UpLift,depression selfhelp,5,49,239,84,0.59
workout-cible,UpLift,cognitive behavioral,5,50,247,96,0.57
workout-cible,UpLift,climate anxiety,5,42,250,70,0.61
workout-cible,UpLift,soften negative thoughts,5,40,249,221,0.49
workout-cible,UpLift,cbt helper,5,47,246,144,0.53
workout-cible,UpLift,mood%20tracker%20free,5,46,231,179,0.51
workout-cible,UpLift,anxiety%20test,5,40,248,123,0.54
workout-cible,UpLift,the%20tapping%20solution,5,41,213,115,0.55
workout-cible,UpLift,anxiety%20relief,5,49,246,187,0.51
workout-cible,UpLift,unwinding%20anxiety,5,40,250,112,0.55
workout-cible,UpLift,mindshift%20cbt,5,40,248,48,0.66
workout-cible,UpLift,anger venting app,5,44,245,243,0.48
workout-cible,UpLift,remove anxiety,5,40,249,150,0.52
workout-cible,UpLift,anxiety%20tracker,5,40,250,15,0.89
workout-cible,UpLift,feel up app,5,87,246,84,0.59
workout-cible,UpLift,cognitive health,5,50,246,186,0.51
workout-cible,UpLift,fix anxiety,5,40,248,143,0.53
workout-cible,UpLift,cbt anxiety relief,5,45,242,118,0.55
workout-cible,UpLift,anxiety tes,5,55,248,38,0.70
workout-cible,UpLift,depressioan app,5,42,243,51,0.65
workout-cible,UpLift,depressian app,5,40,244,53,0.64
workout-cible,UpLift,seasonal depression,5,62,233,22,0.80
workout-cible,UpLift,rootd: panic attacks & anxiety,5,45,250,16,0.87
workout-cible,UpLift,depressio,5,57,218,14,0.91
workout-cible,UpLift,anxitty,5,93,247,229,0.49
workout-cible,UpLift,anxiety relief tracker,5,40,246,132,0.54
workout-cible,UpLift,psychi,5,,205,124,0.54
workout-cible,UpLift,constant anxiety,5,40,249,131,0.54
workout-cible,UpLift,generalized anxiety,5,46,239,102,0.56
workout-cible,UpLift,anxiety test app,5,47,248,111,0.55
workout-cible,UpLift,calm anxiety app,5,94,248,141,0.53
workout-cible,UpLift,stress & anxiety,5,54,243,30,0.74
workout-cible,UpLift,panic attacks & anxiety,5,46,239,190,0.50
workout-cible,UpLift,dsadsadsad,5,,246,201,0.50
workout-cible,UpLift,6747919132,5,,232,104,0.56
workout-cible,UpLift,program for anxiety,5,40,243,218,0.49
workout-cible,UpLift,cognitive behavior therapy,5,43,243,60,0.63
workout-cible,UpLift,anxiety feeling,5,42,248,207,0.50
workout-cible,UpLift,cbt child----,5,40,247,197,0.50
workout-cible,UpLift,low stress,5,56,239,36,0.70
workout-cible,UpLift,quick cbt,5,40,246,201,0.50
workout-cible,UpLift,feeling anxiety,5,42,247,205,0.50
workout-cible,UpLift,anxiety and panic attack relief,5,43,242,224,0.49
workout-cible,UpLift,hangover anxiety,5,43,248,50,0.65
workout-cible,UpLift,depression gut link,5,40,249,118,0.55
workout-cible,UpLift,cbt anxiety tracker,5,40,245,78,0.59
workout-cible,UpLift,anxiety app kids,5,40,249,153,0.52
workout-cible,UpLift,mood tracker simple,5,47,228,180,0.51
workout-cible,UpLift,social anxiety breaker,5,40,248,187,0.51
workout-cible,UpLift,anxious symptoms,5,40,250,250,0.48
workout-cible,UpLift,anxiety removebale,5,40,246,105,0.56
workout-cible,UpLift,anxiety reducer,5,47,242,118,0.55
workout-cible,UpLift,anxiety relive,5,40,247,163,0.52
workout-cible,UpLift,added mood,5,40,248,191,0.50
workout-cible,UpLift,harm ocd help,5,46,249,247,0.48
workout-cible,UpLift,reassurance seeking tracker,5,40,250,248,0.48
workout-cible,UpLift,mood activation system,5,,226,52,0.65
workout-cible,UpLift,digital cbt system,5,40,247,115,0.55
workout-cible,UpLift,cbt-f,5,40,246,140,0.53
workout-cible,UpLift,managehelp anxiety,5,40,249,210,0.50
workout-cible,UpLift,andy anxiety tracker,5,40,248,135,0.54
workout-cible,UpLift,stress  anxiety & hot flash,5,47,244,228,0.49
workout-cible,UpLift,cbt for hot flashes & anxiety,5,40,248,181,0.51
workout-cible,UpLift,anxiety puzzle,5,54,245,206,0.50
workout-cible,UpLift,anxiety thoughts app,5,40,249,78,0.59
workout-cible,UpLift,anxiety bible,5,40,249,82,0.59
workout-cible,UpLift,harvard positive psychology app,5,40,248,248,0.48
workout-cible,UpLift,anxiety app for women,5,46,248,91,0.58
workout-cible,UpLift,rocd & anxiety,5,40,246,216,0.49
workout-cible,UpLift,cbt kids,5,40,248,159,0.52
workout-cible,UpLift,anchor: anxiety navigator,5,70,249,81,0.59
workout-cible,UpLift,anxiety loop,5,47,249,159,0.52
workout-cible,UpLift,anxiety navigator,5,48,249,83,0.59
workout-cible,UpLift,anxiety uk,5,40,249,106,0.56
workout-cible,UpLift,anxiety wave,5,47,250,203,0.50
workout-cible,UpLift,calm leaf llc,5,,217,166,0.52
workout-cible,UpLift,calmexam: exam anxiety coach,5,44,249,87,0.58
workout-cible,UpLift,chill pill yogi bryan,5,,217,110,0.56
workout-cible,UpLift,depression calculator,5,44,231,27,0.76
workout-cible,UpLift,depression cognitive research,5,,248,9,1.06
workout-cible,UpLift,depression evaluation,5,,189,26,0.76
workout-cible,UpLift,depression manager,5,67,248,34,0.71
workout-cible,UpLift,depression q,5,43,246,51,0.65
workout-cible,UpLift,foxtale: anxiety self care pet,5,,247,162,0.52
workout-cible,UpLift,goodbye depression: rise again,5,,244,7,1.16
workout-cible,UpLift,leading cognitive behavioral therapy tools,5,,211,82,0.59
workout-cible,UpLift,limitless guided visualization,5,,230,105,0.56
workout-cible,UpLift,psychology encyclopedia app,5,,178,94,0.57
workout-cible,UpLift,stop depression program,5,49,249,7,1.16
workout-cible,UpLift,lifto,5,,227,133,0.54
workout-cible,UpLift,anxiety and depression management,5,43,242,45,0.67
workout-cible,UpLift,anxiety analyzer,5,40,250,141,0.53
workout-cible,UpLift,anxiety assistant,5,45,249,168,0.51
workout-cible,UpLift,anxiety builder,5,40,249,141,0.53
workout-cible,UpLift,anxiety creator,5,40,247,124,0.54
workout-cible,UpLift,anxiety editor,5,40,250,138,0.53
workout-cible,UpLift,anxiety finder,5,40,250,192,0.50
workout-cible,UpLift,anxiety generator,5,40,250,118,0.55
workout-cible,UpLift,anxiety identifier,5,40,250,112,0.55
workout-cible,UpLift,anxiety maker,5,40,250,152,0.52
workout-cible,UpLift,anxiety organizer,5,40,249,171,0.51
workout-cible,UpLift,anxiety reader,5,40,250,171,0.51
workout-cible,UpLift,anxiety reminder,5,40,249,153,0.52
workout-cible,UpLift,anxiety scanner,5,40,248,99,0.57
workout-cible,UpLift,panic attack button,5,40,246,217,0.49
workout-cible,UpLift,iphone older adults for anxiety,5,71,231,21,0.81
workout-cible,UpLift,adults share daily review,5,70,236,144,0.53
workout-cible,UpLift,adults share daily reviews,5,66,236,150,0.52
workout-cible,UpLift,reviews adults share daily,5,66,235,151,0.52
workout-cible,UpLift,adults share daily for anxiety,5,47,216,21,0.81
workout-cible,UpLift,daily memories with for anxiety,5,51,224,18,0.84
workout-cible,UpLift,anxiety attack log,5,,226,36,0.70
workout-cible,UpLift,teen counseling app,5,,219,88,0.58
workout-cible,UpLift,free retail therapy app,5,,250,249,0.48
workout-cible,UpLift,free teen counseling app,5,,214,86,0.58
workout-cible,UpLift,top teen counseling app,5,,214,92,0.58
workout-cible,UpLift,free teen counseling game,5,,221,162,0.52
workout-cible,UpLift,my teen counseling game app,5,,213,178,0.51
workout-cible,UpLift,emotional nudge anxiety,5,42,247,98,0.57
workout-cible,UpLift,anxiety iphone,5,,239,81,0.59
workout-cible,UpLift,anxiety iphone have,5,,211,19,0.83
workout-cible,UpLift,anxiety iphone app,5,40,244,71,0.61
workout-cible,UpLift,free anxiety iphone,5,40,249,40,0.69
workout-cible,UpLift,top anxiety iphone,5,,213,17,0.86
workout-cible,UpLift,cheap remind anxiety,5,,238,43,0.68
workout-cible,UpLift,legacy emotional anxiety app,5,,248,40,0.69
workout-cible,UpLift,answer individually anxiety,5,40,249,123,0.54
workout-cible,UpLift,share stories for anxiety,5,40,247,181,0.51
workout-cible,UpLift,individually each anxiety,5,,249,87,0.58
workout-cible,UpLift,review free lifeline app reminder best,5,,233,158,0.52
workout-cible,UpLift,reviews free lifeline app reminder best,5,,232,156,0.52
workout-cible,UpLift,therapy cognitive,5,44,249,146,0.53
workout-cible,UpLift,anxious mind app,5,67,231,67,0.61
workout-cible,UpLift,derot:,5,,236,58,0.63
workout-cible,UpLift,anxiety fix,5,,212,29,0.74
workout-cible,UpLift,online psikolog: mood,5,,232,43,0.68
workout-cible,UpLift,anger management course,5,,250,186,0.51
workout-cible,UpLift,gymtap,5,,232,57,0.63
workout-cible,UpLift,parents chores anxiety,5,,229,50,0.65
workout-cible,UpLift,anxiety & panic attacks,5,,222,98,0.57
workout-cible,UpLift,3thirty cbt offline,5,,250,215,0.49
workout-cible,UpLift,mhgap-ig 2.0 app,5,,226,160,0.52
workout-cible,UpLift,bjarne toftegård,5,,223,108,0.56
workout-cible,UpLift,anxiety relief app free,5,60,249,233,0.49
workout-cible,UpLift,chrisitna mood tracker,5,,238,197,0.50
workout-cible,UpLift,anxiety trigger log,5,,248,42,0.68
workout-cible,UpLift,anxiety trigger,5,,247,49,0.66
workout-cible,UpLift,anxiety training,5,,247,204,0.50
workout-cible,UpLift,depression help app,5,,236,25,0.77
workout-cible,UpLift,cognitive%20behavioral%20therapy,,71,249,231,
workout-cible,UpLift,betwixt�the mental,,42,249,211,
workout-cible,UpLift,bible for depression,,40,247,130,
workout-cible,UpLift,don't spiral: rocd & anxiety,,43,248,97,
workout-cible,UpLift,🚀 [$99.99 → lifetime free] mental healt,,,220,82,
workout-cible,UpLift,cold therapy app,,,221,53,
workout-cible,UpLift,hsp highly sensitive person app,,40,248,167,
workout-cible,UpLift,nudge remind anxiety,,,235,74,
workout-cible,UpLift,top widget emotional,,,232,135,
workout-cible,UpLift,anxiety subscription,,,217,21,
workout-cible,UpLift,my video compressor tracker,,,234,100,
workout-cible,UpLift,anxiety relief online,,,222,55,
workout-cible,UpLift,panic attack gratis,,,225,90,
workout-cible,UpLift,panic attack app free,,,224,106,
workout-cible,UpLift,griefly: grief & loss support,,,248,167,