keyword,seed,en,fr
"fitness coach","fitness","1","1"
"fitness journal","fitness","1","1"
"fitness journey tracker","fitness","1","1"
"fitness log","fitness","1","1"
"fitness maker","fitness","1","1"
"fitness reminder app","fitness","1","1"
"fitness step counter","fitness","1","1"
"fitness tracker app","fitness","1","1"
"yoga journal","yoga","1","1"
"pilates class planner","pilates","1","1"
"pilates planner","pilates","1","1"
"pilates timer","pilates","1","1"
"pilates tracker","pilates","1","1"
"meditation bell timer","meditation","1","1"
"meditation counter","meditation","1","1"
"meditation diary","meditation","1","1"
"meditation gong timer","meditation","1","1"
"meditation interval timer","meditation","1","1"
"meditation journal","meditation","1","1"
"meditation log","meditation","1","1"
"meditation practice","meditation","1","1"
"ovulation calculator for pregnancy","ovulation","1","1"
"ovulation tracker get pregnant","ovulation","1","1"
"ovulation tracker free","ovulation","1","1"
"ovulation calculator and tracker","ovulation","1","1"
"ovulation cycle period tracker","ovulation","1","1"
"ovulation and period tracker","ovulation","1","1"
"ovulation and pregnancy tracker","ovulation","1","1"
"ovulation and fertility tracker","ovulation","1","1"
"notes biology","notes","1","1"
"notes calculator","notes","1","1"
"notes diary","notes","1","1"
"notes editor","notes","1","1"
"notes generator ai","notes","1","1"
"notes journal","notes","1","1"
"notes maker","notes","1","1"
"notes scanner","notes","1","1"
"pomodoro focus timer","pomodoro","1","1"
"pomodoro counter","pomodoro","1","1"
"pomodoro countdown timer","pomodoro","1","1"
"pomodoro diary","pomodoro","1","1"
"joguman pomodoro timer","pomodoro","1","1"
"pomodoro kitty timer","pomodoro","1","1"
"pomodoro timer kostenlos","pomodoro","1","1"
"pomodoro timer lite","pomodoro","1","1"
"journaling app","journal","1","1"
"journal notebook aesthetic","journal","1","1"
"journal with lock","journal","1","1"
"journal app","journal","1","1"
"journal ai","journal","1","1"
"journal bible app","journal","1","1"
"journal blog","journal","1","1"
"journal book app","journal","1","1"
"routine planner","routine","1","1"
"routine tracker","routine","1","1"
"routine maker","routine","1","1"
"routine reminder","routine","1","1"
"routine daily planner","routine","1","1"
"routine habit tracker","routine","1","1"
"routine journal","routine","1","1"
"routine route planner","routine","1","1"
"scanner pdf","scanner","1","1"
"scanner wifi","scanner","1","1"
"scanner document","scanner","1","1"
"scanner police","scanner","1","1"
"scanner adobe","scanner","1","1"
"scanner app oken scanner","scanner","1","1"
"scanner app photo","scanner","1","1"
"scanner app camera","scanner","1","1"
"signature scanner","signature","1","1"
"signature editor app","signature","1","1"
"signature finder","signature","1","1"
"signature generator","signature","1","1"
"hand signature maker","signature","1","1"
"signature identifier app","signature","1","1"
"signature image maker","signature","1","1"
"signature kb size editor","signature","1","1"
"budget tracker money planner","budget","1","1"
"budget expense tracker","budget","1","1"
"budget planner india","budget","1","1"
"budget journal","budget","1","1"
"budget keeper money tracker","budget","1","1"
"budget note finace tracker","budget","1","1"
"budget not money tracker","budget","1","1"
"budget planner loan tracker","budget","1","1"
"crypto tracker","crypto","1","1"
"crypto journal","crypto","1","1"
"crypto trading journal app","crypto","1","1"
"crypto quick scanner","crypto","1","1"
"crypto video editor","crypto","1","1"
"bitcoin key finder","bitcoin","1","1"
"bitcoin qr code scanner","bitcoin","1","1"
"bitcoin qr scanner","bitcoin","1","1"
"bitcoin to usd converter","bitcoin","1","1"
"multiplication practice","multiplication","1","1"
"multiplication calculator","multiplication","1","1"
"multiplication facts practice","multiplication","1","1"
"multiplication table with timer","multiplication","1","1"
"piano star","piano","1","1"
"piano pop","piano","1","1"
"piano tiles","piano","1","1"
"piano app","piano","1","1"
"piano beat game","piano","1","1"
"piano ball","piano","1","1"
"piano bounce","piano","1","1"
"piano best","piano","1","1"
"horoscope astrology","horoscope","1","1"
"horoscope calculator","horoscope","1","1"
"horoscope for astrologer","horoscope","1","1"
"horoscope finder","horoscope","1","1"
"horoscope generator in tamil","horoscope","1","1"
"horoscope hand scanner","horoscope","1","1"
"astrology and horoscope hindi","horoscope","1","1"
"astrology horoscope kundli","horoscope","1","1"
"my tarot journal","tarot","1","1"
"tarot numerology","tarot","1","1"
"tarot primetrace technologies","tarot","1","1"
"tarot practice","tarot","1","1"
"tarot tracker","tarot","1","1"
"tarot e numerologia","tarot","1","1"
"tarot y numerología","tarot","1","1"
"affirmations counter","affirmations","1","1"
"gratitude journal affirmations","affirmations","1","1"
"affirmations journal","affirmations","1","1"
"affirmations maker","affirmations","1","1"
"subliminal maker affirmations","affirmations","1","1"
"affirmations reminder","affirmations","1","1"
"gratitude journal app","gratitude","1","1"
"gratitude diary","gratitude","1","1"
"gratitude journal free","gratitude","1","1"
"gratitude reminder","gratitude","1","1"
"gratitude christian journal","gratitude","1","1"
"gratitude self-care journal","gratitude","1","1"
"clody gratitude journal","gratitude","1","1"
"gratitude daily journal","gratitude","1","1"
"collage maker free","collage","1","1"
"collage video maker","collage","1","1"
"collage editor","collage","1","1"
"collage generator","collage","1","1"
"collage journal","collage","1","1"
"collage maker video","collage","1","1"
"collage pic maker","collage","1","1"
"high quality collage maker","collage","1","1"
"vpn free","vpn","1","1"
"vpn proxy master","vpn","1","1"
"vpn india","vpn","1","1"
"vpn tunnel","vpn","1","1"
"vpn app","vpn","1","1"
"vpn and proxy tools","vpn","1","1"
"vpn australia","vpn","1","1"
"vpn avast","vpn","1","1"
"widgets editor","widgets","1","1"
"widgets google search bar","widgets","1","1"
"widgets maker","widgets","1","1"
"widgets reminder","widgets","1","1"
"chatbot image generator","chatbot","1","1"
"chatbot maker","chatbot","1","1"
"chatbot photo editor","chatbot","1","1"
"metronome bpm counter","metronome","1","1"
"metronome counter","metronome","1","1"
"metronome lab bpm counter","metronome","1","1"
"metronome practice","metronome","1","1"
"metronome speed trainer","metronome","1","1"
"metronome timer free app","metronome","1","1"
"metronome with counter","metronome","1","1"
"karaoke maker","karaoke","1","1"
"karaoke editor app","karaoke","1","1"
"karaoke generator","karaoke","1","1"
"karaoke tagalog","karaoke","1","1"
"karaoke track maker","karaoke","1","1"
"starmaker karaoke update","karaoke","1","1"
"karaoke voice enhancer","karaoke","1","1"
"podcast editor free","podcast","1","1"
"podcast intro maker","podcast","1","1"
"podcast logo maker","podcast","1","1"
"podcast maker ai","podcast","1","1"
"podcast player and tracker","podcast","1","1"
"podcast tracker","podcast","1","1"
"podcast video maker app","podcast","1","1"
"podcast video editor","podcast","1","1"
"keto tracker app free","keto","1","1"
"keto calculator free","keto","1","1"
"keto diet tracker","keto","1","1"
"keto food scanner","keto","1","1"
"keto food tracker","keto","1","1"
"keto macro tracker","keto","1","1"
"keto scanner","keto","1","1"
"free keto tracker","keto","1","1"
"vegan app scanner","vegan","1","1"
"vegan video editor","vegan","1","1"
"vegan food scanner","vegan","1","1"
"vegan food tracker","vegan","1","1"
"vegan finder","vegan","1","1"
"vegan scanner kostenlos","vegan","1","1"
"vegan nutrition tracker","vegan","1","1"
"vegan product scanner","vegan","1","1"
"desserts game","desserts","1","1"
"desserts diy","desserts","1","1"
"desserts recipes","desserts","1","1"
"desserts merge","desserts","1","1"
"desserts app","desserts","1","1"
"desserts shop","desserts","1","1"
"desserts wallpaper","desserts","1","1"
"heavenly desserts","desserts","1","1"
"cocktails by steve","cocktails","1","1"
"cocktails and conversation","cocktails","1","1"
"cocktails guru","cocktails","1","1"
"cocktails game","cocktails","1","1"
"cocktails recipe","cocktails","1","1"
"cocktails app","cocktails","1","1"
"cocktails art","cocktails","1","1"
"cocktails rezept app","cocktails","1","1"
"camping van","camping","1","1"
"camping info","camping","1","1"
"camping comfort app","camping","1","1"
"camping key","camping","1","1"
"camping australia","camping","1","1"
"camping ametlla","camping","1","1"
"camping ametza","camping","1","1"
"camping bus game","camping","1","1"
"aquarium fish identifier","aquarium","1","1"
"aquarium glass calculator","aquarium","1","1"
"aquarium plant identifier","aquarium","1","1"
"aquarium journal","aquarium","1","1"
"aquarium planner","aquarium","1","1"
"aquarium reminder","aquarium","1","1"
"aquarium tracker","aquarium","1","1"
"aquarium tank size calculator","aquarium","1","1"
"manifestation journal","manifestation","1","1"
"manifestation diary","manifestation","1","1"
"manifestation counter","manifestation","1","1"
"manifestation coach","manifestation","1","1"
"manifestation tracker","manifestation","1","1"
"chakra relax jewel","chakra","1","1"
"chakraview school bus tracker","chakra","1","1"
"chakra game","chakra","1","1"
"chakra app","chakra","1","1"
"chakra athletica","chakra","1","1"
"chakra activation app","chakra","1","1"
"chakra achievers","chakra","1","1"
"chakra aap","chakra","1","1"
"golf journal","golf","1","1"
"golf league tracker","golf","1","1"
"golf practice","golf","1","1"
"golf rangefinder app free","golf","1","1"
"golf tracker app free","golf","1","1"
"golf yardage tracker","golf","1","1"
"tennis coach","tennis","1","1"
"tennis finder","tennis","1","1"
"tennis serve speed tracker","tennis","1","1"
"tennis tracker","tennis","1","1"
"pollen count app","pollen","1","1"
"pollen agro ess","pollen","1","1"
"pollen allergy tracker","pollen","1","1"
"pollen wise","pollen","1","1"
"pollen pal","pollen","1","1"
"pollen forecast","pollen","1","1"
"pollen sense","pollen","1","1"
"pollen allergy app","pollen","1","1"
"workout counter","workout","1","0"
"workout calorie counter","workout","1","0"
"workout diary","workout","1","0"
"workout generator","workout","1","0"
"workout interval timer","workout","1","0"
"workout journal","workout","1","0"
"workout logger","workout","1","0"
"workout log book","workout","1","0"
"gym trainer app","gym","1","0"
"gym coach","gym","1","0"
"gym diary","gym","1","0"
"gym exercise tracker","gym","1","0"
"gym journal","gym","1","0"
"gym log","gym","1","0"
"gym next timer","gym","1","0"
"gym planner","gym","1","0"
"home workout ai trainer","home workout","1","0"
"keep home workout trainer","home workout","1","0"
"home workout log","home workout","1","0"
"home workout planner","home workout","1","0"
"home workout personal trainer","home workout","1","0"
"home workout tracker","home workout","1","0"
"home workout timer","home workout","1","0"
"weight loss calculator","weight loss","1","0"
"weight loss coach","weight loss","1","0"
"weight loss diary","weight loss","1","0"
"weight loss injection tracker","weight loss","1","0"
"weight loss journal","weight loss","1","0"
"weight loss journey tracker","weight loss","1","0"
"weight loss log","weight loss","1","0"
"weight loss planner","weight loss","1","0"
"lose weight calorie tracker","lose weight","1","0"
"weight lose step counter","lose weight","1","0"
"lose weight planner","lose weight","1","0"
"water reminder lose weight","lose weight","1","0"
"lose weight tracker","lose weight","1","0"
"calorie counter free","calorie counter","1","0"
"calorie counter bangladeshi food","calorie counter","1","0"
"calorie counter by fatsecret","calorie counter","1","0"
"calorie counter south africa","calorie counter","1","0"
"calorie counter ai","calorie counter","1","0"
"calorie counter australia free","calorie counter","1","0"
"calorie counter app","calorie counter","1","0"
"calorie counter by numify","calorie counter","1","0"
"diet tracker","diet","1","0"
"diet diary","diet","1","0"
"diet chart maker","diet","1","0"
"diet coach","diet","1","0"
"diet food tracker","diet","1","0"
"diet generator","diet","1","0"
"diet calculator indian food","diet","1","0"
"diet journal","diet","1","0"
"fasting tracker app free","fasting","1","0"
"fasting timer","fasting","1","0"
"fasting and calorie counter","fasting","1","0"
"fasting app timer","fasting","1","0"
"fasting counter","fasting","1","0"
"fasting calculator","fasting","1","0"
"fasting countdown timer","fasting","1","0"
"fasting diary","fasting","1","0"
"intermittent fasting tracker app","intermittent fasting","1","0"
"intermittent fasting calculator","intermittent fasting","1","0"
"intermittent fasting tracker free","intermittent fasting","1","0"
"intermittent fasting timer","intermittent fasting","1","0"
"running and timer app","running","1","0"
"running calculator","running","1","0"
"running coach app free","running","1","0"
"running distance tracker app","running","1","0"
"running distance calculator","running","1","0"
"running gps tracker","running","1","0"
"running hours calculator","running","1","0"
"running interval timer","running","1","0"
"walking calculator","walking","1","0"
"walking distance tracker","walking","1","0"
"walking exercise tracker","walking","1","0"
"walking jogging tracker","walking","1","0"
"walking journal","walking","1","0"
"walking kilometers counter","walking","1","0"
"walking km tracker","walking","1","0"
"walking log","walking","1","0"
"pedometer step counter app","pedometer","1","0"
"pedometer and water tracker","pedometer","1","0"
"pedometer by ito technologies","pedometer","1","0"
"step counter pedometer bmi","pedometer","1","0"
"pedometer calorie counter","pedometer","1","0"
"pedometer counter","pedometer","1","0"
"stepup pedometer step counter","pedometer","1","0"
"google pedometer step counter","pedometer","1","0"
"steps and calorie counter","steps","1","0"
"steps distance calculator","steps","1","0"
"easy steps editor","steps","1","0"
"steps generator","steps","1","0"
"steps to km converter","steps","1","0"
"dance steps practice","steps","1","0"
"steps reminder","steps","1","0"
"steps tracker free","steps","1","0"
"yoga practice","yoga","1","0"
"yoga timer","yoga","1","0"
"yoga tracker","yoga","1","0"
"stretching exercise","stretching","1","0"
"stretching game","stretching","1","0"
"stretching for men","stretching","1","0"
"stretching timer","stretching","1","0"
"stretching legs","stretching","1","0"
"stretching and flexibility bend","stretching","1","0"
"stretching apps","stretching","1","0"
"stretching and flexibility app","stretching","1","0"
"breathing timer app","breathing","1","0"
"breathing counter","breathing","1","0"
"breathing coach","breathing","1","0"
"breathing exercises timer","breathing","1","0"
"breathing practice","breathing","1","0"
"awesome breathing pacer timer","breathing","1","0"
"breathing rate counter","breathing","1","0"
"breathing reminder","breathing","1","0"
"sleep coach","sleep","1","0"
"sleep cycle calculator","sleep","1","0"
"sleep calculator app","sleep","1","0"
"sleep counter","sleep","1","0"
"sleep diary","sleep","1","0"
"sleep debt tracker","sleep","1","0"
"sleep hours tracker","sleep","1","0"
"sleep journal","sleep","1","0"
"sleep tracker ai","sleep tracker","1","0"
"sleep tracker white noise","sleep tracker","1","0"
"sleep tracker widget","sleep tracker","1","0"
"sleep tracker pokemon","sleep tracker","1","0"
"sleep tracker no ads","sleep tracker","1","0"
"sleep tracker game","sleep tracker","1","0"
"sleep tracker sleep sounds","sleep tracker","1","0"
"sleep tracker apnea","sleep tracker","1","0"
"water reminder","water reminder","1","0"
"water intake reminder app","water reminder","1","0"
"water break reminder","water reminder","1","0"
"water tracker dolphin reminder","water reminder","1","0"
"water flow reminder","water reminder","1","0"
"water hydration reminder","water reminder","1","0"
"water lama reminder","water reminder","1","0"
"water and meal reminder","water reminder","1","0"
"habit tracker app","habit tracker","1","0"
"habit tracker widget","habit tracker","1","0"
"habit tracker innergrow","habit tracker","1","0"
"habit tracker davetech","habit tracker","1","0"
"habit tracker game","habit tracker","1","0"
"habit tracker wallpaper","habit tracker","1","0"
"habit tracker calendar","habit tracker","1","0"
"habit tracker cute","habit tracker","1","0"
"period tracker my calendar","period tracker","1","0"
"period tracker for teens","period tracker","1","0"
"period tracker calendar app","period tracker","1","0"
"period tracker ovulation calendar","period tracker","1","0"
"period tracker ovulation cycle","period tracker","1","0"
"period tracker and ovulation","period tracker","1","0"
"period tracker dragon","period tracker","1","0"
"period tracker clue","period tracker","1","0"
"pregnancy tracker app","pregnancy","1","0"
"pregnancy calculator app","pregnancy","1","0"
"pregnancy and baby tracker","pregnancy","1","0"
"pregnancy app calculator","pregnancy","1","0"
"pregnancy calculator and tracker","pregnancy","1","0"
"pregnancy date calculator","pregnancy","1","0"
"pregnancy due date calculator","pregnancy","1","0"
"pregnancy delivery date calculator","pregnancy","1","0"
"hiit tabata workout generator","hiit","1","0"
"hiit timer","hiit","1","0"
"hiit bike fagner trainer","hiit","1","0"
"hiit coach","hiit","1","0"
"hiit counter","hiit","1","0"
"hiit cardio timer","hiit","1","0"
"freeletics hiit fitness coach","hiit","1","0"
"hiit generator","hiit","1","0"
"abs workout for men","abs workout","1","0"
"abs workout for kids","abs workout","1","0"
"abs workout with dumbbells","abs workout","1","0"
"abs workout at home","abs workout","1","0"
"abs workout and diet","abs workout","1","0"
"abs and biceps workout","abs workout","1","0"
"beginner abs workout","abs workout","1","0"
"best abs workout","abs workout","1","0"
"muscle monster workout planner","muscle","1","0"
"muscle body editor","muscle","1","0"
"muscle editor","muscle","1","0"
"muscle enhancer editor","muscle","1","0"
"muscle maker","muscle","1","0"
"muscle planner","muscle","1","0"
"muscle photo editor app","muscle","1","0"
"muscle scanner","muscle","1","0"
"strength log","strength","1","0"
"strength calculator","strength","1","0"
"strength coach","strength","1","0"
"strength finder","strength","1","0"
"strength level calculator","strength","1","0"
"signal strength scanner","strength","1","0"
"strength tracker","strength","1","0"
"workout log tracker","workout log","1","0"
"workout logger free","workout log","1","0"
"workout log simple","workout log","1","0"
"workout log app free","workout log","1","0"
"gym workout log","workout log","1","0"
"strive workout log","workout log","1","0"
"setgraph workout log","workout log","1","0"
"daily workout log","workout log","1","0"
"meal planner free app","meal plan","1","0"
"meal planner indian","meal plan","1","0"
"coach base meal plan","meal plan","1","0"
"meal plan diary","meal plan","1","0"
"meal plan generator","meal plan","1","0"
"meal plan maker","meal plan","1","0"
"meal planner weekly plan","meal plan","1","0"
"healthy recipes","healthy recipes","1","0"
"healthy cooking recipes app","healthy recipes","1","0"
"healthy food recipes app","healthy recipes","1","0"
"healthy breakfast recipes","healthy recipes","1","0"
"healthy diet recipes app","healthy recipes","1","0"
"healthy drinks recipes","healthy recipes","1","0"
"healthy dinner recipes","healthy recipes","1","0"
"salad recipes healthy diet","healthy recipes","1","0"
"bmi calculator malaysia","bmi","1","0"
"bmi and bmr calculator","bmi","1","0"
"bmi and calorie calculator","bmi","1","0"
"bmi age calculator","bmi","1","0"
"bmi and weight tracker","bmi","1","0"
"bmi bmr calculator","bmi","1","0"
"bmi calculator for kids","bmi","1","0"
"download bmi calculator","bmi","1","0"
"heart rate tracker daily","heart rate","1","0"
"heart rate counter","heart rate","1","0"
"heart rate calculator","heart rate","1","0"
"heart rate diary","heart rate","1","0"
"heart rate log","heart rate","1","0"
"heart rate variability logger","heart rate","1","0"
"heart rate scanner","heart rate","1","0"
"heart rate tracker app","heart rate","1","0"
"blood pressure bpm tracker","blood pressure","1","0"
"blood pressure diary app","blood pressure","1","0"
"blood pressure elog","blood pressure","1","0"
"blood pressure fingerprint scanner","blood pressure","1","0"
"blood pressure finger scanner","blood pressure","1","0"
"blood pressure health diary","blood pressure","1","0"
"blood pressure journal","blood pressure","1","0"
"blood pressure log","blood pressure","1","0"
"quit smoking app tracker","quit smoking","1","0"
"quit smoking counter","quit smoking","1","0"
"quit smoking day counter","quit smoking","1","0"
"quit smoking gradual tracker","quit smoking","1","0"
"quit smoking health tracker","quit smoking","1","0"
"quit tracker stop smoking","quit smoking","1","0"
"quit smoking tracker","quit smoking","1","0"
"body posture editor","posture","1","0"
"posture maker","posture","1","0"
"posture reminder","posture","1","0"
"posture scanner","posture","1","0"
"posture tracker","posture","1","0"
"posture timer","posture","1","0"
"posture trainer","posture","1","0"
"to do and reminder","to do","1","0"
"to do reminder","to do","1","0"
"to do with reminder","to do","1","0"
"task manager for android","task manager","1","0"
"task manager free","task manager","1","0"
"task manager shizuku","task manager","1","0"
"task manager game","task manager","1","0"
"task manager locator","task manager","1","0"
"task manager widget","task manager","1","0"
"task manager killer","task manager","1","0"
"task manager cpu","task manager","1","0"
"planner app","planner","1","0"
"planners and organizer","planner","1","0"
"planner calendar","planner","1","0"
"planner microsoft","planner","1","0"
"planner google","planner","1","0"
"planner study","planner","1","0"
"planner workout","planner","1","0"
"planner time","planner","1","0"
"daily planner free app","daily planner","1","0"
"daily planner todo","daily planner","1","0"
"daily planner for students","daily planner","1","0"
"daily planner widget","daily planner","1","0"
"daily planner and journal","daily planner","1","0"
"daily planner for kids","daily planner","1","0"
"daily planner cute","daily planner","1","0"
"daily planner app","daily planner","1","0"
"calendar and planner","calendar","1","0"
"calendar converter to ethiopian","calendar","1","0"
"calendar calculator","calendar","1","0"
"calendar diary","calendar","1","0"
"calendar event reminder","calendar","1","0"
"calendar goal tracker","calendar","1","0"
"calendar journal","calendar","1","0"
"calendar period tracker","calendar","1","0"
"schedule maker","schedule","1","0"
"schedule planner for students","schedule","1","0"
"schedule alarm reminder","schedule","1","0"
"schedule diary","schedule","1","0"
"schedule editor","schedule","1","0"
"eskwela ai schedule scanner","schedule","1","0"
"exam schedule planner","schedule","1","0"
"schedule generator","schedule","1","0"
"reminder app with alarm","reminder","1","0"
"reminder app with notification","reminder","1","0"
"reminders app free","reminder","1","0"
"reminder notes","reminder","1","0"
"reminder google","reminder","1","0"
"reminder to drink water","reminder","1","0"
"reminder to do list","reminder","1","0"
"reminder app for medicine","reminder","1","0"
"focus coaching center","focus","1","0"
"focus ca coaching","focus","1","0"
"focus journal","focus","1","0"
"focus reminder","focus","1","0"
"focus radiology","focus","1","0"
"timer app for studying","timer","1","0"
"timer for study","timer","1","0"
"timer rubik s cube","timer","1","0"
"timer for basketball","timer","1","0"
"timer stopwatch","timer","1","0"
"timer full screen","timer","1","0"
"timer cube","timer","1","0"
"timer boxing","timer","1","0"
"stopwatch and timer","stopwatch","1","0"
"stopwatch analog","stopwatch","1","0"
"stopwatch app countdown timer","stopwatch","1","0"
"stopwatch counter","stopwatch","1","0"
"stopwatch calculator","stopwatch","1","0"
"stopwatch countdown timer","stopwatch","1","0"
"easy tap stopwatch timer","stopwatch","1","0"
"stopwatch en timer gratis","stopwatch","1","0"
"diary notebook","diary","1","0"
"diary with password","diary","1","0"
"diary journal","diary","1","0"
"diary cute","diary","1","0"
"diary app with lock","diary","1","0"
"diary app free","diary","1","0"
"diary app download","diary","1","0"
"diary aap","diary","1","0"
"mood journal","mood journal","1","0"
"voice journal mood diary","mood journal","1","0"
"daylio journal mood","mood journal","1","0"
"journal with mood tracker","mood journal","1","0"
"checklist maker","checklist","1","0"
"checklist planner","checklist","1","0"
"checklist reminder app","checklist","1","0"
"checklist tracker","checklist","1","0"
"checklist timer","checklist","1","0"
"checklist with calculator","checklist","1","0"
"goal tracker app","goal tracker","1","0"
"goal tracker wallpaper","goal tracker","1","0"
"goal tracker widget","goal tracker","1","0"
"goal tracker loan","goal tracker","1","0"
"goal tracker game","goal tracker","1","0"
"goal tracker for students","goal tracker","1","0"
"goal tracker workout calendar","goal tracker","1","0"
"goal tracker ai","goal tracker","1","0"
"morning routine for kids","morning routine","1","0"
"morning routine exercise","morning routine","1","0"
"morning routine planner","morning routine","1","0"
"morning routine tracker","morning routine","1","0"
"morning routine for school","morning routine","1","0"
"morning routine app","morning routine","1","0"
"morning routine alarm","morning routine","1","0"
"morning routine for boys","morning routine","1","0"
"study tracker","study","1","0"
"study app timer","study","1","0"
"study bunny focus timer","study","1","0"
"study diary","study","1","0"
"study daily routine planner","study","1","0"
"study focus timer","study","1","0"
"study hours tracker","study","1","0"
"study habit tracker","study","1","0"
"flashcards maker","flashcards","1","0"
"anki flashcards biology","flashcards","1","0"
"flashcards generator","flashcards","1","0"
"biology flashcards neet","flashcards","1","0"
"flashcards quiz maker","flashcards","1","0"
"medical terminology flashcards","flashcards","1","0"
"mind map maker","mind map","1","0"
"mind map biology neet","mind map","1","0"
"mind map coaching","mind map","1","0"
"mind map generator","mind map","1","0"
"voice recorder and editor","voice recorder","1","0"
"voice recorder diary","voice recorder","1","0"
"voice recorder music maker","voice recorder","1","0"
"voice recorder restore app","voice recorder","1","0"
"voice recorder video editor","voice recorder","1","0"
"voice recorder vlog","voice recorder","1","0"
"voice recorder with timer","voice recorder","1","0"
"pdf editor","pdf","1","0"
"pdf scanner","pdf","1","0"
"pdf ace scanner","pdf","1","0"
"pdf and jpg converter","pdf","1","0"
"pdf bill maker","pdf","1","0"
"pdf book maker","pdf","1","0"
"pdf converter app","pdf","1","0"
"pdf camera scanner","pdf","1","0"
"pdf scanner free","pdf scanner","1","0"
"pdf scanner and reader","pdf scanner","1","0"
"pdf scanner adobe","pdf scanner","1","0"
"pdf scanner ai","pdf scanner","1","0"
"pdf scanner and editor","pdf scanner","1","0"
"pdf scanner ad free","pdf scanner","1","0"
"pdf scanner best","pdf scanner","1","0"
"pdf scanner book","pdf scanner","1","0"
"document scanner pdf","document scanner","1","0"
"document scanner oken","document scanner","1","0"
"document scanner microsoft","document scanner","1","0"
"document scanner google","document scanner","1","0"
"document scanner adobe","document scanner","1","0"
"document scanner clear","document scanner","1","0"
"document scanner ai","document scanner","1","0"
"document scanner ad free","document scanner","1","0"
"countdown calendar tracker","countdown","1","0"
"countdown event timer","countdown","1","0"
"countdown exercise timer","countdown","1","0"
"exam countdown and planner","countdown","1","0"
"countdown flip clock timer","countdown","1","0"
"countdown maker","countdown","1","0"
"countdown picture timer","countdown","1","0"
"countdown planner","countdown","1","0"
"budget tracker app","budget tracker","1","0"
"budget tracker peso","budget tracker","1","0"
"budget tracker ph","budget tracker","1","0"
"budget tracker college","budget tracker","1","0"
"budget tracker no ads","budget tracker","1","0"
"budget tracker pro","budget tracker","1","0"
"budget tracker and planner","budget tracker","1","0"
"budget tracker ai","budget tracker","1","0"
"expense tracker free","expense tracker","1","0"
"expense tracker google","expense tracker","1","0"
"expense tracker easybudget","expense tracker","1","0"
"expense tracker zoho","expense tracker","1","0"
"expense tracker sms","expense tracker","1","0"
"expense tracker ai","expense tracker","1","0"
"expense tracker family","expense tracker","1","0"
"expense tracker cute","expense tracker","1","0"
"money manager finance tracker","money manager","1","0"
"money manager loan calculator","money manager","1","0"
"money manager calculator","money manager","1","0"
"money manager debt tracker","money manager","1","0"
"money manager loan tracker","money manager","1","0"
"money manager savings tracker","money manager","1","0"
"money manager tracker","money manager","1","0"
"loan manager money tracker","money manager","1","0"
"savings tracker","savings","1","0"
"savings profit calculator","savings","1","0"
"savings calculator","savings","1","0"
"savings app tracker","savings","1","0"
"savings account interest calculator","savings","1","0"
"savings bond calculator","savings","1","0"
"savings counter","savings","1","0"
"savings challenge tracker","savings","1","0"
"save money goal tracker","save money","1","0"
"save money tracker","save money","1","0"
"budget planner save money","save money","1","0"
"save money counter","save money","1","0"
"money save diary","save money","1","0"
"save money planner","save money","1","0"
"debt payoff planner","debt","1","0"
"debt tracker","debt","1","0"
"debt and bill tracker","debt","1","0"
"debt and installment tracker","debt","1","0"
"debt calculator","debt","1","0"
"debt free coach","debt","1","0"
"debt pay off tracker","debt","1","0"
"debt pay off planner","debt","1","0"
"bill reminder","bill reminder","1","0"
"bill pay reminder app","bill reminder","1","0"
"bill payment reminder app","bill reminder","1","0"
"bill due date reminder","bill reminder","1","0"
"bill organizer and reminder","bill reminder","1","0"
"investing calculator app","investing","1","0"
"investing daddy ltp calculator","investing","1","0"
"investing practice","investing","1","0"
"investing portfolio tracker","investing","1","0"
"investing tracker","investing","1","0"
"stocks calculator","stocks","1","0"
"stocks portfolio tracker","stocks","1","0"
"stocks practice","stocks","1","0"
"stocks research","stocks","1","0"
"stocks scanner","stocks","1","0"
"stocks tracker","stocks","1","0"
"stocks trainer","stocks","1","0"
"crypto calculator","crypto","1","0"
"crypto price tracker","crypto","1","0"
"crypto portfolio tracker","crypto","1","0"
"bitcoin calculator","bitcoin","1","0"
"bitcoin generator app","bitcoin","1","0"
"bitcoin tracker","bitcoin","1","0"
"bitcoin private key finder","bitcoin","0","1"
"portfolio maker","portfolio","1","0"
"portfolio tracker free","portfolio","1","0"
"portfolio app maker","portfolio","1","0"
"portfolio calculator","portfolio","1","0"
"portfolio dividend tracker","portfolio","1","0"
"delta portfolio tracker","portfolio","1","0"
"portfolio editor","portfolio","1","0"
"stock events portfolio tracker","portfolio","1","0"
"net worth calculator","net worth","1","0"
"net worth tracker free","net worth","1","0"
"net worth tracker sumio","net worth","1","0"
"tip calculator app","tip calculator","1","0"
"tip calculator no ads","tip calculator","1","0"
"tip calculator usa","tip calculator","1","0"
"ez tip calculator","tip calculator","1","0"
"restaurant tip calculator","tip calculator","1","0"
"smart tip calculator","tip calculator","1","0"
"simple tip calculator","tip calculator","1","0"
"easy tip calculator","tip calculator","1","0"
"loan calculator sutra","loan calculator","1","0"
"loan calculator ultra","loan calculator","1","0"
"loan calculator app free","loan calculator","1","0"
"loan calculator pro","loan calculator","1","0"
"loan calculator max","loan calculator","1","0"
"loan calculator app ethiopia","loan calculator","1","0"
"loan calculator emi payment","loan calculator","1","0"
"loan calculator app kenya","loan calculator","1","0"
"mortgage calculator","mortgage","1","0"
"mortgage loan calculator app","mortgage","1","0"
"mortgage amortization calculator","mortgage","1","0"
"mortgage affordability calculator","mortgage","1","0"
"mortgage interest rate tracker","mortgage","1","0"
"crosscountry mortgage login","mortgage","1","0"
"mortgage overpayment calculator","mortgage","1","0"
"mortgage payoff calculator","mortgage","1","0"
"currency converter","currency converter","1","0"
"converter money currency","currency converter","1","0"
"receipt scanner for rewards","receipt scanner","1","0"
"receipt scanner for money","receipt scanner","1","0"
"receipt scanner for business","receipt scanner","1","0"
"receipt scanner organizer free","receipt scanner","1","0"
"receipt scanner easy claim","receipt scanner","1","0"
"receipt scanner for taxes","receipt scanner","1","0"
"receipt scanner for cash","receipt scanner","1","0"
"receipt scanner canada","receipt scanner","1","0"
"invoice generator","invoice","1","0"
"invoice and estimate maker","invoice","1","0"
"invoice bill maker","invoice","1","0"
"invoice barcode scanner","invoice","1","0"
"invoice calculator","invoice","1","0"
"invoice design maker","invoice","1","0"
"invoice due date calculator","invoice","1","0"
"invoice editor","invoice","1","0"
"tax calculator","tax","1","0"
"tax invoice bill maker","tax","1","0"
"tax identification number app","tax","1","0"
"tax identification number tin","tax","1","0"
"tax invoice maker","tax","1","0"
"quick edit tax editor","tax","1","0"
"tax scanner","tax","1","0"
"allowance tracker","allowance","1","0"
"bend allowance calculator","allowance","1","0"
"dearness allowance calculator","allowance","1","0"
"kids money tracker","kids money","1","0"
"money counter for kids","kids money","1","0"
"money tracker for kids","kids money","1","0"
"money maker for kids","kids money","1","0"
"subscription tracker","subscription tracker","1","0"
"subscription renewal tracker","subscription tracker","1","0"
"learn english app","learn english","1","0"
"learn english with ai","learn english","1","0"
"learn english in pashto","learn english","1","0"
"learn english somali","learn english","1","0"
"learn english ai","learn english","1","0"
"learn english amharic language","learn english","1","0"
"learn english abc","learn english","1","0"
"learn english and spanish","learn english","1","0"
"learn spanish for kids","learn spanish","1","0"
"learn spanish game","learn spanish","1","0"
"learn spanish ai","learn spanish","1","0"
"learn spanish alphabet","learn spanish","1","0"
"learn spanish argentina","learn spanish","1","0"
"learn spanish advanced","learn spanish","1","0"
"learn spanish abc","learn spanish","1","0"
"learn spanish audio","learn spanish","1","0"
"learn french free","learn french","1","0"
"learn french language","learn french","1","0"
"learn french with clemence","learn french","1","0"
"learn french ai","learn french","1","0"
"learn french app","learn french","1","0"
"learn french alphabet","learn french","1","0"
"learn french advanced","learn french","1","0"
"learn french audio","learn french","1","0"
"learn japanese kanji","learn japanese","1","0"
"learn japanese alphabet","learn japanese","1","0"
"learn japanese for kids","learn japanese","1","0"
"learn japanese ai","learn japanese","1","0"
"learn japanese and korean","learn japanese","1","0"
"learn japanese anime","learn japanese","1","0"
"learn japanese audio","learn japanese","1","0"
"learn japanese apps","learn japanese","1","0"
"language generator","language","1","0"
"language identifier","language","1","0"
"language journal","language","1","0"
"language maker","language","1","0"
"language practice","language","1","0"
"language scanner translator","language","1","0"
"vocabulary cards maker","vocabulary","1","0"
"vocabulary english to tagalog","vocabulary","1","0"
"vocabulary journal","vocabulary","1","0"
"vocabulary list maker","vocabulary","1","0"
"vocabulary learner","vocabulary","1","0"
"vocabulary maker","vocabulary","1","0"
"vocabulary practice app","vocabulary","1","0"
"vocabulary trainer","vocabulary","1","0"
"math calculator","math","1","0"
"math editor","math","1","0"
"math formula with practice","math","1","0"
"math learner","math","1","0"
"math logic games","math","1","0"
"math makers","math","1","0"
"math practice","math","1","0"
"math trainer","math","1","0"
"math kids","math kids","1","0"
"math for kids addition","math kids","1","0"
"babybus kids math games","math kids","1","0"
"kids math book","math kids","1","0"
"kids math challenge","math kids","1","0"
"math calculation for kids","math kids","1","0"
"math crossword for kids","math kids","1","0"
"kids division math games","math kids","1","0"
"multiplication table practice","multiplication","1","0"
"guitar chord finder","guitar","1","0"
"guitar ear trainer","guitar","1","0"
"guitar fretboard note trainer","guitar","1","0"
"guitar interval trainer","guitar","1","0"
"guitar journal","guitar","1","0"
"guitar note trainer","guitar","1","0"
"guitar note identifier","guitar","1","0"
"guitar practice","guitar","1","0"
"ukulele tuner app","ukulele","1","0"
"ukulele tabs","ukulele","1","0"
"ukulele app","ukulele","1","0"
"ukulele tuna","ukulele","1","0"
"ukulele play","ukulele","1","0"
"ukulele adjuster","ukulele","1","0"
"ukulele ai","ukulele","1","0"
"ukulele and guitar tuner","ukulele","1","0"
"drawing apps for adults","drawing","1","0"
"drawing sketch","drawing","1","0"
"drawing trace","drawing","1","0"
"drawing art","drawing","1","0"
"drawing games kids free","drawing","1","0"
"drawing anime app","drawing","1","0"
"drawing app car","drawing","1","0"
"drawing app easy","drawing","1","0"
"how to draw easy","how to draw","1","0"
"how to draw trace","how to draw","1","0"
"how to draw together","how to draw","1","0"
"how to draw simple","how to draw","1","0"
"how to draw cartoon","how to draw","1","0"
"how to drawing games","how to draw","1","0"
"how to draw app","how to draw","1","0"
"how to draw anything","how to draw","1","0"
"tynker coding for kids","coding for kids","1","0"
"python coding for kids","coding for kids","1","0"
"hopscotch coding for kids","coding for kids","1","0"
"scratch coding for kids","coding for kids","1","0"
"coding for kids free","coding for kids","1","0"
"abc homeopathy remedy finder","abc","1","0"
"abc ice cream maker","abc","1","0"
"abc logistics app","abc","1","0"
"abc trainerize app","abc","1","0"
"toddler meal planner","toddler","1","0"
"toddler routine planner","toddler","1","0"
"toddler timer","toddler","1","0"
"toddler tracker","toddler","1","0"
"toddler visual timer","toddler","1","0"
"toddler word search","toddler","1","0"
"toddler word tracker","toddler","1","0"
"preschool games","preschool","1","0"
"preschool bengali","preschool","1","0"
"preschool app","preschool","1","0"
"preschool prep company","preschool","1","0"
"preschool learning games free","preschool","1","0"
"preschool hindi","preschool","1","0"
"preschool play","preschool","1","0"
"preschool activities","preschool","1","0"
"kids learning games","kids learning","1","0"
"kids learning apps free","kids learning","1","0"
"kids learning tube","kids learning","1","0"
"kids learning apps bangla","kids learning","1","0"
"kids learning videos games","kids learning","1","0"
"kids learning apps amharic","kids learning","1","0"
"kids learning apps gujarati","kids learning","1","0"
"kids learning apps urdu","kids learning","1","0"
"phonics learning app","phonics","1","0"
"phonics games for kids","phonics","1","0"
"phonics sense","phonics","1","0"
"phonics sounds of words","phonics","1","0"
"phonics hero","phonics","1","0"
"phonics browser","phonics","1","0"
"phonics app free","phonics","1","0"
"phonics play","phonics","1","0"
"reading log for kids","reading kids","1","0"
"kids reading practice","reading kids","1","0"
"reading for kids tagalog","reading kids","1","0"
"reading tracker for kids","reading kids","1","0"
"typing diary","typing","1","0"
"typing editor","typing","1","0"
"typing keyboard practice","typing","1","0"
"typing lessons and practice","typing","1","0"
"typing practice game","typing","1","0"
"typing practice keyboard","typing","1","0"
"typing video editor app","typing","1","0"
"chess editor","chess","1","0"
"chess next move calculator","chess","1","0"
"chess openings trainer","chess","1","0"
"chess practice","chess","1","0"
"chess scanner","chess","1","0"
"chess timer app","chess","1","0"
"chess trainer","chess","1","0"
"chess with timer","chess","1","0"
"quiz generator","quiz","1","0"
"logic quiz quiz","quiz","1","0"
"quiz reviewer maker","quiz","1","0"
"quiz video maker","quiz","1","0"
"e logo quiz","quiz","1","0"
"trivia de biología","trivia","1","0"
"trivia knowledge trainer","trivia","1","0"
"trivia logo","trivia","1","0"
"trivia maker","trivia","1","0"
"trivia practice","trivia","1","0"
"trivia trainer","trivia","1","0"
"trivia tagalog","trivia","1","0"
"anatomy and physiology games","anatomy","1","0"
"anatomy and physiology quiz","anatomy","1","0"
"kenhub anatomy and physiology","anatomy","1","0"
"anatomy practice","anatomy","1","0"
"anatomy physiology notes","anatomy","1","0"
"anatomy radiology","anatomy","1","0"
"radiology ct anatomy","anatomy","1","0"
"radiology anatomy app","anatomy","1","0"
"dating counter","dating","1","0"
"dating journal","dating","1","0"
"dating profile finder free","dating","1","0"
"dating tracker","dating","1","0"
"make friends nearby","make friends","1","0"
"make friends online","make friends","1","0"
"make friends worldwide","make friends","1","0"
"make friends for teens","make friends","1","0"
"make friends game","make friends","1","0"
"make friends free","make friends","1","0"
"make friends international","make friends","1","0"
"make friends teenagers","make friends","1","0"
"astrology and horoscope apps","astrology","1","0"
"astrology app tamil","astrology","1","0"
"astrology ai app","astrology","1","0"
"astrology app kannada","astrology","1","0"
"astrology by astrotime","astrology","1","0"
"astrology bengali","astrology","1","0"
"astrology birth chart gpt","astrology","1","0"
"astrology book in hindi","astrology","1","0"
"tarot and numerology","tarot","1","0"
"numerology calculator","numerology","1","0"
"numerology app","numerology","1","0"
"numerology lite","numerology","1","0"
"numerology and astrology free","numerology","1","0"
"numerology and biorhythms","numerology","1","0"
"numerology ai","numerology","1","0"
"numerology book in urdu","numerology","1","0"
"numerology book in hindi","numerology","1","0"
"mood tracker free","mood tracker","1","0"
"mood tracker app","mood tracker","1","0"
"mood tracker for couples","mood tracker","1","0"
"mood tracker for kids","mood tracker","1","0"
"mood tracker cute","mood tracker","1","0"
"mood tracker diary","mood tracker","1","0"
"mood tracker aesthetic","mood tracker","1","0"
"mood tracker pet","mood tracker","1","0"
"mental health coach","mental health","1","0"
"mental health diary","mental health","1","0"
"mental health journal prompts","mental health","1","0"
"mirror mental health journal","mental health","1","0"
"journaling app mental health","mental health","1","0"
"thera journaling mental health","mental health","1","0"
"mental health log","mental health","1","0"
"mental health planner","mental health","1","0"
"anxiety coach","anxiety","1","0"
"anxiety diary","anxiety","1","0"
"anxiety tracker free","anxiety","1","0"
"anxiety journal","anxiety","1","0"
"anxiety log","anxiety","1","0"
"self care journal","self care","1","0"
"self care diary","self care","1","0"
"self care dialog","self care","1","0"
"self care habit tracker","self care","1","0"
"mymory self-care journal","self care","1","0"
"self care planner","self care","1","0"
"self care reminder","self care","1","0"
"self care routine planner","self care","1","0"
"therapy notes","therapy notes","1","0"
"outfit planner","outfit","1","0"
"outfit maker app","outfit","1","0"
"outfit design maker","outfit","1","0"
"outfit editor","outfit","1","0"
"outfit finder","outfit","1","0"
"outfit generator","outfit","1","0"
"hello kitty outfit maker","outfit","1","0"
"outfit log","outfit","1","0"
"fashion show game","fashion","1","0"
"fashion doll game","fashion","1","0"
"fashion star","fashion","1","0"
"fashion and beauty games","fashion","1","0"
"fashion queen","fashion","1","0"
"fashion glow","fashion","1","0"
"fashion impress","fashion","1","0"
"fashion tailor","fashion","1","0"
"capsule wardrobe","capsule wardrobe","1","0"
"nails editor photo","nails","1","0"
"fake nails photo editor","nails","1","0"
"nails photo editor app","nails","1","0"
"nails logo maker","nails","1","0"
"nails maker","nails","1","0"
"nails poster maker","nails","1","0"
"hairstyle editor","hairstyle","1","0"
"men hairstyle photo editor","hairstyle","1","0"
"man hairstyle photo editor","hairstyle","1","0"
"hairstyle generator","hairstyle","1","0"
"hairstyle maker","hairstyle","1","0"
"hairstyle practice","hairstyle","1","0"
"video editor hairstyle","hairstyle","1","0"
"skincare scanner","skincare","1","0"
"skincare diary","skincare","1","0"
"skincare ingredient scanner","skincare","1","0"
"skincare journal","skincare","1","0"
"skincare log","skincare","1","0"
"skincare maker","skincare","1","0"
"skincare product scanner","skincare","1","0"
"skincare planner","skincare","1","0"
"skincare routine games","skincare routine","1","0"
"skincare routine diary","skincare routine","1","0"
"skincare routine for kids","skincare routine","1","0"
"skincare routine free","skincare routine","1","0"
"skincare routine asmr","skincare routine","1","0"
"skin bliss skincare routine","skincare routine","1","0"
"skincare routine calendar","skincare routine","1","0"
"cosplaydom skincare routine","skincare routine","1","0"
"makeup editor","makeup","1","0"
"makeup jewelry photo editor","makeup","1","0"
"makeup login","makeup","1","0"
"makeup video editor","makeup","1","0"
"photo editor background change","photo editor","1","0"
"photo editor video","photo editor","1","0"
"photo editor app","photo editor","1","0"
"photo editor dress change","photo editor","1","0"
"photo editor text","photo editor","1","0"
"photo editor frame","photo editor","1","0"
"photo editor ai app","photo editor","1","0"
"photo editor al","photo editor","1","0"
"video editor","video editor","1","0"
"xml file editor video","video editor","1","0"
"editor d video","video editor","1","0"
"n editor de video","video editor","1","0"
"video s editor app","video editor","1","0"
"photo collage video maker","photo collage","1","0"
"photo collage maker scrl","photo collage","1","0"
"photo collage book maker","photo collage","1","0"
"cdsl photo collage maker","photo collage","1","0"
"couple photo collage maker","photo collage","1","0"
"collagen photo collage editor","photo collage","1","0"
"photo collage editor app","photo collage","1","0"
"photo collage editor scrl","photo collage","1","0"
"dark filter photo editor","photo filter","1","0"
"photo filter editor","photo filter","1","0"
"film filter photo editor","photo filter","1","0"
"gta filter photo editor","photo filter","1","0"
"hd filter photo editor","photo filter","1","0"
"pink filter photo editor","photo filter","1","0"
"present filter photo editor","photo filter","1","0"
"red filter photo editor","photo filter","1","0"
"ai photo generator","ai photo","1","0"
"ai photo enhancer","ai photo","1","0"
"ai photo video maker","ai photo","1","0"
"ai photo and maker","ai photo","1","0"
"ai photo art editor","ai photo","1","0"
"ai photo birthday editor","ai photo","1","0"
"ai photo bikini editor","ai photo","1","0"
"ai photo collage maker","ai photo","1","0"
"headshot micro","headshot","1","0"
"headshot app","headshot","1","0"
"headshot macro","headshot","1","0"
"headshot gfx tool","headshot","1","0"
"headshot game","headshot","1","0"
"headshot ai","headshot","1","0"
"headshot and setting","headshot","1","0"
"headshot button","headshot","1","0"
"background remover and editor","background remover","1","0"
"background remover editor","background remover","1","0"
"image editor background remover","background remover","1","0"
"logo background remover","background remover","1","0"
"background remover sticker maker","background remover","1","0"
"background remover photo editor","background remover","1","0"
"photo enhancer free","photo enhancer","1","0"
"photo enhancer remove object","photo enhancer","1","0"
"photo enhancer gene art","photo enhancer","1","0"
"photo enhancer camera","photo enhancer","1","0"
"photo enhancer ai free","photo enhancer","1","0"
"photo enhancer al","photo enhancer","1","0"
"photo video enhancer app","photo enhancer","1","0"
"photo hd enhancer app","photo enhancer","1","0"
"old photo restore repair","old photo restore","1","0"
"old photo restore app","old photo restore","1","0"
"restore old delete photo","old photo restore","1","0"
"restore old photo free","old photo restore","1","0"
"old photo color restore","old photo restore","1","0"
"photo restore old pictures","old photo restore","1","0"
"slideshow maker with music","slideshow","1","0"
"slideshow maker free app","slideshow","1","0"
"slideshow photo maker","slideshow","1","0"
"slideshow ai video maker","slideshow","1","0"
"birthday slideshow maker","slideshow","1","0"
"birthday slideshow video maker","slideshow","1","0"
"pdf to slideshow converter","slideshow","1","0"
"canva slideshow maker","slideshow","1","0"
"reels editor","reels editor","1","0"
"reels video editor app","reels editor","1","0"
"editor de videos reels","reels editor","1","0"
"editor de reels","reels editor","1","0"
"editor de video reels","reels editor","1","0"
"video editor reels mak","reels editor","1","0"
"photo editor reels","reels editor","1","0"
"reels s video editor","reels editor","1","0"
"video trimmer","video trimmer","1","0"
"video croper and trimmer","video trimmer","1","0"
"video to audio trimmer","video trimmer","1","0"
"captions video editor","captions","1","0"
"captions editor de videos","captions","1","0"
"video captions editor","captions","1","0"
"captions ai editor","captions","1","0"
"captions generator","captions","1","0"
"captions editor ia","captions","1","0"
"captions maker","captions","1","0"
"memeos enhancer","meme","1","0"
"meme enhancer","meme","1","0"
"meme editor app","meme","1","0"
"meme finder","meme","1","0"
"meme generator app","meme","1","0"
"meme generator pro","meme","1","0"
"meme generator video","meme","1","0"
"meme generator tamil","meme","1","0"
"gif maker editor","gif maker","1","0"
"gif maker pro","gif maker","1","0"
"gif maker whatsapp","gif maker","1","0"
"gif maker tenor","gif maker","1","0"
"gif maker for instagram","gif maker","1","0"
"gif maker app tamil","gif maker","1","0"
"gif maker no ads","gif maker","1","0"
"gif maker keyboard","gif maker","1","0"
"camera body scanner","camera","1","0"
"camera editor","camera","1","0"
"camera for scanner","camera","1","0"
"camera pdf scanner","camera","1","0"
"camera qr code scanner","camera","1","0"
"camera scanner app","camera","1","0"
"camera scanner body","camera","1","0"
"camera scanner pdf","camera","1","0"
"selfie editor","selfie","1","0"
"selfie diary","selfie","1","0"
"selfie enhancer","selfie","1","0"
"daily selfie journal","selfie","1","0"
"selfie maker","selfie","1","0"
"selfie timer","selfie","1","0"
"passport photo maker ai","passport photo","1","0"
"passport photo converter","passport photo","1","0"
"digital passport photo maker","passport photo","1","0"
"passport photo editor","passport photo","1","0"
"passport photo generator","passport photo","1","0"
"passport photo maker gratis","passport photo","1","0"
"passport größe photo maker","passport photo","1","0"
"passport photo maker india","passport photo","1","0"
"photo cleanup","photo cleanup","1","0"
"duplicate photos fixer pro","duplicate photos","1","0"
"duplicate photos remover free","duplicate photos","1","0"
"duplicate photos delete app","duplicate photos","1","0"
"duplicate photos and videos","duplicate photos","1","0"
"duplicate photos app","duplicate photos","1","0"
"find duplicate photos","duplicate photos","1","0"
"duplicate photos cleaner","duplicate photos","1","0"
"clear duplicate photos","duplicate photos","1","0"
"qr scanner free","qr scanner","1","0"
"qr scanner wifi","qr scanner","1","0"
"qr scanner google","qr scanner","1","0"
"qr scanner trend micro","qr scanner","1","0"
"qr scanner aadhar card","qr scanner","1","0"
"qr scanner whatsapp","qr scanner","1","0"
"qr scanner code reader","qr scanner","1","0"
"qr scanner app","qr scanner","1","0"
"barcode scanner free","barcode scanner","1","0"
"barcode scanner price checker","barcode scanner","1","0"
"barcode scanner to excel","barcode scanner","1","0"
"barcode scanner keyboard","barcode scanner","1","0"
"barcode scanner pro","barcode scanner","1","0"
"barcode scanner to pc","barcode scanner","1","0"
"barcode scanner wifi","barcode scanner","1","0"
"barcode scanner generator","barcode scanner","1","0"
"video cleaner editor","cleaner","1","0"
"mirror cleaner editor","cleaner","1","0"
"photo cleaner editor app","cleaner","1","0"
"cleaner planner","cleaner","1","0"
"cleaner scanner","cleaner","1","0"
"storage cleaner app","storage cleaner","1","0"
"storage cleaner for android","storage cleaner","1","0"
"storage cleaner free","storage cleaner","1","0"
"storage cleaner swipe","storage cleaner","1","0"
"storage cleaner aap","storage cleaner","1","0"
"storage cleaner android tv","storage cleaner","1","0"
"storage cleaner antivirus","storage cleaner","1","0"
"storage cleaner ai","storage cleaner","1","0"
"calculator lock","calculator","1","0"
"calculator citizen","calculator","1","0"
"calculator samsung","calculator","1","0"
"calculator app","calculator","1","0"
"calculator vault","calculator","1","0"
"calculator interest","calculator","1","0"
"calculator cash","calculator","1","0"
"calculator all in one","calculator","1","0"
"unit converter calculator","unit converter","1","0"
"unit converter pro","unit converter","1","0"
"unit converter ultimate","unit converter","1","0"
"unit converter plus","unit converter","1","0"
"unit converter all units","unit converter","1","0"
"unit converter no ads","unit converter","1","0"
"unit converter widget","unit converter","1","0"
"unit converter ad free","unit converter","1","0"
"ruler app inches","ruler","1","0"
"ruler foods app","ruler","1","0"
"ruler match","ruler","1","0"
"ruler mm","ruler","1","0"
"ruler of the land","ruler","1","0"
"ruler map","ruler","1","0"
"ruler camera","ruler","1","0"
"ruler app mm","ruler","1","0"
"compass direction finder","compass","1","0"
"compass error calculator","compass","1","0"
"compass editors choice","compass","1","0"
"mecca compass qibla finder","compass","1","0"
"digital compass qibla finder","compass","1","0"
"qibla compass qibla finder","compass","1","0"
"flashlight projector app","flashlight","1","0"
"flashlight free","flashlight","1","0"
"flashlight on clap","flashlight","1","0"
"flashlight led","flashlight","1","0"
"flashlight lite","flashlight","1","0"
"flashlight disco","flashlight","1","0"
"flashlight screen","flashlight","1","0"
"flashlight alert","flashlight","1","0"
"translator tagalog to english","translator","1","0"
"translator chinese to tagalog","translator","1","0"
"translator calculator","translator","1","0"
"translator japanese to tagalog","translator","1","0"
"translator scanner","translator","1","0"
"translator tagalog to chinese","translator","1","0"
"translate english to swahili","translate","1","0"
"translate on screen","translate","1","0"
"translate keyboard","translate","1","0"
"translate ai","translate","1","0"
"translated movies in luganda","translate","1","0"
"translate tap screen","translate","1","0"
"translate deepl","translate","1","0"
"translate immersive","translate","1","0"
"keyboard amharic","keyboard","1","0"
"keyboard urdu","keyboard","1","0"
"keyboard redmi","keyboard","1","0"
"keyboard themes","keyboard","1","0"
"keyboard escape","keyboard","1","0"
"keyboard emoji","keyboard","1","0"
"keyboard marathi","keyboard","1","0"
"keyboard tamil","keyboard","1","0"
"fonts converter","fonts","1","0"
"fonts design maker","fonts","1","0"
"fonts editor app","fonts","1","0"
"fonts generator","fonts","1","0"
"fonts logo maker","fonts","1","0"
"fonts maker","fonts","1","0"
"fonts photo editor","fonts","1","0"
"fonts video editor","fonts","1","0"
"wallpaper engine","wallpaper","1","0"
"wallpaper apps","wallpaper","1","0"
"wallpaper changer","wallpaper","1","0"
"wallpapers free","wallpaper","1","0"
"wallpaper anime","wallpaper","1","0"
"wallpaper live","wallpaper","1","0"
"wallpaper themes","wallpaper","1","0"
"wallpaper aesthetic","wallpaper","1","0"
"live wallpapers free","live wallpaper","1","0"
"live wallpaper fish","live wallpaper","1","0"
"live wallpaper water","live wallpaper","1","0"
"live wallpaper clock","live wallpaper","1","0"
"live wallpaper any video","live wallpaper","1","0"
"live wallpaper app free","live wallpaper","1","0"
"live wallpaper app anime","live wallpaper","1","0"
"live wallpaper app god","live wallpaper","1","0"
"widgets calculator","widgets","0","1"
"widgets horloge","widgets","0","1"
"widgets meteo et horloge","widgets","0","1"
"ringtone editor app","ringtone","1","0"
"ringtone enhancer","ringtone","1","0"
"ringtone editor pro","ringtone","1","0"
"ringtone maker free","ringtone","1","0"
"ringtone name maker","ringtone","1","0"
"r ringtone maker","ringtone","1","0"
"alarm and timer","alarm","1","0"
"alarm and reminder","alarm","1","0"
"alarm maker","alarm","1","0"
"alarm reminder","alarm","1","0"
"clock analog","clock","1","0"
"clock calculator","clock","1","0"
"clock editor","clock","1","0"
"clock maker","clock","1","0"
"clock reminder app","clock","1","0"
"clock timer for study","clock","1","0"
"clock time calculator","clock","1","0"
"clock widget analog","clock","1","0"
"file manager","file manager","1","0"
"z file simple manager","file manager","1","0"
"password manager free","password manager","1","0"
"password manager pro","password manager","1","0"
"password manager microsoft","password manager","1","0"
"password manager bitdefender","password manager","1","0"
"password manager safe","password manager","1","0"
"password manager nord","password manager","1","0"
"password manager bitwarden","password manager","1","0"
"password manager app","password manager","1","0"
"authenticator mobile app","authenticator","1","0"
"authenticator app microsoft","authenticator","1","0"
"authenticator rsa","authenticator","1","0"
"authenticator bitwarden","authenticator","1","0"
"authenticator sbi","authenticator","1","0"
"authenticator salesforce","authenticator","1","0"
"authenticator steam","authenticator","1","0"
"authenticator macquarie","authenticator","1","0"
"wifi analyzer for android","wifi analyzer","1","0"
"wifi analyzer farproc","wifi analyzer","1","0"
"wifi analyzer network tools","wifi analyzer","1","0"
"wifi analyzer airtel","wifi analyzer","1","0"
"wifi analyzer and surveyor","wifi analyzer","1","0"
"wifi analyzer network scanner","wifi analyzer","1","0"
"wifi analyzer netspot","wifi analyzer","1","0"
"wifi analyzer ar","wifi analyzer","1","0"
"dialog speed test","speed test","1","0"
"typing speed test practice","speed test","1","0"
"speed test scanner","speed test","1","0"
"speed test tracker","speed test","1","0"
"battery saver","battery","1","0"
"battery sound","battery","1","0"
"battery smart","battery","1","0"
"battery app","battery","1","0"
"battery info","battery","1","0"
"battery guru","battery","1","0"
"battery emoji status bar","battery","1","0"
"battery animation","battery","1","0"
"puzzle logic games","puzzle","1","0"
"puzzle maker","puzzle","1","0"
"puzzle tracker","puzzle","1","0"
"puzzle video maker","puzzle","1","0"
"coloring apps","coloring","1","0"
"coloring asmr","coloring","1","0"
"coloring for kids","coloring","1","0"
"coloring anime","coloring","1","0"
"coloring adult","coloring","1","0"
"coloring games for adults","coloring","1","0"
"coloring and drawing","coloring","1","0"
"coloring app for kids","coloring","1","0"
"coloring pages game","coloring pages","1","0"
"coloring pages to print","coloring pages","1","0"
"coloring pages from photos","coloring pages","1","0"
"coloring pages for toddlers","coloring pages","1","0"
"coloring pages ai","coloring pages","1","0"
"coloring pages app","coloring pages","1","0"
"coloring pages asmr drawing","coloring pages","1","0"
"coloring pages babybus","coloring pages","1","0"
"paint calculator app","paint","1","0"
"paint document editor","paint","1","0"
"paint editor","paint","1","0"
"paint logo","paint","1","0"
"paint photo editor","paint","1","0"
"paint qr code scanner","paint","1","0"
"magic paint qr scanner","paint","1","0"
"berger paint qr scanner","paint","1","0"
"anime avatar maker","anime","1","0"
"anime avatar couple maker","anime","1","0"
"anime couple avatar maker","anime","1","0"
"anime character maker","anime","1","0"
"anime image generator","anime","1","0"
"anime journal","anime","1","0"
"anime logo maker","anime","1","0"
"anime oc maker","anime","1","0"
"manga animation maker","manga","1","0"
"manga collection tracker","manga","1","0"
"manga generator","manga","1","0"
"manga maker","manga","1","0"
"manga panel maker","manga","1","0"
"manga up tagalog","manga","1","0"
"soundboard app","soundboard","1","0"
"soundboard maker","soundboard","1","0"
"soundboard buttons","soundboard","1","0"
"soundboard studio","soundboard","1","0"
"soundboard creator","soundboard","1","0"
"soundboard master","soundboard","1","0"
"soundboard for discord","soundboard","1","0"
"soundboard music","soundboard","1","0"
"prank body scanner","prank","1","0"
"prank logic test","prank","1","0"
"prank news maker app","prank","1","0"
"prank x ray scanner","prank","1","0"
"ai chat editor","ai chat","1","0"
"ai chat image generator","ai chat","1","0"
"ai chat image editor","ai chat","1","0"
"ai chat journal","ai chat","1","0"
"ai chat maker","ai chat","1","0"
"ai chat no login","ai chat","1","0"
"ai chat photo editor","ai chat","1","0"
"ai chat photo generator","ai chat","1","0"
"ai companion app","ai companion","1","0"
"ai companion for adults","ai companion","1","0"
"ai companion girlfriend","ai companion","1","0"
"ai companion pet","ai companion","1","0"
"ai companion video","ai companion","1","0"
"ai companionship","ai companion","1","0"
"ai companion alora blackhash","ai companion","1","0"
"ai companion anime","ai companion","1","0"
"ai girlfriend editor","ai girlfriend","1","0"
"ai girlfriend generator","ai girlfriend","1","0"
"ai girlfriend maker","ai girlfriend","1","0"
"ai girlfriend photo editor","ai girlfriend","1","0"
"ai girlfriend tagalog","ai girlfriend","1","0"
"ai girlfriend video maker","ai girlfriend","1","0"
"ai art generator free","ai art","1","0"
"ai art photo editor","ai art","1","0"
"ai enhancer boost art","ai art","1","0"
"dreamerland ai art generator","ai art","1","0"
"ai art editor","ai art","1","0"
"ai art enhancer","ai art","1","0"
"honey ai art generator","ai art","1","0"
"ai art image generator","ai art","1","0"
"ai image enhancer","ai image","1","0"
"ai image maker","ai image","1","0"
"ai image background generator","ai image","1","0"
"ai image body editor","ai image","1","0"
"beautycam ai image generator","ai image","1","0"
"ai image editor free","ai image","1","0"
"ai image editor nsfw","ai image","1","0"
"ai image editor app","ai image","1","0"
"ai video enhancer","ai video","1","0"
"ai video photo maker","ai video","1","0"
"ai video generator gemini","ai video","1","0"
"ai video app maker","ai video","1","0"
"ai video app editor","ai video","1","0"
"ai video baby generator","ai video","1","0"
"ai video birthday maker","ai video","1","0"
"ai video editor gemini","ai video","1","0"
"ai writer generator","ai writer","1","0"
"ai blog writer free","ai writer","1","0"
"ai diary writer","ai writer","1","0"
"word editor ai writer","ai writer","1","0"
"email writer ai generator","ai writer","1","0"
"ai proposal writer generator","ai writer","1","0"
"ai story writer generator","ai writer","1","0"
"ai book writer generator","ai writer","1","0"
"ai headshot generator","ai headshot","1","0"
"ai headshot photo generator","ai headshot","1","0"
"ai headshot maker","ai headshot","1","0"
"ai professional headshot generator","ai headshot","1","0"
"ai tattoo stencil generator","ai tattoo","1","0"
"ai tattoo generator free","ai tattoo","1","0"
"ai tattoo maker free","ai tattoo","1","0"
"ai tattoo editor","ai tattoo","1","0"
"blackink ai tattoo generator","ai tattoo","1","0"
"canva ai tattoo generator","ai tattoo","1","0"
"ai photo editor tattoo","ai tattoo","1","0"
"free ai tattoo generator","ai tattoo","1","0"
"ai hairstyle generator free","ai hairstyle","1","0"
"ai hairstyle photo editor","ai hairstyle","1","0"
"ai ease hairstyle generator","ai hairstyle","1","0"
"ai hairstyle finder","ai hairstyle","1","0"
"fotor ai hairstyle generator","ai hairstyle","1","0"
"lightx ai hairstyle generator","ai hairstyle","1","0"
"ai photo generator hairstyle","ai hairstyle","1","0"
"chatbot ai image generator","chatbot","1","0"
"nova ai chatbot logo","chatbot","1","0"
"ai chatbot photo generator","chatbot","1","0"
"ai chatbot video generator","chatbot","1","0"
"ai chatbot no login","chatbot","0","1"
"roleplay chat","roleplay","1","0"
"roleplay games for girls","roleplay","1","0"
"roleplay ai chat","roleplay","1","0"
"roleplay games for kids","roleplay","1","0"
"roleplay world","roleplay","1","0"
"roleplay app","roleplay","1","0"
"roleplay kids","roleplay","1","0"
"roleplay life","roleplay","1","0"
"story games action","story games","1","0"
"story games horror","story games","1","0"
"story games adventure","story games","1","0"
"story games romance","story games","1","0"
"story games fighting","story games","1","0"
"story games shooting","story games","1","0"
"story games multiplayer","story games","1","0"
"story games high graphics","story games","1","0"
"music player converter","music player","1","0"
"music player editor","music player","1","0"
"music player tag editor","music player","1","0"
"video equalizer editor","equalizer","1","0"
"audio equalizer editor","equalizer","1","0"
"voice equalizer editor","equalizer","1","0"
"music equalizer editor","equalizer","1","0"
"equalizer fx sound enhancer","equalizer","1","0"
"equalizer video maker","equalizer","1","0"
"bass booster audio editor","bass booster","1","0"
"bass booster converter","bass booster","1","0"
"bass booster editor","bass booster","1","0"
"bass booster maker","bass booster","1","0"
"guitar tuner guru","guitar tuner","1","0"
"guitar tuner boss","guitar tuner","1","0"
"guitar tuner yamaha","guitar tuner","1","0"
"guitar tuner easy","guitar tuner","1","0"
"guitar tuner simple","guitar tuner","1","0"
"guitar tuner app free","guitar tuner","1","0"
"guitar tuner and metronome","guitar tuner","1","0"
"guitar tuner adjuster app","guitar tuner","1","0"
"tuner app","tuner","1","0"
"tuner for instruments","tuner","1","0"
"tuner violin","tuner","1","0"
"tuner flute","tuner","1","0"
"tuner kalimba","tuner","1","0"
"tuner bass","tuner","1","0"
"tuner ukulele","tuner","1","0"
"tuner chromatic","tuner","1","0"
"metronome finder","metronome","1","0"
"chords finder","chords","1","0"
"chords generator","chords","1","0"
"chords identifier","chords","1","0"
"chords maker","chords","1","0"
"chords practice","chords","1","0"
"chords progression generator","chords","1","0"
"chords tracker","chords","1","0"
"chords trainer","chords","1","0"
"drum machine old version","drum machine","1","0"
"drum machine free","drum machine","1","0"
"drum machine for guitar","drum machine","1","0"
"drum machine piano","drum machine","1","0"
"drum machine metronome","drum machine","1","0"
"drum machine looper","drum machine","1","0"
"drum machine pad","drum machine","1","0"
"drum machine new","drum machine","1","0"
"beat maker free","beat maker","1","0"
"beat maker pro","beat maker","1","0"
"beat maker go","beat maker","1","0"
"beat maker drum pad","beat maker","1","0"
"beat maker ai","beat maker","1","0"
"beat maker app","beat maker","1","0"
"beat maker and singing","beat maker","1","0"
"beat maker aap","beat maker","1","0"
"dj beat maker","dj","1","0"
"dj effect video maker","dj","1","0"
"dj editor","dj","1","0"
"dj effect maker","dj","1","0"
"dj jingle maker app","dj","1","0"
"dj name maker","dj","1","0"
"dj video editor","dj","1","0"
"update starmaker karaoke app","karaoke","1","0"
"voice changer app","voice changer","1","0"
"voice changer for whatsapp","voice changer","1","0"
"voice changer sound effects","voice changer","1","0"
"voice changer call","voice changer","1","0"
"voice changer free","voice changer","1","0"
"voice changer real time","voice changer","1","0"
"voice changer ff","voice changer","1","0"
"voice changer auto tuner","voice changer","1","0"
"audio editor free app","audio editor","1","0"
"audio editor pro","audio editor","1","0"
"audio editor ai","audio editor","1","0"
"audio editor cutter","audio editor","1","0"
"audio editor audiolab","audio editor","1","0"
"audio editor app","audio editor","1","0"
"audio editor and merger","audio editor","1","0"
"audio editor autotune","audio editor","1","0"
"sleep sounds sleep tracker","sleep sounds","1","0"
"sleep sounds and tracker","sleep sounds","1","0"
"sleep tracker relaxing sounds","sleep sounds","1","0"
"sleep sounds tracker","sleep sounds","1","0"
"sleep sounds with timer","sleep sounds","1","0"
"white noise generator","white noise","1","0"
"white noise maker","white noise","1","0"
"white noise timer","white noise","1","0"
"white noise with timer","white noise","1","0"
"rain sounds","rain sounds","1","0"
"rain falling sounds","rain sounds","1","0"
"rain run sleep sounds","rain sounds","1","0"
"asmr bracelet maker","asmr","1","0"
"asmr journal game","asmr","1","0"
"asmr logic","asmr","1","0"
"asmr video maker","asmr","1","0"
"asmr video generator","asmr","1","0"
"radio garden","radio","1","0"
"radio app","radio","1","0"
"radio fm","radio","1","0"
"radio scanner","radio","1","0"
"radio javan","radio","1","0"
"radio online","radio","1","0"
"radio player","radio","1","0"
"radio am fm","radio","1","0"
"recipes and meal planner","recipes","1","0"
"recipes generator","recipes","1","0"
"lutong pinoy recipes tagalog","recipes","1","0"
"recipes maker","recipes","1","0"
"cooking games for girls","cooking","1","0"
"cooking city","cooking","1","0"
"cooking master","cooking","1","0"
"cooking cozy","cooking","1","0"
"cooking capybara","cooking","1","0"
"cooking papa","cooking","1","0"
"cooking madness","cooking","1","0"
"cooking app","cooking","1","0"
"meal planner free","meal planner","1","0"
"meal planner aldi","meal planner","1","0"
"meal planner for kids","meal planner","1","0"
"meal planner budget","meal planner","1","0"
"meal planner and recipes","meal planner","1","0"
"meal planner australia","meal planner","1","0"
"meal planner and tracker","meal planner","1","0"
"baby meal planner","meal planner","1","0"
"grocery list maker","grocery list","1","0"
"grocery list calculator","grocery list","1","0"
"grocery list and calculator","grocery list","1","0"
"grocery list planner","grocery list","1","0"
"grocery shopping list planner","grocery list","1","0"
"grocery list tracker","grocery list","1","0"
"grocery list with calculator","grocery list","1","0"
"grocery list word search","grocery list","1","0"
"shopping list and calculator","shopping list","1","0"
"shopping list calculator","shopping list","1","0"
"shopping list maker","shopping list","1","0"
"shopping list planner","shopping list","1","0"
"shopping list scanner","shopping list","1","0"
"air fryer recipes","air fryer recipes","1","0"
"air fryer oven recipes","air fryer recipes","1","0"
"vegetarian scanner","vegetarian","1","0"
"vegetarian food scanner","vegetarian","1","0"
"vegetarian restaurant finder","vegetarian","1","0"
"vegetarian tracker","vegetarian","1","0"
"coffee journal","coffee","1","0"
"coffee log","coffee","1","0"
"coffee maker","coffee","1","0"
"coffee photo editor","coffee","1","0"
"coffee timer","coffee","1","0"
"baking calculator app","baking","1","0"
"baking conversion calculator","baking","1","0"
"baking diary","baking","1","0"
"baking journal","baking","1","0"
"baking measurement converter","baking","1","0"
"baking price calculator","baking","1","0"
"baking planner","baking","1","0"
"baking timer","baking","1","0"
"food diary app","food diary","1","0"
"food diary symptom tracker","food diary","1","0"
"food diary game","food diary","1","0"
"food diary for kids","food diary","1","0"
"food diary allergy","food diary","1","0"
"food diary calorie counter","food diary","1","0"
"food diary tracker","food diary","1","0"
"baby food diary","food diary","1","0"
"calorie recipes","calorie recipes","1","0"
"calorie deficit recipes","calorie recipes","1","0"
"travel planner app free","travel planner","1","0"
"travel planner notes","travel planner","1","0"
"travel planner ai","travel planner","1","0"
"travel planner map","travel planner","1","0"
"roamy travel planner","travel planner","1","0"
"ns travel planner","travel planner","1","0"
"triptik travel planner","travel planner","1","0"
"rhyme travel planner","travel planner","1","0"
"trip planner app","trip planner","1","0"
"trip planner ai","trip planner","1","0"
"trip planner free","trip planner","1","0"
"trip planner sri lanka","trip planner","1","0"
"trip planner india","trip planner","1","0"
"trip planner map","trip planner","1","0"
"trip planner game","trip planner","1","0"
"trip budget planner","trip planner","1","0"
"itinerary planner","itinerary","1","0"
"itinerary maker","itinerary","1","0"
"flight itinerary generator","itinerary","1","0"
"itinerary travel planner","itinerary","1","0"
"flight tracker app free","flight tracker","1","0"
"flight tracker game","flight tracker","1","0"
"flight tracker live free","flight tracker","1","0"
"flight tracker military","flight tracker","1","0"
"flight tracker easyjet","flight tracker","1","0"
"flight tracker air india","flight tracker","1","0"
"flight price tracker app","flight tracker","1","0"
"flight tracker no ads","flight tracker","1","0"
"packing list","packing list","1","0"
"travel journal","travel journal","1","0"
"hiking tracker free app","hiking","1","0"
"hiking gps tracker free","hiking","1","0"
"hiking journal","hiking","1","0"
"hiking log","hiking","1","0"
"hiking planner","hiking","1","0"
"rv life coaching app","rv","1","0"
"rv park finder","rv","1","0"
"rv route planner free","rv","1","0"
"rv road trip planner","rv","1","0"
"train schedule","train schedule","1","0"
"train time schedule app","train schedule","1","0"
"city guide","city guide","1","0"
"city bus guide","city guide","1","0"
"city e guide chur","city guide","1","0"
"city e-guide","city guide","1","0"
"city tour guide","city guide","1","0"
"travel budget","travel budget","1","0"
"baby tracker heartbeat","baby tracker","1","0"
"baby tracker pregnancy test","baby tracker","1","0"
"baby tracker app free","baby tracker","1","0"
"baby tracker free","baby tracker","1","0"
"baby tracker my baby","baby tracker","1","0"
"baby tracker fingerprint","baby tracker","1","0"
"baby tracker app fingerprint","baby tracker","1","0"
"baby tracker app bangla","baby tracker","1","0"
"newborn tracker","newborn","1","0"
"newborn feeding tracker","newborn","1","0"
"newborn app tracker","newborn","1","0"
"newborn baby tracker","newborn","1","0"
"newborn photoshoot editor","newborn","1","0"
"newborn growth tracker","newborn","1","0"
"newborn baby growth tracker","newborn","1","0"
"newborn log","newborn","1","0"
"breastfeeding tracker","breastfeeding","1","0"
"breastfeeding and baby tracker","breastfeeding","1","0"
"breastfeeding baby tracker","breastfeeding","1","0"
"breastfeeding calorie tracker","breastfeeding","1","0"
"breastfeeding log","breastfeeding","1","0"
"breastfeeding pumping tracker","breastfeeding","1","0"
"breastfeeding reminder","breastfeeding","1","0"
"breastfeeding timer","breastfeeding","1","0"
"baby sleep tracker app","baby sleep","1","0"
"baby sleep coach","baby sleep","1","0"
"baby diary sleep","baby sleep","1","0"
"baby sleep planner","baby sleep","1","0"
"baby sleep timer","baby sleep","1","0"
"baby names in tamil","baby names","1","0"
"baby names app","baby names","1","0"
"baby names in telugu","baby names","1","0"
"baby names in kannada","baby names","1","0"
"baby names by babycenter","baby names","1","0"
"baby names islamic","baby names","1","0"
"baby boy names app","baby names","1","0"
"baby names book","baby names","1","0"
"pregnancy tracker app fingerprint","pregnancy tracker","1","0"
"pregnancy tracker free","pregnancy tracker","1","0"
"pregnancy tracker australia","pregnancy tracker","1","0"
"pregnancy tracker buddy app","pregnancy tracker","1","0"
"pregnancy tracker app tamil","pregnancy tracker","1","0"
"pregnancy tracker app malayalam","pregnancy tracker","1","0"
"pregnancy tracker baby heartbeat","pregnancy tracker","1","0"
"pregnancy tracker bangla","pregnancy tracker","1","0"
"fertility tracker","fertility","1","0"
"fertility astrology","fertility","1","0"
"fertility and ovulation tracker","fertility","1","0"
"fertility calculator for pregnancy","fertility","1","0"
"kids games for boys","kids games","1","0"
"kids games for free","kids games","1","0"
"kids games car","kids games","1","0"
"kids games for girls","kids games","1","0"
"kids games abc","kids games","1","0"
"kids games cooking","kids games","1","0"
"kids games app","kids games","1","0"
"kids games ad free","kids games","1","0"
"toddler games ad free","toddler games","1","0"
"toddler games animals","toddler games","1","0"
"toddler games autism","toddler games","1","0"
"toddler games abc","toddler games","1","0"
"toddler games add free","toddler games","1","0"
"toddler games balloon pop","toddler games","1","0"
"toddler games baby shark","toddler games","1","0"
"toddler games bus","toddler games","1","0"
"princess coloring kids","coloring kids","1","0"
"kids coloring book","coloring kids","1","0"
"bimi boo kids coloring","coloring kids","1","0"
"kids bible coloring","coloring kids","1","0"
"coloring book kids paint","coloring kids","1","0"
"kids coloring and brain","coloring kids","1","0"
"coloring club for kids","coloring kids","1","0"
"coloring cars for kids","coloring kids","1","0"
"family calendar","family calendar","1","0"
"family planning calendar method","family calendar","1","0"
"family birthday calendar","family calendar","1","0"
"family chore calendar","family calendar","1","0"
"family group calendar","family calendar","1","0"
"family shared calendar free","family calendar","1","0"
"family tree calendar","family calendar","1","0"
"family wall calendar","family calendar","1","0"
"chores tracker","chores","1","0"
"chores reminder","chores","1","0"
"chores planner","chores","1","0"
"chores timer","chores","1","0"
"reward chart","reward chart","1","0"
"very chart reward","reward chart","1","0"
"screen time tracker","screen time","1","0"
"screen timer","screen time","1","0"
"screen time break reminder","screen time","1","0"
"screen time editor","screen time","1","0"
"screen time finder","screen time","1","0"
"fake screen time maker","screen time","1","0"
"screen time overlay tracker","screen time","1","0"
"screen time reminder","screen time","1","0"
"co parenting app","co parenting","1","0"
"co parenting pet","co parenting","1","0"
"co parenting calendar app","co parenting","1","0"
"co parenting game","co parenting","1","0"
"best interest co parenting","co parenting","1","0"
"co-parenting calendar","co parenting","1","0"
"calm co-parenting","co parenting","1","0"
"peaceful co parenting messenger","co parenting","1","0"
"home design floor planner","home design","1","0"
"home design maker","home design","1","0"
"home design room planner","home design","1","0"
"home design word search","home design","1","0"
"interior design games","interior design","1","0"
"interior design clinic","interior design","1","0"
"interior design ai","interior design","1","0"
"interior design apps games","interior design","1","0"
"interior design aap","interior design","1","0"
"interior home design apps","interior design","1","0"
"interior design drawing app","interior design","1","0"
"interior design book","interior design","1","0"
"room planner game","room planner","1","0"
"room planner ikea","room planner","1","0"
"room planner app","room planner","1","0"
"room planner ai","room planner","1","0"
"room planner remodelar casa","room planner","1","0"
"room planner design","room planner","1","0"
"ai design room planner","room planner","1","0"
"room decor planner","room planner","1","0"
"cleaning schedule","cleaning schedule","1","0"
"declutter app","declutter","1","0"
"declutter selling app","declutter","1","0"
"declutter the mind","declutter","1","0"
"declutter your home free","declutter","1","0"
"declutter bangladesh","declutter","1","0"
"declutter game","declutter","1","0"
"declutter quest","declutter","1","0"
"declutter ai","declutter","1","0"
"organizer game","organize","1","0"
"organized inside","organize","1","0"
"organizer planner","organize","1","0"
"organizeat app","organize","1","0"
"organizer app","organize","1","0"
"organizer notes","organize","1","0"
"organize apps","organize","1","0"
"organize and plan","organize","1","0"
"plant care tracker","plant care","1","0"
"plant care reminder","plant care","1","0"
"plant care ai identifier","plant care","1","0"
"plant care and identifier","plant care","1","0"
"plant care identifier app","plant care","1","0"
"plant identifier plant care","plant care","1","0"
"plant care watering reminder","plant care","1","0"
"plant scanner and care","plant care","1","0"
"plant identifier app free","plant identifier","1","0"
"plant identifier leaf snap","plant identifier","1","0"
"plant identifier app nz","plant identifier","1","0"
"plant identifier app uk","plant identifier","1","0"
"plant identifier and cure","plant identifier","1","0"
"plant identifier and diagnose","plant identifier","1","0"
"best plant identifier app","plant identifier","1","0"
"blossom plant identifier","plant identifier","1","0"
"garden diary","garden","1","0"
"garden journal","garden","1","0"
"garden layout planner","garden","1","0"
"garden planner","garden","1","0"
"garden photo editor","garden","1","0"
"garden tracker","garden","1","0"
"garden valley technologies","garden","1","0"
"garden word search","garden","1","0"
"diy cake maker","diy","1","0"
"diy diary","diy","1","0"
"diy emoji maker","diy","1","0"
"diy emoticon maker","diy","1","0"
"diy icon maker","diy","1","0"
"diy journal game","diy","1","0"
"diy logo","diy","1","0"
"diy mini journal","diy","1","0"
"paint color identifier","paint color","1","0"
"paint color scanner app","paint color","1","0"
"asian paint color catalog","paint color","1","0"
"paint color finder","paint color","1","0"
"moving checklist","moving checklist","1","0"
"dog training app","dog training","1","0"
"dog training game","dog training","1","0"
"dog training whistle","dog training","1","0"
"dog training free","dog training","1","0"
"dog training clicker app","dog training","1","0"
"dog training sounds","dog training","1","0"
"dog training beep","dog training","1","0"
"dog potty training app","dog training","1","0"
"puppy age tracker","puppy","1","0"
"puppy ai video generator","puppy","1","0"
"puppy diary","puppy","1","0"
"puppy finder","puppy","1","0"
"puppy growth tracker","puppy","1","0"
"puppy identifier app","puppy","1","0"
"puppy journal","puppy","1","0"
"puppy log","puppy","1","0"
"sound proof puppy training","puppy training","1","0"
"pupford puppy training","puppy training","1","0"
"woofz puppy training","puppy training","1","0"
"dog and puppy training","puppy training","1","0"
"puppy training gratis","puppy training","1","0"
"puppy training apps nederlands","puppy training","1","0"
"puppy potty training","puppy training","1","0"
"cat emoji maker","cat","1","0"
"cat maker","cat","1","0"
"cat oc maker","cat","1","0"
"cat search","cat","1","0"
"cat scanner","cat","1","0"
"emoji cat c maker","cat","1","0"
"pet care tracker","pet care","1","0"
"pet care diary","pet care","1","0"
"pet care log","pet care","1","0"
"pet care reminder","pet care","1","0"
"pet health tracker","pet health","1","0"
"pet health log","pet health","1","0"
"petdesk pet health reminders","pet health","1","0"
"dog whistle stop barking","dog whistle","1","0"
"dog whistle app","dog whistle","1","0"
"dog whistler","dog whistle","1","0"
"dog whistle and clicker","dog whistle","1","0"
"dog whistle no ads","dog whistle","1","0"
"dog whistle detector","dog whistle","1","0"
"dog whistle sound","dog whistle","1","0"
"dog whistle trainer","dog whistle","1","0"
"bible english tagalog","bible","1","0"
"bible journal","bible","1","0"
"bible verse tagalog","bible","1","0"
"e bible tagalog","bible","1","0"
"bible tagalog version","bible","0","1"
"bible tagalog english","bible","0","1"
"bible verses english tagalog","bible verses","1","0"
"bible verses reminder","bible verses","1","0"
"bible verses searching app","bible verses","1","0"
"bible verses tagalog","bible verses","1","0"
"prayer tracker","prayer","1","0"
"prayer counter app","prayer","1","0"
"prayer diary","prayer","1","0"
"prayer invitation card maker","prayer","1","0"
"prayer journal","prayer","1","0"
"prayer reminder","prayer","1","0"
"prayer song maker","prayer","1","0"
"devotional apps tagalog","devotional","1","0"
"devotional bible tagalog","devotional","1","0"
"devotional photo editor app","devotional","1","0"
"photo editor devotional","devotional","1","0"
"devotional invitation card maker","devotional","1","0"
"devotional journal","devotional","1","0"
"devotional poster maker","devotional","1","0"
"devotional tagalog","devotional","1","0"
"mindfulness coach","mindfulness","1","0"
"mindfulness reminder bell","mindfulness","1","0"
"mindfulness journal","mindfulness","1","0"
"mindfulness practice","mindfulness","1","0"
"mindfulness timer","mindfulness","1","0"
"mindfulness tracker","mindfulness","1","0"
"law of attraction toolbox","law of attraction","1","0"
"law of attraction library","law of attraction","1","0"
"law of attraction hindi","law of attraction","1","0"
"law of attraction space","law of attraction","1","0"
"law of attraction audio","law of attraction","1","0"
"law of attraction affirmations","law of attraction","1","0"
"law of attraction bangla","law of attraction","1","0"
"law of attraction app","law of attraction","1","0"
"dream journal","dream journal","1","0"
"dream meaning","dream meaning","1","0"
"dream numbers and meaning","dream meaning","1","0"
"meaning of dream","dream meaning","1","0"
"dream and their meaning","dream meaning","1","0"
"dream book with meaning","dream meaning","1","0"
"moon phases free app","moon phases","1","0"
"moon phases widget","moon phases","1","0"
"moon phases australia","moon phases","1","0"
"moon phases and astrology","moon phases","1","0"
"moon phases filter","moon phases","1","0"
"moon phases witchcraft","moon phases","1","0"
"moon phases watch face","moon phases","1","0"
"moon phases wallpaper","moon phases","1","0"
"crystals and stones guide","crystals","1","0"
"crystals app","crystals","1","0"
"crystals cafe","crystals","1","0"
"crystals of atlan","crystals","1","0"
"crystals by astrotalk","crystals","1","0"
"crystals light","crystals","1","0"
"crystals game","crystals","1","0"
"crystals ball","crystals","1","0"
"soccer training app","soccer training","1","0"
"soccer training iq","soccer training","1","0"
"soccer training session planner","soccer training","1","0"
"soccer training tips","soccer training","1","0"
"soccer training game","soccer training","1","0"
"soccer training ai","soccer training","1","0"
"soccer training at home","soccer training","1","0"
"soccer dribbling training app","soccer training","1","0"
"basketball training free","basketball training","1","0"
"basketball training tracker","basketball training","1","0"
"basketball training for kids","basketball training","1","0"
"basketball training workout","basketball training","1","0"
"basketball training shooting","basketball training","1","0"
"basketball training ai","basketball training","1","0"
"basketball training dribble","basketball training","1","0"
"basketball training app free","basketball training","1","0"
"golf ball tracker","golf","1","0"
"golf distance tracker","golf","1","0"
"tennis draw maker","tennis","1","0"
"tennis journal","tennis","1","0"
"tennis point counter","tennis","1","0"
"tennis partner finder","tennis","1","0"
"cycling app tracker","cycling","1","0"
"cycling and walking tracker","cycling","1","0"
"cycling calorie counter","cycling","1","0"
"cycling coach","cycling","1","0"
"cycling distance tracker free","cycling","1","0"
"cycling distance tracker calories","cycling","1","0"
"cycling km counter","cycling","1","0"
"cycling map tracker","cycling","1","0"
"fishing diary","fishing","1","0"
"fishing finder","fishing","1","0"
"fishing journal","fishing","1","0"
"fishing logbook","fishing","1","0"
"fishing spot finder","fishing","1","0"
"fishing tracker","fishing","1","0"
"huntington bank app","hunting","1","0"
"hunting games for kids","hunting","1","0"
"hunting battle","hunting","1","0"
"hunting animal game","hunting","1","0"
"hunting sniper","hunting","1","0"
"hunting dinosaur","hunting","1","0"
"hunting apps","hunting","1","0"
"hunting assassin","hunting","1","0"
"half marathon trainer","marathon","1","0"
"marathon planner","marathon","1","0"
"marathon pace calculator","marathon","1","0"
"marathon tracker","marathon","1","0"
"marathon tv tracker","marathon","1","0"
"marathon timer","marathon","1","0"
"personal trainer app","personal trainer","1","0"
"personal trainer client tracker","personal trainer","1","0"
"personal trainer coach","personal trainer","1","0"
"personal trainer game","personal trainer","1","0"
"personal trainer ai","personal trainer","1","0"
"personal trainer bible","personal trainer","1","0"
"personal trainer gravl","personal trainer","1","0"
"personal gym trainer app","personal trainer","1","0"
"running coach free","running coach","1","0"
"running coach samsung","running coach","1","0"
"running coaching app","running coach","1","0"
"ai running coach","running coach","1","0"
"ni running coach","running coach","1","0"
"personal running coach","running coach","1","0"
"running coach app","running coach","1","0"
"running coach lauf app","running coach","1","0"
"coupons apps for free","coupons","1","0"
"coupons south africa","coupons","1","0"
"coupons selling app","coupons","1","0"
"coupons app australia","coupons","1","0"
"coupons for dominos pizza","coupons","1","0"
"coupons amazon","coupons","1","0"
"coupons and deals","coupons","1","0"
"coupons app kostenlos","coupons","1","0"
"deals finder","deals","1","0"
"salon deals maker","deals","1","0"
"deals scanner","deals","1","0"
"steam deals tracker","deals","1","0"
"game deals tracker","deals","1","0"
"price tracker","price tracker","1","0"
"price history tracker app","price tracker","1","0"
"cashback calculator","cashback","1","0"
"cashback forex calculator","cashback","1","0"
"cashback qr code scanner","cashback","1","0"
"cashback qr scanner","cashback","1","0"
"cashback scanner","cashback","1","0"
"sell clothes","sell clothes","1","0"
"sell used clothes","sell clothes","1","0"
"sell second hand clothes","sell clothes","1","0"
"sell kids clothes","sell clothes","1","0"
"sell my clothes","sell clothes","1","0"
"olx old clothes sell","sell clothes","1","0"
"sell your clothes","sell clothes","1","0"
"sell your old clothes","sell clothes","1","0"
"gift list tracker","gift list","1","0"
"gift list maker","gift list","1","0"
"christmas list gift planner","gift list","1","0"
"gift list diary","gift list","1","0"
"wishlist maker","wishlist","1","0"
"wishlist diary","wishlist","1","0"
"wishlist tracker","wishlist","1","0"
"resume generator","resume","1","0"
"resume coach","resume","1","0"
"resume cover letter maker","resume","1","0"
"resume cv pdf maker","resume","1","0"
"resume cv maker ai","resume","1","0"
"resume document editor","resume","1","0"
"resume editor","resume","1","0"
"resume genius cv maker","resume","1","0"
"cv maker sri lanka","cv maker","1","0"
"cv maker ats friendly","cv maker","1","0"
"cv maker professional","cv maker","1","0"
"cv maker europass","cv maker","1","0"
"cv maker app simple","cv maker","1","0"
"cv maker easy","cv maker","1","0"
"cv maker ai","cv maker","1","0"
"cv maker app professional","cv maker","1","0"
"cover letter maker app","cover letter","1","0"
"cover letter generator","cover letter","1","0"
"cover letter maker ai","cover letter","1","0"
"cover letter editor","cover letter","1","0"
"europass cover letter maker","cover letter","1","0"
"free cover letter maker","cover letter","1","0"
"intelligent cover letter maker","cover letter","1","0"
"professional cover letter maker","cover letter","1","0"
"invoice maker app","invoice maker","1","0"
"invoice maker and generator","invoice maker","1","0"
"invoice maker australia","invoice maker","1","0"
"invoice maker and printer","invoice maker","1","0"
"invoice maker ai","invoice maker","1","0"
"invoice maker and billing","invoice maker","1","0"
"invoice maker and estimate","invoice maker","1","0"
"invoice maker billing app","invoice maker","1","0"
"estimate maker free","estimate","1","0"
"estimate generator","estimate","1","0"
"estimate and invoice maker","estimate","1","0"
"estimate calculator","estimate","1","0"
"free estimate maker app","estimate","1","0"
"estimate invoice maker","estimate","1","0"
"estimate maker for contractors","estimate","1","0"
"easy quotation estimate maker","estimate","1","0"
"logo maker plus","logo maker","1","0"
"logo maker ai","logo maker","1","0"
"logo maker football","logo maker","1","0"
"logo maker cricket","logo maker","1","0"
"logo maker ff gaming","logo maker","1","0"
"logo maker aap","logo maker","1","0"
"logo maker ap","logo maker","1","0"
"logo maker art","logo maker","1","0"
"business card scanner","business card","1","0"
"business card maker free","business card","1","0"
"canva business card maker","business card","1","0"
"business card editor","business card","1","0"
"business card free maker","business card","1","0"
"business card generator","business card","1","0"
"business card maker gratuit","business card","1","0"
"hindi business card maker","business card","1","0"
"employee schedule maker","employee schedule","1","0"
"employee schedule app","employee schedule","1","0"
"employee schedule planner","employee schedule","1","0"
"employee shift schedule app","employee schedule","1","0"
"employee work schedule","employee schedule","1","0"
"time tracker for work","time tracker","1","0"
"time tracker app","time tracker","1","0"
"time tracker for study","time tracker","1","0"
"time tracker pomodoro","time tracker","1","0"
"time tracker phone","time tracker","1","0"
"time tracker habit","time tracker","1","0"
"boosted time tracker","time tracker","1","0"
"booster time tracker","time tracker","1","0"
"hours tracker for work","hours tracker","1","0"
"hours tracker free","hours tracker","1","0"
"timesheet work hours tracker","hours tracker","1","0"
"ojt hours tracker","hours tracker","1","0"
"volunteer hours tracker","hours tracker","1","0"
"employee hours tracker","hours tracker","1","0"
"hours tracker app","hours tracker","1","0"
"billable hours tracker","hours tracker","1","0"
"mileage tracker","mileage tracker","1","0"
"mileage and expense tracker","mileage tracker","1","0"
"inventory and sales tracker","inventory","1","0"
"inventory tracker","inventory","1","0"
"inventory editor be","inventory","1","0"
"inventory and barcode scanner","inventory","1","0"
"inventory barcode scanner","inventory","1","0"
"inventory calculator","inventory","1","0"
"inventory counter","inventory","1","0"
"inventory editor for mcbe","inventory","1","0"
"link in bio game","link in bio","1","0"
"link in bio creator","link in bio","1","0"
"link in bio english","link in bio","1","0"
"link in bio minecraft","link in bio","1","0"
"link in bio ff","link in bio","1","0"
"beacons link in bio","link in bio","1","0"
"download link in bio","link in bio","1","0"
"erigon link in bio","link in bio","1","0"
"content planner","content planner","1","0"
"content creator planner","content planner","1","0"
"social media planner","social media planner","1","0"
"social media post planner","social media planner","1","0"
"car maintenance tracker","car maintenance","1","0"
"car maintenance reminder","car maintenance","1","0"
"car maintenance log book","car maintenance","1","0"
"fuel tracker","fuel tracker","1","0"
"fuel expense tracker","fuel tracker","1","0"
"fuel efficiency tracker","fuel tracker","1","0"
"fuel cost tracker","fuel tracker","1","0"
"fuel consumption tracker","fuel tracker","1","0"
"fuel log tracker","fuel tracker","1","0"
"fuel mileage tracker","fuel tracker","1","0"
"fuel usage tracker","fuel tracker","1","0"
"gas mileage calculator","gas mileage","1","0"
"gas mileage app","gas mileage","1","0"
"driving test practice","driving test","1","0"
"driving test finder","driving test","1","0"
"driving test learners","driving test","1","0"
"driving learners test app","driving test","1","0"
"driving licence practice test","driving test","1","0"
"practice driving test qld","driving test","1","0"
"practice driving test uk","driving test","1","0"
"parking game","parking","1","0"
"parking app","parking","1","0"
"parking master","parking","1","0"
"parking car game","parking","1","0"
"parking truck","parking","1","0"
"parking mafia online","parking","1","0"
"parking at hdb","parking","1","0"
"parking a car","parking","1","0"
"ev charging calculator","ev charging","1","0"
"ev charging cost calculator","ev charging","1","0"
"ev charging cost tracker","ev charging","1","0"
"ev charging finder","ev charging","1","0"
"ev charging log","ev charging","1","0"
"ev charging planner","ev charging","1","0"
"ev charging route planner","ev charging","1","0"
"ev charging time calculator","ev charging","1","0"
"weather network","weather","1","0"
"weather app south africa","weather","1","0"
"weather forecast apps philippines","weather","1","0"
"weather nepal","weather","1","0"
"weather today","weather","1","0"
"weather app live","weather","1","0"
"weather and radar app","weather","1","0"
"weather and clock widget","weather","1","0"
"rain radar app","rain radar","1","0"
"rain radar live map","rain radar","1","0"
"rain radar nz","rain radar","1","0"
"rain radar in australia","rain radar","1","0"
"rain radar india","rain radar","1","0"
"rain radar thailand","rain radar","1","0"
"rain radar au","rain radar","1","0"
"rain radar map","rain radar","1","0"
"hurricane tracker","hurricane","1","0"
"hurricane maker","hurricane","1","0"
"max tracker hurricane app","hurricane","1","0"
"hurricane track storm tracker","hurricane","1","0"
"air quality index app","air quality","1","0"
"air quality washington","air quality","1","0"
"air quality now","air quality","1","0"
"air quality meter","air quality","1","0"
"air quality smoke","air quality","1","0"
"air quality cyprus","air quality","1","0"
"air quality oregon","air quality","1","0"
"air quality app free","air quality","1","0"
"uv index widget","uv index","1","0"
"uv index tracker","uv index","1","0"
"uv index app free","uv index","1","0"
"uv index free","uv index","1","0"
"uv index and tanning","uv index","1","0"
"uv index australia","uv index","1","0"
"uv index now","uv index","1","0"
"uv index forecast","uv index","1","0"
"reading tracker app","reading tracker","1","0"
"reading tracker free","reading tracker","1","0"
"storygraph reading tracker","reading tracker","1","0"
"bible reading tracker","reading tracker","1","0"
"storied book reading tracker","reading tracker","1","0"
"bookshelf reading tracker","reading tracker","1","0"
"quran reading tracker","reading tracker","1","0"
"daily reading tracker","reading tracker","1","0"
"book summary","book summary","1","0"
"audiobook converter","audiobook","1","0"
"dark psychology audiobook","audiobook","1","0"
"audiobook editor","audiobook","1","0"
"audiobook generator","audiobook","1","0"
"audiobook maker","audiobook","1","0"
"audiobook scanner","audiobook","1","0"
"audiobook tracker","audiobook","1","0"
"library catalog app","library","1","0"
"library english tagalog","library","1","0"
"library finder","library","1","0"
"cv-library job search","library","1","0"
"library tracker","library","1","0"
"library timer","library","1","0"
"wedding planner games","wedding planner","1","0"
"wedding planner app","wedding planner","1","0"
"wedding planner free app","wedding planner","1","0"
"wedding planner adventure game","wedding planner","1","0"
"wedding planner india","wedding planner","1","0"
"wedding planner canada","wedding planner","1","0"
"wedding planner book","wedding planner","1","0"
"wedding planner ai","wedding planner","1","0"
"party planner","party planner","1","0"
"party food planner","party planner","1","0"
"birthday countdown timer app","birthday countdown","1","0"
"birthday countdown photo editor","birthday countdown","1","0"
"birthday countdown and reminder","birthday countdown","1","0"
"birthday reminder and countdown","birthday countdown","1","0"
"invitation maker","invitation maker","1","0"
"invitation card maker tamil","invitation maker","1","0"
"e invitation card maker","invitation maker","1","0"
"e invitation video maker","invitation maker","1","0"
"invitation card maker game","invitation maker","1","0"
"invitation card maker indian","invitation maker","1","0"
"invitation card maker kannada","invitation maker","1","0"
"invitation list maker","invitation maker","1","0"
"event countdown app","event countdown","1","0"
"event countdown widget","event countdown","1","0"
"event countdown calendar app","event countdown","1","0"
"event countdown lite","event countdown","1","0"
"big days event countdown","event countdown","1","0"
"countdown timer event widget","event countdown","1","0"
"countdown to event game","event countdown","1","0"
"event countdown free","event countdown","1","0"
"entrainement a la maison","entrainement","0","1"
"entrainement de foot","entrainement","0","1"
"entrainement efootball","entrainement","0","1"
"entrainement militaire gratuit","entrainement","0","1"
"entrainement boxe maison gratuit","entrainement","0","1"
"entrainement avec haltères","entrainement","0","1"
"entrainement abdominaux","entrainement","0","1"
"entrainement basket","entrainement","0","1"
"salle de sport","salle de sport","0","1"
"entrainement maison gratuit","entrainement maison","0","1"
"boxe anglaise entrainement maison","entrainement maison","0","1"
"perte de poids","perte de poids","0","1"
"maigrir gratuit","maigrir","0","1"
"maigrir du visage","maigrir","0","1"
"maigrir du ventre","maigrir","0","1"
"maigrir vers ios","maigrir","0","1"
"maigrir des cuisses","maigrir","0","1"
"maigrir des bras femme","maigrir","0","1"
"maigrir enfants","maigrir","0","1"
"maigrir facile","maigrir","0","1"
"compteur de calories gratuit","compteur de calories","0","1"
"nutrily compteur de calories","compteur de calories","0","1"
"macros compteur de calories","compteur de calories","0","1"
"appli compteur de calories","compteur de calories","0","1"
"compteur de calories fatsecret","compteur de calories","0","1"
"journal regime","regime","0","1"
"new tax regime calculator","regime","0","1"
"nutrition coach regime santé","regime","0","1"
"jeune intermittent gratuit","jeune","0","1"
"jeune afrique","jeune","0","1"
"jeune est","jeune","0","1"
"jeunes titans","jeune","0","1"
"jeune hydrique gratuit","jeune","0","1"
"jeune titan go","jeune","0","1"
"jeune fille","jeune","0","1"
"jeunesse adventiste","jeune","0","1"
"compteur jeune intermittent","jeune intermittent","0","1"
"appli jeune intermittent gratuit","jeune intermittent","0","1"
"fasting jeune intermittent","jeune intermittent","0","1"
"tracker jeune intermittent","jeune intermittent","0","1"
"course a pied","course a pied","0","1"
"marche a pied","marche","0","1"
"marche tai chi gratuit","marche","0","1"
"marche adeps","marche","0","1"
"marche japonaise gratuit","marche","0","1"
"marche en direct","marche","0","1"
"marche arret automatique telephone","marche","0","1"
"marche aux affaires","marche","0","1"
"marche active gratuit","marche","0","1"
"podometre gratuit","podometre","0","1"
"podometre compteur de pas","podometre","0","1"
"podometre gps","podometre","0","1"
"podometre simple","podometre","0","1"
"podometre google","podometre","0","1"
"podometre velo gratuit","podometre","0","1"
"podometre pacer","podometre","0","1"
"podometre xiaomi","podometre","0","1"
"etirements musculaires","etirement","0","1"
"etirement pour grandir","etirement","0","1"
"etirement dos","etirement","0","1"
"etirement souplesse gratuit","etirement","0","1"
"bend etirement","etirement","0","1"
"sport etirement","etirement","0","1"
"echauffement et etirement","etirement","0","1"
"exercice d'etirement pour homme","etirement","0","1"
"respiration coherence cardiaque","respiration","0","1"
"respiration carrée","respiration","0","1"
"respiration pranique","respiration","0","1"
"respiration gratuit","respiration","0","1"
"respiration bulle","respiration","0","1"
"respiration enfant","respiration","0","1"
"respiration anti stress gratuit","respiration","0","1"
"respiration accouchement","respiration","0","1"
"sommeil tracker","sommeil","0","1"
"mon coach sommeil","sommeil","0","1"
"tracker sommeil gratuit","sommeil","0","1"
"journal sommeil","sommeil","0","1"
"suivi du sommeil","suivi du sommeil","0","1"
"rappel d'eau","rappel d eau","0","1"
"suivi des habitudes","suivi des habitudes","0","1"
"suivi quotidien des habitudes","suivi des habitudes","0","1"
"suivi des regles","suivi des regles","0","1"
"grossesse et accouchement","grossesse","0","1"
"grossesse gratuit","grossesse","0","1"
"grossesse et evolution","grossesse","0","1"
"grossesse jeux","grossesse","0","1"
"grossesse jumeaux suivi","grossesse","0","1"
"grossesse en ligne","grossesse","0","1"
"grossesse taille bebe fruit","grossesse","0","1"
"grossesse alimentation","grossesse","0","1"
"renforcement musculaire","renforcement musculaire","0","1"
"abdos homme","abdos","0","1"
"abdos femme","abdos","0","1"
"abdos pour enfants","abdos","0","1"
"abdos fessiers femme gratuit","abdos","0","1"
"abdos hypopressifs","abdos","0","1"
"abdos photo","abdos","0","1"
"abdos fille","abdos","0","1"
"abdos gainage","abdos","0","1"
"coach musculation gratuit","musculation","0","1"
"journal musculation","musculation","0","1"
"musculation tracker","musculation","0","1"
"musculation timer","musculation","0","1"
"plan de repas","plan de repas","0","1"
"recettes saines","recettes saines","0","1"
"a faire liste gratuit","a faire","0","1"
"gestionnaire de taches","gestionnaire de taches","0","1"
"planificateur voiture électrique","planificateur","0","1"
"planificateur voyage","planificateur","0","1"
"planificateur de repas gratuit","planificateur","0","1"
"planificateur de journée","planificateur","0","1"
"planificateur de mariage gratuit","planificateur","0","1"
"planificateur d'entraînement","planificateur","0","1"
"planificateur de rendez vous","planificateur","0","1"
"planificateur gratuit","planificateur","0","1"
"planning journalier","planning journalier","0","1"
"agenda journalier","agenda","0","1"
"agenda journal intime","agenda","0","1"
"journal agenda notas pdfs","agenda","0","1"
"agenda planner free","agenda","0","1"
"agenda e planner","agenda","0","1"
"calendrier menstruel","calendrier","0","1"
"calendrier google","calendrier","0","1"
"calendrier samsung","calendrier","0","1"
"calendrier partagé","calendrier","0","1"
"calendrier gratuit","calendrier","0","1"
"calendrier lunaire","calendrier","0","1"
"calendrier petanque","calendrier","0","1"
"calendrier français","calendrier","0","1"
"rappel medicament","rappel","0","1"
"rappel boire de l'eau","rappel","0","1"
"rappel de prière musulmane","rappel","0","1"
"rappel heure de prière","rappel","0","1"
"rappel automatique","rappel","0","1"
"rappel pilule","rappel","0","1"
"rappel anniversaire","rappel","0","1"
"rappel a la prière","rappel","0","1"
"concentration training","concentration","0","1"
"concentration etude","concentration","0","1"
"concentration card game","concentration","0","1"
"concentration jeu","concentration","0","1"
"concentration enfant","concentration","0","1"
"concentration app","concentration","0","1"
"concentration games","concentration","0","1"
"concentration music","concentration","0","1"
"horloge minuteur chrono","minuteur","0","1"
"horloge chronomètre minuteur alarme","minuteur","0","1"
"horloge flottante minuteur","minuteur","0","1"
"horloge reveil minuteur","minuteur","0","1"
"horloge alarme minuteur","minuteur","0","1"
"horloge avec minuteur","minuteur","0","1"
"minuteur plus workouts timer","minuteur","0","1"
"chronometre gratuit","chronometre","0","1"
"chronometre sport","chronometre","0","1"
"chronometre echec","chronometre","0","1"
"chronometre contraction","chronometre","0","1"
"chronometre flottant","chronometre","0","1"
"chronometre enfant","chronometre","0","1"
"chronometre tabata","chronometre","0","1"
"chronometre jeu","chronometre","0","1"
"liste de courses partagée","liste de courses","0","1"
"liste de courses google","liste de courses","0","1"
"liste de courses vocale","liste de courses","0","1"
"liste de courses samsung","liste de courses","0","1"
"liste de courses commune","liste de courses","0","1"
"liste de courses auchan","liste de courses","0","1"
"liste de courses bring","liste de courses","0","1"
"liste de courses français","liste de courses","0","1"
"etude biblique en profondeur","etude","0","1"
"etude biblique avec référence","etude","0","1"
"etudes bibliques approfondies","etude","0","1"
"etude au sénégal","etude","0","1"
"etude mali","etude","0","1"
"etude français","etude","0","1"
"etude de l'islam","etude","0","1"
"etude anglais","etude","0","1"
"scan de documents","scan de documents","0","1"
"suivi budget","suivi budget","0","1"
"suivi de budget","suivi budget","0","1"
"suivi des depenses","suivi des depenses","0","1"
"gestionnaire d'argent et prêt","gestionnaire d argent","0","1"
"epargne salariale","epargne","0","1"
"epargner de l'argent","epargne","0","1"
"epargne plus","epargne","0","1"
"epargne placement quebec","epargne","0","1"
"epargne entreprise","epargne","0","1"
"epargne retraite entreprise","epargne","0","1"
"epargne amundi","epargne","0","1"
"epargne automatique","epargne","0","1"
"epargner de l'argent sénégal","epargner de l argent","0","1"
"comment epargner de l'argent","epargner de l argent","0","1"
"dette d'argent","dette","0","1"
"dette en ligne","dette","0","1"
"dettes entre amis","dette","0","1"
"dettes et recouvrements","dette","0","1"
"carnet de dette","dette","0","1"
"cahier de dette","dette","0","1"
"prêt et dette","dette","0","1"
"gestion des dettes","dette","0","1"
"investir les echos","investir","0","1"
"investir dinheiro","investir","0","1"
"investir em dolar","investir","0","1"
"investir au cameroun","investir","0","1"
"investir en afrique","investir","0","1"
"investire soldi","investir","0","1"
"investir bitcoin","investir","0","1"
"investir immobilier","investir","0","1"
"actions ou vérité","actions","0","1"
"actions change app icon","actions","0","1"
"actions y stuff","actions","0","1"
"actions movies","actions","0","1"
"actions and stuff","actions","0","1"
"actions stuff texture pack","actions","0","1"
"actions and gestures","actions","0","1"
"actions app","actions","0","1"
"portefeuilles numériques","portefeuille","0","1"
"portefeuille crypto monnaie","portefeuille","0","1"
"portefeuille electronique","portefeuille","0","1"
"portefeuille google","portefeuille","0","1"
"portefeuille binance","portefeuille","0","1"
"portefeuille bitcoin","portefeuille","0","1"
"portefeuille airtm","portefeuille","0","1"
"portefeuille wallet","portefeuille","0","1"
"calculateur de pret","calculateur de pret","0","1"
"convertisseur de devises","convertisseur de devises","0","1"
"apprendre anglais","apprendre anglais","0","1"
"apprendre l'anglais américain gratuitement","apprendre anglais","0","1"
"apprendre l'anglais audio","apprendre anglais","0","1"
"apprendre l'anglais ai","apprendre anglais","0","1"
"apprendre l'anglais britannique","apprendre anglais","0","1"
"apprendre l'anglais bnr","apprendre anglais","0","1"
"apprendre l'anglais british","apprendre anglais","0","1"
"apprendre l'anglais business","apprendre anglais","0","1"
"apprendre espagnol","apprendre espagnol","0","1"
"apprendre l'espagnol audio","apprendre espagnol","0","1"
"apprendre l'espagnol facilement","apprendre espagnol","0","1"
"apprendre l'espagnol ai","apprendre espagnol","0","1"
"apprendre l'espagnol bnr","apprendre espagnol","0","1"
"apprendre l'espagnol sans connexion","apprendre espagnol","0","1"
"apprendre l'espagnol hors connexion","apprendre espagnol","0","1"
"apprendre l'espagnol en jouant","apprendre espagnol","0","1"
"apprendre le francais","apprendre le francais","0","1"
"vocabulaire français","vocabulaire","0","1"
"vocabulaire anglais","vocabulaire","0","1"
"vocabulaire espagnol","vocabulaire","0","1"
"vocabulaire allemand","vocabulaire","0","1"
"vocabulaire japonais","vocabulaire","0","1"
"vocabulaire comptable","vocabulaire","0","1"
"vocabulaire arabe","vocabulaire","0","1"
"vocabulaire biblique","vocabulaire","0","1"
"enigme mathematiques","mathematiques","0","1"
"olympiades mathematiques","mathematiques","0","1"
"jeux mathematiques","mathematiques","0","1"
"guitare tuner","guitare","0","1"
"guitare basse","guitare","0","1"
"guitare solo","guitare","0","1"
"guitare électrique","guitare","0","1"
"guitare hero","guitare","0","1"
"guitare gratuit","guitare","0","1"
"guitare apprendre","guitare","0","1"
"guitare pro","guitare","0","1"
"dessin gratuit","dessin","0","1"
"dessiner au doigt gratuit","dessin","0","1"
"dessin enfant","dessin","0","1"
"dessin manga","dessin","0","1"
"dessin ar","dessin","0","1"
"dessin animé gratuit","dessin","0","1"
"dessin animé pour enfants","dessin","0","1"
"dessin au doigt gratuit","dessin","0","1"
"apprendre a dessiner","apprendre a dessiner","0","1"
"programmation pour enfants","programmation pour enfants","0","1"
"astrologie gratuit","astrologie","0","1"
"astrologie complete","astrologie","0","1"
"astrologie malagasy","astrologie","0","1"
"astrologie ephemerides","astrologie","0","1"
"astrologie master","astrologie","0","1"
"astrologie chinoise","astrologie","0","1"
"astrologie compatibilite","astrologie","0","1"
"astrologie horoscope","astrologie","0","1"
"numerologie complete","numerologie","0","1"
"numerologie loto","numerologie","0","1"
"numerologie calculatrice","numerologie","0","1"
"numerologie gratuit","numerologie","0","1"
"numerologie deutsch kostenlos","numerologie","0","1"
"numerologie nederlands","numerologie","0","1"
"numerologie app","numerologie","0","1"
"numerologie en français gratuit","numerologie","0","1"
"suivi de l'humeur","suivi de humeur","0","1"
"sante mentale","sante mentale","0","1"
"anxiete stress gratuit","anxiete","0","1"
"bien etre numérique","bien etre","0","1"
"bien etre gratuit","bien etre","0","1"
"bien etre sexuel","bien etre","0","1"
"bien etre mental","bien etre","0","1"
"bien etrenumerique","bien etre","0","1"
"defis bien etre","bien etre","0","1"
"bien etre hcr","bien etre","0","1"
"hcr bien etre sante","bien etre","0","1"
"soins de la peau","soins de la peau","0","1"
"maquillage de la princesse","maquillage","0","1"
"maquillage photo","maquillage","0","1"
"maquillage asmr","maquillage","0","1"
"maquillage sans connexion","maquillage","0","1"
"maquillage fille","maquillage","0","1"
"maquillage animaux","maquillage","0","1"
"maquillage atfal","maquillage","0","1"
"maquillage albanaise","maquillage","0","1"
"editeur de photos","editeur de photos","0","1"
"editeur video","editeur video","0","1"
"editeur de video","editeur video","0","1"
"filtre photo","filtre photo","0","1"
"photo filtre beauté","filtre photo","0","1"
"filtre beauté photo gratuit","filtre photo","0","1"
"photo selfie filtre camera","filtre photo","0","1"
"filtre cartoon photo gratuit","filtre photo","0","1"
"filtre camera photo","filtre photo","0","1"
"filtre de photo","filtre photo","0","1"
"photo et filtre","filtre photo","0","1"
"photo de profil","photo de profil","0","1"
"ameliorer photo","ameliorer photo","0","1"
"ameliorer les photos","ameliorer photo","0","1"
"ameliorer la qualité photo","ameliorer photo","0","1"
"ameliorer une photo","ameliorer photo","0","1"
"restaurer les photos anciennes","restaurer anciennes photos","0","1"
"restaurer photos anciennes gratuit","restaurer anciennes photos","0","1"
"restaurer des photos anciennes","restaurer anciennes photos","0","1"
"video reels editor","video reels","0","1"
"video maker reels app","video reels","0","1"
"video to reels converter","video reels","0","1"
"video editor for reels","video reels","0","1"
"fb reels video editor","video reels","0","1"
"video reels maker app","video reels","0","1"
"muse reels video editor","video reels","0","1"
"ai reels video maker","video reels","0","1"
"scanner qr pro","scanner qr","0","1"
"scanner qr code free","scanner qr","0","1"
"scanner qr and barcode","scanner qr","0","1"
"scanner qr app free","scanner qr","0","1"
"scanner qr sin anuncios","scanner qr","0","1"
"qr y barcode scanner","scanner qr","0","1"
"qr s barcode scanner","scanner qr","0","1"
"qr dan barcode scanner","scanner qr","0","1"
"lecteur de code-barres","lecteur de code barres","0","1"
"nettoyeur android gratuit","nettoyeur","0","1"
"nettoyeur de téléphone","nettoyeur","0","1"
"nettoyeur de haut parleur","nettoyeur","0","1"
"nettoyeur gratuit","nettoyeur","0","1"
"nettoyeur whatsapp","nettoyeur","0","1"
"nettoyeur xiaomi","nettoyeur","0","1"
"nettoyeur de virus","nettoyeur","0","1"
"nettoyeur tablette android gratuit","nettoyeur","0","1"
"calculatrice samsung","calculatrice","0","1"
"calculatrice scientifique","calculatrice","0","1"
"calculatrice application","calculatrice","0","1"
"calculatrice google","calculatrice","0","1"
"calculatrice photo caché","calculatrice","0","1"
"calculatrice simple","calculatrice","0","1"
"calculatrice vault","calculatrice","0","1"
"calculatrice iphone","calculatrice","0","1"
"convertisseur monnaie","convertisseur","0","1"
"convertisseur vidéo en audio","convertisseur","0","1"
"convertisseur pdf gratuit","convertisseur","0","1"
"convertisseur pdf en word","convertisseur","0","1"
"convertisseur video tout format","convertisseur","0","1"
"convertisseur audio tout format","convertisseur","0","1"
"convertisseur argent","convertisseur","0","1"
"convertisseur audio en instrumental","convertisseur","0","1"
"regles calendrier","regle","0","1"
"regle mesure cm","regle","0","1"
"regles menstruel et ovulation","regle","0","1"
"reglette refrigerant danfoss","regle","0","1"
"regles menstruel gratuit","regle","0","1"
"regler guitare","regle","0","1"
"reglement de discipline militaire","regle","0","1"
"regle ado","regle","0","1"
"boussole gratuite","boussole","0","1"
"boussole gratuit en français","boussole","0","1"
"boussole original gratuit","boussole","0","1"
"boussole qibla","boussole","0","1"
"boussole sans connexion","boussole","0","1"
"boussole et altimètre gratuit","boussole","0","1"
"boussole gps","boussole","0","1"
"boussole simple","boussole","0","1"
"lampe de poche","lampe de poche","0","1"
"traducteur anglais francais","traducteur","0","1"
"traducteur vocal gratuit","traducteur","0","1"
"traducteur gratuit","traducteur","0","1"
"traducteur français anglais gratuit","traducteur","0","1"
"traducteur francais espagnol","traducteur","0","1"
"traducteur français italien","traducteur","0","1"
"traducteur d'écran","traducteur","0","1"
"traducteur ia","traducteur","0","1"
"traduction de langue","traduction","0","1"
"traduction français anglais","traduction","0","1"
"traduction vocale","traduction","0","1"
"traduction espagnol français","traduction","0","1"
"traduction français arabe","traduction","0","1"
"traduction francais creole","traduction","0","1"
"traduction malagasy francais","traduction","0","1"
"traduction photo","traduction","0","1"
"clavier google","clavier","0","1"
"clavier français","clavier","0","1"
"clavier arabe gratuit","clavier","0","1"
"clavier iphone","clavier","0","1"
"clavier samsung","clavier","0","1"
"clavier dada","clavier","0","1"
"clavier microsoft swiftkey","clavier","0","1"
"clavier emoji","clavier","0","1"
"polices d'écriture","polices","0","1"
"polices ecritures gratuites","polices","0","1"
"polices de téléphone","polices","0","1"
"polices des enfants","polices","0","1"
"polices gratuites","polices","0","1"
"polices de caractères","polices","0","1"
"polices iphone","polices","0","1"
"polices élégantes","polices","0","1"
"fond d'ecran","fond d ecran","0","1"
"fond d ecran meteo","fond d ecran","0","1"
"themie fond d ecran","fond d ecran","0","1"
"sonnerie téléphone","sonnerie","0","1"
"sonnerie iphone","sonnerie","0","1"
"sonnerie gratuite a telecharger","sonnerie","0","1"
"sonnerie islamique","sonnerie","0","1"
"sonnerie samsung","sonnerie","0","1"
"sonnerie sms","sonnerie","0","1"
"sonneries animaux","sonnerie","0","1"
"sonnerie animaux","sonnerie","0","1"
"alarme horloge","alarme","0","1"
"horloge alarme samsung","alarme","0","1"
"alarme logan","alarme","0","1"
"horloge alarme xiaomi","alarme","0","1"
"alarme e relogio","alarme","0","1"
"horloge samsung","horloge","0","1"
"horloge fond d'écran","horloge","0","1"
"horloge gratuit","horloge","0","1"
"horloge google","horloge","0","1"
"horloge widget","horloge","0","1"
"horloge lock","horloge","0","1"
"horloge analogique","horloge","0","1"
"horloge mondiale","horloge","0","1"
"gestionnaire de fichiers","gestionnaire de fichiers","0","1"
"authentificateur google","authentificateur","0","1"
"authentificateur steam guard","authentificateur","0","1"
"authentificateur microsoft","authentificateur","0","1"
"authentificateur gratuit","authentificateur","0","1"
"authentificateur tiktok","authentificateur","0","1"
"authentificateur safeauth","authentificateur","0","1"
"authentificateur app","authentificateur","0","1"
"authentificateur lastpass","authentificateur","0","1"
"vitesse internet","vitesse internet","0","1"
"vitesse de connexion internet","vitesse internet","0","1"
"batterie annonceur","batterie","0","1"
"batterie instrument","batterie","0","1"
"batterie sound notifications","batterie","0","1"
"batterie charge","batterie","0","1"
"batterie widget","batterie","0","1"
"batterie life","batterie","0","1"
"batterie economiseur","batterie","0","1"
"batterie iphone","batterie","0","1"
"coloriage par numéros","coloriage","0","1"
"coloriage enfant","coloriage","0","1"
"coloriage numéroté adulte gratuit","coloriage","0","1"
"coloriage adulte","coloriage","0","1"
"coloriage manga","coloriage","0","1"
"coloriage disney","coloriage","0","1"
"coloriage pixel","coloriage","0","1"
"coloriage cozy","coloriage","0","1"
"coloriage pour adultes","coloriage pour adultes","0","1"
"peinture par numero","peinture","0","1"
"peinture de diamant","peinture","0","1"
"peinture enfant","peinture","0","1"
"peinture mur maison test","peinture","0","1"
"peinture decoration murale","peinture","0","1"
"peinture bâtiment","peinture","0","1"
"peinture maison simulation","peinture","0","1"
"peinture téléphone","peinture","0","1"
"ia chatgpt","ia chat","0","1"
"ia chat bot","ia chat","0","1"
"ia chat personajes","ia chat","0","1"
"ia chat anime","ia chat","0","1"
"ia chat rp","ia chat","0","1"
"ia chat character","ia chat","0","1"
"ia chatbot nova","ia chat","0","1"
"ia chat ask","ia chat","0","1"
"compagnon ia","compagnon ia","0","1"
"sweet ia compagnon virtuel","compagnon ia","0","1"
"amie ia","amie ia","0","1"
"ia petite amie virtuel","amie ia","0","1"
"art ia swap","art ia","0","1"
"art ia photo","art ia","0","1"
"eonia art ia","art ia","0","1"
"galerie d'art ia","art ia","0","1"
"insta art ia","art ia","0","1"
"open art ia","art ia","0","1"
"pika art ia","art ia","0","1"
"pics art ia","art ia","0","1"
"image ia","image ia","0","1"
"ia bing image creator","image ia","0","1"
"chatgpt ia image","image ia","0","1"
"ia generateur d'image couple","image ia","0","1"
"ia create image","image ia","0","1"
"ia generateur d'image gratuit","image ia","0","1"
"ia generateur d'image x","image ia","0","1"
"ia image en vidéo","image ia","0","1"
"editor de video ia","video ia","0","1"
"video ia editor","video ia","0","1"
"video generator flux ia","video ia","0","1"
"video generator flix ia","video ia","0","1"
"video ia generator","video ia","0","1"
"video ia maker","video ia","0","1"
"ia foto video maker","video ia","0","1"
"ia photo video maker","video ia","0","1"
"lecteur musique","lecteur musique","0","1"
"lecteur de musique bleu","lecteur musique","0","1"
"lecteur partition musique gratuit","lecteur musique","0","1"
"lecteur et telechargeur musique","lecteur musique","0","1"
"ameliorateur audio","ameliorateur audio","0","1"
"accordeur guitare","accordeur guitare","0","1"
"accordeur de guitare électrique","accordeur guitare","0","1"
"accordeur de guitare acoustique","accordeur guitare","0","1"
"accordeur de guitare solo","accordeur guitare","0","1"
"accordeur gratuit pour guitare","accordeur guitare","0","1"
"accordeur de guitare liketones","accordeur guitare","0","1"
"accordeur pro guitare tuner","accordeur guitare","0","1"
"accorder guitare","accorder","0","1"
"accorder ukulele","accorder","0","1"
"accorder piano","accorder","0","1"
"accorder basse","accorder","0","1"
"accorder ma guitare","accorder","0","1"
"accorder batterie","accorder","0","1"
"comment accorder une guitare","accorder","0","1"
"comment accorder sa guitare","accorder","0","1"
"changeur de voix","changeur de voix","0","1"
"editeur audio","editeur audio","0","1"
"sons de sommeil","sons de sommeil","0","1"
"bruit blanc gratuit","bruit blanc","0","1"
"bruit blanc bebe","bruit blanc","0","1"
"bruit blanc pour sommeil","bruit blanc","0","1"
"bruit blanc acouphene gratuit","bruit blanc","0","1"
"bruit blanc ventilateur","bruit blanc","0","1"
"bruit blanc bébé gratuit","bruit blanc","0","1"
"bruit blanc aspirateur","bruit blanc","0","1"
"bruit blanc pour bebe","bruit blanc","0","1"
"sons de pluie","sons de pluie","0","1"
"recettes africaine","recettes","0","1"
"recettes airfryer","recettes","0","1"
"recettes asiatiques","recettes","0","1"
"recettes anti inflammatoire","recettes","0","1"
"recettes bébé","recettes","0","1"
"recettes blender","recettes","0","1"
"recettes pour bebe","recettes","0","1"
"recettes ig bas","recettes","0","1"
"cuisine en folie","cuisine","0","1"
"cuisine jeux gratuit","cuisine","0","1"
"cuisinez pour bebe","cuisine","0","1"
"cuisine az","cuisine","0","1"
"cuisine ivoirienne","cuisine","0","1"
"cuisine actuelle","cuisine","0","1"
"cuisine africaine","cuisine","0","1"
"cuisine asiatique","cuisine","0","1"
"planificateur de repas semaine","planificateur de repas","0","1"
"menus planificateur de repas","planificateur de repas","0","1"
"recettes air fryer moulinex","recettes air fryer","0","1"
"cosori air fryer recettes","recettes air fryer","0","1"
"air fryer philips recettes","recettes air fryer","0","1"
"vegetarien scan","vegetarien","0","1"
"vegetarien suivi","vegetarien","0","1"
"recette vegetarienne","vegetarien","0","1"
"cuisine vegetarienne","vegetarien","0","1"
"cafe astrology app","cafe","0","1"
"cafe finder","cafe","0","1"
"cafe or coffee tracker","cafe","0","1"
"cafe tracker","cafe","0","1"
"planificateur de voyage gratuit","planificateur de voyage","0","1"
"itineraire velo","itineraire","0","1"
"itineraire michelin gratuit","itineraire","0","1"
"itineraire pieton gratuit","itineraire","0","1"
"itineraire voyage","itineraire","0","1"
"itineraire course a pied","itineraire","0","1"
"itineraire camping car","itineraire","0","1"
"itineraire a pied gratuit","itineraire","0","1"
"itineraire voiture electrique","itineraire","0","1"
"suivi de vol gratuit","suivi de vol","0","1"
"suivi de vol d'avion","suivi de vol","0","1"
"randonnees pédestre gratuit","randonnee","0","1"
"randonnee velo","randonnee","0","1"
"randonnee decathlon","randonnee","0","1"
"randonnee biblique","randonnee","0","1"
"randonnee gratuit","randonnee","0","1"
"randonnee vosges","randonnee","0","1"
"randonnee suisse","randonnee","0","1"
"randonnee ardeche","randonnee","0","1"
"suivi bebe","suivi bebe","0","1"
"suivi biberon bebe","suivi bebe","0","1"
"suivi repas bebe","suivi bebe","0","1"
"suivi de bebe","suivi bebe","0","1"
"suivi poids bebe","suivi bebe","0","1"
"nouveau netflix","nouveau ne","0","1"
"nouveau hello neighbor","nouveau ne","0","1"
"allaitement maternel suivi","allaitement","0","1"
"allaitement gratuit","allaitement","0","1"
"tire allaitement","allaitement","0","1"
"appli allaitement","allaitement","0","1"
"mon bébé allaitement maternel","allaitement","0","1"
"courbe oms allaitement","allaitement","0","1"
"milky allaitement","allaitement","0","1"
"allaitement suivi","allaitement","0","1"
"jeux pour enfants","jeux pour enfants","0","1"
"jeux biblique pour enfants","jeux pour enfants","0","1"
"jeux d'enquête pour enfants","jeux pour enfants","0","1"
"jeux pour grands enfants","jeux pour enfants","0","1"
"jeux d'hôpital pour enfants","jeux pour enfants","0","1"
"jeux d'habillage pour enfants","jeux pour enfants","0","1"
"jeux d'horreur pour enfants","jeux pour enfants","0","1"
"jeux d'orthographe pour enfants","jeux pour enfants","0","1"
"jeux tout petit","jeux tout petit","0","1"
"jeux pour tout petit","jeux tout petit","0","1"
"planning familial","planning familial","0","1"
"design interieur","design interieur","0","1"
"interieur design game","design interieur","0","1"
"archo design d interieur","design interieur","0","1"
"menage de maison organisation","menage","0","1"
"menage a domicile","menage","0","1"
"menage et tache menagere","menage","0","1"
"menage jeux","menage","0","1"
"menage a soccer squad","menage","0","1"
"menage apps","menage","0","1"
"calendrier menage","menage","0","1"
"chrono menage","menage","0","1"
"jardin des mots gratuit","jardin","0","1"
"jardin mental","jardin","0","1"
"jardin granny","jardin","0","1"
"jardiner avec la lune","jardin","0","1"
"jardin de marqueyssac","jardin","0","1"
"jardin public russe","jardin","0","1"
"jardinage potager gratuit","jardin","0","1"
"jardin d'acclimatation paris","jardin","0","1"
"bricolage dz","bricolage","0","1"
"bricolage maroc","bricolage","0","1"
"bricolage entre voisins","bricolage","0","1"
"bricolage jeux","bricolage","0","1"
"bricolage en papier","bricolage","0","1"
"bricolage enfant","bricolage","0","1"
"bricolage maison gratuit","bricolage","0","1"
"bricolage bois","bricolage","0","1"
"education chien gratuit","education chien","0","1"
"chiot flasher","chiot","0","1"
"chiot youtube","chiot","0","1"
"éducation chiot","chiot","0","1"
"jeux de chiots","chiot","0","1"
"un chiot","chiot","0","1"
"jeu de chiot","chiot","0","1"
"simulateur de chiot","chiot","0","1"
"dressage chiot","chiot","0","1"
"chat gpt","chat","0","1"
"chat ia","chat","0","1"
"chat video","chat","0","1"
"chat alternative","chat","0","1"
"chat ai","chat","0","1"
"chat google","chat","0","1"
"chat live","chat","0","1"
"chat random","chat","0","1"
"soins animaux","soins animaux","0","1"
"versets bibliques","versets bibliques","0","1"
"priere musulman","priere","0","1"
"priere catholique en français","priere","0","1"
"prieres horaires maroc","priere","0","1"
"prieres horaires algerie","priere","0","1"
"priere de protection","priere","0","1"
"prieres inspirées","priere","0","1"
"priere de combat spirituel","priere","0","1"
"priere algerie","priere","0","1"
"pleine conscience","pleine conscience","0","1"
"signification des reves","signification des reves","0","1"
"phases de la lune","phases de la lune","0","1"
"football live","football","0","1"
"football manager","football","0","1"
"football strike","football","0","1"
"football career","football","0","1"
"football ai","football","0","1"
"football application","football","0","1"
"football apps","football","0","1"
"football al","football","0","1"
"soccer star","soccer","0","1"
"soccer hero","soccer","0","1"
"soccer champs","soccer","0","1"
"soccer legend","soccer","0","1"
"soccer league","soccer","0","1"
"soccer games","soccer","0","1"
"soccer real","soccer","0","1"
"soccer stickman","soccer","0","1"
"basketball ai coach","basketball","0","1"
"basketball board coach","basketball","0","1"
"basketball coach board","basketball","0","1"
"basketball coaching","basketball","0","1"
"basketball editor picture mvp","basketball","0","1"
"basketball head coach","basketball","0","1"
"basketball ia coach","basketball","0","1"
"basketball jersey maker editor","basketball","0","1"
"velo toulouse","velo","0","1"
"velo jeux","velo","0","1"
"velox ai","velo","0","1"
"velora app","velo","0","1"
"velora fast connect","velo","0","1"
"velo poker","velo","0","1"
"velocity lapse","velo","0","1"
"velo planner","velo","0","1"
"peche en mer","peche","0","1"
"peche de poisson","peche","0","1"
"peche quebec","peche","0","1"
"peche a la carpe","peche","0","1"
"peche maroc","peche","0","1"
"peche et vie","peche","0","1"
"peche sous marine","peche","0","1"
"peche ge","peche","0","1"
"courses de voitures","course","0","1"
"course de voiture mission","course","0","1"
"course moto","course","0","1"
"courses u","course","0","1"
"course de vélo","course","0","1"
"courses de dragsters","course","0","1"
"course tom","course","0","1"
"course a la mort","course","0","1"
"cv maker","cv","0","1"
"cv docscanner","cv","0","1"
"cv generator app","cv","0","1"
"cv generator free","cv","0","1"
"cv resume maker app","cv","0","1"
"cv resume editor","cv","0","1"
"cv research mayo clinic","cv","0","1"
"cv scanner app","cv","0","1"
"creation cv","creation cv","0","1"
"cv creation app","creation cv","0","1"
"creation de cv","creation cv","0","1"
"lettre de motivation","lettre de motivation","0","1"
"createur de logo","createur de logo","0","1"
"carte de visite","carte de visite","0","1"
"suivi du temps","suivi du temps","0","1"
"inventaire stock gratuit","inventaire","0","1"
"inventaire maison","inventaire","0","1"
"inventaire alimentaire","inventaire","0","1"
"inventaire gratuit","inventaire","0","1"
"inventaire frigo","inventaire","0","1"
"inventaire facile","inventaire","0","1"
"inventaire pro","inventaire","0","1"
"inventaire congelateur","inventaire","0","1"
"entretien voiture","entretien voiture","0","1"
"entretien de voiture","entretien voiture","0","1"
"consommation carburant","consommation carburant","0","1"
"test de conduite","test de conduite","0","1"
"stationnement paris","stationnement","0","1"
"stationnement lyon","stationnement","0","1"
"stationnement de voiture","stationnement","0","1"
"stationnement handicapé","stationnement","0","1"
"stationnement quebec","stationnement","0","1"
"stationnement camping car","stationnement","0","1"
"stationnement bruxelles","stationnement","0","1"
"stationnement marseille","stationnement","0","1"
"meteo et horloge transparent","meteo","0","1"
"meteo et horloge widget","meteo","0","1"
"meteo horloge","meteo","0","1"
"meteo transparent et horloge","meteo","0","1"
"meteo e orologio widget","meteo","0","1"
"radar de pluie","radar de pluie","0","1"
"qualite de l'air","qualite de l air","0","1"
"suivi de lecture","suivi de lecture","0","1"
"resume de livre","resume de livre","0","1"
"bibliotheque livre","bibliotheque","0","1"
"bibliotheque de l'evangile","bibliotheque","0","1"
"bibliotheque calibre","bibliotheque","0","1"
"bibliotheque film","bibliotheque","0","1"
"bibliotheque musique","bibliotheque","0","1"
"bibliotheque montreal","bibliotheque","0","1"
"bnf bibliotheque","bibliotheque","0","1"
"bibliotheque de livre","bibliotheque","0","1"
"planificateur de mariage","planificateur de mariage","0","1"